timestamp_utc,session_id,mode,symbol,quote_to_usdt,best_bid,best_ask,mid_usdt,spread_bps,update_id,bookticker_bid,bookticker_ask,depth_events,agg_trades,bid_add_1pct_usd,ask_add_1pct_usd,bid_remove_1pct_usd,ask_remove_1pct_usd,taker_sell_quote_usd,taker_buy_quote_usd,bid_depth_25bps_usd,ask_depth_25bps_usd,bid_depth_50bps_usd,ask_depth_50bps_usd,bid_depth_100bps_usd,ask_depth_100bps_usd,bid_depth_200bps_usd,ask_depth_200bps_usd
2026-10-08T02:02:45.705185+00:00,obs-20261007-01,LIGHT,PEPEUSDT,1.0,4.09e-06,4.1e-06,4.095e-06,24.449877750611915,8828071801,,,0,0,0.0,0.0,0.0,0.0,0.0,0.0,145415.51023955998,80274.7003323,302870.61519875994,285659.53709247,576416.4036681099,735578.81567544,899179.1632987799,1684113.4033455101
2026-10-08T02:02:45.705185+00:00,obs-20261007-01,LIGHT,BNBUSDT,1.0,773.02,773.03,773.025,0.12936275904928962,20910805235,,,1,0,0.0,0.0,0.0,0.0,0.0,0.0,643509.7754899997,708220.7124600002,1204147.3676899993,1637163.137850001,2791454.171019999,3498566.937270004,5539390.453360003,4908904.033550008
2026-10-08T02:02:45.705185+00:00,obs-20261007-01,LIGHT,AAVEUSDT,1.0,174.25,174.26,174.255,0.5738880918215727,10440127480,,,0,0,0.0,0.0,0.0,0.0,0.0,0.0,109819.59435999997,106090.36164000002,197550.67988999997,158068.0310100001,333991.39224,194852.32179000013,407126.3402399997,233384.75071000005
2026-10-08T02:02:45.705185+00:00,obs-20261007-01,LIGHT,AVAXUSDT,1.0,11.101,11.102,11.101500000000001,0.9008197459681178,10521042609,,,0,0,0.0,0.0,0.0,0.0,0.0,0.0,176774.08138999995,180130.5027,353626.799,261029.15378000008,438698.02014,295739.7921800001,565063.96255,392255.4111099998
2026-10-08T02:02:45.705185+00:00,obs-20261007-01,LIGHT,FILUSDT,1.0,1.0674,1.0675,1.06745,0.9368559115596753,9895957735,,,0,0,0.0,0.0,0.0,0.0,0.0,0.0,93852.220036,87151.75411799998,185534.984147,164556.815041,298210.5746129998,192716.75366399996,399884.31222499965,266969.079613
2026-10-08T02:02:45.705185+00:00,obs-20261007-01,LIGHT,ALGOUSDT,1.0,0.1183,0.1184,0.11835000000000001,8.453085376163294,5664612162,,,0,0,0.0,0.0,0.0,0.0,0.0,0.0,61769.451100000006,14437.7424,115560.3055,41219.2429,153064.5654,88219.63429999999,182914.16089999996,100682.38529999998
2026-10-08T02:02:45.705185+00:00,obs-20261007-01,LIGHT,XRPUSDT,1.0,1.4243,1.4244,1.42435,0.7020992768391743,26678693848,,,0,0,0.0,0.0,0.0,0.0,0.0,0.0,1132025.06964,1303279.70319,1642430.74886,1583710.7598000003,2287218.9088600003,2423013.002690001,3798454.5067800004,3691205.7236499996
2026-10-08T02:02:45.705185+00:00,obs-20261007-01,LIGHT,HBARUSDT,1.0,0.09305,0.09306,0.093055,1.0746910263303988,8393518770,,,0,0,0.0,0.0,0.0,0.0,0.0,0.0,140318.43519999998,114559.96225,311187.05731,219348.32819999996,450250.0956100001,364945.56620999996,831414.8514400003,723184.1735200002
2026-10-08T02:03:45.711593+00:00,obs-20261007-01,LIGHT,PEPEUSDT,1.0,4.1e-06,4.11e-06,4.105e-06,24.390243902439046,8828072738,4.1e-06,4.11e-06,205,24,359122.93332566007,543274.0759682199,230371.74161491002,610613.3830357601,4699.4882938499995,15565.97709691,86305.70853739999,144715.55920617,270062.08590774,467896.94852861005,552112.80085574,1128911.00615808,832126.4102618,1655419.7215558998
2026-10-08T02:03:45.711593+00:00,obs-20261007-01,LIGHT,BNBUSDT,1.0,773.07,773.08,773.075,0.12935439222871992,20910810682,773.07,773.08,483,91,3070286.928849998,2823793.5738400007,2651264.826419999,2582847.04354,5823.905879999999,2854.6689800000004,831743.5269000003,867543.3197500003,1487236.8300400004,1817215.4361500007,3211497.876899996,3739764.879480003,5838053.842879999,5120879.471500008
2026-10-08T02:03:45.711593+00:00,obs-20261007-01,LIGHT,AAVEUSDT,1.0,174.47,174.48,174.475,0.5731644408779601,10440131683,174.47,174.48,379,70,2650110.521020001,450054.9234500003,2660493.356540002,463520.11690000014,532.9465200000001,8880.52589,97003.98287,96868.51454000003,193549.62451000005,141597.94102,311311.14207000006,193976.82217,385457.1709999998,240497.16800999996
2026-10-08T02:03:45.711593+00:00,obs-20261007-01,LIGHT,AVAXUSDT,1.0,11.104,11.105,11.1045,0.9005763688763047,10521048028,11.105,11.106,447,70,853508.8213399998,1683978.2156400003,855248.0267099998,1700137.5865099998,5622.0046,4939.550339999998,166098.51859000002,183607.89962,318531.15328,254504.77137000006,436879.22951999994,279615.7446900001,561795.6355300002,377115.90284999984
2026-10-08T02:03:45.711593+00:00,obs-20261007-01,LIGHT,FILUSDT,1.0,1.068,1.0682,1.0681,1.872659176029856,9895960301,1.068,1.0682,401,28,307843.67160500004,236927.16704400012,298859.4168600002,249338.79120199996,741.773807,2433.517674,81234.27497099999,99197.459953,176756.04666500006,157108.58928899997,293897.56951999996,184377.82689099995,392927.74967399996,254716.27415199985
2026-10-08T02:03:45.711593+00:00,obs-20261007-01,LIGHT,ALGOUSDT,1.0,0.1184,0.1185,0.11845,8.445945945945166,5664612795,0.1184,0.1185,159,10,77056.96989999997,117979.47280000002,69169.7818,120536.61179999998,107.71499999999999,138.05440000000002,48420.2584,23463.865599999997,118402.20859999998,56486.623499999994,152317.0435,87374.0909,183514.72239999994,98212.46389999999
2026-10-08T02:03:45.711593+00:00,obs-20261007-01,LIGHT,XRPUSDT,1.0,1.4244,1.4245,1.4244500000000002,0.702049985958908,26678697769,1.4244,1.4245,474,59,2184395.676180001,2051538.1081599994,2048805.9747900004,2141540.3419999997,34869.88626,47587.30571,1232315.4411900002,1274843.86118,1767806.19951,1493807.8804100002,2422689.4483500007,2334571.4709000005,3926907.5895600007,3602241.4357699994
2026-10-08T02:03:45.711593+00:00,obs-20261007-01,LIGHT,HBARUSDT,1.0,0.09319,0.0932,0.093195,1.0730765103561524,8393521960,0.09319,0.0932,416,37,1254985.7349199997,533931.74099,1226002.1125599998,557518.81507,1913.0813999999998,2478.4154599999983,139960.36543,127492.18664000001,293077.67302000005,200522.30942,477092.5626700002,352541.69409,853778.1363300005,703849.5751400003
2026-10-08T02:04:45.713577+00:00,obs-20261007-01,LIGHT,PEPEUSDT,1.0,4.1e-06,4.11e-06,4.105e-06,24.390243902439046,8828073253,4.1e-06,4.11e-06,124,18,63168.35601603999,295940.76208426,53186.05157321,300362.7194229299,538.6702713,2419.1654074200005,98464.4767189,139886.64412595998,280400.17063822,463538.89846339996,562095.10529857,1124489.04881941,845686.92243753,1644268.4902309899
2026-10-08T02:04:45.713577+00:00,obs-20261007-01,LIGHT,BNBUSDT,1.0,773.12,773.13,773.125,0.12934602648950744,20910813387,773.12,773.13,393,45,2046760.17237,1471105.7000899997,2062134.2674699998,1457459.0485799997,7072.069120000001,10630.424260000002,839851.3088199998,867165.4899300002,1449047.19466,1827271.7046800002,3195769.4143299954,3753529.435400002,5812171.412089999,5134815.389730007
2026-10-08T02:04:45.713577+00:00,obs-20261007-01,LIGHT,AAVEUSDT,1.0,174.47,174.48,174.475,0.5731644408779601,10440135865,174.47,174.48,352,115,1586396.4854399993,498708.38293000037,1574187.1767899997,486147.86315,45905.63358,27919.771689999998,115815.08595,97753.94878,205287.6158000001,142667.96917999996,316012.62990000023,203381.4952099999,387140.84450999997,253076.5563199999
2026-10-08T02:04:45.713577+00:00,obs-20261007-01,LIGHT,AVAXUSDT,1.0,11.092,11.093,11.092500000000001,0.9015506671472551,10521051087,11.092,11.093,335,38,586769.56454,1194195.6857300005,627417.75623,1153620.1656700005,5478.747649999999,557.0359699999999,155691.13128,179819.34218,328842.97631999996,265634.41815000004,396580.1530499999,320009.2106800001,522900.4259999999,417141.0286199998
2026-10-08T02:04:45.713577+00:00,obs-20261007-01,LIGHT,FILUSDT,1.0,1.0674,1.0676,1.0675,1.8737118231237915,9895962486,1.0674,1.0676,348,23,307779.14274400007,202864.86168000003,319007.75072700006,183767.64346300004,1036.206676,1661.8419119999999,89039.51259899998,88799.24408199999,192659.34086099998,166264.999525,287030.88277599984,203452.21607999995,380302.7978199999,277713.65382999985
2026-10-08T02:04:45.713577+00:00,obs-20261007-01,LIGHT,ALGOUSDT,1.0,0.1184,0.1185,0.11845,8.445945945945166,5664613749,0.1184,0.1185,176,3,119504.93379999994,139529.97269999993,121279.26930000001,136129.50859999997,7288.2234,427.1925,54809.849500000004,18997.6022,121455.1929,55380.4196,149843.3654,90774.555,180482.40009999994,103297.84239999998
2026-10-08T02:04:45.713577+00:00,obs-20261007-01,LIGHT,XRPUSDT,1.0,1.4242,1.4243,1.4242499999999998,0.7021485746383505,26678700677,1.4242,1.4243,394,39,1192206.3443200004,1204565.40398,1319686.35572,1107926.78993,19679.261690000003,14977.64383,1176045.8515000003,1237819.1450299998,1665884.0508900005,1592419.1932899999,2295309.701150001,2431621.20503,3794842.50409,3699740.8232799987
2026-10-08T02:04:45.713577+00:00,obs-20261007-01,LIGHT,HBARUSDT,1.0,0.09328,0.09329,0.093285,1.0720411663811547,8393524687,0.09328,0.09329,333,70,1393337.8568900002,465716.1987400005,1384518.3675599992,455586.77904000017,8118.540149999994,6543.52768,140648.78958999997,133684.9531,273504.86129,224556.50751999998,477707.31080999994,364708.10372,857061.1588300001,718849.7288900001
2026-10-08T02:05:45.724260+00:00,obs-20261007-01,LIGHT,PEPEUSDT,1.0,4.09e-06,4.1e-06,4.095e-06,24.449877750611915,8828074185,4.09e-06,4.1e-06,158,23,305039.85071045,497597.8626233799,361614.9185581801,362521.89122464997,14044.102482679999,1429.2861698,126837.69329368,117895.23510309999,297511.33809256,309017.11362375994,577836.1112653,788849.1062564999,902592.44345896,1709870.69684112
2026-10-08T02:05:45.724260+00:00,obs-20261007-01,LIGHT,BNBUSDT,1.0,772.83,772.84,772.835,0.12939456284000173,20910817137,772.83,772.84,350,56,1873898.5916100002,2127484.60158,1930489.04406,2053959.6644000008,11040.529309999998,9596.0865,831579.7176499999,900188.7734000003,1441219.8212199996,1889710.7788300014,3144004.4592999984,3825621.034880002,5763086.113329999,5196642.610010006
2026-10-08T02:05:45.724260+00:00,obs-20261007-01,LIGHT,AAVEUSDT,1.0,174.11,174.12,174.115,0.574349549136155,10440140371,174.11,174.12,323,62,2249198.0286700004,457804.06560000026,2284954.2928599995,444061.5745400001,3179.84805,3863.7323600000004,70658.92846,90529.57544999999,155238.50788,143381.11866999994,300417.08339999994,189381.18380999996,359258.8561899998,239610.10194999987
2026-10-08T02:05:45.724260+00:00,obs-20261007-01,LIGHT,AVAXUSDT,1.0,11.076,11.077,11.0765,0.902853015527505,10521055269,11.076,11.077,361,52,635949.0460199997,1484913.3692399997,655604.6912799998,1457814.4430500001,1160.9695399999998,1262.09543,243085.05150999996,167985.2009,331380.57249,268478.77645,412866.2760199998,343314.5751200002,505144.0185199998,421575.7042700001
2026-10-08T02:05:45.724260+00:00,obs-20261007-01,LIGHT,FILUSDT,1.0,1.0673,1.0676,1.06745,2.8108310690555527,9895965067,1.0673,1.0676,310,34,271997.63442899997,231752.54028399984,278339.43766799994,233069.78118200006,1116.170492,5380.545106000001,93701.354562,85433.724365,190586.18742600002,162529.58920900003,280689.07953699987,202134.97518199997,373960.99579299986,276396.41293199983
2026-10-08T02:05:45.724260+00:00,obs-20261007-01,LIGHT,ALGOUSDT,1.0,0.1183,0.1184,0.11835000000000001,8.453085376163294,5664614447,0.1183,0.1184,145,11,61245.59869999998,107119.57919999996,67255.5402,103709.09210000001,2385.0496000000003,36.616499999999995,61980.7264,14807.321899999999,116144.40779999999,50597.6753,152511.61509999997,93906.8525,182226.72749999992,106621.01899999997
2026-10-08T02:05:45.724260+00:00,obs-20261007-01,LIGHT,XRPUSDT,1.0,1.4229,1.423,1.4229500000000002,0.7027900766032324,26678705116,1.4229,1.423,384,80,2366829.057289998,2893012.9260200006,2575710.93403,2818843.8054200006,77939.82497,32121.560589999997,1101699.2455499999,1356051.6663300004,1446581.3914699994,1661646.0067700006,2158077.5076699997,2493855.4605300007,3613908.6688699997,3739071.19963
2026-10-08T02:05:45.724260+00:00,obs-20261007-01,LIGHT,HBARUSDT,1.0,0.0932,0.09321,0.09320500000000001,1.072961373389525,8393526567,0.0932,0.09321,271,21,442197.14987,332510.7168899999,479655.07306999975,324521.95952999993,2498.36703,2144.90651,126469.51834000004,128540.66243999997,268656.79451000004,224582.95386999997,443868.5155700001,370659.87114999996,819940.6483000001,725381.7668900001
2026-10-08T02:06:45.749759+00:00,obs-20261007-01,LIGHT,PEPEUSDT,1.0,4.09e-06,4.1e-06,4.095e-06,24.449877750611915,8828074731,4.09e-06,4.1e-06,183,13,478769.20238587004,165694.90666024003,497229.3488115201,186096.37979775,10415.19153582,3796.8678488999994,80913.59504038999,138298.0807856,277005.79259446997,302856.51738521,559375.96483965,768447.6331189901,892206.1747045399,1689471.6737033501
2026-10-08T02:06:45.749759+00:00,obs-20261007-01,LIGHT,BNBUSDT,1.0,772.46,772.47,772.465,0.12945654143781127,20910822094,772.46,772.47,396,115,2494662.7448099977,3225930.531759999,2499172.92081,3395581.9507199996,36972.88721,23415.014240000008,862635.2577799999,795915.3912900002,1455628.3631899995,1778542.7730400003,3594283.7518499973,3645313.4336800026,5784337.190139999,4897254.082520006
2026-10-08T02:06:45.749759+00:00,obs-20261007-01,LIGHT,AAVEUSDT,1.0,173.96,173.97,173.965,0.5748447919051713,10440143333,173.96,173.97,337,30,1531354.1965399997,310068.48903,1542899.0116500012,297698.4644,1020.14552,1979.35705,95464.55819000001,91827.36574,196171.13685,141811.40454999998,299051.33537999995,196150.56441999995,360949.79324999976,242401.64406999995
2026-10-08T02:06:45.749759+00:00,obs-20261007-01,LIGHT,AVAXUSDT,1.0,11.07,11.071,11.0705,0.9033423667559326,10521059270,11.07,11.071,376,51,935031.8409100003,1256527.2359899997,917874.4048900002,1275859.145350001,1009.2744999999999,1320.7017999999996,241903.34799,145053.20906000005,354428.7793400001,221921.81727000006,435440.93853000004,323392.45981000026,531812.2177599999,401565.2162000001
2026-10-08T02:06:45.749759+00:00,obs-20261007-01,LIGHT,FILUSDT,1.0,1.0682,1.0684,1.0683,1.8723085564498199,9895967151,1.0682,1.0684,327,19,295416.345019,127393.40446800004,282975.48782299994,136572.88979500002,991.3209900000003,2861.530637,73351.063095,104169.447005,172774.664797,171335.876996,288763.01304599986,192983.44318299994,379981.57680299995,267384.9000109999
2026-10-08T02:06:45.749759+00:00,obs-20261007-01,LIGHT,ALGOUSDT,1.0,0.1184,0.1185,0.11845,8.445945945945166,5664615118,0.1184,0.1185,140,2,94336.3107,42774.14749999999,90205.19810000002,45643.17939999999,0.0,25.1094,50511.1757,26605.700599999996,115494.7598,67083.1177,147964.53650000002,91316.01019999999,179087.49549999996,103839.20469999997
2026-10-08T02:06:45.749759+00:00,obs-20261007-01,LIGHT,XRPUSDT,1.0,1.4224,1.4225,1.42245,0.7030371203597952,26678709731,1.4224,1.4225,460,68,2679609.6636300012,2563837.25607,2792516.0549199996,2894318.5229899986,9852.290910000002,22296.49612000001,901766.3301000001,939666.73865,1273763.68781,1309727.93712,2049882.7857100002,2164373.4568600007,3505527.8486499996,3403029.2678199993
2026-10-08T02:06:45.749759+00:00,obs-20261007-01,LIGHT,HBARUSDT,1.0,0.09323,0.09324,0.093235,1.0726161106955345,8393528893,0.09323,0.09324,295,29,504954.5782899999,278267.0524999999,503038.98498999985,271999.37676,2691.514109999999,1632.87031,119264.682,137068.65073000002,252672.23732000001,235844.52715000004,444713.83927000005,377977.32473000005,821434.6607500002,731658.1899900002
2026-10-08T02:07:45.792127+00:00,obs-20261007-01,LIGHT,PEPEUSDT,1.0,4.09e-06,4.1e-06,4.095e-06,24.449877750611915,8828075301,4.09e-06,4.1e-06,194,18,800152.2118340099,34755.97348049,794671.2889909201,46920.661287209994,12456.05819,16868.8120892,79578.28938639,120557.34147069999,282796.05533175,290680.62663103,564856.88768274,756282.9453122701,889856.06990736,1677749.41749445
2026-10-08T02:07:45.792127+00:00,obs-20261007-01,LIGHT,BNBUSDT,1.0,772.36,772.37,772.365,0.12947330260582035,20910827573,772.36,772.37,416,94,2494293.13113,4945081.638989998,2482489.7648399984,4823262.921370001,3938.0536800000004,7265.5926199999985,823393.61901,818047.0635299999,1544533.6968899996,1728842.232990001,3606760.046899998,3766253.727970002,5855723.040810001,5098299.368360005
2026-10-08T02:07:45.792127+00:00,obs-20261007-01,LIGHT,AAVEUSDT,1.0,174.15,174.16,174.155,0.5742176284817546,10440146983,174.15,174.16,339,54,3309804.2160199997,295122.87333000003,3179466.6659699986,312150.95588,583.0486500000001,7735.668610000001,200497.10132999998,91452.04041999996,311193.21296000003,144909.76038999998,415244.2139,186558.26685000004,475321.55771999975,228958.12619999997
2026-10-08T02:07:45.792127+00:00,obs-20261007-01,LIGHT,AVAXUSDT,1.0,11.08,11.081,11.0805,0.9025270758122872,10521063682,11.08,11.081,376,54,1355994.6103700001,1416300.0872499999,1340633.9256900009,1418085.8503100008,4162.20163,570.09712,211924.58791000003,166374.06151999996,324701.96893000003,259947.51694,443169.4985599998,322214.8053400002,538739.0530099999,419476.1114899999
2026-10-08T02:07:45.792127+00:00,obs-20261007-01,LIGHT,FILUSDT,1.0,1.0676,1.0677,1.06765,0.9366804046462285,9895970435,1.0676,1.0677,377,51,421825.3273290003,261053.2174339999,418103.878551,254106.4077,2351.1391559999997,7653.205669000002,97595.229962,81244.30558799999,207523.61420800004,149574.38480099998,287273.01032399986,199912.42388699995,379076.999128,272190.59679799987
2026-10-08T02:07:45.792127+00:00,obs-20261007-01,LIGHT,ALGOUSDT,1.0,0.1185,0.1186,0.11854999999999999,8.438818565401629,5664615391,0.1185,0.1186,84,2,31690.208300000002,39585.628000000004,26383.1509,40666.42670000001,0.0,237.0,37154.1562,34920.504,101832.66639999999,67218.7826,150528.18149999998,90260.947,182793.0434999999,103068.27269999999
2026-10-08T02:07:45.792127+00:00,obs-20261007-01,LIGHT,XRPUSDT,1.0,1.4224,1.4225,1.42245,0.7030371203597952,26678713481,1.4224,1.4225,449,141,2061297.9674300004,1880253.3904800012,1843543.0372700014,2037848.17383,43969.678980000004,23842.350840000003,1116291.32647,844101.2081,1480807.98278,1153042.8876,2267637.7158699986,2008795.0150900008,3711304.695339999,3247450.7909599994
2026-10-08T02:07:45.792127+00:00,obs-20261007-01,LIGHT,HBARUSDT,1.0,0.09318,0.09319,0.09318499999999999,1.0731916720319035,8393530721,0.09318,0.09319,273,18,493166.2213299999,522949.19386999996,521653.7731000001,515885.00498000026,1302.7404499999998,2321.2059300000005,122434.38174999999,129161.74692,247414.54480000003,240943.34541999997,417296.5571000001,383892.43918,793468.6048500001,737376.2008700001
2026-10-08T02:08:45.798149+00:00,obs-20261007-01,LIGHT,PEPEUSDT,1.0,4.09e-06,4.1e-06,4.095e-06,24.449877750611915,8828075483,4.09e-06,4.1e-06,84,14,22278.65656999,19223.07688444,21768.486345309997,103166.03243193,371.25855567,1007.7696064999999,91924.58073716999,124299.09150259999,283306.14708957,278335.57077469997,565367.05790742,672339.98976478,889666.71095334,1510020.57737241
2026-10-08T02:08:45.798149+00:00,obs-20261007-01,LIGHT,BNBUSDT,1.0,772.43,772.44,772.435,0.1294615693336887,20910831283,772.43,772.44,362,77,1617147.1919500008,1462189.4621800005,1794463.0921799995,1472888.1733300008,10648.56565,3555.7067300000012,836635.9152100001,835381.3538800001,1560133.7161799998,1710634.830780001,3428794.1598099982,3756335.138760002,5864630.8163600005,5084155.605020004
2026-10-08T02:08:45.798149+00:00,obs-20261007-01,LIGHT,AAVEUSDT,1.0,174.21,174.22,174.215,0.5740198610859615,10440149775,174.21,174.22,360,22,2352351.938919999,366118.8558800001,2273665.545079999,368665.37600999995,168.47859999999997,2122.7572200000004,262670.83087000006,91953.67127999998,355857.50230999995,145811.39583999998,484846.5094799999,187443.95833,556032.5168599997,226439.63538999995
2026-10-08T02:08:45.798149+00:00,obs-20261007-01,LIGHT,AVAXUSDT,1.0,11.083,11.084,11.0835,0.9022827754212592,10521066227,11.083,11.084,285,30,350709.4428,756250.7380499999,374478.53076999995,759150.1304200004,11836.1368,154.70148999999995,207537.83014,171968.78863999998,322749.28582999995,266741.00490000006,419386.8065499998,319366.22882000013,515797.2433499998,416290.20719999995
2026-10-08T02:08:45.798149+00:00,obs-20261007-01,LIGHT,FILUSDT,1.0,1.0681,1.0683,1.0682,1.872483849827411,9895972776,1.0681,1.0683,295,21,255523.24522300012,189357.02339500003,256750.03680300005,192848.2364699999,783.4304689999999,1001.354948,77090.59697599999,94699.50858799998,194031.71703500004,154604.32907900002,282318.8814029999,196439.03984199997,374036.95480799995,268845.01980499993
2026-10-08T02:08:45.798149+00:00,obs-20261007-01,LIGHT,ALGOUSDT,1.0,0.1185,0.1186,0.11854999999999999,8.438818565401629,5664615917,0.1185,0.1186,129,4,60709.396799999995,43694.3673,60362.18760000001,43320.88159999999,7.821,22.752,42230.2814,31301.8569,106188.68380000001,67713.88859999999,150875.39070000002,90634.43269999998,183724.95279999997,103441.73119999997
2026-10-08T02:08:45.798149+00:00,obs-20261007-01,LIGHT,XRPUSDT,1.0,1.4229,1.423,1.4229500000000002,0.7027900766032324,26678716838,1.4229,1.423,427,46,1787513.4004199998,1494377.46525,1627241.6072399996,1400972.72386,6101.82927,38908.68046,1219715.7006299999,998276.48417,1646610.7482000003,1434775.0530399997,2423209.11092,2105234.57999,3870055.60905,3349940.6513999994
2026-10-08T02:08:45.798149+00:00,obs-20261007-01,LIGHT,HBARUSDT,1.0,0.09319,0.0932,0.093195,1.0730765103561524,8393532063,0.09319,0.0932,227,16,412727.0372099998,127610.14314999999,375157.76202999987,129943.30837999999,1842.41044,2187.0094499999996,139266.69071,126414.47293,264861.16358000005,241068.49736999997,454865.83228,381658.57054999995,830615.76096,735043.03564
2026-10-08T02:09:45.851847+00:00,obs-20261007-01,LIGHT,PEPEUSDT,1.0,4.09e-06,4.1e-06,4.095e-06,24.449877750611915,8828075890,4.09e-06,4.1e-06,120,14,12379.227998769999,457682.5784395199,1077.95993901,463941.97478088003,0.0,5856.892336600001,103222.58403263,104343.4640211,294922.61323054996,272076.03608333995,576668.32596718,666080.59342342,899632.21805907,1503761.1810310502
2026-10-08T02:09:45.851847+00:00,obs-20261007-01,LIGHT,BNBUSDT,1.0,772.58,772.59,772.585,0.12943643376672753,20910834615,772.58,772.59,330,55,2227460.0538200014,2025952.4368600007,2241760.2097599986,1970132.99995,8972.257090000001,3428.6198700000004,712297.0194899997,905339.8425800005,1458189.833079999,1787431.4896400014,3413966.303959997,3816369.4674700024,5796225.439729998,5190399.147750005
2026-10-08T02:09:45.851847+00:00,obs-20261007-01,LIGHT,AAVEUSDT,1.0,174.46,174.47,174.465,0.573197294508887,10440153231,174.46,174.47,324,67,2377907.0163800004,447162.46476999996,2508214.42991,462831.7975999999,1328.8912,53793.10644,123015.35985,94316.45620000002,195535.68445000006,138173.74956000003,348355.9178400002,188131.6143,419666.29038999986,234642.08807
2026-10-08T02:09:45.851847+00:00,obs-20261007-01,LIGHT,AVAXUSDT,1.0,11.091,11.092,11.0915,0.9016319538379669,10521069394,11.091,11.092,313,45,500565.1576099998,1080228.3400699997,462674.6388799999,1099408.4639299996,15302.902839999999,597.74239,199216.92192000002,172048.12878000003,350169.05684,255358.23903000006,423548.40540999983,303077.3688800001,551389.4470299999,399976.14670999994
2026-10-08T02:09:45.851847+00:00,obs-20261007-01,LIGHT,FILUSDT,1.0,1.0683,1.0685,1.0684,1.8721332958904213,9895974407,1.0683,1.0685,255,20,191132.58437500006,118176.67524999994,176163.17225899993,124418.16249000002,756.4225200000001,2173.8326519999996,96482.69592199998,87265.61903700001,192349.25910600004,158068.81391900004,297283.2910709999,192020.749692,385619.2245099999,262608.555701
2026-10-08T02:09:45.851847+00:00,obs-20261007-01,LIGHT,ALGOUSDT,1.0,0.1185,0.1186,0.11854999999999999,8.438818565401629,5664616420,0.1185,0.1186,111,1,55426.48100000002,23900.419500000007,54702.94640000001,23444.3836,362.373,0.0,39418.437900000004,31248.0968,106064.8749,68169.9245,151598.9253,91090.46859999998,183863.78729999994,105107.38769999998
2026-10-08T02:09:45.851847+00:00,obs-20261007-01,LIGHT,XRPUSDT,1.0,1.4231,1.4232,1.4231500000000001,0.7026913077079477,26678719564,1.4231,1.4232,415,39,1551773.1227699993,1420504.9805600003,1632953.84694,1409198.4221400016,6747.630820000001,17362.75229,1115966.65269,1015781.1484999998,1546915.12968,1447228.1262899998,2341732.2444599997,2117713.68512,3788048.0967899994,3362533.1621799995
2026-10-08T02:09:45.851847+00:00,obs-20261007-01,LIGHT,HBARUSDT,1.0,0.09315,0.09316,0.093155,1.0735373054227004,8393533680,0.09315,0.09316,266,20,353350.4299,237399.31808000006,369473.2068599999,225138.0518900001,3682.1278199999997,3018.6443000000004,142277.22927,136099.62433999998,272460.14796000003,246325.07629000003,440183.76053,392782.24156,814910.3958700001,743534.90471
2026-10-08T02:10:45.852381+00:00,obs-20261007-01,LIGHT,PEPEUSDT,1.0,4.08e-06,4.09e-06,4.085e-06,24.50980392156854,8828076721,4.08e-06,4.09e-06,178,34,200166.97138989993,576597.4907465699,274513.4192968601,428788.41354057007,18006.13245557,971.8343134699999,130776.28158336,25562.05780147,307952.77249786,218392.06350017,600298.17622417,692731.52349338,912390.85344177,1675256.0820828602
2026-10-08T02:10:45.852381+00:00,obs-20261007-01,LIGHT,BNBUSDT,1.0,772.04,772.05,772.045,0.12952696751389325,20910840900,772.04,772.05,448,136,4297772.420340001,4992064.33574,4310522.32872,4937977.043600001,16673.554159999996,3968.750250000001,729501.1842800003,837308.5759300002,1456900.50063,1730221.1049300013,3408482.8996699993,3670109.363710004,5857429.633500001,5106923.437090005
2026-10-08T02:10:45.852381+00:00,obs-20261007-01,LIGHT,AAVEUSDT,1.0,174.18,174.19,174.185,0.5741187277519266,10440156772,174.18,174.19,354,42,1855858.4172900002,336035.54415999993,1815787.54904,324003.0717799999,2631.4576999999995,1469.9860099999999,170346.17012000002,84114.97573000002,275738.86264000006,132395.04342,404370.4168600001,182073.0312000001,465414.53703999985,224332.7374700001
2026-10-08T02:10:45.852381+00:00,obs-20261007-01,LIGHT,AVAXUSDT,1.0,11.077,11.078,11.0775,0.9027715085307975,10521074007,11.077,11.078,378,42,1267916.8949800003,946265.9553299996,1307169.2553800002,922386.8012899999,804.5650099999998,704.2621299999998,202354.29046999998,149926.36143000002,333407.07782999997,253258.87193000008,420056.8291999998,324004.1533500003,515574.87885999994,401997.0874500002
2026-10-08T02:10:45.852381+00:00,obs-20261007-01,LIGHT,FILUSDT,1.0,1.0678,1.0679,1.06785,0.9365049634757483,9895977617,1.0678,1.0679,367,49,402333.49139300064,277494.157808,425753.7307060002,267864.144314,2886.187540000001,13646.722448999997,86470.536292,86170.87073499999,202079.18712700004,151712.73919299996,281417.5897329999,203641.10613999993,372633.8531769999,271994.15394399985
2026-10-08T02:10:45.852381+00:00,obs-20261007-01,LIGHT,ALGOUSDT,1.0,0.1183,0.1185,0.1184,16.906170752324368,5664617009,0.1183,0.1185,141,1,99641.94570000001,37512.321299999996,108723.40300000002,37984.502499999995,0.0,118.4,47107.3692,16376.1533,115072.18110000002,52973.0169,145260.8804,90203.3735,176209.94829999996,102917.51279999998
2026-10-08T02:10:45.852381+00:00,obs-20261007-01,LIGHT,XRPUSDT,1.0,1.4211,1.4212,1.42115,0.7036802476956261,26678725336,1.4211,1.4212,458,81,4198558.680010003,3114589.7814099994,4248005.189569999,2930429.707349999,107862.26296000001,69143.44148000001,958894.56478,916191.5676200001,1445078.6673399997,1320659.0524600002,2312977.6219799984,2281598.2735000006,3772722.088879998,3476792.625109999
2026-10-08T02:10:45.852381+00:00,obs-20261007-01,LIGHT,HBARUSDT,1.0,0.09297,0.09298,0.092975,1.0756157900404517,8393536746,0.09297,0.09298,303,28,780317.46482,1758653.46017,815771.8684899996,1743351.9144799996,2300.0864599999995,2292.12037,152959.10392000002,131188.21713,268081.33488,239003.42964000005,416778.75832999987,397127.49982,786594.9192999997,751544.1750600002
2026-10-08T02:11:45.852525+00:00,obs-20261007-01,LIGHT,PEPEUSDT,1.0,4.09e-06,4.1e-06,4.095e-06,24.449877750611915,8828077569,4.09e-06,4.1e-06,232,33,308404.85628834995,631651.15939156,127920.47860556001,677523.6802182199,53.016440949999996,50888.24398947,91789.82272186999,114904.83167409999,287802.37805170997,293379.81117651996,649693.4764101601,743790.46288945,974601.19216461,1650644.9058670201
2026-10-08T02:11:45.852525+00:00,obs-20261007-01,LIGHT,BNBUSDT,1.0,772.3,772.31,772.305,0.12948336138851602,20910847863,772.3,772.31,442,120,6004273.862609995,6957865.319940001,6065558.117440003,7443213.497170002,24312.999959999994,79141.90932000004,903672.8786599998,866757.9011799998,1641145.3499099996,1664909.0464100013,3532370.591969999,3404099.1830900023,5929920.730850002,4791116.891500001
2026-10-08T02:11:45.852525+00:00,obs-20261007-01,LIGHT,AAVEUSDT,1.0,174.31,174.32,174.315,0.5736905513153978,10440160397,174.31,174.32,352,63,2101569.762519999,404426.16191,2101175.3005000013,442045.45098,1106.0507599999999,17542.516640000005,71721.47983999996,62658.44423000002,254336.78318999993,107225.04100000003,395260.45541999995,163641.3068200001,463382.0971099997,191108.38370000003
2026-10-08T02:11:45.852525+00:00,obs-20261007-01,LIGHT,AVAXUSDT,1.0,11.091,11.092,11.0915,0.9016319538379669,10521079761,11.091,11.092,410,88,1714774.2585500001,1146496.2816,1642284.6413099996,1248186.6122299996,6474.914569999999,57923.48040999999,175062.57896000004,107671.94485000001,300459.34138999996,186815.22285000008,456770.52372999996,224094.3683900001,583649.44163,321022.3706000001
2026-10-08T02:11:45.852525+00:00,obs-20261007-01,LIGHT,FILUSDT,1.0,1.0673,1.0674,1.0673499999999998,0.9369436896844441,9895982274,1.0673,1.0674,427,89,556793.7188109999,378420.47848299996,568064.3413890001,386263.3159699997,5427.052623,10430.92025,88311.535684,69726.47538499998,178663.75566999995,146382.38707599998,272049.9852799999,191816.34228100002,364878.8474179998,264003.717396
2026-10-08T02:11:45.852525+00:00,obs-20261007-01,LIGHT,ALGOUSDT,1.0,0.1185,0.1186,0.11854999999999999,8.438818565401629,5664617709,0.1185,0.1186,157,7,104281.13870000001,56374.64490000002,94867.97729999998,72073.74429999999,6.6248000000000005,3355.1005,34396.0158,18999.535600000003,101856.32759999999,50766.3108,149897.3512,74808.1992,183466.07429999995,88825.05260000001
2026-10-08T02:11:45.852525+00:00,obs-20261007-01,LIGHT,XRPUSDT,1.0,1.4227,1.4228,1.4227500000000002,0.7028888732696359,26678732972,1.4227,1.4228,476,131,6303939.664020002,4824528.727879998,5647925.721410001,5223844.70174,48801.81483000001,170698.35592999996,1303918.3524000004,773042.7199700001,1874261.6250900002,1049311.36356,2955985.2105299993,1915405.4391100006,4372842.707519999,3145620.2953199996
2026-10-08T02:11:45.852525+00:00,obs-20261007-01,LIGHT,HBARUSDT,1.0,0.09305,0.09306,0.093055,1.0746910263303988,8393540666,0.09305,0.09306,386,72,838495.4462599995,974167.1109499998,772919.8755800002,1047683.8723899996,5460.134859999998,14491.136469999996,146199.92161,100356.10820999999,261866.85597999996,178371.03561,466481.1058799999,327131.46739000006,846033.3614399999,674223.4434400003
2026-10-08T02:12:45.951902+00:00,obs-20261007-01,LIGHT,PEPEUSDT,1.0,4.09e-06,4.1e-06,4.095e-06,24.449877750611915,8828078052,4.09e-06,4.1e-06,180,16,228877.33615105995,147649.31065172,255921.14469399003,91049.16908465,2295.0734630399998,1818.1037949999995,27170.97378057,175291.2166357,231728.61511641,340309.98832723,622649.66786723,800390.60445652,952498.40367919,1715450.2974231
2026-10-08T02:12:45.951902+00:00,obs-20261007-01,LIGHT,BNBUSDT,1.0,772.04,772.05,772.045,0.12952696751389325,20910855472,772.04,772.05,476,121,4461270.069020001,5418381.060859997,4306352.339920002,4846204.529859997,9991.026820000005,8530.727319999996,959505.2263399995,873710.2443099999,1640598.7833799995,1716577.5032500008,3693153.873939998,3862185.4222400035,5950024.51837,5196194.047770002
2026-10-08T02:12:45.951902+00:00,obs-20261007-01,LIGHT,AAVEUSDT,1.0,174.28,174.29,174.285,0.5737893045676401,10440163035,174.28,174.29,338,29,1305573.0806300007,229214.03752000013,1359616.5811799993,197895.60691000006,3765.5395500000004,3285.9947999999995,110025.37816999998,85969.71303,202071.05880999996,130030.53537999994,339222.6848900001,192375.11814999997,408395.2710499998,219176.81104999993
2026-10-08T02:12:45.951902+00:00,obs-20261007-01,LIGHT,AVAXUSDT,1.0,11.092,11.093,11.092500000000001,0.9015506671472551,10521084837,11.092,11.093,386,76,2365071.4915599977,574900.0025300003,2375598.0608399995,525777.3638700002,8901.14075,4608.561570000001,184801.90325000003,143190.79037000006,347251.3048899999,225282.23095000003,446238.90319,273217.00705000013,574024.5322000002,369084.3161899999
2026-10-08T02:12:45.951902+00:00,obs-20261007-01,LIGHT,FILUSDT,1.0,1.0653,1.0655,1.0654,1.8774054257009176,9895985009,1.0653,1.0655,331,36,287067.2019600002,267406.47453,333415.473577,209614.12275799987,2789.458603,930.584076,111755.86173100001,71133.48999500001,186056.41927399996,155433.20895400006,249321.360097,240825.3500020001,347851.4095140002,320737.0655670001
2026-10-08T02:12:45.951902+00:00,obs-20261007-01,LIGHT,ALGOUSDT,1.0,0.1184,0.1185,0.11845,8.445945945945166,5664618525,0.1184,0.1185,176,1,129131.33980000002,67788.83790000001,139023.2823,49466.74790000002,0.0,5.5742,53890.9455,18542.1881,112830.03820000001,60669.1127,143448.281,88217.59220000001,173679.8400999999,105516.85240000002
2026-10-08T02:12:45.951902+00:00,obs-20261007-01,LIGHT,XRPUSDT,1.0,1.422,1.4221,1.42205,0.7032348804503208,26678739629,1.422,1.4221,507,87,4251119.120099995,3657967.7873999993,4637315.4392300015,3254073.2999399984,136691.19607,22039.804760000003,1163434.00951,1112570.9892599997,1724202.6088100001,1328624.68126,2579468.3931199997,2319254.74556,3991905.754049999,3556338.21429
2026-10-08T02:12:45.951902+00:00,obs-20261007-01,LIGHT,HBARUSDT,1.0,0.09296,0.09297,0.09296499999999999,1.0757314974174648,8393543390,0.09296,0.09297,320,35,658239.5137399998,1276914.5334599998,700737.40665,1215627.9622,7324.802819999999,1518.66863,149098.26553,123321.08206000002,284603.4326200001,184460.20958,434822.7070000001,378812.39649,804738.57203,729456.9183700001
2026-10-08T02:13:45.987527+00:00,obs-20261007-01,LIGHT,PEPEUSDT,1.0,4.09e-06,4.1e-06,4.095e-06,24.449877750611915,8828079052,4.09e-06,4.1e-06,200,25,406899.20728640025,634734.9196810198,330499.6813719601,643588.8952144901,19661.46259497,18732.80567242,103220.21076514,142586.35697989998,304692.34035058,326720.24361782,667176.80937442,786421.0158838,984181.4303085499,1704608.02705186
2026-10-08T02:13:45.987527+00:00,obs-20261007-01,LIGHT,BNBUSDT,1.0,772.67,772.68,772.675,0.12942135711124791,20910862348,772.67,772.68,430,97,4967694.79627,6500577.895280003,4994534.144369995,6637117.575830004,3198.6933400000003,10435.345509999997,895225.9517899998,864074.70711,1426799.533779999,1808326.8475700014,3445760.1685599997,3847311.8846700042,5525373.495620001,5117374.704100008
2026-10-08T02:13:45.987527+00:00,obs-20261007-01,LIGHT,AAVEUSDT,1.0,174.37,174.38,174.375,0.5734931467560322,10440165726,174.37,174.38,287,39,2402075.804090001,295954.7162900002,2206676.6379800006,294853.78514,1839.6403099999998,2137.78389,322483.78354,82767.91316,406914.8329399998,140815.06221999993,526649.8781600001,194075.34784999996,599130.8432099998,222464.08319999994
2026-10-08T02:13:45.987527+00:00,obs-20261007-01,LIGHT,AVAXUSDT,1.0,11.103,11.104,11.1035,0.9006574799608202,10521090533,11.103,11.104,400,72,2453178.2241699994,703150.8742500003,2425182.39327,724852.3001299999,10140.238239999999,2693.1435400000005,193233.79015999998,162489.69238,344113.2611699999,230366.27635,473860.90531999996,251851.05012,592059.4888299998,348110.1844699999
2026-10-08T02:13:45.987527+00:00,obs-20261007-01,LIGHT,FILUSDT,1.0,1.0669,1.067,1.0669499999999998,0.9372949667252328,9895987897,1.0669,1.067,375,32,291540.4471669998,229239.21890799992,255642.148498,256579.39527799995,866.7818019999999,2130.420376,93029.106835,86013.51366,193084.03461200005,164193.36949400004,265194.0850680001,218499.35959400004,356759.58162099996,293901.60958500014
2026-10-08T02:13:45.987527+00:00,obs-20261007-01,LIGHT,ALGOUSDT,1.0,0.1185,0.1186,0.11854999999999999,8.438818565401629,5664619141,0.1185,0.1186,134,3,67773.37379999999,58259.32080000002,62707.7232,58458.331300000005,5.5648,174.63739999999999,35881.924,28014.9231,100703.8373,65258.819899999995,145071.0593,88267.79709999998,178030.02219999992,105627.52279999998
2026-10-08T02:13:45.987527+00:00,obs-20261007-01,LIGHT,XRPUSDT,1.0,1.4231,1.4232,1.4231500000000001,0.7026913077079477,26678744969,1.4231,1.4232,502,59,3857887.3112700013,2818344.06207,3517815.5907699997,3070392.140589997,17675.30634,35750.99599999999,1271946.1712699998,926952.6335700003,1954101.708309999,1393493.3410000002,2909441.1819099993,2069741.519750001,4326944.613049999,3315038.88441
2026-10-08T02:13:45.987527+00:00,obs-20261007-01,LIGHT,HBARUSDT,1.0,0.0931,0.09311,0.093105,1.0741138560677044,8393546828,0.0931,0.09311,359,28,1037115.2908400001,990347.9135599985,978869.1947199999,1028166.4078299993,880.15761,3030.5221299999994,150153.07656000002,120005.59577,323677.5879600001,201280.32837999996,482200.4654700001,347120.96937999997,862650.96599,695006.3038400002
2026-10-08T02:14:45.988004+00:00,obs-20261007-01,LIGHT,PEPEUSDT,1.0,4.09e-06,4.1e-06,4.095e-06,24.449877750611915,8828080018,4.09e-06,4.1e-06,195,62,426903.27592487,452946.56648787,429129.28349026,485419.75556907983,4505.89971555,35448.16793279,46151.471680539995,140336.4170851,250009.38852837996,294206.31226621,633093.43353413,753887.28926259,959580.8656150899,1658431.01635631
2026-10-08T02:14:45.988004+00:00,obs-20261007-01,LIGHT,BNBUSDT,1.0,772.58,772.59,772.585,0.12943643376672753,20910866182,772.58,772.59,391,98,2374673.48533,3688951.9492500005,2301217.8607800007,3677672.696740002,15269.539980000003,4309.51614,976853.2187699996,834659.8050599998,1506157.854549999,1728864.9026700004,3537526.146299999,3857508.761220001,5927447.414399999,5123469.513910002
2026-10-08T02:14:45.988004+00:00,obs-20261007-01,LIGHT,AAVEUSDT,1.0,174.22,174.23,174.225,0.5739869130971798,10440167386,174.22,174.23,222,20,1093550.5347199994,245327.59222,1323713.9974599988,228237.28737999994,2642.63402,965.2712600000001,101903.71705999998,91388.86790999996,171436.84586999996,150252.51235,306325.6531299999,197016.27089000004,373149.7274599997,235727.30209
2026-10-08T02:14:45.988004+00:00,obs-20261007-01,LIGHT,AVAXUSDT,1.0,11.094,11.095,11.0945,0.9013881377328836,10521094644,11.094,11.095,335,45,1749737.5639699996,601853.76043,1774071.9804799985,594468.3768000001,983.19484,7491.66179,220963.14492,137804.13973000002,346000.10111000005,215519.48601000002,449729.2024400001,258909.70392000003,576387.8191500005,355855.9023299999
2026-10-08T02:14:45.988004+00:00,obs-20261007-01,LIGHT,FILUSDT,1.0,1.065,1.0651,1.0650499999999998,0.9389671361503815,9895989945,1.065,1.0651,287,22,258263.97375299997,210193.57999400003,298869.29006700014,172058.753299,745.4032509999997,5.50572,119424.64340199999,75113.132017,189917.98425899996,149780.062505,252227.520846,247799.54291100008,341669.22467699996,331033.8592900002
2026-10-08T02:14:45.988004+00:00,obs-20261007-01,LIGHT,ALGOUSDT,1.0,0.1185,0.1186,0.11854999999999999,8.438818565401629,5664619495,0.1185,0.1186,112,2,59825.144499999995,32777.4981,56145.25589999999,34097.671800000004,33.18,92.54849999999999,34297.6126,30636.4081,105192.5821,65814.21340000001,148750.9479,86947.62340000001,181709.91079999993,104307.3491
2026-10-08T02:14:45.988004+00:00,obs-20261007-01,LIGHT,XRPUSDT,1.0,1.4228,1.4229,1.42285,0.7028394714647668,26678749663,1.4228,1.4229,423,71,3026563.8706999994,2835289.982010001,2918800.5113699986,2885249.427689999,21908.641779999994,25656.21690000001,1326439.73861,933494.7697699999,2108562.0866299993,1321374.4823799992,3017511.5305199996,2020556.4507100002,4428480.98887,3262073.259189999
2026-10-08T02:14:45.988004+00:00,obs-20261007-01,LIGHT,HBARUSDT,1.0,0.09308,0.09309,0.093085,1.074344649765191,8393549223,0.09308,0.09309,297,27,597736.9581200001,480200.7030800001,602949.4517699998,466074.91241000005,2656.1473400000004,1951.05898,169194.12066,123407.45075,323538.80448000005,214074.2965,477009.2607800001,361246.76005,857455.4727400002,706706.8731800002
2026-10-08T02:15:45.998360+00:00,obs-20261007-01,LIGHT,PEPEUSDT,1.0,4.09e-06,4.1e-06,4.095e-06,24.449877750611915,8828080406,4.09e-06,4.1e-06,128,10,229746.8994934501,92258.50417115001,211983.77876591007,86065.15403076999,0.0,1203.9885955,99102.52134244,117864.29023829999,298027.33373596,299118.71388473996,650856.55426167,760080.63940297,967849.5729262199,1662163.8400402903
2026-10-08T02:15:45.998360+00:00,obs-20261007-01,LIGHT,BNBUSDT,1.0,772.75,772.76,772.755,0.12940795858895626,20910870753,772.75,772.76,433,83,1707889.72171,1548399.88426,1721379.045059999,1520138.8950500009,6547.745840000001,3548.13011,933753.8345899994,855812.8379299998,1482239.4046799988,1852349.636220001,3273831.2322499994,3888147.7012500027,5657421.772509999,5156792.059340003
2026-10-08T02:15:45.998360+00:00,obs-20261007-01,LIGHT,AAVEUSDT,1.0,174.41,174.42,174.415,0.5733616191716528,10440170019,174.41,174.42,303,42,1901413.6796399981,238331.46161999987,1823463.4282099996,259255.57799000017,4792.43815,3689.2417899999996,156971.74715,84216.89673000001,227634.88514,139663.37947999997,374383.1431300002,190327.84044,442910.17150999996,236598.81532
2026-10-08T02:15:45.998360+00:00,obs-20261007-01,LIGHT,AVAXUSDT,1.0,11.088,11.089,11.0885,0.9018759018775135,10521098314,11.088,11.089,324,40,1536993.67751,491900.83823999995,1548313.6246300004,494237.6999999999,1682.71493,13055.288290000002,218798.09068,115022.66195999998,347824.4125999999,201694.10745999997,470033.52851999993,253953.25462,566346.1501700002,350888.64495999995
2026-10-08T02:15:45.998360+00:00,obs-20261007-01,LIGHT,FILUSDT,1.0,1.0647,1.0649,1.0648,1.8784634169244363,9895992084,1.0647,1.0649,294,14,267042.770235,223785.20875899988,268882.67633999983,209577.795686,1091.148531,123.252855,99061.43165700001,72779.196599,186469.80259899996,155115.41179199997,250416.62632500002,261784.12267400007,344710.5917600001,345237.64371200034
2026-10-08T02:15:45.998360+00:00,obs-20261007-01,LIGHT,ALGOUSDT,1.0,0.1185,0.1186,0.11854999999999999,8.438818565401629,5664619674,0.1185,0.1186,79,0,28765.092100000005,7346.2056,28106.9365,8338.274500000001,0.0,0.0,46947.39260000001,26994.995600000002,106695.0265,64439.1725,149409.10350000003,85955.5545,182041.50499999995,104524.87359999999
2026-10-08T02:15:45.998360+00:00,obs-20261007-01,LIGHT,XRPUSDT,1.0,1.4232,1.4233,1.42325,0.7026419336697565,26678752750,1.4232,1.4233,394,33,1799426.2132599999,1600573.9937200008,1890737.29976,1608887.6979899989,7576.57199,9674.753620000001,1267550.4752900002,927043.2612200002,1958323.9170499996,1336832.05456,2925660.6879399996,2013041.8436000005,4335623.6163099995,3258667.9964899994
2026-10-08T02:15:45.998360+00:00,obs-20261007-01,LIGHT,HBARUSDT,1.0,0.09309,0.0931,0.09309500000000001,1.0742292405185871,8393551458,0.09309,0.0931,314,17,410747.05256999994,330740.74957000004,417681.69107000006,331778.65463000006,553.14161,1091.2327399999997,164472.54119999998,130473.85843,319850.56744,174038.88053000002,470053.3333200001,360208.85499,850429.06931,707049.2802000003
2026-10-08T02:16:45.998579+00:00,obs-20261007-01,LIGHT,PEPEUSDT,1.0,4.09e-06,4.1e-06,4.095e-06,24.449877750611915,8828081655,4.09e-06,4.1e-06,205,50,537222.4248169598,543132.6353258803,477374.11915726005,561911.03273937,8027.430158439999,46057.82160978999,147614.62501831,56347.6855745,309954.09792199,246575.58697213998,605033.7823407699,721606.3782522201,979852.6215755598,1699465.66456754
2026-10-08T02:16:45.998579+00:00,obs-20261007-01,LIGHT,BNBUSDT,1.0,773.13,773.14,773.135,0.12934435347222717,20910875446,773.13,773.14,423,88,3745853.4394,3392624.5464799977,3754012.5148300002,3501584.5515699983,7364.3392699999995,13721.906029999991,783397.7481099998,974063.7019200001,1447893.819779999,2026636.9480600012,3243982.312189996,3785237.788120004,5651795.737179996,5162601.9980700025
2026-10-08T02:16:45.998579+00:00,obs-20261007-01,LIGHT,AAVEUSDT,1.0,174.65,174.66,174.655,0.5725737188666535,10440172886,174.65,174.66,330,40,1679682.9141299995,316289.58388999995,1687792.9891599987,331553.6493799996,864.3503599999999,2483.6067199999998,133542.04009000005,90461.44958,227864.10309,139297.08545,354569.43908000016,180248.28637000005,429250.80551000003,230553.14896000008
2026-10-08T02:16:45.998579+00:00,obs-20261007-01,LIGHT,AVAXUSDT,1.0,11.112,11.113,11.1125,0.8999280057597758,10521103031,11.112,11.113,358,62,1685516.624989999,625311.6952999999,1642452.9308199992,647155.2434499998,5359.40465,7820.816360000002,196171.03760999997,152550.43963999997,366401.1217099999,208624.8728,465895.07320999994,239524.57283999998,599083.2167299999,334012.7356199999
2026-10-08T02:16:45.998579+00:00,obs-20261007-01,LIGHT,FILUSDT,1.0,1.066,1.0661,1.0660500000000002,0.9380863039387677,9895994393,1.066,1.0661,343,19,264188.7785870001,288320.2604589999,221550.03293900006,323193.86562400014,416.731038,672.557553,116425.20032100001,71204.97548899999,211857.44081200004,154150.76484699998,274861.738145,235645.86089500005,373129.9322319998,311040.6070960001
2026-10-08T02:16:45.998579+00:00,obs-20261007-01,LIGHT,ALGOUSDT,1.0,0.1187,0.1188,0.11875,8.424599831509116,5664620273,0.1187,0.1188,150,3,107357.51509999999,45293.735400000005,94500.24010000001,51370.50669999999,0.0,347.47929999999997,57087.4055,36922.1182,113524.4908,62785.7177,149266.609,87768.7023,178722.99829999998,108051.2923
2026-10-08T02:16:45.998579+00:00,obs-20261007-01,LIGHT,XRPUSDT,1.0,1.4247,1.4248,1.42475,0.7019021548404503,26678759522,1.4247,1.4248,478,70,4805406.416869998,5553361.636640001,5000911.872839998,5271662.40824,7354.528810000001,26441.711329999995,1189289.54453,1145402.8538499998,1669661.69002,1474140.6767999995,2658889.9566900004,2310986.3721200004,4115161.3382599987,3662694.613049999
2026-10-08T02:16:45.998579+00:00,obs-20261007-01,LIGHT,HBARUSDT,1.0,0.09326,0.09327,0.093265,1.0722710701283056,8393554511,0.09326,0.09327,366,38,1985514.0461400002,557658.2638499998,1976218.2449899993,585403.7655399998,2485.47784,2919.87811,158371.95409000004,112752.63095,303322.3127199999,201504.26695000002,476480.48617999995,345545.89572,852822.1655999998,692944.5984000001
2026-10-08T02:17:45.999546+00:00,obs-20261007-01,LIGHT,PEPEUSDT,1.0,4.09e-06,4.1e-06,4.095e-06,24.449877750611915,8828082692,4.09e-06,4.1e-06,194,28,457638.32115205034,481759.65111896984,459920.02164862,434461.30581628985,7543.1902336,4075.7231414499993,101060.62563597999,113097.51929639999,290173.87009245995,299074.34160672,555550.4941346999,764060.33766624,949617.21170237,1690126.9879308501
2026-10-08T02:17:45.999546+00:00,obs-20261007-01,LIGHT,BNBUSDT,1.0,772.53,772.54,772.535,0.12944481120547024,20910884183,772.53,772.54,464,144,5005542.270229999,6768750.456009996,5021970.801289994,6766893.670509998,29238.47270999999,33503.37763,892870.8330399996,851532.5662099996,1465638.2082399991,1686379.5321199996,3499622.8645199975,3777663.888840002,5897696.74973,5105820.561370003
2026-10-08T02:17:45.999546+00:00,obs-20261007-01,LIGHT,AAVEUSDT,1.0,174.33,174.34,174.335,0.5736247346987966,10440177927,174.33,174.34,389,67,2011170.1919299997,549818.02916,1923014.7343199989,529467.2593799997,1812.2533299999996,5767.68959,250262.10489000002,87979.65995000002,318070.1192800001,140105.26675,458053.19597000006,196534.9993600001,528346.5169999999,223937.03323000003
2026-10-08T02:17:45.999546+00:00,obs-20261007-01,LIGHT,AVAXUSDT,1.0,11.083,11.084,11.0835,0.9022827754212592,10521110711,11.083,11.084,465,137,2574826.1396800014,1026524.4534600007,2674201.0126300007,1018426.4410800005,4922.458710000001,30526.913760000014,167037.40354,103787.69736,308611.28793,191960.77782,415805.0492899999,238944.83982999995,512127.8152399998,335112.89833999996
2026-10-08T02:17:45.999546+00:00,obs-20261007-01,LIGHT,FILUSDT,1.0,1.0636,1.0638,1.0637,1.88040616773133,9895998669,1.0636,1.0638,399,70,608606.0070230003,430151.95491300017,636566.7753979996,418392.6311159998,11052.049162999994,4125.370544999999,82686.477267,72876.23106399999,162367.29143000004,142848.842181,270725.192359,230274.2397750001,357658.5825629999,301716.5175500001
2026-10-08T02:17:45.999546+00:00,obs-20261007-01,LIGHT,ALGOUSDT,1.0,0.1185,0.1186,0.11854999999999999,8.438818565401629,5664621192,0.1185,0.1186,195,5,149277.5304,58017.09039999999,158733.679,52166.9363,4528.380499999999,175.7616,42259.8865,25332.3862,103421.1742,62247.2451,149644.50929999998,84128.72469999999,176356.50059999994,104440.30189999998
2026-10-08T02:17:45.999546+00:00,obs-20261007-01,LIGHT,XRPUSDT,1.0,1.4224,1.4225,1.42245,0.7030371203597952,26678768207,1.4224,1.4225,509,101,6044393.0164,7933733.880040003,6355770.292129998,6832695.393230004,15794.467770000001,75315.70409999997,1082940.2241999998,2271475.6094299997,1522484.65917,2527878.273389999,2423996.27726,3398560.4897599984,3829618.2815199997,3637395.464709997
2026-10-08T02:17:45.999546+00:00,obs-20261007-01,LIGHT,HBARUSDT,1.0,0.09312,0.09313,0.093125,1.073883161513134,8393559088,0.09311,0.09312,407,53,1499409.2656200004,1927782.9517200002,1536502.3091199999,1909385.5497200002,2202.51111,1630.9618699999996,135437.61354999998,116947.25981,285226.57620000007,215264.96035,442225.6270600001,360189.6519800001,816542.1831900001,708433.4282500002
2026-10-08T02:18:46.005326+00:00,obs-20261007-01,LIGHT,PEPEUSDT,1.0,4.08e-06,4.09e-06,4.085e-06,24.50980392156854,8828083822,4.08e-06,4.09e-06,197,48,450964.73222253995,457831.86701539985,484270.1952837601,251819.9077918799,8198.566387309998,17007.490577429995,160355.85927072,56114.13322366,293886.91934148,249598.45736476,673858.47788983,871695.28498421,997676.71464566,1859959.7504478497
2026-10-08T02:18:46.005326+00:00,obs-20261007-01,LIGHT,BNBUSDT,1.0,772.11,772.12,772.115,0.12951522451398745,20910891371,772.11,772.12,445,127,2908853.5666500023,4141132.2233,2912543.1331700017,4168319.7523499974,33336.66152,5149.324990000003,947857.9896799999,836517.2722799999,1542326.9859599995,1506841.5554900004,3696030.770899999,3640355.3301000027,5965834.002800001,5071746.864439998
2026-10-08T02:18:46.005326+00:00,obs-20261007-01,LIGHT,AAVEUSDT,1.0,174.17,174.18,174.175,0.5741516908774891,10440181268,174.17,174.18,313,39,1691889.4389999998,313927.11236999993,1855430.7788599988,305031.06317000015,644.2924100000001,1803.3434000000002,100522.74765000002,82571.17268999999,200107.90801999994,131810.93939,304201.95061999996,189570.9814300001,362600.97757999983,231393.14243000007
2026-10-08T02:18:46.005326+00:00,obs-20261007-01,LIGHT,AVAXUSDT,1.0,11.063,11.064,11.063500000000001,0.9039139473920876,10521116874,11.063,11.064,390,123,2154415.6200399995,803906.7051099996,2169629.36368,763471.7550899999,9083.206909999995,11126.684119999998,197651.19821000003,107702.55856,316986.18709,190625.15321999998,420872.4934800001,278435.89561,509289.9275500001,355459.34021999995
2026-10-08T02:18:46.005326+00:00,obs-20261007-01,LIGHT,FILUSDT,1.0,1.0606,1.0607,1.0606499999999999,0.9428625306440175,9896003011,1.0606,1.0607,392,85,699740.1725250001,505487.1053030002,749153.5771980004,455967.02124699985,15792.110520999993,1157.919085,73914.12692000001,75906.29260799999,155025.858967,138927.82356999995,251151.48658900015,262997.1342159999,345314.27995600004,344320.4136179998
2026-10-08T02:18:46.005326+00:00,obs-20261007-01,LIGHT,ALGOUSDT,1.0,0.1184,0.1185,0.11845,8.445945945945166,5664621723,0.1184,0.1185,130,2,80566.51339999995,43828.6571,86653.42520000006,35886.02970000001,20.0265,239.72549999999998,49184.9013,24806.554799999998,117021.791,64412.8901,146678.24670000002,88545.46889999999,171454.0218,102482.98399999998
2026-10-08T02:18:46.005326+00:00,obs-20261007-01,LIGHT,XRPUSDT,1.0,1.4215,1.4216,1.4215499999999999,0.7034822370743932,26678774434,1.4215,1.4216,472,75,4627198.547769999,3727248.070639999,4386667.884239999,4103187.3337000012,27137.6023,20811.13091,1270430.35739,1778357.3227,1843394.9006500002,2018790.0579199998,2678913.445769999,3004656.4707899997,4076084.0901699993,3204433.3052099985
2026-10-08T02:18:46.005326+00:00,obs-20261007-01,LIGHT,HBARUSDT,1.0,0.09301,0.09302,0.093015,1.0751532093333793,8393561658,0.09301,0.09302,329,28,529890.6289799999,578591.99035,567202.5417499999,539808.1500099999,1144.6569699999995,1845.5791299999994,154801.27151000002,113682.27049999998,266349.15859000006,235528.26652999996,405858.63276999997,393231.71707,785440.07815,743872.1467100001
2026-10-08T02:19:46.022893+00:00,obs-20261007-01,LIGHT,PEPEUSDT,1.0,4.08e-06,4.09e-06,4.085e-06,24.50980392156854,8828084409,4.08e-06,4.09e-06,177,16,226880.35431342002,442990.76245321997,332360.40818187996,440335.1190868401,0.0,930.5338632800001,138200.24203128,60768.55593124,284020.51331302,261872.09834024,568378.42402137,874350.9283505899,890849.02150632,1868540.82061351
2026-10-08T02:19:46.022893+00:00,obs-20261007-01,LIGHT,BNBUSDT,1.0,772.33,772.34,772.335,0.1294783318006587,20910896913,772.33,772.34,426,80,1854607.0402900008,2444586.7417000015,1912699.1900699998,2412372.2524000006,6941.66737,3170.72115,877121.3846400003,864668.1540299996,1562860.08858,1685206.5311399999,3630150.8789999997,3777630.5245500025,5809623.86407,5108246.46894
2026-10-08T02:19:46.022893+00:00,obs-20261007-01,LIGHT,AAVEUSDT,1.0,174.08,174.09,174.085,0.5744485294112422,10440183909,174.08,174.09,305,48,1044798.6798800002,267358.85303999996,1023252.1308399995,262407.72976,6301.00699,1534.1673099999996,147614.46267999997,89655.24922999997,246397.5612999999,139768.83175999997,329741.69586999994,189571.67739000006,389154.0508899998,232149.95999
2026-10-08T02:19:46.022893+00:00,obs-20261007-01,LIGHT,AVAXUSDT,1.0,11.066,11.067,11.066500000000001,0.9036688957153594,10521121269,11.066,11.067,347,65,1642798.0996100004,663250.81084,1593879.5840700006,652790.5812999996,2511.5953199999994,6233.25415,238902.86722000004,128345.29880999998,354480.99611999997,202500.64115999994,467586.05951000005,288908.86578999995,554598.5296900002,366266.8611099998
2026-10-08T02:19:46.022893+00:00,obs-20261007-01,LIGHT,FILUSDT,1.0,1.0603,1.0604,1.0603500000000001,0.9431293030282006,9896007501,1.0603,1.0604,462,85,568563.198698,423480.27003699954,543012.1015789999,440064.12435799954,17553.490308999997,3390.5746050000002,100573.359668,84904.79515399999,209004.99995499995,158421.35640800002,285455.99641100003,246014.581827,370991.9835170001,326419.1886429998
2026-10-08T02:19:46.022893+00:00,obs-20261007-01,LIGHT,ALGOUSDT,1.0,0.1185,0.1186,0.11854999999999999,8.438818565401629,5664622052,0.1185,0.1186,111,3,47026.615999999995,18388.583599999994,39907.5454,20462.704899999997,65.2384,108.1905,34153.2674,35360.245200000005,101199.58959999999,68674.7492,150676.66809999998,88083.2278,177857.29799999995,105696.05359999998
2026-10-08T02:19:46.022893+00:00,obs-20261007-01,LIGHT,XRPUSDT,1.0,1.4213,1.4214,1.42135,0.7035812284517107,26678777686,1.4213,1.4214,432,49,1683286.5257199993,1768791.30917,1885709.9842200014,1620890.79652,53356.29051,7107.97952,1007492.3578400001,890680.73844,1669283.58428,2175104.135629999,2476595.8119799998,3152046.752639999,3881398.3037700006,3347524.076149998
2026-10-08T02:19:46.022893+00:00,obs-20261007-01,LIGHT,HBARUSDT,1.0,0.09304,0.09305,0.09304499999999999,1.0748065348242797,8393563730,0.09304,0.09305,301,15,419385.56276,253603.20077999996,381128.11893999984,265604.55963999993,905.3585800000001,787.72133,174476.43403999996,120499.97961000001,296054.09648999997,234242.94017000002,443289.10838999995,385819.2157900001,817676.2561700001,733279.6262100004
2026-10-08T02:20:46.045826+00:00,obs-20261007-01,LIGHT,PEPEUSDT,1.0,4.08e-06,4.09e-06,4.085e-06,24.50980392156854,8828084882,4.08e-06,4.09e-06,226,14,85070.02907618998,428113.46412818006,86880.56633662997,412704.3577087599,0.0,1873.2992560199998,147814.09549392,83958.07956744,282778.91607638,266402.43287934,566567.8867609301,889760.03477001,889030.5255369801,1863212.6956188402
2026-10-08T02:20:46.045826+00:00,obs-20261007-01,LIGHT,BNBUSDT,1.0,772.52,772.53,772.525,0.12944648682289284,20910902241,772.52,772.53,428,106,2478606.8197900024,3336814.05934,2505675.0798299992,3351680.5714699994,2462.130570000001,3093.1761400000005,871050.78555,790679.8564899999,1457082.2972099998,1671344.2729000004,3410944.2033799994,3767917.941000003,5724126.243250002,5087643.909340002
2026-10-08T02:20:46.045826+00:00,obs-20261007-01,LIGHT,AAVEUSDT,1.0,174.28,174.29,174.285,0.5737893045676401,10440186038,174.28,174.29,258,55,659868.7651299998,212430.17626000007,662055.6746899995,228783.55500000008,1399.2782100000002,2270.4678399999993,126664.59313999995,83223.15314999998,215702.11743999994,135718.0334199999,309650.1065,190661.19071,380666.0523999997,217603.83966999993
2026-10-08T02:20:46.045826+00:00,obs-20261007-01,LIGHT,AVAXUSDT,1.0,11.054,11.055,11.0545,0.9046499004883302,10521126583,11.054,11.055,364,119,1644467.4947999998,698110.39782,1731283.0441799995,734785.2039399996,104260.27798000003,50180.74229999999,173046.21017,96500.79515000002,291068.18662,161161.38317000004,392258.78919,251377.9353500002,471256.35118999984,328276.4260800002
2026-10-08T02:20:46.045826+00:00,obs-20261007-01,LIGHT,FILUSDT,1.0,1.059,1.0591,1.05905,0.9442870632669909,9896009865,1.059,1.0591,312,32,306559.03441299964,317694.0006730001,343993.28648300015,293315.9633959998,1306.996064,2815.347788,94990.147061,79487.302938,185907.97894599996,140850.129496,257480.80034499997,256869.48466299998,340320.7822709999,340223.97465699987
2026-10-08T02:20:46.045826+00:00,obs-20261007-01,LIGHT,ALGOUSDT,1.0,0.1185,0.1186,0.11854999999999999,8.438818565401629,5664622502,0.1185,0.1186,105,4,73512.1459,17564.8641,77850.67960000002,16973.981699999997,796.4222,0.0,36536.0179,34894.127,98516.228,70375.7909,146338.1344,88674.11019999998,177972.3643,106287.00159999997
2026-10-08T02:20:46.045826+00:00,obs-20261007-01,LIGHT,XRPUSDT,1.0,1.4222,1.4223,1.42225,0.7031359864995146,26678782248,1.4222,1.4223,440,57,3028686.261309998,2803872.345960001,2881344.6178799993,2688187.65003,16967.87224,42707.34796,1218352.7341899995,2157915.83017,1625664.485259999,2425798.6850799993,2609894.262279998,3287916.7746699993,4016239.412649999,3526756.7266199985
2026-10-08T02:20:46.045826+00:00,obs-20261007-01,LIGHT,HBARUSDT,1.0,0.09312,0.09313,0.093125,1.073883161513134,8393565755,0.09312,0.09313,297,18,592101.7492900002,233667.42105000003,571473.0895899999,252331.8552299999,807.05524,1695.18806,157331.53691999998,125747.02021999999,303448.95704000007,223611.33345,463799.81781000015,368307.69928000006,838124.0952200001,716551.2209900002
2026-10-08T02:21:46.051904+00:00,obs-20261007-01,LIGHT,PEPEUSDT,1.0,4.08e-06,4.09e-06,4.085e-06,24.50980392156854,8828085253,4.08e-06,4.09e-06,121,11,94895.17859924,234119.90601604994,100748.82685117998,302850.57613075,750.38956896,1040.993344,124886.4449832,99355.44391583999,276938.35179968004,301278.58659123996,560714.23850899,821029.3646553099,883213.89386531,1775798.86847903
2026-10-08T02:21:46.051904+00:00,obs-20261007-01,LIGHT,BNBUSDT,1.0,772.52,772.53,772.525,0.12944648682289284,20910905218,772.52,772.53,366,70,731515.4206700001,993526.6202500006,729491.6948099999,968454.6355899997,25611.532409999996,8330.863879999997,874143.9870299998,827598.76224,1459025.282169999,1706676.9896800003,3412967.9292399986,3792989.9256600034,5726629.504650001,5116009.852110003
2026-10-08T02:21:46.051904+00:00,obs-20261007-01,LIGHT,AAVEUSDT,1.0,174.22,174.23,174.225,0.5739869130971798,10440187956,174.22,174.23,263,29,1556567.0981499988,199970.13392,1569059.8629399992,184596.04304999998,2081.9463899999996,1727.7101699999996,103414.36914000001,86043.85807999999,184093.38521,147625.07914,299550.52735000005,192438.39829000004,357265.4308099998,231290.38555
2026-10-08T02:21:46.051904+00:00,obs-20261007-01,LIGHT,AVAXUSDT,1.0,11.059,11.06,11.0595,0.9042408897741439,10521129127,11.059,11.06,286,55,866504.9252299997,643408.8072899997,797739.1167000001,608191.25318,599.4373199999999,25036.45532,212654.97150999994,139048.94490999996,312007.19454999984,222912.16806,452020.4566799999,287433.73034,539742.7877499997,363754.7337799999
2026-10-08T02:21:46.051904+00:00,obs-20261007-01,LIGHT,FILUSDT,1.0,1.0598,1.0599,1.05985,0.9435742592933671,9896011497,1.0598,1.0599,272,19,285331.870683,254680.426442,260348.4828539999,267707.4279269999,1338.5020949999998,982.725996,100681.67160100001,77039.40705099999,179467.64295900002,150587.58787199995,278190.26517700014,248874.7700539999,357988.3636890002,331903.8440729997
2026-10-08T02:21:46.051904+00:00,obs-20261007-01,LIGHT,ALGOUSDT,1.0,0.1185,0.1186,0.11854999999999999,8.438818565401629,5664622630,0.1185,0.1186,72,4,10920.4038,8463.709899999998,9771.2385,8220.065,331.9185,0.0,38981.5147,35933.297999999995,101002.36859999999,70619.5722,147487.29969999997,88917.7551,179121.41249999992,106530.55369999999
2026-10-08T02:21:46.051904+00:00,obs-20261007-01,LIGHT,XRPUSDT,1.0,1.4222,1.4223,1.42225,0.7031359864995146,26678784307,1.4222,1.4223,329,31,1725798.2635200007,966145.3587800012,1728178.9243000012,1017380.2448100003,6929.09093,5233.018000000001,1240020.01201,2112184.5782900006,1642390.7116699999,2379566.9942699997,2607513.6014999994,3237187.5014399993,4005671.8361999993,3476027.4533899985
2026-10-08T02:21:46.051904+00:00,obs-20261007-01,LIGHT,HBARUSDT,1.0,0.09311,0.09312,0.093115,1.0739984964014404,8393566653,0.09311,0.09312,193,11,197593.90480000013,138196.04515999995,199895.3218400001,123936.09163,2711.1071399999996,882.78319,159426.48297,130940.64068,301553.80446,235612.49233,461526.9796700001,382567.65281000006,835901.3459800001,730811.1745200002
2026-10-08T02:22:46.098570+00:00,obs-20261007-01,LIGHT,PEPEUSDT,1.0,4.09e-06,4.1e-06,4.095e-06,24.449877750611915,8828086008,4.09e-06,4.1e-06,190,37,341142.0933374101,547920.44161816,129397.38337526002,590470.7187444398,5.55815022,13039.588195430002,132833.99670654,121599.622819,322279.74538566,430924.21605387994,649377.47664359,885055.7421814699,1043162.3454411501,1803054.40025518
2026-10-08T02:22:46.098570+00:00,obs-20261007-01,LIGHT,BNBUSDT,1.0,772.93,772.94,772.935,0.12937782205568737,20910910271,772.93,772.94,376,106,3133354.39702,3577888.660190001,3120528.6719299997,3629678.8752699997,4770.783409999999,3751.8179299999997,824874.2810199999,863075.6157999998,1440315.0403699991,1748647.5947700005,3231857.1194499973,3749866.021010002,5487788.244159998,5108108.030430006
2026-10-08T02:22:46.098570+00:00,obs-20261007-01,LIGHT,AAVEUSDT,1.0,174.35,174.36,174.35500000000002,0.5735589331812285,10440191617,174.35,174.36,299,70,931654.2284900002,375983.3157699998,908691.5464799999,389844.5753799999,3813.74765,4358.975480000002,125390.17702,90420.76820000002,194182.97184999997,142822.6805,314739.64663000015,192610.82278000005,385522.7870999999,208509.86502999996
2026-10-08T02:22:46.098570+00:00,obs-20261007-01,LIGHT,AVAXUSDT,1.0,11.082,11.083,11.0825,0.902364194188543,10521134122,11.082,11.083,367,81,1532241.9780600006,1043960.3421200003,1554838.8737299994,1084098.9389499987,15830.049629999998,15337.595040000004,145560.86494999996,141933.58448000002,244274.85988000003,211123.1809700001,399830.44271999993,247673.66537000012,505898.97515999986,342693.1435400001
2026-10-08T02:22:46.098570+00:00,obs-20261007-01,LIGHT,FILUSDT,1.0,1.0613,1.0614,1.06135,0.9422406482606505,9896014789,1.0613,1.0614,363,70,497998.2763010001,425299.4507760003,454312.5392690003,476113.7342120001,1964.1711750000002,7015.778449999999,100985.16473000002,76219.52649700001,186272.99572,147755.935299,296644.6285730001,217176.08320100003,386882.97627600015,293809.68246
2026-10-08T02:22:46.098570+00:00,obs-20261007-01,LIGHT,ALGOUSDT,1.0,0.1186,0.1187,0.11865,8.43170320404818,5664623122,0.1186,0.1187,137,1,61779.4743,34227.321599999996,52754.0761,40067.58590000001,0.0,222.8494,43232.5254,28964.3043,105297.1946,67179.0493,152354.2725,88021.03779999999,182311.4372,108772.66999999998
2026-10-08T02:22:46.098570+00:00,obs-20261007-01,LIGHT,XRPUSDT,1.0,1.4241,1.4242,1.42415,0.7021978793630979,26678789522,1.4241,1.4242,458,55,3868142.4061200013,3071409.9967300002,3541113.869660001,3198665.2475699987,3166.55335,14327.130960000002,1237883.55574,1989746.32503,1893479.0066699996,2453952.6920499997,2866186.235559999,3127083.2716300003,4291573.924749998,3395448.565139999
2026-10-08T02:22:46.098570+00:00,obs-20261007-01,LIGHT,HBARUSDT,1.0,0.0933,0.09331,0.093305,1.0718113612018243,8393569190,0.0933,0.09331,314,45,1771847.8633300005,475283.02358,1732990.8512100002,544460.0680300001,2170.24957,18014.987350000003,132504.33157,113622.93046,289163.94635,189965.30942999996,490785.64711,326039.50690999994,869416.4846399999,674634.2979700001
2026-10-08T02:23:46.098746+00:00,obs-20261007-01,LIGHT,PEPEUSDT,1.0,4.09e-06,4.1e-06,4.095e-06,24.449877750611915,8828086252,4.09e-06,4.1e-06,113,14,87843.41015682003,248985.76239714003,104325.30026674001,245843.04032283995,8.11589743,1151.7945951000002,136882.5774565,100241.9291656,385391.14108234004,436037.50204608997,632895.5865336701,888198.46425577,1033142.0319754,1806255.37830098
2026-10-08T02:23:46.098746+00:00,obs-20261007-01,LIGHT,BNBUSDT,1.0,773.24,773.25,773.245,0.12932595313319695,20910915123,773.24,773.25,421,104,2859097.3198200003,3104096.5653299987,2832805.874049999,3145007.99052,12477.684079999999,10140.572629999999,745981.5138599998,957435.5093999994,1456485.6347400001,1964833.9093799996,3174135.5137099973,3819029.707000002,5511406.654570002,5090949.238090001
2026-10-08T02:23:46.098746+00:00,obs-20261007-01,LIGHT,AAVEUSDT,1.0,174.64,174.65,174.64499999999998,0.5726065048117235,10440194680,174.64,174.65,285,57,2048094.9901499997,267032.83892000007,1947599.0170700008,276898.3556799999,1279.9023200000001,9178.28394,164922.83708,95579.40678999998,240018.27980999998,142586.99110999997,407641.89386,187293.29771999994,484707.9757199999,223778.16633999997
2026-10-08T02:23:46.098746+00:00,obs-20261007-01,LIGHT,AVAXUSDT,1.0,11.095,11.096,11.095500000000001,0.9013068949981218,10521138177,11.095,11.096,355,57,1673834.3266399999,633870.3497100002,1597308.8140799992,702354.8985800004,13893.75548,36973.96620999999,195372.26896000002,100009.64205000001,298589.44920000003,170492.08131,434207.0679899999,180923.83233999996,575752.44508,277133.6469799998
2026-10-08T02:23:46.098746+00:00,obs-20261007-01,LIGHT,FILUSDT,1.0,1.0628,1.0629,1.06285,0.9409108016567025,9896016861,1.0623,1.0626,257,32,467455.0225379999,363643.4574209998,422597.9417329999,402564.900917,2591.7885530000003,1807.5277140000005,114718.26455200001,69652.34265800001,201876.23201100007,147067.74723600002,311174.15657399996,190519.61710900004,407068.5405489999,263485.898727
2026-10-08T02:23:46.098746+00:00,obs-20261007-01,LIGHT,ALGOUSDT,1.0,0.1187,0.1188,0.11875,8.424599831509116,5664623663,0.1187,0.1188,122,2,97367.06519999997,21556.626799999984,96235.7531,17827.0706,0.0,36.9266,46802.46799999999,47036.645099999994,110499.46979999999,69037.6979,146543.8021,93487.3455,175056.42620000002,112558.29549999998
2026-10-08T02:23:46.098746+00:00,obs-20261007-01,LIGHT,XRPUSDT,1.0,1.4246,1.4247,1.4246500000000002,0.7019514249617664,26678793048,1.4246,1.4247,402,40,2445290.21433,2071923.4568900005,2517286.389980001,2054817.1875299993,15873.80682,13739.128880000004,1157557.52282,1937495.67744,1956293.42148,2200630.8135100007,2781774.8398800003,3146647.690290001,4243911.467800001,3415001.4757299996
2026-10-08T02:23:46.098746+00:00,obs-20261007-01,LIGHT,HBARUSDT,1.0,0.09339,0.0934,0.093395,1.0707784559360611,8393570953,0.09339,0.0934,288,36,871892.2348200005,292581.61174,742262.7133300003,272907.83346000005,2750.2877499999995,3296.2712999999994,157237.75971999997,115288.50919000001,318043.43903999997,204047.78556999998,509609.92997000006,346185.40124000004,888715.4458699999,712656.2141700002
2026-10-08T02:24:46.113644+00:00,obs-20261007-01,LIGHT,PEPEUSDT,1.0,4.09e-06,4.1e-06,4.095e-06,24.449877750611915,8828086784,4.09e-06,4.1e-06,163,16,171344.71252797003,151484.13256284996,154591.49446407,168346.58647971993,8.42497464,2856.5588797999994,155536.39781716,58594.977127599996,390259.13916628,402025.23144783993,649648.80459757,871336.0103389,1036436.60621089,1809027.3830046102
2026-10-08T02:24:46.113644+00:00,obs-20261007-01,LIGHT,BNBUSDT,1.0,773.48,773.49,773.485,0.12928582510118858,20910918991,773.48,773.49,386,112,2713606.3907999997,3026648.71799,2463298.8435399993,2994072.84152,5114.983109999999,7703.930039999998,670005.2919099999,952258.1151999998,1500759.7933899998,2106832.59225,3340921.822799997,3872073.0675700023,5538276.036410003,5137757.587720003
2026-10-08T02:24:46.113644+00:00,obs-20261007-01,LIGHT,AAVEUSDT,1.0,174.68,174.69,174.685,0.5724753835578689,10440202876,174.68,174.69,400,364,3003331.443430001,764497.5901999997,3019254.377910001,750681.7408700002,28777.34725,51923.33129999997,203828.351,81026.58159,262774.74554,128826.30907000005,375290.7421299998,193389.41456000006,450651.50141999975,239483.6142600001
2026-10-08T02:24:46.113644+00:00,obs-20261007-01,LIGHT,AVAXUSDT,1.0,11.109,11.11,11.1095,0.9001710324962886,10521145038,11.11,11.111,398,151,2003168.599580001,892616.2719100006,2011318.6761799997,813370.2868700005,88272.40965000006,18755.165790000003,179189.79287999994,119586.92493000001,312205.2336399999,194217.58310999995,406070.8356499997,263174.90626999986,543817.9598699996,357362.4138999997
2026-10-08T02:24:46.113644+00:00,obs-20261007-01,LIGHT,FILUSDT,1.0,1.0647,1.0648,1.06475,0.9392317084633284,9896019496,1.0647,1.0648,325,31,452610.38496100035,434492.7806390003,423259.729747,448066.14171600004,4400.961942,4583.718388000001,66924.971108,76012.25063299999,169133.88006400003,142344.940887,319640.79196100007,189136.75118000002,403944.1058229999,273937.55319199996
2026-10-08T02:24:46.113644+00:00,obs-20261007-01,LIGHT,ALGOUSDT,1.0,0.1188,0.1189,0.11885000000000001,8.417508417508657,5664624392,0.1188,0.1189,164,5,107965.60769999996,64061.12990000002,100988.7033,69493.74010000001,871.398,8502.8724,42121.2229,38965.3379,106308.26319999999,68725.32759999999,149616.97449999998,90585.2953,188379.05830000003,111014.27849999999
2026-10-08T02:24:46.113644+00:00,obs-20261007-01,LIGHT,XRPUSDT,1.0,1.425,1.4251,1.4250500000000001,0.7017543859655362,26678795728,1.425,1.4251,375,63,2092921.6738000002,1114271.2391599999,2095414.33872,1453434.0376500003,61713.76000000001,161871.72766000003,1243407.3732800002,1604869.4396899997,1871904.4097299997,1972235.3773499993,2775563.1400299994,2809717.26724,4224400.923339999,3161953.3100199983
2026-10-08T02:24:46.113644+00:00,obs-20261007-01,LIGHT,HBARUSDT,1.0,0.09347,0.09348,0.093475,1.0698619878035664,8393572593,0.09347,0.09348,313,13,1004881.0382900005,388940.5392700001,1009337.4018900003,377026.98409000004,572.1014299999999,1184.04161,153853.13935999997,129001.36772,314368.96218,217831.65271000005,502996.9921100001,369544.7754099999,883545.0212699999,724676.4198900001
2026-10-08T02:25:46.123463+00:00,obs-20261007-01,LIGHT,PEPEUSDT,1.0,4.09e-06,4.1e-06,4.095e-06,24.449877750611915,8828086997,4.09e-06,4.1e-06,121,11,166953.85538860003,61591.58962259001,259332.35407610005,136530.03252861003,72.58790486,862.8227287999998,150213.6783039,81888.73755379999,297880.64047878,410576.89430621,557270.3059100701,796397.56743288,865493.5012356301,1639875.32086189
2026-10-08T02:25:46.123463+00:00,obs-20261007-01,LIGHT,BNBUSDT,1.0,773.48,773.49,773.485,0.12928582510118858,20910922959,773.48,773.49,381,85,1321628.5827799998,1289176.136539999,1176113.592040001,1267264.9071199996,3992.3610800000006,18408.12382999999,722176.4095400001,955984.9051599996,1647785.4647500007,2113264.65908,3486685.6627899976,3893984.296990003,5602587.0601200005,5153642.656370004
2026-10-08T02:25:46.123463+00:00,obs-20261007-01,LIGHT,AAVEUSDT,1.0,174.77,174.78,174.775,0.5721805801894853,10440205857,174.77,174.78,343,49,1943997.2623300017,445824.5659000002,2017418.9098700008,458408.2935499999,28974.734279999997,4297.9922000000015,118700.95250999999,79230.24599,182310.66856,119670.93694000003,270739.30527000007,185617.92521000002,377094.62703,227399.3127
2026-10-08T02:25:46.123463+00:00,obs-20261007-01,LIGHT,AVAXUSDT,1.0,11.108,11.109,11.1085,0.9002520705791994,10521148669,11.108,11.109,313,62,1238111.4092899992,412813.37420000014,1238366.1981499991,430938.38078,5928.433909999998,7526.914770000001,159709.47650999998,117057.54205000002,290302.16617,187679.55205000003,405824.4052699999,242237.49448999992,542580.8144899998,340257.26992999983
2026-10-08T02:25:46.123463+00:00,obs-20261007-01,LIGHT,FILUSDT,1.0,1.0641,1.0642,1.0641500000000002,0.9397613006290051,9896021174,1.0641,1.0642,294,25,358823.859944,332110.7287149999,367733.6436030001,317018.93984600005,1058.0341710000002,1538.7144090000002,101833.45216799997,76261.90622899999,189136.03057200002,147704.60067299998,314808.31204299995,200036.091256,396023.42709099996,268451.142041
2026-10-08T02:25:46.123463+00:00,obs-20261007-01,LIGHT,ALGOUSDT,1.0,0.1187,0.1188,0.11875,8.424599831509116,5664624930,0.1187,0.1188,141,2,52908.18129999999,31173.266900000006,56429.77559999999,27691.259800000003,913.5720000000001,0.0,56462.20849999999,26538.2653,121470.71280000001,62754.0533,150197.5034,91536.74240000002,184602.5864,113252.68980000002
2026-10-08T02:25:46.123463+00:00,obs-20261007-01,LIGHT,XRPUSDT,1.0,1.425,1.4251,1.4250500000000001,0.7017543859655362,26678797731,1.425,1.4251,356,27,1469740.497639999,1032117.5960400006,1444895.4987500003,992193.3228000005,11650.22084,10580.81787,1296594.3290800003,1645001.0848199998,1896274.3631799999,2012159.6523399989,2800408.13892,2849641.5404799995,4245014.418889999,3201877.583259998
2026-10-08T02:25:46.123463+00:00,obs-20261007-01,LIGHT,HBARUSDT,1.0,0.09348,0.09349,0.093485,1.0697475395815559,8393573656,0.09348,0.09349,224,32,388026.8492000002,127198.9825300001,403264.59966999997,129530.40847000004,17173.05548,1963.5049800000002,126262.0468,128302.74617999999,252709.45279,216298.22386000003,487753.3184400001,367213.3494699999,868893.6708300001,722350.51323
2026-10-08T02:26:46.123616+00:00,obs-20261007-01,LIGHT,PEPEUSDT,1.0,4.09e-06,4.1e-06,4.095e-06,24.449877750611915,8828087877,4.09e-06,4.1e-06,186,53,251731.58355893998,730233.4827783299,215065.37257284997,612626.5847987601,18922.424342919996,7052.1423847999995,125962.33384123999,111515.22410679999,276778.37777324,446831.89630612,562960.07244084,913793.09447497,871813.4330591899,1833063.6984341
2026-10-08T02:26:46.123616+00:00,obs-20261007-01,LIGHT,BNBUSDT,1.0,773.56,773.57,773.565,0.12927245462757142,20910926217,773.56,773.57,344,99,2205156.0926199993,1972432.9414999997,2095757.6153199999,2128611.6490599993,10721.626419999991,36650.50267000001,791548.9289500001,991604.1020399997,1750205.4326600002,2119041.63756,3591937.2399999974,3739560.2809900036,5708419.94269,5215488.015830004
2026-10-08T02:26:46.123616+00:00,obs-20261007-01,LIGHT,AAVEUSDT,1.0,174.73,174.74,174.735,0.5723115664180156,10440208295,174.73,174.74,357,30,1153671.0151300002,252397.05354000008,1156091.8878200003,241982.49410999988,411.43350999999996,4546.663050000001,98221.11223,78650.45985999999,157903.12686000005,122589.88734000002,299418.9894200001,188693.56142000007,374907.15650000016,233517.34069000007
2026-10-08T02:26:46.123616+00:00,obs-20261007-01,LIGHT,AVAXUSDT,1.0,11.111,11.112,11.1115,0.9000090000887973,10521152777,11.111,11.112,335,57,1595204.3606399987,625529.21592,1639223.4605399992,583869.8948300001,12762.048700000001,5511.629980000001,136546.50310000003,155660.31146000003,274401.22437000007,234644.17015000008,356682.0578300001,286801.24056,498530.51639000006,381021.27807999984
2026-10-08T02:26:46.123616+00:00,obs-20261007-01,LIGHT,FILUSDT,1.0,1.0643,1.0644,1.0643500000000001,0.939584703560925,9896022956,1.0643,1.0644,293,28,378940.89021299995,275977.96202499996,384315.62131299987,284552.42660800007,670.133475,3357.522234,96420.34885400003,76848.585246,190034.55136800004,138823.46212900002,305843.74370299996,191466.74319700003,389579.9445859999,259906.77962999995
2026-10-08T02:26:46.123616+00:00,obs-20261007-01,LIGHT,ALGOUSDT,1.0,0.1188,0.1189,0.11885000000000001,8.417508417508657,5664625385,0.1188,0.1189,149,2,50845.16180000001,24887.45110000001,52000.5428,27298.39760000001,0.0,265.5097,35559.2512,39842.2404,103243.537,69859.2022,144939.9992,91656.35590000001,182115.7722,110871.67970000001
2026-10-08T02:26:46.123616+00:00,obs-20261007-01,LIGHT,XRPUSDT,1.0,1.4249,1.425,1.42495,0.7018036353434454,26678802067,1.4249,1.425,421,223,3123859.348320001,3081669.2273900006,3665562.054399996,3460051.222440001,63066.79193000001,906615.3040799999,941346.3237399999,1185235.84585,1491965.3652599992,1623944.2803599995,2258700.352159999,2470590.389440001,4201748.178279998,2823442.8261599997
2026-10-08T02:26:46.123616+00:00,obs-20261007-01,LIGHT,HBARUSDT,1.0,0.09352,0.09353,0.093525,1.0692899914443998,8393576297,0.09352,0.09353,318,56,1275281.0776899997,309664.36856,1269655.318620001,317510.5293199999,5104.45915,7707.354000000001,159556.88999000003,127792.33464,314859.80375,209022.82451000003,487828.43781000003,359519.98774,874454.69795,715418.02757
2026-10-08T02:27:46.123644+00:00,obs-20261007-01,LIGHT,PEPEUSDT,1.0,4.09e-06,4.1e-06,4.095e-06,24.449877750611915,8828088168,4.09e-06,4.1e-06,92,9,125862.19049552,154291.01585268002,203967.70298369002,148698.45545246004,0.0,839.2393114999998,32987.71764124,137677.8202888,198292.69860171998,452407.03712515,484854.55995266995,919385.65487519,842169.30404249,1846044.00075136
2026-10-08T02:27:46.123644+00:00,obs-20261007-01,LIGHT,BNBUSDT,1.0,773.23,773.24,773.235,0.12932762567308131,20910929675,773.23,773.24,376,108,1822593.4897000003,1947082.4060400003,1886060.7599099998,1883422.4609100001,43319.80005000001,1788.0292600000007,881791.0898199999,897912.6457899997,1702663.5272300006,2018176.6623100003,3535406.9502699985,3780964.468750004,5818161.95301,5199722.700660006
2026-10-08T02:27:46.123644+00:00,obs-20261007-01,LIGHT,AAVEUSDT,1.0,174.49,174.5,174.495,0.5730987449137359,10440210554,174.49,174.5,269,36,830594.7986299997,254177.3780899999,849606.98103,234720.37028999993,1093.5583699999997,1927.8358199999998,90438.48141000002,81796.97920999999,203935.37809999997,125552.04293000001,284637.50671000005,194881.10941000003,356103.3228500001,243204.3056200001
2026-10-08T02:27:46.123644+00:00,obs-20261007-01,LIGHT,AVAXUSDT,1.0,11.103,11.104,11.1035,0.9006574799608202,10521157178,11.103,11.104,332,65,1543632.1256999997,735662.87962,1482939.5502100005,737209.30309,2918.9451600000007,19191.093740000004,218178.73869000003,141392.66735000003,345044.90783000004,234227.12817,432781.96951000014,281543.8214499999,559522.2445200002,379469.6342199998
2026-10-08T02:27:46.123644+00:00,obs-20261007-01,LIGHT,FILUSDT,1.0,1.065,1.0651,1.0650499999999998,0.9389671361503815,9896025276,1.065,1.0651,277,42,314362.7676890001,386130.04800199985,289535.97719700006,389115.22106599977,800.2019600000001,4856.036125,109566.101936,82013.140768,203018.24757000004,136737.843259,312323.95182399993,192999.10039900008,395116.998152,277495.16114299995
2026-10-08T02:27:46.123644+00:00,obs-20261007-01,LIGHT,ALGOUSDT,1.0,0.1187,0.1188,0.11875,8.424599831509116,5664625805,0.1187,0.1188,120,2,75029.7457,24443.54479999999,80516.78709999999,14839.378700000003,755.2116,0.0,46586.6878,37434.9781,111260.0657,69936.3641,143555.081,98729.96200000001,178180.185,119234.26940000002
2026-10-08T02:27:46.123644+00:00,obs-20261007-01,LIGHT,XRPUSDT,1.0,1.4235,1.4236,1.42355,0.7024938531796643,26678805610,1.4235,1.4236,412,42,2194687.987959998,2559947.7569899997,2316216.5112499995,2457635.0541699985,25108.16162,70599.261,930819.3393999999,1482265.8119699997,1373264.55881,1836735.302349999,2736958.0597699997,2559587.8030599984,4108781.4247499984,2838135.905949998
2026-10-08T02:27:46.123644+00:00,obs-20261007-01,LIGHT,HBARUSDT,1.0,0.09341,0.09342,0.093415,1.070549191735104,8393578176,0.09341,0.09342,271,76,350571.46043999994,564380.2083500001,392220.93371,537027.3350699999,6486.286100000004,1885.58849,137157.72021000003,127799.76277999999,294108.92169000005,228599.96089,453861.03095999995,376130.5715499999,828923.0954199999,742629.8865
2026-10-08T02:28:46.139824+00:00,obs-20261007-01,LIGHT,PEPEUSDT,1.0,4.08e-06,4.09e-06,4.085e-06,24.50980392156854,8828088629,4.08e-06,4.09e-06,117,20,63317.916878350006,103522.37213820998,99006.10886843,174696.63404127996,12053.0873817,1193.98076685,156506.52372312,6488.78571984,308544.58697184,183579.54056743998,571982.17339814,735101.61002414,886883.8255352699,1653671.22807251
2026-10-08T02:28:46.139824+00:00,obs-20261007-01,LIGHT,BNBUSDT,1.0,773.03,773.04,773.035,0.12936108559902237,20910931708,773.03,773.04,308,87,695877.9467799999,1326914.98865,694412.4750600006,1342708.2332299992,11241.132379999997,2760.77571,902752.48992,758715.1056700001,1713877.4703900004,1838331.4305600005,3541756.514219999,3655557.5291500045,5866481.244709999,5181871.195170009
2026-10-08T02:28:46.139824+00:00,obs-20261007-01,LIGHT,AAVEUSDT,1.0,174.59,174.6,174.595,0.5727704908631281,10440213304,174.59,174.6,265,67,1227718.0471900003,328492.98778999987,1224298.3115299996,357679.5862499998,1870.69315,12760.584769999998,131511.58201999997,70435.13713999998,180981.85258,111372.72144999997,285880.06201000005,170975.7845,359623.33722,216314.8923900001
2026-10-08T02:28:46.139824+00:00,obs-20261007-01,LIGHT,AVAXUSDT,1.0,11.099,11.1,11.099499999999999,0.9009820704553029,10521159608,11.099,11.1,246,27,967299.4790599998,500094.2716600003,973129.0245899998,496168.82972000027,895.91718,3467.58185,220231.08436999997,142145.77091,345453.75749,223018.42838000006,429008.94915999996,285367.56727999996,554495.6798299999,383404.7063099998
2026-10-08T02:28:46.139824+00:00,obs-20261007-01,LIGHT,FILUSDT,1.0,1.065,1.0651,1.0650499999999998,0.9389671361503815,9896026883,1.065,1.0651,287,13,231728.42911300002,227044.05437300005,231507.455487,214512.1909489999,137.28816799999998,122.99074599999997,109905.853034,92863.31352499999,191347.21566700004,149460.97409600002,312544.92545,205530.9638230001,395931.895953,290020.44409700006
2026-10-08T02:28:46.139824+00:00,obs-20261007-01,LIGHT,ALGOUSDT,1.0,0.1187,0.1188,0.11875,8.424599831509116,5664626006,0.1187,0.1188,87,20,48573.5518,15313.539599999996,44686.0759,13212.5105,148.96850000000003,0.0,32017.7932,40821.2454,102335.2944,73291.8229,147442.5569,100830.9911,182067.68550000002,121335.2058
2026-10-08T02:28:46.139824+00:00,obs-20261007-01,LIGHT,XRPUSDT,1.0,1.4234,1.4235,1.4234499999999999,0.7025432064078352,26678806549,1.4234,1.4235,291,24,347507.4556099999,297049.2640999998,401290.7555899998,279259.7190299999,4920.015449999999,26845.45372,915387.7295400002,1494008.1173399999,1320548.66032,1734278.1802299994,2683383.75898,2576778.977389999,4055026.9052299988,2842998.149819999
2026-10-08T02:28:46.139824+00:00,obs-20261007-01,LIGHT,HBARUSDT,1.0,0.09341,0.09342,0.093415,1.070549191735104,8393579594,0.09341,0.09342,226,24,305076.31823000003,470616.549,310052.6233600002,472135.55072000006,925.17427,4225.61686,127329.75051,126333.58134000002,288786.88236,227629.25733999995,448884.72583,374611.56982999993,823938.2873699998,741110.8847800001
2026-10-08T02:29:46.152073+00:00,obs-20261007-01,LIGHT,PEPEUSDT,1.0,4.09e-06,4.1e-06,4.095e-06,24.449877750611915,8828089236,4.09e-06,4.1e-06,197,15,156786.25580436006,426527.10512759996,78343.98815631999,450699.6547657599,13071.25432936,1295.7057449199997,75685.42307553,116225.932768,267916.10717145,436743.37718704,526741.94311528,819196.0029303001,836708.93296253,1662253.0783819302
2026-10-08T02:29:46.152073+00:00,obs-20261007-01,LIGHT,BNBUSDT,1.0,773.54,773.55,773.545,0.1292757969850733,20910936050,773.54,773.55,356,86,2459592.55311,1991891.5425300004,2436688.633389999,2064856.3670100002,3429.8702599999992,7559.452749999999,738048.8827100004,983311.4351499996,1715532.1985800008,2093285.6306500002,3557352.265639999,3714541.0075200023,5704517.3158599995,5189711.225340003
2026-10-08T02:29:46.152073+00:00,obs-20261007-01,LIGHT,AAVEUSDT,1.0,174.69,174.7,174.695,0.5724426126274551,10440216042,174.69,174.7,285,47,2042028.3572799992,264482.4810000001,2024839.9919499997,255769.11022,1846.94409,3395.604510000001,142738.45348000003,74314.46780999997,209312.50861000005,120990.41367000001,296666.38600000006,181167.50023000006,372678.70850999997,228155.5683400001
2026-10-08T02:29:46.152073+00:00,obs-20261007-01,LIGHT,AVAXUSDT,1.0,11.105,11.106,11.1055,0.9004952724001036,10521162703,11.105,11.106,288,39,1003761.0589700004,581646.9153800001,999382.40254,594120.6715400002,262.09537,372.7681800000001,215870.48567999998,120947.44660000002,340316.6356899999,216036.43834000005,429814.34816999995,273015.35955,557963.1750900001,369925.39708999987
2026-10-08T02:29:46.152073+00:00,obs-20261007-01,LIGHT,FILUSDT,1.0,1.0658,1.0659,1.0658500000000002,0.9382623381504196,9896028852,1.0658,1.0659,263,22,244878.57288700005,250812.46728099996,223358.96274300013,273825.31577900006,577.9010680000001,871.373495,130044.09397300002,75297.73749300001,212197.31509000008,134956.36383599997,314161.23930600006,190454.934141,409920.6772390001,267636.68927299994
2026-10-08T02:29:46.152073+00:00,obs-20261007-01,LIGHT,ALGOUSDT,1.0,0.1187,0.1188,0.11875,8.424599831509116,5664626292,0.1187,0.1188,102,1,21942.8159,22122.6941,17725.723400000003,29401.14929999999,256.2733,0.0,40700.0441,32698.964500000002,106599.4011,65761.096,151659.6494,93552.5359,185761.00439999998,115268.39060000001
2026-10-08T02:29:46.152073+00:00,obs-20261007-01,LIGHT,XRPUSDT,1.0,1.4244,1.4245,1.4244500000000002,0.702049985958908,26678809788,1.4244,1.4245,388,66,1835711.84213,1348590.2985399996,1561878.2155499994,1874032.3327499996,22639.357790000005,54543.21504999994,966491.5709,1040785.5138899998,1577178.4608099996,1511650.5307099998,2360996.3353299997,2065966.3187199999,4309281.73063,2333291.2518399996
2026-10-08T02:29:46.152073+00:00,obs-20261007-01,LIGHT,HBARUSDT,1.0,0.09352,0.09353,0.093525,1.0692899914443998,8393582361,0.09352,0.09353,315,38,871838.5234899995,392734.93501000013,830342.3437200001,407143.87058000005,970.9424999999998,3378.10587,144100.80911,125446.17483999999,295413.21172,217697.95182000005,482599.76097,370944.92373000004,865248.17623,726842.9635600002
2026-10-08T02:30:46.158774+00:00,obs-20261007-01,LIGHT,PEPEUSDT,1.0,4.09e-06,4.1e-06,4.095e-06,24.449877750611915,8828089696,4.09e-06,4.1e-06,156,14,202371.79322755002,217878.35349738,190452.14772925,120488.93352002001,99.89999643,1074.1751253,72346.73080342,137014.96154229998,275992.96962166,534627.94961332,538661.58861358,916585.42290766,858279.29838692,1828206.7634276203
2026-10-08T02:30:46.158774+00:00,obs-20261007-01,LIGHT,BNBUSDT,1.0,773.6,773.61,773.605,0.12926577042327025,20910940076,773.6,773.61,392,105,2385590.577649998,2054831.7777800006,2368062.19123,2060252.27568,6791.6911,5274.271989999998,739688.6897000003,1052271.0493799995,1737684.73536,2085355.9874600002,3379385.1376399985,3709292.4010700015,5712847.42367,5190244.835260004
2026-10-08T02:30:46.158774+00:00,obs-20261007-01,LIGHT,AAVEUSDT,1.0,174.98,174.99,174.985,0.5714938850154283,10440219546,174.98,174.99,331,73,1863496.7412100001,374607.77460999996,1799301.8870899996,378885.28144000005,14470.47358,5244.171329999999,121007.74845000003,87618.23817999999,212510.35393000004,125011.72950999998,320826.2445999999,187889.05520999993,420194.6740700001,227039.65574999995
2026-10-08T02:30:46.158774+00:00,obs-20261007-01,LIGHT,AVAXUSDT,1.0,11.099,11.1,11.099499999999999,0.9009820704553029,10521166460,11.099,11.1,318,46,1273889.0598799991,799052.5459900002,1281446.7854,796945.1358200002,1469.6045900000001,14145.33823,193966.52503000002,124623.10491,341230.29267,207084.51403,425829.88007,275001.22128999996,550387.2453100001,373259.9326299999
2026-10-08T02:30:46.158774+00:00,obs-20261007-01,LIGHT,FILUSDT,1.0,1.066,1.0661,1.0660500000000002,0.9380863039387677,9896030443,1.066,1.0661,244,28,136490.21700300003,179310.56097300007,148785.97249600003,165755.70798700012,2428.4367059999995,2873.176615,108335.97305900001,76189.82235699998,207737.81181300007,132975.89412199997,301860.41885300004,203713.296219,393869.5384920001,285282.1906600001
2026-10-08T02:30:46.158774+00:00,obs-20261007-01,LIGHT,ALGOUSDT,1.0,0.1187,0.1188,0.11875,8.424599831509116,5664626530,0.1187,0.1188,107,4,13594.926099999997,12037.324399999992,20550.1064,7346.080099999999,57.2134,0.0,33821.269,39224.270399999994,99267.3533,70704.5193,144704.4691,98243.78020000001,179307.1913,118747.99490000002
2026-10-08T02:30:46.158774+00:00,obs-20261007-01,LIGHT,XRPUSDT,1.0,1.4242,1.4243,1.4242499999999998,0.7021485746383505,26678812749,1.4242,1.4243,354,38,1550014.6851099997,1541574.756740001,1671603.11014,1370080.8403800006,46554.36221,2220.74163,857058.2222700001,1181287.5003599997,1474771.23054,1684388.1280399996,2239508.1744999997,2237870.888550001,4188016.3886799985,2505670.4608000005
2026-10-08T02:30:46.158774+00:00,obs-20261007-01,LIGHT,HBARUSDT,1.0,0.09351,0.09352,0.093515,1.0694043417824872,8393584721,0.09351,0.09352,272,46,531819.7279700001,286395.57568,543825.8568900003,296581.15932999994,4844.7448699999995,3200.24615,137579.67502,115042.48550999998,288546.7683,205740.39139,470601.13102999993,360759.34008,853258.29647,716657.37991
2026-10-08T02:31:46.187456+00:00,obs-20261007-01,LIGHT,PEPEUSDT,1.0,4.09e-06,4.1e-06,4.095e-06,24.449877750611915,8828089920,4.09e-06,4.1e-06,88,13,201806.00165142003,16908.39176569,225136.06999646002,10230.831497999996,0.0,938.8251052999999,50833.21212798,143825.5796839,252650.91409853997,541305.5057610099,515331.52026854,923262.9831753499,853778.23047903,1834884.3236953102
2026-10-08T02:31:46.187456+00:00,obs-20261007-01,LIGHT,BNBUSDT,1.0,773.41,773.42,773.415,0.12929752653878523,20910943069,773.41,773.42,299,93,739582.4156700001,1087653.8772800001,790130.2834599997,1032866.7642299997,13761.654220000002,1656.8570100000002,773292.52132,930363.19919,1692045.03271,2040471.9477500005,3525865.1380499983,3761138.151560004,5848499.998810003,5178961.787920007
2026-10-08T02:31:46.187456+00:00,obs-20261007-01,LIGHT,AAVEUSDT,1.0,174.87,174.88,174.875,0.571853376793996,10440222346,174.87,174.88,316,53,2219597.279119999,383696.6238900001,2190687.3732700003,359839.16893000004,12951.05359,13610.140769999998,161964.50917000006,100536.35947000002,247321.7173500001,138039.24673000007,352248.4402299999,206582.15233000007,453439.25200000015,250472.7625100001
2026-10-08T02:31:46.187456+00:00,obs-20261007-01,LIGHT,AVAXUSDT,1.0,11.09,11.091,11.090499999999999,0.9017132551836227,10521169157,11.09,11.091,337,32,885658.9251200003,543827.2878700002,909329.94727,522337.3518099999,2457.52389,10131.948430000002,212907.93401999996,134583.39749000003,333242.04187,230611.30783999996,432056.52201999986,296384.5714099999,528946.2630200001,394027.76434999984
2026-10-08T02:31:46.187456+00:00,obs-20261007-01,LIGHT,FILUSDT,1.0,1.0649,1.065,1.06495,0.9390553103583166,9896032090,1.0649,1.065,280,24,135758.51508200006,104046.639797,163071.36386299995,84897.41459599994,800.8598800000001,1672.596229,109226.279985,79811.237237,205992.07480000003,133016.05807399997,294455.93132,218417.98205100003,377605.06950399996,303906.50404400006
2026-10-08T02:31:46.187456+00:00,obs-20261007-01,LIGHT,ALGOUSDT,1.0,0.1187,0.1188,0.11875,8.424599831509116,5664626800,0.1187,0.1188,104,45,48011.1513,4784.4062,48763.922099999996,3579.1372999999994,2529.8531,0.0,29772.6872,40430.5125,98494.7585,72012.711,143951.6983,99449.0491,179073.7569,119953.26380000002
2026-10-08T02:31:46.187456+00:00,obs-20261007-01,LIGHT,XRPUSDT,1.0,1.4236,1.4237,1.4236499999999999,0.702444506883726,26678814651,1.4236,1.4237,340,28,769276.2367699997,925917.0011399995,903207.8441399998,588365.40099,25974.766409999997,9366.22259,872309.8758299999,1318281.4161599998,1342892.4422899995,1845341.8464199998,2701439.588729999,2574021.8104299996,4060580.445649998,2842444.224979999
2026-10-08T02:31:46.187456+00:00,obs-20261007-01,LIGHT,HBARUSDT,1.0,0.09342,0.09343,0.09342500000000001,1.0704345964462902,8393585930,0.09342,0.09343,256,11,292602.6593000001,271849.21997000003,300370.10132000013,226000.85765000002,2063.1364,37.7549,161428.27606000003,130553.81384,312649.99083,239376.41212999992,469448.5060300002,390397.42062,845772.3209500001,762370.5405700002
2026-10-08T02:32:46.198015+00:00,obs-20261007-01,LIGHT,PEPEUSDT,1.0,4.09e-06,4.1e-06,4.095e-06,24.449877750611915,8828090198,4.09e-06,4.1e-06,107,16,182132.47383144003,228085.22740067999,143970.65129595998,229202.24632210995,100.82382926999999,1017.4960447000001,93190.33186343999,121605.2175396,290814.7238088,455783.58340733993,553493.3428040199,922145.96425392,869333.1121490499,1833767.3047738802
2026-10-08T02:32:46.198015+00:00,obs-20261007-01,LIGHT,BNBUSDT,1.0,773.79,773.8,773.795,0.12923402990416832,20910946499,773.79,773.8,380,72,1895485.6227499999,1653667.1047900002,1850026.8078599994,1690206.9090100003,809.7681199999998,10429.038309999998,625309.3667300002,1042227.0440500001,1710994.2509700004,2106924.2771500014,3362544.177399998,3730413.9774200036,5702811.256860002,5212924.003390006
2026-10-08T02:32:46.198015+00:00,obs-20261007-01,LIGHT,AAVEUSDT,1.0,174.6,174.61,174.60500000000002,0.572737686139746,10440226079,174.6,174.61,369,65,2185972.2077800017,456822.19960000005,2211762.42148,408016.4225999999,22921.874519999994,14438.699599999998,199689.82219999997,137956.03758999996,255565.85975999996,176343.77075999996,367140.9320900001,244537.86979000003,438530.82763000025,292375.37234
2026-10-08T02:32:46.198015+00:00,obs-20261007-01,LIGHT,AVAXUSDT,1.0,11.104,11.105,11.1045,0.9005763688763047,10521171874,11.104,11.105,300,37,1005860.5363599993,418643.62559000007,964729.2589799996,440573.43234999984,180.26019,5486.22766,247491.03283,153403.90187,346233.8894100001,227578.92427999998,440293.79412,274663.0442,566781.6882199999,372845.5115099999
2026-10-08T02:32:46.198015+00:00,obs-20261007-01,LIGHT,FILUSDT,1.0,1.0657,1.0658,1.06575,0.9383503800308723,9896033463,1.0657,1.0658,273,17,179199.75647900006,101214.45999,158246.81448900007,108100.967968,106.032851,564.131971,106036.01633200001,87833.54030399998,192157.62451200004,148174.91580999998,309621.0846579999,215507.03756100003,394964.7115359999,297517.937861
2026-10-08T02:32:46.198015+00:00,obs-20261007-01,LIGHT,ALGOUSDT,1.0,0.1188,0.1189,0.11885000000000001,8.417508417508657,5664627314,0.1188,0.1189,108,2,46210.264700000014,39684.160800000005,39699.0403,52090.835,6.1724,468.54720000000003,28137.144200000002,38589.9047,79005.7302,70113.44529999999,146038.5755,89572.9349,183450.6081,113351.96600000001
2026-10-08T02:32:46.198015+00:00,obs-20261007-01,LIGHT,XRPUSDT,1.0,1.4243,1.4244,1.42435,0.7020992768391743,26678817546,1.4243,1.4244,353,43,1404355.0458399996,1593337.0933400004,1457723.6589199996,1900571.0935399989,6941.74827,9457.039449999998,751435.3635399998,1083466.9345400003,1356026.7398799995,1428271.06407,2052193.5710299995,2269748.689210001,4000470.523069998,2538888.1519699995
2026-10-08T02:32:46.198015+00:00,obs-20261007-01,LIGHT,HBARUSDT,1.0,0.09348,0.09349,0.093485,1.0697475395815559,8393587950,0.09348,0.09349,277,22,492218.25798,444241.6455200001,465153.5798499999,459480.32229000004,1131.88371,3417.8756000000003,168047.93411,128313.98510999998,311486.2260300001,230864.75120000003,495441.5078600002,385275.82383999985,872616.7259600002,741268.38552
2026-10-08T02:33:46.198511+00:00,obs-20261007-01,LIGHT,PEPEUSDT,1.0,4.09e-06,4.1e-06,4.095e-06,24.449877750611915,8828090546,4.09e-06,4.1e-06,91,13,10403.02608421,171884.88383051,8530.02118503,175656.33745483,56.18485352,2569.4730914,91951.78221469,110813.78716879999,292369.26586405,445596.48332654,555366.3477032,918374.5106295999,871215.9482171099,1829995.8511495602
2026-10-08T02:33:46.198511+00:00,obs-20261007-01,LIGHT,BNBUSDT,1.0,773.59,773.6,773.595,0.1292674414088424,20910950927,773.59,773.6,324,76,1983045.3624799997,1628964.8559999992,2025291.8898099994,1598851.5444899993,4698.99083,1042.0672499999998,709463.1032500003,1068879.4941699996,1687348.9889,2134589.91123,3524178.5745499977,3757574.887410003,5670248.919450001,5240316.213280005
2026-10-08T02:33:46.198511+00:00,obs-20261007-01,LIGHT,AAVEUSDT,1.0,174.53,174.54,174.535,0.572967398153601,10440228035,174.53,174.54,293,27,497547.11484999966,214558.56465000007,578026.0591299997,220608.18207000004,10411.685590000001,1443.67665,123690.80767000002,119321.58956999995,199199.85662000004,171211.6932,288581.18021,237244.20544000008,359058.20909000013,286012.2058400002
2026-10-08T02:33:46.198511+00:00,obs-20261007-01,LIGHT,AVAXUSDT,1.0,11.097,11.098,11.0975,0.9011444534579027,10521174687,11.097,11.098,317,33,843665.8369100002,503786.09279,870851.3812699998,446540.94187000004,10733.63935,2912.1125700000002,190061.41864,189522.80589999998,304435.62457999995,279484.40546999994,416481.69763999997,331753.9245699999,541721.4057000002,429442.9800399999
2026-10-08T02:33:46.198511+00:00,obs-20261007-01,LIGHT,FILUSDT,1.0,1.0654,1.0655,1.0654499999999998,0.9386146048440125,9896034953,1.0654,1.0655,237,23,136872.27169599992,117193.76963299999,144913.42567999996,114270.28639500005,4904.274643000002,1230.317537,109419.89769000001,88708.40151999998,196758.16625100002,135071.292907,303478.2826179999,218401.62285500005,390300.0743129999,300436.4112910001
2026-10-08T02:33:46.198511+00:00,obs-20261007-01,LIGHT,ALGOUSDT,1.0,0.1188,0.1189,0.11885000000000001,8.417508417508657,5664627638,0.1188,0.1189,119,57,138185.6285,11357.845100000002,138344.72690000004,14015.446399999995,884.7036000000003,0.0,32988.00659999999,38135.5208,103087.55,69345.0587,145879.4771,86915.33359999998,183291.5097,111908.02409999998
2026-10-08T02:33:46.198511+00:00,obs-20261007-01,LIGHT,XRPUSDT,1.0,1.4244,1.4245,1.4244500000000002,0.702049985958908,26678820674,1.4244,1.4245,394,41,1726489.1251799988,1380854.5950900004,1588804.50167,1549323.6969899992,18332.69476,7948.480719999999,805150.5242399998,916384.1393500001,1398369.58575,1262773.2924499998,2178440.40336,2102334.376070001,4138004.1958699985,2371456.0628699996
2026-10-08T02:33:46.198511+00:00,obs-20261007-01,LIGHT,HBARUSDT,1.0,0.09347,0.09348,0.093475,1.0698619878035664,8393589789,0.09347,0.09348,264,28,357539.29428000015,368066.91672000027,385702.11211,358729.4150600002,2711.2312,3853.1907499999998,140308.81003000002,137111.51661,280854.3376,240072.17311999996,467284.6132300002,394613.32549999986,844445.4208900002,751214.74218
2026-10-08T02:34:46.202927+00:00,obs-20261007-01,LIGHT,PEPEUSDT,1.0,4.09e-06,4.1e-06,4.095e-06,24.449877750611915,8828090829,4.09e-06,4.1e-06,117,12,22876.483331639996,208408.18871373998,42117.10420074999,312291.79806601,6881.898004409999,849.4846046999999,83326.94448949,135678.86038519998,273322.27413805,432368.91110723,536125.72683409,814490.90127733,851977.25584522,1657679.2326953602
2026-10-08T02:34:46.202927+00:00,obs-20261007-01,LIGHT,BNBUSDT,1.0,773.55,773.56,773.555,0.1292741257841179,20910953421,773.55,773.56,348,35,755890.6692899999,686168.51935,884514.5978199999,664988.3708999996,1331.2951899999998,3123.7441500000004,688175.0154700001,1036039.4056599998,1615551.47669,2154855.7232500007,3399543.8046499966,3778676.9042100036,5536417.648930002,5260887.800800008
2026-10-08T02:34:46.202927+00:00,obs-20261007-01,LIGHT,AAVEUSDT,1.0,174.48,174.49,174.485,0.5731315910151302,10440229887,174.48,174.49,218,43,415160.24873000017,225404.93191,313836.6921400001,240495.41204999998,16785.358089999998,19584.906059999998,224439.63054,99619.14351000001,311542.0878999999,156945.06013000009,389915.27515999996,215891.03992000013,462057.40444,263810.2479100002
2026-10-08T02:34:46.202927+00:00,obs-20261007-01,LIGHT,AVAXUSDT,1.0,11.091,11.092,11.0915,0.9016319538379669,10521176610,11.091,11.092,247,22,526134.58505,367055.1935900001,561207.8711499999,411749.97189999995,4640.112480000001,1639.3832,170887.33802999993,136928.77826,311334.81867999997,219857.8531399999,381611.38073999994,287005.13475999987,517173.2227299999,384645.75804999983
2026-10-08T02:34:46.202927+00:00,obs-20261007-01,LIGHT,FILUSDT,1.0,1.0655,1.0656,1.06555,0.9385265133765586,9896036307,1.0655,1.0656,251,25,150069.57326299997,99989.14395200003,148943.15604599996,100190.85538699997,1602.237106,785.5817550000002,110454.35652300001,85493.74367999997,210546.414028,135021.19591299997,303087.4227749999,218218.185296,391292.27588899987,300234.6998560001
2026-10-08T02:34:46.202927+00:00,obs-20261007-01,LIGHT,ALGOUSDT,1.0,0.1188,0.1189,0.11885000000000001,8.417508417508657,5664627891,0.1188,0.1189,106,0,72211.11189999999,14078.699400000001,69027.9818,11603.949100000003,0.0,0.0,42627.8396,41363.9863,106621.2267,72072.169,149062.60719999997,89390.08389999998,186474.63979999998,114607.72019999998
2026-10-08T02:34:46.202927+00:00,obs-20261007-01,LIGHT,XRPUSDT,1.0,1.4246,1.4247,1.4246500000000002,0.7019514249617664,26678822546,1.4246,1.4247,353,34,1052158.758380001,638841.52076,977760.4680299999,712876.3523699996,17017.127070000002,2198.6050600000003,872733.05561,891353.29005,1470180.3905700003,1190653.7814099996,2252778.1888800003,2029053.6140299996,4210882.91008,2297677.6933699995
2026-10-08T02:34:46.202927+00:00,obs-20261007-01,LIGHT,HBARUSDT,1.0,0.0935,0.09351,0.093505,1.0695187165765674,8393591523,0.0935,0.09351,255,23,454751.26815000013,218536.7961499999,440677.5432900002,246984.41140000004,1296.08212,40207.13253,146880.27388999998,111202.52402,292574.11921,212189.38581,475809.2741700001,366264.2005299999,858521.2645500002,722767.12693
2026-10-08T02:35:46.203879+00:00,obs-20261007-01,LIGHT,PEPEUSDT,1.0,4.09e-06,4.1e-06,4.095e-06,24.449877750611915,8828091118,4.09e-06,4.1e-06,116,10,20039.312359289997,265361.4313900799,10500.87151868,266920.69263400004,0.0,1067.1414071999998,96073.78927042999,259022.2040981,283224.43609235,430368.55242922995,545664.1676747,812931.6400334099,862559.40789253,1656119.9714514401
2026-10-08T02:35:46.203879+00:00,obs-20261007-01,LIGHT,BNBUSDT,1.0,773.99,774.0,773.995,0.12920063566790319,20910956682,773.99,774.0,326,75,2528195.777470002,1676177.24231,2533575.51353,1906310.9625499994,1079.62705,30349.88358,643764.8408200002,1053787.6318200002,1608405.7889700003,2090984.1981300006,3185039.031869998,3553496.510300001,5524281.716120003,5036361.682910004
2026-10-08T02:35:46.203879+00:00,obs-20261007-01,LIGHT,AAVEUSDT,1.0,174.8,174.81,174.805,0.5720823798616159,10440231753,174.81,174.82,186,33,638351.1034300001,232997.80462999997,610481.1994100002,263199.22385,619.62812,4430.024990000001,228135.54243,94800.18686,293673.2647100001,144101.94404000003,375176.51543,200225.7725400001,484657.17980000004,239457.16292000012
2026-10-08T02:35:46.203879+00:00,obs-20261007-01,LIGHT,AVAXUSDT,1.0,11.113,11.114,11.1135,0.8998470260057623,10521179727,11.113,11.114,311,41,1181645.2049799997,458325.84787999984,1115184.73807,518331.8657699999,72.30663000000001,10059.291560000001,209113.00487,124250.40238,343057.82304000005,188105.06546,428135.1127000001,230926.02888000003,570921.4013300003,326414.83194999996
2026-10-08T02:35:46.203879+00:00,obs-20261007-01,LIGHT,FILUSDT,1.0,1.0696,1.0697,1.0696500000000002,0.9349289453997045,9896040911,1.0696,1.0697,400,118,660648.6014370002,505341.6111640004,620407.1416750001,567375.523241,6545.898939999999,8221.464086999998,68374.04126,79638.10777299998,165550.79477400004,131682.95823999995,306835.83726400015,192907.1719209999,393588.419835,247987.42542199988
2026-10-08T02:35:46.203879+00:00,obs-20261007-01,LIGHT,ALGOUSDT,1.0,0.1191,0.1192,0.11915,8.396305625524292,5664628964,0.1191,0.1192,187,5,250819.94490000006,84500.51029999998,243562.20639999997,93667.04569999996,67.711,3524.0783000000006,19952.1352,37496.89600000001,83357.177,63610.54410000001,144211.78459999998,88461.02110000001,187020.97159999996,110725.30910000003
2026-10-08T02:35:46.203879+00:00,obs-20261007-01,LIGHT,XRPUSDT,1.0,1.4253,1.4254,1.42535,0.7016066792964182,26678825732,1.4253,1.4254,421,43,1855411.4540199998,1645842.0066600011,1768098.361579999,1895706.2273700002,2138.3889200000003,12372.14212,792753.05981,619555.0209100001,1451440.8250199996,1103858.3279800003,2334571.31383,1782717.7310400004,4289017.840549999,2135600.2787600006
2026-10-08T02:35:46.203879+00:00,obs-20261007-01,LIGHT,HBARUSDT,1.0,0.09358,0.09359,0.093585,1.0686044026519959,8393593180,0.09358,0.09359,262,18,799439.2777500005,188615.27339000002,761570.4729500003,208356.17889999997,1370.06718,2248.4849299999996,149470.70524999997,105248.70163000001,291637.09573999996,199147.49784,493717.60495999997,347544.43153999996,867094.7169600001,703084.4985999999
2026-10-08T02:36:46.205229+00:00,obs-20261007-01,LIGHT,PEPEUSDT,1.0,4.09e-06,4.1e-06,4.095e-06,24.449877750611915,8828091504,4.09e-06,4.1e-06,136,12,76029.61911729,118970.51715012999,77208.23259193,119644.14699113998,14.270938430000001,911.1887108999999,92399.77359574,280831.0887582,283781.07674326,430821.58277633996,544485.55420006,812258.0101924,860530.67322961,1655446.34161043
2026-10-08T02:36:46.205229+00:00,obs-20261007-01,LIGHT,BNBUSDT,1.0,773.63,773.64,773.635,0.12926075772634604,20910960216,773.63,773.64,376,71,1811849.11298,2597944.277869999,1850455.290809999,2625901.2353499997,14851.843770000001,3852.06949,672800.6265400002,1012049.7912699997,1609850.5382100001,2162851.2727200016,3159082.0487599974,3520791.717590005,5494724.862720003,5108810.8317000065
2026-10-08T02:36:46.205229+00:00,obs-20261007-01,LIGHT,AAVEUSDT,1.0,174.6,174.61,174.60500000000002,0.572737686139746,10440234545,174.6,174.61,338,47,1100018.7462599992,339803.10977,1220077.98512,304425.88599000004,1844.35088,2670.4723500000005,116789.26577000001,108654.71988999996,180739.44506,158452.02003999997,292302.8509600001,228573.57679,366065.19025000016,271273.27581
2026-10-08T02:36:46.205229+00:00,obs-20261007-01,LIGHT,AVAXUSDT,1.0,11.084,11.085,11.0845,0.902201371346667,10521184791,11.084,11.085,402,85,1881141.8780599996,855159.0369300001,1922139.6155800002,779867.7632600003,22932.07483000001,9832.4971,232064.39906000003,127063.14835999999,347994.4239900001,220534.68479000006,443417.3907600001,300385.18000000005,543216.1010000003,396098.28088
2026-10-08T02:36:46.205229+00:00,obs-20261007-01,LIGHT,FILUSDT,1.0,1.0695,1.0696,1.06955,0.9350163627885877,9896044362,1.0695,1.0696,365,85,384989.8862640002,319774.8540270001,401960.22146499995,308058.026849,1653.636864,3165.965761,79453.63556000001,89924.84084099998,176548.94918600004,134230.08202899995,293451.403379,204611.30417199992,379266.5851309999,263720.4591869999
2026-10-08T02:36:46.205229+00:00,obs-20261007-01,LIGHT,ALGOUSDT,1.0,0.119,0.1191,0.11904999999999999,8.403361344537785,5664629738,0.119,0.1191,202,18,295838.9045,54457.701900000015,293759.68249999994,47770.70510000001,599.1552999999999,13.577399999999999,28305.752,30884.5809,68699.9878,67527.4721,150041.52349999998,94889.2526,184571.78159999996,116052.59940000002
2026-10-08T02:36:46.205229+00:00,obs-20261007-01,LIGHT,XRPUSDT,1.0,1.4243,1.4244,1.42435,0.7020992768391743,26678829645,1.4243,1.4244,418,47,2722816.833550002,2167438.0167499986,2986433.9107100004,1491247.8007199997,27665.22526,16812.12361,745194.3509600002,1203171.8401899994,1321371.9059500003,1487248.3064299996,2076615.23027,2455083.6601400007,4035861.2311499985,2724220.7298999997
2026-10-08T02:36:46.205229+00:00,obs-20261007-01,LIGHT,HBARUSDT,1.0,0.09352,0.09354,0.09353,2.13857998289102,8393595126,0.09353,0.09354,269,37,406206.8598699998,892874.5456000001,426999.6385300002,873077.9335400002,1795.55766,2296.53293,152961.68269999995,116866.40911000002,302540.17228999996,218351.50069000002,487211.67045999994,366374.21583,849811.1090399999,732888.8657000001
2026-10-08T02:37:46.251865+00:00,obs-20261007-01,LIGHT,PEPEUSDT,1.0,4.09e-06,4.1e-06,4.095e-06,24.449877750611915,8828091844,4.09e-06,4.1e-06,115,14,81086.47778873998,178456.50306312,83595.65707124001,177576.49416543997,19.384325959999998,1225.6947294,92254.65275562,265466.0627954,281084.48696034,430676.77220618,541976.37491756,813138.01909008,858016.59063436,1656326.3505081101
2026-10-08T02:37:46.251865+00:00,obs-20261007-01,LIGHT,BNBUSDT,1.0,773.75,773.76,773.755,0.12924071082442978,20910962914,773.75,773.76,301,63,1080543.2592200008,1340197.7458699998,1058472.01455,1195521.2975400006,2752.7138299999997,3690.3918499999995,603635.9706600001,1074703.0237399999,1620587.8549400002,2145511.100440002,3170130.5738699976,3666558.2697000057,5514097.965310004,5255116.225850009
2026-10-08T02:37:46.251865+00:00,obs-20261007-01,LIGHT,AAVEUSDT,1.0,174.72,174.73,174.725,0.5723443223448754,10440236113,174.72,174.73,186,25,574374.8031600001,166697.60759000006,393058.16552999994,188054.69608000002,542.2040900000001,3197.0552600000005,272648.64486,98189.51662999998,359174.96867999993,152892.37978999992,471109.8588799997,211085.85742999995,543891.4229099996,253170.37089
2026-10-08T02:37:46.251865+00:00,obs-20261007-01,LIGHT,AVAXUSDT,1.0,11.095,11.096,11.095500000000001,0.9013068949981218,10521189487,11.095,11.096,368,87,1731214.5949500008,787998.0973700001,1753600.1581499993,860259.1241099996,30266.31880999999,20233.11256999999,149129.62531,102374.82921999997,272309.73085999995,171178.06193999999,384797.0207099999,230061.6331799999,517260.41209000006,327911.76274999976
2026-10-08T02:37:46.251865+00:00,obs-20261007-01,LIGHT,FILUSDT,1.0,1.0698,1.0699,1.0698500000000002,0.9347541596560482,9896046693,1.0698,1.0699,362,38,408063.7061820001,191769.93359399994,400806.47458499967,195945.03414800006,5297.443808,3705.398547,73706.13923799999,94826.82754199997,173192.65363400005,146658.008675,297117.6716400001,204129.39219699992,385969.89645500004,259777.4922259999
2026-10-08T02:37:46.251865+00:00,obs-20261007-01,LIGHT,ALGOUSDT,1.0,0.1192,0.1193,0.11925,8.38926174496768,5664630524,0.1192,0.1193,164,3,303856.6962,50137.948600000025,294937.5852000001,62636.64410000002,0.0,583.1297,28852.2212,37573.2466,53397.754,66206.834,148373.0796,88952.98480000002,183018.43029999995,111037.46960000004
2026-10-08T02:37:46.251865+00:00,obs-20261007-01,LIGHT,XRPUSDT,1.0,1.4252,1.4253,1.4252500000000001,0.7016559079420226,26678832003,1.4252,1.4253,352,37,1326856.8093299998,741028.1052800001,1046495.09746,1389645.1813800002,381.3632000000001,22953.28021,820362.1045900001,645505.4135500002,1468018.3013,975520.5948500001,2351636.38664,1810770.78209,4306250.34401,2162918.67504
2026-10-08T02:37:46.251865+00:00,obs-20261007-01,LIGHT,HBARUSDT,1.0,0.09359,0.0936,0.09359500000000001,1.0684902233148996,8393596628,0.09359,0.0936,265,15,469062.76657000027,115019.16747000004,439140.76364,136280.60845,694.73813,2296.2952,150887.06069999997,108548.03926000003,263601.43623,209365.51944,502048.27887999994,346079.60262,875180.5608699999,711627.4247200001
2026-10-08T02:38:46.291821+00:00,obs-20261007-01,LIGHT,PEPEUSDT,1.0,4.09e-06,4.1e-06,4.095e-06,24.449877750611915,8828092166,4.09e-06,4.1e-06,142,16,143459.68577952997,225390.19378299,113273.64504494,241229.76907120994,13.89161547,2141.1238898999995,108775.40535079,217253.44126509997,305190.06101695,414198.04840588,572162.41565215,797298.4438018601,862224.4289730901,1654990.1771326303
2026-10-08T02:38:46.291821+00:00,obs-20261007-01,LIGHT,BNBUSDT,1.0,773.93,773.94,773.935,0.1292106521266767,20910966922,773.93,773.94,374,101,1565618.1000000008,1076715.5972800006,1536773.3485500007,1076814.2020099997,8274.63179,25474.220200000003,614920.3792500001,1068428.6795400002,1598080.8923,2149055.8614100013,3197724.2996399975,3670034.535760002,5536139.907620002,5258096.282260009
2026-10-08T02:38:46.291821+00:00,obs-20261007-01,LIGHT,AAVEUSDT,1.0,174.82,174.83,174.825,0.5720169317013912,10440238075,174.82,174.83,289,25,703189.2586000002,358859.7540800003,656058.1184900005,366534.91672000015,195.32482000000002,1332.1110400000002,294918.1157399999,80290.01243999998,343093.9414499999,139624.94043999998,461092.82084999984,204661.15037,580159.7096199996,244036.06023
2026-10-08T02:38:46.291821+00:00,obs-20261007-01,LIGHT,AVAXUSDT,1.0,11.101,11.102,11.101500000000001,0.9008197459681178,10521193194,11.101,11.102,297,48,1428408.29684,642479.5003099999,1381220.335829999,632904.3716600001,1371.6246100000003,1430.1389900000001,211851.89957999997,100151.80528000002,335340.5442300001,182229.56049,431566.4470900001,239767.13515999995,557979.7053500001,337126.60300999985
2026-10-08T02:38:46.291821+00:00,obs-20261007-01,LIGHT,FILUSDT,1.0,1.0692,1.0693,1.0692499999999998,0.9352787130567641,9896048891,1.0692,1.0693,302,40,483397.05594799976,208336.23948700007,499034.1442499999,202482.06842499998,2172.1797670000005,895.5027220000001,95910.50782100002,84914.66970199998,196204.733802,136681.124236,285115.634628,206246.00590799993,376614.17817300005,265574.2650419999
2026-10-08T02:38:46.291821+00:00,obs-20261007-01,LIGHT,ALGOUSDT,1.0,0.1193,0.1194,0.11935000000000001,8.382229673093988,5664631489,0.1193,0.1194,204,7,209694.3994000001,70633.86230000002,199721.7189,69890.84210000002,1091.872,3729.0709000000006,35722.7609,29351.603199999998,81956.3325,62884.933800000006,151947.9288,91422.8905,184933.45879999996,115634.5685
2026-10-08T02:38:46.291821+00:00,obs-20261007-01,LIGHT,XRPUSDT,1.0,1.4257,1.4258,1.4257499999999999,0.7014098337654318,26678834770,1.4257,1.4258,377,47,1788412.4096699988,1614032.2754300004,1786247.2557300013,1524940.0768300006,5352.350160000001,27298.84585,824027.3534099999,745022.9039300001,1462340.1416499997,1223506.6790200006,2352181.0224299994,1913846.8966300008,4301643.95262,2253248.537980001
2026-10-08T02:38:46.291821+00:00,obs-20261007-01,LIGHT,HBARUSDT,1.0,0.0936,0.09361,0.093605,1.0683760683760646,8393597969,0.0936,0.09361,258,24,697231.9663300002,149583.16141999996,689999.5547799995,150589.83874999994,2417.92734,1691.5609200000001,178382.61238999997,107138.35285999998,323678.58926999994,208449.92663999996,509280.69042999984,345946.0021899999,884683.30146,711127.0661399999
2026-10-08T02:39:46.360776+00:00,obs-20261007-01,LIGHT,PEPEUSDT,1.0,4.1e-06,4.11e-06,4.105e-06,24.390243902439046,8828092918,4.1e-06,4.11e-06,176,132,248534.72774288993,405826.61217239004,138273.31768853002,524167.69230841,0.0,154082.58011955998,67985.7390411,131154.89984295,250182.12472194998,463141.83827351005,543247.51998309,1139298.80275478,799799.56627471,1666249.0171010802
2026-10-08T02:39:46.360776+00:00,obs-20261007-01,LIGHT,BNBUSDT,1.0,774.16,774.17,774.165,0.1291722641316717,20910970370,774.16,774.17,368,78,1604528.9101600004,1821888.31747,1635379.1056200012,1838429.3099200001,3324.2593100000004,11690.051460000002,601664.2715,1132978.3883899997,1581206.707190001,2056516.2504500002,3113395.4534899984,3655180.7392299986,5490201.090210004,5242625.228120001
2026-10-08T02:39:46.360776+00:00,obs-20261007-01,LIGHT,AAVEUSDT,1.0,174.94,174.95,174.945,0.5716245569908907,10440241117,174.94,174.95,318,51,1212636.7037900002,721805.45322,1370686.871090001,727967.2904500002,830.3457499999998,9999.05537,160463.47121000005,103039.93478000003,225005.67347000007,143830.8942100001,300307.70431999984,204056.87743000005,396059.6922799999,243663.53855000003
2026-10-08T02:39:46.360776+00:00,obs-20261007-01,LIGHT,AVAXUSDT,1.0,11.125,11.126,11.125499999999999,0.8988764044937092,10521197775,11.125,11.126,384,40,1827069.1679400003,870038.9027999996,1784743.90855,877057.8011600004,2102.17977,1680.54939,227371.70272999996,124646.08653999999,355696.65226999996,200720.94839,453983.9074300001,239257.47457,560692.3222699998,333591.6739399999
2026-10-08T02:39:46.360776+00:00,obs-20261007-01,LIGHT,FILUSDT,1.0,1.0699,1.07,1.06995,0.9346667912879525,9896050959,1.0699,1.07,320,40,326243.0316939999,161334.39609600016,306301.9694430003,177603.42787800005,434.25383899999997,2699.3037480000003,103146.960831,79308.810835,202501.494353,136559.37019500002,301098.87557300006,194046.54360799992,388816.04070899996,249542.84761599987
2026-10-08T02:39:46.360776+00:00,obs-20261007-01,LIGHT,ALGOUSDT,1.0,0.1194,0.1195,0.11945,8.375209380233617,5664631966,0.1194,0.1195,139,1,267305.0601,21098.873999999985,262605.6707,23970.7609,0.0,322.8576,25357.3972,34291.8823,61846.8875,66966.70959999999,151134.47019999998,90429.10739999996,191369.09129999997,113551.00009999996
2026-10-08T02:39:46.360776+00:00,obs-20261007-01,LIGHT,XRPUSDT,1.0,1.4269,1.427,1.4269500000000002,0.7008199593516728,26678839054,1.4269,1.427,471,59,2716366.5409500003,2338448.0126999994,2579361.6209,2405029.1356899994,9339.596830000004,83856.64882000002,1054620.6381199996,853656.70716,1693933.8066199995,1303554.4933300002,2458636.6612699996,1863285.0691300002,4322822.051019997,2222666.8393199993
2026-10-08T02:39:46.360776+00:00,obs-20261007-01,LIGHT,HBARUSDT,1.0,0.09369,0.0937,0.093695,1.067349770520476,8393599698,0.09369,0.0937,247,29,903874.80301,238956.16734000004,889660.05493,255144.41002000004,1896.51829,2140.9381599999997,181153.43615999998,111287.67043999999,337034.52876999986,194736.68559,520880.52477999975,330322.5552,892929.7782999995,696208.8062
2026-10-08T02:40:46.373664+00:00,obs-20261007-01,LIGHT,PEPEUSDT,1.0,4.1e-06,4.11e-06,4.105e-06,24.390243902439046,8828093746,4.1e-06,4.11e-06,158,16,271117.26932178997,340286.02083407994,301328.3790218499,338228.1314608999,31.9185492,2567.54289711,92689.5107012,131336.00979597,250823.25362362998,465199.79802669,513036.41028303,1141356.69212796,775324.6967767301,1668306.9064742601
2026-10-08T02:40:46.373664+00:00,obs-20261007-01,LIGHT,BNBUSDT,1.0,774.22,774.23,774.225,0.1291622536236936,20910975914,774.22,774.23,395,109,2454001.4675700003,2249025.7812999994,2425359.73648,2212986.4321999988,11295.303809999996,7420.003559999999,583554.7552900001,1192401.0125699998,1587036.9003400004,2070901.7926,3142395.053929997,3691462.4891399983,5510518.11316,5273276.893230001
2026-10-08T02:40:46.373664+00:00,obs-20261007-01,LIGHT,AAVEUSDT,1.0,175.2,175.21,175.20499999999998,0.5707762557083385,10440244960,175.2,175.21,356,66,2122381.0793899996,435868.42090999987,1915195.7552699998,450059.43101000023,1746.0131099999999,6210.34743,306726.36116000003,99578.20017,354598.1498,152601.24160999994,476955.57232,189945.11852000005,586315.8656100003,234744.82948999997
2026-10-08T02:40:46.373664+00:00,obs-20261007-01,LIGHT,AVAXUSDT,1.0,11.129,11.13,11.1295,0.8985533291405723,10521204048,11.129,11.13,377,94,2237331.439219998,875171.6231799996,2270702.9669099995,863365.0791900002,21216.783740000006,15463.588979999999,205407.22376000005,124227.64119999997,335003.82865000004,194390.99868999992,420578.22906000033,252089.66855999996,524444.4282200002,371725.3478699999
2026-10-08T02:40:46.373664+00:00,obs-20261007-01,LIGHT,FILUSDT,1.0,1.0699,1.07,1.06995,0.9346667912879525,9896052878,1.0699,1.07,291,36,189238.58648300002,133532.77715200002,191867.77459000004,131728.27797,405.479906,473.54693000000003,88053.82941799998,81226.60343699998,187813.580905,138446.11934499998,298469.68746600003,195851.04278999992,386386.475332,251347.34679799987
2026-10-08T02:40:46.373664+00:00,obs-20261007-01,LIGHT,ALGOUSDT,1.0,0.1194,0.1195,0.11945,8.375209380233617,5664632691,0.1194,0.1195,164,3,293058.95240000007,44402.9243,286028.90690000006,38984.16920000001,245.964,119.4,18391.6244,38597.398499999996,56020.3988,72385.3725,146144.2849,94629.92309999999,187842.85079999993,116278.90139999999
2026-10-08T02:40:46.373664+00:00,obs-20261007-01,LIGHT,XRPUSDT,1.0,1.4272,1.4273,1.42725,0.7006726457392531,26678844533,1.4272,1.4273,475,88,2880888.728469999,3306565.174790002,3074728.1627400015,3168288.8865300026,66512.45687000001,32829.55838999999,931672.2504699999,822518.9817600003,1535747.2857299994,1162326.5306500006,2263425.96086,2004325.0978300008,4106147.1646399996,2364133.9676200007
2026-10-08T02:40:46.373664+00:00,obs-20261007-01,LIGHT,HBARUSDT,1.0,0.09371,0.09372,0.09371499999999999,1.0671219720403968,8393601925,0.09371,0.09372,319,24,522106.94565999956,232569.49042000005,530567.4140599997,224614.46801,2466.8853000000004,1821.9554299999998,170503.17282,120437.85795,325372.6676800001,202542.29138999997,511373.33307000005,338285.24344999995,885063.0298499997,705013.2109899999
2026-10-08T02:41:46.398571+00:00,obs-20261007-01,LIGHT,PEPEUSDT,1.0,4.09e-06,4.1e-06,4.095e-06,24.449877750611915,8828094315,4.09e-06,4.1e-06,131,12,218517.70363337995,319201.6660027198,391242.8809625998,259347.90723088998,1638.6756016,1828.65054598,111042.19829614999,109167.13672689999,245092.39169686998,257732.26763668,444418.98810730997,730885.61606413,720803.36921311,1658075.5051291
2026-10-08T02:41:46.398571+00:00,obs-20261007-01,LIGHT,BNBUSDT,1.0,773.73,773.74,773.735,0.12924405154324248,20910982167,773.73,773.74,400,177,2170018.3601699993,2421135.7416,2196419.2724399995,2437705.508519999,8268.421979999997,10119.145810000002,629833.7858100001,1059824.5340899993,1632521.1109399998,2002084.7748500004,3182262.4853499965,3669363.2472600015,5513119.381430001,5258127.409240006
2026-10-08T02:41:46.398571+00:00,obs-20261007-01,LIGHT,AAVEUSDT,1.0,175.07,175.08,175.075,0.5712000913926651,10440249089,175.07,175.08,340,60,1489001.2987900001,433547.70292999997,1571492.0064599998,446033.0299799998,4258.6033099999995,8054.423170000001,212340.12397000004,74777.90619000001,317728.1445900001,124293.08018999996,409174.44101,173680.21747999993,508394.51020999986,218984.0425599999
2026-10-08T02:41:46.398571+00:00,obs-20261007-01,LIGHT,AVAXUSDT,1.0,11.107,11.108,11.1075,0.9003331232571021,10521209298,11.107,11.108,348,96,1801304.2411099994,745320.6490399997,1863108.7008999998,729817.1627799999,4061.826989999999,4581.831720000001,186797.56583,111417.10038999999,317041.60005000007,184537.11304999999,375043.33959000005,260879.9525500001,497767.9753700002,308528.60790000006
2026-10-08T02:41:46.398571+00:00,obs-20261007-01,LIGHT,FILUSDT,1.0,1.0668,1.0669,1.06685,0.9373828271463935,9896056314,1.0668,1.0669,345,62,354069.436477,306650.02004599967,444503.4606660002,249290.90552899998,2138.9935840000003,814.8728090000001,92020.44535,72121.919917,179555.54473000002,146562.071563,224535.59988,224638.56479499995,322589.819412,301235.6515279999
2026-10-08T02:41:46.398571+00:00,obs-20261007-01,LIGHT,ALGOUSDT,1.0,0.1192,0.1193,0.11925,8.38926174496768,5664633259,0.1192,0.1193,133,3,202921.3431,50521.50129999998,218360.12099999993,52009.965200000006,1435.9809,0.0,25186.6842,28863.9865,65400.881100000006,65865.6764,140116.812,92154.20810000002,174221.3121,113049.32250000001
2026-10-08T02:41:46.398571+00:00,obs-20261007-01,LIGHT,XRPUSDT,1.0,1.4256,1.4257,1.42565,0.7014590347931282,26678850379,1.4256,1.4257,439,80,3352016.8212299976,3653632.6627199994,3426122.5568,3749677.137459995,58879.59649999999,266712.0269,1056443.60333,678813.77426,1569662.7667799997,932459.7077800002,2221321.36358,1881468.1344200007,4182665.9129299996,2245274.639830001
2026-10-08T02:41:46.398571+00:00,obs-20261007-01,LIGHT,HBARUSDT,1.0,0.09358,0.09359,0.093585,1.0686044026519959,8393604320,0.09358,0.09359,322,28,432717.39686999994,417958.3988399997,513091.8478200002,396785.91101999977,1650.8065600000002,1562.85938,137594.7374,102529.68574,291505.81606000004,215148.44343999994,436385.86950999993,358867.59076,809831.94404,724861.00477
2026-10-08T02:42:46.399222+00:00,obs-20261007-01,LIGHT,PEPEUSDT,1.0,4.09e-06,4.1e-06,4.095e-06,24.449877750611915,8828094773,4.09e-06,4.1e-06,132,11,273064.15191345,521801.27107227,190735.4693535599,482912.08869217976,2.4584908199999997,1288.506057,113766.37388833,91678.04199679999,272126.70226225,289382.95339328,526747.6706672,769774.79844422,803132.051773,1709408.5070461598
2026-10-08T02:42:46.399222+00:00,obs-20261007-01,LIGHT,BNBUSDT,1.0,773.61,773.62,773.615,0.12926409948210704,20910989387,773.61,773.62,443,156,3815655.6285899994,4123638.4067500005,3835834.2100800034,4081009.83483,21898.86923,2564.242120000001,684600.2991400003,1069041.3979799997,1611884.4053099996,2069692.8745900008,3162872.805719997,3710995.491500004,5496365.083830001,5294043.658890009
2026-10-08T02:42:46.399222+00:00,obs-20261007-01,LIGHT,AAVEUSDT,1.0,175.26,175.27,175.265,0.57058085130679,10440252956,175.26,175.27,386,85,1884310.06122,435748.6280199999,1938241.5581100006,417596.51502,15803.62001,6108.307589999999,150466.96268000003,97381.69901999999,246218.76933,158482.9673699999,334034.3326399999,195929.59620999987,442813.7229,236763.0506399998
2026-10-08T02:42:46.399222+00:00,obs-20261007-01,LIGHT,AVAXUSDT,1.0,11.112,11.113,11.1125,0.8999280057597758,10521213229,11.112,11.113,321,49,1240709.4386499994,634590.2138699996,1239057.03894,616946.56317,3781.3248800000006,12621.70521,175477.19314999998,138783.46491999997,310239.16186000005,208986.54873999997,362815.2489100001,281438.35246999987,501235.06056000007,326558.01638999983
2026-10-08T02:42:46.399222+00:00,obs-20261007-01,LIGHT,FILUSDT,1.0,1.0673,1.0674,1.0673499999999998,0.9369436896844441,9896058505,1.0673,1.0674,283,46,204333.6030479998,259200.5505050001,193327.291131,257167.88685500022,1328.384344,1933.6838929999994,80562.182429,79800.24191299999,173070.203608,151660.45830300002,231811.06712899997,230753.51554200004,327719.4764179999,302965.94567400013
2026-10-08T02:42:46.399222+00:00,obs-20261007-01,LIGHT,ALGOUSDT,1.0,0.1192,0.1193,0.11925,8.38926174496768,5664634103,0.1192,0.1193,150,3,399373.0291,41455.393500000006,386178.94270000013,38345.58830000001,2470.3008,0.0,36122.2048,30951.2664,106593.7327,69444.3526,153310.8984,95264.01329999999,191897.61630000002,116130.44810000001
2026-10-08T02:42:46.399222+00:00,obs-20261007-01,LIGHT,XRPUSDT,1.0,1.426,1.4261,1.42605,0.7012622720892203,26678855567,1.426,1.4261,442,81,3383964.409630003,3478662.2463099994,3253965.036169998,3326290.778080001,75425.52882999997,143333.23722,951275.9784599998,920958.8953999998,1571055.0879399998,1089567.3049999997,2350923.6773999995,2048533.8616300004,4245995.8817799995,2403701.812060001
2026-10-08T02:42:46.399222+00:00,obs-20261007-01,LIGHT,HBARUSDT,1.0,0.09361,0.09362,0.093615,1.068261937826609,8393606577,0.09361,0.09362,275,35,509473.9369799999,315574.87905000005,454945.78157,321368.1502500001,9366.85412,5466.72256,167509.56482,112570.83834,326082.40062000015,212660.43701999998,490115.47457,353091.99854000006,864361.35897,719122.62882
2026-10-08T02:43:46.404801+00:00,obs-20261007-01,LIGHT,PEPEUSDT,1.0,4.09e-06,4.1e-06,4.095e-06,24.449877750611915,8828095419,4.09e-06,4.1e-06,167,16,180566.49249621987,392168.5402370899,125996.76670421998,399107.09729322983,10958.877494999999,1632.47338014,142757.21465367,48324.3635125,274904.92561311,247638.26655369997,552474.40236698,753119.3246280601,907620.6960386,1713955.7698776
2026-10-08T02:43:46.404801+00:00,obs-20261007-01,LIGHT,BNBUSDT,1.0,773.65,773.66,773.655,0.12925741614377984,20910993202,773.65,773.66,365,59,958361.1711600004,1333870.7494300003,918925.8172200003,1378474.7469300001,9619.84597,2712.405059999999,692656.1317899999,953887.1336899996,1643013.9353199992,2039392.2583400004,3201936.7072299975,3471125.8823400005,5536586.234050004,5249954.064100005
2026-10-08T02:43:46.404801+00:00,obs-20261007-01,LIGHT,AAVEUSDT,1.0,175.25,175.26,175.255,0.5706134094141113,10440255528,175.25,175.26,345,36,1389784.5287700002,315951.04286999995,1369416.7387299999,314604.52488000004,2635.96258,11793.57287,173520.62618,97799.85058999997,270133.4863599999,161481.08001999994,354402.1226799999,195014.80878999986,460149.78398999997,238346.0521799998
2026-10-08T02:43:46.404801+00:00,obs-20261007-01,LIGHT,AVAXUSDT,1.0,11.111,11.112,11.1115,0.9000090000887973,10521216399,11.111,11.112,305,38,1067483.7112200002,526019.9122499997,1029039.1599700002,525414.0217999999,3082.81875,904.1288300000001,212820.48389,128097.46234,350804.23512000014,210053.55056,401267.39085000014,282039.08033999987,539135.3437300004,327140.85219999985
2026-10-08T02:43:46.404801+00:00,obs-20261007-01,LIGHT,FILUSDT,1.0,1.0676,1.0677,1.06765,0.9366804046462285,9896060024,1.0676,1.0677,258,25,146587.41833900008,175262.22807599997,115224.96343599998,175253.41334099998,881.4376839999999,861.403388,92510.63321499998,86871.016432,204280.24167199997,156187.731626,263150.16754199995,230988.084892,358114.6603299999,302987.0769990001
2026-10-08T02:43:46.404801+00:00,obs-20261007-01,LIGHT,ALGOUSDT,1.0,0.1192,0.1193,0.11925,8.38926174496768,5664634601,0.1192,0.1193,109,3,185512.82799999998,43362.11120000001,188558.54319999996,38353.0155,320.6784,198.2766,58515.197799999994,34210.441699999996,120253.8334,72935.5174,152509.0832,100273.109,188855.70109999998,121139.54380000001
2026-10-08T02:43:46.404801+00:00,obs-20261007-01,LIGHT,XRPUSDT,1.0,1.4264,1.4265,1.42645,0.7010656197437015,26678859016,1.4264,1.4265,419,46,1950142.1581999997,1752595.0112499995,1781768.0673499997,1943342.6239399991,10406.411450000003,32298.629919999996,1021244.7482899998,735374.1845699999,1616691.6523099996,906290.0039299999,2489838.5113999997,1860288.388240001,4401465.106159998,2214994.307920001
2026-10-08T02:43:46.404801+00:00,obs-20261007-01,LIGHT,HBARUSDT,1.0,0.09359,0.0936,0.09359500000000001,1.0684902233148996,8393608248,0.09359,0.0936,274,15,315703.7604699998,374350.5740399997,334399.89064,359031.3629999997,1136.73961,1891.9415800000002,174535.43016,123413.23000000001,322766.90913000004,225206.85598,471419.34439999994,368393.5306,845656.7234,734386.94461
2026-10-08T02:44:46.405222+00:00,obs-20261007-01,LIGHT,PEPEUSDT,1.0,4.09e-06,4.1e-06,4.095e-06,24.449877750611915,8828096127,4.09e-06,4.1e-06,171,30,258412.81504164994,413872.20167465985,264815.08970234,383165.38839748,42705.0673731,14623.73385241,124790.90335426,88610.71730749999,271212.2079385,290510.39434271,521850.30486932996,783563.5129439,789651.15919183,1709156.1303287502
2026-10-08T02:44:46.405222+00:00,obs-20261007-01,LIGHT,BNBUSDT,1.0,773.78,773.79,773.785,0.12923570007039586,20910998201,773.78,773.79,394,99,3145608.372120001,2543179.134049999,3169014.7817900004,2519208.76602,23138.962990000004,10631.658639999996,631605.6546700002,1020612.8824099996,1618146.2188,2021572.5551100008,3167155.9724099976,3693006.376650002,5513314.619240004,5279692.297550008
2026-10-08T02:44:46.405222+00:00,obs-20261007-01,LIGHT,AAVEUSDT,1.0,175.37,175.38,175.375,0.570222957174682,10440258114,175.37,175.38,322,52,1004105.3948300002,254633.47013000018,1056930.43035,257437.66486000016,5688.853459999999,6598.17461,117716.38533000003,99235.67859999998,205304.57389000003,157733.6222099999,298959.70242,194992.98324999987,405419.52102,237574.54239999983
2026-10-08T02:44:46.405222+00:00,obs-20261007-01,LIGHT,AVAXUSDT,1.0,11.113,11.114,11.1135,0.8998470260057623,10521219923,11.113,11.114,302,47,1291980.4157299998,532371.8761000001,1295820.0241999996,538870.86549,7947.91295,5778.13677,188513.34223000004,133932.26006,346511.8034200001,201540.89665,397097.9724000001,275552.8858499999,535231.0894500003,319651.24842999986
2026-10-08T02:44:46.405222+00:00,obs-20261007-01,LIGHT,FILUSDT,1.0,1.0693,1.0694,1.06935,0.9351912466093459,9896062558,1.0693,1.0694,309,42,325591.59752699995,227303.92548499999,291683.070394,271256.27123699995,2011.7197989999997,9499.441612999999,102717.35029400002,95140.94570800001,188699.28077699998,138906.615144,287614.13313599996,211055.46759499997,378480.9412729999,266019.97216799995
2026-10-08T02:44:46.405222+00:00,obs-20261007-01,LIGHT,ALGOUSDT,1.0,0.1192,0.1193,0.11925,8.38926174496768,5664634904,0.1192,0.1193,84,1,151438.53179999994,17565.138100000007,147891.43700000003,17783.864400000002,0.0,6.442200000000001,36814.704,36245.3168,111664.8689,73910.4272,156056.178,100054.38270000002,192402.7959,120927.37310000004
2026-10-08T02:44:46.405222+00:00,obs-20261007-01,LIGHT,XRPUSDT,1.0,1.4264,1.4265,1.42645,0.7010656197437015,26678863783,1.4264,1.4265,448,76,3730261.2345200013,3606065.962749998,4003953.5987299997,3318441.192200001,140658.78117000003,35321.65756,886569.7945900001,1090141.3960300002,1458678.59194,1314709.4699000001,2216146.14719,2149429.7960100006,4138493.477449999,2504641.00425
2026-10-08T02:44:46.405222+00:00,obs-20261007-01,LIGHT,HBARUSDT,1.0,0.0936,0.09361,0.093605,1.0683760683760646,8393610392,0.0936,0.09361,299,37,360889.7030799997,310037.3287299999,353144.28202999977,301291.7855899999,11554.741790000004,3259.4426899999994,167247.62122000003,129056.49009999998,323819.64662,234311.80883999995,479164.76544999995,377156.75272000005,848890.86261,743187.3829999999
2026-10-08T02:45:46.424547+00:00,obs-20261007-01,LIGHT,PEPEUSDT,1.0,4.09e-06,4.1e-06,4.095e-06,24.449877750611915,8828096709,4.09e-06,4.1e-06,178,11,316416.25605772005,278885.17562890996,328618.3609043101,373602.3885974301,0.0,1088.7183255,113523.57981138,85230.1724827,258076.89726498,291921.41841318994,509648.20002274006,688846.2999753801,776601.1810018001,1527476.0678253004
2026-10-08T02:45:46.424547+00:00,obs-20261007-01,LIGHT,BNBUSDT,1.0,773.97,773.98,773.975,0.12920397431503972,20911003436,773.97,773.98,389,76,1965841.87326,1853239.62545,1909142.94221,2045034.1513899993,1122.23294,20641.850130000003,614605.5647600001,1079466.8508299997,1636359.550040001,2072964.2219900005,3222658.9512699996,3503221.387300001,5565239.828050003,5286387.798540006
2026-10-08T02:45:46.424547+00:00,obs-20261007-01,LIGHT,AAVEUSDT,1.0,175.38,175.39,175.385,0.570190443607288,10440262132,175.38,175.39,399,65,1144245.3123800003,452290.6244799999,1105307.3550999998,448195.6493000001,2581.25915,7792.2247499999985,175533.30934000004,83265.51310999997,270558.26569000003,145429.24662999983,338139.48190000013,199340.72293999983,440192.2682500002,241882.3824599998
2026-10-08T02:45:46.424547+00:00,obs-20261007-01,LIGHT,AVAXUSDT,1.0,11.118,11.119,11.118500000000001,0.8994423457453493,10521223663,11.118,11.119,336,45,1421615.1313400003,698105.7996399999,1414860.7419900007,697597.8288900002,2506.04333,2180.3454,171946.74991999997,146966.24245000002,337307.3902199999,211633.87942000007,403794.4717799999,276121.0302499999,542315.87825,321449.0440299999
2026-10-08T02:45:46.424547+00:00,obs-20261007-01,LIGHT,FILUSDT,1.0,1.0701,1.0702,1.07015,0.9344921035414622,9896064649,1.0701,1.0702,311,40,296946.0489759998,174885.59774499998,269390.3648029999,199835.79387200004,1251.211627,2968.375059999999,102799.94787100001,77790.18934699996,193535.33560599998,133345.67662199994,310962.230385,189839.05629699992,395350.1587169999,245333.87580899987
2026-10-08T02:45:46.424547+00:00,obs-20261007-01,LIGHT,ALGOUSDT,1.0,0.1192,0.1193,0.11925,8.38926174496768,5664635333,0.1192,0.1193,116,0,119863.53689999999,16078.133100000003,127123.46119999999,15256.916700000005,0.0,0.0,28691.1494,36415.739499999996,104520.80089999999,74731.6102,148796.25369999997,100875.59910000002,185589.19409999996,121748.58950000005
2026-10-08T02:45:46.424547+00:00,obs-20261007-01,LIGHT,XRPUSDT,1.0,1.4265,1.4266,1.4265500000000002,0.701016473887428,26678868232,1.4265,1.4266,476,60,1838457.8808099998,2432331.9189199987,1844218.2174599995,2440869.0181500013,50540.91324000001,21837.73137,868751.80618,925690.4759999999,1454915.92263,1431485.0224300001,2210237.1058800006,2153997.9178200006,4102600.5636899993,2505172.4444
2026-10-08T02:45:46.424547+00:00,obs-20261007-01,LIGHT,HBARUSDT,1.0,0.09361,0.09362,0.093615,1.068261937826609,8393612309,0.09361,0.09362,288,15,196808.02739000006,224823.28117999987,191015.20227000007,225040.68822999997,342.9651799999999,2955.23333,164650.33461000002,131844.73083,329160.29039,234729.54385999995,484957.59057,376939.34566999995,854692.1912900001,742969.9759499999
2026-10-08T02:46:46.455978+00:00,obs-20261007-01,LIGHT,PEPEUSDT,1.0,4.1e-06,4.11e-06,4.105e-06,24.390243902439046,8828097486,4.1e-06,4.11e-06,147,16,221168.48197700997,204280.35759282002,139772.00954465996,303494.57038608997,22.4363562,2490.81059895,75866.0822336,111661.56508521,212590.24426407999,440538.80952849006,460734.87114865,1049983.78627159,727481.61267915,1495606.07409779
2026-10-08T02:46:46.455978+00:00,obs-20261007-01,LIGHT,BNBUSDT,1.0,774.55,774.56,774.555,0.12910722354986248,20911009513,774.55,774.56,422,129,5546711.375739996,4238140.817070001,5598698.545239998,4460668.099420002,2832.5216600000003,64376.10129999999,648236.8753799999,1099525.5300199997,1509906.9023100007,1981870.6915399996,3114283.719690001,3690085.299570001,5445591.93651,5423495.202780002
2026-10-08T02:46:46.455978+00:00,obs-20261007-01,LIGHT,AAVEUSDT,1.0,175.59,175.6,175.595,0.5695085141521616,10440266221,175.59,175.6,350,111,1841092.1795899987,527541.8141600002,1880953.7581099998,529766.19015,5329.403839999998,61564.89601999999,108743.70103,116842.13658999998,181266.99789000006,155697.79376,286481.73196000024,199899.13566999996,379311.0496100002,249671.01257999992
2026-10-08T02:46:46.455978+00:00,obs-20261007-01,LIGHT,AVAXUSDT,1.0,11.135,11.136,11.1355,0.8980691513249539,10521228429,11.135,11.136,331,68,1512264.2811199997,749080.8550000004,1473027.8857999996,808411.8406300001,1425.99684,15443.911430000002,238574.04220000003,96056.99195000003,340316.77351999993,172582.14933,436769.6729,220710.3597000001,544389.5100699995,335567.09288000007
2026-10-08T02:46:46.455978+00:00,obs-20261007-01,LIGHT,FILUSDT,1.0,1.0729,1.073,1.07295,0.9320533134493658,9896067833,1.0729,1.073,370,79,332442.67814000003,336885.7426450001,306515.1931079999,343561.1177110001,823.4438569999999,4215.552963999999,76826.61680299998,84396.76954200001,173560.6555,133637.892022,315587.5608869999,202684.17852299995,392872.4333099999,252261.06911099987
2026-10-08T02:46:46.455978+00:00,obs-20261007-01,LIGHT,ALGOUSDT,1.0,0.1192,0.1193,0.11925,8.38926174496768,5664635810,0.1192,0.1193,135,0,82841.97299999998,18347.920700000006,73569.3656,19181.2601,0.0,0.0,57509.64169999999,31775.5034,125020.9157,68699.9991,158068.8611,100042.2597,193838.7378,120915.25010000002
2026-10-08T02:46:46.455978+00:00,obs-20261007-01,LIGHT,XRPUSDT,1.0,1.4278,1.4279,1.4278499999999998,0.7003782042303008,26678873028,1.4278,1.4279,483,104,2648459.4201599993,2689874.7775200005,2427418.882419999,2685016.37198,81761.67556999999,156264.80278000003,955816.3110899997,897938.7362799998,1427043.9490599995,1434731.3151500002,2425912.3657699996,2163672.1402300005,4210638.580840001,2536596.1969999983
2026-10-08T02:46:46.455978+00:00,obs-20261007-01,LIGHT,HBARUSDT,1.0,0.09371,0.09372,0.09371499999999999,1.0671219720403968,8393614561,0.09371,0.09372,294,43,468752.31941999996,255203.99964000002,438598.7925900001,292818.03019,2032.02658,11827.398710000001,171948.87269999998,119709.4983,339671.4110300001,202295.50837,510522.68036000006,339897.77665,879764.0445999998,706629.00579
2026-10-08T02:47:46.476432+00:00,obs-20261007-01,LIGHT,PEPEUSDT,1.0,4.1e-06,4.11e-06,4.105e-06,24.390243902439046,8828098149,4.1e-06,4.11e-06,139,11,243798.36579168992,308469.28385613003,265436.14863172005,308970.25855635,49.8284849,3075.9163142999996,22452.792849899997,131444.07536582998,191253.59540184,440641.77062827,439097.08830862,1049482.8115713699,728025.6008912398,1496393.97241677
2026-10-08T02:47:46.476432+00:00,obs-20261007-01,LIGHT,BNBUSDT,1.0,774.03,774.04,774.035,0.12919395889099405,20911015177,774.03,774.04,425,117,2265244.8945600004,3316327.7397200004,2275567.6851399993,3086802.506009999,3763.6749099999993,1865.0424699999999,681633.81936,1086836.1462500002,1584983.4446900005,2001537.0980300007,3142229.7882400025,3706572.287860001,5507658.517530002,5295528.107080004
2026-10-08T02:47:46.476432+00:00,obs-20261007-01,LIGHT,AAVEUSDT,1.0,175.64,175.65,175.64499999999998,0.5693463903444496,10440271469,175.64,175.65,408,110,1992447.7983399995,615253.6347399998,1997000.3688900005,620176.5079599998,5134.87835,16418.08219,89414.33698000002,98298.68125999997,196856.27186000004,143774.36375999998,279529.43711000006,195242.83544999993,372926.81457000016,248276.5554499999
2026-10-08T02:47:46.476432+00:00,obs-20261007-01,LIGHT,AVAXUSDT,1.0,11.118,11.119,11.118500000000001,0.8994423457453493,10521234285,11.118,11.119,420,86,1656126.6368600002,1328828.7524299994,1714791.6744099983,1257446.2731499998,40512.918950000014,19365.443030000002,152606.58315,152617.19061000005,319107.2048,218551.57474000007,384365.8295500001,287461.08809999994,520886.3497700001,326826.4580199999
2026-10-08T02:47:46.476432+00:00,obs-20261007-01,LIGHT,FILUSDT,1.0,1.0718,1.0721,1.0719500000000002,2.7990296697133488,9896071013,1.0718,1.0721,376,62,327906.52131400007,337775.00274200004,358962.1008690002,310313.53381900006,7787.484985999999,1878.426331,92553.031389,88621.81914599998,196983.354612,138073.51846800002,288362.92382399994,225708.04420100004,371805.0457789998,280022.6699150001
2026-10-08T02:47:46.476432+00:00,obs-20261007-01,LIGHT,ALGOUSDT,1.0,0.1193,0.1194,0.11935000000000001,8.382229673093988,5664636502,0.1193,0.1194,162,12,106157.9107,42646.953000000016,124185.04490000001,44370.47729999999,492.11250000000007,1635.9609,24483.8757,41245.6902,89255.18519999999,74393.81199999999,132280.54919999998,100013.08589999999,175370.50809999995,119638.8213
2026-10-08T02:47:46.476432+00:00,obs-20261007-01,LIGHT,XRPUSDT,1.0,1.4272,1.4273,1.42725,0.7006726457392531,26678878291,1.4272,1.4273,464,90,2825067.8463900005,2465900.1794899995,3009086.7250099997,2557577.9593500015,53428.32027,371536.51470999996,883023.9516500001,866088.4815299998,1374644.51142,1217640.8923699998,2244999.5901200003,2071627.0698600004,4085199.0313500003,2442999.05592
2026-10-08T02:47:46.476432+00:00,obs-20261007-01,LIGHT,HBARUSDT,1.0,0.09364,0.09365,0.093645,1.0679196924390233,8393616523,0.09364,0.09365,298,29,294545.1600199998,261251.01356999998,310917.9033000002,234058.40655000004,4865.667800000001,2766.83432,182301.15827,124370.07152999999,338047.69315000006,186254.92318999994,496990.3334200001,366523.50118,868292.53067,733525.33908
2026-10-08T02:48:46.485055+00:00,obs-20261007-01,LIGHT,PEPEUSDT,1.0,4.1e-06,4.11e-06,4.105e-06,24.390243902439046,8828098503,4.1e-06,4.11e-06,103,9,144651.25714777005,118254.28087056999,137485.07596311,117824.12808036002,0.0,916.88113374,61757.241904799994,128773.39445184,198074.05070016,441071.91515848006,446263.26949328,1049912.96436158,732360.29807904,1496762.5353794603
2026-10-08T02:48:46.485055+00:00,obs-20261007-01,LIGHT,BNBUSDT,1.0,774.0,774.01,774.005,0.12919896640761763,20911018464,774.0,774.01,361,56,2186533.99739,1028826.2851999999,2156956.26084,1023317.5440699997,5893.32223,876.9566900000001,716039.46354,1068831.81523,1618931.2363300005,1994660.823290001,3189893.795860002,3711797.2478400017,5524204.663620003,5297597.597080005
2026-10-08T02:48:46.485055+00:00,obs-20261007-01,LIGHT,AAVEUSDT,1.0,175.6,175.61,175.60500000000002,0.5694760820063038,10440275940,175.6,175.61,379,120,1492938.3166600005,525806.54072,1415553.17044,517171.41812999995,4556.452840000001,61180.35820999999,176738.78436999998,117311.23561,272209.85198,160671.03973000008,356541.21937000006,205518.00450000007,447838.94963000005,256645.37728000004
2026-10-08T02:48:46.485055+00:00,obs-20261007-01,LIGHT,AVAXUSDT,1.0,11.114,11.115,11.1145,0.8997660608245361,10521237577,11.114,11.115,328,35,614952.5908199999,1364826.998030001,616403.5945299999,1350328.35837,5450.21888,3040.0898600000005,189980.78663999998,140403.1676,324440.3652999999,223864.85901000001,382962.5902899998,301931.09635999985,521805.08006999985,341230.5268499998
2026-10-08T02:48:46.485055+00:00,obs-20261007-01,LIGHT,FILUSDT,1.0,1.0707,1.0708,1.0707499999999999,0.9339684318665498,9896073315,1.0707,1.0708,306,29,252415.64983299986,236699.5656350001,269902.969621,202934.857803,3413.627022,247.662668,122804.224205,88424.14166200001,206828.73951500005,158837.23278899997,279796.751164,247421.13132699998,369254.48630599986,313699.27683500014
2026-10-08T02:48:46.485055+00:00,obs-20261007-01,LIGHT,ALGOUSDT,1.0,0.1193,0.1194,0.11935000000000001,8.382229673093988,5664637034,0.1193,0.1194,152,7,178524.2265,38188.60520000001,163307.07020000002,38189.696899999995,312.2081,0.0,24085.364,44447.8367,91693.0348,74392.7203,147497.7055,100011.9942,190587.66439999998,119637.7296
2026-10-08T02:48:46.485055+00:00,obs-20261007-01,LIGHT,XRPUSDT,1.0,1.4271,1.4272,1.4271500000000001,0.7007217433963042,26678881787,1.4271,1.4272,466,69,1963362.5571500007,1816255.2903800004,1884659.3170599996,1841360.639850001,150766.44571999996,98663.56513999999,966847.8328399998,881205.3847399998,1453379.5400900003,1089186.2141499994,2323752.5642900006,2046989.1949700005,4152857.4484500005,2418354.655720001
2026-10-08T02:48:46.485055+00:00,obs-20261007-01,LIGHT,HBARUSDT,1.0,0.09366,0.09367,0.093665,1.0676916506513479,8393618085,0.09366,0.09367,234,19,255425.84786999997,196435.35193000003,250763.43857000003,204216.84886000014,785.0421600000001,3497.1193599999997,176928.72116,129074.87483,341132.92267,219202.96777000002,500758.8329000001,359301.2209,871840.0772599999,725743.8421499999
2026-10-08T02:49:46.493750+00:00,obs-20261007-01,LIGHT,PEPEUSDT,1.0,4.1e-06,4.11e-06,4.105e-06,24.390243902439046,8828099117,4.1e-06,4.11e-06,130,19,161682.08182625,254035.19882619,119909.99977082,219141.98022697997,1468.1277129999999,12508.2029165,74715.42414619999,155191.21945923,210493.30230418,463962.72193555,458596.69564050995,1075099.26620103,744631.3553174499,1521872.2942835102
2026-10-08T02:49:46.493750+00:00,obs-20261007-01,LIGHT,BNBUSDT,1.0,774.19,774.2,774.195,0.1291672586822834,20911020671,774.19,774.2,399,29,702392.2839500002,621680.9929899999,645053.2482699997,704418.7331000001,1670.2988799999996,1507.0151799999994,597820.6813699999,1079911.4554899998,1649641.6669300005,1946431.4222,3193990.9118900006,3630711.5185400005,5553151.035610003,5219315.789539999
2026-10-08T02:49:46.493750+00:00,obs-20261007-01,LIGHT,AAVEUSDT,1.0,175.84,175.85,175.845,0.5686988171049734,10440278997,175.84,175.85,339,63,2452316.5919800005,386739.8291900001,2310006.5719099995,425857.26893999986,2312.1929100000007,4274.130160000001,313878.68454000005,91756.23283000004,411246.1451700001,127666.38099000005,487570.51660000015,169799.39462000012,545719.8227100004,222204.98212000006
2026-10-08T02:49:46.493750+00:00,obs-20261007-01,LIGHT,AVAXUSDT,1.0,11.119,11.12,11.119499999999999,0.8993614533681082,10521240046,11.119,11.12,273,29,708459.76366,1037642.6229000002,682444.4209500004,1066030.1877899999,515.89376,3983.3658,201987.19223999997,123458.26723999997,316006.84757,209832.9881499999,408919.4907899999,274899.6611699998,544339.7493299999,313946.40566999983
2026-10-08T02:49:46.493750+00:00,obs-20261007-01,LIGHT,FILUSDT,1.0,1.0698,1.0699,1.0698500000000002,0.9347541596560482,9896075703,1.0698,1.0699,349,49,246132.3461389999,273765.88389200025,277689.583542,258579.4879,3940.1931309999995,971.600858,100115.216716,78553.06258899996,181676.86708200004,157246.69221000004,252023.92546500007,248335.19793299996,344282.11798,329053.11382900004
2026-10-08T02:49:46.493750+00:00,obs-20261007-01,LIGHT,ALGOUSDT,1.0,0.1193,0.1194,0.11935000000000001,8.382229673093988,5664637517,0.1193,0.1194,134,3,197907.76090000005,14026.858299999996,192703.21989999997,15977.037599999996,96.3944,345.1854000000001,35244.5932,41783.5541,109174.15879999999,71226.8956,152702.2465,98061.81490000001,194331.73589999997,117687.55030000002
2026-10-08T02:49:46.493750+00:00,obs-20261007-01,LIGHT,XRPUSDT,1.0,1.4275,1.4276,1.42755,0.700525394046192,26678885390,1.4275,1.4276,450,61,1855297.9166400004,1276161.45565,1454606.4435999992,1404088.4889999998,24946.925870000003,78722.45363999998,1300465.0748100001,768607.3249999996,1726794.4628500002,963292.4656199996,2724134.018630001,1921031.2714400003,4538835.275510001,2293959.4543899996
2026-10-08T02:49:46.493750+00:00,obs-20261007-01,LIGHT,HBARUSDT,1.0,0.09368,0.09369,0.09368499999999999,1.0674637062346726,8393619328,0.09368,0.09369,258,13,118272.16396000009,86578.64365999994,103866.45563000001,90848.50300999997,463.21966,3422.78988,162155.53910999998,132762.77365000002,331806.93087000004,217060.58044000002,514269.7865200001,355031.36155000015,882713.13799,721770.25653
2026-10-08T02:50:46.498403+00:00,obs-20261007-01,LIGHT,PEPEUSDT,1.0,4.09e-06,4.1e-06,4.095e-06,24.449877750611915,8828099828,4.09e-06,4.1e-06,171,20,237502.27004775003,458379.5843250598,273055.30583563,372366.45582376997,8667.5505632,12061.766454359999,126219.14980016,80099.6374007,271541.13801343995,287001.83784371,527668.85940367,690295.17479992,800308.65168954,1536867.4962682198
2026-10-08T02:50:46.498403+00:00,obs-20261007-01,LIGHT,BNBUSDT,1.0,773.73,773.74,773.735,0.12924405154324248,20911025530,773.73,773.74,433,101,3575764.511900001,4052759.3272400005,3678770.65071,4005900.455019997,69491.50266000004,80084.87839000004,597097.1275599999,1068299.3732899996,1597413.63621,1928155.7350200014,3348567.0942499978,3476899.433080002,5483935.042260001,5257784.207280007
2026-10-08T02:50:46.498403+00:00,obs-20261007-01,LIGHT,AAVEUSDT,1.0,175.75,175.76,175.755,0.5689900426730787,10440280940,175.75,175.76,311,40,1896465.3045000006,207283.89008999994,2102341.5652300008,197993.48931,4968.63848,1916.50845,74120.02347,93694.94789000001,173580.91329000003,132676.07621,286768.96278000006,178662.52729000003,380630.9553700002,228862.53829999996
2026-10-08T02:50:46.498403+00:00,obs-20261007-01,LIGHT,AVAXUSDT,1.0,11.119,11.12,11.119499999999999,0.8993614533681082,10521243714,11.119,11.12,326,50,502326.75605999987,1474004.1627599995,505052.41698000004,1466672.2558999995,391.25964000000005,4548.8844500000005,201852.20770999996,137399.71578000006,316213.7427799999,217189.92880000002,406193.82986999984,282231.5680299999,543702.9377299999,321289.42953999987
2026-10-08T02:50:46.498403+00:00,obs-20261007-01,LIGHT,FILUSDT,1.0,1.0686,1.0687,1.0686499999999999,0.9358038555107306,9896078968,1.0686,1.0687,376,88,379209.324401,311623.590068,409271.7982779999,289945.81933,2657.5865850000005,4402.816696000001,79913.89766199999,69313.778177,175878.51326499996,147160.425441,232139.98671499998,242986.33598499995,325585.05026799993,341179.18277800013
2026-10-08T02:50:46.498403+00:00,obs-20261007-01,LIGHT,ALGOUSDT,1.0,0.1193,0.1194,0.11935000000000001,8.382229673093988,5664637942,0.1193,0.1194,109,3,115522.95480000002,26112.647399999998,119374.96990000004,22520.095999999998,775.0921000000001,0.0,53553.8397,45705.2709,105531.14309999999,76035.0336,148850.2314,101654.3663,191041.71599999996,121280.10170000001
2026-10-08T02:50:46.498403+00:00,obs-20261007-01,LIGHT,XRPUSDT,1.0,1.4269,1.427,1.4269500000000002,0.7008199593516728,26678891070,1.4269,1.427,484,86,2961976.404689998,2426906.898910001,3223385.244839999,2492476.918819999,84478.02642000001,146430.21802999996,1098197.97271,675682.2710099999,1632251.69433,1009416.9144299999,2460864.4642400006,1855309.2314300004,4331062.218069999,2226651.19265
2026-10-08T02:50:46.498403+00:00,obs-20261007-01,LIGHT,HBARUSDT,1.0,0.09364,0.09365,0.093645,1.0679196924390233,8393621115,0.09364,0.09365,311,30,234420.6443800001,151871.67708999998,248524.39349999998,142651.76448,1643.2481200000002,4101.1421,184984.65155000004,123499.78808,343011.89518000005,224048.22369999997,501954.70193000004,363692.05751,873256.89918,730693.89541
2026-10-08T02:51:46.498504+00:00,obs-20261007-01,LIGHT,PEPEUSDT,1.0,4.09e-06,4.1e-06,4.095e-06,24.449877750611915,8828100043,4.09e-06,4.1e-06,118,20,38651.226089799995,239704.05054147993,44094.022730669996,131344.15541515,4.49602248,4517.313592299999,98251.43100112,108240.18348729999,271662.32049256,322913.81654106994,522226.0627628,798655.06992625,800747.05667593,1711627.20116119
2026-10-08T02:51:46.498504+00:00,obs-20261007-01,LIGHT,BNBUSDT,1.0,773.71,773.72,773.715,0.12924739243302952,20911029092,773.71,773.72,391,91,1636209.563080001,1535997.02222,1585768.6718000001,1436726.9961899996,28790.294450000016,2481.1567200000004,705203.2329499999,1043949.5337599996,1632369.4961699992,2067723.9388200007,3399040.922669998,3495675.312930003,5534282.18503,5278992.700350006
2026-10-08T02:51:46.498504+00:00,obs-20261007-01,LIGHT,AAVEUSDT,1.0,175.89,175.9,175.89499999999998,0.5685371539043693,10440286673,175.89,175.9,417,136,3073763.23587,538764.6969299997,3014773.2345100027,536481.1697499999,11829.165899999995,9773.884080000002,117805.37202000001,95930.6671,223062.91622,132442.23155,337388.44537000015,179974.83649000002,422880.80443000037,232326.80138
2026-10-08T02:51:46.498504+00:00,obs-20261007-01,LIGHT,AVAXUSDT,1.0,11.106,11.107,11.1065,0.9004141905277763,10521246831,11.106,11.107,308,49,441028.43045,943162.4518999998,472853.24580999976,918551.4430199995,6795.82956,7254.487409999999,199618.53648999994,150752.31147,332106.83488000004,227996.56109999996,388727.70091999986,301740.64479999995,523898.49123,344625.68536999985
2026-10-08T02:51:46.498504+00:00,obs-20261007-01,LIGHT,FILUSDT,1.0,1.0681,1.0682,1.0681500000000002,0.9362419249137055,9896080961,1.0681,1.0682,271,38,227386.40595999992,226195.90526100007,226403.88785300005,214549.25728100006,2665.277116,451.160274,98120.86821800002,63445.65807299999,174262.94496400008,143362.67000599997,233169.0942590001,248992.59670199992,326656.8144670001,339721.9145340001
2026-10-08T02:51:46.498504+00:00,obs-20261007-01,LIGHT,ALGOUSDT,1.0,0.1192,0.1193,0.11925,8.38926174496768,5664638475,0.1192,0.1193,131,1,192517.11430000002,26094.271800000006,195475.09490000003,24579.575699999994,251.4844,0.0,34311.4458,36501.446899999995,98295.62569999999,71877.04,152709.57330000002,101474.71190000001,189045.5457,122347.82310000002
2026-10-08T02:51:46.498504+00:00,obs-20261007-01,LIGHT,XRPUSDT,1.0,1.4258,1.4259,1.42585,0.7013606396411021,26678895088,1.4258,1.4259,427,104,2522409.6153999986,1829679.6627299997,2664644.5941599985,1634632.0663099994,180385.04868000004,120343.17915000001,850700.4480399999,903649.5787499999,1495080.4213299996,1075876.0574199995,2352718.4992299997,2038469.79552,4308404.03476,2400863.1239400003
2026-10-08T02:51:46.498504+00:00,obs-20261007-01,LIGHT,HBARUSDT,1.0,0.09362,0.09363,0.093625,1.0681478316598714,8393623209,0.09362,0.09363,259,101,405322.81230000005,220701.52347000013,434025.5221200001,220652.73066000003,13131.31009,5199.39238,148554.66914,128285.93641,313823.2987299999,221247.48043000003,473266.91680999985,363740.85032000014,844519.2230799999,729787.68822
2026-10-08T02:52:46.576351+00:00,obs-20261007-01,LIGHT,PEPEUSDT,1.0,4.09e-06,4.1e-06,4.095e-06,24.449877750611915,8828100472,4.09e-06,4.1e-06,135,24,235399.66962242997,164113.85205430994,236215.25523426995,147576.52498404,55.20070545,2262.8823033000003,95544.17077368,150135.6268452,271254.198552,431645.44291062,521410.47715095995,815192.39699652,800183.5695742,1728164.5282314597
2026-10-08T02:52:46.576351+00:00,obs-20261007-01,LIGHT,BNBUSDT,1.0,773.52,773.53,773.525,0.12927913951799042,20911031664,773.52,773.53,313,55,1783164.4954600001,1465696.59296,2017327.69127,1430742.4096500005,7373.297090000002,1977.41096,706478.4628099999,1044920.4626899995,1611440.6316199997,2097954.69136,3170290.6303999987,3528999.4990500035,5494768.00877,5241046.2704200065
2026-10-08T02:52:46.576351+00:00,obs-20261007-01,LIGHT,AAVEUSDT,1.0,175.9,175.91,175.905,0.5685048322900954,10440289142,175.9,175.91,334,52,2375916.557940001,202272.76789999998,2263607.8855299996,200088.86139999988,24379.67354,4330.67729,275602.58245,98873.46719,374718.37217,134634.85064000002,447794.63828,182158.74299000006,535093.0252300006,234989.94689
2026-10-08T02:52:46.576351+00:00,obs-20261007-01,LIGHT,AVAXUSDT,1.0,11.092,11.093,11.092500000000001,0.9015506671472551,10521251615,11.092,11.093,310,150,1054000.2073000004,1165394.44185,1018095.0348900001,1191773.1149600002,12772.589299999994,80499.1232,240142.36073000001,111804.45580000003,362546.84475,194799.52409000008,428528.5244899998,259363.0484500001,567299.3666600002,300820.60208
2026-10-08T02:52:46.576351+00:00,obs-20261007-01,LIGHT,FILUSDT,1.0,1.0674,1.0675,1.06745,0.9368559115596753,9896082931,1.0674,1.0675,300,27,295024.003334,255290.07042400003,301321.3874730002,235578.16713700004,303.77719199999996,2807.897992,96894.92924900001,80930.947093,182801.56963299998,155890.78531000004,230611.50688499998,259331.27636900003,328682.86227000016,340562.5406780002
2026-10-08T02:52:46.576351+00:00,obs-20261007-01,LIGHT,ALGOUSDT,1.0,0.1192,0.1193,0.11925,8.38926174496768,5664638910,0.1192,0.1193,142,2,232783.44090000005,17535.1764,231585.04340000008,18092.075699999994,57.812,357.90000000000003,41996.698399999994,36158.4154,109756.44989999999,73600.1407,153907.97080000004,100917.81260000002,190165.90230000005,121790.92380000003
2026-10-08T02:52:46.576351+00:00,obs-20261007-01,LIGHT,XRPUSDT,1.0,1.4259,1.426,1.4259499999999998,0.7013114524156983,26678897295,1.4259,1.426,367,51,1241274.2993199995,583466.4616599997,1124758.9816100001,579013.0113499999,24902.031919999998,39204.12015,1027644.4015699999,948588.61067,1612932.7176199995,1086796.8196499995,2469168.03638,2043459.72033,4413716.376219999,2405843.648900001
2026-10-08T02:52:46.576351+00:00,obs-20261007-01,LIGHT,HBARUSDT,1.0,0.09358,0.09359,0.093585,1.0686044026519959,8393624729,0.09358,0.09359,233,35,245357.2780599999,200126.34047000002,267485.62360000005,189347.33181000003,2669.44512,4523.995040000001,135532.26400999998,122571.43687,285062.47647999995,230381.45508999997,453670.23761999985,374496.60096000007,822604.8653599998,740493.2765700001
2026-10-08T02:53:46.587475+00:00,obs-20261007-01,LIGHT,PEPEUSDT,1.0,4.09e-06,4.1e-06,4.095e-06,24.449877750611915,8828100889,4.09e-06,4.1e-06,104,12,79074.18411141999,286364.1116691299,82992.46175344,281942.07297433005,13.70012167,935.1227028000001,90335.00030669,154356.90687059998,267086.13986957003,434288.12036825996,517492.19950894004,819614.43569132,801241.92006228,1732586.56692626
2026-10-08T02:53:46.587475+00:00,obs-20261007-01,LIGHT,BNBUSDT,1.0,773.25,773.26,773.255,0.1293242806332806,20911034255,773.25,773.26,361,51,1340238.3147200004,1909906.9081399988,1552760.8378099992,1935323.3097399988,4159.85486,1658.0354700000003,824740.4525099995,974861.1718400001,1455936.1777799996,2023622.348530002,2960039.8328799955,3481920.214740002,5539677.272619998,5204220.121590003
2026-10-08T02:53:46.587475+00:00,obs-20261007-01,LIGHT,AAVEUSDT,1.0,175.8,175.81,175.805,0.5688282138782697,10440294257,175.8,175.81,399,132,1431021.4184300003,619513.7996700001,1585972.7744999987,611842.7386599998,20050.032109999996,7450.140759999999,127224.16912999998,102200.87214,209194.28281999993,141510.52403999993,299103.60315000016,189417.96041999993,385060.5222100004,240740.62864999988
2026-10-08T02:53:46.587475+00:00,obs-20261007-01,LIGHT,AVAXUSDT,1.0,11.092,11.093,11.092500000000001,0.9015506671472551,10521254346,11.092,11.093,287,31,945816.3098499998,475394.65194999985,956959.3525800001,484317.2032999999,4295.75242,17187.364709999998,204828.52153999996,100329.06158,327239.28624,187054.63666000002,417385.48175999976,250440.49709999998,554926.0142400002,291886.90559999994
2026-10-08T02:53:46.587475+00:00,obs-20261007-01,LIGHT,FILUSDT,1.0,1.0676,1.0677,1.06765,0.9366804046462285,9896084602,1.0676,1.0677,264,42,233039.05022299985,195848.5881240001,219209.37554599994,194164.90377200005,3872.6424229999993,12071.612028999996,79262.93265,85309.035355,163234.72073599996,157079.31437,244423.659108,261020.082171,343504.7804580002,341801.506211
2026-10-08T02:53:46.587475+00:00,obs-20261007-01,LIGHT,ALGOUSDT,1.0,0.1192,0.1193,0.11925,8.38926174496768,5664639168,0.1192,0.1193,86,4,141158.72849999994,15671.778699999995,135531.53420000002,17249.994999999995,398.3664,0.0,38229.8746,34327.8407,97374.09360000002,71769.566,159535.16510000004,99339.59630000002,195298.95650000003,120212.70750000003
2026-10-08T02:53:46.587475+00:00,obs-20261007-01,LIGHT,XRPUSDT,1.0,1.4254,1.4255,1.42545,0.701557457556401,26678899158,1.4254,1.4255,350,59,796524.5947599998,717415.5504099998,966089.4639299999,675784.20993,32626.056039999992,41146.99692,920802.47637,931103.9514499998,1449335.7998899997,1132298.9291399997,2300167.017380001,2070651.4627399996,4250851.216190001,2447196.794209999
2026-10-08T02:53:46.587475+00:00,obs-20261007-01,LIGHT,HBARUSDT,1.0,0.0936,0.09361,0.093605,1.0683760683760646,8393626162,0.0936,0.09361,216,19,219418.95434000005,155220.07933999994,200275.66693000004,159797.27425999995,314.03358000000003,4065.2813699999997,143107.89419999995,127756.45468,296748.0049099999,227992.87041999996,472014.9746799998,369937.08502000006,841749.4095299998,735970.9768999999
2026-10-08T02:54:46.591557+00:00,obs-20261007-01,LIGHT,PEPEUSDT,1.0,4.09e-06,4.1e-06,4.095e-06,24.449877750611915,8828101241,4.09e-06,4.1e-06,109,17,13341.746897489997,179770.27593554996,19821.24656601001,279931.13121942,336.89386850999995,987.2185573999998,97716.13924901,136594.8860711,261055.76139413,333513.39256234997,511012.69984042,719453.5804074501,790473.36733103,1557257.07190588
2026-10-08T02:54:46.591557+00:00,obs-20261007-01,LIGHT,BNBUSDT,1.0,773.12,773.13,773.125,0.12934602648950744,20911036157,773.12,773.13,319,53,1354085.8804400002,878737.01052,1170004.99078,832303.8964600003,6962.88764,731.5035600000001,855445.3251499997,946807.5316599999,1508196.4166099997,1884174.1985500017,3339754.3651099964,3524099.811550004,5655599.590589998,5248773.423070004
2026-10-08T02:54:46.591557+00:00,obs-20261007-01,LIGHT,AAVEUSDT,1.0,175.78,175.79,175.785,0.5688929343494742,10440298978,175.78,175.79,395,68,1883287.9878500002,541158.1294400003,1884196.7386099997,537235.8301799992,7127.043430000001,7533.546320000001,91752.4899,105331.0563,202057.44827999998,142642.45587999994,301714.6094300001,195439.64497999998,387076.9953100002,246814.71349999993
2026-10-08T02:54:46.591557+00:00,obs-20261007-01,LIGHT,AVAXUSDT,1.0,11.094,11.095,11.0945,0.9013881377328836,10521255865,11.094,11.095,261,17,812887.5761100006,389207.5624699998,796575.2259600002,416777.9750199999,1407.1313200000002,439.76564,229244.73904000001,96601.39398000001,367027.63375000004,160342.31229,433526.16914999986,222889.58047,572027.8955100002,264539.89889
2026-10-08T02:54:46.591557+00:00,obs-20261007-01,LIGHT,FILUSDT,1.0,1.0681,1.0682,1.0681500000000002,0.9362419249137055,9896086621,1.0681,1.0682,262,40,279466.16971499997,256716.49618700013,254694.7817860001,258293.19681899995,817.5977330000001,1267.8275980000003,107200.36496699999,91664.12364399999,192518.58433999997,172047.04609200006,265472.772726,259768.167737,359297.8250960001,340833.2200520002
2026-10-08T02:54:46.591557+00:00,obs-20261007-01,LIGHT,ALGOUSDT,1.0,0.1192,0.1193,0.11925,8.38926174496768,5664639593,0.1192,0.1193,102,2,143937.88530000002,25989.267900000003,141006.37709999995,26359.323000000004,0.0,275.4637,54102.980299999996,31003.2288,106780.473,67264.63979999999,162466.67330000002,98969.54119999999,198281.8421,119842.7447
2026-10-08T02:54:46.591557+00:00,obs-20261007-01,LIGHT,XRPUSDT,1.0,1.4254,1.4255,1.42545,0.701557457556401,26678901932,1.4254,1.4255,379,59,1257239.0431000006,1465881.8138700007,1286410.4358600003,1464880.7231900014,47618.35987,50037.71562,937672.5407400001,944893.6054700001,1460383.5213000001,1253891.1783699999,2270995.624620001,2072157.49128,4221651.752340001,2448724.3622199995
2026-10-08T02:54:46.591557+00:00,obs-20261007-01,LIGHT,HBARUSDT,1.0,0.0936,0.09361,0.093605,1.0683760683760646,8393627713,0.0936,0.09361,245,28,428222.2889699999,339191.4306099998,442257.80401999975,335588.02129000006,1441.0215600000001,3123.9230500000003,133660.51368000003,127927.82959000001,298619.69675999996,190994.94927,457979.45962999994,373540.49434000015,827705.3918399999,739574.38622
2026-10-08T02:55:46.597592+00:00,obs-20261007-01,LIGHT,PEPEUSDT,1.0,4.09e-06,4.1e-06,4.095e-06,24.449877750611915,8828101407,4.09e-06,4.1e-06,104,12,268664.18476271,131843.24454343002,263908.57327587996,32687.39559384,16.76849284,1185.8467105,116040.51558618,132724.65209239998,272446.39704354,348915.7552780099,515768.31132725003,818609.42935704,802413.04790603,1724627.1756346002
2026-10-08T02:55:46.597592+00:00,obs-20261007-01,LIGHT,BNBUSDT,1.0,773.13,773.14,773.135,0.12934435347222717,20911038888,773.13,773.14,352,60,1802114.3745500005,1570765.7654799994,1754239.38785,1641449.0376399995,4409.0179400000015,4004.8165499999996,794683.8350099997,1022656.4702600002,1557931.350679999,1972356.347200002,3387352.2770099957,3453424.347990004,5704766.163429997,5174447.101880005
2026-10-08T02:55:46.597592+00:00,obs-20261007-01,LIGHT,AAVEUSDT,1.0,175.94,175.95,175.945,0.5683755825836023,10440302359,175.94,175.95,323,85,2043994.0601699995,372192.5432799999,1950947.3445299992,393055.4790400001,3768.648710000001,48103.858450000014,163349.37657000002,93414.47516000002,273444.88841000013,135730.35922000004,383446.0749000001,175117.1515700001,468367.76288000034,227759.60147000005
2026-10-08T02:55:46.597592+00:00,obs-20261007-01,LIGHT,AVAXUSDT,1.0,11.088,11.089,11.0885,0.9018759018775135,10521257659,11.088,11.089,244,39,668849.7783700002,335459.96096000005,690897.94144,294529.09223999997,4220.95063,2879.3466400000007,205991.42921,100573.16489999997,347495.3903899999,182849.26240000007,444797.9545999998,261913.78863,549255.6572400003,301681.6465999999
2026-10-08T02:55:46.597592+00:00,obs-20261007-01,LIGHT,FILUSDT,1.0,1.0686,1.0687,1.0686499999999999,0.9358038555107306,9896088489,1.0686,1.0687,290,28,146213.406086,198537.853176,134743.17636099996,210822.53664799995,2348.7641009999998,676.7160070000001,106350.905415,88613.62558600002,198041.40943699997,172759.96309300003,276896.41301399993,253123.87152799996,370391.661053,334357.3033120002
2026-10-08T02:55:46.597592+00:00,obs-20261007-01,LIGHT,ALGOUSDT,1.0,0.1192,0.1193,0.11925,8.38926174496768,5664639816,0.1192,0.1193,75,0,125959.79629999997,13452.296199999999,128862.68819999999,10729.574300000002,0.0,0.0,39263.4451,35901.9934,87649.402,72094.4821,159563.78140000004,101692.2631,195858.0887,122565.37430000001
2026-10-08T02:55:46.597592+00:00,obs-20261007-01,LIGHT,XRPUSDT,1.0,1.4251,1.4252,1.42515,0.7017051434976551,26678904298,1.4251,1.4252,372,47,1072643.1331899997,1191379.0197100001,1121292.46078,1148759.3168400002,31557.137130000003,40864.46167999999,900068.7436800001,941954.0937200001,1451373.71693,1290808.4034899997,2234855.109890001,2115465.2061899994,4172858.2703500004,2491276.785809998
2026-10-08T02:55:46.597592+00:00,obs-20261007-01,LIGHT,HBARUSDT,1.0,0.09364,0.09365,0.093645,1.0679196924390233,8393629336,0.09364,0.09365,216,21,267197.13755,142285.99011,250329.01992,162861.3686499999,1440.8139099999999,5225.542099999999,139978.64731,127132.47823000002,295415.98875,215621.92048,473099.5365600001,352970.69484000007,844366.7721300002,719972.53274
2026-10-08T02:56:46.626334+00:00,obs-20261007-01,LIGHT,PEPEUSDT,1.0,4.09e-06,4.1e-06,4.095e-06,24.449877750611915,8828101588,4.09e-06,4.1e-06,109,13,5676.73223089,99414.78876094,4365.6738605400005,123143.21939504001,122.66185257,1130.5111875999999,115914.41404361,108713.7135244,273675.30989465,325297.73471158,517079.3696976,794880.9987229401,803321.35883373,1700908.8611761802
2026-10-08T02:56:46.626334+00:00,obs-20261007-01,LIGHT,BNBUSDT,1.0,773.31,773.32,773.315,0.1293142465508268,20911041400,773.31,773.32,349,73,2221672.00024,1016262.4219399994,2212476.6677699992,998240.6671400002,10474.906300000002,3042.1251500000003,769656.7387699994,1022801.85534,1568339.6636099988,2057112.3896200014,3200913.143729996,3479052.4361400036,5703843.228899998,5203325.552060004
2026-10-08T02:56:46.626334+00:00,obs-20261007-01,LIGHT,AAVEUSDT,1.0,176.05,176.06,176.055,0.5680204487346074,10440305792,176.05,176.06,356,80,2455454.871959999,422977.92281999986,2472241.2393199997,432015.0957899999,9013.646530000002,31152.140530000004,171748.67128999997,80284.63605,260558.5575699999,120922.26814000001,364736.58783,168719.09021000005,445809.44256000017,216496.37797
2026-10-08T02:56:46.626334+00:00,obs-20261007-01,LIGHT,AVAXUSDT,1.0,11.091,11.092,11.0915,0.9016319538379669,10521259915,11.091,11.092,252,36,894871.4672400003,411601.18226000003,884679.2458900001,382238.1776499999,4929.83162,5154.73486,234356.15888,147959.91098,332319.42354,227292.33575999996,428221.2701899999,292459.5132399999,559179.3648400004,334604.18688999984
2026-10-08T02:56:46.626334+00:00,obs-20261007-01,LIGHT,FILUSDT,1.0,1.0695,1.0696,1.06955,0.9350163627885877,9896090317,1.0695,1.0696,311,26,140892.005767,113185.25714400003,125959.40825199996,135004.59605300007,2755.3067880000003,1171.5207,84915.83030999998,94696.38243,178126.91267999998,169516.116435,286930.973596,237752.310249,375127.61197800003,313204.97329600004
2026-10-08T02:56:46.626334+00:00,obs-20261007-01,LIGHT,ALGOUSDT,1.0,0.1192,0.1193,0.11925,8.38926174496768,5664640241,0.1192,0.1193,124,2,189968.4536999999,23500.950100000002,193486.67759999997,24338.988699999998,27.5352,0.0,56879.19,35499.3742,125722.11580000001,73536.4435,156045.5575,100854.2245,192347.13119999995,121727.33570000001
2026-10-08T02:56:46.626334+00:00,obs-20261007-01,LIGHT,XRPUSDT,1.0,1.4257,1.4258,1.4257499999999999,0.7014098337654318,26678907682,1.4257,1.4258,414,65,1909259.4557200007,1232519.3395699998,1652741.3992399995,1347759.0252099999,36722.77367,56170.2891,1056695.8635699998,904438.0548199998,1626658.72201,1184716.73527,2478576.4562500007,2016372.7294100004,4422818.9478400005,2378867.3173700017
2026-10-08T02:56:46.626334+00:00,obs-20261007-01,LIGHT,HBARUSDT,1.0,0.09365,0.09366,0.09365499999999999,1.0678056593693697,8393631168,0.09365,0.09366,260,37,457578.35540000006,213757.01905000003,461941.53290999983,204933.63134999998,1371.9388999999996,3813.9590799999996,137032.70084,144232.51027,291650.11026,224550.14505999992,467842.44923,362347.90699000005,838981.6517000002,728795.9204399999
2026-10-08T02:57:46.651904+00:00,obs-20261007-01,LIGHT,PEPEUSDT,1.0,4.09e-06,4.1e-06,4.095e-06,24.449877750611915,8828101689,4.09e-06,4.1e-06,55,11,132433.88488726,20017.81434415,145360.40001026003,115461.01093920002,0.0,1018.4781217999999,99278.1489036,109316.33976539999,261144.54811248,313359.83679404994,504152.8545746,699437.80212789,790541.78495618,1537251.409802
2026-10-08T02:57:46.651904+00:00,obs-20261007-01,LIGHT,BNBUSDT,1.0,773.25,773.26,773.255,0.1293242806332806,20911043088,773.25,773.26,265,45,851920.2734700004,969105.2710499995,666548.2407200001,781452.48684,4257.61981,813.51287,765809.1584099993,1032873.63568,1562567.9487899991,2007254.0738600015,3386570.7300599962,3663523.425480004,5697085.639209997,5195085.311090005
2026-10-08T02:57:46.651904+00:00,obs-20261007-01,LIGHT,AAVEUSDT,1.0,176.03,176.04,176.035,0.5680849855127512,10440308406,176.03,176.04,348,45,952272.95483,246586.67786000026,992723.5426800001,256922.41030000034,10899.320689999997,2442.1802099999995,129166.70982999999,70820.04397,220428.35478000002,110001.78974000002,324285.9999799999,157566.0085100001,399719.9138300002,206160.64553000004
2026-10-08T02:57:46.651904+00:00,obs-20261007-01,LIGHT,AVAXUSDT,1.0,11.087,11.088,11.087499999999999,0.9019572472257487,10521262044,11.087,11.088,253,25,796818.5497700002,457386.5222300001,812313.1682300002,446928.5837799999,895.36413,1025.5903600000001,226013.41564,143028.04422000004,352879.79641,222312.70330000005,437916.3372599999,301740.33169,542572.2446600002,341473.2525099999
2026-10-08T02:57:46.651904+00:00,obs-20261007-01,LIGHT,FILUSDT,1.0,1.0696,1.0697,1.0696500000000002,0.9349289453997045,9896092115,1.0696,1.0697,245,35,243215.26749000026,122454.59887499997,243371.578667,127722.601984,3903.3867370000003,2685.6509610000003,86064.17335699999,92152.48986699998,175675.33611300003,173999.68615799997,283188.7611030001,232489.42776199995,374747.6662200002,312171.057544
2026-10-08T02:57:46.651904+00:00,obs-20261007-01,LIGHT,ALGOUSDT,1.0,0.1192,0.1193,0.11925,8.38926174496768,5664640607,0.1192,0.1193,108,1,186538.56750000006,14327.6465,184189.1536,13841.143499999996,0.0,299.9202,42152.1293,35972.5233,114896.24599999998,74023.05559999999,158394.97139999998,101340.72750000001,194715.0630999999,122213.83870000001
2026-10-08T02:57:46.651904+00:00,obs-20261007-01,LIGHT,XRPUSDT,1.0,1.4255,1.4256,1.4255499999999999,0.701508242721971,26678909888,1.4255,1.4256,352,47,899141.7958800002,820807.84573,969127.9586999994,804707.19456,15479.01339,49762.885319999994,1053602.3374700001,904840.14052,1578063.2639300001,1200933.32003,2408685.5618900005,2019206.81657,4353136.3265700005,2395430.741600002
2026-10-08T02:57:46.651904+00:00,obs-20261007-01,LIGHT,HBARUSDT,1.0,0.09362,0.09363,0.093625,1.0681478316598714,8393633187,0.09362,0.09363,250,45,293440.72488000017,144693.06539,303858.06871,148323.92447999996,1956.90278,5625.93654,128404.20203000001,123690.09634,285636.67649,217275.38006,458333.93992,358163.2234500001,829586.25171,724210.06135
2026-10-08T02:58:46.652330+00:00,obs-20261007-01,LIGHT,PEPEUSDT,1.0,4.09e-06,4.1e-06,4.095e-06,24.449877750611915,8828101899,4.09e-06,4.1e-06,131,28,114380.61190934,147017.75509864002,114295.19390993998,150885.17731938002,18.55501302,900.3423823,115959.04818906999,106052.9163729,260911.43407795,309583.48540154996,504238.272574,695570.3799071499,790480.26327748,1533383.9875812598
2026-10-08T02:58:46.652330+00:00,obs-20261007-01,LIGHT,BNBUSDT,1.0,773.35,773.36,773.355,0.12930755802775806,20911045745,773.35,773.36,391,106,1107273.9604399998,1375658.1929299994,1092006.3683299993,1385508.6257500006,3658.7963700000023,5264.785,745198.2890099994,1023784.4851899998,1570076.6837999986,2042315.4250000005,3401383.600269995,3656949.297160004,5711947.767709998,5188243.416810006
2026-10-08T02:58:46.652330+00:00,obs-20261007-01,LIGHT,AAVEUSDT,1.0,175.83,175.84,175.835,0.5687311607793788,10440312582,175.83,175.84,388,60,1630861.5676600002,533731.0831099998,1571329.6422400004,524872.5009099998,2995.2109800000003,4399.2049400000005,164191.19507000002,71588.99096000002,269787.3194700001,109416.70386000002,389488.53795000026,164389.31694000008,469288.8832300004,216562.62051000004
2026-10-08T02:58:46.652330+00:00,obs-20261007-01,LIGHT,AVAXUSDT,1.0,11.085,11.086,11.0855,0.9021199819581049,10521264424,11.085,11.086,274,58,874389.6078500004,389655.18783999985,874019.8218699995,396142.5631199999,3340.832040000001,6791.942569999999,229855.18821999998,143773.28719,350902.87416999997,221940.49320000003,438302.0384399999,295228.99269,544883.3382700003,335943.1849499999
2026-10-08T02:58:46.652330+00:00,obs-20261007-01,LIGHT,FILUSDT,1.0,1.0679,1.068,1.0679500000000002,0.9364172675341287,9896094703,1.0679,1.068,301,62,280039.04612499994,208578.36218399994,317849.79204800015,170219.3102640001,12540.675525999995,3692.9852789999995,110893.289968,82266.25290100003,194113.16789400004,172953.06876700005,257499.16657300005,261664.26246500007,352581.55900900025,343280.9592840002
2026-10-08T02:58:46.652330+00:00,obs-20261007-01,LIGHT,ALGOUSDT,1.0,0.1192,0.1193,0.11925,8.38926174496768,5664640856,0.1192,0.1193,73,1,175604.15279999998,10591.552,175111.41690000004,11280.2555,26.224,0.0,39574.5026,36900.091799999995,111221.16609999999,73081.99369999999,158887.7073,100652.024,195188.08409999998,121525.1352
2026-10-08T02:58:46.652330+00:00,obs-20261007-01,LIGHT,XRPUSDT,1.0,1.4258,1.4259,1.42585,0.7013606396411021,26678912592,1.4258,1.4259,375,67,1285988.8888399997,841576.58426,1206789.56908,919321.7661499996,4669.917330000003,40840.021350000025,1101526.1248500003,843785.06723,1683394.84403,1126144.58826,2487579.440840001,1957854.8035700005,4431984.69614,2320269.562490002
2026-10-08T02:58:46.652330+00:00,obs-20261007-01,LIGHT,HBARUSDT,1.0,0.09366,0.09367,0.093665,1.0676916506513479,8393634910,0.09366,0.09367,226,117,268049.10104000015,119606.86586000008,245853.65222000008,134316.80724999998,3096.88333,4743.83664,140925.39056,128658.40194,303752.2843,211093.34878999996,479620.55422,344012.4987100001,850666.84058,710455.1199599999
2026-10-08T02:59:46.682591+00:00,obs-20261007-01,LIGHT,PEPEUSDT,1.0,4.09e-06,4.1e-06,4.095e-06,24.449877750611915,8828102032,4.09e-06,4.1e-06,78,15,124383.2032702,17554.03333839,123647.19074479998,18063.334411499996,12.0765839,1027.4640877,115946.61986517,113905.6547779,261715.63709733,309074.34458853997,504974.2850994,695061.07883404,791209.00339608,1532526.7168466102
2026-10-08T02:59:46.682591+00:00,obs-20261007-01,LIGHT,BNBUSDT,1.0,773.45,773.46,773.455,0.12929083974322353,20911048196,773.45,773.46,395,194,676669.6931299999,561066.27073,653779.8204100003,588495.1175200003,1538.1722000000032,3219.4699599999967,809212.8944599999,1012091.5271899997,1589471.3497199996,2016429.4332400004,3231402.345879996,3645478.9374400037,5724558.983170001,5170196.717500004
2026-10-08T02:59:46.682591+00:00,obs-20261007-01,LIGHT,AAVEUSDT,1.0,175.79,175.8,175.79500000000002,0.5688605722742324,10440315206,175.79,175.8,297,55,1649277.366309999,373883.21283000003,1722294.7715099994,365048.5701999998,12340.829660000001,12277.900300000001,133866.95857,64517.02786000002,238547.39543000006,115885.81192000004,317530.52131000004,167940.5827800001,403929.84262000024,224697.15532000008
2026-10-08T02:59:46.682591+00:00,obs-20261007-01,LIGHT,AVAXUSDT,1.0,11.087,11.088,11.087499999999999,0.9019572472257487,10521266460,11.087,11.088,266,46,773059.04548,273287.31142999994,754146.0897500003,344041.19894000003,2655.5173099999993,11133.360050000001,213262.77320000003,86232.7261,341625.83324,163774.21371,457199.0789699999,224499.06889999995,561129.7110100004,265245.7431099999
2026-10-08T02:59:46.682591+00:00,obs-20261007-01,LIGHT,FILUSDT,1.0,1.0698,1.0699,1.0698500000000002,0.9347541596560482,9896096431,1.0698,1.0699,262,35,254977.21344399996,147685.16281099996,205850.00337699996,195046.507657,384.681727,2793.9146370000003,88486.43700799998,86734.675919,182657.24941099997,172160.34588900002,294375.16824499995,230882.98789099997,386125.64808799996,302972.94067999994
2026-10-08T02:59:46.682591+00:00,obs-20261007-01,LIGHT,ALGOUSDT,1.0,0.1192,0.1193,0.11925,8.38926174496768,5664641173,0.1192,0.1193,99,0,221356.51559999993,16374.184299999997,222727.30119999996,13986.851900000001,0.0,0.0,34192.8169,41991.6812,97391.51689999999,75469.32609999999,157516.92169999995,103039.3564,194404.79849999992,123912.46760000002
2026-10-08T02:59:46.682591+00:00,obs-20261007-01,LIGHT,XRPUSDT,1.0,1.426,1.4261,1.42605,0.7012622720892203,26678916003,1.426,1.4261,452,192,1606116.7806099993,1188647.2745900005,1461657.2770200013,1234223.2939300018,4106.14607,52275.93016000003,1193697.5284500003,833596.6541199998,1807918.07945,1081478.5909799999,2631922.766880001,1913942.5152200002,4512693.467099999,2281972.185970001
2026-10-08T02:59:46.682591+00:00,obs-20261007-01,LIGHT,HBARUSDT,1.0,0.0937,0.09371,0.09370500000000001,1.0672358591246045,8393636412,0.0937,0.09371,229,39,311655.92024999997,74506.95003000005,294013.37483,90936.93461,1281.6965500000001,5824.016550000001,143227.5728,121938.36610999999,291458.4473,196634.54850999996,496357.77083000005,327590.17997,864514.3229499998,694321.40911
2026-10-08T03:00:46.687751+00:00,obs-20261007-01,LIGHT,PEPEUSDT,1.0,4.1e-06,4.11e-06,4.105e-06,24.390243902439046,8828102607,4.1e-06,4.11e-06,123,47,173194.15630341,366838.8812763,119814.46758249999,373227.1687620399,1269.84746879,7979.41341278,30422.898514999997,136962.31150823997,204154.97279884,468191.34739956004,437058.95127734996,1149784.3427920202,735584.6493255,1662270.57084145
2026-10-08T03:00:46.687751+00:00,obs-20261007-01,LIGHT,BNBUSDT,1.0,773.75,773.76,773.755,0.12924071082442978,20911053204,773.75,773.76,482,299,2957007.588950002,3966980.814180001,2909841.792570002,3966536.3839400024,16600.79682999998,63460.02694999999,745418.81346,997604.3530699997,1693832.7625699998,2028979.4116300002,3262769.7742099976,3650063.481220003,5594001.627610002,5236574.034420006
2026-10-08T03:00:46.687751+00:00,obs-20261007-01,LIGHT,AAVEUSDT,1.0,175.88,175.89,175.885,0.5685694791890405,10440320366,175.88,175.89,359,65,2107823.73981,672912.2991399996,2107834.0732199987,678588.83851,6962.14232,22425.46315,90063.70283000001,62665.36904,192872.52154999995,111018.54596000002,316552.84754999983,161125.02475000013,396352.15807999996,214342.98604000008
2026-10-08T03:00:46.687751+00:00,obs-20261007-01,LIGHT,AVAXUSDT,1.0,11.103,11.104,11.1035,0.9006574799608202,10521270523,11.103,11.104,349,90,1202645.62629,666113.3186400002,1208536.4206500002,666197.36586,4776.10915,22390.95939,192804.11761000002,115318.44823000001,295034.46492000006,188687.81299000003,422659.93915999995,226959.88513000004,556642.7150800001,268608.94607000006
2026-10-08T03:00:46.687751+00:00,obs-20261007-01,LIGHT,FILUSDT,1.0,1.0708,1.0709,1.07085,0.9338812103099059,9896098997,1.0708,1.0709,301,57,392869.81471099996,228702.334087,385181.29056199983,249641.16126099988,391.13658100000004,8537.717035,88041.486913,104228.67219600001,190847.75819300005,169263.62798000002,293808.97350300016,215490.82292799995,383161.46243300015,286339.96462099993
2026-10-08T03:00:46.687751+00:00,obs-20261007-01,LIGHT,ALGOUSDT,1.0,0.1194,0.1195,0.11945,8.375209380233617,5664641995,0.1194,0.1195,143,10,214296.25550000012,75373.78519999998,196407.94440000004,85992.04670000002,0.0,9234.3399,34042.239499999996,28029.9713,97562.1636,67227.9508,164706.1209,94583.0116,203668.7403,117450.70990000002
2026-10-08T03:00:46.687751+00:00,obs-20261007-01,LIGHT,XRPUSDT,1.0,1.4279,1.428,1.42795,0.7003291547036383,26678921374,1.4279,1.428,486,255,3319116.2498499993,3482923.101460001,2983234.0899199983,3561425.0851899977,58123.059049999945,269054.3714399998,1445183.8330899996,633410.11679,2006845.777599999,1272308.64251,2935233.3128600004,1850383.2417300008,4716723.890250001,2226166.3182099992
2026-10-08T03:00:46.687751+00:00,obs-20261007-01,LIGHT,HBARUSDT,1.0,0.09384,0.09385,0.09384500000000001,1.0656436487632703,8393639594,0.09384,0.09385,302,81,1397958.43185,624187.7165299997,1410081.3382499998,649647.1134299999,2695.8100699999995,24486.784560000004,132444.53301,87854.82437000002,257675.75553000008,178210.77584000002,463345.89108000003,314420.92714,858601.65379,680394.06099
2026-10-08T03:01:46.691674+00:00,obs-20261007-01,LIGHT,PEPEUSDT,1.0,4.09e-06,4.1e-06,4.095e-06,24.449877750611915,8828103181,4.09e-06,4.1e-06,146,22,186560.15169788004,310430.25498891,244757.93985630004,216760.36275332994,14058.509183899998,1591.1228354299997,127865.95780102999,70500.6921652,247477.46125007,269238.06126973,476465.88413973,772656.24414594,782117.0864337999,1692583.40045876
2026-10-08T03:01:46.691674+00:00,obs-20261007-01,LIGHT,BNBUSDT,1.0,773.54,773.55,773.545,0.1292757969850733,20911056582,773.54,773.55,421,222,1838230.0399099994,2566752.0149999983,1883003.8369300002,2531246.238119998,3898.011830000004,2390.904039999997,822676.3638399998,1007656.5049299997,1668361.1100399988,2059835.7101000007,3233391.554679997,3488663.631820003,5561470.5899899965,5273766.172400006
2026-10-08T03:01:46.691674+00:00,obs-20261007-01,LIGHT,AAVEUSDT,1.0,175.79,175.8,175.79500000000002,0.5688605722742324,10440323633,175.79,175.8,372,30,2176507.6142300004,398416.73107999994,2055503.3321800004,385392.79186999984,11107.191460000005,903.0349199999999,214905.40124,70232.77772,299694.6125000001,116956.80548000001,438806.00744000013,168211.8027900001,531009.4123200004,227600.63574000006
2026-10-08T03:01:46.691674+00:00,obs-20261007-01,LIGHT,AVAXUSDT,1.0,11.085,11.086,11.0855,0.9021199819581049,10521274518,11.085,11.086,377,124,1311083.8679899992,437524.70469999994,1337003.7317400004,417319.68171999994,3671.308290000001,8953.809519999999,191250.55901000003,93309.75386000001,337367.11879000004,172725.06256999998,424934.55630999984,244596.08093999996,535170.71635,284294.98723999993
2026-10-08T03:01:46.691674+00:00,obs-20261007-01,LIGHT,FILUSDT,1.0,1.07,1.0701,1.0700500000000002,0.9345794392512374,9896101781,1.07,1.0701,358,38,406692.91813499987,248761.03272699993,412317.8333299999,231420.58484100003,2315.9128490000003,813.044719,95778.396187,90754.41436400001,201624.356528,168886.529835,291922.3483080001,227299.73746599993,384443.971734,303466.97269799997
2026-10-08T03:01:46.691674+00:00,obs-20261007-01,LIGHT,ALGOUSDT,1.0,0.1193,0.1194,0.11935000000000001,8.382229673093988,5664642488,0.1193,0.1194,132,3,235042.00149999998,32580.713300000003,245973.08709999995,24226.124199999987,606.6714000000001,19.0005,52390.26639999999,30251.714699999997,124529.33780000001,71953.0147,157636.98390000002,99823.22629999998,194006.5106,122578.60919999999
2026-10-08T03:01:46.691674+00:00,obs-20261007-01,LIGHT,XRPUSDT,1.0,1.4274,1.4275,1.4274499999999999,0.7005744710664175,26678924808,1.4274,1.4275,484,222,1622456.724740001,1551742.0635100007,1919307.0273199994,1427829.3739000002,69595.20107999998,69075.25104999995,1242240.40523,743551.74548,1847851.3088599995,1109580.5065300001,2639076.7036200007,1973709.5766500004,4466661.832870001,2346609.3667400004
2026-10-08T03:01:46.691674+00:00,obs-20261007-01,LIGHT,HBARUSDT,1.0,0.09379,0.0938,0.09379499999999999,1.0662117496540446,8393642358,0.09379,0.0938,280,111,528299.2658000002,486310.9072899999,513230.08425999986,451809.3873099999,4237.150440000001,5024.43469,134080.69639,109446.08563,297371.9827500001,211987.60940999998,484749.6079400001,346729.3587499999,873868.0715600001,714614.2584999999
2026-10-08T03:02:46.691862+00:00,obs-20261007-01,LIGHT,PEPEUSDT,1.0,4.09e-06,4.1e-06,4.095e-06,24.449877750611915,8828103330,4.09e-06,4.1e-06,72,16,95648.42365668999,133036.11859169998,97009.13452241001,119664.91810865,14.7903398,1768.0190068000002,97571.34048412,102816.08366159999,244702.38673156,306414.78680298,475105.17327400995,786027.44462899,779907.8619552,1691613.91894663
2026-10-08T03:02:46.691862+00:00,obs-20261007-01,LIGHT,BNBUSDT,1.0,773.27,773.28,773.275,0.1293209357666747,20911060527,773.27,773.28,366,65,1606300.3579100005,2461735.575700001,1647388.5438100004,2442292.5609100014,3712.4352400000002,4295.82935,924812.2864899996,1036241.5317999994,1554253.4069099994,1948255.8909100012,3386277.038209996,3489452.1366500026,5693201.633119999,5211458.278650007
2026-10-08T03:02:46.691862+00:00,obs-20261007-01,LIGHT,AAVEUSDT,1.0,175.74,175.75,175.745,0.5690224194832005,10440325716,175.74,175.75,251,32,1108914.3209099998,236900.30442,1243297.0219700006,226789.13156000007,6651.4466999999995,4030.996539999999,122241.23662999996,75649.59287,225905.9739899999,123193.46051000002,308267.0614299999,174796.47505000012,395974.6207100001,230174.99870000008
2026-10-08T03:02:46.691862+00:00,obs-20261007-01,LIGHT,AVAXUSDT,1.0,11.055,11.056,11.055499999999999,0.9045680687469471,10521279632,11.055,11.056,401,259,964783.7635300007,994649.4271300004,1066687.3672999998,963084.77617,17483.42545,12568.22256,170689.38046,99015.83843999996,242263.49837999998,179113.3389999999,358121.85563000006,274039.6662099999,447964.25983000017,301026.60703
2026-10-08T03:02:46.691862+00:00,obs-20261007-01,LIGHT,FILUSDT,1.0,1.0677,1.0678,1.0677500000000002,0.9365926758442278,9896104841,1.0677,1.0678,346,65,444416.9617720002,277600.5086680001,509373.594683,234656.90637200003,9626.071256000003,1893.4073230000001,102541.89443799999,88041.34293600002,192232.544421,150324.43005200004,239356.98553800012,257678.34364500002,339611.35544300015,328128.21278400026
2026-10-08T03:02:46.691862+00:00,obs-20261007-01,LIGHT,ALGOUSDT,1.0,0.1191,0.1192,0.11915,8.396305625524292,5664643213,0.1191,0.1192,131,4,343085.5470999999,41597.212200000016,364124.2530999999,41088.7493,7459.7744,272.71979999999996,20673.3666,28361.750500000002,84720.11550000001,65824.41780000001,143898.7611,93727.42910000001,176867.30590000004,120801.73980000002
2026-10-08T03:02:46.691862+00:00,obs-20261007-01,LIGHT,XRPUSDT,1.0,1.4265,1.4266,1.4265500000000002,0.701016473887428,26678928733,1.4265,1.4266,401,122,2220341.16483,1999341.6367600008,2427851.307,2017343.0640799997,70470.02502000007,55656.52132,1227019.0250599997,742737.7400799998,1683937.8547699987,987524.1323199997,2437573.6068899995,1954932.8305199996,4328872.699719999,2319499.7159000007
2026-10-08T03:02:46.691862+00:00,obs-20261007-01,LIGHT,HBARUSDT,1.0,0.09364,0.09365,0.093645,1.0679196924390233,8393645499,0.09364,0.09365,322,173,514676.2041999999,880912.4529200002,577261.8927000001,846553.1543600005,9374.333639999999,5816.787119999999,122200.92631999998,121599.52507000003,269792.38917000004,229534.4416400001,443869.85599,375132.9840600001,817261.3025100002,742819.68749
2026-10-08T03:03:46.693330+00:00,obs-20261007-01,LIGHT,PEPEUSDT,1.0,4.09e-06,4.1e-06,4.095e-06,24.449877750611915,8828104265,4.09e-06,4.1e-06,143,15,280592.0905526299,509479.08092561987,307151.28183225007,501227.8459729,14384.328113509999,18053.35080367,13972.36460585,136219.7091095,182062.82223184998,320418.50690912,417052.01061694,789435.83917805,767562.74752637,1702601.1406737003
2026-10-08T03:03:46.693330+00:00,obs-20261007-01,LIGHT,BNBUSDT,1.0,772.85,772.86,772.855,0.12939121433630518,20911066026,772.85,772.86,429,139,4612502.6275,4892271.403260001,4821386.614959999,4913861.436160001,34903.19617,3484.407799999999,910453.07823,837438.12495,1670536.5148199988,1776268.9907200015,3186061.1029199963,3459077.692970005,5695171.383769998,5173442.91604001
2026-10-08T03:03:46.693330+00:00,obs-20261007-01,LIGHT,AAVEUSDT,1.0,175.42,175.43,175.425,0.5700604264058384,10440333227,175.42,175.43,438,156,3169838.078960002,869983.3365799997,3190841.13448,853852.2928699994,21146.697770000006,19467.778360000008,95848.1433,69651.92398,182883.10222999996,125967.91031999998,298541.54806000006,176868.23792000004,390668.45097000024,231822.0860800001
2026-10-08T03:03:46.693330+00:00,obs-20261007-01,LIGHT,AVAXUSDT,1.0,11.045,11.046,11.0455,0.9053870529651675,10521286982,11.045,11.046,454,322,2393408.290859999,653385.3954399998,2310666.183119999,713795.1723800001,20666.25267000002,62755.70416999998,178100.13608000003,69857.838,321779.92043000006,154243.6485100001,441548.72928000015,213503.1485100001,532050.88194,241124.3352100001
2026-10-08T03:03:46.693330+00:00,obs-20261007-01,LIGHT,FILUSDT,1.0,1.0674,1.0675,1.06745,0.9368559115596753,9896107532,1.0674,1.0675,320,58,387396.03890999994,240813.849381,384359.97090499994,228682.13604200011,5784.398513,7502.471333999998,91489.57553500001,96257.232727,173193.916217,170197.562278,242422.24480300007,260694.62625199993,339417.401936,343443.58952300006
2026-10-08T03:03:46.693330+00:00,obs-20261007-01,LIGHT,ALGOUSDT,1.0,0.1189,0.119,0.11895,8.41042893187538,5664643893,0.1189,0.119,171,5,65630.2848,65287.936499999974,70368.67569999998,60776.07319999998,667.0589,144.7769,40559.513399999996,21598.6889,111405.3053,58606.8131,144880.99920000002,94038.94410000002,174663.68180000002,108917.38220000002
2026-10-08T03:03:46.693330+00:00,obs-20261007-01,LIGHT,XRPUSDT,1.0,1.4261,1.4262,1.4261499999999998,0.7012130986616683,26678934974,1.4261,1.4262,451,117,3555868.3791299993,2753975.82927,3512635.9756800006,2885849.5955199986,27513.534029999995,51527.46007000001,1228912.64694,703814.9689600002,1564709.7706,850592.0374600003,2508651.46324,1813308.4178900004,4399023.205809999,2181648.0019700015
2026-10-08T03:03:46.693330+00:00,obs-20261007-01,LIGHT,HBARUSDT,1.0,0.09372,0.09373,0.093725,1.0670081092611916,8393649097,0.09372,0.09373,353,74,1598103.90288,674716.5589300002,1549962.8521399999,706703.1661000004,2859.2775899999992,6389.298219999999,138154.89324,109266.23963000001,306224.0966,205521.50002999997,489060.4733100001,343858.84646000003,861487.00629,710621.924
2026-10-08T03:04:46.697570+00:00,obs-20261007-01,LIGHT,PEPEUSDT,1.0,4.08e-06,4.09e-06,4.085e-06,24.50980392156854,8828104933,4.08e-06,4.09e-06,166,18,365794.45986145997,558722.1935247598,378994.9787249599,449439.13640577,13555.771595429998,1429.7157978399998,118276.11713568,120254.78644474999,256872.67701272998,304857.50002195,496424.31553714,785425.4447985401,808844.2805724901,1726177.7443287903
2026-10-08T03:04:46.697570+00:00,obs-20261007-01,LIGHT,BNBUSDT,1.0,772.59,772.6,772.595,0.12943475840909713,20911071069,772.59,772.6,377,95,3586670.661009998,2978387.1690900014,3444085.8782899994,2801497.5714300023,6047.381839999999,21824.979239999997,1115881.6020199999,744743.3732600003,1639596.9747899994,1632869.0259300012,3517874.7035999973,3629398.021830005,5860545.070220001,5151596.335840011
2026-10-08T03:04:46.697570+00:00,obs-20261007-01,LIGHT,AAVEUSDT,1.0,175.0,175.01,175.005,0.5714285714275569,10440337558,175.0,175.01,410,80,1777726.6476899993,489265.1026700003,1816029.6249000004,429667.8003900002,18644.760029999998,1014.48198,118223.43291000002,96463.68982,199461.16253999996,146747.86521999998,282328.10825999995,213830.20892999994,369211.1601400001,273755.19724
2026-10-08T03:04:46.697570+00:00,obs-20261007-01,LIGHT,AVAXUSDT,1.0,11.03,11.031,11.0305,0.906618313691876,10521292296,11.03,11.031,426,331,1625110.819679999,537109.53804,1609981.6611199991,519280.1255400001,10609.694529999972,29506.663329999992,227792.44295000003,98989.91233000004,376608.9442699999,171864.20076000004,460242.78878,229787.70123,550690.0400399999,243757.6199
2026-10-08T03:04:46.697570+00:00,obs-20261007-01,LIGHT,FILUSDT,1.0,1.0659,1.0661,1.066,1.8763486255735096,9896109923,1.0659,1.0661,307,43,341507.98390500015,163360.831267,349706.4382740002,148580.98151500005,2242.9658819999995,729.649723,89267.55267699997,78964.922057,208053.991325,154905.231676,244858.67299200007,266477.41969000007,349745.5405090001,357130.97357100016
2026-10-08T03:04:46.697570+00:00,obs-20261007-01,LIGHT,ALGOUSDT,1.0,0.1188,0.1189,0.11885000000000001,8.417508417508657,5664644444,0.1188,0.1189,130,2,46147.2795,43448.686400000006,56924.58989999999,37615.542199999996,2048.7208,0.0,53413.7366,23071.4517,106634.8688,66504.92050000001,139113.707,93317.0303,168583.9642,119292.32870000001
2026-10-08T03:04:46.697570+00:00,obs-20261007-01,LIGHT,XRPUSDT,1.0,1.4253,1.4254,1.42535,0.7016066792964182,26678938017,1.4253,1.4254,415,108,1520650.1112900004,1189657.7274600002,1507011.5651200002,1047801.14827,59351.224140000035,49865.92033,1038039.2174800002,756854.25442,1407417.0405099997,990435.1199300002,2536852.4606999997,1938633.8846400005,4474847.6570999995,2318519.6173600014
2026-10-08T03:04:46.697570+00:00,obs-20261007-01,LIGHT,HBARUSDT,1.0,0.09366,0.09367,0.093665,1.0676916506513479,8393651397,0.09366,0.09367,262,55,582126.7944900001,295844.3963300001,609852.1241200004,272421.0508999999,2706.86567,6533.113490000001,139838.25412,118088.50942,289427.57460000017,174541.53201000005,463391.66728000017,367128.93897000013,841107.6914500003,733748.9957000001
2026-10-08T03:05:46.698151+00:00,obs-20261007-01,LIGHT,PEPEUSDT,1.0,4.08e-06,4.09e-06,4.085e-06,24.50980392156854,8828105370,4.08e-06,4.09e-06,141,14,171174.52077249996,259013.25576847,146389.75771167,257067.50942867997,1586.8671012,6189.2575719,108263.80162776,115357.76276139,255730.78715207998,301695.78790699,521209.07859796996,787371.19113833,911203.88654366,1721542.5216994802
2026-10-08T03:05:46.698151+00:00,obs-20261007-01,LIGHT,BNBUSDT,1.0,772.49,772.5,772.495,0.1294515139349528,20911075657,772.49,772.5,402,115,2577411.8629099997,3145131.0430899994,2631578.8666899996,3169724.100769999,71577.96477999997,18931.863710000012,1068181.1280299993,713742.4447400001,1584288.7563899986,1605355.9256800008,3464204.8272199966,3601348.4234300028,5806636.0424999995,5083102.101580008
2026-10-08T03:05:46.698151+00:00,obs-20261007-01,LIGHT,AAVEUSDT,1.0,175.13,175.14,175.135,0.5710043967344092,10440341947,175.13,175.14,418,87,1473343.8588600005,519880.42538,1444052.6411300008,575097.7391700001,9611.044549999999,4864.040649999998,109847.42393,65286.71831,220393.97999000005,117724.88574999994,295523.66374000005,165614.05941999998,396820.61596000026,212509.80032000004
2026-10-08T03:05:46.698151+00:00,obs-20261007-01,LIGHT,AVAXUSDT,1.0,11.027,11.028,11.0275,0.9068649678067864,10521298130,11.027,11.028,455,242,1671792.9604300002,661969.0850199998,1714155.2735200012,651751.4778999998,25236.147009999982,27283.428140000007,168244.97436,118191.53000000001,317797.5048999999,188247.96347000008,428200.0186699998,239933.01421000005,516888.2320999998,253317.5169100001
2026-10-08T03:05:46.698151+00:00,obs-20261007-01,LIGHT,FILUSDT,1.0,1.0669,1.067,1.0669499999999998,0.9372949667252328,9896112682,1.0669,1.067,348,51,396504.860868,163869.65103700003,379322.86982000014,188386.629108,1628.5492519999998,1489.039834,77803.694044,98346.35434399996,184138.67142600004,171883.14381299994,254901.33868600006,247048.00484399995,351427.436986,332707.2095870001
2026-10-08T03:05:46.698151+00:00,obs-20261007-01,LIGHT,ALGOUSDT,1.0,0.1188,0.1189,0.11885000000000001,8.417508417508657,5664645320,0.1188,0.1189,189,7,110874.43759999998,85589.2099,105047.09659999998,83124.99029999998,684.4842,482.68300000000005,51087.0497,23357.768,109190.2624,61495.52440000001,141366.9358,92313.48990000002,175627.6487,114666.45760000002
2026-10-08T03:05:46.698151+00:00,obs-20261007-01,LIGHT,XRPUSDT,1.0,1.4249,1.425,1.42495,0.7018036353434454,26678943331,1.4249,1.425,499,95,3047578.34302,2846218.9538800004,2886158.237990001,3002617.861649998,55492.18874999999,54119.01407999999,1032214.4878000001,694970.03462,1455521.8998199997,844773.9329900001,2700067.9953899994,1783204.5425900002,4637788.244779999,2162293.8533600005
2026-10-08T03:05:46.698151+00:00,obs-20261007-01,LIGHT,HBARUSDT,1.0,0.09367,0.09368,0.09367500000000001,1.0675776662738556,8393654381,0.09367,0.09368,328,46,822057.3174100001,976461.7520600006,814664.1338499996,995960.3974400001,1400.3453800000004,5672.889289999999,150054.06858,120415.35661,265940.6190800001,203949.49340000004,470876.17923,347115.19962000014,856747.9599300001,713958.0055700002
2026-10-08T03:06:46.704514+00:00,obs-20261007-01,LIGHT,PEPEUSDT,1.0,4.06e-06,4.07e-06,4.065e-06,24.630541871921707,8828107120,4.06e-06,4.07e-06,235,33,644999.7898466698,777365.3575538903,818526.7030201998,562949.11807039,28017.500441570002,9177.55618895,121233.05111302,113888.73869967,310869.90332332003,300635.88725078997,574316.75923892,624361.3132493999,991541.20669724,1523450.3855123199
2026-10-08T03:06:46.704514+00:00,obs-20261007-01,LIGHT,BNBUSDT,1.0,771.93,771.94,771.935,0.1295454251049044,20911081153,771.93,771.94,428,179,3737290.5560999997,4535569.3631700035,4008747.639090001,4553180.031370002,97893.27475000003,11626.147449999997,975828.1751200001,718071.06075,1529629.1299299998,1520456.6360199999,3394242.5262099984,3263188.1750400024,5799179.868960003,5043811.934760004
2026-10-08T03:06:46.704514+00:00,obs-20261007-01,LIGHT,AAVEUSDT,1.0,174.55,174.56,174.555,0.5729017473488085,10440346401,174.55,174.56,442,92,1104426.0662599995,491365.62603000004,1148632.4952000002,450363.5111100003,19996.629600000004,5751.79767,105620.88442999999,64109.601409999996,186093.1992799999,107901.56048999999,309660.9691499999,182968.07167999994,368422.09949,229201.82229000004
2026-10-08T03:06:46.704514+00:00,obs-20261007-01,LIGHT,AVAXUSDT,1.0,11.007,11.008,11.0075,0.9085127646035751,10521307569,11.007,11.008,490,444,1542433.4749999996,894091.9803899993,1489292.7079600014,924572.97523,30947.125960000023,61291.347589999976,263873.83285999997,87204.1853,384781.5530599999,159017.28684000002,535345.5967799999,201927.3062399999,621935.9824999999,219074.49448999992
2026-10-08T03:06:46.704514+00:00,obs-20261007-01,LIGHT,FILUSDT,1.0,1.0648,1.065,1.0649,1.8782870022526765,9896115989,1.0648,1.065,385,44,490230.30509300006,256152.31729099998,506243.768411,235087.89307800005,919.8479870000001,497.158501,83948.249709,82499.03212200002,185193.82888600003,165248.53677600002,268942.34629700007,258662.53572800005,351309.5096580001,353783.3027380003
2026-10-08T03:06:46.704514+00:00,obs-20261007-01,LIGHT,ALGOUSDT,1.0,0.1185,0.1186,0.11854999999999999,8.438818565401629,5664646193,0.1185,0.1186,186,20,133136.97149999999,63618.37140000005,128893.01630000002,57367.695400000026,10538.1635,110.25619999999999,51721.741,15513.846599999999,122251.00409999999,53622.451799999995,159402.1644,88475.61740000002,183172.53530000005,107547.21190000002
2026-10-08T03:06:46.704514+00:00,obs-20261007-01,LIGHT,XRPUSDT,1.0,1.4223,1.4224,1.42235,0.703086549955767,26678951782,1.4223,1.4224,551,165,4945126.943789993,4302867.229559999,5087087.644469999,4240729.641680002,72647.59565999998,54028.69948999999,1090020.11016,838078.42328,1786947.5257599999,1118946.06583,3149731.6096099997,1841761.8627200008,4524462.675409998,2095633.5018900002
2026-10-08T03:06:46.704514+00:00,obs-20261007-01,LIGHT,HBARUSDT,1.0,0.09346,0.09347,0.09346499999999999,1.069976460517097,8393658584,0.09346,0.09347,386,102,1015679.6576200003,1344161.2089899995,1104637.9694099992,1308927.9355100004,16540.748670000008,6192.8096,139112.67242999995,114493.54034000002,242607.19946999993,212441.81583,410696.1393,369153.5833799999,768815.1699300001,740502.0473300001
2026-10-08T03:07:46.704690+00:00,obs-20261007-01,LIGHT,PEPEUSDT,1.0,4.06e-06,4.07e-06,4.065e-06,24.630541871921707,8828109378,4.06e-06,4.07e-06,210,38,1125628.160387731,889474.7305703905,1079745.6464948303,877011.9915047701,31326.406465730004,3079.9370674000006,101075.79416018,112909.76223054,293171.16636113,309221.59801662,563120.0269024201,636945.77322982,1072888.34672601,1540313.79453013
2026-10-08T03:07:46.704690+00:00,obs-20261007-01,LIGHT,BNBUSDT,1.0,771.56,771.57,771.565,0.12960754834479005,20911091256,771.56,771.57,504,352,8386686.000490002,6807199.666979998,8612202.386340002,6711964.554639993,217450.47067000018,41789.18905000001,850295.8803799999,672395.1441200001,1567500.7397500004,1541875.8429599998,3221671.6152899987,3271044.599170004,5742692.466890002,5008355.089020007
2026-10-08T03:07:46.704690+00:00,obs-20261007-01,LIGHT,AAVEUSDT,1.0,174.4,174.41,174.405,0.5733944954133818,10440351830,174.4,174.41,401,125,1156663.7156000002,512076.0296099998,1162282.50374,489070.64628,23348.198539999994,18154.541510000006,123302.96745999999,76228.47569,201821.64736999993,124287.08995999997,306277.96337,195428.97342999993,369689.84945999994,239793.36754999997
2026-10-08T03:07:46.704690+00:00,obs-20261007-01,LIGHT,AVAXUSDT,1.0,10.996,10.997,10.996500000000001,0.9094216078575634,10521316286,10.996,10.997,485,344,2223131.6627900004,752483.5287899998,2311613.9950500024,731050.9673899998,73284.01832000005,14390.4742,239247.93468000003,80972.10512000001,331332.17864000006,164264.1878,447155.05911000003,222855.95976,535346.6957399999,235913.12881999998
2026-10-08T03:07:46.704690+00:00,obs-20261007-01,LIGHT,FILUSDT,1.0,1.0624,1.0626,1.0625,1.8825301204827838,9896121067,1.0624,1.0626,454,132,875401.4941759999,430685.2542119999,861974.7440850002,418017.229324,16449.612347,4296.962645,84559.657973,76959.413415,188042.19620699997,151403.76493699994,294028.089972,258877.70349699992,371678.1090420001,338701.34049099986
2026-10-08T03:07:46.704690+00:00,obs-20261007-01,LIGHT,ALGOUSDT,1.0,0.1185,0.1186,0.11854999999999999,8.438818565401629,5664647257,0.1185,0.1186,224,2,80848.74019999999,90441.10490000005,82611.86820000004,86287.7177,0.0,1030.7526,58449.8828,19358.9194,122052.8624,58601.8908,156116.828,92629.0046,180654.25220000002,111700.6265
2026-10-08T03:07:46.704690+00:00,obs-20261007-01,LIGHT,XRPUSDT,1.0,1.4211,1.4212,1.42115,0.7036802476956261,26678962153,1.4211,1.4212,535,202,5579896.691940002,5695780.405580001,5794718.517269997,5691473.281609998,114497.44892000004,91807.54834000005,1177308.7737099999,679496.75664,1642482.1000899998,864161.16292,2950571.310079999,1832460.98456,4327479.755789996,2040006.3464099995
2026-10-08T03:07:46.704690+00:00,obs-20261007-01,LIGHT,HBARUSDT,1.0,0.0934,0.09342,0.09340999999999999,2.1413276231263545,8393663116,0.0934,0.09342,390,104,793723.6846400008,922740.68103,793234.6431299999,916295.2351500003,2575.9381900000003,5586.45534,158491.05002999998,108020.31584000001,248967.78648999994,212750.21477999998,411255.66472999996,373804.84265999997,769345.9716400001,746875.5925000001
2026-10-08T03:08:46.704830+00:00,obs-20261007-01,LIGHT,PEPEUSDT,1.0,4.06e-06,4.07e-06,4.065e-06,24.630541871921707,8828109677,4.06e-06,4.07e-06,130,17,163401.11526415008,37231.55277862,157983.9128950101,29234.27350464,1775.1453064800003,1636.6708460300001,130626.96827908,104835.04458284,306955.62408028,301374.75412172,568537.22927156,644943.0525037999,1068024.62662495,1531130.64664299
2026-10-08T03:08:46.704830+00:00,obs-20261007-01,LIGHT,BNBUSDT,1.0,771.78,771.79,771.785,0.12957060302243306,20911095466,771.78,771.79,397,132,1809382.2666299993,1674765.1030700004,1572988.8362899998,1699825.57572,12359.154960000002,11305.50375,858082.59896,829125.5163699999,1650406.2623899998,1598531.4573799998,3403875.298409998,3248851.4985000035,5811869.231330001,5034856.765050007
2026-10-08T03:08:46.704830+00:00,obs-20261007-01,LIGHT,AAVEUSDT,1.0,174.36,174.37,174.365,0.5735260380812512,10440353752,174.36,174.37,349,36,488210.4812800005,183178.19260000013,497818.21183000016,196357.76852000007,4811.87884,8128.475819999999,137965.82287999996,65986.33520999999,202033.8987199999,115013.55522999995,302312.78234000003,176253.65306999988,359912.0975,207052.02970999986
2026-10-08T03:08:46.704830+00:00,obs-20261007-01,LIGHT,AVAXUSDT,1.0,11.004,11.005,11.0045,0.9087604507462821,10521321422,11.004,11.005,412,112,1222435.7716499998,424253.21307,1114569.2934399988,436766.24678000016,13919.859620000001,18390.824919999992,278015.35962,108239.14325000001,422813.2916500001,179017.51056999998,554800.6859100001,210813.8113999999,641304.2228300002,228062.19219999993
2026-10-08T03:08:46.704830+00:00,obs-20261007-01,LIGHT,FILUSDT,1.0,1.0641,1.0642,1.0641500000000002,0.9397613006290051,9896123678,1.0641,1.0642,365,43,503068.8106889999,248818.04952,473165.8088089999,275885.4566329999,615.343878,6108.0315869999995,79819.62881899999,99977.346654,179461.198416,171753.27309900004,298463.1421490001,245839.85025000002,392463.7097080001,322370.841042
2026-10-08T03:08:46.704830+00:00,obs-20261007-01,LIGHT,ALGOUSDT,1.0,0.1186,0.1187,0.11865,8.43170320404818,5664647708,0.1186,0.1187,152,1,26626.4073,37588.586,19747.9668,43044.71910000004,0.0,809.5636,43944.6645,29437.2819,113191.8305,63015.3239,160648.6773,93119.14450000001,185789.6147,114326.7537
2026-10-08T03:08:46.704830+00:00,obs-20261007-01,LIGHT,XRPUSDT,1.0,1.4221,1.4222,1.4221499999999998,0.7031854299976992,26678966093,1.4221,1.4222,460,70,1906670.7904199993,2064961.0020599992,1392174.34486,2175100.574029999,12132.007829999997,59902.24122999999,1204605.8182,667861.0639300001,1974967.3856700002,933360.4022600002,3462029.24537,1739679.6357099996,4846308.984709998,1993954.905019999
2026-10-08T03:08:46.704830+00:00,obs-20261007-01,LIGHT,HBARUSDT,1.0,0.09345,0.09346,0.09345500000000001,1.0700909577310291,8393666124,0.09345,0.09346,310,58,755091.2813399993,457122.33776999963,723533.6724499993,450036.45658999996,40628.45217999998,4721.981400000001,146600.45660999996,136816.31854,263060.91053999995,228594.2073300001,442750.37716000003,382161.95005000004,800894.3593300001,752902.5420100001
2026-10-08T03:09:46.724769+00:00,obs-20261007-01,LIGHT,PEPEUSDT,1.0,4.07e-06,4.08e-06,4.075e-06,24.57002457002533,8828110548,4.07e-06,4.08e-06,222,80,202121.46505040006,455661.4846426701,117267.44981275,564999.1634781301,162.31761546,20556.575258639994,91687.15558992,131356.18271783998,265491.45044306,324338.87905389996,509106.70151337003,637814.9984677299,1061695.6326485102,1715215.0189171
2026-10-08T03:09:46.724769+00:00,obs-20261007-01,LIGHT,BNBUSDT,1.0,772.02,772.03,772.025,0.129530323047522,20911097907,772.02,772.03,366,57,2306528.50847,2790960.487950001,2188490.34379,2823907.094779999,2905.7072200000002,6746.135150000002,960820.1028299998,748954.6462699999,1666255.1560199992,1574687.0636500001,3519822.0037700008,3520489.284570004,5896367.572620003,5014121.442640007
2026-10-08T03:09:46.724769+00:00,obs-20261007-01,LIGHT,AAVEUSDT,1.0,174.1,174.11,174.10500000000002,0.5743825387716228,10440358646,174.1,174.11,400,117,1334337.15676,512783.1489199999,1319925.655460001,472964.8492000003,14602.85676,6518.3007400000015,101931.16993999998,91222.80245000003,221617.53359999997,127835.10555000005,318773.35627000016,190268.08271000002,376562.166,223232.16648000007
2026-10-08T03:09:46.724769+00:00,obs-20261007-01,LIGHT,AVAXUSDT,1.0,11.011,11.012,11.0115,0.9081827263646147,10521324382,11.011,11.012,329,38,941212.2224899994,208031.0563199998,873011.3026799998,219640.6582699999,2710.48321,10678.381480000002,313601.21421999997,106514.85553,457881.33804999996,186268.56146000006,578653.5588899999,200358.78498999996,710111.0853500001,224245.90093999996
2026-10-08T03:09:46.724769+00:00,obs-20261007-01,LIGHT,FILUSDT,1.0,1.0638,1.0639,1.06385,0.9400263207370863,9896124794,1.0638,1.0639,212,12,268349.48160300014,83707.76492199999,270903.74555500015,82302.84818399999,549.481565,405.55181699999997,92236.828176,95299.65952199999,182022.074323,159921.83601700002,295945.3862870001,243535.18723100002,384355.535853,323775.751335
2026-10-08T03:09:46.724769+00:00,obs-20261007-01,LIGHT,ALGOUSDT,1.0,0.1188,0.1189,0.11885000000000001,8.417508417508657,5664648301,0.1188,0.1189,145,2,89332.24719999997,39077.637000000024,83254.45180000001,47327.326800000024,0.0,505.47950000000003,52932.0753,36534.1801,108242.8814,63042.566900000005,153766.6281,89131.87,186873.46009999997,110205.4436
2026-10-08T03:09:46.724769+00:00,obs-20261007-01,LIGHT,XRPUSDT,1.0,1.4233,1.4234,1.4233500000000001,0.7025925665704591,26678969680,1.4233,1.4234,444,66,2252472.637990001,2108539.9704400003,1924125.6851400004,2115828.0473499997,49452.29686000001,50593.732050000006,1415091.9075900004,641239.1047599997,2262669.0883000004,1072453.1961799997,3766931.5732099996,1735558.9423799997,5163757.529899999,1996437.4009499992
2026-10-08T03:09:46.724769+00:00,obs-20261007-01,LIGHT,HBARUSDT,1.0,0.09356,0.09357,0.09356500000000001,1.0688328345431763,8393668088,0.09356,0.09357,265,33,832296.1548300008,241357.21300999998,790238.7536299998,274143.25927,1367.1681799999997,5353.4807900000005,146167.63061000002,127828.00574000001,248966.40127,206873.77134999997,454781.33062999987,364614.41081999993,838149.12759,720228.6406099999
2026-10-08T03:10:46.742427+00:00,obs-20261007-01,LIGHT,PEPEUSDT,1.0,4.07e-06,4.08e-06,4.075e-06,24.57002457002533,8828111169,4.07e-06,4.08e-06,133,15,136019.13918249003,207295.44367986,143735.67436085,183095.94688742,6973.08630326,886.57377144,81323.63400392,128115.5287104,257531.8304727,333791.23955825,501390.16633501,662014.49526017,1058842.2529873599,1734439.6469520899
2026-10-08T03:10:46.742427+00:00,obs-20261007-01,LIGHT,BNBUSDT,1.0,772.1,772.11,772.105,0.1295169019566167,20911100490,772.1,772.11,349,65,2375146.8176999986,1378290.06325,2239981.72386,1331111.5235600001,1958.1584400000002,5658.620079999999,985222.7537900002,792828.08056,1608119.140749999,1623130.7078300002,3653093.744679999,3578496.751140004,5846267.652939998,5066794.809200005
2026-10-08T03:10:46.742427+00:00,obs-20261007-01,LIGHT,AAVEUSDT,1.0,174.16,174.17,174.165,0.5741846577844711,10440361194,174.16,174.17,366,39,605917.6172199998,383313.6380999999,603486.0451900001,413417.69720999995,953.10726,28812.403190000005,104947.67201,59560.32053,204409.55440999995,106103.29467,315829.3312900002,163369.78517999998,377339.41908000014,193074.59408999997
2026-10-08T03:10:46.742427+00:00,obs-20261007-01,LIGHT,AVAXUSDT,1.0,11.007,11.008,11.0075,0.9085127646035751,10521327607,11.007,11.008,331,68,1127444.5451799997,321368.05406999995,1237778.1342300002,303507.39135999995,19022.691290000006,2822.0872900000004,241952.60017999998,115186.87905000002,378750.1318400001,192186.08766999998,512548.7071900002,217106.88892999987,599996.0223400003,239734.7004699999
2026-10-08T03:10:46.742427+00:00,obs-20261007-01,LIGHT,FILUSDT,1.0,1.0642,1.0643,1.06425,0.9396729937982684,9896126108,1.0642,1.0643,248,20,192013.198801,98034.8327119999,188808.63510699995,113090.83625299997,1088.653186,1269.9631710000003,80805.461187,83961.62824000002,178499.46712500002,159702.91644700008,299084.4362830001,232371.79113900007,384215.079464,308719.71893100004
2026-10-08T03:10:46.742427+00:00,obs-20261007-01,LIGHT,ALGOUSDT,1.0,0.1188,0.1189,0.11885000000000001,8.417508417508657,5664648830,0.1188,0.1189,134,3,125695.43269999998,61662.61659999998,129087.2741,47798.0903,0.0,6928.0652,55560.7172,36276.8598,111774.1563,69200.2794,148483.7008,98432.59629999999,176828.9869,124171.78779999999
2026-10-08T03:10:46.742427+00:00,obs-20261007-01,LIGHT,XRPUSDT,1.0,1.423,1.4231,1.42305,0.7027406886850329,26678972840,1.423,1.4231,394,65,1497912.7574100005,1490212.2944099999,1763003.7950599997,1462792.1013999996,16586.104170000002,66177.9514,1395276.03776,643360.8478999999,2253492.70011,942794.0949599999,3503791.6678400002,1762672.11307,4890434.852759999,2023406.4414699993
2026-10-08T03:10:46.742427+00:00,obs-20261007-01,LIGHT,HBARUSDT,1.0,0.0935,0.09351,0.093505,1.0695187165765674,8393671646,0.0935,0.09351,331,85,636251.5330299997,528772.3560599999,674836.5676399998,523336.75841999985,23240.76696000002,5419.153979999999,122708.63792000001,123847.02529999998,260680.74347000002,209281.17057,426308.29228999995,364939.3206999999,799589.3561800001,725600.42787
2026-10-08T03:11:46.742979+00:00,obs-20261007-01,LIGHT,PEPEUSDT,1.0,4.07e-06,4.08e-06,4.075e-06,24.57002457002533,8828111660,4.07e-06,4.08e-06,156,12,213703.97192277003,146582.74057339004,228445.68574411998,144455.11657098003,470.16025837,940.4715016800001,23137.83919018,130213.43236824,212783.6250397,336007.74906883,486648.45251365996,664142.11926258,1053765.44694613,1736599.34222722
2026-10-08T03:11:46.742979+00:00,obs-20261007-01,LIGHT,BNBUSDT,1.0,772.44,772.45,772.445,0.1294598933254676,20911103457,772.44,772.45,387,80,2181088.552590002,1415475.0413200012,2149191.01174,1426477.427810001,1208.6454299999998,26033.784219999998,971557.5269300004,787753.7853099998,1634592.38463,1632691.1243400008,3485988.0344399996,3681268.731620004,5861936.75562,5059873.899760005
2026-10-08T03:11:46.742979+00:00,obs-20261007-01,LIGHT,AAVEUSDT,1.0,173.96,173.97,173.965,0.5748447919051713,10440363636,173.96,173.97,313,47,573551.4875699998,528962.0832999999,598289.5244900001,513684.8162000003,9114.126129999995,4462.254770000001,112685.49430000003,43592.13603999999,209390.75807000004,97668.26602000001,303645.53439000016,165827.21446999995,361566.1329200002,202012.5846199999
2026-10-08T03:11:46.742979+00:00,obs-20261007-01,LIGHT,AVAXUSDT,1.0,11.009,11.01,11.0095,0.9083477155047426,10521331198,11.009,11.01,365,76,1164612.7103900004,335928.1562599998,1204344.3833499996,339051.03412,13967.625460000012,9395.7038,176319.90251000004,108370.30647000003,337599.2055300001,188565.41719000004,464024.74234000006,219949.08086999995,560380.7089699999,237655.21919999996
2026-10-08T03:11:46.742979+00:00,obs-20261007-01,LIGHT,FILUSDT,1.0,1.0639,1.064,1.0639500000000002,0.9399379640950833,9896128031,1.0639,1.064,297,29,385865.1112030001,160738.43642399998,387788.9695520001,145262.66045599995,723.679354,520.546731,81675.926542,95877.53784699999,179074.32006900004,169314.84911399998,297197.0837500001,247620.51970300003,386118.4485930002,324497.579771
2026-10-08T03:11:46.742979+00:00,obs-20261007-01,LIGHT,ALGOUSDT,1.0,0.1187,0.1188,0.11875,8.424599831509116,5664649199,0.1187,0.1188,105,0,34216.94629999999,56342.86269999998,43312.46809999999,53351.3126,0.0,0.0,66689.3118,33534.0071,113457.6593,73161.51310000001,141846.95979999998,100164.86640000001,174364.145,121255.14510000002
2026-10-08T03:11:46.742979+00:00,obs-20261007-01,LIGHT,XRPUSDT,1.0,1.4227,1.4228,1.4227500000000002,0.7028888732696359,26678976800,1.4227,1.4228,417,78,1837935.3844799995,2821496.4673599987,2127776.4556499994,2855880.6305200006,29629.588900000006,84611.06666,1174534.3760500003,715158.9962200001,1984442.1372800001,887959.9669100003,3214188.1043800004,1729928.1145100005,4600964.045139999,1987823.4819599998
2026-10-08T03:11:46.742979+00:00,obs-20261007-01,LIGHT,HBARUSDT,1.0,0.09351,0.09352,0.093515,1.0694043417824872,8393673725,0.09352,0.09353,288,24,331521.6484400003,268865.1737900001,314923.0318500002,256582.55413999973,860.1071199999998,6577.685409999999,162760.12609999996,136987.23663,292530.14103,219305.85988999993,442906.90887999994,377276.2490999999,816176.70657,737941.3246999999
2026-10-08T03:12:46.751731+00:00,obs-20261007-01,LIGHT,PEPEUSDT,1.0,4.06e-06,4.07e-06,4.065e-06,24.630541871921707,8828112380,4.06e-06,4.07e-06,223,23,89919.23473413991,525071.6716077898,133488.10893979005,610046.75865994,3991.11072195,2637.6484327599997,130568.4279389,7544.22544722,256344.4428788,185060.0467089,536015.8292656901,472434.15305138,951019.72953246,1310614.13029617
2026-10-08T03:12:46.751731+00:00,obs-20261007-01,LIGHT,BNBUSDT,1.0,772.31,772.32,772.315,0.12948168481630162,20911106381,772.31,772.32,338,154,2406026.77387,1623593.75277,2625822.513989998,1699590.7077499998,20322.41559,6237.741999999999,966344.8871800005,798940.0941899999,1691290.1552700005,1673711.5342700016,3458032.361220001,3603267.671780005,5840777.415700001,5022999.142710006
2026-10-08T03:12:46.751731+00:00,obs-20261007-01,LIGHT,AAVEUSDT,1.0,174.03,174.04,174.035,0.5746135723727619,10440366462,174.03,174.04,326,60,792826.17566,597272.3428999998,767383.8107099993,586560.1932600001,13300.80345,8310.91888,152946.10222,78301.73310000001,227178.82916,128421.44630000004,324686.6884400001,181203.31013000003,375498.05389000004,211045.89588
2026-10-08T03:12:46.751731+00:00,obs-20261007-01,LIGHT,AVAXUSDT,1.0,11.003,11.004,11.003499999999999,0.90884304280614,10521335020,11.003,11.004,344,127,1251066.620910001,335459.12825,1214717.9006599996,325731.34033999994,6372.794390000001,1488.3545099999997,245551.57631999993,114868.91446,387030.74978,187379.34579999998,509285.06396,228829.80654999998,599150.49812,247241.00615999996
2026-10-08T03:12:46.751731+00:00,obs-20261007-01,LIGHT,FILUSDT,1.0,1.0626,1.0627,1.06265,0.94108789761016,9896131053,1.0626,1.0627,344,69,377613.4569669999,279330.5238569998,410171.54201099987,252532.42637100004,4051.1907650000007,1312.493417,97794.869775,93436.762684,186468.914146,157451.75129199997,280962.326423,264558.3369710001,362085.34761800023,346344.070361
2026-10-08T03:12:46.751731+00:00,obs-20261007-01,LIGHT,ALGOUSDT,1.0,0.1186,0.1187,0.11865,8.43170320404818,5664649624,0.1186,0.1187,111,2,43390.84049999999,37048.7915,53978.00059999998,34207.1761,8905.5601,0.0,55995.103,26219.114,104128.7337,66859.2491,139036.4197,101460.01160000003,164068.30899999998,122829.55790000004
2026-10-08T03:12:46.751731+00:00,obs-20261007-01,LIGHT,XRPUSDT,1.0,1.421,1.4211,1.4210500000000001,0.7037297677681131,26678981460,1.421,1.4211,443,79,2739083.3992699995,3535415.876579996,3048344.532310001,3435800.51617,59983.90373,50162.72265999999,1199101.85921,670837.2683199998,1656272.1036099999,1108433.3174699994,2925672.8094000006,1813508.9731399987,4323966.766550001,2021079.7359499983
2026-10-08T03:12:46.751731+00:00,obs-20261007-01,LIGHT,HBARUSDT,1.0,0.09347,0.09348,0.093475,1.0698619878035664,8393676410,0.09347,0.09348,294,64,526871.8656900001,308798.55559000006,535290.6791800001,290365.0877400001,4694.52621,6491.96794,141833.32581,143079.37193999998,284700.97922000004,237763.17625999995,439005.3004300001,385549.58331999986,807917.9184700003,756316.51537
2026-10-08T03:13:46.752203+00:00,obs-20261007-01,LIGHT,PEPEUSDT,1.0,4.06e-06,4.07e-06,4.065e-06,24.630541871921707,8828113156,4.06e-06,4.07e-06,189,17,250559.01749244987,444268.95819191996,199134.95396880992,412080.2005682199,1057.28729436,1457.5578245099996,124555.12070148,14645.87773913,262395.61683363,203352.16798529,550231.43020752,481161.09952993,964832.0754259899,1316146.25248158
2026-10-08T03:13:46.752203+00:00,obs-20261007-01,LIGHT,BNBUSDT,1.0,772.29,772.3,772.295,0.12948503800291888,20911108825,772.29,772.3,318,89,2430457.2074300023,1470671.2240099998,2397499.923850002,1544940.9649099999,9672.23663,3595.969789999999,998137.8773500007,771476.9418999999,1725036.1151000003,1704542.5249500016,3491068.3969300007,3528846.6070000054,5873742.2674,5053795.172350004
2026-10-08T03:13:46.752203+00:00,obs-20261007-01,LIGHT,AAVEUSDT,1.0,174.08,174.09,174.085,0.5744485294112422,10440369854,174.08,174.09,329,62,753380.3159899993,608222.1818699997,742987.4816100001,622031.6302900001,3079.7690799999996,5016.061719999999,137629.93464,73291.38633,217882.86219999997,114799.89312,328738.04880000016,167948.62801000001,381740.46333000006,196607.39438999997
2026-10-08T03:13:46.752203+00:00,obs-20261007-01,LIGHT,AVAXUSDT,1.0,10.997,10.998,10.997499999999999,0.9093389106107352,10521339815,10.997,10.998,369,129,1492266.3550900002,498874.0212799998,1514417.8650100005,484983.13175999984,53961.02349999998,37033.11344,248127.41623,104905.10829000002,345648.36893,200836.35337000003,489548.27194000006,242293.9257,579678.24548,257435.72130000003
2026-10-08T03:13:46.752203+00:00,obs-20261007-01,LIGHT,FILUSDT,1.0,1.0621,1.0622,1.06215,0.9415309292903906,9896133617,1.0621,1.0622,341,40,361682.1946459998,201892.397034,370693.195691,200461.92952499996,10122.347975,854.6220659999999,88769.83920100001,91995.264578,181138.55083900003,162322.00385000004,274693.53955500014,262071.31853600006,362539.6406250004,342223.93847100006
2026-10-08T03:13:46.752203+00:00,obs-20261007-01,LIGHT,ALGOUSDT,1.0,0.1186,0.1187,0.11865,8.43170320404818,5664649913,0.1186,0.1187,102,0,34376.6401,24461.831599999998,39657.2331,21578.2264,0.0,0.0,46245.597499999996,30888.3964,97654.9162,71111.3175,133755.82670000003,104343.61680000002,159714.73890000005,125555.49920000002
2026-10-08T03:13:46.752203+00:00,obs-20261007-01,LIGHT,XRPUSDT,1.0,1.4205,1.4206,1.42055,0.7039774727202186,26678985374,1.4205,1.4206,450,68,2006529.9986800002,2543547.9560200004,1992439.6989700007,2441269.4841200006,59119.34450999999,10584.361240000002,1249456.0739799999,785580.72056,1563489.3455299994,1081486.3458900005,2966559.49112,1902182.7928699998,4362322.08473,2109528.72191
2026-10-08T03:13:46.752203+00:00,obs-20261007-01,LIGHT,HBARUSDT,1.0,0.0935,0.09351,0.093505,1.0695187165765674,8393678876,0.0935,0.09351,314,33,476723.1415200004,371357.66994,480974.2041800007,384657.9482299998,649.20054,9875.46906,134968.31003999998,138226.64181,284115.83574999997,227025.59073999999,430237.03273000004,382355.12990999996,803518.1021400001,743016.23708
2026-10-08T03:14:46.757496+00:00,obs-20261007-01,LIGHT,PEPEUSDT,1.0,4.06e-06,4.07e-06,4.065e-06,24.630541871921707,8828113630,4.06e-06,4.07e-06,172,19,120748.26739713001,392499.86267897004,83707.41313801,222543.73300952994,5432.35258874,1115.59954374,118921.3562467,93873.75558077,278111.93788945,305672.45648477,587272.28446664,651117.2291993699,1079778.31251501,1520016.65947131
2026-10-08T03:14:46.757496+00:00,obs-20261007-01,LIGHT,BNBUSDT,1.0,771.32,771.33,771.325,0.12964787636793318,20911115742,771.32,771.33,433,251,6199641.325260004,8126136.720700006,6731845.839310004,7953747.428649999,634871.6634800003,33852.840240000005,847869.4722999998,895825.0108100001,1407279.6442900002,1688825.1825499998,3227486.5814299984,3524243.3255300033,5657222.535780001,5097332.74938
2026-10-08T03:14:46.757496+00:00,obs-20261007-01,LIGHT,AAVEUSDT,1.0,174.01,174.02,174.015,0.5746796161143486,10440372767,174.01,174.02,287,36,682279.5264499997,512532.87687999994,684317.6958900002,508559.2303900002,1677.0982899999997,1695.445,113960.31928000003,58885.03976999999,213924.32233999996,109261.46660000003,327482.37110000005,171054.30796000003,380467.94896,198763.75786
2026-10-08T03:14:46.757496+00:00,obs-20261007-01,LIGHT,AVAXUSDT,1.0,10.994,10.995,10.994499999999999,0.9095870474795653,10521343142,10.994,10.995,340,78,1341966.03769,367598.04404,1353545.5204099999,381788.8983599999,8158.802350000001,26037.673359999997,244420.86271999995,107408.78633000002,335294.92676999985,198219.48413000006,477982.28799999994,227963.13906000004,568213.1134099999,243401.86092000004
2026-10-08T03:14:46.757496+00:00,obs-20261007-01,LIGHT,FILUSDT,1.0,1.0616,1.0617,1.0616500000000002,0.9419743782967949,9896135224,1.0616,1.0617,276,24,104073.69339400003,142856.42139100004,121201.54945400005,136487.58562799994,2270.43604,490.36376800000005,79865.32604599999,97779.26080599999,174730.42132100003,164026.99800000002,260626.25432900005,264732.65959899995,345758.7658180001,348095.56177999993
2026-10-08T03:14:46.757496+00:00,obs-20261007-01,LIGHT,ALGOUSDT,1.0,0.1185,0.1186,0.11854999999999999,8.438818565401629,5664650266,0.1185,0.1186,88,3,51765.20369999999,33444.10450000001,33107.98889999999,37448.80550000001,6555.6586,0.0,68653.9645,33435.499299999996,123621.0791,72517.82569999999,154759.6327,95395.36879999998,179728.8,113626.14109999998
2026-10-08T03:14:46.757496+00:00,obs-20261007-01,LIGHT,XRPUSDT,1.0,1.4198,1.4199,1.4198499999999998,0.7043245527538211,26678988318,1.4198,1.4199,404,92,1376869.2128000006,1879877.4692599995,1267778.41188,1862821.94075,77743.74841,26898.31935,1276771.45716,758933.3431899999,1789090.0210699998,1089664.49557,3082601.8135100002,1914547.9115199996,4472389.617010002,2125192.95012
2026-10-08T03:14:46.757496+00:00,obs-20261007-01,LIGHT,HBARUSDT,1.0,0.09344,0.09345,0.093445,1.0702054794520244,8393680869,0.09344,0.09345,287,43,265359.03674999997,247390.43503999998,271961.69128000014,225484.58473000006,1850.0278499999995,7903.584950000001,158625.74602000002,140812.62273000003,273960.99789000006,240159.35068,438938.9690200002,394133.1609500001,797102.4297100002,764873.7529100002
2026-10-08T03:15:46.781180+00:00,obs-20261007-01,LIGHT,PEPEUSDT,1.0,4.06e-06,4.07e-06,4.065e-06,24.630541871921707,8828113870,4.06e-06,4.07e-06,117,12,230288.36464951,73146.92226634998,235733.92964742996,77165.72734314,11.4520623,1033.23146168,100569.66601388,102071.81749666,272070.05279153003,316743.44293018,581826.71946872,647098.4241225801,1076949.5215656,1517048.92875762
2026-10-08T03:15:46.781180+00:00,obs-20261007-01,LIGHT,BNBUSDT,1.0,771.15,771.16,771.155,0.1296764572389364,20911119180,771.15,771.16,418,77,2042900.8605199992,3912511.0363899986,2128969.20166,3899755.6547200014,14538.57093,23165.234849999997,811828.1985799999,805952.2120399999,1342372.3292600007,1696672.7542899996,3144741.077619999,3530681.172350005,5601678.673350003,5107155.339690002
2026-10-08T03:15:46.781180+00:00,obs-20261007-01,LIGHT,AAVEUSDT,1.0,173.89,173.9,173.89499999999998,0.5750761975975571,10440375298,173.89,173.9,322,27,930603.1509199998,523781.0300699998,955494.55469,513796.10227000003,2430.1401299999998,3393.89855,97916.90907999998,69118.88025,199777.02293999997,114153.27229000005,307113.12302000006,171349.05923000004,369906.6442599999,206350.3907400001
2026-10-08T03:15:46.781180+00:00,obs-20261007-01,LIGHT,AVAXUSDT,1.0,10.987,10.988,10.9875,0.9101665604793752,10521347051,10.987,10.988,370,87,1136263.3078000005,435409.1701999997,1205716.4369099997,432718.9548099999,3374.1468400000003,16128.214229999998,172903.86239999995,110786.79504000001,294765.88051999995,188100.05224000005,411603.45486999984,230327.1026,519795.72753,245165.10151
2026-10-08T03:15:46.781180+00:00,obs-20261007-01,LIGHT,FILUSDT,1.0,1.061,1.0611,1.0610499999999998,0.9425070688018344,9896136561,1.061,1.0611,268,20,147025.70303099998,98658.55297,159419.03376799996,87341.20477400004,412.49727699999994,1808.2910290000002,86092.85330500001,91072.30562799999,171904.03103900008,162007.20110900002,251879.42997600013,271618.084024,347030.4053180004,355398.71389899997
2026-10-08T03:15:46.781180+00:00,obs-20261007-01,LIGHT,ALGOUSDT,1.0,0.1185,0.1186,0.11854999999999999,8.438818565401629,5664650617,0.1185,0.1186,103,1,29864.922399999996,36566.23380000003,29412.168899999997,27920.639500000005,0.0,2715.5842,69211.6526,43475.6443,123888.84780000002,81947.9284,155212.38619999998,104040.96310000001,180182.65350000001,122121.50150000001
2026-10-08T03:15:46.781180+00:00,obs-20261007-01,LIGHT,XRPUSDT,1.0,1.42,1.4201,1.4200499999999998,0.7042253521127861,26678992183,1.42,1.4201,445,172,1913539.1095900012,1700532.33868,1760869.1429600008,1804752.6788499998,53108.20596999999,36778.19572000002,1426573.5729999999,840635.4080799998,1938537.9366899997,986699.49782,3234644.24895,1814676.0604899996,4624626.13424,2022427.62499
2026-10-08T03:15:46.781180+00:00,obs-20261007-01,LIGHT,HBARUSDT,1.0,0.09343,0.09344,0.09343499999999999,1.070320025686744,8393682893,0.09343,0.09344,254,64,384086.1858500001,198910.06544000012,394667.77989000006,202352.52394,3829.128790000001,6536.680440000001,150138.58707,137354.47273999997,270255.62328000006,238159.0211099999,428357.3749800002,390584.81931000005,786529.3263500003,761426.0758500001
2026-10-08T03:16:46.787559+00:00,obs-20261007-01,LIGHT,PEPEUSDT,1.0,4.06e-06,4.07e-06,4.065e-06,24.630541871921707,8828114162,4.06e-06,4.07e-06,131,15,310916.98373222,78425.02728855,334222.25590595003,121759.73971729996,1018.8264322599999,1110.71778224,130631.60838812,142659.94782424,268529.06040332,340688.72819031996,558521.4472949901,603763.71169383,962870.3288927401,1388815.82799988
2026-10-08T03:16:46.787559+00:00,obs-20261007-01,LIGHT,BNBUSDT,1.0,771.24,771.25,771.245,0.12966132461933455,20911122429,771.24,771.25,373,90,1808307.60022,4294940.511630001,1706988.0421299995,4266859.216080001,21170.124310000007,36087.69405,847615.5921699995,868248.4628500001,1445196.4873799998,1732352.6885600002,3243334.902789999,3560007.1532700052,5696888.3700800035,5137137.096760001
2026-10-08T03:16:46.787559+00:00,obs-20261007-01,LIGHT,AAVEUSDT,1.0,174.05,174.06,174.055,0.5745475438079239,10440378215,174.05,174.06,329,33,852951.8276099999,412329.47951999976,826829.9968099992,425034.71059999976,1182.3591000000001,5603.711069999999,155835.76425,73251.71986000001,233605.64955,115615.16182000005,325949.57271000015,166807.18614000012,381335.22948,195296.1813500001
2026-10-08T03:16:46.787559+00:00,obs-20261007-01,LIGHT,AVAXUSDT,1.0,10.985,10.986,10.9855,0.9103322712800122,10521350516,10.985,10.986,348,107,1181019.7794700004,406387.21154,1113392.3928500002,405062.96867,29339.961230000004,9168.97588,260654.99053999997,110372.84026,386626.84456,193440.48548,479325.0373300001,231646.24084999997,587329.3332499999,246473.24256000004
2026-10-08T03:16:46.787559+00:00,obs-20261007-01,LIGHT,FILUSDT,1.0,1.0611,1.0612,1.06115,0.9424182452177909,9896138138,1.0611,1.0612,265,16,174542.317889,212999.9313649999,173467.52818999998,223861.66349899978,942.777278,1515.917363,87114.206462,92798.71062900001,158623.89201300003,157550.26873,252930.8152430001,264390.55089199997,347937.7989570003,344856.0448539999
2026-10-08T03:16:46.787559+00:00,obs-20261007-01,LIGHT,ALGOUSDT,1.0,0.1185,0.1186,0.11854999999999999,8.438818565401629,5664650941,0.1185,0.1186,134,0,17756.2826,13134.513200000001,15050.818,14379.088699999998,0.0,0.0,71583.25270000001,41352.3402,126127.4535,79891.9424,157917.8508,102796.3876,182787.82390000002,121027.2912
2026-10-08T03:16:46.787559+00:00,obs-20261007-01,LIGHT,XRPUSDT,1.0,1.4196,1.4197,1.4196499999999999,0.704423781345831,26678995524,1.4196,1.4197,422,89,1493884.4370299997,2012748.2056899988,1653198.7675999994,1965525.4109999994,37858.49943,71944.87465,1304649.4482699998,681075.6980399999,1785200.57301,1037113.6380200001,3077126.5648499997,1858838.6446299995,4471698.10672,2068242.29012
2026-10-08T03:16:46.787559+00:00,obs-20261007-01,LIGHT,HBARUSDT,1.0,0.09347,0.09348,0.093475,1.0698619878035664,8393684837,0.09347,0.09348,245,68,425159.65609999996,218461.16183,406000.9127599999,226485.16861000014,2931.3568199999986,15946.076410000007,139118.82079,139393.91759000003,280623.44638,234908.54168999998,436728.73254,382688.6900599999,805542.5215300001,753450.40355
2026-10-08T03:17:46.797972+00:00,obs-20261007-01,LIGHT,PEPEUSDT,1.0,4.06e-06,4.07e-06,4.065e-06,24.630541871921707,8828114318,4.06e-06,4.07e-06,72,14,67201.81245381,7054.710704670001,66536.60171993,14403.419262230007,730.4308851000001,1167.7260768800002,131296.70013418,140049.96301868,269692.42156767996,333340.01963275997,559186.65802887,596415.00313627,964234.31554829,1386142.57362707
2026-10-08T03:17:46.797972+00:00,obs-20261007-01,LIGHT,BNBUSDT,1.0,771.41,771.42,771.415,0.12963275041855127,20911125783,771.41,771.42,411,78,1511619.8655800002,3330769.5083599985,1529446.6816100008,3391983.435549999,22487.21873,11828.394979999997,748079.7077,982678.3186199998,1425857.7920000008,1681366.8168999997,3211517.540869999,3550199.872110003,5668731.065970003,5130831.02965
2026-10-08T03:17:46.797972+00:00,obs-20261007-01,LIGHT,AAVEUSDT,1.0,174.24,174.25,174.245,0.5739210284660956,10440382036,174.24,174.25,355,71,829991.1972299997,414415.30705000024,826065.5314599995,407594.45216999983,6776.83011,5491.88725,106478.32398,72509.78126,214118.07218999995,126963.77008999999,320675.6660200001,171708.72384000008,381221.4326600001,202634.11202000003
2026-10-08T03:17:46.797972+00:00,obs-20261007-01,LIGHT,AVAXUSDT,1.0,10.996,10.997,10.996500000000001,0.9094216078575634,10521354953,10.996,10.997,394,76,1141385.1556299997,513923.0237000003,1149723.9263699995,534680.4603200001,2863.9037,21967.80498,269291.67154,107830.28654999999,357299.31859000004,191700.4775,467806.7834700001,211360.09102,577373.57836,225083.73171000008
2026-10-08T03:17:46.797972+00:00,obs-20261007-01,LIGHT,FILUSDT,1.0,1.0612,1.0613,1.0612499999999998,0.9423294383714698,9896139563,1.0612,1.0613,271,27,240735.23172100005,231100.15761499997,242415.53155500005,221313.249989,1328.986419,2695.5940820000005,84636.390464,94790.95343299997,153310.646943,170726.1936209999,251240.5136970001,274209.3338499999,332118.3695670003,354321.1167659998
2026-10-08T03:17:46.797972+00:00,obs-20261007-01,LIGHT,ALGOUSDT,1.0,0.1186,0.1187,0.11865,8.43170320404818,5664651378,0.1186,0.1187,135,2,27451.6483,39402.394400000034,23790.778400000003,49168.47030000004,0.0,596.0901,47385.5294,34795.5437,111096.262,72710.7919,159232.12949999998,97973.85870000001,185298.90269999998,119193.1379
2026-10-08T03:17:46.797972+00:00,obs-20261007-01,LIGHT,XRPUSDT,1.0,1.4201,1.4202,1.42015,0.7041757622694433,26678999248,1.4201,1.4202,438,133,1989653.6764600002,1748480.5143199987,1812580.6863500006,1740524.1171800005,41481.396559999994,38709.37688999999,1408795.1874300002,902397.6402699999,1958664.0261100004,1048568.6621799999,3251659.890340001,1874079.7019299995,4642146.867330001,2079428.35811
2026-10-08T03:17:46.797972+00:00,obs-20261007-01,LIGHT,HBARUSDT,1.0,0.09358,0.09359,0.093585,1.0686044026519959,8393688467,0.09358,0.09359,321,102,962785.04891,441307.8020999996,928742.8466000004,463769.82135999994,5986.536880000003,16792.29028,140806.46539,145700.80915999998,288513.41443999996,220117.05236000006,456114.03498999996,377329.1126000001,839195.1625,731052.19467
2026-10-08T03:18:46.804796+00:00,obs-20261007-01,LIGHT,PEPEUSDT,1.0,4.06e-06,4.07e-06,4.065e-06,24.630541871921707,8828114637,4.06e-06,4.07e-06,93,11,61190.86390528999,76001.00863242002,86219.16604802004,76512.16000340001,0.0,1120.77062119,88188.0387486,146941.9324637,244600.63250055,334130.7754745,534158.35588614,595903.85176529,955801.08187362,1380945.96383937
2026-10-08T03:18:46.804796+00:00,obs-20261007-01,LIGHT,BNBUSDT,1.0,771.0,771.01,771.005,0.1297016861223632,20911128561,771.0,771.01,364,76,1150682.0263399996,1931712.4000399995,1251417.473339999,1794067.2600399991,6238.365010000002,13671.141539999995,740782.0476299997,773527.5004900002,1437748.09426,1562270.10174,3128337.7728899997,3520233.3362900047,5583954.618170003,5105513.294029997
2026-10-08T03:18:46.804796+00:00,obs-20261007-01,LIGHT,AAVEUSDT,1.0,173.98,173.99,173.985,0.5747787101983981,10440384651,173.98,173.99,278,36,495613.2931600002,443378.4411199998,510469.5541099998,423233.16739999974,3923.2257899999995,663.52586,129207.83955000002,76911.36185000002,205924.25452999998,129021.38132000004,317162.80734999996,183116.87092000013,367701.72906999994,215052.11106000017
2026-10-08T03:18:46.804796+00:00,obs-20261007-01,LIGHT,AVAXUSDT,1.0,11.0,11.001,11.000499999999999,0.9090909090914145,10521359293,11.0,11.001,374,81,1320639.4864500007,477703.6607900002,1288939.868539999,481247.22792000003,33135.109509999995,10296.94719,264501.5403,119742.98300999997,354602.13731,201399.64676999993,499304.9578100001,208301.2352899999,608459.9740999999,226146.24945999996
2026-10-08T03:18:46.804796+00:00,obs-20261007-01,LIGHT,FILUSDT,1.0,1.0598,1.0599,1.05985,0.9435742592933671,9896141862,1.0598,1.0599,297,39,386541.42412700003,325388.9407000002,387883.8968379999,317787.5273700001,979.4030820000002,1105.7482330000003,87646.64222600003,69693.43972099999,185750.04739400008,151178.62294499998,266903.2795280002,273780.8756789999,345755.9314910003,355362.9621349999
2026-10-08T03:18:46.804796+00:00,obs-20261007-01,LIGHT,ALGOUSDT,1.0,0.1185,0.1186,0.11854999999999999,8.438818565401629,5664651691,0.1185,0.1186,98,1,24718.492999999995,28190.31,30564.400700000006,28692.985299999993,1413.942,0.0,70098.6982,31106.2549,124115.1102,67895.7521,155732.81299999997,92527.6364,180690.71649999995,110758.7641
2026-10-08T03:18:46.804796+00:00,obs-20261007-01,LIGHT,XRPUSDT,1.0,1.4185,1.4186,1.4185500000000002,0.704970038774011,26679004042,1.4185,1.4186,426,190,2716281.4998100004,3579071.9093800024,2815614.574780004,3614275.6417700024,119268.35044999991,80973.84016000002,1359244.70217,720639.3706800002,1851886.38506,1003339.1779200005,3200214.7442599996,1832170.2389300005,4617086.39048,2024745.946360001
2026-10-08T03:18:46.804796+00:00,obs-20261007-01,LIGHT,HBARUSDT,1.0,0.09329,0.0933,0.09329499999999999,1.0719262514724548,8393692944,0.09329,0.0933,296,177,1125151.8681699997,1554234.05116,1217966.8473200002,1499457.7984900002,28359.750569999986,10091.725950000002,124444.30961999999,131824.45882,242387.88651999994,246866.55176999993,389553.41209999996,408651.75961,765444.5753299999,782017.0178300001
2026-10-08T03:19:46.823934+00:00,obs-20261007-01,LIGHT,PEPEUSDT,1.0,4.06e-06,4.07e-06,4.065e-06,24.630541871921707,8828115217,4.06e-06,4.07e-06,129,16,87851.44057619001,256578.38180519006,82006.26208788001,255032.32136077996,2279.04568612,1118.83404193,93114.98162428,175958.7144359,249609.03209473,338589.76573502005,540003.5343744501,597449.9122097,962057.8093446802,1382497.99800156
2026-10-08T03:19:46.823934+00:00,obs-20261007-01,LIGHT,BNBUSDT,1.0,771.12,771.13,771.125,0.12968150223002795,20911132073,771.12,771.13,381,73,1205397.8484400006,1644863.37227,1169350.4070300001,1697292.4518599983,6316.15809,30949.0035,793732.1725799997,804050.0141700001,1368565.09298,1620916.5680599995,3162638.6866899994,3479201.871900003,5618173.487890004,5049072.562169997
2026-10-08T03:19:46.823934+00:00,obs-20261007-01,LIGHT,AAVEUSDT,1.0,173.86,173.87,173.865,0.5751754285054922,10440387688,173.86,173.87,285,42,683861.83941,519923.2649599998,685399.3512600001,516161.82121999987,2587.2394099999997,3782.39996,112168.42697999999,74940.76413999998,261342.35933999994,122620.79252000005,316503.98091,183507.87180000005,381901.14384999993,216710.1043900001
2026-10-08T03:19:46.823934+00:00,obs-20261007-01,LIGHT,AVAXUSDT,1.0,10.998,10.999,10.9985,0.9092562284052086,10521363811,10.998,10.999,400,74,1617122.3557000002,537103.4339600002,1627349.206109998,526522.1049400003,28382.438900000012,1708.28395,216430.32823999997,112426.66453999998,348911.4268299999,206509.36323,489165.53646999993,218869.89936999994,598634.6009499998,306650.38506999996
2026-10-08T03:19:46.823934+00:00,obs-20261007-01,LIGHT,FILUSDT,1.0,1.0594,1.0595,1.05945,0.9439305267155973,9896143420,1.0594,1.0595,277,19,167665.718383,190966.00266,180015.89170399998,184107.75822199986,1009.035676,456.73135399999995,85559.42967799999,78547.12808299999,195266.308049,151116.287793,254883.81771500004,276688.32057099993,330305.3147950001,360447.227673
2026-10-08T03:19:46.823934+00:00,obs-20261007-01,LIGHT,ALGOUSDT,1.0,0.1185,0.1186,0.11854999999999999,8.438818565401629,5664651904,0.1185,0.1186,80,3,15357.465600000001,22044.076300000004,17406.8834,19960.227800000004,32.943,191.6576,67544.2987,33518.0468,119836.81539999999,72498.3906,153683.39519999997,94611.48489999998,178734.39319999996,112684.69719999998
2026-10-08T03:19:46.823934+00:00,obs-20261007-01,LIGHT,XRPUSDT,1.0,1.4191,1.4192,1.4191500000000001,0.7046719751957475,26679012770,1.4191,1.4192,491,231,4997600.723319997,6195969.616520004,4904918.249969997,5928588.1139699975,251186.50699999993,169207.5460599999,1391279.11299,966444.4026300003,1830664.2191000003,1283171.7974100003,3290951.773439999,2098222.07436,4674135.7454999965,2306991.0124599985
2026-10-08T03:19:46.823934+00:00,obs-20261007-01,LIGHT,HBARUSDT,1.0,0.09335,0.09336,0.093355,1.0712372790577795,8393698194,0.09335,0.09336,382,139,1235943.4055299999,1062004.8988600005,1185286.5717799996,1075070.63706,18245.082330000012,20179.76621,142706.72373,138174.57221999997,265619.4312399999,238336.84073999999,439632.5975299999,391822.1039300001,811627.3419600002,762908.0720600002
2026-10-08T03:20:46.837737+00:00,obs-20261007-01,LIGHT,PEPEUSDT,1.0,4.06e-06,4.07e-06,4.065e-06,24.630541871921707,8828115664,4.06e-06,4.07e-06,103,14,153745.56638179,251334.82197894994,121612.88515297999,157470.89830567993,0.0,976.01741226,130195.9293131,151832.45523292,282144.27895625,352308.41995804,572136.2156032601,691313.8358829699,977367.4473029102,1555624.07876402
2026-10-08T03:20:46.837737+00:00,obs-20261007-01,LIGHT,BNBUSDT,1.0,771.27,771.28,771.275,0.12965628119809836,20911136248,771.27,771.28,394,154,2857896.9314100016,2800533.764830002,2766792.0149700018,2870391.9397799997,137236.88490999996,25290.347589999998,707958.2108299996,912629.4712899998,1458329.0012300003,1672135.1629399988,3251549.334139999,3411766.112430003,5704181.758630003,4989317.158939995
2026-10-08T03:20:46.837737+00:00,obs-20261007-01,LIGHT,AAVEUSDT,1.0,174.04,174.05,174.04500000000002,0.574580556194082,10440389761,174.04,174.05,275,24,338684.60188000015,328890.37853999995,326422.59206999996,344360.12492,221.44144,4335.325449999999,125003.71465000004,66210.49552,209800.17067000002,116544.08022000003,321083.8588100001,173143.8557800001,377792.9295100001,202823.54152000017
2026-10-08T03:20:46.837737+00:00,obs-20261007-01,LIGHT,AVAXUSDT,1.0,11.007,11.008,11.0075,0.9085127646035751,10521368084,11.007,11.008,382,62,1817862.8293599996,367337.5995799999,1808873.1830799992,372191.13198,202.45387999999997,11054.696899999999,224160.39244999998,139791.31145000004,328987.49840000004,207313.87184,497846.14772,214844.97900000005,605685.1703699997,304818.4196399999
2026-10-08T03:20:46.837737+00:00,obs-20261007-01,LIGHT,FILUSDT,1.0,1.0615,1.0616,1.06155,0.9420631182277539,9896145951,1.0615,1.0616,343,36,352657.25511800015,256215.51402500004,303406.78605800006,309935.598588,1125.887388,2709.2257200000004,98786.36970699999,100713.93357899999,174915.11720600005,169504.15165500002,283151.85496600013,239488.41713900006,362259.67605700035,324328.44007499993
2026-10-08T03:20:46.837737+00:00,obs-20261007-01,LIGHT,ALGOUSDT,1.0,0.1186,0.1187,0.11865,8.43170320404818,5664652430,0.1186,0.1187,135,5,36827.88049999999,55414.33120000001,27238.090300000003,57409.985700000005,524.0934,1239.1552000000001,45801.0895,38581.302299999996,112855.3612,72141.4864,160926.5942,97559.3774,186949.8712,118778.5638
2026-10-08T03:20:46.837737+00:00,obs-20261007-01,LIGHT,XRPUSDT,1.0,1.4197,1.4198,1.41975,0.7043741635559542,26679018543,1.4197,1.4198,500,152,3323143.685110001,3338698.96331,2927349.200759999,3569315.584140001,51466.94763,59665.18555000001,1634164.2866599998,754233.7162599999,2201683.50717,1331072.4428900003,3638214.0616499986,1870623.2320000005,5046514.863079997,2079776.2415700008
2026-10-08T03:20:46.837737+00:00,obs-20261007-01,LIGHT,HBARUSDT,1.0,0.09341,0.09342,0.093415,1.070549191735104,8393702262,0.09341,0.09342,351,82,1148024.0707599998,1006103.4239100001,1127743.4287500004,1046502.35568,10585.342040000003,8583.80963,140352.41855,125934.67100999999,264811.71469999995,209004.94879,456059.84234000003,351278.4951600001,830118.15444,721247.8106200004
2026-10-08T03:21:46.838245+00:00,obs-20261007-01,LIGHT,PEPEUSDT,1.0,4.06e-06,4.07e-06,4.065e-06,24.630541871921707,8828116345,4.06e-06,4.07e-06,136,12,144594.23818541996,612697.8349359,176214.81794264,652422.9717458399,52.9225263,967.73941484,125817.10274238,97448.93802512,249927.85785903002,306174.55443032,540515.63584604,651588.69907303,1057527.7616546298,1515915.3609136902
2026-10-08T03:21:46.838245+00:00,obs-20261007-01,LIGHT,BNBUSDT,1.0,770.43,770.44,770.435,0.12979764547171868,20911148144,770.43,770.44,447,287,10058182.388800006,10696732.014860006,10883362.964329997,10735255.15677,71453.47250999995,26381.352499999975,714620.5090199999,741702.16154,1307484.7366199992,1484097.2498299987,3086844.1958000003,3350435.9886400024,5440827.740390002,4892153.792380006
2026-10-08T03:21:46.838245+00:00,obs-20261007-01,LIGHT,AAVEUSDT,1.0,173.89,173.9,173.89499999999998,0.5750761975975571,10440395553,173.89,173.9,374,112,833700.2431599996,775326.2244000002,853239.4445599999,764217.0583400001,8921.032629999998,8591.390769999998,100508.43181000002,73760.96088000001,220873.58469999998,116982.1046,307814.0114099999,176056.13732000004,377775.7859899998,204524.28762000013
2026-10-08T03:21:46.838245+00:00,obs-20261007-01,LIGHT,AVAXUSDT,1.0,11.007,11.008,11.0075,0.9085127646035751,10521375745,11.007,11.008,466,143,2316417.8127300004,742196.5945400001,2370464.5781800007,752030.4901699995,58935.3781,10701.75446,205695.06885000004,120282.26132999998,305281.93118,188429.4713099999,443793.82531,205005.5258699999,548217.3655699998,293970.28181999974
2026-10-08T03:21:46.838245+00:00,obs-20261007-01,LIGHT,FILUSDT,1.0,1.0596,1.0597,1.05965,0.9437523593813779,9896149916,1.0596,1.0597,361,87,428721.76525799994,301690.27906600013,474496.3797469998,275364.9166949999,29141.115014000003,1283.204176,68675.83847,76373.85775600003,175799.39940599995,150982.00134100002,258138.41883199997,253669.65339,330779.181118,337101.90903300006
2026-10-08T03:21:46.838245+00:00,obs-20261007-01,LIGHT,ALGOUSDT,1.0,0.1184,0.1185,0.11845,8.445945945945166,5664653324,0.1184,0.1185,192,9,121741.94749999997,66738.4911,164637.43469999998,66724.1698,13470.9114,897.3155,46451.9384,20285.5935,92745.9094,61642.755600000004,121963.9461,92269.97440000002,152042.14660000004,110393.49730000002
2026-10-08T03:21:46.838245+00:00,obs-20261007-01,LIGHT,XRPUSDT,1.0,1.4175,1.4176,1.4175499999999999,0.7054673721329507,26679031975,1.4175,1.4176,517,257,8868644.764469994,8424294.16186,9693419.57490001,8054576.044380003,539124.2637400002,133761.62287,983655.2479099999,1120188.52399,1418620.89331,1275410.72553,2886587.363689998,2233732.07753,4406932.238409998,2416964.9562799972
2026-10-08T03:21:46.838245+00:00,obs-20261007-01,LIGHT,HBARUSDT,1.0,0.09326,0.09327,0.093265,1.0722710701283056,8393709086,0.09326,0.09327,409,185,2065295.27495,1798973.923920001,2147846.915320001,1656807.7154399992,17357.835720000006,14571.950190000001,111108.36942000002,115710.27745,239537.34486,230503.15426000007,387198.96431,377879.85878000007,764193.57894,752572.3118700003
2026-10-08T03:22:46.838297+00:00,obs-20261007-01,LIGHT,PEPEUSDT,1.0,4.07e-06,4.08e-06,4.075e-06,24.57002457002533,8828117482,4.07e-06,4.08e-06,212,39,336457.3512473801,524105.51458103,315689.14701498,761333.6536064799,2367.45749147,14503.537271539999,82324.98113037,129709.60602431999,221185.64326217,280638.98686377,392484.81687147,597661.0560218899,945488.29186731,1670378.3055521299
2026-10-08T03:22:46.838297+00:00,obs-20261007-01,LIGHT,BNBUSDT,1.0,770.84,770.85,770.845,0.12972860775173345,20911156972,770.84,770.85,542,140,6153005.278459995,8406964.7152,6163010.1620999975,8505525.309779996,11347.97179,8874.412460000003,578593.18778,848833.1458600002,1251315.2372899998,1514026.87799,2988353.462940001,3459474.1888300045,5605495.852100008,5043357.236309998
2026-10-08T03:22:46.838297+00:00,obs-20261007-01,LIGHT,AAVEUSDT,1.0,174.11,174.12,174.115,0.574349549136155,10440400391,174.11,174.12,421,92,1185715.1852200003,573046.37686,1156643.6825199989,580353.2209399994,4226.446150000002,13079.287699999999,141919.70347,77529.14171999999,227755.71071,123636.80277999995,324562.80532999994,171191.44317000007,383525.14103999996,200694.71943000006
2026-10-08T03:22:46.838297+00:00,obs-20261007-01,LIGHT,AVAXUSDT,1.0,11.028,11.029,11.028500000000001,0.9067827348552271,10521381998,11.028,11.029,458,86,2081797.4252300004,828143.8295299995,2012119.291740001,826297.9776999999,22281.076890000008,10290.952800000001,191975.75579999998,139199.52143999998,355454.4244099999,190442.37562,465907.38918999996,208380.36698,567085.8063799995,300049.0617299998
2026-10-08T03:22:46.838297+00:00,obs-20261007-01,LIGHT,FILUSDT,1.0,1.0604,1.0605,1.06045,0.9430403621268901,9896153015,1.0604,1.0605,404,50,404349.78363800014,322405.92781499994,385128.96628000017,332833.23098999995,138.804241,2329.4261779999997,74342.29244099998,96531.374629,171019.43995999996,162438.231256,273541.712864,255100.322698,348899.1801220002,338064.15597400005
2026-10-08T03:22:46.838297+00:00,obs-20261007-01,LIGHT,ALGOUSDT,1.0,0.1186,0.1187,0.11865,8.43170320404818,5664654279,0.1186,0.1187,216,6,177676.4219,93641.21839999998,149242.42789999992,98541.21089999999,6.5175,4779.5691,34594.1204,21369.4143,93680.4108,63371.744300000006,140450.7054,92673.7062,169037.16120000003,113893.19829999999
2026-10-08T03:22:46.838297+00:00,obs-20261007-01,LIGHT,XRPUSDT,1.0,1.4195,1.4196,1.41955,0.7044734061278923,26679043442,1.4195,1.4196,568,188,7856743.386610004,7587261.847379998,7472127.682109994,7819322.906370001,103123.2609,166807.84394000002,1192090.23102,791104.3787099998,1747946.2625600002,1278314.4969599997,3203495.03539,2012048.53438,4609795.361029997,2208967.7523799995
2026-10-08T03:22:46.838297+00:00,obs-20261007-01,LIGHT,HBARUSDT,1.0,0.09335,0.09336,0.093355,1.0712372790577795,8393714150,0.09335,0.09336,426,94,1402439.7214899994,1338969.5213000001,1330090.09668,1250319.78441,11055.411919999997,9168.388860000003,136765.36892000004,115475.09977,291836.15729999996,216294.95038999995,454919.5463,360613.61455,831803.58235,730218.2061300002
2026-10-08T03:23:46.851754+00:00,obs-20261007-01,LIGHT,PEPEUSDT,1.0,4.08e-06,4.09e-06,4.085e-06,24.50980392156854,8828118376,4.08e-06,4.09e-06,176,60,320151.23958378,269031.66351069993,257524.00792284,391357.07811090996,0.0,9661.413896070002,93242.99478744,152647.41741323,213295.70626086,379729.34726823,363990.45706953004,727706.22771444,822291.2936118001,1603282.5083951901
2026-10-08T03:23:46.851754+00:00,obs-20261007-01,LIGHT,BNBUSDT,1.0,771.25,771.26,771.255,0.1296596434352537,20911161255,771.25,771.26,416,87,3451842.019520001,2185899.7853099992,3111233.1525,2157901.1066000005,4527.119100000001,22733.440790000004,702294.7546100001,902466.4099300001,1408063.7741600003,1754075.02978,3242207.20346,3801537.220000004,5661019.041230002,5075437.666459997
2026-10-08T03:23:46.851754+00:00,obs-20261007-01,LIGHT,AAVEUSDT,1.0,174.48,174.49,174.485,0.5731315910151302,10440402997,174.48,174.49,322,48,1108194.2263699987,354818.4931000001,893643.8342499998,370413.24732,775.8379899999999,4638.61887,299382.5457799999,81026.70684000001,382164.12312999996,125258.07453000001,508316.2171300002,173661.64700000008,587797.5091700001,212142.3764900001
2026-10-08T03:23:46.851754+00:00,obs-20261007-01,LIGHT,AVAXUSDT,1.0,11.054,11.055,11.0545,0.9046499004883302,10521386253,11.054,11.055,391,71,1893219.1612500004,657573.3090500002,1883352.4553600014,657778.7365599998,9516.50155,10507.744829999998,172416.71847000002,107996.89192000001,305506.19935,167445.37717000005,472211.1213999999,215491.23125000007,566836.4300899995,314522.16338999994
2026-10-08T03:23:46.851754+00:00,obs-20261007-01,LIGHT,FILUSDT,1.0,1.0622,1.0623,1.0622500000000001,0.9414422895881458,9896155420,1.0622,1.0623,339,44,348735.7032580002,294685.29585399997,309823.780838,335645.825092,810.663544,2815.854419999999,87333.75501699997,87895.46662700002,170155.040819,157920.79257,279981.73229899997,222372.804251,374475.4028450002,303825.24092899985
2026-10-08T03:23:46.851754+00:00,obs-20261007-01,LIGHT,ALGOUSDT,1.0,0.1188,0.1189,0.11885000000000001,8.417508417508657,5664654808,0.1188,0.1189,150,6,95895.0169,52434.720799999996,84495.062,57503.55609999999,0.0,3686.4683000000005,24888.811199999996,28733.8154,92126.2836,65883.0242,135911.3314,90913.60160000001,172070.5739,110995.71870000003
2026-10-08T03:23:46.851754+00:00,obs-20261007-01,LIGHT,XRPUSDT,1.0,1.4211,1.4212,1.42115,0.7036802476956261,26679049502,1.4211,1.4212,490,88,4892876.488320004,4074582.9829300013,4886594.396500001,4181148.10199,130940.07133999997,83968.30914999999,1094710.84752,915077.9767499998,1724646.4937999998,1224434.53186,3171979.77344,1926944.7115300011,4585784.441879997,2119996.287150002
2026-10-08T03:23:46.851754+00:00,obs-20261007-01,LIGHT,HBARUSDT,1.0,0.09343,0.09344,0.09343499999999999,1.070320025686744,8393717187,0.09343,0.09344,312,53,839679.9166399997,528066.4448200003,812663.19672,541007.8359400003,5138.242749999999,4685.75573,143536.26246000003,120668.08546999998,229083.90225000004,212850.22881,480779.2439200001,349020.5439800001,856188.2591900001,717522.8680300004
2026-10-08T03:24:46.886938+00:00,obs-20261007-01,LIGHT,PEPEUSDT,1.0,4.08e-06,4.09e-06,4.085e-06,24.50980392156854,8828118822,4.08e-06,4.09e-06,136,14,191677.49927340998,274375.9697596701,172202.25859659002,262911.28760548,0.0,1163.3027735399999,83260.4840508,130925.33201807,207656.40595512,291455.10549477,383465.69774635,739170.90986863,767826.26808425,1607401.47295069
2026-10-08T03:24:46.886938+00:00,obs-20261007-01,LIGHT,BNBUSDT,1.0,770.83,770.84,770.835,0.1297302907254938,20911171204,770.83,770.84,498,424,7896926.553649999,10086567.691229999,8241228.620380001,9977096.694499997,415750.93917,51051.71095999998,616704.9868600001,958947.8751799999,1232924.4366599994,1654544.34606,2906175.795310001,3596873.457620005,5574942.046520008,5180578.5566099975
2026-10-08T03:24:46.886938+00:00,obs-20261007-01,LIGHT,AAVEUSDT,1.0,174.35,174.36,174.35500000000002,0.5735589331812285,10440406535,174.35,174.36,348,79,1007590.7747299995,321566.74433000013,1210479.0695799997,313682.78280000004,1169.38797,3897.307720000001,124222.06313,82591.74822000001,212781.7728300001,128966.06753,318720.06914000015,178592.85855000006,380917.19719000004,198777.65664000006
2026-10-08T03:24:46.886938+00:00,obs-20261007-01,LIGHT,AVAXUSDT,1.0,11.046,11.047,11.0465,0.9053050878149449,10521389877,11.046,11.047,393,163,1090785.0340700003,562104.32171,1166966.350079999,486230.80253000004,36671.99814999997,17084.58321,126803.80681999998,158323.75854999997,302916.23530999996,227963.54228000002,396503.55229999986,290658.18734999985,491570.07003999973,390293.44527999975
2026-10-08T03:24:46.886938+00:00,obs-20261007-01,LIGHT,FILUSDT,1.0,1.0621,1.0622,1.06215,0.9415309292903906,9896158519,1.0621,1.0622,340,51,405704.64325499977,382532.02030699974,404484.38814399997,362295.3318340002,502.60134,7116.758504999999,75058.76314,90737.63762899998,182822.03525900003,166043.37428299998,284722.94839700003,245654.24691099994,372083.6983910003,326021.86286299996
2026-10-08T03:24:46.886938+00:00,obs-20261007-01,LIGHT,ALGOUSDT,1.0,0.1187,0.1188,0.11875,8.424599831509116,5664655384,0.1187,0.1188,142,3,64593.6441,83663.19009999996,67774.90199999997,82568.74950000003,152.1526,305.3352,47026.681899999996,14260.4978,104224.87229999999,55357.882,135875.48249999998,89147.14970000001,163418.1137,111909.73860000001
2026-10-08T03:24:46.886938+00:00,obs-20261007-01,LIGHT,XRPUSDT,1.0,1.4211,1.4212,1.42115,0.7036802476956261,26679055149,1.4211,1.4212,467,76,3871990.37797,4714254.08307,4186858.7425000006,4218061.662369999,44509.02844000001,58618.41944,991995.9836099999,1252156.7674699998,1566214.5055400005,1714384.4307600004,2857111.408910001,2424147.4718399984,4296788.73144,2617294.0775999976
2026-10-08T03:24:46.886938+00:00,obs-20261007-01,LIGHT,HBARUSDT,1.0,0.0933,0.09331,0.093305,1.0718113612018243,8393720765,0.0933,0.09331,353,91,1485469.1921799982,1442550.8738500013,1553749.2342699994,1178008.6074700002,16939.997249999997,3766.6888500000005,145662.25285,120815.3699,262430.08756,236218.88505999997,414233.8724500001,384883.18509,795122.10851,760548.0121800002
2026-10-08T03:25:46.887265+00:00,obs-20261007-01,LIGHT,PEPEUSDT,1.0,4.07e-06,4.08e-06,4.075e-06,24.57002457002533,8828119504,4.07e-06,4.08e-06,156,13,444640.58461831015,346716.37074618,477911.11210187024,255137.71978719998,14616.655243199999,1166.7489524699997,147065.62932413,80812.22473824,223006.79905667,247694.5018203,447042.23145275004,575493.40565945,876548.8453649001,1661716.6778267801
2026-10-08T03:25:46.887265+00:00,obs-20261007-01,LIGHT,BNBUSDT,1.0,770.67,770.68,770.675,0.1297572242342504,20911175825,770.67,770.68,460,96,2198192.6102600005,4660368.434629998,1951015.6737200005,4621914.944030001,18584.68518,18459.342419999983,708132.6535000001,936201.7518599998,1493763.3079300006,1635807.7767699992,3504185.7633600016,3631802.0655900044,5675774.300200009,5209032.148499996
2026-10-08T03:25:46.887265+00:00,obs-20261007-01,LIGHT,AAVEUSDT,1.0,174.55,174.56,174.555,0.5729017473488085,10440410297,174.55,174.56,401,63,1203286.2359900007,396491.8279500001,1189422.6520200006,408906.99234000035,6281.3719900000015,3701.0598299999997,95396.59399,82166.02703999999,207099.69185000006,126397.73029000004,318186.1139900002,169329.99513000005,388364.4408600003,210243.47555000003
2026-10-08T03:25:46.887265+00:00,obs-20261007-01,LIGHT,AVAXUSDT,1.0,11.039,11.04,11.0395,0.9058791557192691,10521394573,11.039,11.04,415,92,1841834.529370001,684186.2735399998,1816253.01881,703788.5223200001,1694.0539000000003,11207.863889999999,163116.01851000005,134958.88402999996,295978.50436,202112.10510000002,422865.8919999999,260900.40449000007,519741.04812999966,369315.91799
2026-10-08T03:25:46.887265+00:00,obs-20261007-01,LIGHT,FILUSDT,1.0,1.0614,1.0615,1.06145,0.9421518748831126,9896160671,1.0614,1.0615,302,27,292925.03161399986,184688.8900150002,303704.9878089999,164870.894968,416.75678400000004,843.904823,95115.05781299999,89839.424449,183259.88739199995,167083.21433599995,280614.839297,261633.6914189999,362019.0906150002,341557.36953399994
2026-10-08T03:25:46.887265+00:00,obs-20261007-01,LIGHT,ALGOUSDT,1.0,0.1186,0.1187,0.11865,8.43170320404818,5664655836,0.1186,0.1187,136,3,76640.3623,40570.22179999999,78515.7582,32033.033399999993,46.293,15.562800000000001,44236.04489999999,25981.2398,91285.56909999998,61796.75129999999,138255.46659999999,90972.69580000002,163587.87829999998,116827.6745
2026-10-08T03:25:46.887265+00:00,obs-20261007-01,LIGHT,XRPUSDT,1.0,1.4194,1.4195,1.4194499999999999,0.7045230379043588,26679061512,1.4194,1.4195,506,58,4375118.623840004,5648796.273919994,4535233.108780001,5638280.543539997,29221.055109999998,10472.09276,1042545.3539699999,1160911.27099,1429851.3062599998,1568579.06198,2734075.80283,2414088.8560599983,4170363.5947999987,2622978.8453299976
2026-10-08T03:25:46.887265+00:00,obs-20261007-01,LIGHT,HBARUSDT,1.0,0.09321,0.09322,0.09321499999999999,1.0728462611298006,8393725105,0.09322,0.09323,352,94,1485717.354620001,1188392.0963299999,1519246.1717100013,1165487.545,9262.728450000002,3830.1645999999996,136123.15155,115340.5494,237463.75401,243625.36423000004,386065.61351,410887.68798000005,762805.2798700001,782348.1526800002
2026-10-08T03:26:46.898041+00:00,obs-20261007-01,LIGHT,PEPEUSDT,1.0,4.07e-06,4.08e-06,4.075e-06,24.57002457002533,8828119833,4.07e-06,4.08e-06,153,13,16663.89038126999,123820.33025592996,21633.803904799992,258660.43182418004,0.0,1313.3384299199997,136279.61877112,37655.16048408,217343.52558984002,198292.43015312,442072.31792922004,440653.3040912,872577.4454545301,1472811.00044057
2026-10-08T03:26:46.898041+00:00,obs-20261007-01,LIGHT,BNBUSDT,1.0,770.92,770.93,770.925,0.12971514554038777,20911178949,770.92,770.93,402,142,1041212.2776800003,3576882.1955600013,1112469.62181,3620204.203329999,2342.10815,10620.296199999999,639311.9213200005,882550.7369499999,1335694.6522500014,1648928.0630499993,3159774.322810002,3593106.5683000046,5600943.171750008,5176787.492569996
2026-10-08T03:26:46.898041+00:00,obs-20261007-01,LIGHT,AAVEUSDT,1.0,174.87,174.88,174.875,0.571853376793996,10440414285,174.87,174.88,360,106,1816592.670279999,397583.1643300001,1743994.679920001,404239.63129,3204.3778399999997,20826.48749,148108.01775000003,75981.0429,222430.81352999996,122091.37143999997,344488.85869,168939.34090999994,447624.3030700003,208291.71985999987
2026-10-08T03:26:46.898041+00:00,obs-20261007-01,LIGHT,AVAXUSDT,1.0,11.04,11.041,11.0405,0.9057971014514443,10521398225,11.04,11.041,344,58,1056955.5242799998,438000.44456000003,1017696.0288099999,442641.95203000004,6025.442350000001,2188.1436599999997,222517.02707999997,133142.96938000002,356545.0340999998,206616.29158000005,461950.0702699997,262749.08902,557756.8147499994,364680.56192999997
2026-10-08T03:26:46.898041+00:00,obs-20261007-01,LIGHT,FILUSDT,1.0,1.0614,1.0615,1.06145,0.9421518748831126,9896162053,1.0614,1.0615,277,35,170115.78085300003,95671.46568399995,178110.97632699995,94682.13004799999,1019.5165319999999,800.0004570000001,86284.59087,89013.98808899999,175101.13244199997,168205.47898299995,272619.643823,262623.02705499995,355231.23125600023,342546.70517000003
2026-10-08T03:26:46.898041+00:00,obs-20261007-01,LIGHT,ALGOUSDT,1.0,0.1186,0.1187,0.11865,8.43170320404818,5664656106,0.1186,0.1187,108,3,26714.334999999992,22467.085699999996,21910.797400000003,24330.6387,42.4588,8.1903,48855.3531,23200.7907,95722.63089999999,59298.8572,143059.0042,89109.1428,167867.7165,115098.38510000001
2026-10-08T03:26:46.898041+00:00,obs-20261007-01,LIGHT,XRPUSDT,1.0,1.4203,1.4204,1.42035,0.7040766035348867,26679066103,1.4203,1.4204,424,50,3416339.918159999,2376263.1684,3085265.7634299984,2741029.5831999993,7661.582899999999,17822.75803,1164159.6337300001,1038091.3475299997,1595942.2095800005,1521587.3476999993,3056624.34437,2056637.1061100003,4490362.14415,2260706.5507099996
2026-10-08T03:26:46.898041+00:00,obs-20261007-01,LIGHT,HBARUSDT,1.0,0.09323,0.09324,0.093235,1.0726161106955345,8393726911,0.09323,0.09324,360,16,666372.1684099999,345615.3962400002,635859.31042,363929.41533000005,191.26632,2822.64792,159533.54226,123068.86296999997,266238.17361999996,231029.00418,416571.36439999985,392782.02340999997,793312.6506799998,760014.7988800001
2026-10-08T03:27:46.898599+00:00,obs-20261007-01,LIGHT,PEPEUSDT,1.0,4.07e-06,4.08e-06,4.075e-06,24.57002457002533,8828120499,4.07e-06,4.08e-06,153,45,417635.20003295,266701.071778,390526.8882903398,218141.66090184008,38036.916438019995,31421.992657149993,126225.16417764,99042.27815808,244814.89906000003,255830.33935417997,469180.62967183004,494989.9576311599,921468.8945879601,1474946.89212359
2026-10-08T03:27:46.898599+00:00,obs-20261007-01,LIGHT,BNBUSDT,1.0,770.95,770.96,770.955,0.12971009793139032,20911183262,770.78,770.84,407,116,2247344.5337200006,4912643.239619999,2364686.218750001,4884910.135650002,33497.70348,4533.3350599999985,538644.91294,844437.6719,1219231.9901400004,1677360.9526699993,3042415.846610002,3620900.4077500044,5483129.791010008,5204785.947499998
2026-10-08T03:27:46.898599+00:00,obs-20261007-01,LIGHT,AAVEUSDT,1.0,174.59,174.6,174.595,0.5727704908631281,10440417965,174.59,174.6,348,70,1047359.1643000004,460062.29428000015,1118757.7875700006,432062.6967499999,38638.02393999999,5024.17608,103227.27717999998,83858.49859999998,214334.85720999996,125994.64835999996,317628.60387999995,190409.11598,380086.2944100002,228176.76312999998
2026-10-08T03:27:46.898599+00:00,obs-20261007-01,LIGHT,AVAXUSDT,1.0,11.041,11.042,11.0415,0.905715062040624,10521402203,11.041,11.042,331,135,1340718.3204199993,459464.5864600005,1366654.17407,474905.68991,23966.298750000016,2104.5393700000004,192650.66817999998,131409.08191,335300.1950299999,202757.99725000007,435927.4244799998,247307.98557000005,532689.8287499996,348374.48231999984
2026-10-08T03:27:46.898599+00:00,obs-20261007-01,LIGHT,FILUSDT,1.0,1.0628,1.0629,1.06285,0.9409108016567025,9896164349,1.0628,1.0629,307,44,301445.76483199984,159612.76552900014,272046.80107900006,193287.9009290001,853.1164369999999,3104.49713,64340.953726,103440.27899800002,150039.91984499997,171213.73477499996,282151.51583100006,237051.121098,370528.7034990004,318286.18767099996
2026-10-08T03:27:46.898599+00:00,obs-20261007-01,LIGHT,ALGOUSDT,1.0,0.1186,0.1187,0.11865,8.43170320404818,5664656436,0.1186,0.1187,107,2,29482.3443,28690.011999999995,32104.9933,28470.981700000004,13.046,356.1,59349.933600000004,21812.572200000002,105099.8739,57771.2306,140436.5902,89328.17310000001,166873.2163,115475.451
2026-10-08T03:27:46.898599+00:00,obs-20261007-01,LIGHT,XRPUSDT,1.0,1.4205,1.4206,1.42055,0.7039774727202186,26679071563,1.4205,1.4206,434,72,3783292.1150200027,3664460.090190003,3926341.26866,3297819.5147400005,39833.715359999995,16311.896649999999,1012643.1046499998,1199180.9481000002,1498190.9957500002,1614884.1166199995,2911449.7191199996,2436674.0256599984,4340335.423369999,2629552.829299998
2026-10-08T03:27:46.898599+00:00,obs-20261007-01,LIGHT,HBARUSDT,1.0,0.09328,0.09329,0.093285,1.0720411663811547,8393729657,0.09328,0.09329,338,32,1187579.4501100013,559608.92071,1183417.7394700008,572227.5772300002,958.7899899999998,2258.3658900000005,147637.59541,125147.40261,266680.0502800001,234327.23173000006,416214.1948600001,381810.9143100001,797232.9119300002,747800.7352300003
2026-10-08T03:28:46.901361+00:00,obs-20261007-01,LIGHT,PEPEUSDT,1.0,4.07e-06,4.08e-06,4.075e-06,24.57002457002533,8828120640,4.07e-06,4.08e-06,94,15,27980.973572369992,45338.58902674999,25829.463411889996,46682.13401093001,9.28148034,1344.39241152,126977.56690101999,99363.87372552,246539.67905078,255418.558175,471332.13983231003,493646.41264698,922770.52610944,1480607.4247686202
2026-10-08T03:28:46.901361+00:00,obs-20261007-01,LIGHT,BNBUSDT,1.0,770.96,770.97,770.965,0.12970841548165524,20911186843,770.96,770.97,368,71,2176470.4535499993,2604516.4928300004,1945192.48653,2593933.5330299996,4498.736069999999,7093.722760000001,724769.7145,902173.5733600002,1449484.19219,1700133.8020899992,3273688.470880002,3631523.079720004,5708681.7659900095,5216216.817409995
2026-10-08T03:28:46.901361+00:00,obs-20261007-01,LIGHT,AAVEUSDT,1.0,174.52,174.53,174.525,0.5730002292003711,10440419872,174.52,174.53,289,35,472271.84451000014,275702.70140999986,483117.77132999996,273819.68467999995,513.10307,8227.878349999999,135082.95410999996,81328.07083,207998.97462000005,123102.05356,308404.58075,190746.38470000005,373740.25720000017,230004.39376000006
2026-10-08T03:28:46.901361+00:00,obs-20261007-01,LIGHT,AVAXUSDT,1.0,11.055,11.056,11.055499999999999,0.9045680687469471,10521406614,11.055,11.056,339,74,1276540.9700000007,468986.39317999984,1249538.0895500008,506173.6344099999,4152.183580000001,17725.022780000003,189752.13195,114442.34024999998,302021.10182000004,183572.8009000001,461612.9427499997,212673.50074000005,558434.5456299993,312635.7828999999
2026-10-08T03:28:46.901361+00:00,obs-20261007-01,LIGHT,FILUSDT,1.0,1.0634,1.0635,1.06345,0.9403799134855007,9896165736,1.0634,1.0635,266,27,204607.87513899992,106120.70361699999,185579.11571299992,126403.95226499997,2009.605832,1325.3236980000001,85381.83037000001,94259.15504099999,176443.05223999996,170321.85359799996,297345.921761,221812.014409,386232.23322900024,298366.49031399994
2026-10-08T03:28:46.901361+00:00,obs-20261007-01,LIGHT,ALGOUSDT,1.0,0.1186,0.1187,0.11865,8.43170320404818,5664656558,0.1186,0.1187,60,0,12007.507499999998,22519.789,11658.8543,23372.716700000004,0.0,0.0,59256.127,25031.561400000002,105199.9939,58664.959800000004,140785.2434,88475.24540000001,166559.2881,114471.92800000001
2026-10-08T03:28:46.901361+00:00,obs-20261007-01,LIGHT,XRPUSDT,1.0,1.4204,1.4205,1.4204500000000002,0.7040270346370114,26679074668,1.4204,1.4205,374,36,1892109.0181899993,1468739.8513900011,1872093.277869999,1515238.4686,3439.5796500000006,11153.32213,1117112.55442,1151370.9194400003,1521404.1643899998,1566901.4240899999,2933447.3580299993,2389878.138609998,4351137.33081,2583009.1553099975
2026-10-08T03:28:46.901361+00:00,obs-20261007-01,LIGHT,HBARUSDT,1.0,0.09329,0.0933,0.09329499999999999,1.0719262514724548,8393731827,0.09328,0.0933,289,37,416948.5788800001,333004.8871099999,413874.66538999986,326581.94095999986,2584.09182,2268.26877,150897.28621,124897.71733999997,269401.73558000004,237936.62487000006,419280.5331900001,388241.4939,800085.47711,754137.4731100001
2026-10-08T03:29:46.987169+00:00,obs-20261007-01,LIGHT,PEPEUSDT,1.0,4.07e-06,4.08e-06,4.075e-06,24.57002457002533,8828120777,4.07e-06,4.08e-06,88,19,32400.823517209996,1851.9341741299997,40333.506462339996,7617.081552239999,4.4827102100000005,4755.235716,127473.08418735,93176.97432864,239424.02444025,249653.41079689,463399.45688718,487881.26526886993,914788.86677598,1474888.28337399
2026-10-08T03:29:46.987169+00:00,obs-20261007-01,LIGHT,BNBUSDT,1.0,770.78,770.79,770.785,0.12973870624488626,20911189169,770.78,770.79,350,45,933892.7134499997,1623041.0827099995,946399.7534800001,1618510.2043400002,4024.868939999999,5738.5842,758382.6254500003,884272.29694,1523910.55753,1677790.2015199994,3263463.928600001,3634755.3320500045,5701976.174250009,5213211.396579998
2026-10-08T03:29:46.987169+00:00,obs-20261007-01,LIGHT,AAVEUSDT,1.0,174.42,174.43,174.425,0.5733287467046821,10440420808,174.42,174.43,196,13,318178.72026999993,215537.52576000002,315378.71546000004,209029.70132000002,1382.37318,53.04496,149732.89540000004,85426.39894999999,225642.84164000003,122664.56726999997,313923.2698200003,193648.27863999997,378294.3783700004,235496.52354999998
2026-10-08T03:29:46.987169+00:00,obs-20261007-01,LIGHT,AVAXUSDT,1.0,11.054,11.055,11.0545,0.9046499004883302,10521409030,11.054,11.055,304,29,1169550.12554,380547.96005,1156997.0508300003,330716.4681400001,3505.2045500000004,5183.138290000001,229299.94059,132585.56004,365456.00839000015,195952.48146000004,474188.7809799999,262416.89291000005,571183.9622799997,288569.43356999994
2026-10-08T03:29:46.987169+00:00,obs-20261007-01,LIGHT,FILUSDT,1.0,1.0631,1.0632,1.0631499999999998,0.9406452826632439,9896166565,1.0631,1.0632,195,10,131725.422505,53912.39795699999,139204.21429800004,37094.06981599998,423.61241399999994,20.522371999999997,72945.25513500001,107435.833915,169586.559622,177271.43198099997,289907.46895600006,234864.71099399996,382060.77600000025,314762.17812199995
2026-10-08T03:29:46.987169+00:00,obs-20261007-01,LIGHT,ALGOUSDT,1.0,0.1186,0.1187,0.11865,8.43170320404818,5664656705,0.1186,0.1187,62,0,30161.733899999996,18667.239100000003,19096.508799999996,10527.773499999998,0.0,0.0,71236.0306,32637.8277,117597.7002,67331.0744,151850.4685,96614.71100000002,178318.8098,122509.00430000003
2026-10-08T03:29:46.987169+00:00,obs-20261007-01,LIGHT,XRPUSDT,1.0,1.4205,1.4206,1.42055,0.7039774727202186,26679076160,1.4205,1.4206,317,32,1087198.5690799998,398546.2795999999,1044859.4610599999,420852.7604800001,15631.552310000008,1043.41051,1021442.17636,1127308.9173800002,1564123.8545799996,1543111.4494699996,2973804.567459999,2368374.228909998,4391145.8534699995,2561252.962109998
2026-10-08T03:29:46.987169+00:00,obs-20261007-01,LIGHT,HBARUSDT,1.0,0.09331,0.09332,0.09331500000000001,1.0716964955514996,8393732836,0.09331,0.09332,201,10,157518.92947,160708.30559999993,148141.62141000002,168893.92229000002,592.40725,2620.87137,151874.3412,127889.3905,275816.64381000004,230161.69307000004,428646.2013700002,380151.4365700001,809040.7574700001,745999.7757100002
2026-10-08T03:30:46.987309+00:00,obs-20261007-01,LIGHT,PEPEUSDT,1.0,4.07e-06,4.08e-06,4.075e-06,24.57002457002533,8828121020,4.07e-06,4.08e-06,103,12,236094.62883947996,102635.55444092,135122.4163587,39945.15690404999,1658.7217030999998,1993.536756,125649.00469275,92734.1935404,284306.41555365,288618.83502006,564371.66936796,550571.66280574,1014108.2444726,1530547.47321481
2026-10-08T03:30:46.987309+00:00,obs-20261007-01,LIGHT,BNBUSDT,1.0,770.83,770.84,770.835,0.1297302907254938,20911192166,770.83,770.84,406,77,1154484.6142999993,2912779.3284699996,1233155.01072,2997717.4312899993,5862.0802,18546.62323,652035.8211900005,841385.6954899998,1352564.0018600004,1603502.5312799988,3183204.7463100012,3550453.266410005,5622287.470350009,5132170.709229998
2026-10-08T03:30:46.987309+00:00,obs-20261007-01,LIGHT,AAVEUSDT,1.0,174.34,174.37,174.35500000000002,1.72077549615679,10440422416,174.34,174.36,262,35,515389.3089700001,465240.60294000007,522735.38635000016,468686.6641599999,13647.528749999998,2189.958080000001,131230.49895999997,74135.35946,201409.16500999994,120231.86204000002,314343.92864999996,182552.80317000003,369943.4931500001,208174.01773000005
2026-10-08T03:30:46.987309+00:00,obs-20261007-01,LIGHT,AVAXUSDT,1.0,11.056,11.057,11.0565,0.9044862518092778,10521412151,11.056,11.057,362,81,1132069.0341000003,368794.2172700004,1149286.4383200002,377942.3023800001,8131.0146500000055,6623.78964,173242.7806,125497.94340999999,288976.59202,186680.7851300001,456618.94983999967,253372.42967000004,553122.4933499994,280570.70174000016
2026-10-08T03:30:46.987309+00:00,obs-20261007-01,LIGHT,FILUSDT,1.0,1.0625,1.0626,1.0625499999999999,0.941176470588001,9896167966,1.0625,1.0626,230,24,125609.65509299992,82375.89133100004,139459.30874500002,71853.574953,1562.895954,387.556342,86679.579168,96816.39566800001,183093.69560999997,167382.100462,288915.98101200006,243796.988473,368305.9193110003,321129.11193300004
2026-10-08T03:30:46.987309+00:00,obs-20261007-01,LIGHT,ALGOUSDT,1.0,0.1186,0.1187,0.11865,8.43170320404818,5664657216,0.1186,0.1187,101,7,76830.5063,54264.24620000001,76156.3646,53685.9849,2985.4816,489.4622,63218.0417,35186.8871,114947.34790000001,73387.0769,152524.6102,95446.4081,178730.8726000001,121207.6778
2026-10-08T03:30:46.987309+00:00,obs-20261007-01,LIGHT,XRPUSDT,1.0,1.4206,1.4207,1.4206500000000002,0.7039279177800672,26679079968,1.4206,1.4207,389,54,3050231.2422599993,1769476.4644899995,2881980.495740002,2034048.5880399996,11106.842969999998,21148.18032,1175678.77445,898727.2911900001,1732233.9543599996,1279607.8962799998,3141941.2549399994,2105360.8772800006,4556952.988339998,2300844.2187
2026-10-08T03:30:46.987309+00:00,obs-20261007-01,LIGHT,HBARUSDT,1.0,0.0933,0.09331,0.093305,1.0718113612018243,8393735962,0.0933,0.09331,329,67,984700.78659,581572.4634899999,979249.145,575646.1680000001,6274.12393,6371.073479999999,153497.18508,124621.16814000001,271371.43187000003,230585.82378000004,428749.3332,380979.78469,809251.1485499997,746898.6788000001
2026-10-08T03:31:46.991617+00:00,obs-20261007-01,LIGHT,PEPEUSDT,1.0,4.08e-06,4.09e-06,4.085e-06,24.50980392156854,8828121668,4.08e-06,4.09e-06,192,24,566106.32110166,107628.39569048004,495899.53688662994,211398.65822094,1460.07415296,2864.72590492,17881.59591576,135877.234802,192255.90059297,301135.7462225,509898.31783339,701303.4855136,873289.8784116001,1483046.3281558799
2026-10-08T03:31:46.991617+00:00,obs-20261007-01,LIGHT,BNBUSDT,1.0,771.13,771.14,771.135,0.12967982052192184,20911197524,771.13,771.14,442,158,3000969.531729997,6179510.978720002,3049114.205899999,6136829.454410002,17093.68913,10300.861710000001,595601.74797,929569.03973,1301652.3620200008,1727070.0985199984,3131989.292710001,3605423.1799800033,5566035.979840008,5178426.725069996
2026-10-08T03:31:46.991617+00:00,obs-20261007-01,LIGHT,AAVEUSDT,1.0,174.45,174.46,174.45499999999998,0.5732301519079108,10440426398,174.45,174.46,379,81,913921.1694300002,551774.8916600002,909700.5253500004,549062.1361199997,3529.5642600000006,2555.7237000000005,145698.60363000009,82193.76330000002,217992.65912000008,127151.25395999999,312215.3369700001,190612.02222999994,376240.10617000033,232450.32120999994
2026-10-08T03:31:46.991617+00:00,obs-20261007-01,LIGHT,AVAXUSDT,1.0,11.067,11.068,11.067499999999999,0.9035872413476476,10521417998,11.067,11.068,423,90,2062764.13029,664214.9990099993,2066656.0454200003,627559.48903,50859.19614000001,6332.97323,181891.30623000002,145037.52526,319187.8646200001,206850.15226,441533.02238000004,291530.8439499999,549223.2124199995,319544.75544999976
2026-10-08T03:31:46.991617+00:00,obs-20261007-01,LIGHT,FILUSDT,1.0,1.0641,1.0642,1.0641500000000002,0.9397613006290051,9896170908,1.0641,1.0642,351,58,379915.51363100007,282923.00827299996,359060.19146600005,322867.409089,1444.085719,764.0007719999999,70618.82394199999,94617.55931599998,164757.49342199997,179279.51995399993,284058.0970029999,217666.780032,365378.5607090002,292130.91053099994
2026-10-08T03:31:46.991617+00:00,obs-20261007-01,LIGHT,ALGOUSDT,1.0,0.1186,0.1187,0.11865,8.43170320404818,5664657685,0.1186,0.1187,132,1,36672.561700000006,54530.4952,37414.9859,52285.65619999999,0.0,338.4137,64171.3525,29719.4627,114643.6798,69752.86379999999,152481.54600000003,97691.2471,179038.66710000005,123697.82609999998
2026-10-08T03:31:46.991617+00:00,obs-20261007-01,LIGHT,XRPUSDT,1.0,1.4209,1.421,1.42095,0.7037792948128008,26679088330,1.4209,1.421,474,118,6163447.0474000005,5440355.832249999,6237584.435689999,5584065.596309999,86950.16109000004,30398.00434999999,1101210.6935299998,1013940.5228599999,1810661.2419800002,1257516.49708,3043535.0852200007,1969846.8595800002,4488712.057690001,2162817.97429
2026-10-08T03:31:46.991617+00:00,obs-20261007-01,LIGHT,HBARUSDT,1.0,0.09346,0.09347,0.09346499999999999,1.069976460517097,8393739170,0.09346,0.09347,330,26,1902853.0216799993,821042.1101500008,1881588.22677,818176.6576699998,633.93529,2540.15621,128537.18799,130389.25944,283665.85375,204569.15813000003,448274.1811500001,381273.90632,825159.5137,750944.0090300002
2026-10-08T03:32:46.992001+00:00,obs-20261007-01,LIGHT,PEPEUSDT,1.0,4.07e-06,4.08e-06,4.075e-06,24.57002457002533,8828122339,4.07e-06,4.08e-06,128,15,272951.14357308013,494635.81727027,297734.90179201995,294199.81644048996,1199.0663329499998,850.2041006399999,138312.49942851,96347.38548119999,307686.61802457,310470.60805924,575391.10037065,645723.31505538,1010954.8627079299,1714244.3922655701
2026-10-08T03:32:46.992001+00:00,obs-20261007-01,LIGHT,BNBUSDT,1.0,770.6,770.61,770.605,0.12976901115901995,20911206123,770.6,770.61,466,216,5579715.042740001,9554846.151259998,5647948.978600001,9487936.062360005,32559.621669999993,29346.373820000004,637189.8309399999,794795.6958399998,1249967.38458,1512663.0675899996,3149426.843379999,3650491.888190002,5519579.290550007,5227563.468489996
2026-10-08T03:32:46.992001+00:00,obs-20261007-01,LIGHT,AAVEUSDT,1.0,174.23,174.24,174.235,0.5739539688920381,10440430756,174.23,174.24,352,94,1012305.2872599994,702888.7515099996,932963.6770299999,703898.2689600001,5750.8784399999995,19930.57459,175269.48944,68621.35884999999,276813.38169000007,116140.57901,398703.5248700002,164010.79328000013,461623.4475200003,207212.49411000012
2026-10-08T03:32:46.992001+00:00,obs-20261007-01,LIGHT,AVAXUSDT,1.0,11.057,11.058,11.057500000000001,0.904404449668661,10521425283,11.056,11.057,438,142,2264693.3668699996,881379.7506700001,2274760.981830001,928085.3481899999,35593.79303999999,28709.96562,177101.11396999995,113735.85251,327849.73913999996,174734.32851,444155.06504999986,241199.54478999993,537580.4468799994,268668.94380999997
2026-10-08T03:32:46.992001+00:00,obs-20261007-01,LIGHT,FILUSDT,1.0,1.0621,1.0622,1.06215,0.9415309292903906,9896174858,1.0621,1.0622,352,85,486056.7778650001,353797.0016219999,530449.5909599998,339533.4669459999,3553.6800559999997,9320.796754999998,70572.025135,67547.987442,158762.59732900004,137164.86414199998,250039.90965200006,219037.85880699998,340338.3065150002,295866.4011049999
2026-10-08T03:32:46.992001+00:00,obs-20261007-01,LIGHT,ALGOUSDT,1.0,0.1186,0.1187,0.11865,8.43170320404818,5664658289,0.1186,0.1187,157,5,66344.0597,52798.37600000003,78697.36700000001,57730.79170000003,39.342,4912.2934000000005,42097.572,32108.387200000005,102017.4299,67434.52080000001,136968.76989999998,92601.534,169409.0349,113799.2837
2026-10-08T03:32:46.992001+00:00,obs-20261007-01,LIGHT,XRPUSDT,1.0,1.4201,1.4202,1.42015,0.7041757622694433,26679096919,1.4201,1.4202,446,173,8031035.5681099985,6621786.751160002,7961186.274179999,6463798.996770007,32603.34208999999,179060.31662000006,1075120.2120499997,949004.8991599998,1825429.83944,1287274.8080299995,3171832.648910001,2112447.331069998,4573888.831680001,2317209.0185099975
2026-10-08T03:32:46.992001+00:00,obs-20261007-01,LIGHT,HBARUSDT,1.0,0.09332,0.09333,0.09332499999999999,1.0715816545214807,8393743005,0.09332,0.09333,295,60,1262222.7836399996,1870275.0056000003,1293963.81401,1761799.9460699996,5365.40917,17494.422570000002,144617.25632999997,113854.59354,280244.20657,229934.62836000003,422552.83543,376197.37803,800151.89065,742071.6899400002
2026-10-08T03:33:46.994579+00:00,obs-20261007-01,LIGHT,PEPEUSDT,1.0,4.07e-06,4.08e-06,4.075e-06,24.57002457002533,8828122687,4.07e-06,4.08e-06,118,9,288116.11557426996,175203.56856778997,266728.33200769,172983.21192479,0.0,912.8503300799999,126834.90395862,107627.28974256,316400.6805899,316816.20505613997,596778.8839372301,647943.6716983799,1035465.3877847301,1716508.24254491
2026-10-08T03:33:46.994579+00:00,obs-20261007-01,LIGHT,BNBUSDT,1.0,770.65,770.66,770.655,0.12976059170721754,20911210289,770.65,770.66,409,107,2348613.4335600007,4496840.305519999,2112731.1636799993,4382251.753239997,3714.40713,12483.70375,875102.9950799999,870527.68627,1466410.967580001,1627018.4864499997,3385186.283370001,3765506.184750004,5756053.251240008,5342576.794619998
2026-10-08T03:33:46.994579+00:00,obs-20261007-01,LIGHT,AAVEUSDT,1.0,174.16,174.17,174.165,0.5741846577844711,10440433443,174.16,174.17,316,37,1017403.7160299997,552387.2543600001,1099572.9430199997,537133.7667600001,2489.7065399999997,1410.98092,108550.99452000004,85339.57028,210911.46256999997,126579.59983999998,316970.7973600002,180304.5360200001,376270.7818800002,222040.34944000005
2026-10-08T03:33:46.994579+00:00,obs-20261007-01,LIGHT,AVAXUSDT,1.0,11.062,11.063,11.0625,0.9039956608214439,10521429482,11.062,11.063,426,55,1410371.5027399994,444788.7018500001,1380960.3128600002,423823.52097999986,2712.43263,11571.579109999997,233310.45372999998,136492.77748000002,372183.33212000004,204030.22765000004,460886.06724000006,262387.65958,568072.0519899995,292398.3574699999
2026-10-08T03:33:46.994579+00:00,obs-20261007-01,LIGHT,FILUSDT,1.0,1.0615,1.0616,1.06155,0.9420631182277539,9896177604,1.0615,1.0616,322,33,387650.9558389997,366484.37503400014,362668.6826689999,327282.6856849998,719.3953090000001,341.852927,87505.761092,88808.85096,183821.37468800004,160177.141304,278335.691639,254226.800414,365454.2504890002,335033.835164
2026-10-08T03:33:46.994579+00:00,obs-20261007-01,LIGHT,ALGOUSDT,1.0,0.1185,0.1186,0.11854999999999999,8.438818565401629,5664658566,0.1185,0.1186,91,1,45374.9856,32094.2866,38721.110199999996,28372.1065,29.625,0.0,60133.1705,26038.8572,115256.16399999999,59693.51469999999,148112.6083,95925.25929999999,177627.72630000004,109997.02479999997
2026-10-08T03:33:46.994579+00:00,obs-20261007-01,LIGHT,XRPUSDT,1.0,1.4204,1.4205,1.4204500000000002,0.7040270346370114,26679101462,1.4204,1.4205,424,62,2925418.989860001,2389009.99528,2766998.03902,2412056.301100001,9670.66499,12598.19832,1266902.9873699998,940661.2494200001,1863320.00893,1428772.68253,3324814.170370001,2102292.459790001,4720969.24494,2295437.8796100006
2026-10-08T03:33:46.994579+00:00,obs-20261007-01,LIGHT,HBARUSDT,1.0,0.09339,0.0934,0.093395,1.0707784559360611,8393745428,0.09339,0.0934,347,34,680555.06558,378507.4109,654214.4012199999,382755.3926099999,6172.515760000001,3020.2972999999993,153067.84036,133294.516,244035.14909,231733.41806999996,447235.4810900001,372318.24613999994,824279.72011,738011.44519
2026-10-08T03:34:46.998148+00:00,obs-20261007-01,LIGHT,PEPEUSDT,1.0,4.07e-06,4.08e-06,4.075e-06,24.57002457002533,8828122842,4.07e-06,4.08e-06,83,15,95614.14694807002,49488.18232453,96994.43522226004,47123.99021395999,51.82016389,1218.34919592,113741.35808596,107778.36117552,314305.77159696,318677.20911643,595398.5956630401,650307.8638089501,1033954.29223745,1718409.64057139
2026-10-08T03:34:46.998148+00:00,obs-20261007-01,LIGHT,BNBUSDT,1.0,770.57,770.58,770.575,0.12977406335545894,20911212568,770.57,770.58,349,39,568652.03327,3420933.7904899986,672247.8259100001,3368616.810449997,5822.94618,1088.11942,777245.8126800001,908870.7199300001,1367459.3561100012,1673038.56776,3281974.2289300016,3817276.7842800026,5640946.863000011,5348468.615149993
2026-10-08T03:34:46.998148+00:00,obs-20261007-01,LIGHT,AAVEUSDT,1.0,173.99,174.0,173.995,0.5747456750393454,10440435418,173.99,174.0,299,32,724985.8582999995,610960.9877700001,728620.5192799994,599733.2297,3161.98398,369.93451999999996,135742.04499,76501.67970999998,240005.14778,130826.80804999996,316396.8508300001,183354.79434000002,374575.2147300002,228731.37490000002
2026-10-08T03:34:46.998148+00:00,obs-20261007-01,LIGHT,AVAXUSDT,1.0,11.059,11.06,11.0595,0.9042408897741439,10521432275,11.059,11.06,307,44,1056512.0463500002,400696.8310699998,1091792.24504,396210.2323700001,4056.26925,1925.6480400000003,187473.88187999997,130884.30965999996,324407.2244,193859.98101000002,438171.43079999986,266874.25828000007,532970.6140799995,296841.31524
2026-10-08T03:34:46.998148+00:00,obs-20261007-01,LIGHT,FILUSDT,1.0,1.061,1.0611,1.0610499999999998,0.9425070688018344,9896180361,1.061,1.0611,335,70,416146.8496799998,375578.34361900005,432022.7903299999,361221.4975749998,11356.441480999996,4382.628782000002,83845.93177899999,84252.433131,198488.12170600003,151694.91713800002,265978.8151100001,264730.5606870001,363170.48036600027,345731.3236700001
2026-10-08T03:34:46.998148+00:00,obs-20261007-01,LIGHT,ALGOUSDT,1.0,0.1184,0.1185,0.11845,8.445945945945166,5664658851,0.1184,0.1185,85,3,36113.9061,38462.418600000005,39368.435600000004,39360.1281,259.2279,0.0,59255.0938,25059.5418,115267.15,62299.1366,150989.9363,94615.1833,176124.59910000002,101734.752
2026-10-08T03:34:46.998148+00:00,obs-20261007-01,LIGHT,XRPUSDT,1.0,1.4198,1.4199,1.4198499999999998,0.7043245527538211,26679105529,1.4198,1.4199,421,42,2383579.365489998,2790428.4491500007,2717980.40613,2578353.324739999,5289.828700000001,4304.480919999999,1118277.93145,1150102.0381899998,1662228.1729000001,1472284.9783199995,2997223.108450001,2298953.0618199976,4397725.977500002,2506818.5805199975
2026-10-08T03:34:46.998148+00:00,obs-20261007-01,LIGHT,HBARUSDT,1.0,0.09333,0.09334,0.093335,1.0714668381028858,8393746991,0.09333,0.09334,282,10,256115.4838200002,172086.82581999997,277041.38265000004,152014.59659000003,412.81859000000003,1695.8375999999998,158161.93076999998,140680.51414,287581.06276999996,246456.09583999994,427936.73936,392371.5186699999,805510.84496,753806.38622
2026-10-08T03:35:47.052454+00:00,obs-20261007-01,LIGHT,PEPEUSDT,1.0,4.07e-06,4.08e-06,4.075e-06,24.57002457002533,8828123138,4.07e-06,4.08e-06,105,13,83028.49489919002,56365.90800968001,105268.79088238001,59930.656349009994,10.0122,2913.63557328,85658.72153696,123883.96430328,292005.03917498,315111.0954771,573158.29967985,646743.11546962,1034190.47973323,1714747.9705319402
2026-10-08T03:35:47.052454+00:00,obs-20261007-01,LIGHT,BNBUSDT,1.0,770.38,770.39,770.385,0.1298060697307868,20911216936,770.38,770.39,392,77,2728975.05766,5452289.557999998,2708567.873069999,5543769.328559998,19788.53599,11046.992769999999,831018.5667599997,922310.0583200001,1384737.226640001,1575390.92645,3495073.6028400008,3721671.5532800024,5933776.39652001,5258250.4672399955
2026-10-08T03:35:47.052454+00:00,obs-20261007-01,LIGHT,AAVEUSDT,1.0,174.01,174.02,174.015,0.5746796161143486,10440437247,174.01,174.02,257,32,592951.9418600001,440726.24471999996,586241.5699000001,442485.77788000007,2403.0512200000003,1593.3654900000001,142106.73661999995,67733.89336,244991.8436999999,130728.73464999998,323167.69648999994,181595.26118000006,373113.86048,228743.8733000001
2026-10-08T03:35:47.052454+00:00,obs-20261007-01,LIGHT,AVAXUSDT,1.0,11.048,11.049,11.0485,0.9051412020277816,10521435869,11.048,11.049,330,60,1256225.62491,486397.7995099996,1313085.7746799996,471184.5072699997,1909.5214800000008,728.04151,157328.34433999998,134734.63696000003,313842.0372699999,205248.22117000003,382400.19287999975,280557.4966,479345.7887399996,308559.3923699999
2026-10-08T03:35:47.052454+00:00,obs-20261007-01,LIGHT,FILUSDT,1.0,1.0603,1.0604,1.0603500000000001,0.9431293030282006,9896182173,1.0603,1.0604,269,51,271415.2262010001,287144.183832,287083.9837109999,269938.5528489999,1963.914456,743.531103,97627.08430500001,81988.249292,207694.26409000004,158351.91656999997,263948.75037200004,271698.414238,347627.1478220001,362281.69324000005
2026-10-08T03:35:47.052454+00:00,obs-20261007-01,LIGHT,ALGOUSDT,1.0,0.1184,0.1185,0.11845,8.445945945945166,5664659145,0.1184,0.1185,98,9,22030.373400000008,40208.00519999999,26141.024900000008,40482.718400000005,637.1104,0.0,54555.8035,25029.3091,111855.73620000001,63087.058800000006,146879.2848,94340.47010000002,173657.22319999998,101297.0078
2026-10-08T03:35:47.052454+00:00,obs-20261007-01,LIGHT,XRPUSDT,1.0,1.4199,1.42,1.41995,0.7042749489394318,26679109668,1.4199,1.42,446,52,2735130.1552600004,1887156.9652399987,2470397.477830001,2043286.174479999,58264.173370000004,5120.61737,1393156.6901299995,1010201.5269699999,1925928.7835999986,1321792.4597199995,3261703.7438699994,2144454.643189998,4652803.647319999,2351735.402669998
2026-10-08T03:35:47.052454+00:00,obs-20261007-01,LIGHT,HBARUSDT,1.0,0.09327,0.09328,0.093275,1.0721561059279239,8393749265,0.09327,0.09328,313,42,488578.0875499998,413655.31713999994,505483.61025000014,413821.45511000004,1456.4099799999992,1657.3225400000001,155152.66173000002,131551.86861,232053.73210000002,234815.70134000012,411081.20173,391704.90634000005,789030.1301199999,753602.0822300002
2026-10-08T03:36:47.087335+00:00,obs-20261007-01,LIGHT,PEPEUSDT,1.0,4.07e-06,4.08e-06,4.075e-06,24.57002457002533,8828123557,4.07e-06,4.08e-06,150,15,67341.03405026002,364004.57364424004,55233.940507399995,457500.6750885502,420.19312478,2942.26630824,111363.88136698,105618.00677736,304343.05174076,299687.82581281,585265.39322271,553247.0140253099,1024070.621663,1545578.2678465701
2026-10-08T03:36:47.087335+00:00,obs-20261007-01,LIGHT,BNBUSDT,1.0,770.38,770.39,770.385,0.1298060697307868,20911220147,770.38,770.39,374,107,1423868.1813799997,3849398.35511,1438295.6374700007,3836982.6551400023,51777.42673999999,5276.015749999998,797960.3548800001,933536.2708899999,1372195.255480001,1586210.1210200002,3480646.1467500017,3734087.253250003,5919665.997780011,5268760.218429997
2026-10-08T03:36:47.087335+00:00,obs-20261007-01,LIGHT,AAVEUSDT,1.0,174.05,174.06,174.055,0.5745475438079239,10440438613,174.05,174.06,222,26,407939.4177700001,269574.20953999995,414306.07916000026,266642.40593000007,1134.76042,744.3936999999999,132503.93855,92148.13138999998,217702.15293999997,146853.4490199999,316670.61742000014,188074.73007000002,365194.6599300001,233145.61900000004
2026-10-08T03:36:47.087335+00:00,obs-20261007-01,LIGHT,AVAXUSDT,1.0,11.051,11.052,11.0515,0.9048954845702895,10521437856,11.051,11.052,285,28,831873.0114000005,209242.6560400001,779362.9393499999,213642.82057000013,6898.662640000001,1201.13704,192593.13495,136525.37104999996,354093.49302000005,201347.39822999996,434660.39989999996,276837.35726999986,531742.7449999996,304188.3193799998
2026-10-08T03:36:47.087335+00:00,obs-20261007-01,LIGHT,FILUSDT,1.0,1.0604,1.0605,1.06045,0.9430403621268901,9896183665,1.0604,1.0605,238,35,179682.12558700002,205251.08958499995,182705.16045200007,210055.5632469999,462.23100300000004,1857.5203150000002,93946.69523400003,83162.418323,190626.80473200008,156585.30599500003,260920.7079610001,276488.7082760001,344599.74336100003,359479.6159440001
2026-10-08T03:36:47.087335+00:00,obs-20261007-01,LIGHT,ALGOUSDT,1.0,0.1184,0.1185,0.11845,8.445945945945166,5664659328,0.1184,0.1185,82,1,9914.1257,39835.418300000005,8767.806400000001,38817.40389999999,0.0,453.7365,55935.494600000005,24754.743300000002,112900.7724,62898.481700000004,148025.6041,95358.48450000002,174803.6353,102315.0222
2026-10-08T03:36:47.087335+00:00,obs-20261007-01,LIGHT,XRPUSDT,1.0,1.4206,1.4207,1.4206500000000002,0.7039279177800672,26679113341,1.4206,1.4207,413,57,2485036.75083,1909765.471540001,2465899.953469999,2049553.501760001,13222.647849999998,6961.571370000001,1295730.6266799998,912812.2604999999,1818532.7930199997,1193190.99712,3272191.9908300005,2021316.0030200009,4660425.380059999,2217324.3052000003
2026-10-08T03:36:47.087335+00:00,obs-20261007-01,LIGHT,HBARUSDT,1.0,0.09322,0.09323,0.093225,1.0727311735680978,8393750680,0.09322,0.09323,237,13,220266.98573999997,366841.04857,233107.35399999993,363462.16288,1024.19215,1848.3928899999999,159922.43544999996,126501.34137,260571.83961999996,232708.21545,402766.72922999994,385385.94863000006,776408.4999899999,756926.2681700002
2026-10-08T03:37:47.092231+00:00,obs-20261007-01,LIGHT,PEPEUSDT,1.0,4.07e-06,4.08e-06,4.075e-06,24.57002457002533,8828123950,4.07e-06,4.08e-06,117,13,225927.44376517995,141562.95739268002,250070.26680334998,142418.13951598003,214.12079524,1944.67369272,85009.91030136,120719.03378616,278809.77368324,298832.53708951,561122.57018454,552391.83190201,1019323.60550627,1544723.08572327
2026-10-08T03:37:47.092231+00:00,obs-20261007-01,LIGHT,BNBUSDT,1.0,770.19,770.2,770.195,0.1298380919001474,20911224156,770.19,770.2,394,131,2139512.61986,5275314.566489997,2154603.412139999,5058017.474810001,19951.737730000008,7066.141289999998,747060.5250799999,957111.0583200002,1377007.5866300007,1602787.4224799995,3615949.42586,3735440.491630002,5900435.591870007,5287586.148249997
2026-10-08T03:37:47.092231+00:00,obs-20261007-01,LIGHT,AAVEUSDT,1.0,173.99,174.0,173.995,0.5747456750393454,10440440739,173.99,174.0,279,39,485463.63790000015,405240.67297999986,494226.76577000006,407280.46772000013,3430.4342300000003,2696.26146,107467.03175000001,72961.55967,213845.17901,129460.62079999998,305838.20126000006,182487.27005,360173.40139,229157.49866
2026-10-08T03:37:47.092231+00:00,obs-20261007-01,LIGHT,AVAXUSDT,1.0,11.044,11.045,11.0445,0.905469032959072,10521441255,11.044,11.045,404,43,1122706.6144500002,439416.6245300002,1136516.3233500007,439425.23529000004,1096.84713,1547.1564299999998,209179.26578000002,135730.94165,360359.16689000005,200474.87120999995,421162.3521599999,276122.5033499999,517068.69241999974,303870.4766099999
2026-10-08T03:37:47.092231+00:00,obs-20261007-01,LIGHT,FILUSDT,1.0,1.0593,1.0596,1.05945,2.8320589068275837,9896185516,1.0593,1.0596,289,32,217787.41248199984,233952.99816999992,245435.36956200004,213910.13288200006,8335.063603999999,738.5948439999999,73427.56443099999,93842.50669299999,186026.54689699996,158315.09623200004,238082.97143099998,282711.8561,316703.44713600003,372477.33624200005
2026-10-08T03:37:47.092231+00:00,obs-20261007-01,LIGHT,ALGOUSDT,1.0,0.1185,0.1186,0.11854999999999999,8.438818565401629,5664659625,0.1185,0.1186,88,1,28713.7744,38837.424199999994,22072.210799999997,41523.2584,0.0,342.465,40144.255300000004,30402.8879,100284.65909999999,63910.2562,148535.3102,93108.71740000002,179693.89580000003,107017.17910000001
2026-10-08T03:37:47.092231+00:00,obs-20261007-01,LIGHT,XRPUSDT,1.0,1.4202,1.4203,1.4202499999999998,0.7041261794116238,26679118323,1.4202,1.4203,451,70,3150273.251909999,3081433.08524,3270921.4801099994,2998175.6213700026,25019.56708,10464.93461,1236734.29727,965243.2905700001,1825589.6114299993,1424688.9014900003,3154018.67402,2093458.2512700013,4548638.156869999,2297726.2285500015
2026-10-08T03:37:47.092231+00:00,obs-20261007-01,LIGHT,HBARUSDT,1.0,0.09321,0.09322,0.09321499999999999,1.0728462611298006,8393752746,0.09321,0.09322,306,24,787542.51326,826654.6940100002,775601.5263000001,823595.2285500003,4369.87153,2844.07049,156784.90725999998,141916.01288,272671.99747999996,236825.82494000005,414715.19168,388234.80054000014,788370.9928700001,741626.3546800001
2026-10-08T03:38:47.104141+00:00,obs-20261007-01,LIGHT,PEPEUSDT,1.0,4.07e-06,4.08e-06,4.075e-06,24.57002457002533,8828124242,4.07e-06,4.08e-06,77,14,38770.75538669,280862.34145222,31165.155050070003,238567.67203336,144.32817476,902.5705252800001,102399.65676996,165021.06516815998,293144.09605718,341127.20650837,568728.17052116,594686.50132087,1017188.3979122599,1575103.74311509
2026-10-08T03:38:47.104141+00:00,obs-20261007-01,LIGHT,BNBUSDT,1.0,770.28,770.29,770.285,0.12982292153518316,20911226285,770.28,770.29,399,37,866801.9312700003,2981757.3717299993,927968.8505500008,2984826.5959799993,3328.06106,3469.3747300000005,739876.8018599999,948972.2727399999,1317880.4641200004,1601567.1758299998,3552018.410490001,3732601.533440003,5857602.363740007,5286071.348079993
2026-10-08T03:38:47.104141+00:00,obs-20261007-01,LIGHT,AAVEUSDT,1.0,174.06,174.07,174.065,0.5745145352165082,10440442321,174.06,174.07,246,26,631748.4505399996,272183.64461999986,624958.58541,272835.0416000002,568.15382,2248.05741,127983.15730999998,85420.36571999996,212638.48860999997,139953.8423999999,312530.06396000023,185139.29287999996,371619.3977600001,229934.68150999997
2026-10-08T03:38:47.104141+00:00,obs-20261007-01,LIGHT,AVAXUSDT,1.0,11.045,11.046,11.0455,0.9053870529651675,10521443869,11.045,11.046,316,40,739320.6987599999,341020.98895999964,726689.8765300001,332262.7104799997,1657.1603099999998,4722.630609999999,210130.60638,146330.3232,372067.4778000001,209841.46615999992,433785.73858999996,284885.9131299999,529608.7626799996,312888.34182999976
2026-10-08T03:38:47.104141+00:00,obs-20261007-01,LIGHT,FILUSDT,1.0,1.0594,1.0595,1.05945,0.9439305267155973,9896187262,1.0594,1.0595,303,31,226239.31761400003,258606.171883,221492.15498299996,271132.61770599993,2099.97114,943.911609,90306.708113,84972.70180899999,195519.06151399994,149935.014464,242830.13406200003,270185.410277,319651.40729100007,359955.8915310001
2026-10-08T03:38:47.104141+00:00,obs-20261007-01,LIGHT,ALGOUSDT,1.0,0.1185,0.1186,0.11854999999999999,8.438818565401629,5664660040,0.1185,0.1186,96,2,34167.274,45537.86379999999,35620.4069,45915.3254,0.0,449.11499999999995,43168.0084,25608.994599999998,101525.93069999998,66311.4176,147082.17729999998,92731.25580000001,177700.17919999998,106639.7175
2026-10-08T03:38:47.104141+00:00,obs-20261007-01,LIGHT,XRPUSDT,1.0,1.4204,1.4205,1.4204500000000002,0.7040270346370114,26679120842,1.4204,1.4205,371,34,1411084.35882,1221022.6616700005,1353274.4173999992,1268851.7012300002,54623.46369,6013.220730000001,1341184.4421600003,948226.1238599997,1787738.6325600008,1384871.62974,3211444.3177400013,2057414.2935300008,4625708.39889,2250564.89921
2026-10-08T03:38:47.104141+00:00,obs-20261007-01,LIGHT,HBARUSDT,1.0,0.09316,0.09317,0.093165,1.073422069557406,8393754071,0.09316,0.09317,303,17,165691.04950999998,134742.33489999993,181009.35380999994,121606.84427999998,2750.63605,1034.31338,152750.04455000002,135275.59014,264892.15779,243970.10158000002,400073.2879600001,400235.35445999994,777808.0523600002,754246.3483399999
2026-10-08T03:39:47.124662+00:00,obs-20261007-01,LIGHT,PEPEUSDT,1.0,4.07e-06,4.08e-06,4.075e-06,24.57002457002533,8828124417,4.07e-06,4.08e-06,90,10,32463.009726710006,87645.69389354998,23854.36555892001,134920.56768413997,0.0,871.6624240799999,131690.65080413,94601.60106624,302707.81515657005,293852.33271778,577336.8146889501,547411.62753028,1019692.60214409,1538434.61185062
2026-10-08T03:39:47.124662+00:00,obs-20261007-01,LIGHT,BNBUSDT,1.0,770.47,770.48,770.475,0.12979090684872574,20911229411,770.47,770.48,373,84,2203367.790480001,3546450.9938500007,2283205.1648899987,3589872.5791299995,4934.593889999999,8563.255199999998,666670.3365500001,928558.12447,1233555.6588500012,1570440.8678300006,3132079.3303600014,3710873.078450003,5516083.92107001,5247623.750679991
2026-10-08T03:39:47.124662+00:00,obs-20261007-01,LIGHT,AAVEUSDT,1.0,174.04,174.05,174.04500000000002,0.574580556194082,10440443487,174.04,174.05,205,21,467541.34914999997,293848.08819,463870.56302999996,293468.18623000005,836.67721,1045.9297100000001,131530.79637,82809.2373,234191.11325999998,133927.27196999994,316382.6941800003,184033.58882999994,363328.89072000026,230314.58346999995
2026-10-08T03:39:47.124662+00:00,obs-20261007-01,LIGHT,AVAXUSDT,1.0,11.044,11.045,11.0445,0.905469032959072,10521445466,11.044,11.045,256,20,534991.1392500001,200240.31048,542011.43393,200058.09357000006,1713.3436,10536.60575,215128.02026999998,140347.94935,365328.12244999997,203749.31022999997,426778.4565599998,285062.99873999995,522372.7980199996,311774.27811999986
2026-10-08T03:39:47.124662+00:00,obs-20261007-01,LIGHT,FILUSDT,1.0,1.0601,1.0602,1.0601500000000001,0.9433072351661131,9896188456,1.0601,1.0602,205,25,147918.74373700004,180416.59379999994,123701.91500499999,191798.94008300005,441.356373,885.7106660000001,101835.77840400001,93345.34046200001,189885.97062900005,164792.44129599998,263083.4567330001,263017.947298,343376.5751570003,349693.79726200004
2026-10-08T03:39:47.124662+00:00,obs-20261007-01,LIGHT,ALGOUSDT,1.0,0.1185,0.1186,0.11854999999999999,8.438818565401629,5664660483,0.1185,0.1186,115,4,54404.73400000002,25839.282600000002,54024.82699999998,22302.205499999996,2199.0045,180.2385,43395.995899999994,28854.221400000002,103211.2141,70078.3388,147462.0843,95059.722,178633.01890000002,108968.18369999998
2026-10-08T03:39:47.124662+00:00,obs-20261007-01,LIGHT,XRPUSDT,1.0,1.4205,1.4206,1.42055,0.7039774727202186,26679124458,1.4205,1.4206,394,53,2051022.970789998,2397433.06481,2245785.1587799992,2242176.6866399995,42947.32667,44319.049459999995,1088609.99055,1006768.7656800001,1587930.6341600006,1266502.21756,3014705.5751000005,2214989.3582199994,4430016.92828,2396756.8599799993
2026-10-08T03:39:47.124662+00:00,obs-20261007-01,LIGHT,HBARUSDT,1.0,0.09317,0.09318,0.09317500000000001,1.0733068584301009,8393756483,0.09317,0.09318,316,22,544858.1941100004,263969.50046,531500.4838799998,268410.73992000025,1746.97844,2891.1638699999994,150294.57930999997,137636.81043,277216.0913999999,239951.21046,412780.98291,395801.73709999997,791153.7424400001,766885.21548
2026-10-08T03:40:47.124814+00:00,obs-20261007-01,LIGHT,PEPEUSDT,1.0,4.07e-06,4.08e-06,4.075e-06,24.57002457002533,8828124530,4.07e-06,4.08e-06,72,12,46709.15542329002,2382.68792046,45629.77387797004,4780.9853686199995,0.0,989.0553705599999,132493.89095734,92203.30361808,303842.8254853,291454.03526962,578416.19623427,545013.33008212,1020771.9836894099,1536036.31440246
2026-10-08T03:40:47.124814+00:00,obs-20261007-01,LIGHT,BNBUSDT,1.0,770.66,770.67,770.665,0.12975890794963973,20911232540,770.66,770.67,374,100,1548385.7498900013,3979224.50425,1409070.9599699997,4173777.3516700007,42233.54841,39868.53559000001,673830.8565900003,893560.2553499998,1371920.0831100007,1573824.3731200006,3270783.8195800004,3520479.288540005,5648416.477200009,5098046.625799999
2026-10-08T03:40:47.124814+00:00,obs-20261007-01,LIGHT,AAVEUSDT,1.0,174.01,174.02,174.015,0.5746796161143486,10440445180,174.01,174.02,250,24,492543.12267000007,403469.4913999999,502586.47974999994,404180.98646999977,1291.0150500000002,408.33029999999997,105035.21053000003,74636.14534999998,208395.00101,126430.28662999993,306363.4591600002,179488.37603999997,350940.25574000017,224764.76574
2026-10-08T03:40:47.124814+00:00,obs-20261007-01,LIGHT,AVAXUSDT,1.0,11.043,11.044,11.0435,0.9055510278010992,10521447383,11.043,11.044,253,17,796468.34066,440978.49520999996,795257.76077,449392.50791999977,1015.87728,2974.4402199999995,211817.88613,132363.23859,366564.84171000007,195339.53999999992,427989.03644999984,275890.1794099999,522334.2924499997,304227.3395899998
2026-10-08T03:40:47.124814+00:00,obs-20261007-01,LIGHT,FILUSDT,1.0,1.0602,1.0603,1.06025,0.943218260704981,9896189598,1.0602,1.0603,234,28,108804.52199000002,154538.37798400008,108107.65119399998,156137.66544199997,355.22994600000004,345.06167199999993,93859.424056,93631.63802799999,190170.44402100003,166705.678813,263061.55095300014,261418.65984,343986.15744900034,353750.468933
2026-10-08T03:40:47.124814+00:00,obs-20261007-01,LIGHT,ALGOUSDT,1.0,0.1184,0.1185,0.11845,8.445945945945166,5664660627,0.1184,0.1185,56,3,9865.521599999998,33368.757099999995,14334.7816,31498.9879,0.0,208.9169,55503.418600000005,21346.511599999998,116007.5647,61756.8454,149124.6818,96493.4241,175852.45990000002,103636.69339999999
2026-10-08T03:40:47.124814+00:00,obs-20261007-01,LIGHT,XRPUSDT,1.0,1.4208,1.4209,1.4208500000000002,0.703828828829689,26679126387,1.4208,1.4209,310,36,1202437.5470100006,799516.4121000002,999872.9813500006,973754.8013700001,5381.19921,44423.72205,1229753.6201999995,905971.6547700003,1770448.34673,1092975.2065600005,3193419.17432,2044902.8729700015,4624936.00926,2226247.045010001
2026-10-08T03:40:47.124814+00:00,obs-20261007-01,LIGHT,HBARUSDT,1.0,0.09312,0.09313,0.093125,1.073883161513134,8393757807,0.09312,0.09313,222,20,264001.4589200003,641469.1352299998,275223.08572,628291.0718099995,2877.5694000000003,1802.6749900000002,171523.41497999994,137299.13921,264066.38735,250878.61967999997,415454.8157900002,408010.2647299998,761458.1747600003,776354.7888199998
2026-10-08T03:41:47.141591+00:00,obs-20261007-01,LIGHT,PEPEUSDT,1.0,4.07e-06,4.08e-06,4.075e-06,24.57002457002533,8828124681,4.07e-06,4.08e-06,81,9,73613.50023612,18558.03921305,73075.54598377999,19466.78123789,0.0,906.4489080000001,126528.58154211,91295.85225,304040.68042469,290545.29324478,578954.15048661,544104.5880572799,1020541.28443143,1535124.2622361998
2026-10-08T03:41:47.141591+00:00,obs-20261007-01,LIGHT,BNBUSDT,1.0,770.39,770.4,770.395,0.12980438479193168,20911236505,770.39,770.4,359,129,1611490.6990799997,4695893.860399999,1655866.1648700002,4655553.910509998,25572.65057,3094.1099,788016.9356099998,854122.0574500003,1350555.2295600004,1599354.618730001,3419484.283390001,3556131.0538700055,5874383.201980011,5091212.28062
2026-10-08T03:41:47.141591+00:00,obs-20261007-01,LIGHT,AAVEUSDT,1.0,174.0,174.01,174.005,0.5747126436772554,10440447073,174.0,174.01,268,33,547733.3392700002,393550.8140300001,547023.77926,389454.79137000005,2200.72357,5866.00559,109714.16366000003,78117.85329999997,209240.493,128722.82523999996,307118.84299000015,181841.51750000002,354209.8864800002,224018.89455000006
2026-10-08T03:41:47.141591+00:00,obs-20261007-01,LIGHT,AVAXUSDT,1.0,11.039,11.04,11.0395,0.9058791557192691,10521451202,11.039,11.04,336,65,1141417.0536,539310.8957800001,1129608.9097700003,571970.2707299999,4497.88554,10552.35487,250864.0677,108307.30968000002,370959.3591200001,180320.08852000002,440863.68838999997,242177.22380000004,534261.9446399997,271501.09308
2026-10-08T03:41:47.141591+00:00,obs-20261007-01,LIGHT,FILUSDT,1.0,1.0596,1.0597,1.05965,0.9437523593813779,9896191347,1.0596,1.0597,278,32,262361.9624920001,143696.624951,269746.86094499996,131233.87909600002,442.17725799999994,236.54735100000005,89876.58073700003,90025.984189,203993.42850500008,162611.06373199998,260159.94150000016,270219.9674099999,337573.6450000003,359436.00230000005
2026-10-08T03:41:47.141591+00:00,obs-20261007-01,LIGHT,ALGOUSDT,1.0,0.1184,0.1185,0.11845,8.445945945945166,5664660933,0.1184,0.1185,110,1,18139.978300000002,21104.556599999996,20665.665800000002,21789.551300000003,29.718400000000003,0.0,54610.9184,23390.1308,114004.3204,61539.897600000004,146598.9943,95808.42940000001,173845.9969,102951.6987
2026-10-08T03:41:47.141591+00:00,obs-20261007-01,LIGHT,XRPUSDT,1.0,1.4205,1.4206,1.42055,0.7039774727202186,26679131667,1.4205,1.4206,405,65,3318544.4194200006,3402547.746310003,3462214.1283399975,3275840.513620001,66190.53233,11012.581319999998,1125231.877,1027049.7700600001,1646829.6730800006,1378383.01011,3073600.43184,2169983.4654399995,4488499.090159999,2351756.7551899995
2026-10-08T03:41:47.141591+00:00,obs-20261007-01,LIGHT,HBARUSDT,1.0,0.09317,0.09318,0.09317500000000001,1.0733068584301009,8393760533,0.09317,0.09318,296,38,802143.19636,882627.9349700002,787387.4959,931440.05611,4039.1146200000007,3643.890099999999,171982.14538000003,131817.09956,279389.27889,207424.91387,420486.98839000025,358201.6036900001,782343.1330900003,728235.4422800001
2026-10-08T03:42:47.152853+00:00,obs-20261007-01,LIGHT,PEPEUSDT,1.0,4.07e-06,4.08e-06,4.075e-06,24.57002457002533,8828124825,4.07e-06,4.08e-06,85,16,34339.8503872,58449.803225949996,44679.30937529,55341.27062634,1917.57167624,1039.5332937599999,104160.22918114,112684.53579384,293556.9893847,293836.16051267,568614.6914985201,547213.12065689,1016613.46708776,1538237.35248757
2026-10-08T03:42:47.152853+00:00,obs-20261007-01,LIGHT,BNBUSDT,1.0,770.21,770.22,770.215,0.12983472040151156,20911239482,770.21,770.22,384,72,1655074.3030299998,3064131.259810001,1675256.3165700003,3043261.1417600005,7230.972940000001,12616.51239,735947.3546300001,857592.6031000001,1367340.8119700002,1620627.6190500006,3547316.5799100003,3555646.575520005,5852389.306490009,5108008.07962
2026-10-08T03:42:47.152853+00:00,obs-20261007-01,LIGHT,AAVEUSDT,1.0,173.79,173.8,173.79500000000002,0.5754071005248385,10440448950,173.79,173.8,249,28,467227.3065100003,352707.9508300001,483195.55592,334785.10746,468.93686,1014.9120100000001,121514.22201999997,85495.58274000001,253167.64716000002,137769.41224000003,294262.5485700001,193129.8492800001,361092.9317900001,235020.2892000002
2026-10-08T03:42:47.152853+00:00,obs-20261007-01,LIGHT,AVAXUSDT,1.0,11.02,11.022,11.021,1.8148820326691073,10521454006,11.02,11.022,318,44,955352.1107,385955.5976,1068498.4589299997,351024.99355,1739.1144100000004,6366.80141,211175.97735000003,104470.71583999999,293371.37239,192743.43947,347742.22297999985,276596.66711000004,429343.4759299997,289372.26998
2026-10-08T03:42:47.152853+00:00,obs-20261007-01,LIGHT,FILUSDT,1.0,1.0582,1.0583,1.0582500000000001,0.945000945000718,9896193060,1.0582,1.0583,271,40,355086.135982,236615.73410700008,375961.071443,218422.64663099998,34069.64423999999,540.795387,81724.41469699999,81847.53889000001,190588.497638,167133.891452,247271.240462,274856.065046,321668.15404700005,358495.11571300006
2026-10-08T03:42:47.152853+00:00,obs-20261007-01,LIGHT,ALGOUSDT,1.0,0.1184,0.1185,0.11845,8.445945945945166,5664661139,0.1184,0.1185,85,0,14896.935800000003,34369.926800000016,20679.952200000003,33091.5375,0.0,0.0,49637.7135,30094.9315,107424.2805,66734.56049999999,140815.9779,97086.81869999999,168601.67969999998,111092.88799999998
2026-10-08T03:42:47.152853+00:00,obs-20261007-01,LIGHT,XRPUSDT,1.0,1.4196,1.4197,1.4196499999999999,0.704423781345831,26679136201,1.4196,1.4197,405,59,2614495.517319999,3523451.5576899974,2950756.760510002,3041615.1491000033,9091.08598,8756.77778,920622.61748,1432319.55946,1445018.8694100007,1809949.5675199996,2746992.26682,2635886.7405099976,4166913.3439799985,2833588.8455799986
2026-10-08T03:42:47.152853+00:00,obs-20261007-01,LIGHT,HBARUSDT,1.0,0.09306,0.09307,0.09306500000000001,1.0745755426611048,8393762948,0.09306,0.09307,344,17,386148.6989900001,462514.92116000014,459179.9049700001,425648.88433,820.8523200000001,820.5685599999999,129262.81775,128910.97541999999,212486.73866,199293.44606000005,357244.10886000015,392490.66557,710338.8076100003,761023.16911
2026-10-08T03:43:47.167557+00:00,obs-20261007-01,LIGHT,PEPEUSDT,1.0,4.07e-06,4.08e-06,4.075e-06,24.57002457002533,8828124989,4.07e-06,4.08e-06,79,14,30823.364265390002,183399.33756410002,24243.27040289,190476.37116283004,58.113625240000005,952.33724736,122012.01605054,90533.37028727999,300779.38014250004,286596.54067594,575194.7853610201,540136.08705816,1019944.20645514,1531160.31888884
2026-10-08T03:43:47.167557+00:00,obs-20261007-01,LIGHT,BNBUSDT,1.0,770.21,770.22,770.215,0.12983472040151156,20911241993,770.21,770.22,344,62,633061.0260000003,2842554.18811,622985.91207,2838393.443980001,7342.30714,5027.536409999998,767205.99263,899036.98091,1376584.1736900003,1621797.0667300005,3557391.693840001,3559807.3196500046,5864996.445150008,5113211.595199999
2026-10-08T03:43:47.167557+00:00,obs-20261007-01,LIGHT,AAVEUSDT,1.0,173.86,173.87,173.865,0.5751754285054922,10440450671,173.86,173.87,250,38,603069.1637599998,496134.91728,580090.1322499997,519261.62135000003,1907.3800000000003,33747.95738000001,134200.33203,66231.79091,268245.14769,119707.53761,313743.60060000024,170135.8824700001,380914.80579000013,210058.83473000015
2026-10-08T03:43:47.167557+00:00,obs-20261007-01,LIGHT,AVAXUSDT,1.0,11.023,11.024,11.023499999999999,0.907194048807014,10521456853,11.023,11.024,322,44,1083485.9676599996,382465.95369999995,990268.2243900001,401849.6917999997,3223.565740000001,8926.222900000002,235170.63761000006,109499.13919,377139.7274300001,193447.17196000004,440853.13768000016,257223.5064,529207.11503,271041.4497099999
2026-10-08T03:43:47.167557+00:00,obs-20261007-01,LIGHT,FILUSDT,1.0,1.0579,1.058,1.05795,0.9452689290112559,9896195394,1.0579,1.058,304,100,349268.689676,184655.41468000002,340622.64729499986,199588.945849,1869.1824600000002,3270.692184000001,59086.698146,85664.47759299999,168171.81672200005,163957.61751699992,255961.81259400008,255501.35295299988,332155.224983,339296.6065049999
2026-10-08T03:43:47.167557+00:00,obs-20261007-01,LIGHT,ALGOUSDT,1.0,0.1184,0.1185,0.11845,8.445945945945166,5664661301,0.1184,0.1185,73,5,9838.320099999999,8624.392500000002,7114.0338,8652.945399999997,148.592,0.0,50626.3819,30684.6145,108922.8222,66706.1439,143540.26419999998,97058.26580000001,171326.02299999996,111064.36230000001
2026-10-08T03:43:47.167557+00:00,obs-20261007-01,LIGHT,XRPUSDT,1.0,1.4206,1.4207,1.4206500000000002,0.7039279177800672,26679139822,1.4206,1.4207,371,71,2365250.0833199997,1846704.6398200002,1931646.24781,2378314.35038,15481.778519999998,42956.589490000006,1216148.05999,983089.71607,1743412.7494000003,1294714.11063,3166587.7077199994,2123283.520909998,4594664.187059997,2308166.8258699984
2026-10-08T03:43:47.167557+00:00,obs-20261007-01,LIGHT,HBARUSDT,1.0,0.09309,0.0931,0.09309500000000001,1.0742292405185871,8393763935,0.09309,0.0931,240,10,254188.55380999995,198567.06451000003,196436.84458999996,201163.24385,6.7003200000000005,2218.1902,147167.73976999996,137034.87,254375.43609999993,236277.8797900001,414967.0657800003,391033.11063000007,768022.3628200004,758426.9897700002
2026-10-08T03:44:47.168040+00:00,obs-20261007-01,LIGHT,PEPEUSDT,1.0,4.07e-06,4.08e-06,4.075e-06,24.57002457002533,8828125111,4.07e-06,4.08e-06,83,12,114482.63048976,34533.58874091999,118534.80513699999,29013.94458004,1111.50837974,1016.7999254399999,105914.2426408,96053.01444816,297047.28866066,292116.18483682,571142.6107137799,545655.73121904,1015892.0318078998,1536679.96304972
2026-10-08T03:44:47.168040+00:00,obs-20261007-01,LIGHT,BNBUSDT,1.0,770.25,770.26,770.255,0.12982797792826517,20911244993,770.25,770.26,372,59,902658.2478700003,1591935.3865300003,903366.2469200001,1574504.49262,8384.55078,5749.401729999998,741022.4898800001,931677.3824900001,1375964.8641400004,1639374.2439700007,3556679.1201900016,3577423.361000005,5867687.77402001,5130378.2947999975
2026-10-08T03:44:47.168040+00:00,obs-20261007-01,LIGHT,AAVEUSDT,1.0,173.9,173.91,173.905,0.5750431282347535,10440451944,173.9,173.91,230,19,411115.0292299999,248998.69681999998,410498.91116000025,222947.47308000003,983.64884,880.4526400000001,128151.72856999998,95033.32823,234357.72821999996,147035.33600000004,311017.2308300002,196199.92647000012,375329.10524000006,236123.89347000016
2026-10-08T03:44:47.168040+00:00,obs-20261007-01,LIGHT,AVAXUSDT,1.0,11.017,11.018,11.0175,0.9076881183633922,10521458622,11.017,11.018,276,25,582734.37031,259899.18418999997,605890.7853300001,241242.9991099999,184.90660999999997,4771.57394,234884.08864999996,110246.00435,371912.08463999996,203985.21819000004,418292.19253999996,238830.48497000002,550078.4237599997,287513.72013999993
2026-10-08T03:44:47.168040+00:00,obs-20261007-01,LIGHT,FILUSDT,1.0,1.0584,1.0585,1.0584500000000001,0.9448223733943273,9896196680,1.0584,1.0585,206,30,186753.01806600002,134701.13356600003,189379.25516500004,147013.078863,268.592502,1074.3267150000001,80097.206384,90483.368017,173865.42295100004,154674.244202,252920.8729950001,256373.77684899996,328557.4191780002,332734.042259
2026-10-08T03:44:47.168040+00:00,obs-20261007-01,LIGHT,ALGOUSDT,1.0,0.1184,0.1185,0.11845,8.445945945945166,5664661500,0.1184,0.1185,83,1,23035.785700000004,19937.930400000005,18684.394,18886.2954,0.0,107.835,55486.250499999995,30803.0386,112943.0836,67399.7392,147891.6559,98109.9008,174619.45510000002,112116.09019999999
2026-10-08T03:44:47.168040+00:00,obs-20261007-01,LIGHT,XRPUSDT,1.0,1.4192,1.4193,1.41925,0.7046223224360659,26679143385,1.4192,1.4193,377,59,1640745.8425499995,2486736.54129,2017887.9234399996,1905773.5033900007,62346.785479999984,1765.6419299999998,956125.1467700001,1435848.1023300004,1505578.6782500003,1711387.6692300003,2807089.667899999,2686928.7410199987,4258396.490959996,2884409.815979999
2026-10-08T03:44:47.168040+00:00,obs-20261007-01,LIGHT,HBARUSDT,1.0,0.09308,0.09309,0.093085,1.074344649765191,8393765289,0.09308,0.09309,256,7,251478.98091,175291.77301000003,260402.96141000002,182083.81145000007,690.6846199999999,1128.93038,141923.66396,130537.4656,247535.06376,229081.07708,406064.37424000027,384241.0721900001,759144.2735300004,751634.9513300002
2026-10-08T03:45:47.265028+00:00,obs-20261007-01,LIGHT,PEPEUSDT,1.0,4.07e-06,4.08e-06,4.075e-06,24.57002457002533,8828125384,4.07e-06,4.08e-06,104,17,101299.61698025999,134509.60474059999,97836.20887089998,139356.94644164,40.296056570000005,1005.32238768,128595.47660993,87840.50418311999,299693.08098721,287268.84313577996,574606.01882314,540808.389518,1016557.8062747599,1531832.62134868
2026-10-08T03:45:47.265028+00:00,obs-20261007-01,LIGHT,BNBUSDT,1.0,770.24,770.25,770.245,0.12982966348218383,20911247599,770.24,770.25,320,58,2518388.8182499995,2821278.3667000025,2652862.0056999996,2828558.7134500016,8071.30759,2419.0921600000006,679095.76911,994171.7228100003,1392535.1370600006,1635530.9571900005,3422704.5889200014,3570136.7906500045,5879235.21384001,5122005.843359996
2026-10-08T03:45:47.265028+00:00,obs-20261007-01,LIGHT,AAVEUSDT,1.0,174.18,174.19,174.185,0.5741187277519266,10440454180,174.18,174.19,299,35,773598.5591299996,255520.35769999993,737822.34775,298132.2601100001,189.86758999999995,3272.1699400000007,134678.99487000002,78250.53467000001,224900.12943,126918.55075999998,337632.4941600001,158160.0368200001,398121.1812000002,197499.87452000004
2026-10-08T03:45:47.265028+00:00,obs-20261007-01,LIGHT,AVAXUSDT,1.0,11.024,11.025,11.0245,0.907111756169865,10521462041,11.024,11.025,378,57,1366882.0868000006,404633.71626,1330883.58863,447204.39534999995,2160.1754600000004,14531.561410000002,233123.02946000005,103561.43078,351445.10488000006,183816.86993000002,455873.25296000007,233942.31322999997,545876.9375499997,247160.44904000004
2026-10-08T03:45:47.265028+00:00,obs-20261007-01,LIGHT,FILUSDT,1.0,1.0587,1.0588,1.0587499999999999,0.9445546424857731,9896198409,1.0587,1.0588,274,48,241230.22678699996,148498.9613860001,225587.2724310001,150292.09775899997,2157.408869,433.0606400000001,80496.97073200002,93418.77351100002,180421.19648900005,163364.77562200002,264814.2759170001,258897.56131199995,340561.6680020002,343846.2763760001
2026-10-08T03:45:47.265028+00:00,obs-20261007-01,LIGHT,ALGOUSDT,1.0,0.1184,0.1185,0.11845,8.445945945945166,5664662015,0.1184,0.1185,135,8,103132.95750000002,48335.906999999985,100691.9277,51835.753700000016,4527.928100000001,293.7504,49313.773199999996,28495.608099999998,112845.28159999999,70161.89409999999,150506.61049999998,94610.0541,178372.014,108608.55909999998
2026-10-08T03:45:47.265028+00:00,obs-20261007-01,LIGHT,XRPUSDT,1.0,1.4197,1.4198,1.41975,0.7043741635559542,26679147072,1.4197,1.4198,411,47,2786095.513580001,1573809.3678899994,2478248.6489600004,2087104.5082000003,12395.996700000003,13239.56716,1218670.4079200001,1052370.24327,1677804.821800001,1358061.5074799992,3109420.32706,2176604.999459998,4541813.163619998,2374367.050429999
2026-10-08T03:45:47.265028+00:00,obs-20261007-01,LIGHT,HBARUSDT,1.0,0.09312,0.09313,0.093125,1.073883161513134,8393766977,0.09312,0.09313,241,19,273611.89299,327058.2742300003,255226.96008000016,334436.81116000033,31.08358,2165.6198799999997,151790.32049,139345.84900000002,221714.55224000002,232724.49356999996,424391.97190000024,377844.12559,777404.6465900004,746155.6144000001
2026-10-08T03:46:47.387395+00:00,obs-20261007-01,LIGHT,PEPEUSDT,1.0,4.07e-06,4.08e-06,4.075e-06,24.57002457002533,8828125588,4.07e-06,4.08e-06,106,12,112873.47713751001,12049.700181960001,100224.55297291,10126.664471400001,83.86399021,828.1940918399999,104989.83178255,89763.53989368,297459.93521151,289191.87884634,587254.94298774,542731.42522856,1032142.5681784799,1533755.65705924
2026-10-08T03:46:47.387395+00:00,obs-20261007-01,LIGHT,BNBUSDT,1.0,770.05,770.06,770.055,0.12986169729334307,20911250642,770.05,770.06,381,61,1270019.96951,2159488.4204199985,1300163.6780800007,2119361.851930001,7518.008430000001,6792.295770000001,654585.9907499996,987307.36226,1551271.9456200004,1627494.3656000001,3395983.6545800013,3606364.3066300023,5852567.470540007,5160121.088159999
2026-10-08T03:46:47.387395+00:00,obs-20261007-01,LIGHT,AAVEUSDT,1.0,174.25,174.26,174.255,0.5738880918215727,10440455813,174.25,174.26,288,18,1046515.5933500001,273691.4977999998,989813.7213599997,230937.18068000002,1112.47628,125.27100000000002,197898.98413999996,122506.14153000001,276001.9676499999,165170.04870000004,383712.12685999996,202271.64476000014,446559.70816,240319.4120600001
2026-10-08T03:46:47.387395+00:00,obs-20261007-01,LIGHT,AVAXUSDT,1.0,11.012,11.013,11.0125,0.908100254266575,10521465969,11.012,11.013,380,103,1398986.1644799993,471589.9292799999,1476621.3232799992,450767.4872800002,10776.169980000015,19031.19368,185414.24135,100825.66141999999,319620.0640399999,188045.36707999997,387929.48206999985,216497.61816999997,510369.3841499998,266762.94418999995
2026-10-08T03:46:47.387395+00:00,obs-20261007-01,LIGHT,FILUSDT,1.0,1.0567,1.0568,1.05675,0.9463423866762355,9896200382,1.0567,1.0568,288,27,223667.33289999998,256591.30255399997,265846.928693,228571.8584679999,625.998617,223.37303800000004,91281.84161000002,85133.683498,174673.93303100005,166350.933285,236751.5932160001,263523.05442899995,306959.6235040001,346714.351598
2026-10-08T03:46:47.387395+00:00,obs-20261007-01,LIGHT,ALGOUSDT,1.0,0.1184,0.1185,0.11845,8.445945945945166,5664662324,0.1184,0.1185,121,0,14945.046199999993,36069.543500000014,11440.986599999997,35252.13339999999,0.0,0.0,53186.985700000005,30775.8283,115380.7784,67402.7703,154010.6701,95427.46420000002,181880.4968,109426.0621
2026-10-08T03:46:47.387395+00:00,obs-20261007-01,LIGHT,XRPUSDT,1.0,1.4193,1.4194,1.4193500000000001,0.7045726766707894,26679151211,1.4193,1.4194,379,43,2478527.5236300016,2556236.9144000006,2750505.43714,2310559.4596,4427.868259999999,8262.93034,1051422.12497,1145128.6612,1410551.1559000004,1453371.3865799995,2837808.14055,2423401.469809998,4280114.018069998,2621021.1722299983
2026-10-08T03:46:47.387395+00:00,obs-20261007-01,LIGHT,HBARUSDT,1.0,0.09306,0.09307,0.09306500000000001,1.0745755426611048,8393768690,0.09306,0.09307,290,20,219375.47824000005,252913.22889000023,244812.17012000008,227003.16400000008,2070.6804,2215.9184499999997,139966.28859,139566.07765,254259.47249000004,246752.40945000004,399020.0786100003,401633.9757500001,752123.3112800004,770166.4792900002
2026-10-08T03:47:47.387928+00:00,obs-20261007-01,LIGHT,PEPEUSDT,1.0,4.07e-06,4.08e-06,4.075e-06,24.57002457002533,8828125688,4.07e-06,4.08e-06,62,14,75270.47363039001,7970.4080293199995,80148.84442078002,9525.3513959,1928.5252794499997,1103.6790782399999,100119.75208202,92077.59934032,292837.72362252,287636.93547976,582376.57219735,541176.4818619799,1030116.9662930098,1532200.71369266
2026-10-08T03:47:47.387928+00:00,obs-20261007-01,LIGHT,BNBUSDT,1.0,770.21,770.22,770.215,0.12983472040151156,20911252338,770.21,770.22,327,68,613195.36437,2316075.878050001,589384.3529199995,2346332.7852499997,4818.4016599999995,2952.9995600000007,647553.0693199998,981502.5794299998,1383042.6373100004,1645237.3146300004,3416860.6298000007,3579827.5281000044,5874688.655860008,5131787.800919998
2026-10-08T03:47:47.387928+00:00,obs-20261007-01,LIGHT,AAVEUSDT,1.0,174.1,174.11,174.10500000000002,0.5743825387716228,10440458074,174.1,174.11,299,37,959113.025959999,435972.5752899999,1027175.323119999,465197.5264399998,1801.58118,651.3623,130521.20637999997,78528.90810999999,234693.41538999992,129651.26000000002,325847.21576999995,169083.4558400001,383287.99117,212451.04708000008
2026-10-08T03:47:47.387928+00:00,obs-20261007-01,LIGHT,AVAXUSDT,1.0,11.012,11.013,11.0125,0.908100254266575,10521468447,11.012,11.013,321,56,781325.9610799997,248981.87924999997,745795.9956100001,237469.04560999988,13133.8158,17814.39611,195966.74260999996,109596.45255000002,355149.95665000007,196782.94878000004,423459.44753999996,228010.45181,546885.0885199998,278281.35882999987
2026-10-08T03:47:47.387928+00:00,obs-20261007-01,LIGHT,FILUSDT,1.0,1.0571,1.0572,1.05715,0.9459842966608178,9896201562,1.0571,1.0572,218,21,109155.536308,90757.45200700003,104494.98787499996,101269.83921900003,472.56946399999987,731.491043,81040.498381,92467.530836,169744.29069299996,174081.78086199996,239880.09391100003,253033.29774799998,307585.74418800004,340190.06411
2026-10-08T03:47:47.387928+00:00,obs-20261007-01,LIGHT,ALGOUSDT,1.0,0.1184,0.1185,0.11845,8.445945945945166,5664662480,0.1184,0.1185,75,2,15480.693599999997,14570.3791,12864.751,14813.6544,70.5664,0.0,54125.8926,29541.6777,117373.7946,66377.26209999999,156626.6127,95184.1889,183969.00750000004,109182.78679999997
2026-10-08T03:47:47.387928+00:00,obs-20261007-01,LIGHT,XRPUSDT,1.0,1.4192,1.4193,1.41925,0.7046223224360659,26679153714,1.4192,1.4193,342,41,1357027.1854599994,1344424.269660001,1436860.27835,1237258.3891600014,34915.27953,10299.5694,947542.15784,1256946.1402,1311148.2865900006,1565357.90735,2759133.69312,2531019.9414699986,4172440.3223199993,2728501.016429999
2026-10-08T03:47:47.387928+00:00,obs-20261007-01,LIGHT,HBARUSDT,1.0,0.09304,0.09305,0.09304499999999999,1.0748065348242797,8393769399,0.09304,0.09305,203,7,63877.159230000005,99110.83866999998,222339.78151,260495.21560999996,630.85374,882.52099,132665.57813,118502.13548,209477.93352000005,195454.72407,240610.4253300001,234666.99884999997,276197.82234000025,262149.62014
2026-10-08T03:48:47.388217+00:00,obs-20261007-01,LIGHT,PEPEUSDT,1.0,4.07e-06,4.08e-06,4.075e-06,24.57002457002533,8828125880,4.07e-06,4.08e-06,97,12,93289.21506112,137364.72057177997,92348.45253242,136683.77878266998,958.94575249,1055.8785285600002,117325.77463178,88795.76254728,294624.11171702,288317.87079087,583317.33472605,541857.42365109,1027436.30640999,1532881.65548177
2026-10-08T03:48:47.388217+00:00,obs-20261007-01,LIGHT,BNBUSDT,1.0,770.21,770.22,770.215,0.12983472040151156,20911254405,770.21,770.22,344,69,983009.5448699996,2587365.9168700003,986134.9513199999,2656580.11342,948.0419400000001,3882.784899999999,666543.27921,912633.8345799999,1379670.7778500007,1576288.0444400003,3413735.223350001,3510613.331550004,5870293.282240006,5062605.318129999
2026-10-08T03:48:47.388217+00:00,obs-20261007-01,LIGHT,AAVEUSDT,1.0,174.26,174.27,174.265,0.5738551589584695,10440459979,174.26,174.27,264,27,549140.84306,287598.07985,530602.1442200001,284762.61879999994,1131.74578,3234.1762100000005,144608.01497000002,98889.73193999998,215887.89589,143724.29664,332096.63807000004,186391.46208000006,394402.72681000014,215393.25835000002
2026-10-08T03:48:47.388217+00:00,obs-20261007-01,LIGHT,AVAXUSDT,1.0,11.02,11.021,11.0205,0.9074410163356639,10521470853,11.02,11.021,321,74,881049.6068900005,309999.07035000017,863734.93997,342246.9928199999,1905.6773900000014,10487.051489999998,197591.30258999998,102227.04281000001,315866.15734999994,179179.26223999995,431510.80543999985,233543.5296099999,529254.6617699998,247059.47609999988
2026-10-08T03:48:47.388217+00:00,obs-20261007-01,LIGHT,FILUSDT,1.0,1.058,1.0581,1.0580500000000002,0.9451795841197708,9896203071,1.058,1.0581,256,91,118445.57910599993,82262.05018199998,93295.72637500004,108273.34519499996,1189.3469240000004,1076.5270449999998,69476.60808300001,84009.915243,172990.29535300005,168676.28909999994,256579.47074400008,232982.77814399992,331814.03350800026,320113.53015999997
2026-10-08T03:48:47.388217+00:00,obs-20261007-01,LIGHT,ALGOUSDT,1.0,0.1185,0.1186,0.11854999999999999,8.438818565401629,5664662698,0.1185,0.1186,85,2,30422.4889,26675.800800000005,20954.9284,27309.4361,0.0,527.8417,49267.738,31556.9825,110724.99649999998,69511.46759999999,157766.22509999998,94986.62069999998,190418.50610000003,108858.99089999996
2026-10-08T03:48:47.388217+00:00,obs-20261007-01,LIGHT,XRPUSDT,1.0,1.4194,1.4195,1.4194499999999999,0.7045230379043588,26679156746,1.4194,1.4195,349,61,1580232.7831200007,1587622.04046,1440587.9276300003,1838687.8421499988,18377.664740000004,37411.17279000001,1072914.31672,1121506.6741799994,1441754.4727000003,1346467.4448499985,2895901.06251,2282064.903399997,4295539.10402,2479193.6945599974
2026-10-08T03:48:47.388217+00:00,obs-20261007-01,LIGHT,HBARUSDT,1.0,0.09312,0.09313,0.093125,1.073883161513134,8393770547,0.09312,0.09313,244,17,687098.5020599999,271549.9226100002,490435.06749000016,137767.84147000004,449.4868,3227.04127,162851.52198999998,138379.5971,274320.67958,231032.68928000002,437156.09231000015,376151.8946800001,797003.9096400002,744497.09774
2026-10-08T03:49:47.388257+00:00,obs-20261007-01,LIGHT,PEPEUSDT,1.0,4.07e-06,4.08e-06,4.075e-06,24.57002457002533,8828125987,4.07e-06,4.08e-06,65,10,10764.611490669997,174.29805073999998,6911.930037640002,4018.3286599399994,0.0,933.5411647199999,127337.15790081,84951.73193808,298784.45806005,284473.84018167,587170.01617908,538013.39304189,1028353.1501239,1529029.14666601
2026-10-08T03:49:47.388257+00:00,obs-20261007-01,LIGHT,BNBUSDT,1.0,770.31,770.32,770.315,0.1298178655351201,20911257419,770.31,770.32,336,99,1814722.6611199998,2149679.5442800005,1846271.6644100002,2089959.3457899992,50097.41321999999,10260.533790000001,613268.0659199998,964843.6319399999,1317594.03373,1642884.6999600003,3381795.027700001,3590857.1537300055,5837755.575880007,5126169.117469999
2026-10-08T03:49:47.388257+00:00,obs-20261007-01,LIGHT,AAVEUSDT,1.0,174.12,174.13,174.125,0.5743165632887681,10440461386,174.12,174.13,222,33,329289.07086999976,229635.28644999993,349472.90038,208994.83958999996,7740.12392,1251.23923,122541.30267999998,102781.50030999997,225560.87173999992,151098.68906999996,315971.99766999995,192306.99409,378283.74487,235611.63746999996
2026-10-08T03:49:47.388257+00:00,obs-20261007-01,LIGHT,AVAXUSDT,1.0,11.023,11.024,11.023499999999999,0.907194048807014,10521473033,11.023,11.024,315,77,810754.0097499997,238584.60186,804685.7650299999,222872.25690999997,3720.456090000003,869.1177999999999,248623.82044999997,123300.28691,369868.03619999986,200534.8577799999,437149.9902299998,249734.44022999983,535835.4676299997,262915.7550799999
2026-10-08T03:49:47.388257+00:00,obs-20261007-01,LIGHT,FILUSDT,1.0,1.0588,1.0589,1.05885,0.9444654325641011,9896204609,1.0588,1.0589,293,77,206907.52006800004,108905.394729,180774.79154700003,135717.01348700002,1456.8076870000002,781.5120549999998,87048.72327999999,89833.954203,194085.27685400003,158171.26153899997,274030.4653270001,223677.518371,349918.66370500025,312892.886117
2026-10-08T03:49:47.388257+00:00,obs-20261007-01,LIGHT,ALGOUSDT,1.0,0.1186,0.1187,0.11865,8.43170320404818,5664663003,0.1186,0.1187,99,2,62297.11439999999,23889.238600000004,61301.3746,28861.27919999999,0.0,304.5648,61669.527700000006,35192.138600000006,110335.3768,70917.9569,156173.8819,90405.7271,182263.67220000006,113285.1402
2026-10-08T03:49:47.388257+00:00,obs-20261007-01,LIGHT,XRPUSDT,1.0,1.4195,1.4196,1.41955,0.7044734061278923,26679159344,1.4195,1.4196,338,43,1672039.1700800003,1329589.69206,1660691.0756599994,1315268.9985400003,17695.03452,15151.440889999998,1081232.6426899997,1163114.9583700001,1448886.83583,1482264.4494399992,2906505.1911099995,2296999.8644199977,4301927.55834,2494560.048379998
2026-10-08T03:49:47.388257+00:00,obs-20261007-01,LIGHT,HBARUSDT,1.0,0.09318,0.09319,0.09318499999999999,1.0731916720319035,8393771759,0.09318,0.09319,233,11,595159.0455899996,136445.49910999995,590697.6250499992,155510.17948,3949.48675,1425.15932,166127.69848,139671.05060999998,276056.15921,215514.78355999998,431873.1364900002,358059.32089000003,797378.1298900003,728127.0243299999
2026-10-08T03:50:47.392254+00:00,obs-20261007-01,LIGHT,PEPEUSDT,1.0,4.07e-06,4.08e-06,4.075e-06,24.57002457002533,8828126207,4.07e-06,4.08e-06,93,14,51196.59613363,106143.23203323,64305.03312079002,97508.80877948001,1258.66918903,1003.8631960799999,93328.31888567,113358.15556872,285605.56957819,293108.26343542,574061.57919192,546647.81629564,1040833.1088001899,1537661.9805861
2026-10-08T03:50:47.392254+00:00,obs-20261007-01,LIGHT,BNBUSDT,1.0,770.06,770.07,770.065,0.12986001090897759,20911261035,770.06,770.07,399,79,2355679.7913499987,2653372.4848399987,2315731.4401999996,2598518.55486,14684.977269999998,12610.076370000002,694746.1668899999,985172.9220999999,1588713.7648199997,1642300.78471,3425195.2108399994,3621510.1081500025,5875117.157670011,5176197.932329994
2026-10-08T03:50:47.392254+00:00,obs-20261007-01,LIGHT,AAVEUSDT,1.0,173.72,173.73,173.725,0.5756389592437294,10440465002,173.72,173.73,352,88,874699.8665799999,533790.6465399998,891847.8934699998,524694.68803,40777.554240000005,5302.596690000001,144641.61037,74189.29297,247287.32092,119654.40181000004,325109.54797999986,188874.72217999995,378689.57308999985,230801.02562000006
2026-10-08T03:50:47.392254+00:00,obs-20261007-01,LIGHT,AVAXUSDT,1.0,11.02,11.021,11.0205,0.9074410163356639,10521476498,11.02,11.021,337,99,1341986.185310001,323493.0286200003,1321928.8254200013,326849.9182500003,21023.795629999997,3386.1651799999995,232817.72573,114154.41820999997,371106.12108,191233.9664799999,457630.84492999996,245898.98492999986,556418.5973799998,259426.0539399999
2026-10-08T03:50:47.392254+00:00,obs-20261007-01,LIGHT,FILUSDT,1.0,1.0575,1.0576,1.05755,0.9456264775420387,9896207648,1.0575,1.0576,315,135,295994.3138849999,214757.08400400012,325312.8639650002,173705.85281300006,1685.226454000001,1901.7233380000002,75479.72073199999,88430.13950700001,177688.34184999994,164084.04422299998,252754.491448,251250.50107899992,324031.00012600014,333055.6655989999
2026-10-08T03:50:47.392254+00:00,obs-20261007-01,LIGHT,ALGOUSDT,1.0,0.1185,0.1186,0.11854999999999999,8.438818565401629,5664663309,0.1185,0.1186,92,1,64005.996499999994,22342.699999999997,73679.2937,15449.571399999999,73.8878,0.0,50852.5588,26264.981200000002,116474.759,71645.9072,149088.66770000002,96796.6541,180691.63490000006,110668.99679999998
2026-10-08T03:50:47.392254+00:00,obs-20261007-01,LIGHT,XRPUSDT,1.0,1.4174,1.4175,1.41745,0.7055171440661923,26679164614,1.4174,1.4175,375,70,4009947.772969998,4196623.251780002,4202446.07872,3966716.1245299974,18726.27645,19650.735739999996,1023610.0998900001,1291623.1667399995,1396921.9608499995,1582057.3864799992,2784730.7181700002,2521664.4414799986,4268944.01527,2701028.065359997
2026-10-08T03:50:47.392254+00:00,obs-20261007-01,LIGHT,HBARUSDT,1.0,0.09308,0.09309,0.093085,1.074344649765191,8393772979,0.09308,0.09309,232,8,292871.16464,209836.26077,328964.72895000025,172333.42260999995,1402.3721,533.21191,144012.68098999996,136634.00912,261727.50884999993,241042.67268999998,405581.2837900002,393608.46213999996,765866.5066700004,761036.0555299999
2026-10-08T03:51:47.398781+00:00,obs-20261007-01,LIGHT,PEPEUSDT,1.0,4.06e-06,4.07e-06,4.065e-06,24.630541871921707,8828126984,4.06e-06,4.07e-06,131,28,153069.16511792,728617.6920376195,175964.19866102998,532643.34000952,16831.51926533,3418.417295869999,144171.11844576002,85882.81644107,342835.30956051004,283421.95462811,626562.79335065,636421.1116690199,1060871.4830036599,1508621.43375809
2026-10-08T03:51:47.398781+00:00,obs-20261007-01,LIGHT,BNBUSDT,1.0,769.72,769.73,769.725,0.1299173725510805,20911266509,769.72,769.73,395,177,3541600.214509999,6259232.269860002,3398707.789640002,6203098.36637,199004.48487000001,19450.688039999994,1007742.6810099998,911659.48474,1550968.4219299995,1497242.9808200006,3571252.180219997,3500741.794650002,6030676.1710200105,5074796.084719993
2026-10-08T03:51:47.398781+00:00,obs-20261007-01,LIGHT,AAVEUSDT,1.0,173.82,173.83,173.825,0.5753077896675229,10440468345,173.82,173.83,338,144,821181.1603500004,458253.71507999994,824847.8990700003,453991.0142999999,21290.119779999994,9305.189990000004,122477.40462999998,96496.95651,253963.63893999998,143222.73048000003,302321.0191599998,195751.24092,373341.36192999984,235819.67410000012
2026-10-08T03:51:47.398781+00:00,obs-20261007-01,LIGHT,AVAXUSDT,1.0,11.011,11.012,11.0115,0.9081827263646147,10521479908,11.012,11.013,322,236,1372356.18745,320462.27923999995,1461128.2931799986,321741.04990000004,89217.53582999998,5272.75061,161033.846,90399.23352,318258.17382,174668.36229999995,378352.0866099999,206831.6510399999,508455.5328199999,256994.21904999996
2026-10-08T03:51:47.398781+00:00,obs-20261007-01,LIGHT,FILUSDT,1.0,1.0574,1.0575,1.05745,0.9457159069437004,9896209485,1.0574,1.0575,285,75,167369.03220799996,104801.55780099997,178878.59775400005,103759.15852099998,1082.3243980000002,2295.458433000001,63770.594591999994,87972.56415399999,174778.47293199998,164947.22459299996,241257.36307400002,248683.4059429999,312113.6906800002,333796.0256639998
2026-10-08T03:51:47.398781+00:00,obs-20261007-01,LIGHT,ALGOUSDT,1.0,0.1185,0.1186,0.11854999999999999,8.438818565401629,5664663757,0.1185,0.1186,123,0,54127.3858,34796.765100000004,57259.29339999999,34416.843700000005,0.0,0.0,35651.8934,32356.485800000002,113313.9837,72045.971,145956.76009999998,97176.5755,177448.04390000005,111048.85289999998
2026-10-08T03:51:47.398781+00:00,obs-20261007-01,LIGHT,XRPUSDT,1.0,1.4165,1.4166,1.41655,0.7059654076946309,26679171827,1.4165,1.4166,443,118,4725744.738330002,4346590.108479997,4551087.803459999,4757757.625529998,59952.79345,99551.41825999996,1114924.0498099998,933628.2836099998,2032890.3564400002,1436378.9157599995,3032834.83586,2110042.6214300003,4472631.158360002,2267063.83105
2026-10-08T03:51:47.398781+00:00,obs-20261007-01,LIGHT,HBARUSDT,1.0,0.093,0.09301,0.093005,1.0752688172033231,8393775113,0.093,0.09301,291,19,495929.1449,890867.6515600001,516516.8251000001,878188.5996200002,2119.0891300000003,2448.8706999999995,152116.60587000003,124674.57281,241167.12707,248043.14182,385906.9717000001,397134.5543599999,745344.6948400002,773104.52732
2026-10-08T03:52:47.399035+00:00,obs-20261007-01,LIGHT,PEPEUSDT,1.0,4.06e-06,4.07e-06,4.065e-06,24.630541871921707,8828127545,4.06e-06,4.07e-06,187,20,47765.62186368,319825.2950202099,62502.575789489994,299519.7523045001,4032.7745007199997,2025.92681005,136264.7375544,93095.2724317,327928.26322875,297763.41832762,611825.83942484,656726.6543847299,1046376.91589599,1526028.4937104401
2026-10-08T03:52:47.399035+00:00,obs-20261007-01,LIGHT,BNBUSDT,1.0,769.81,769.82,769.815,0.12990218365649397,20911271823,769.81,769.82,436,85,3546131.1667300025,3571012.83052,3872316.9304399993,3491024.261349997,9253.6183,12200.678200000004,823016.5889999998,901567.7167400003,1400323.5446500003,1667217.1085300003,3243493.4524299996,3755136.4257400017,5886658.4257300105,5157534.73102
2026-10-08T03:52:47.399035+00:00,obs-20261007-01,LIGHT,AAVEUSDT,1.0,173.8,173.81,173.805,0.5753739930947077,10440470879,173.8,173.81,302,150,568323.2509199999,332283.0750299999,569489.53168,332032.97847,15578.760710000002,25898.142970000008,120889.50677999998,91284.19057000002,250900.26547000004,134846.26515000002,301212.2104599998,193948.1522,372624.82965999976,234062.95784000013
2026-10-08T03:52:47.399035+00:00,obs-20261007-01,LIGHT,AVAXUSDT,1.0,11.007,11.008,11.0075,0.9085127646035751,10521484528,11.007,11.008,427,101,1888885.2321900013,454379.8715299999,1849343.3155200004,449286.37430999975,3621.830320000002,6589.768589999999,221650.36128000004,97870.99234,327963.0614200001,182624.02968000007,453356.49432999984,211851.97803,557959.0836199998,260727.90139999994
2026-10-08T03:52:47.399035+00:00,obs-20261007-01,LIGHT,FILUSDT,1.0,1.057,1.0571,1.0570499999999998,0.9460737937549979,9896212502,1.057,1.0571,331,117,443638.39803399995,213206.37065100006,422974.59671600006,225898.51379900007,3059.0365840000018,3550.5154489999995,54396.63445300001,93076.41407799999,147694.79494400005,164628.69097099995,266472.14706300007,233689.72939499994,336254.0248350002,322582.2558890001
2026-10-08T03:52:47.399035+00:00,obs-20261007-01,LIGHT,ALGOUSDT,1.0,0.1184,0.1185,0.11845,8.445945945945166,5664664468,0.1184,0.1185,151,2,76147.27840000001,54630.326899999985,77223.5427,52866.03680000001,109.75680000000001,0.0,57966.2821,28013.3419,117831.6969,66015.0091,151879.08299999998,97504.2262,178090.93850000002,112503.27629999998
2026-10-08T03:52:47.399035+00:00,obs-20261007-01,LIGHT,XRPUSDT,1.0,1.4161,1.4162,1.41615,0.7061648188688707,26679182047,1.4161,1.4162,511,142,6636579.827659997,6906873.469329999,6636071.761389994,6711621.585129996,68623.4752,72884.73099999999,990934.2504399999,1017657.67033,2044990.2508199995,1483406.8400299996,3034592.56095,2307809.960119998,4506694.255540002,2466182.491249997
2026-10-08T03:52:47.399035+00:00,obs-20261007-01,LIGHT,HBARUSDT,1.0,0.09296,0.09297,0.09296499999999999,1.0757314974174648,8393777966,0.09296,0.09297,387,40,804284.9009099999,1195873.5665099996,804632.7237100004,1182592.2306699997,15030.37074,5746.740589999999,153004.77453000002,139263.43829000002,248151.14870000002,217817.40003,385599.93168,408400.72474999994,760984.8467999999,776873.64994
2026-10-08T03:53:47.424043+00:00,obs-20261007-01,LIGHT,PEPEUSDT,1.0,4.06e-06,4.07e-06,4.065e-06,24.630541871921707,8828127867,4.06e-06,4.07e-06,121,14,91788.90579304002,135546.09545406,90067.88094639003,135681.62489334,1182.11761038,2896.16801551,146714.75504238,88049.71960994,330386.58649713,297322.83669458,613546.86427149,656591.1249454499,1048105.6862665599,1525894.2117815
2026-10-08T03:53:47.424043+00:00,obs-20261007-01,LIGHT,BNBUSDT,1.0,769.9,769.91,769.905,0.1298869983124007,20911276650,769.9,769.91,411,103,4802325.972569998,4275945.892549997,4525734.00293,4390006.033510002,3123.2079200000003,36737.309479999996,1001709.3555799999,775785.5239200001,1647811.7768899987,1554052.51824,3519859.064799997,3642604.2416300024,6219779.125280008,5044801.859940001
2026-10-08T03:53:47.424043+00:00,obs-20261007-01,LIGHT,AAVEUSDT,1.0,173.97,173.98,173.975,0.5748117491521931,10440472929,173.97,173.98,316,84,648442.6924500003,195211.30151999995,617462.8867699999,208918.61167999994,2677.9431300000006,7434.880629999998,129877.18782000002,88485.6537,240472.57986999996,144105.21778,328767.2666,182955.42189,393568.0820099999,222862.5202700001
2026-10-08T03:53:47.424043+00:00,obs-20261007-01,LIGHT,AVAXUSDT,1.0,11.018,11.019,11.0185,0.9076057360668521,10521488987,11.018,11.019,406,138,1660212.3899899991,428400.61045999976,1571247.5655799983,459144.67757999996,13477.818290000001,25474.12349,214953.69601999997,92353.06143,370006.54793999984,175390.81053999998,497600.7876099998,181978.19896999994,636992.9163699996,231460.37311999992
2026-10-08T03:53:47.424043+00:00,obs-20261007-01,LIGHT,FILUSDT,1.0,1.0593,1.0594,1.0593499999999998,0.9440196356091946,9896215031,1.0593,1.0594,312,60,338509.54267,182848.310587,275819.8737790001,229566.34279500003,605.9043310000001,2326.4389490000003,54440.382556,107824.264768,146355.69537,169328.833527,289648.444934,213852.88541200015,390593.28337800025,300746.98985600035
2026-10-08T03:53:47.424043+00:00,obs-20261007-01,LIGHT,ALGOUSDT,1.0,0.1184,0.1185,0.11845,8.445945945945166,5664665020,0.1184,0.1185,128,1,66761.3009,75310.9542,64040.21239999999,74027.1709,0.0,29.743499999999997,59959.4314,27466.9292,120181.9765,67099.4717,154600.1715,97474.1823,180312.75670000006,112473.23239999998
2026-10-08T03:53:47.424043+00:00,obs-20261007-01,LIGHT,XRPUSDT,1.0,1.4167,1.4168,1.41675,0.7058657443348437,26679189405,1.4167,1.4168,488,93,5243426.146649999,4564902.541819997,4810239.48412,4770478.563370001,64705.6219,24860.311050000008,1170007.1171699998,1000266.0617800002,2257537.9643399995,1565049.7415099994,3401805.5965799987,2106894.56659,4918427.938659999,2288469.4719499997
2026-10-08T03:53:47.424043+00:00,obs-20261007-01,LIGHT,HBARUSDT,1.0,0.09302,0.09303,0.093025,1.0750376263168882,8393780162,0.09302,0.09303,301,25,537842.7594500001,433268.68147000007,509162.9413999998,471235.2222400001,2312.19283,1694.7763799999998,148361.80123999997,128599.84931,275607.51308999996,227658.76345000003,414224.5095800001,372883.59550999996,790603.0635,738943.24613
2026-10-08T03:54:47.461809+00:00,obs-20261007-01,LIGHT,PEPEUSDT,1.0,4.06e-06,4.07e-06,4.065e-06,24.630541871921707,8828128687,4.06e-06,4.07e-06,146,41,41191.89509388,216333.71944728,67873.39140788,383464.22465717973,7702.6125891,8729.69803057,134387.90735552,19930.26255242,304440.94542257,215178.24591914,586865.36795749,489450.61973565,1035996.8874178499,1324051.1852738801
2026-10-08T03:54:47.461809+00:00,obs-20261007-01,LIGHT,BNBUSDT,1.0,770.04,770.05,770.045,0.12986338371989703,20911279280,770.04,770.05,389,90,1389976.6231299995,1406485.50599,1409956.8288099996,1385179.7452899995,6498.198269999999,9436.900100000003,797013.7643399999,927893.6429399999,1586925.8583999984,1565438.3685599999,3498705.750109996,3769925.893250002,6199013.868630008,5057908.622209995
2026-10-08T03:54:47.461809+00:00,obs-20261007-01,LIGHT,AAVEUSDT,1.0,173.95,173.96,173.95499999999998,0.5748778384595532,10440475605,173.95,173.96,305,116,543335.2654300001,427511.3684399998,517940.20366000023,419758.2147800001,22033.272810000006,8717.87642,155898.63020000004,89082.27184000003,265793.3411300001,139888.82857,354188.92352000007,190633.60803999993,418089.76675,230542.76131
2026-10-08T03:54:47.461809+00:00,obs-20261007-01,LIGHT,AVAXUSDT,1.0,11.007,11.008,11.0075,0.9085127646035751,10521493123,11.007,11.008,384,105,1473295.8328900002,451819.1213799997,1520044.10562,411700.13026,11492.799589999999,962.76305,219137.63771999994,108433.19452,366714.45723,189357.42589000004,497764.60670999973,221226.90202999994,601266.2426699994,270091.8935999998
2026-10-08T03:54:47.461809+00:00,obs-20261007-01,LIGHT,FILUSDT,1.0,1.0599,1.06,1.0599500000000002,0.9434852344569755,9896217178,1.0599,1.06,298,65,437599.113905,173143.69058899995,428202.55340999993,188193.62472399994,583.4906419999998,1064.266649,48529.110247000004,106309.98920000001,156488.625148,161890.110842,289161.72649500007,202707.24011500008,390976.4929610003,290786.9963700001
2026-10-08T03:54:47.461809+00:00,obs-20261007-01,LIGHT,ALGOUSDT,1.0,0.1185,0.1186,0.11854999999999999,8.438818565401629,5664665601,0.1185,0.1186,98,3,52690.31840000001,73942.96580000002,45621.7072,75004.2638,0.0,800.636,39465.363,28025.536,118636.7661,69834.44709999999,154670.19550000003,96535.69649999999,185671.21720000007,110407.97389999997
2026-10-08T03:54:47.461809+00:00,obs-20261007-01,LIGHT,XRPUSDT,1.0,1.4174,1.4175,1.41745,0.7055171440661923,26679195434,1.4174,1.4175,514,62,3955747.785440003,3908028.1325599975,3894011.3292199997,3950908.9811199997,23595.49037,18620.055180000003,1140694.3946699998,1054089.57653,1670971.9426299995,1373951.0297899994,3450820.326369999,2069857.3482999997,4967043.704749997,2249806.0808299985
2026-10-08T03:54:47.461809+00:00,obs-20261007-01,LIGHT,HBARUSDT,1.0,0.09306,0.09307,0.09306500000000001,1.0745755426611048,8393781732,0.09306,0.09307,250,20,636741.0287599997,311231.01797999995,635130.4180499997,320095.65259,10073.66401,949.21659,135730.88186999998,136057.21696999998,276905.5853,225861.73706999994,415782.15129000024,370573.67991999997,792168.7174100003,740145.61412
2026-10-08T03:55:47.480164+00:00,obs-20261007-01,LIGHT,PEPEUSDT,1.0,4.06e-06,4.07e-06,4.065e-06,24.630541871921707,8828129536,4.06e-06,4.07e-06,202,71,136495.16956018997,462078.9334818697,97491.11951809005,394748.7335600699,6219.5338720400005,7850.741750389999,136190.6659806,64565.73619122,306805.073928,268585.91182794,587569.63684216,550566.89043625,1037738.3262845201,1344672.6310246
2026-10-08T03:55:47.480164+00:00,obs-20261007-01,LIGHT,BNBUSDT,1.0,770.02,770.03,770.025,0.12986675670845216,20911282669,770.02,770.03,356,98,2544255.99948,2172543.42442,2377518.7135599996,2185757.34577,8451.014389999998,14454.478270000003,833615.91666,923520.06648,1601578.9205199995,1573170.9742299994,3665467.4305899977,3756687.084540002,6163725.10395001,5053858.401749997
2026-10-08T03:55:47.480164+00:00,obs-20261007-01,LIGHT,AAVEUSDT,1.0,173.9,173.91,173.905,0.5750431282347535,10440477548,173.9,173.91,259,61,628429.51303,274017.60008,678281.7223299996,263602.98602000007,7487.99348,6475.35587,115797.60753,94667.41584000003,221477.13733000003,142886.12447,304472.0605199999,198575.05685999995,373548.4632099999,240977.59213000006
2026-10-08T03:55:47.480164+00:00,obs-20261007-01,LIGHT,AVAXUSDT,1.0,11.003,11.004,11.003499999999999,0.90884304280614,10521497176,11.003,11.004,363,76,1468223.8130500005,482456.16352000006,1498798.3791200002,461627.2954999998,4455.82246,5389.069689999999,200196.78523000004,120258.41030999996,388996.01638000004,202368.62200000003,467359.9071499997,241971.40871,571882.6084299996,289788.10271
2026-10-08T03:55:47.480164+00:00,obs-20261007-01,LIGHT,FILUSDT,1.0,1.06,1.0601,1.06005,0.9433962264160378,9896219240,1.06,1.0601,308,62,298400.438951,164482.55707400007,293997.4055639999,157943.77136099993,1045.9146940000003,1807.7995930000002,64304.894217,104948.25306000002,158789.66010200002,167406.23155,289987.0299680001,209251.08976600005,385186.8368540004,295329.4819740001
2026-10-08T03:55:47.480164+00:00,obs-20261007-01,LIGHT,ALGOUSDT,1.0,0.1184,0.1185,0.11845,8.445945945945166,5664666317,0.1184,0.1185,108,8,151776.72569999998,64341.0585,155697.13799999998,61148.13300000001,297.9877,448.18549999999993,61282.5331,20208.418599999997,121973.5235,65038.8147,157748.3704,96978.1554,183378.47360000006,110976.63319999998
2026-10-08T03:55:47.480164+00:00,obs-20261007-01,LIGHT,XRPUSDT,1.0,1.417,1.4171,1.4170500000000001,0.70571630204741,26679201404,1.417,1.4171,453,77,3495986.610520001,4255177.3454599995,3791541.897050001,3783620.211810001,23285.69452,65299.66152,1038504.4815099998,1230931.8500700002,2116763.0338799995,1835352.66856,3162368.874179999,2541632.3026499986,4668514.95374,2721452.0852399976
2026-10-08T03:55:47.480164+00:00,obs-20261007-01,LIGHT,HBARUSDT,1.0,0.09303,0.09304,0.093035,1.0749220681494087,8393783050,0.09303,0.09304,215,9,365186.50802999985,165500.44251999995,382761.66743000003,152865.48028999995,547.2304,2705.7088200000003,126819.61140000001,130067.24339000002,260929.35283999998,232469.6077,398259.96089000016,376659.46676999994,776137.0649600001,752743.7473900001
2026-10-08T03:56:47.487598+00:00,obs-20261007-01,LIGHT,PEPEUSDT,1.0,4.06e-06,4.07e-06,4.065e-06,24.630541871921707,8828129730,4.06e-06,4.07e-06,114,12,6866.71480288,53097.00316765001,5533.742377560001,57360.43707343999,10.47129216,878.90959321,137587.09088992001,64203.130343,308138.04635332,264382.30866692,588902.60926748,546303.45653046,1039071.29870984,1366939.38112102
2026-10-08T03:56:47.487598+00:00,obs-20261007-01,LIGHT,BNBUSDT,1.0,770.12,770.13,770.125,0.12984989352204934,20911284912,770.12,770.13,405,68,1270926.7071999998,1215992.967380001,1223562.3679,1208544.1423900006,60908.024470000004,5061.86289,810968.81157,898382.8423799998,1594324.782179999,1566300.8880099996,3712377.3920199983,3767539.443440002,6203574.39195001,5058651.5943199955
2026-10-08T03:56:47.487598+00:00,obs-20261007-01,LIGHT,AAVEUSDT,1.0,173.94,173.95,173.945,0.5749108888108978,10440478497,173.94,173.95,235,17,759713.3962499998,79700.94587,717448.7789399999,83882.11703000004,2606.10486,1406.0904799999998,155267.47323000003,94869.85927000003,262108.818,142228.62534000006,346353.92324,196867.05094,401264.52438,236796.4209700001
2026-10-08T03:56:47.487598+00:00,obs-20261007-01,LIGHT,AVAXUSDT,1.0,10.996,10.997,10.996500000000001,0.9094216078575634,10521500132,10.996,10.997,320,105,1184016.2029700004,265146.83664999995,1178533.3618100004,265476.03785999987,9655.573299999996,7181.89834,213231.57305999997,124820.40250000001,397834.14468999987,208749.70164,473030.04477999965,241367.43407,585351.7908799995,285735.46902
2026-10-08T03:56:47.487598+00:00,obs-20261007-01,LIGHT,FILUSDT,1.0,1.0596,1.0597,1.05965,0.9437523593813779,9896219914,1.0596,1.0597,164,7,248007.42695499997,56302.337272,248042.22010600002,52523.97892000002,367.710117,386.447539,65921.842661,91954.19508499998,165968.57839000007,154573.52237499997,294330.19890400016,209363.084361,385252.3176510004,298432.1140460002
2026-10-08T03:56:47.487598+00:00,obs-20261007-01,LIGHT,ALGOUSDT,1.0,0.1184,0.1185,0.11845,8.445945945945166,5664666510,0.1184,0.1185,93,2,12511.867400000001,20857.186299999998,11123.75,22688.9661,210.3968,0.0,61584.736600000004,19198.5838,123732.12190000001,65099.4558,159136.48780000003,95146.37560000001,184766.59100000007,109144.85339999999
2026-10-08T03:56:47.487598+00:00,obs-20261007-01,LIGHT,XRPUSDT,1.0,1.4174,1.4175,1.41745,0.7055171440661923,26679204028,1.4174,1.4175,361,42,1468522.93661,1311873.0507100003,1273058.2815699994,1633154.9464900007,5259.378270000001,15174.71827,1098914.9651699997,1205695.99013,1602233.269549999,1525812.3051599995,3350729.6948799985,2221140.5428399984,4839565.226679998,2401594.379129997
2026-10-08T03:56:47.487598+00:00,obs-20261007-01,LIGHT,HBARUSDT,1.0,0.09306,0.09307,0.09306500000000001,1.0745755426611048,8393783754,0.09306,0.09307,165,3,171506.36022000006,98464.43492000003,147768.85497,112507.43853000001,18.604000000000003,1739.36139,143553.96076999998,128861.43736000001,283297.93755000003,219898.0135,421944.4971400002,369165.63853999996,799826.0812600002,738737.5727400001
2026-10-08T03:57:47.492517+00:00,obs-20261007-01,LIGHT,PEPEUSDT,1.0,4.06e-06,4.07e-06,4.065e-06,24.630541871921707,8828130441,4.06e-06,4.07e-06,133,83,149261.82256358006,473592.9668986901,117724.87459577002,449549.85669575987,3871.78130526,45216.904158039986,130805.98564796,57931.69109145,303375.98103011,235520.50465880998,576728.64845479,537771.2995803399,1026897.3391192299,1348410.97799137
2026-10-08T03:57:47.492517+00:00,obs-20261007-01,LIGHT,BNBUSDT,1.0,770.25,770.26,770.255,0.12982797792826517,20911286563,770.25,770.26,329,56,1767840.56712,1384850.2865499998,1792539.224869999,1407091.4382299997,677.02283,13667.35666,788061.9542700001,922521.0329300002,1581495.8693999997,1568852.1034899997,3684964.2416599984,3746549.857910003,6180206.3799200095,5041275.759429998
2026-10-08T03:57:47.492517+00:00,obs-20261007-01,LIGHT,AAVEUSDT,1.0,173.66,173.67,173.665,0.5758378440634537,10440480835,173.66,173.67,271,90,763220.67587,557904.9000100001,783002.4872100003,541018.06771,39301.65957,1226.7582699999998,166205.53605000005,85211.25538999998,278907.1451900001,145263.14972999998,345848.9317400001,207280.38129000002,395427.08279000013,248344.8226400001
2026-10-08T03:57:47.492517+00:00,obs-20261007-01,LIGHT,AVAXUSDT,1.0,11.006,11.007,11.006499999999999,0.9085953116483303,10521503905,11.006,11.007,319,131,1309844.7597300005,404492.19088000077,1294885.772579999,432851.62898000004,7094.029400000003,17198.897520000002,211508.53556999995,116761.16894999998,356593.6787399999,203591.73253000007,485489.1415299995,213367.13074000005,596086.887089999,261571.45183
2026-10-08T03:57:47.492517+00:00,obs-20261007-01,LIGHT,FILUSDT,1.0,1.0601,1.0602,1.0601500000000001,0.9433072351661131,9896220946,1.0601,1.0602,204,16,389351.40269700025,52037.53050499997,377063.48782900005,60945.936865,743.7856680000001,1484.0896810000002,74366.643023,98870.72726999997,159761.91552200002,159307.4492759999,302226.52917500003,204121.04175799995,397450.1701250003,290648.970109
2026-10-08T03:57:47.492517+00:00,obs-20261007-01,LIGHT,ALGOUSDT,1.0,0.1185,0.1186,0.11854999999999999,8.438818565401629,5664666674,0.1185,0.1186,74,3,18218.0889,13234.361399999996,12812.887400000003,12053.257700000002,320.9123,48.7035,41137.372,33027.9867,120798.7689,74501.8798,157543.10210000002,96763.54639999999,188998.02150000006,110635.82379999997
2026-10-08T03:57:47.492517+00:00,obs-20261007-01,LIGHT,XRPUSDT,1.0,1.4169,1.417,1.41695,0.7057661091103284,26679206389,1.4169,1.417,343,41,1049267.6321100006,1878344.44271,1226995.3109700002,1547128.1506399992,22367.913930000002,17025.251919999995,1058401.9686,1405981.0245799997,2346749.3642399996,1845461.6653099994,3180145.4093199987,2551995.8431199985,4673303.46838,2731782.792889998
2026-10-08T03:57:47.492517+00:00,obs-20261007-01,LIGHT,HBARUSDT,1.0,0.09304,0.09305,0.09304499999999999,1.0748065348242797,8393784814,0.09304,0.09305,195,8,414664.12788,172393.76002000005,422406.9718499998,159253.15525000007,1071.8805300000001,554.81231,138112.80122999995,127894.60979999999,276588.52012,231502.13930999994,414254.6221700002,376723.6433499999,793851.4594400002,751841.34855
2026-10-08T03:58:47.503948+00:00,obs-20261007-01,LIGHT,PEPEUSDT,1.0,4.06e-06,4.07e-06,4.065e-06,24.630541871921707,8828130657,4.06e-06,4.07e-06,124,15,130384.53913724002,86626.53973001998,130272.36039845001,46522.143710330005,71.58785256,1166.87182458,106812.55304006,97891.55433057,296080.89788471,284834.71255257,576840.82719358,577875.69560003,1028208.53485815,1352937.1749249198
2026-10-08T03:58:47.503948+00:00,obs-20261007-01,LIGHT,BNBUSDT,1.0,769.79,769.8,769.795,0.12990555865899367,20911291014,769.79,769.8,372,101,3823997.0062799994,3121609.9347999995,4052750.5556799984,3009238.8847399997,9947.24063,7641.310740000002,1006443.2141199999,827058.3414,1599210.29335,1566130.7407000007,3652689.278639997,3746377.5361800017,6135997.045450009,5146174.1191099975
2026-10-08T03:58:47.503948+00:00,obs-20261007-01,LIGHT,AAVEUSDT,1.0,173.53,173.54,173.535,0.5762692329858154,10440483318,173.53,173.54,318,71,610128.4073599996,397477.2113899999,618618.05994,376422.89008999994,16853.931950000006,2221.3036100000004,158725.11025,112662.70092,272093.2450000001,157512.81731999994,348634.54418,228079.41062999997,395783.0752000001,257578.3733800001
2026-10-08T03:58:47.503948+00:00,obs-20261007-01,LIGHT,AVAXUSDT,1.0,10.985,10.986,10.9855,0.9103322712800122,10521507610,10.985,10.986,346,140,1298586.4071499994,392427.02384999994,1328614.6420799997,368436.0696799998,20928.48581000003,18060.090050000003,240412.76227999994,107118.94148,374742.78018999996,195642.01172,465406.8978499997,235269.08544999993,575412.8105299994,280127.49339
2026-10-08T03:58:47.503948+00:00,obs-20261007-01,LIGHT,FILUSDT,1.0,1.0576,1.0577,1.0576500000000002,0.9455370650535144,9896223874,1.0576,1.0577,321,72,435041.06730800006,236583.84929900014,500056.61666200013,187034.56234499998,7601.032733,4873.839788000001,64354.79094600001,92936.39916299998,160874.17617900006,156699.51810299992,257657.64848600008,232127.9453139999,341118.8685120002,313719.008535
2026-10-08T03:58:47.503948+00:00,obs-20261007-01,LIGHT,ALGOUSDT,1.0,0.1183,0.1184,0.11835000000000001,8.453085376163294,5664666985,0.1183,0.1184,97,2,28656.4122,27988.3569,39253.9318,29663.7566,274.096,0.0,76505.07400000001,19195.7794,124921.91080000001,54685.73269999999,155240.98770000003,91934.28920000001,187646.4445,108337.8334
2026-10-08T03:58:47.503948+00:00,obs-20261007-01,LIGHT,XRPUSDT,1.0,1.416,1.4161,1.4160499999999998,0.7062146892655718,26679211106,1.416,1.4161,398,73,2900423.2364800014,3352152.91081,3070210.5761299995,3301267.9268500004,23335.31569,20847.427480000002,977292.7836699999,1264180.53925,1924557.76804,1774747.9457999996,3077934.66764,2601153.837919998,4548209.874760002,2758983.084389997
2026-10-08T03:58:47.503948+00:00,obs-20261007-01,LIGHT,HBARUSDT,1.0,0.09296,0.09297,0.09296499999999999,1.0757314974174648,8393786492,0.09296,0.09297,255,13,378435.51461999974,399740.49675000005,415051.25568,370932.6926799999,1037.8930000000003,2018.7473300000001,144194.64165000003,138831.098,241345.55300999997,211472.85464,377694.12126,402109.91683000006,753272.6274899999,780591.9493000002
2026-10-08T03:59:47.504894+00:00,obs-20261007-01,LIGHT,PEPEUSDT,1.0,4.06e-06,4.07e-06,4.065e-06,24.630541871921707,8828130978,4.06e-06,4.07e-06,150,13,114068.83724132004,160821.99155298993,145499.90535830005,154551.4232348999,32.00513022,1054.4850708699998,91736.14956786,122594.27331932,263904.78986901,296463.64242716,545409.7590766,584146.26391812,1015628.5804565698,1359207.7432430098
2026-10-08T03:59:47.504894+00:00,obs-20261007-01,LIGHT,BNBUSDT,1.0,769.66,769.67,769.665,0.12992750045404122,20911294541,769.66,769.67,373,76,3275787.8984899973,1460107.0027600008,3594252.2407999975,1482652.3590900002,49817.09082,7831.16744,884893.7536599998,780593.9009499996,1450864.2720800005,1544734.4207600001,3358098.3930099984,3548884.310500001,6062961.658560012,5124566.623619997
2026-10-08T03:59:47.504894+00:00,obs-20261007-01,LIGHT,AAVEUSDT,1.0,173.08,173.09,173.085,0.5777675063556309,10440490690,173.08,173.09,437,310,1168199.3602199997,1125903.6885699998,1205722.4658599994,1117766.5293600003,60278.562259999984,38704.45042,137390.65474,74118.44623999999,208705.23140000005,133151.58435,332701.7808,216382.91712999993,854796.7952599999,244252.0238800001
2026-10-08T03:59:47.504894+00:00,obs-20261007-01,LIGHT,AVAXUSDT,1.0,10.993,10.994,10.993500000000001,0.9096697898658412,10521510472,10.993,10.994,317,91,1126692.3026600007,248347.4104400001,1096681.8536499997,261829.12164999993,6902.888109999998,6278.565449999999,199681.21545000002,127288.2727,368516.9124599999,208047.17515000002,485828.46089999966,222875.53405999995,593042.5020699997,267306.06337
2026-10-08T03:59:47.504894+00:00,obs-20261007-01,LIGHT,FILUSDT,1.0,1.0579,1.058,1.05795,0.9452689290112559,9896225431,1.0579,1.058,273,46,259491.51005900014,96981.61172000003,251431.40940200005,113715.42080000004,233.68996099999998,1290.2351100000005,71042.992017,77552.77445699999,164374.936943,155322.27502,261995.53591600002,215296.15377899996,348202.010929,298875.717429
2026-10-08T03:59:47.504894+00:00,obs-20261007-01,LIGHT,ALGOUSDT,1.0,0.1183,0.1184,0.11835000000000001,8.453085376163294,5664667564,0.1183,0.1184,170,2,17664.428100000005,22910.275900000004,17052.243800000004,16642.885599999998,339.8759,0.0,64635.4391,25232.134700000002,113564.7113,67998.32329999999,155853.17200000002,98201.6795,188258.6288,113254.82009999998
2026-10-08T03:59:47.504894+00:00,obs-20261007-01,LIGHT,XRPUSDT,1.0,1.4168,1.4169,1.4168500000000002,0.70581592320762,26679215906,1.4168,1.4169,444,82,2342473.9793000016,2877994.032380002,2340597.1650500004,3350544.987570001,48706.554820000005,227350.72553000005,858060.4302800001,868817.4743599999,1900233.20653,1587605.849279999,3008732.6233099997,2129609.6405099975,4513529.613940002,2311004.2815399966
2026-10-08T03:59:47.504894+00:00,obs-20261007-01,LIGHT,HBARUSDT,1.0,0.09297,0.09298,0.092975,1.0756157900404517,8393787216,0.09297,0.09298,195,7,152469.50556999998,145993.7016,140045.87362,145731.73557999998,527.6042,1478.46576,134129.84107000002,138947.06381,237669.44415,249300.62123999995,390104.77556999994,403866.86475,765596.4028799998,770846.1357200001
2026-10-08T04:00:47.505161+00:00,obs-20261007-01,LIGHT,PEPEUSDT,1.0,4.06e-06,4.07e-06,4.065e-06,24.630541871921707,8828131641,4.06e-06,4.07e-06,178,15,291588.86403519,386180.97287679993,245128.40528246,307225.91208452,89.32000000000001,1216.46398093,124064.78714476,94982.59526965,294568.41984046,303094.11253933,591870.21782933,663101.3247104,1039223.3297648199,1518396.8873224098
2026-10-08T04:00:47.505161+00:00,obs-20261007-01,LIGHT,BNBUSDT,1.0,769.97,769.98,769.975,0.1298751899425632,20911300979,769.97,769.98,442,189,6033868.1771599995,4387732.039990002,6066081.552509998,4462202.584179997,22399.270630000006,7578.638830000001,794150.2788199998,903352.5544400002,1590103.836739999,1548910.578,3299523.896369997,3733279.9345500018,6129905.459430008,5030001.698019999
2026-10-08T04:00:47.505161+00:00,obs-20261007-01,LIGHT,AAVEUSDT,1.0,173.2,173.21,173.20499999999998,0.5773672055431334,10440495705,173.2,173.21,440,66,872612.517920001,553029.5472500001,858338.2407099998,555064.3511400004,12862.872440000003,13203.390820000006,183361.51343,85113.80344999999,259890.02041,140539.0963499999,339162.34568999975,217260.43846999988,865215.4197399999,241712.5866
2026-10-08T04:00:47.505161+00:00,obs-20261007-01,LIGHT,AVAXUSDT,1.0,10.989,10.99,10.9895,0.9100009099993756,10521517283,10.989,10.99,414,300,2459383.5119299996,629272.2977499999,2482758.3533700006,625787.0420400002,14361.401029999972,22840.649009999994,209628.46097999992,120328.68031000003,370446.0903699999,202997.63628,471915.13080999977,226052.74941999998,567992.2199099998,270709.3789900001
2026-10-08T04:00:47.505161+00:00,obs-20261007-01,LIGHT,FILUSDT,1.0,1.0592,1.0593,1.05925,0.944108761329332,9896228012,1.0592,1.0593,313,43,380950.62618299975,165890.02881999983,362364.47670799977,189272.84037100006,584.8369229999998,2709.465036999999,53394.05899099999,93974.56467299997,163092.935944,163357.3617239999,276633.5678210001,212819.05215799995,360229.0532950003,298435.01785199996
2026-10-08T04:00:47.505161+00:00,obs-20261007-01,LIGHT,ALGOUSDT,1.0,0.1184,0.1185,0.11845,8.445945945945166,5664668268,0.1184,0.1185,170,4,73502.02770000002,65257.982500000006,68667.3034,67017.1138,184.34879999999998,58.13440000000001,60659.1024,29569.6625,122091.88709999999,73489.9711,159391.07830000002,97809.935,185168.53810000003,111808.53289999998
2026-10-08T04:00:47.505161+00:00,obs-20261007-01,LIGHT,XRPUSDT,1.0,1.4174,1.4175,1.41745,0.7055171440661923,26679224736,1.4174,1.4175,495,117,6347199.94486,6848136.054849997,6087361.933129998,6800004.685869997,96665.65506,65473.746769999976,1047919.4241300003,1082605.5393599998,1580823.4625300004,1486741.9980499996,3260688.43965,2181851.655699998,4743901.685059997,2362300.3929499965
2026-10-08T04:00:47.505161+00:00,obs-20261007-01,LIGHT,HBARUSDT,1.0,0.09306,0.09307,0.09306500000000001,1.0745755426611048,8393789975,0.09306,0.09307,334,30,835559.1268700004,397311.2065899998,818181.0819600003,446276.06205999985,3341.27251,2790.4700299999986,125185.04647,127177.51762000001,264364.41315000004,223986.28080000004,397846.3514500001,362411.15793000004,782717.9122700001,731982.5160300002
2026-10-08T04:01:47.519993+00:00,obs-20261007-01,LIGHT,PEPEUSDT,1.0,4.06e-06,4.07e-06,4.065e-06,24.630541871921707,8828132096,4.06e-06,4.07e-06,154,14,210068.32124849997,317741.4000583502,218492.67321240998,293612.09014308016,0.0,1583.63111478,80154.50441838,139060.68944548,284095.54024413,327223.4224546,583445.8658654201,687230.6346256699,1045390.2474856201,1542518.44202436
2026-10-08T04:01:47.519993+00:00,obs-20261007-01,LIGHT,BNBUSDT,1.0,769.69,769.7,769.695,0.12992243630494116,20911307665,769.69,769.7,452,164,3627792.808499998,2902757.137630001,3603773.1067100023,2836633.6945600016,15150.741480000002,20580.225939999993,981295.7041299999,925768.1278099996,1628419.8057399995,1529948.0046199998,3349376.669909997,3541330.9230700005,6159216.8863800075,5092234.353829994
2026-10-08T04:01:47.519993+00:00,obs-20261007-01,LIGHT,AAVEUSDT,1.0,173.03,173.04,173.035,0.577934462231422,10440498710,173.03,173.04,342,80,542963.5023100004,348374.70541000017,554472.82845,323508.41887000005,14170.666770000005,3126.4941900000003,165238.08857999992,92437.71083999997,255522.1383699999,149048.37297999996,341286.75057,237275.87221999987,858380.7002,265431.3149699999
2026-10-08T04:01:47.519993+00:00,obs-20261007-01,LIGHT,AVAXUSDT,1.0,10.982,10.983,10.9825,0.910580950648221,10521523386,10.982,10.983,455,261,2331034.7153400006,703289.48146,2356335.9905499998,693651.6068300001,67086.86867999975,17842.856089999997,199135.44004000004,116271.55889,357321.62587999995,204527.97404999993,455528.5073,234184.98859999992,544504.1713399998,279343.64847000013
2026-10-08T04:01:47.519993+00:00,obs-20261007-01,LIGHT,FILUSDT,1.0,1.0587,1.0588,1.0587499999999999,0.9445546424857731,9896231342,1.0587,1.0588,344,63,507556.6817640004,247141.34608900006,495004.0555989998,232033.4520130001,1580.8309820000002,1618.1323430000004,68893.14716800001,95304.99717100001,167590.685789,161802.165649,288970.06090700027,224277.53638700003,376140.2894770004,307364.06431100005
2026-10-08T04:01:47.519993+00:00,obs-20261007-01,LIGHT,ALGOUSDT,1.0,0.1183,0.1184,0.11835000000000001,8.453085376163294,5664669087,0.1183,0.1184,141,4,107351.4778,79937.3773,113277.46709999998,73852.27519999999,384.475,39.1904,50818.0837,28381.1495,112492.8226,68833.2674,154761.907,101724.5363,187167.8057,117580.79089999999
2026-10-08T04:01:47.519993+00:00,obs-20261007-01,LIGHT,XRPUSDT,1.0,1.4157,1.4158,1.41575,0.7063643427285271,26679233151,1.4157,1.4158,535,148,5275612.258430001,4698322.96813,5529022.6188800065,4228196.385839999,220061.16212999995,64821.09877999999,940187.6231300002,1427337.8947,2064471.04561,1694199.1104099997,3099234.0379199996,2634650.374659999,4517685.720039998,2807538.7922199983
2026-10-08T04:01:47.519993+00:00,obs-20261007-01,LIGHT,HBARUSDT,1.0,0.09301,0.09302,0.093015,1.0751532093333793,8393792648,0.09301,0.09302,353,27,495037.0890399997,573203.7812399995,500302.76248999994,535467.1352699997,8055.374220000001,2787.9931999999994,142690.84521,143117.98102,257390.70269000003,253501.93519000002,392641.1062900001,393585.47493,772238.72253,769652.8230000001
2026-10-08T04:02:47.523991+00:00,obs-20261007-01,LIGHT,PEPEUSDT,1.0,4.05e-06,4.06e-06,4.055e-06,24.691358024691024,8828133034,4.05e-06,4.06e-06,202,31,650399.7625688798,369497.6889907,703957.7970958999,280031.7723109499,5782.566172799999,2682.26430203,111506.4727038,90249.73203428001,308813.45699372,287683.66511704,657137.98808736,644604.87854122,1064511.5619577002,1159043.88254917
2026-10-08T04:02:47.523991+00:00,obs-20261007-01,LIGHT,BNBUSDT,1.0,769.38,769.39,769.385,0.12997478489262804,20911313534,769.38,769.39,444,123,4754925.17548,4282469.177409998,4782767.81315,4235659.527150001,31867.019859999997,14032.120110000005,870871.8625500002,874612.4976599999,1613296.09986,1604274.58742,3338255.824039998,3554192.981330001,6199996.137920004,5038174.311839994
2026-10-08T04:02:47.523991+00:00,obs-20261007-01,LIGHT,AAVEUSDT,1.0,172.84,172.85,172.845,0.5785697755134045,10440505163,172.84,172.85,436,153,1119820.1990000005,614424.2635200003,1155488.2577100003,612807.2172399997,43779.3611,14372.111919999996,106052.26315000004,76595.03630999998,223005.94248000009,136422.34258,306851.4307100002,209276.07588000002,831390.9074800003,246349.96126000007
2026-10-08T04:02:47.523991+00:00,obs-20261007-01,LIGHT,AVAXUSDT,1.0,10.983,10.984,10.9835,0.9104980424279319,10521529364,10.983,10.984,456,158,2161070.2603599997,542957.4078299998,2089514.1935100008,587018.5881699994,7848.4547800000055,18093.708800000004,210576.89729,93599.99023000001,388834.9292699999,177942.85745999994,524893.01227,190128.9110399999,616040.3303899999,236508.20263999986
2026-10-08T04:02:47.523991+00:00,obs-20261007-01,LIGHT,FILUSDT,1.0,1.057,1.0571,1.0570499999999998,0.9460737937549979,9896234896,1.057,1.0571,382,54,397360.3066829999,237781.85464499987,453886.0038010002,194612.18663099996,1186.8883340000004,1612.486402,58697.675475,102904.626804,157248.769545,169891.11248699998,249330.66125,248351.45897799998,330817.7171390001,329341.31777999987
2026-10-08T04:02:47.523991+00:00,obs-20261007-01,LIGHT,ALGOUSDT,1.0,0.1182,0.1183,0.11825,8.460236886633776,5664670472,0.1182,0.1183,193,31,172736.12940000003,116215.66920000002,172477.24009999988,115560.09360000001,7128.089500000002,6350.7582,26428.871699999996,33945.256,94198.17120000001,69499.4534,157316.5418,94835.00140000001,191818.9536,109970.66729999999
2026-10-08T04:02:47.523991+00:00,obs-20261007-01,LIGHT,XRPUSDT,1.0,1.4143,1.4144,1.41435,0.7070635650152646,26679243491,1.4143,1.4144,556,177,6222416.560989997,6666957.200189998,6340193.418430001,6885661.519110001,137810.77787000002,150524.33174000002,848544.09746,1085172.0046899999,2128794.6878499994,1723177.09146,3032865.119229999,2408033.2065500016,4446125.361439997,2577416.5777700017
2026-10-08T04:02:47.523991+00:00,obs-20261007-01,LIGHT,HBARUSDT,1.0,0.09292,0.09293,0.09292500000000001,1.0761945759796276,8393795610,0.09292,0.09293,388,53,543669.33237,752449.0869399998,557679.8446300003,758987.5252400001,3438.6638300000004,8167.2354,123011.92127,117864.68748000001,228016.98042,228937.37177,384163.38142,384448.56263999996,868144.0774799999,750809.6028299999
2026-10-08T04:03:47.524162+00:00,obs-20261007-01,LIGHT,PEPEUSDT,1.0,4.05e-06,4.06e-06,4.055e-06,24.691358024691024,8828133417,4.05e-06,4.06e-06,138,14,145557.40620718,126612.99547811008,171569.35994618,115678.68356074003,0.0,1336.8342065400002,86469.15411315,111088.02547780001,282139.88515991,297928.09545887,631126.03434836,655539.1904585899,1042749.0485143401,1171184.95781734
2026-10-08T04:03:47.524162+00:00,obs-20261007-01,LIGHT,BNBUSDT,1.0,769.17,769.18,769.175,0.13001027081127603,20911316602,769.17,769.18,422,65,1655519.1899499998,1302192.2339799996,1621582.9835599994,1264877.3008999994,17321.624820000005,8928.97066,882846.2549700002,832678.7771999998,1631023.2941400008,1657264.1678400005,3757614.251109998,3415212.1130100014,6237780.403590005,5075603.748449997
2026-10-08T04:03:47.524162+00:00,obs-20261007-01,LIGHT,AAVEUSDT,1.0,172.72,172.73,172.725,0.5789717461790467,10440507291,172.72,172.73,329,35,597278.0915000001,426574.17993000045,600597.11229,405784.6413299999,5396.7698,748.8398500000001,132402.19481000002,89513.59339000001,246523.86277,148953.38902,304445.7097400001,226026.98986000003,824671.67152,266485.39439000003
2026-10-08T04:03:47.524162+00:00,obs-20261007-01,LIGHT,AVAXUSDT,1.0,10.974,10.975,10.974499999999999,0.9112447603421003,10521532693,10.974,10.975,371,68,1359920.0775700011,373453.82747999986,1420924.7926899993,329465.9898999999,20909.278979999992,15674.716740000002,218374.03698000003,109094.31973000002,367910.63791,191141.39899,467979.42371,234005.96650999994,579200.5181299997,278800.0270100001
2026-10-08T04:03:47.524162+00:00,obs-20261007-01,LIGHT,FILUSDT,1.0,1.0554,1.0555,1.05545,0.9475080538212666,9896237505,1.0554,1.0555,271,46,332324.56522299995,185539.45309,344758.1477250002,154999.01836000005,4815.021168,2900.2691600000003,89299.902706,99462.26279499997,198143.13721700004,165297.31316599998,258705.00936599998,270895.957581,323031.325748,351477.81533400004
2026-10-08T04:03:47.524162+00:00,obs-20261007-01,LIGHT,ALGOUSDT,1.0,0.1179,0.118,0.11795,8.481764206953457,5664671674,0.1179,0.118,171,22,226678.36990000002,122760.98870000003,241002.1556000001,111764.69369999999,1112.2051000000001,220.49269999999999,50367.3657,19486.300600000002,102125.5383,60492.042,154424.7601,95880.9344,186004.9098,110804.1895
2026-10-08T04:03:47.524162+00:00,obs-20261007-01,LIGHT,XRPUSDT,1.0,1.4132,1.4133,1.4132500000000001,0.7076139258410663,26679248275,1.4132,1.4133,436,92,2771330.927889998,3028787.447090002,2837312.94458,2789087.612839999,81464.31655000002,14247.019220000002,1521445.6275099998,1303070.4263300004,1807974.3615299996,1680757.2987299992,3775881.9138299976,2642256.3099100003,4418398.434089997,2815302.273910001
2026-10-08T04:03:47.524162+00:00,obs-20261007-01,LIGHT,HBARUSDT,1.0,0.09279,0.0928,0.09279499999999999,1.0777023386143725,8393797718,0.09279,0.0928,324,39,564615.2617900001,788668.1061300002,576560.0310700001,753109.3494600002,2927.7474600000005,967.01379,143549.59330000004,142801.69226,234567.29374,218186.43910000002,388422.90767,409165.12315000006,858832.75572,785056.3052
2026-10-08T04:04:47.587543+00:00,obs-20261007-01,LIGHT,PEPEUSDT,1.0,4.05e-06,4.06e-06,4.055e-06,24.691358024691024,8828134107,4.05e-06,4.06e-06,107,15,373033.91032077995,131875.15667941005,384351.3028725601,124596.56977824998,6637.3250283,1864.9515199,79283.72407635,145792.30341228002,271284.39346699003,396456.62195406004,619808.64179658,662817.77735975,1031507.9440066202,1177930.83775105
2026-10-08T04:04:47.587543+00:00,obs-20261007-01,LIGHT,BNBUSDT,1.0,769.0,769.01,769.005,0.13003901170316468,20911320343,769.0,769.01,414,81,4555525.629420003,4595961.765549999,4596534.418009999,4679476.636490001,25787.82559,6938.902259999999,967316.9125000006,902477.6944899999,1712700.5742400014,1704940.9759700005,3720811.8949799985,3329541.5392200006,6207785.352050007,4982414.424079994
2026-10-08T04:04:47.587543+00:00,obs-20261007-01,LIGHT,AAVEUSDT,1.0,172.81,172.82,172.815,0.5786702158427914,10440511235,172.81,172.82,375,73,636935.8211999999,668503.3962299998,642278.6944500001,672384.5425600002,6679.49192,6751.642499999999,130244.13835999997,94074.98236,233769.04958999995,146596.31996,298260.69609,222343.54924999998,814162.94856,259163.80249000006
2026-10-08T04:04:47.587543+00:00,obs-20261007-01,LIGHT,AVAXUSDT,1.0,10.971,10.972,10.971499999999999,0.9114939385646004,10521537173,10.971,10.972,390,181,1681349.7096199994,451772.08408999996,1718658.08205,434340.59651,66954.00918000001,16577.02782,202637.14865,123692.94400999999,349721.81101999996,224250.84655999995,431442.2670999999,251256.45798999997,559120.5277799998,296215.36787000013
2026-10-08T04:04:47.587543+00:00,obs-20261007-01,LIGHT,FILUSDT,1.0,1.0557,1.0558,1.0557500000000002,0.9472387989006847,9896240163,1.0557,1.0558,301,59,307039.72420899983,208257.69934000002,305823.4459189999,228661.54042,2435.819423,2430.293491,71280.448756,84515.77866000003,165847.66849300003,161540.11134700006,259703.66759600004,250508.25914700006,319839.71666100016,331205.9730910001
2026-10-08T04:04:47.587543+00:00,obs-20261007-01,LIGHT,ALGOUSDT,1.0,0.1177,0.1178,0.11775,8.49617672047609,5664672343,0.1177,0.1178,149,13,100323.49019999997,66960.95689999999,112372.01629999997,67548.67479999998,857.9571000000001,244.3172,67608.9546,15285.2541,114431.4386,49123.1312,145859.4372,88966.4912,181848.94839999994,106984.93150000002
2026-10-08T04:04:47.587543+00:00,obs-20261007-01,LIGHT,XRPUSDT,1.0,1.413,1.4131,1.4130500000000001,0.7077140835098916,26679252998,1.413,1.4131,445,104,2687641.9371799994,2474793.9207299994,2666386.0468899976,2653324.171459999,36463.294740000005,57062.02281999997,1509429.6925799996,1142651.2944600005,2105486.2980399993,1508499.4382499994,3809553.6728199986,2463995.8246099995,4429238.362459999,2637160.3586899997
2026-10-08T04:04:47.587543+00:00,obs-20261007-01,LIGHT,HBARUSDT,1.0,0.09273,0.09274,0.09273500000000001,1.0783996549124097,8393799489,0.09273,0.09274,284,60,319039.12241999997,701146.74935,319328.61025,685318.8699399997,4568.56662,2976.1398899999995,117521.19200999997,144506.36599,238575.18233999997,225354.77180000005,388194.39318,422317.24830000004,856316.13546,794851.8142299999
2026-10-08T04:05:47.587548+00:00,obs-20261007-01,LIGHT,PEPEUSDT,1.0,4.05e-06,4.06e-06,4.055e-06,24.691358024691024,8828134440,4.05e-06,4.06e-06,150,11,127492.43254800001,57973.768184179986,100277.05511756998,59727.32682235999,0.0,988.0824111200001,106495.65688410001,122081.98865198,299656.22514598,394741.41607368,647024.01922701,661064.21872157,1051318.09434065,1176667.35682807
2026-10-08T04:05:47.587548+00:00,obs-20261007-01,LIGHT,BNBUSDT,1.0,768.77,768.78,768.775,0.13007791667130064,20911323268,768.77,768.78,396,76,2528343.4758899994,3144621.306500001,2807301.1131700003,2729289.5687900023,30426.086550000004,11276.990819999999,954071.703840001,1052517.9192100004,1795186.7262300018,1734040.1749500001,3464089.6298999996,3469748.71632,6156434.152240007,5196358.252559984
2026-10-08T04:05:47.587548+00:00,obs-20261007-01,LIGHT,AAVEUSDT,1.0,172.91,172.92,172.915,0.5783355502853027,10440514004,172.91,172.92,352,42,519420.5613099998,427054.7164700001,510942.7302300004,430091.7868000001,5147.81187,3873.270220000001,133027.53287,94885.36141999999,195090.77247999984,154070.68972000002,306040.4295399999,221234.60222,819082.3129199998,257374.45473000008
2026-10-08T04:05:47.587548+00:00,obs-20261007-01,LIGHT,AVAXUSDT,1.0,10.972,10.973,10.9725,0.9114108640195795,10521540581,10.972,10.973,328,94,855371.2396399989,327829.86878000014,833683.2201799994,324525.99268,50338.545280000006,5933.49989,219804.01083000004,126390.74640999999,365081.12620999996,225542.05876999995,444278.9971099999,254560.33408999996,582033.3112999995,299519.2232100001
2026-10-08T04:05:47.587548+00:00,obs-20261007-01,LIGHT,FILUSDT,1.0,1.0559,1.056,1.0559500000000002,0.9470593806226724,9896243274,1.0559,1.056,300,119,400904.7458489998,257851.952847,395232.3967920001,267229.812709,3678.3045399999996,5633.466394999999,71102.530958,97622.924073,174171.81758299994,170287.49167900003,258335.38524999996,241217.64884500005,327732.6447660001,325066.5810420001
2026-10-08T04:05:47.587548+00:00,obs-20261007-01,LIGHT,ALGOUSDT,1.0,0.1178,0.1179,0.11785000000000001,8.48896434634927,5664672922,0.1178,0.1179,158,3,53182.197,80734.84930000002,50578.779900000016,77835.93609999996,91.884,475.2052,36299.8395,28014.3317,101771.3541,61914.4745,145962.2507,92265.24439999998,182740.1936,110409.8399
2026-10-08T04:05:47.587548+00:00,obs-20261007-01,LIGHT,XRPUSDT,1.0,1.4125,1.4126,1.41255,0.7079646017693619,26679258578,1.4125,1.4126,436,97,3484276.706250001,3539081.8504400016,3493550.6421700004,3612339.0292200004,22487.71915,76236.65133000001,1569187.7925000004,1052572.79977,2096070.4434900007,1548538.5800599994,3857337.66913,2391036.8285199995,4421253.8057200005,2562950.1111099995
2026-10-08T04:05:47.587548+00:00,obs-20261007-01,LIGHT,HBARUSDT,1.0,0.09271,0.09272,0.09271499999999999,1.0786322942513138,8393801007,0.09271,0.09272,309,26,335082.69328999985,263956.26055,325346.62233,272140.96893000003,2872.50151,1928.3892600000001,125671.24334000002,142595.63732,259231.77695000003,257928.1975,400571.99728,413612.16576999996,875953.9869199999,784429.6214299999
2026-10-08T04:06:47.598827+00:00,obs-20261007-01,LIGHT,PEPEUSDT,1.0,4.06e-06,4.07e-06,4.065e-06,24.630541871921707,8828135700,4.06e-06,4.07e-06,166,37,504875.31536634,626773.79909654,361075.52795359,712736.41793053,21034.80530517,8393.8711976,61365.445151780004,130379.25369062,245876.82703058003,380951.8533839,549612.24349568,665076.02469358,1039472.1738022901,1497041.56453136
2026-10-08T04:06:47.598827+00:00,obs-20261007-01,LIGHT,BNBUSDT,1.0,769.72,769.73,769.725,0.1299173725510805,20911328407,769.72,769.73,411,178,5588300.272089996,3506009.5006599994,5586781.91843,4130926.0696900003,461.4074900000001,231194.71935000003,753808.1327600001,774246.3617099996,1593610.8597400007,1459535.6588599994,3040734.6900299992,3309719.911320001,5891037.5626500035,4662455.189040002
2026-10-08T04:06:47.598827+00:00,obs-20261007-01,LIGHT,AAVEUSDT,1.0,173.3,173.31,173.305,0.5770340450084177,10440517699,173.3,173.31,377,55,819408.8554499996,690387.55681,791466.59035,744192.4724799998,2394.6613800000005,14378.38666,130558.17525999997,75626.0983,220048.93607999993,135366.26351,308194.4410099999,183700.64568999992,834976.5740999999,208360.34738000002
2026-10-08T04:06:47.598827+00:00,obs-20261007-01,LIGHT,AVAXUSDT,1.0,10.987,10.988,10.9875,0.9101665604793752,10521544656,10.987,10.988,353,91,1140330.1564699993,402415.95068,1106912.3142999995,452205.74573,27302.908669999997,44847.03813999999,194064.84668000002,121273.36419999998,352300.20439,196930.34900999992,473516.56745,206546.8574399999,591550.7986799997,251582.87975999992
2026-10-08T04:06:47.598827+00:00,obs-20261007-01,LIGHT,FILUSDT,1.0,1.0594,1.0595,1.05945,0.9439305267155973,9896246635,1.0594,1.0595,369,148,422641.6640520003,319160.7648399999,343980.2866739999,420182.94020599994,410.33312700000005,6480.445000999988,77101.06278100002,77911.93776700001,170255.317523,128810.84290600002,301765.642759,178568.52387100013,390831.0130200003,263408.96738400013
2026-10-08T04:06:47.598827+00:00,obs-20261007-01,LIGHT,ALGOUSDT,1.0,0.118,0.1181,0.11804999999999999,8.474576271186862,5664673743,0.118,0.1181,150,6,124521.77680000002,127685.73959999996,107871.1347,135270.86889999997,366.4514,1234.1582,42668.555,21640.5585,112907.48939999999,53069.0622,149946.5012,89803.4857,192297.75319999998,103367.85130000002
2026-10-08T04:06:47.598827+00:00,obs-20261007-01,LIGHT,XRPUSDT,1.0,1.4147,1.4148,1.4147500000000002,0.7068636460028088,26679265085,1.4147,1.4148,466,96,5094646.574680002,3692704.073709998,4602242.159559998,4130071.85096,12778.59299,92487.59633000001,1075297.82566,846807.2648599999,2243740.7000300004,1166895.42067,3454672.0522799995,1974828.8843299996,4882551.232959997,2134549.9381399998
2026-10-08T04:06:47.598827+00:00,obs-20261007-01,LIGHT,HBARUSDT,1.0,0.09289,0.0929,0.092895,1.0765421466252256,8393803164,0.09289,0.0929,303,29,765390.0264399999,308152.21650000004,718085.2095800001,396988.3259,92.47679,2758.4213799999998,143709.54324,111772.2918,265883.70653,195461.2581,436788.6330600001,334448.21601999993,919477.7604400001,705829.4683599998
2026-10-08T04:07:47.603909+00:00,obs-20261007-01,LIGHT,PEPEUSDT,1.0,4.06e-06,4.07e-06,4.065e-06,24.630541871921707,8828136893,4.06e-06,4.07e-06,203,20,599206.1589415302,499069.2445236103,565356.0020299499,470285.31625568995,1873.75846784,1316.8868372000002,79195.63541652,126660.75677013,253124.43436737,383347.71545949,555235.9079163601,675227.3930937999,1027613.5318351001,1507342.89208351
2026-10-08T04:07:47.603909+00:00,obs-20261007-01,LIGHT,BNBUSDT,1.0,769.22,769.23,769.225,0.13000182002453897,20911336177,769.22,769.23,455,197,6669931.083100003,5789227.972000001,6395137.3099500025,5423552.9065299975,59118.35551,5924.97875,832617.8504800008,832536.8046099999,1622739.4503100018,1557543.405339999,3728433.2069699997,3488401.34922,6224615.125420004,5387859.988429993
2026-10-08T04:07:47.603909+00:00,obs-20261007-01,LIGHT,AAVEUSDT,1.0,173.51,173.52,173.515,0.576335657889171,10440521912,173.51,173.52,414,76,749539.8497499999,658666.0604400004,740434.9624000004,659949.5377900001,1364.1287900000002,7073.26299,104123.75654000002,92166.2813,191413.30733,142595.33956999998,297262.31716999994,187470.23671999996,367038.6072200001,210505.7974700001
2026-10-08T04:07:47.603909+00:00,obs-20261007-01,LIGHT,AVAXUSDT,1.0,10.991,10.992,10.9915,0.9098353198089271,10521550320,10.991,10.992,412,139,1762994.2594399988,669551.2145999998,1784462.6259300006,677382.97059,7161.1968200000065,7733.857200000003,169928.53544,117472.98963999999,331031.8461799999,189534.56538999997,451316.30580999976,199025.3590399999,568854.3776399994,243840.72203999988
2026-10-08T04:07:47.603909+00:00,obs-20261007-01,LIGHT,FILUSDT,1.0,1.0594,1.0596,1.0594999999999999,1.8878610534289741,9896250594,1.0594,1.0596,362,129,369568.13937699946,431835.8177370003,381866.562433,394850.1038850001,2333.5821730000002,2096.8835770000023,71159.704219,101851.98325300001,155647.39348199993,155898.70121,289096.23202600004,215554.23772300006,372249.69210200035,298719.1173040002
2026-10-08T04:07:47.603909+00:00,obs-20261007-01,LIGHT,ALGOUSDT,1.0,0.1178,0.1179,0.11785000000000001,8.48896434634927,5664674679,0.1178,0.1179,189,2,124824.94499999996,156134.11359999998,130354.41530000002,148244.36870000002,1287.9396000000002,164.9857,47808.5242,15783.2082,117356.32530000001,46200.4296,153768.05980000002,91262.61839999999,185069.28770000004,109407.30720000001
2026-10-08T04:07:47.603909+00:00,obs-20261007-01,LIGHT,XRPUSDT,1.0,1.4149,1.415,1.4149500000000002,0.7067637288860062,26679274435,1.4149,1.415,522,114,7090672.929959998,7611462.4478699975,7273580.213570001,7303969.178860002,26141.82983,103437.21257999998,1212670.74313,1135896.0511100001,2226536.48535,1473779.1441999993,3270103.70739,2285571.160309999,4699696.017719998,2445362.3720299983
2026-10-08T04:07:47.603909+00:00,obs-20261007-01,LIGHT,HBARUSDT,1.0,0.0929,0.09291,0.092905,1.0764262648010892,8393805629,0.0929,0.09291,324,32,1012848.9659199999,929413.66078,1002649.5738600002,889133.8928899998,3355.4238700000005,2770.2652999999996,157106.51851,134059.36847999998,292830.44471999997,227261.22729000007,446988.02512000006,375698.84292,926769.0243500001,746109.23625
2026-10-08T04:08:47.605442+00:00,obs-20261007-01,LIGHT,PEPEUSDT,1.0,4.06e-06,4.07e-06,4.065e-06,24.630541871921707,8828137247,4.06e-06,4.07e-06,139,18,249439.61410829998,171267.6387801899,221471.02192722002,174259.52496103995,4134.32440218,2488.5316506599997,108313.66636076,97510.97042137,280629.68927231,301477.94431057,583204.5000974401,672235.5069129501,1042815.5211749601,1497609.7319153002
2026-10-08T04:08:47.605442+00:00,obs-20261007-01,LIGHT,BNBUSDT,1.0,769.4,769.41,769.405,0.1299714062907853,20911340316,769.4,769.41,375,115,3172962.1780800004,2248166.08549,3245956.2415899998,2194289.3653299995,12593.64606000001,5294.70791,747335.166770001,870041.4287399998,1502769.2679300017,1621648.7788999993,3482139.3548099985,3718463.62822,6072173.7306100065,5441790.059249988
2026-10-08T04:08:47.605442+00:00,obs-20261007-01,LIGHT,AAVEUSDT,1.0,173.43,173.44,173.435,0.5766015106956068,10440525125,173.43,173.44,392,55,610496.4326199995,320190.15557999996,617274.6357600002,297032.8638700001,2521.9967,6093.127600000001,125602.00692999999,96062.68899000001,209779.6711599999,154151.82885000002,296712.7972199998,210275.3472,824523.4021399998,233891.6427700001
2026-10-08T04:08:47.605442+00:00,obs-20261007-01,LIGHT,AVAXUSDT,1.0,11.001,11.002,11.0015,0.9090082719764858,10521556633,11.001,11.002,414,104,1998420.0724800006,710228.2313400003,1997401.00206,648034.1589599998,33101.15164000001,10927.767979999999,201312.61042,152372.32216,343843.09188,227278.0363699999,451603.3221299999,262165.3813299999,557910.9761399998,309135.46281999996
2026-10-08T04:08:47.605442+00:00,obs-20261007-01,LIGHT,FILUSDT,1.0,1.0599,1.0601,1.06,1.8869704689117306,9896253747,1.0599,1.0601,375,35,393417.94795400015,284743.5678320002,365830.76088700007,283896.3803349999,559.970575,5362.1559879999995,88901.96913399998,104288.94660699999,182615.97936299996,160626.51526499997,315701.6364900002,220391.61552399996,402719.6211670004,300610.49459200003
2026-10-08T04:08:47.605442+00:00,obs-20261007-01,LIGHT,ALGOUSDT,1.0,0.1179,0.118,0.11795,8.481764206953457,5664675150,0.1179,0.118,149,1,35069.690999999984,164722.4614,33105.78889999999,167705.70009999996,0.0,361.5993,37060.5217,21329.622199999998,92465.12640000001,51021.5016,153042.14359999998,93064.1031,185976.8136,106694.142
2026-10-08T04:08:47.605442+00:00,obs-20261007-01,LIGHT,XRPUSDT,1.0,1.4156,1.4157,1.4156499999999999,0.7064142413115704,26679280507,1.4156,1.4157,460,68,4462998.66356,4299134.749349999,4815791.26417,3971547.236660001,14969.105130000002,41358.26079999999,855653.59711,1397726.2612699997,1986971.5904900003,1783561.6026299992,2906379.69719,2620350.0851499997,4342003.948989999,2774809.6782399984
2026-10-08T04:08:47.605442+00:00,obs-20261007-01,LIGHT,HBARUSDT,1.0,0.09294,0.09295,0.092945,1.0759629868739573,8393807938,0.09294,0.09295,346,25,831146.2982399993,433317.84793000005,864833.4919300001,430966.4300700002,1774.13443,2176.4237,114330.38704000003,127208.85909999999,267078.67285,193889.64496,412052.3922400001,382662.8099899999,896304.6750300002,748631.5665399999
2026-10-08T04:09:47.606879+00:00,obs-20261007-01,LIGHT,PEPEUSDT,1.0,4.06e-06,4.07e-06,4.065e-06,24.630541871921707,8828137864,4.06e-06,4.07e-06,141,16,295992.8689338901,253551.88395460998,298781.27238628,245286.61444262,1445.5690331600001,1000.73860447,107256.41660412001,104662.69760012,278915.64371352,308041.79839795997,580416.0966450501,680500.77642494,1039685.4309844301,1528022.1900449698
2026-10-08T04:09:47.606879+00:00,obs-20261007-01,LIGHT,BNBUSDT,1.0,769.08,769.09,769.085,0.1300254849945226,20911345009,769.08,769.09,400,81,3348995.07375,3166914.652130001,3255232.451390002,3155637.65082,11320.410490000004,12629.573480000001,969338.7893800007,835865.8373399999,1646828.3746100012,1596622.5760299992,3833701.6327999975,3551291.3165899995,6321713.188160004,5440666.205519985
2026-10-08T04:09:47.606879+00:00,obs-20261007-01,LIGHT,AAVEUSDT,1.0,173.33,173.34,173.335,0.5769341718098175,10440528025,173.33,173.34,341,57,559187.3017400001,442545.5111299999,579784.1282300004,422327.08547,1129.11126,2508.923799999999,89939.58395,116719.45474999996,192521.59441,173174.70911,280243.15469,226138.52964999995,803358.1538000001,253361.83756000004
2026-10-08T04:09:47.606879+00:00,obs-20261007-01,LIGHT,AVAXUSDT,1.0,10.996,10.997,10.996500000000001,0.9094216078575634,10521562590,10.996,10.997,384,115,1874229.8379399986,630386.6402799997,1830750.5107000014,610987.7902400001,10980.492389999998,9050.647780000001,231146.05696999995,146279.63056000002,374311.08921999997,227862.45322,480219.81879999983,280804.2401099999,588778.8282999997,324946.07074
2026-10-08T04:09:47.606879+00:00,obs-20261007-01,LIGHT,FILUSDT,1.0,1.0598,1.0599,1.05985,0.9435742592933671,9896256737,1.0598,1.0599,350,44,327061.05880900024,304620.66274199984,345066.46881600027,296071.0575759999,705.941002,2904.192253,101665.93009499999,103402.922883,195337.77950599993,160376.78236999997,302460.0951030001,232429.30602,388483.37969500036,313227.8329250001
2026-10-08T04:09:47.606879+00:00,obs-20261007-01,LIGHT,ALGOUSDT,1.0,0.1178,0.1179,0.11785000000000001,8.48896434634927,5664675843,0.1178,0.1179,147,4,113437.9035,175984.02569999994,119866.16519999999,169444.28269999995,875.7959999999998,1242.4368,45199.797999999995,15976.7745,114208.44589999999,46970.8433,149367.30169999995,91791.24339999999,180579.80329999997,109935.93220000001
2026-10-08T04:09:47.606879+00:00,obs-20261007-01,LIGHT,XRPUSDT,1.0,1.4147,1.4148,1.4147500000000002,0.7068636460028088,26679287634,1.4147,1.4148,538,75,4953141.734589998,4396074.7606,4868834.447719997,4345746.647160002,16168.931709999999,55537.73936,974147.7274000001,1471240.0472199998,1941443.5085699996,1709136.667779999,3003279.454929999,2663256.6157499994,4502169.640869996,2823169.5895599993
2026-10-08T04:09:47.606879+00:00,obs-20261007-01,LIGHT,HBARUSDT,1.0,0.09288,0.09289,0.092885,1.0766580534027348,8393809941,0.09288,0.09289,325,22,427798.93573000026,365507.44424,406144.21531999984,350321.27060999995,1946.3326,1515.07991,168979.84101000003,122836.72872999999,285848.72424000007,197993.84341,435273.1587800002,392265.5753999999,918583.0176700002,763605.8009899998
2026-10-08T04:10:47.616944+00:00,obs-20261007-01,LIGHT,PEPEUSDT,1.0,4.06e-06,4.07e-06,4.065e-06,24.630541871921707,8828138229,4.06e-06,4.07e-06,151,12,100296.38773430999,125248.95877320998,108363.22532386001,266804.02853617,11.28681624,1173.2285500100002,129419.83796686001,41113.32282233,271178.32056631,254111.51373833,572349.2590555,538945.7066619799,1029344.65083519,1323574.24032063
2026-10-08T04:10:47.616944+00:00,obs-20261007-01,LIGHT,BNBUSDT,1.0,769.37,769.38,769.375,0.12997647425905257,20911350697,769.37,769.38,415,116,4224547.328779996,3200004.419459997,4494819.96098,3296024.4664100003,8940.09811,6313.75238,797530.5680700007,842212.0051399999,1539944.0099000016,1536266.6318699997,3408739.9126899987,3633417.50547,6240009.357800006,5360888.115439992
2026-10-08T04:10:47.616944+00:00,obs-20261007-01,LIGHT,AAVEUSDT,1.0,173.39,173.4,173.39499999999998,0.5767345290963455,10440530837,173.39,173.4,333,49,514875.52885000006,329268.3566499999,488196.68384,351629.6668600001,3816.2017,2639.74418,101767.70078000001,101985.86863000001,193032.26834000004,156626.39972999998,304400.6611299999,205696.30896999993,828136.2008400002,228743.74190000002
2026-10-08T04:10:47.616944+00:00,obs-20261007-01,LIGHT,AVAXUSDT,1.0,11.01,11.011,11.0105,0.9082652134417835,10521568708,11.01,11.011,414,96,2021978.4248300013,587170.66684,2009918.0620399998,651436.2127599998,1344.47725,11781.37966,159269.13452,141811.11387,308454.5374,198010.38465000008,450161.7074600001,217409.62647000005,599866.4467999998,266748.83401000005
2026-10-08T04:10:47.616944+00:00,obs-20261007-01,LIGHT,FILUSDT,1.0,1.0602,1.0604,1.0603,1.886436521409962,9896260219,1.0602,1.0604,368,36,501090.0678949997,306382.25408199994,505189.72417299997,321053.543273,2062.587482,979.347964,89660.74243700001,95446.69612300002,174672.16272199998,149900.035879,294094.01238499995,218107.18604700002,386028.6219,304040.6475580002
2026-10-08T04:10:47.616944+00:00,obs-20261007-01,LIGHT,ALGOUSDT,1.0,0.1179,0.118,0.11795,8.481764206953457,5664676804,0.1179,0.118,194,14,116307.54610000007,193817.89950000003,102463.09339999998,192517.58580000003,4964.6898999999985,1050.2912000000001,29731.177200000002,15293.715,109059.5441,60165.7525,158585.30769999998,93239.3345,193637.9936,106869.46670000002
2026-10-08T04:10:47.616944+00:00,obs-20261007-01,LIGHT,XRPUSDT,1.0,1.4151,1.4152,1.4151500000000001,0.706663840011057,26679293648,1.4151,1.4152,497,69,3500121.4855899997,3402329.362560002,3350199.1852000016,3809363.0164600024,19275.37836,69334.88651,975938.5955399998,1119029.2329599997,2085263.05658,1592217.4748799994,3150805.468489999,2258627.678249999,4654328.2717499975,2418110.504859998
2026-10-08T04:10:47.616944+00:00,obs-20261007-01,LIGHT,HBARUSDT,1.0,0.09289,0.0929,0.092895,1.0765421466252256,8393812156,0.09289,0.0929,327,20,367056.7699999999,710449.4056800001,368781.5984000001,723530.0493100004,1371.8465999999999,1636.2818,161568.23745,125956.32583999999,241538.5177,222426.15499999997,432848.6828300001,373364.68941999984,916858.1892700002,744745.9417599997
2026-10-08T04:11:47.625716+00:00,obs-20261007-01,LIGHT,PEPEUSDT,1.0,4.06e-06,4.07e-06,4.065e-06,24.630541871921707,8828138843,4.06e-06,4.07e-06,158,10,235926.93211075998,162775.60439372,278663.31192406005,117601.33093053,0.0,853.7259431800001,75333.77162584,110458.81528792,229157.92305168998,300635.74487152,529612.8792422,584119.98012517,1014581.0530791802,1361868.07254096
2026-10-08T04:11:47.625716+00:00,obs-20261007-01,LIGHT,BNBUSDT,1.0,768.88,768.89,768.885,0.13005930704412805,20911356696,768.88,768.89,429,120,2949876.0742899994,3397896.961000002,3120831.0218499997,3341502.9108000007,42361.92454,32599.86087,764980.2912999999,911120.2491800002,1438107.7187900008,1515038.9015099993,3396836.4620899973,3510446.7705599996,6089451.623220007,5399596.381819994
2026-10-08T04:11:47.625716+00:00,obs-20261007-01,LIGHT,AAVEUSDT,1.0,173.06,173.07,173.065,0.5778342771289857,10440534080,173.06,173.07,319,57,595448.7625599997,391826.1767399998,633114.7476099997,368315.5067900001,20392.84973,1889.71744,118059.60310000002,92460.84793000003,191849.44147000005,149461.37167000008,279277.0362999999,222763.5361700001,799895.13275,249439.80033000017
2026-10-08T04:11:47.625716+00:00,obs-20261007-01,LIGHT,AVAXUSDT,1.0,10.994,10.995,10.994499999999999,0.9095870474795653,10521575470,10.994,10.995,376,122,2004561.213349999,648917.7565700001,2043777.7379899998,605777.1159499998,38812.07312999999,10173.960260000005,146202.37507000004,127814.1829,321180.5872500001,204846.06604,453069.64369999996,259503.22089,560411.8184699997,306005.3720000001
2026-10-08T04:11:47.625716+00:00,obs-20261007-01,LIGHT,FILUSDT,1.0,1.0577,1.0579,1.0578,1.8908953389429328,9896263762,1.0577,1.0579,384,42,498046.6323699997,323957.91381699994,551308.3474049998,275353.16634800006,3155.399775,986.7080670000001,105951.526324,94600.749557,189634.76293600004,154253.08445599995,261174.7233720001,244757.93199899988,340010.575747,320508.06023000006
2026-10-08T04:11:47.625716+00:00,obs-20261007-01,LIGHT,ALGOUSDT,1.0,0.1179,0.118,0.11795,8.481764206953457,5664677775,0.1179,0.118,169,4,184851.72420000003,155012.4859,197608.77570000003,145375.64630000002,7.6635,256.683,40856.811799999996,23219.8976,110657.8473,69257.9541,144074.2886,102876.1741,181418.7657,116512.00630000001
2026-10-08T04:11:47.625716+00:00,obs-20261007-01,LIGHT,XRPUSDT,1.0,1.4137,1.4138,1.4137499999999998,0.7073636556542695,26679302027,1.4137,1.4138,514,142,5594367.6914399965,5589730.504729999,5514169.515239999,5502258.087860002,212879.49500999998,170775.64310000002,1049174.22979,1024703.9130899997,2054242.6167799998,1378946.576009999,4052162.635709999,2331002.2977399984,4764995.599649998,2502224.075539998
2026-10-08T04:11:47.625716+00:00,obs-20261007-01,LIGHT,HBARUSDT,1.0,0.09284,0.09285,0.09284500000000001,1.0771219302019297,8393814894,0.09284,0.09285,288,42,1225588.6295800004,782363.7513199999,1228481.47969,762004.7030699999,10216.31704,4179.828029999999,146607.46050000002,135058.9657,214302.38986,246591.10293000005,441423.42750000005,393607.16637000005,916474.6479200001,765058.75421
2026-10-08T04:12:47.625972+00:00,obs-20261007-01,LIGHT,PEPEUSDT,1.0,4.06e-06,4.07e-06,4.065e-06,24.630541871921707,8828140109,4.06e-06,4.07e-06,218,35,495223.82501569996,502692.32309351995,487137.19000555,382425.7991793,4697.1018340400005,5018.49678093,3198.29637162,145527.96253457,181373.86983747,396866.57933920994,512571.75012849004,691114.41330939,1009937.84890273,1546800.5874483099
2026-10-08T04:12:47.625972+00:00,obs-20261007-01,LIGHT,BNBUSDT,1.0,768.51,768.52,768.515,0.13012192424222135,20911362485,768.51,768.52,397,150,2785256.7281399984,3985261.05437,2797171.587119999,3952261.50485,24614.82555,8791.200089999998,701456.0707100001,812858.0665900005,1672880.2497000003,1577189.1237100004,3612288.8362499983,3456461.5038899975,6202779.0640500095,5170821.168139986
2026-10-08T04:12:47.625972+00:00,obs-20261007-01,LIGHT,AAVEUSDT,1.0,172.97,172.98,172.975,0.5781349366928978,10440536521,172.97,172.98,328,36,478323.26700999984,417697.4423200001,483709.6311899999,410743.4611899998,1423.13679,1962.2324599999997,115335.36983000001,90669.05999,192038.63838,146185.42088999998,275529.68995999993,226059.43425,794758.4007599999,252900.28925000003
2026-10-08T04:12:47.625972+00:00,obs-20261007-01,LIGHT,AVAXUSDT,1.0,10.991,10.992,10.9915,0.9098353198089271,10521581270,10.991,10.992,415,102,1973134.6659600004,557915.2983899999,1940082.5642399993,547968.2392000002,2553.9284299999986,8856.601859999999,187047.07481000002,129778.88846999998,390579.0667900001,212258.01149000006,486172.02880999993,268936.98743000004,596590.5756999997,317369.0543700001
2026-10-08T04:12:47.625972+00:00,obs-20261007-01,LIGHT,FILUSDT,1.0,1.0578,1.0579,1.0578500000000002,0.9453582907914537,9896266952,1.0578,1.0579,342,38,451462.7056560001,269411.20146,455683.10225299996,273356.37939400005,565.0794060000001,1012.1237439999998,83944.092269,82565.896947,193703.96347200006,153970.39696600003,256954.3267750001,240923.33346499997,339449.05647300003,318381.0382480002
2026-10-08T04:12:47.625972+00:00,obs-20261007-01,LIGHT,ALGOUSDT,1.0,0.1178,0.1179,0.11785000000000001,8.48896434634927,5664678404,0.1178,0.1179,170,20,101821.62139999999,71612.18550000004,101547.13909999999,84091.97690000002,4553.483300000001,0.0,37986.0904,21226.6218,105864.413,61758.2657,147102.19069999998,90137.4593,172788.97199999992,96927.77420000001
2026-10-08T04:12:47.625972+00:00,obs-20261007-01,LIGHT,XRPUSDT,1.0,1.4131,1.4132,1.41315,0.7076640011316471,26679309349,1.4131,1.4132,511,100,4714278.627530001,4967453.849669998,4888265.686739998,4748035.51563,82284.4425,26838.611340000003,1552262.5259199997,1192101.1698199997,1998028.7436799991,1707877.8672299993,3883181.790319998,2548271.501150001,4600423.811529997,2721143.2377000004
2026-10-08T04:12:47.625972+00:00,obs-20261007-01,LIGHT,HBARUSDT,1.0,0.0927,0.09271,0.09270500000000001,1.0787486515639877,8393817256,0.0927,0.09271,299,27,518949.0286800001,964370.7770299999,581261.9964600002,935071.7944800002,4037.62764,2430.97242,147324.28147,130339.97703,244443.44506,252634.51194000005,387235.34674,417071.10581,865311.45726,793139.25843
2026-10-08T04:13:47.627138+00:00,obs-20261007-01,LIGHT,PEPEUSDT,1.0,4.05e-06,4.06e-06,4.055e-06,24.691358024691024,8828140550,4.05e-06,4.06e-06,128,18,154153.17770751994,198770.54774745,95735.25425063001,96690.93234590997,8398.51406786,1172.8717602000002,124076.93963355,79132.08322152,371055.47828339005,287424.11379375,717916.75365122,650892.47492643,1126796.81025958,1172405.13131855
2026-10-08T04:13:47.627138+00:00,obs-20261007-01,LIGHT,BNBUSDT,1.0,768.45,768.46,768.455,0.1301320840663145,20911370102,768.45,768.46,483,139,3924626.8021300007,5495368.58403001,4186383.2271400006,5540227.831469997,33351.584279999995,38120.36815,642861.9257500002,715599.3643800005,1600541.26011,1512226.3746099994,3350775.1055599977,3387912.9966599974,6132943.970960009,5100793.738169991
2026-10-08T04:13:47.627138+00:00,obs-20261007-01,LIGHT,AAVEUSDT,1.0,172.91,172.92,172.915,0.5783355502853027,10440538537,172.91,172.92,332,21,424702.6469900001,213771.1743500001,433954.53261,202833.23597000007,2154.30814,708.6898299999999,108302.05748999999,107213.84147999997,183021.14846999996,155244.6535,266708.3615899999,223980.83377000006,785053.1474599998,262029.78434000007
2026-10-08T04:13:47.627138+00:00,obs-20261007-01,LIGHT,AVAXUSDT,1.0,10.983,10.984,10.9835,0.9104980424279319,10521585243,10.983,10.984,345,61,1529769.0408199986,371204.7064399997,1540653.9731099994,367815.2511199993,2264.8552400000003,14193.0217,217708.64706999995,145096.36844000002,388035.00656000007,223434.24302999995,477672.22764999996,269579.81727,587393.6290800001,320156.15757
2026-10-08T04:13:47.627138+00:00,obs-20261007-01,LIGHT,FILUSDT,1.0,1.0578,1.0579,1.0578500000000002,0.9453582907914537,9896268486,1.0578,1.0579,297,11,283517.37639,78089.5885,279489.18985900003,72027.07619999998,656.478463,300.64821700000005,74884.962425,91892.27873500003,180610.189858,159787.10428600002,260982.51330600007,246985.84576499998,342978.138203,324811.19867600006
2026-10-08T04:13:47.627138+00:00,obs-20261007-01,LIGHT,ALGOUSDT,1.0,0.1177,0.1178,0.11775,8.49617672047609,5664678892,0.1177,0.1178,161,3,75613.72150000004,98327.71789999999,72375.2853,89821.69209999997,182.8135,0.0,56669.79569999999,28098.675600000002,117786.06259999998,63225.956099999996,152596.13729999997,96435.55909999998,184011.72019999992,109922.52539999997
2026-10-08T04:13:47.627138+00:00,obs-20261007-01,LIGHT,XRPUSDT,1.0,1.4125,1.4126,1.41255,0.7079646017693619,26679314431,1.4125,1.4126,434,70,2927211.5984100034,2743641.0310900025,3031969.8801700003,2718201.3076200024,44017.37636,24022.726979999992,1484550.70159,1209999.60268,1938437.3151400003,1890987.7448399994,3847560.685720002,2573940.152210001,4500468.19644,2746192.93092
2026-10-08T04:13:47.627138+00:00,obs-20261007-01,LIGHT,HBARUSDT,1.0,0.0927,0.09271,0.09270500000000001,1.0787486515639877,8393819093,0.0927,0.09271,347,28,333941.9748099999,316866.36613000004,322602.9346600001,324874.8228300001,6882.6129900000005,2777.62257,152117.68721,135962.49906,256498.57424,248855.94916999998,398574.3868900001,409062.6491099999,876968.1359100002,784621.7489199998
2026-10-08T04:14:47.627319+00:00,obs-20261007-01,LIGHT,PEPEUSDT,1.0,4.05e-06,4.06e-06,4.055e-06,24.691358024691024,8828140723,4.05e-06,4.06e-06,79,11,87643.29029543,135814.7412768,173503.35394121002,222928.61543132,5.2134354,994.7209699,118177.14143070001,94894.71016732001,288096.8146933,294109.1759669,632056.69000544,563778.6007719099,1035871.0748367801,990233.54057381
2026-10-08T04:14:47.627319+00:00,obs-20261007-01,LIGHT,BNBUSDT,1.0,768.24,768.25,768.245,0.1301676559406495,20911374624,768.24,768.25,413,65,2773021.1976800007,3622464.6185999988,2804256.8527700016,3646209.133189999,23917.441830000003,4627.193670000001,811591.05596,864029.4798200001,1597419.1788399993,1451675.80106,3324983.669689997,3273199.506479997,6144628.220290006,5069741.9232999915
2026-10-08T04:14:47.627319+00:00,obs-20261007-01,LIGHT,AAVEUSDT,1.0,172.98,172.99,172.985,0.5781015146277824,10440540817,172.99,173.0,298,90,535895.8904299999,217998.59961999996,506089.1021700002,245990.91113,2781.3613299999997,24676.115499999996,105943.81544,88973.57151,186564.10546999992,143328.59558000002,293912.30750999996,209005.06111999997,806199.2889899997,234343.92396000001
2026-10-08T04:14:47.627319+00:00,obs-20261007-01,LIGHT,AVAXUSDT,1.0,10.985,10.986,10.9855,0.9103322712800122,10521588982,10.985,10.986,365,50,1338355.13275,291556.5659,1347015.4428799998,314320.23312999995,527.02699,4176.608759999999,180631.55841000003,141604.80954,343154.7099100001,219475.9528599999,467457.01002,247312.6497499999,578011.7497499998,297945.87063
2026-10-08T04:14:47.627319+00:00,obs-20261007-01,LIGHT,FILUSDT,1.0,1.056,1.0562,1.0561,1.8939393939398919,9896270947,1.056,1.0562,350,30,444577.934269,206224.27575299997,475935.0041969998,173675.92944399986,5948.553766,365.415985,86642.27798300002,76076.36370600002,170817.21478400004,148678.65628300005,257984.04879899998,250633.37344300002,328403.9052199999,350535.62379900005
2026-10-08T04:14:47.627319+00:00,obs-20261007-01,LIGHT,ALGOUSDT,1.0,0.1177,0.1178,0.11775,8.49617672047609,5664679405,0.1177,0.1178,132,4,67673.76469999999,65485.337599999984,71920.58790000001,69837.60689999998,69.4178,337.2105,33237.4646,18250.9637,87717.6637,56187.554299999996,148349.31410000002,92083.2898,179777.53329999998,105641.07469999998
2026-10-08T04:14:47.627319+00:00,obs-20261007-01,LIGHT,XRPUSDT,1.0,1.4126,1.4127,1.4126500000000002,0.707914483930594,26679319381,1.4126,1.4127,420,75,3250423.902080002,2797773.581939998,2954924.640950002,3198224.5152800023,45462.37658,85731.85534,1644184.71863,963701.7724199999,2058601.61081,1499381.3398500003,4114744.5236700005,2185959.715140001,4794796.464899998,2342612.3206900014
2026-10-08T04:14:47.627319+00:00,obs-20261007-01,LIGHT,HBARUSDT,1.0,0.09267,0.09268,0.09267500000000001,1.0790978741770374,8393820599,0.09267,0.09268,253,30,222690.57301999987,455346.8376100003,238419.26581000004,456993.42944000015,3334.4975299999996,3490.53241,138533.48367999998,129593.4044,240619.06,246311.27916000003,387550.55023000005,405931.8319,846820.5860700001,774697.63909
2026-10-08T04:15:47.638923+00:00,obs-20261007-01,LIGHT,PEPEUSDT,1.0,4.05e-06,4.06e-06,4.055e-06,24.691358024691024,8828141576,4.05e-06,4.06e-06,198,24,234716.59838075005,458414.9248485099,214454.99183511996,448367.9100598,5203.28131529,5766.86809809,135240.4610901,58816.023806260004,279544.5409763,260070.72968607,622298.38725249,549689.69119042,1046184.7709105801,990634.4915286598
2026-10-08T04:15:47.638923+00:00,obs-20261007-01,LIGHT,BNBUSDT,1.0,768.53,768.54,768.535,0.13011853798872153,20911379807,768.53,768.54,412,106,3977415.3909200015,2641343.7146299994,3998097.2620199984,2609089.0347400005,1808.5440599999997,10974.616109999999,627816.17949,870162.1367300004,1561869.94492,1535085.9221899996,3298128.7137699975,3396998.323629998,6085955.102080006,5113345.8093899945
2026-10-08T04:15:47.638923+00:00,obs-20261007-01,LIGHT,AAVEUSDT,1.0,173.0,173.01,173.005,0.578034682079398,10440544557,173.0,173.01,348,76,807635.4580699995,483465.94579000026,814647.7694999998,474761.7761400002,2108.3598699999993,5067.145490000002,97334.70658999996,91515.20562,195023.60599999988,146564.788,281809.6001899998,216276.24850999986,795635.3689999997,244617.2385999999
2026-10-08T04:15:47.638923+00:00,obs-20261007-01,LIGHT,AVAXUSDT,1.0,10.986,10.987,10.9865,0.9102494083368384,10521595086,10.986,10.987,430,183,1895338.0212199988,651180.8288899999,1991362.3081899995,679464.4015400001,11657.780479999981,4692.1786600000005,138102.34004,107417.12902000001,249709.6325,190332.23145999998,371432.72305,219036.73333999995,482923.82263000007,268853.8159599999
2026-10-08T04:15:47.638923+00:00,obs-20261007-01,LIGHT,FILUSDT,1.0,1.0558,1.0559,1.05585,0.9471490812651417,9896274106,1.0558,1.0559,356,40,521055.4250259993,281334.63718200015,532706.4229940001,271231.6204909999,1862.2621239999999,2201.2736820000005,93183.446167,83558.570533,185318.66366100003,159520.66778899997,249497.292146,257001.58427799994,316850.0755309999,336458.4483369999
2026-10-08T04:15:47.638923+00:00,obs-20261007-01,LIGHT,ALGOUSDT,1.0,0.1177,0.1178,0.11775,8.49617672047609,5664680206,0.1177,0.1178,179,4,111730.12789999999,60049.54950000001,108814.89310000002,56412.4944,347.95599999999996,274.7096,50760.8625,21817.009,101655.6904,58838.286400000005,149960.96089999998,95720.34490000003,180932.43579999995,109278.22320000002
2026-10-08T04:15:47.638923+00:00,obs-20261007-01,LIGHT,XRPUSDT,1.0,1.4136,1.4137,1.41365,0.7074136955287358,26679326781,1.4136,1.4137,488,99,4877677.7171399975,4536022.65651,4899477.123280002,4498643.758770001,19421.52796,25946.657999999992,929779.5520199998,1044884.98399,2045663.68557,1263198.5510500001,4044249.632119998,2227003.29746,4759010.894029997,2383424.35813
2026-10-08T04:15:47.638923+00:00,obs-20261007-01,LIGHT,HBARUSDT,1.0,0.09266,0.09267,0.092665,1.079214331964895,8393822449,0.09266,0.09267,283,17,446176.59085999976,256341.43334999995,451620.62372999964,242248.58911999993,1732.41779,1176.09171,149668.26618999997,136899.38694999996,243080.58175,260404.12338999996,382113.9483,419035.97933000006,847862.2451100001,788790.48332
2026-10-08T04:16:47.652443+00:00,obs-20261007-01,LIGHT,PEPEUSDT,1.0,4.05e-06,4.06e-06,4.055e-06,24.691358024691024,8828141864,4.05e-06,4.06e-06,128,15,174459.40473248,114640.73918874002,216436.95074555997,81897.38637904999,128.55204630000003,922.96539468,72883.87356825,126328.3173663,237066.99660384998,293046.63906051,580320.84123941,582433.04400011,1020704.40599568,1008889.2063834701
2026-10-08T04:16:47.652443+00:00,obs-20261007-01,LIGHT,BNBUSDT,1.0,768.15,768.16,768.155,0.13018290698330048,20911384072,768.15,768.16,396,106,1788920.5119700013,2254418.57363,1791542.7377300002,2229854.8045000006,6329.089579999996,15540.067879999999,803691.5916100002,841693.4390700001,1569670.73431,1502579.14026,3464899.6675799983,3323658.656379998,6121063.611550004,5124835.394079997
2026-10-08T04:16:47.652443+00:00,obs-20261007-01,LIGHT,AAVEUSDT,1.0,172.88,172.89,172.885,0.5784359092997349,10440546709,172.88,172.89,289,52,549032.2937699999,200103.33615000008,550518.9889900002,184912.17231,9701.735770000001,8782.21447,99090.15530999999,104941.09519000002,175982.35447000002,156487.67648000005,280909.62241999997,218212.22146000003,796385.28769,256361.10603999998
2026-10-08T04:16:47.652443+00:00,obs-20261007-01,LIGHT,AVAXUSDT,1.0,10.959,10.96,10.9595,0.9124920156966532,10521600723,10.959,10.96,385,128,2288183.2130500004,627389.4768599998,2246332.0412000003,583353.29934,21183.53851,37790.65083,140111.84294,130371.0708,311428.35724,216945.42161999992,446211.9697199998,261189.08448999986,561027.6062999996,306935.6215199999
2026-10-08T04:16:47.652443+00:00,obs-20261007-01,LIGHT,FILUSDT,1.0,1.0527,1.0528,1.05275,0.9499382540134604,9896278030,1.0529,1.0531,330,84,553602.5412919999,278440.91356500005,594657.0058060002,253060.574807,7797.648256999999,2122.115276,87206.28629299997,78368.34426399998,180284.746948,152702.61350599994,234303.07272899998,255330.97732000003,295683.13166499994,340286.8643770002
2026-10-08T04:16:47.652443+00:00,obs-20261007-01,LIGHT,ALGOUSDT,1.0,0.1176,0.1177,0.11765,8.503401360544505,5664680557,0.1176,0.1177,100,4,54952.87759999999,66449.33420000001,54987.10799999999,62356.41239999998,118.59119999999999,0.0,50587.2497,16685.0252,107707.0901,61109.481,151404.067,99560.2475,182321.59029999998,112922.9585
2026-10-08T04:16:47.652443+00:00,obs-20261007-01,LIGHT,XRPUSDT,1.0,1.412,1.4121,1.4120499999999998,0.7082152974513534,26679331481,1.412,1.4121,416,58,2594119.9383799993,3354902.142529999,2974400.266130002,2775726.5213300004,146764.97825,4083.7216300000005,1348003.54698,1529627.1596799998,1995936.7818700003,1834055.1275399996,3818687.6357399994,2803414.285620001,4404314.656249997,2960458.471250002
2026-10-08T04:16:47.652443+00:00,obs-20261007-01,LIGHT,HBARUSDT,1.0,0.09256,0.09257,0.09256500000000001,1.080380293863037,8393824366,0.09256,0.09257,266,57,721146.89972,507022.45448,714624.8635500001,510581.95664999995,3239.2770799999976,7374.351980000001,137098.43369000003,126224.38509000001,245299.64905000004,206074.82087000008,399326.1663200001,406165.7759,854586.6640100001,775500.5105699999
2026-10-08T04:17:47.652584+00:00,obs-20261007-01,LIGHT,PEPEUSDT,1.0,4.05e-06,4.06e-06,4.055e-06,24.691358024691024,8828144079,4.05e-06,4.06e-06,274,32,1171087.70975155,804483.1557667501,988710.11848417,679520.5768806399,15872.61887028,21623.591887819992,5178.63224745,168151.86110954,195596.12928429001,390861.66785413004,645606.27699899,666586.53164751,1095783.25944237,1128021.15462372
2026-10-08T04:17:47.652584+00:00,obs-20261007-01,LIGHT,BNBUSDT,1.0,768.04,768.05,768.045,0.13020155200216266,20911390714,768.04,768.05,514,137,4804854.518150006,3971379.264759998,4894283.010170003,3998141.784020003,40199.06967999999,3852.9350700000005,740202.4320500004,889723.4395199999,1628266.4621899994,1522853.74995,3478875.798759999,3296596.681719997,6239647.176730003,5091949.394159994
2026-10-08T04:17:47.652584+00:00,obs-20261007-01,LIGHT,AAVEUSDT,1.0,172.91,172.92,172.915,0.5783355502853027,10440549713,172.91,172.92,368,66,787175.7506899994,238957.29322000025,781506.5610400004,250032.69623000012,23058.652299999994,2502.7631300000003,101575.44271999998,90535.80849999998,159930.99240999998,142976.18965,286570.93870999996,207189.73353999993,802586.9087400001,245279.28557999988
2026-10-08T04:17:47.652584+00:00,obs-20261007-01,LIGHT,AVAXUSDT,1.0,10.885,10.886,10.8855,0.9186954524564861,10521625347,10.885,10.886,559,1725,4793439.271040003,1528513.5789899994,4802912.403110001,1490400.5890800005,276672.83089000033,178696.14535000004,153029.07393999997,121552.42969999998,315923.07099,184490.24140000003,506568.4388399999,259887.916,599061.2179899991,274375.1847899998
2026-10-08T04:17:47.652584+00:00,obs-20261007-01,LIGHT,FILUSDT,1.0,1.0513,1.0514,1.0513499999999998,0.9512032721392671,9896282200,1.0513,1.0514,450,169,540900.7508230002,262403.19128499983,554328.040056,254935.13065199996,22042.027353,8286.790621000004,65237.164624000005,78256.895214,159603.76994400003,145359.46066900002,237980.49908999997,256481.54775500004,283623.39196099987,334311.5927960002
2026-10-08T04:17:47.652584+00:00,obs-20261007-01,LIGHT,ALGOUSDT,1.0,0.1175,0.1177,0.1176,17.021276595745594,5664681701,0.1175,0.1177,236,6,150100.5333,119162.95400000001,155363.65999999995,117788.03990000008,195.0479,0.0,23008.439899999998,14017.8093,75143.60190000001,54905.7022,146140.9403,92435.02160000001,182231.11529999992,106173.7101
2026-10-08T04:17:47.652584+00:00,obs-20261007-01,LIGHT,XRPUSDT,1.0,1.4125,1.4126,1.41255,0.7079646017693619,26679338589,1.4125,1.4126,487,103,4856211.438720002,3977137.7710900027,4694279.701589998,4554322.420720002,69859.15301999998,14168.62443,1394039.6962099997,1012440.10835,1845045.3673399996,1542851.2873299997,3873486.3429000005,2227836.90432,4525886.611899997,2384626.325680001
2026-10-08T04:17:47.652584+00:00,obs-20261007-01,LIGHT,HBARUSDT,1.0,0.09259,0.0926,0.09259500000000001,1.0800302408453533,8393826864,0.09259,0.0926,335,61,485259.39009000006,417120.4564900003,439142.3029799998,435026.96155999997,2690.5460199999998,6443.673249999999,138790.27074,127748.15641,257555.66460999998,239464.54559999995,435797.13651000016,388266.8443299999,900644.9963000003,755338.4019699997
2026-10-08T04:18:47.652591+00:00,obs-20261007-01,LIGHT,PEPEUSDT,1.0,4.04e-06,4.05e-06,4.045e-06,24.752475247524774,8828145148,4.04e-06,4.05e-06,210,13,555793.2889183201,585114.5809812902,517391.1599040501,424867.35740641993,469.56242991000005,2504.15814256,124251.09391464,94714.4327202,372859.00284545,301681.21094652,749913.9631275199,656617.0512310499,1144334.26432489,1159094.15499799
2026-10-08T04:18:47.652591+00:00,obs-20261007-01,LIGHT,BNBUSDT,1.0,767.43,767.44,767.435,0.13030504411037924,20911397323,767.43,767.44,447,172,5422741.923620001,5089379.289260001,6246228.41676,4847280.306540002,110625.66067000001,16284.338599999997,705301.05872,854260.8824899998,1450593.5712000006,1485313.8432099996,3500332.5265200003,3256840.550279998,5503567.694090011,5124145.775829989
2026-10-08T04:18:47.652591+00:00,obs-20261007-01,LIGHT,AAVEUSDT,1.0,172.8,172.81,172.805,0.5787037037041642,10440552308,172.8,172.81,364,46,983379.4425599995,329948.79041999974,971916.9486699994,327691.86008,20622.05918,2284.92061,161917.2257700001,97123.38143000004,225497.03116000013,143145.42922000008,300875.0074500002,205002.21282000004,810943.1986100002,243755.84676000001
2026-10-08T04:18:47.652591+00:00,obs-20261007-01,LIGHT,AVAXUSDT,1.0,10.86,10.861,10.8605,0.9208103130764478,10521640910,10.86,10.861,521,758,5042229.322680002,1352467.196249999,5006211.345660001,1372839.15231,134197.11813000008,90226.47014000003,148653.09473,87543.7614,308862.32712000003,172207.35716,585677.3356700001,229004.08728000007,653946.2059199997,244248.95110000006
2026-10-08T04:18:47.652591+00:00,obs-20261007-01,LIGHT,FILUSDT,1.0,1.0487,1.0488,1.04875,0.9535615523970087,9896287480,1.0487,1.0488,423,144,677860.9275950006,419386.1114089998,736866.8219870008,405707.3065689999,11038.708308999996,11897.880342999999,44751.372598999995,74046.45312600001,110818.77662199998,159394.95699000004,204685.65853199997,253862.5905990001,259454.14307999986,334164.08891199995
2026-10-08T04:18:47.652591+00:00,obs-20261007-01,LIGHT,ALGOUSDT,1.0,0.1173,0.1175,0.1174,17.050298380221207,5664683261,0.1173,0.1175,232,25,237462.25710000002,128158.89879999997,276478.0563,123259.45860000007,4097.9382000000005,3643.0325,18268.5305,9202.4653,55060.770399999994,51460.936700000006,115159.62089999998,89407.93470000001,146360.1636,107220.0698
2026-10-08T04:18:47.652591+00:00,obs-20261007-01,LIGHT,XRPUSDT,1.0,1.4108,1.4109,1.41085,0.7088176920899691,26679346866,1.4108,1.4109,516,115,4417268.827660004,4430393.480899999,4550868.668520002,4369748.723260004,71339.98503000001,12346.10770000001,1379834.54727,1068744.67312,1897985.3749100002,1422397.8896400002,3919304.0519499998,2263174.16403,4425665.487889998,2430379.371480003
2026-10-08T04:18:47.652591+00:00,obs-20261007-01,LIGHT,HBARUSDT,1.0,0.09239,0.0924,0.092395,1.082368221667629,8393830644,0.09239,0.0924,356,133,903812.7428600005,1373018.1177599996,976404.9219799995,1341288.7763699994,34475.02251999999,6864.495080000001,106062.63508,136335.83685000002,213091.09954000008,237645.15020000003,375460.41482999997,409976.45209000004,845229.1702500003,769524.7676499999
2026-10-08T04:19:47.652831+00:00,obs-20261007-01,LIGHT,PEPEUSDT,1.0,4.04e-06,4.05e-06,4.045e-06,24.752475247524774,8828146234,4.04e-06,4.05e-06,203,18,487866.0725705201,501745.9301132298,364185.2846672001,453817.9380966499,8252.835800150002,2775.49338563,138984.84088552,79388.13322215,366442.12109529006,281985.15928225,764768.62944998,650648.97830035,1185229.88592778,1162617.42032775
2026-10-08T04:19:47.652831+00:00,obs-20261007-01,LIGHT,BNBUSDT,1.0,767.28,767.29,767.285,0.1303305181932224,20911403413,767.28,767.29,500,123,3063070.6336299973,2331659.18627,2859009.293029999,2477633.816660001,14675.088930000002,12252.696899999999,756294.5263999996,871914.7666300002,1599371.9761399995,1487476.9143599996,3707312.6116399975,2894393.9165499983,6006630.494720003,5208240.079429995
2026-10-08T04:19:47.652831+00:00,obs-20261007-01,LIGHT,AAVEUSDT,1.0,172.9,172.91,172.905,0.5783689994220964,10440554465,172.9,172.91,305,28,620410.1881899997,211639.3758900001,561217.0546200001,215862.48285999993,6004.500189999999,2029.8065700000002,160900.06061,96682.52199999998,243370.87352,151184.01840000006,357326.36411,204238.56053000002,879076.8489799999,242366.53336999993
2026-10-08T04:19:47.652831+00:00,obs-20261007-01,LIGHT,AVAXUSDT,1.0,10.85,10.851,10.8505,0.9216589861771318,10521650694,10.85,10.851,533,722,2198652.6222999995,849601.3056999999,2258953.1558,812186.1465899999,83803.8312800003,29065.48684000001,147421.47337,124612.80808,370649.57038999995,211755.86297999998,541234.7247400001,264646.3446199999,599767.8084599997,279943.2257799999
2026-10-08T04:19:47.652831+00:00,obs-20261007-01,LIGHT,FILUSDT,1.0,1.0505,1.0506,1.0505499999999999,0.9519276534986076,9896290701,1.0504,1.0506,405,51,405521.57331000007,298114.526667,312534.352979,341782.0767770004,3049.4654509999996,1536.4831759999997,82466.78739000001,91864.67653300002,160696.864288,163239.69293700007,279868.8310199999,222501.012056,355800.6753299999,300816.66621899983
2026-10-08T04:19:47.652831+00:00,obs-20261007-01,LIGHT,ALGOUSDT,1.0,0.1174,0.1175,0.11745,8.517887563883608,5664684187,0.1174,0.1175,161,4,140030.38190000004,116134.739,106210.35489999999,113861.09809999999,59.4044,834.8857999999999,36817.6427,22842.7569,100868.25649999999,65296.1052,148979.6479,97931.20259999999,179859.04109999997,109382.8197
2026-10-08T04:19:47.652831+00:00,obs-20261007-01,LIGHT,XRPUSDT,1.0,1.4103,1.4104,1.4103500000000002,0.7090689924127425,26679353963,1.4101,1.4102,497,103,3495268.5273500015,3917765.637249999,3648013.8442800003,3422766.2483499995,83797.17106,8218.79298,1236446.9388599999,1332358.1250599995,1796908.0413799994,1924805.8648499998,3775065.1166899996,2758875.8330000006,4279882.087630002,2924681.258390002
2026-10-08T04:19:47.652831+00:00,obs-20261007-01,LIGHT,HBARUSDT,1.0,0.09238,0.09239,0.092385,1.082485386447729,8393833028,0.09238,0.09239,323,29,709583.7694199997,339275.11392999993,674686.7998400002,339916.88066000026,549.94364,3541.24429,129436.61387999999,135858.48313,248110.6311599999,240581.27386,410385.00834999996,402517.64338,884607.2989300002,766984.8202799999
2026-10-08T04:20:47.653179+00:00,obs-20261007-01,LIGHT,PEPEUSDT,1.0,3.97e-06,3.98e-06,3.975e-06,25.188916876575096,8828161234,3.98e-06,3.99e-06,521,532,4872459.338629218,5009961.105161386,5826534.037024816,4197075.484886229,667059.2742277296,274104.72311651986,12534.82360306,31986.51222168,180281.31045694003,86449.78747296,441336.7912851101,287362.02249244996,885101.5127008101,624859.60208692
2026-10-08T04:20:47.653179+00:00,obs-20261007-01,LIGHT,BNBUSDT,1.0,762.57,762.58,762.575,0.1311355023148053,20911461526,763.57,763.58,570,1735,39096989.22947999,37475849.374909975,40632636.218900025,37777376.75189999,828003.5372899999,225376.7298,464295.0718500001,488606.30129000003,1605359.3609300004,755345.1463300003,3879850.666780001,1948176.4474400007,7195302.322650013,3463333.279849999
2026-10-08T04:20:47.653179+00:00,obs-20261007-01,LIGHT,AAVEUSDT,1.0,171.98,171.99,171.985,0.5814629608114075,10440579856,172.15,172.16,573,542,2279745.9858400016,1620100.0567300022,2474243.7778299996,1619015.0218799997,126422.14730000011,70402.49966999999,72833.87592,52120.946919999995,118008.10151000001,95303.26565999999,228299.50930000006,176672.16898999998,765981.4685999996,204246.64598999993
2026-10-08T04:20:47.653179+00:00,obs-20261007-01,LIGHT,AVAXUSDT,1.0,10.743,10.744,10.743500000000001,0.9308386856554662,10521696612,10.76,10.763,581,2524,6639913.199359998,3268451.215809999,6996365.184160007,3414019.2640599967,387987.0374200008,246954.91434999974,59728.60855000001,31537.199820000005,152931.02998,60016.44365000001,278273.7397299999,86233.43006000003,335460.5207200002,103617.57943000003
2026-10-08T04:20:47.653179+00:00,obs-20261007-01,LIGHT,FILUSDT,1.0,1.0383,1.0389,1.0386,5.778676683039219,9896318606,1.04,1.0405,576,1124,2171010.6604800015,1821502.9898850005,2328197.607149999,1795327.1786590011,100925.14217400002,100847.41660599994,37401.662793,67362.490683,98208.685431,117376.536128,207126.04616400003,161014.59218400004,278577.05225899996,229751.47876100006
2026-10-08T04:20:47.653179+00:00,obs-20261007-01,LIGHT,ALGOUSDT,1.0,0.1162,0.1163,0.11624999999999999,8.60585197934638,5664689501,0.1166,0.1167,454,79,574279.6087000003,456385.49439999985,688015.5932000006,441010.7733,25378.724000000006,9920.908300000001,22135.4518,8802.8191,47506.6317,24497.1651,89152.8425,53774.486699999994,123993.8464,77747.70790000001
2026-10-08T04:20:47.653179+00:00,obs-20261007-01,LIGHT,XRPUSDT,1.0,1.3929,1.393,1.39295,0.7179266278978247,26679443026,1.3959,1.396,585,4418,57687328.17295997,50206808.896980055,60116995.268879965,52030954.137999974,5257329.315410004,2857384.6348699974,310501.5820600001,117276.18745000001,598282.4378199999,151776.65885999997,1843359.8658699999,849999.3841799998,2444457.152480002,899288.6956599994
2026-10-08T04:20:47.653179+00:00,obs-20261007-01,LIGHT,HBARUSDT,1.0,0.09138,0.09139,0.091385,1.094331363535872,8393863794,0.0915,0.09151,572,1145,4758889.999270003,5369541.988200001,5055612.451200001,5527807.425669998,193629.0051899999,174306.15860000014,84213.19317,62306.40243999999,262165.30623000005,99223.57551999997,323138.05063000007,116896.14446,392692.25860999996,156182.13661000013
2026-10-08T04:21:47.673959+00:00,obs-20261007-01,LIGHT,PEPEUSDT,1.0,4e-06,4.01e-06,4.005e-06,24.999999999999467,8828169056,4e-06,4.01e-06,563,168,2965489.0496544917,2773676.8102206313,2177774.266763511,2638313.100552532,105974.41338657001,83880.19375731003,85350.43286,52151.81365814999,248015.63277869,242082.71215742998,575963.64770587,507716.84001616,1012479.2094451201,792657.8624232099
2026-10-08T04:21:47.673959+00:00,obs-20261007-01,LIGHT,BNBUSDT,1.0,764.8,764.81,764.805,0.13075313807453526,20911516656,764.8,764.81,622,1022,39992179.92329001,29637762.256590016,39642380.84493003,29012833.96920001,198231.77452999982,135175.99000999986,577296.1165,740209.3629399997,1069087.6789600006,1135925.9652999996,3333873.2307499996,2666908.30858,6599827.698250006,4238628.291299998
2026-10-08T04:21:47.673959+00:00,obs-20261007-01,LIGHT,AAVEUSDT,1.0,172.15,172.16,172.155,0.5808887598024448,10440605093,172.15,172.16,604,378,2665732.1175900027,1711699.1369099987,2631220.7550099995,1622275.5443500006,36911.08745000002,19775.787170000007,65979.30437000001,143134.67176000003,175839.55610000002,191118.27996,269800.25913,258869.66576000015,791304.08747,286836.43887000036
2026-10-08T04:21:47.673959+00:00,obs-20261007-01,LIGHT,AVAXUSDT,1.0,10.759,10.76,10.7595,0.9294544102611546,10521728066,10.759,10.76,607,1447,5689568.954469999,2237019.45233,5449522.790250001,2161704.198900003,158750.84810999988,70646.35658999997,161388.00175000002,90184.10394,302341.49226,135323.33044,463222.2460899999,163161.29480999993,538576.06244,178820.6066599999
2026-10-08T04:21:47.673959+00:00,obs-20261007-01,LIGHT,FILUSDT,1.0,1.0427,1.0431,1.0429,3.8361944950615623,9896336802,1.0428,1.0431,607,488,1887133.8861339993,1406931.5856719995,1786076.9372130004,1396367.489261001,22310.30028100001,12872.232128999993,71511.27091,60006.921248999985,138461.53121199994,134032.06115499994,245324.95710600002,198119.484237,289132.14594099985,219244.79411899997
2026-10-08T04:21:47.673959+00:00,obs-20261007-01,LIGHT,ALGOUSDT,1.0,0.1169,0.117,0.11695,8.554319931566301,5664692949,0.1169,0.117,465,44,412257.1501999999,320555.7649000001,338526.91239999986,314903.6549000001,3325.9005999999995,8305.2839,15713.571899999999,32424.4777,38050.7875,56994.278999999995,104499.3913,76613.28919999998,174662.74099999998,80475.28489999998
2026-10-08T04:21:47.673959+00:00,obs-20261007-01,LIGHT,XRPUSDT,1.0,1.4009,1.401,1.40095,0.7138268256112745,26679504114,1.4009,1.401,614,2054,43358602.312989965,27862568.878029995,42090490.73432997,27466974.66525001,675806.8002299995,813485.5022199969,1132294.02041,313856.69541,1686648.1673300003,640190.6755699998,2608170.9209000007,1415200.08515,3417200.782220002,1512311.8171000006
2026-10-08T04:21:47.673959+00:00,obs-20261007-01,LIGHT,HBARUSDT,1.0,0.09182,0.09183,0.09182499999999999,1.089087344805506,8393885201,0.09182,0.09183,600,382,2241105.2572199986,2291216.4380299994,2130559.201939997,2267388.201409997,22712.585230000004,29177.73283999998,94260.01847000001,131897.22405999998,191884.58591000002,173724.20682999998,406804.71956,200799.80954999995,536173.1303100002,264954.22624999995
2026-10-08T04:22:47.687331+00:00,obs-20261007-01,LIGHT,PEPEUSDT,1.0,4.01e-06,4.02e-06,4.015e-06,24.937655860348684,8828174048,4.01e-06,4.02e-06,482,69,1592966.275471489,1436599.8659565703,1492142.5612217197,1370302.93272035,17244.04301212,74535.37771325,64487.17938469,136002.24678144,202770.00930469,285987.52633815,448213.66145427,544167.50511828,865479.39369187,842495.30226213
2026-10-08T04:22:47.687331+00:00,obs-20261007-01,LIGHT,BNBUSDT,1.0,765.4,765.41,765.405,0.1306506401888008,20911543541,765.4,765.41,593,670,17495374.260610007,11922071.921840012,17072625.234060004,11817416.461500002,178422.19114999988,127312.04494,690100.8841099999,851862.2005900004,1433649.6315400004,1444780.0740800009,3642262.5274400013,2790037.8703300003,6014612.164510015,4693787.742279997
2026-10-08T04:22:47.687331+00:00,obs-20261007-01,LIGHT,AAVEUSDT,1.0,172.41,172.42,172.415,0.5800127602806349,10440621988,172.42,172.44,550,283,2917942.8977399967,1097657.9203000003,2889273.5584700005,1187834.6730600002,23235.262229999997,87445.93494999997,76755.95744,62765.24183000001,144094.90775,116003.31490000003,283254.7392499998,171108.77937000012,806803.0753600004,198288.27705000015
2026-10-08T04:22:47.687331+00:00,obs-20261007-01,LIGHT,AVAXUSDT,1.0,10.759,10.76,10.7595,0.9294544102611546,10521748626,10.759,10.76,574,1019,3848459.3390699974,1920472.5036599995,3903553.73881,1936918.6906899991,98046.3399399994,61822.457960000014,147524.54637999999,71485.71287000002,246333.90056000004,116466.85020999999,408190.07012999983,132043.05635999996,483888.73579999997,158442.86090999993
2026-10-08T04:22:47.687331+00:00,obs-20261007-01,LIGHT,FILUSDT,1.0,1.044,1.0442,1.0441,1.9157088122612187,9896345641,1.044,1.0442,517,160,832669.2081810002,777417.7500230005,795555.8031139991,782358.7822199996,9206.640631,4262.641946999999,65946.984003,78045.64095099998,153260.68735899997,138483.14651899997,261523.74938200007,196925.47966400004,314405.4385719999,223580.37237700008
2026-10-08T04:22:47.687331+00:00,obs-20261007-01,LIGHT,ALGOUSDT,1.0,0.1169,0.117,0.11695,8.554319931566301,5664695171,0.1169,0.117,345,19,219696.3211,260254.55890000027,202767.1005,245919.5459000001,1197.7529,3421.2122,19239.3505,18501.3422,41709.5473,52412.8072,104985.515,79897.4045,160461.51690000005,92018.66330000001
2026-10-08T04:22:47.687331+00:00,obs-20261007-01,LIGHT,XRPUSDT,1.0,1.4002,1.4003,1.40025,0.7141836880464325,26679536344,1.4002,1.4003,596,749,19777668.76892001,17321791.871420003,19686916.58161001,17166065.157150004,459823.4340500001,497464.9799000003,999351.41106,324371.56357,1566782.8922399993,759318.0669000001,2713282.14648,1467465.9476600005,3602727.546130002,1642246.798740001
2026-10-08T04:22:47.687331+00:00,obs-20261007-01,LIGHT,HBARUSDT,1.0,0.09195,0.09196,0.09195500000000001,1.0875475802052392,8393895840,0.09195,0.09196,522,233,1175624.8982599997,1279996.2808999997,1142011.43787,1275658.6419600009,5878.534320000002,17449.2405,112188.59719000001,128334.48061,219710.32722,191601.11185999995,404477.73353,225253.81534999987,507572.5677500002,272559.15642999986
2026-10-08T04:23:47.688188+00:00,obs-20261007-01,LIGHT,PEPEUSDT,1.0,4.01e-06,4.02e-06,4.015e-06,24.937655860348684,8828177622,4.01e-06,4.02e-06,399,53,1382494.7583908099,1716827.8152971307,1021836.0465797702,1559874.7930921006,26423.124918420002,11659.544693029997,74423.67718094,111814.28052485999,244206.10691693999,279589.79088147,618650.04400525,555040.52310916,959766.598565,857967.92547616
2026-10-08T04:23:47.688188+00:00,obs-20261007-01,LIGHT,BNBUSDT,1.0,765.67,765.68,765.675,0.13060456854674385,20911556641,765.67,765.68,551,272,8900040.920500003,6368412.685899999,8871539.513730006,6383883.572949994,89681.00062,20705.398730000008,677619.1203200002,811056.66125,1415155.2978300012,1415156.3666900003,3677816.760730001,2881324.2111500017,6187325.529270012,4683034.130820001
2026-10-08T04:23:47.688188+00:00,obs-20261007-01,LIGHT,AAVEUSDT,1.0,172.66,172.67,172.665,0.5791729410398183,10440632089,172.66,172.67,501,129,2373046.790489999,871077.9459599996,2340079.45542,873031.51733,14561.90844,6901.088479999999,79363.81172,75260.62557,146088.49513,138426.84725,279054.3300999999,176167.00575000004,802440.2988400001,215348.19793000002
2026-10-08T04:23:47.688188+00:00,obs-20261007-01,LIGHT,AVAXUSDT,1.0,10.764,10.765,10.7645,0.9290226681546443,10521764897,10.764,10.765,566,1034,3599170.6052399995,1253340.28356,3508379.3947499986,1247149.8504200007,93593.2758700008,45334.6296,153311.17101,73638.49602,348195.2530499999,118795.64732,498833.2375699998,136827.27623,574013.9966499996,156777.63773999995
2026-10-08T04:23:47.688188+00:00,obs-20261007-01,LIGHT,FILUSDT,1.0,1.0427,1.0429,1.0428,1.9180972475307811,9896351706,1.0427,1.0429,479,111,790959.1729389996,596242.8843239999,807971.4493710002,558079.7928870001,5537.960303,3807.6519239999993,63723.723228999996,69090.439449,157177.085719,153634.10194199998,248068.9326430001,230771.11579100002,316655.45687599963,275372.1563750001
2026-10-08T04:23:47.688188+00:00,obs-20261007-01,LIGHT,ALGOUSDT,1.0,0.1169,0.117,0.11695,8.554319931566301,5664696325,0.1169,0.117,246,8,154937.33740000002,137030.73249999998,125729.81259999998,136537.45120000007,5064.4053,1058.227,19164.2477,19683.5458,44979.0588,50393.67969999999,133655.5231,80279.55369999999,181557.4192,92453.68609999999
2026-10-08T04:23:47.688188+00:00,obs-20261007-01,LIGHT,XRPUSDT,1.0,1.4002,1.4003,1.40025,0.7141836880464325,26679553806,1.4002,1.4003,588,323,10260301.096290002,10447616.865040002,10385085.077909993,10349536.619089995,253967.89403000002,183684.43721999996,971447.98563,381113.4652600001,1530059.4764599998,770095.1655299999,2588213.4307999983,1566544.1602100004,3479821.910880001,1742275.5504900008
2026-10-08T04:23:47.688188+00:00,obs-20261007-01,LIGHT,HBARUSDT,1.0,0.09209,0.0921,0.09209500000000001,1.0858942339009303,8393903406,0.09209,0.0921,486,152,881858.3260500001,768747.2778799998,824816.6232499997,789650.7364200003,4681.620130000003,4551.836349999999,106362.38231,124938.90430000001,218901.97131999995,180203.96842999998,333834.54292999994,200948.73836,526443.54638,258128.07475999996
2026-10-08T04:24:47.689621+00:00,obs-20261007-01,LIGHT,PEPEUSDT,1.0,4.02e-06,4.03e-06,4.025e-06,24.875621890549926,8828180515,4.02e-06,4.03e-06,397,57,1407499.7992507706,763518.0303832798,1183500.4610656202,711320.4125683795,16293.332701420002,26147.207912429996,104858.99830271999,116649.88559523001,262007.50035703997,341105.56238075,622175.0715352199,615373.85037138,946272.0302213898,884699.42381196
2026-10-08T04:24:47.689621+00:00,obs-20261007-01,LIGHT,BNBUSDT,1.0,766.0,766.01,766.005,0.13054830287240193,20911568300,766.0,766.01,542,251,7864848.364309998,5626031.676890001,7679401.441529999,5618058.328379997,67860.27944000001,40742.270379999994,706196.3955899996,705923.4271600001,1421131.0038999992,1525825.8048999987,3852875.29272,2891718.7479700004,6386922.515050014,4716097.015709998
2026-10-08T04:24:47.689621+00:00,obs-20261007-01,LIGHT,AAVEUSDT,1.0,172.82,172.83,172.825,0.5786367318605379,10440639243,172.82,172.83,472,109,762704.5583400003,536943.7352999997,750828.0731400003,535392.1087699998,2760.6553400000003,3923.9848199999997,102871.90618,86260.68052000002,152327.21092000007,142626.67357000004,284760.67904,179948.19426000002,805155.6220899996,219242.58677000008
2026-10-08T04:24:47.689621+00:00,obs-20261007-01,LIGHT,AVAXUSDT,1.0,10.797,10.798,10.7975,0.9261831990370339,10521779248,10.797,10.798,565,676,3069739.2995100003,1238407.3883600004,3030079.253970001,1267567.3958899996,57075.594609999986,96748.38068000007,187940.86042999997,67136.87158,325165.50244000007,99995.58655000004,516572.25788999995,116777.57372000004,588616.6501499999,128472.38863000007
2026-10-08T04:24:47.689621+00:00,obs-20261007-01,LIGHT,FILUSDT,1.0,1.0455,1.0458,1.0456500000000002,2.869440459110084,9896356473,1.0455,1.0458,488,61,475963.859673,447198.2499689997,417690.918088,522208.2010869996,12753.715954,4471.688954,48534.03498800001,72107.391544,149538.72862300003,136321.84690799998,281176.53102700005,172329.444157,362966.1006349998,211421.58232899997
2026-10-08T04:24:47.689621+00:00,obs-20261007-01,LIGHT,ALGOUSDT,1.0,0.1171,0.1172,0.11715,8.53970964987294,5664697702,0.1171,0.1172,250,5,173864.53970000002,110591.33420000011,134894.96790000005,104399.04370000007,67.3325,1851.0854,26533.1881,23179.7529,55394.1602,55666.1855,138624.0753,87330.4893,179603.8634,99015.37849999998
2026-10-08T04:24:47.689621+00:00,obs-20261007-01,LIGHT,XRPUSDT,1.0,1.4023,1.4024,1.4023500000000002,0.7131141695793097,26679567855,1.4023,1.4024,560,197,7232551.3484100085,7711182.319699998,7164799.35008,7707838.243779999,95956.43480000002,185803.31163999997,1058991.06864,612300.2525200001,1749427.9875100001,786984.4512299995,2634103.44434,1585157.5788699994,3518429.2553699994,1782931.7052800003
2026-10-08T04:24:47.689621+00:00,obs-20261007-01,LIGHT,HBARUSDT,1.0,0.09213,0.09214,0.092135,1.0854227721690535,8393910642,0.09213,0.09214,485,79,884510.9250599992,743071.5002199999,862733.0894500002,768148.1711600006,4472.11137,4491.70657,142278.13509999998,95219.36121999999,269774.85584999993,153875.47576,334080.2518400002,180083.35356,527026.8545000001,234401.93649999998
2026-10-08T04:25:47.689660+00:00,obs-20261007-01,LIGHT,PEPEUSDT,1.0,4.03e-06,4.04e-06,4.035e-06,24.81389578163684,8828182730,4.03e-06,4.04e-06,372,28,935985.0378229505,995398.6495881703,810646.72607624,1209550.2733316,501.97428316,10353.644670020001,67555.99655740001,134912.76305524,241413.8749465,311349.99310729,617180.02920814,572890.41336822,1042234.04800354,841271.5563877899
2026-10-08T04:25:47.689660+00:00,obs-20261007-01,LIGHT,BNBUSDT,1.0,766.98,766.99,766.985,0.13038149625721474,20911586788,766.98,766.99,575,380,13641923.757890001,10956048.797909992,13764374.966519998,11223220.447339997,28652.392120000008,88424.12445,604856.2039799999,785982.7248600002,1283214.6140100004,1542816.80115,3403505.976890001,2888999.631499999,5270660.425470014,4685958.043239997
2026-10-08T04:25:47.689660+00:00,obs-20261007-01,LIGHT,AAVEUSDT,1.0,173.12,173.13,173.125,0.5776340110896783,10440647718,173.12,173.13,503,128,1183869.3115899996,764625.3619099994,1181408.4117800007,755002.8735000002,3318.97199,22719.68136000001,98139.04732000001,80907.91362999997,188686.72292000003,135440.71714999995,284242.8886,200361.75718999997,795600.9597000002,232406.69534000015
2026-10-08T04:25:47.689660+00:00,obs-20261007-01,LIGHT,AVAXUSDT,1.0,10.822,10.823,10.8225,0.9240436148605369,10521796019,10.822,10.823,579,758,2425199.3643999984,1580871.3468099993,2507076.797079999,1527671.5614299986,57511.11680999997,69523.92189999997,157967.48631,80420.03935,339301.80669,142644.01207000003,398965.32760999986,176887.43173,483594.0479499997,191542.08998999992
2026-10-08T04:25:47.689660+00:00,obs-20261007-01,LIGHT,FILUSDT,1.0,1.0481,1.0484,1.04825,2.86232229748995,9896364837,1.0481,1.0484,543,196,668799.1015890003,842825.3270549992,689395.1967859997,825057.0634390002,5250.623887999998,28225.843482000004,69206.61046199998,82807.031978,158817.99518099998,136479.20625299998,237960.95580200004,226439.16376200004,314842.85753400007,256724.69361400002
2026-10-08T04:25:47.689660+00:00,obs-20261007-01,LIGHT,ALGOUSDT,1.0,0.1173,0.1174,0.11735000000000001,8.525149190110604,5664699759,0.1173,0.1174,299,21,214129.66299999997,197966.66109999982,222336.99660000022,203315.4017,1921.739,7923.581099999999,31005.439,13412.51,88829.46870000001,49183.0426,115322.77110000001,81342.49510000001,145078.52269999997,86328.06950000001
2026-10-08T04:25:47.689660+00:00,obs-20261007-01,LIGHT,XRPUSDT,1.0,1.4032,1.4033,1.4032499999999999,0.7126567844917275,26679589374,1.4032,1.4033,587,340,13926029.179610005,17648197.702070013,14599959.61840999,17187506.493940007,182919.62608000002,469465.2244299998,859752.52909,950662.0742400002,1240766.31675,1214282.96149,1963090.2302999995,2058649.303790001,2719260.098039999,2260264.7718400024
2026-10-08T04:25:47.689660+00:00,obs-20261007-01,LIGHT,HBARUSDT,1.0,0.09228,0.09229,0.092285,1.0836584308626662,8393920517,0.09228,0.0923,514,144,1874762.868539998,1878920.015,1912171.3789499993,1841741.2491399993,3549.5763099999976,17250.98456,136777.55756000002,129203.50454,257091.57089,189704.3571700001,445857.0729800002,270672.35146000015,594717.6732900002,396845.6959100001
2026-10-08T04:26:47.691886+00:00,obs-20261007-01,LIGHT,PEPEUSDT,1.0,4.03e-06,4.04e-06,4.035e-06,24.81389578163684,8828184832,4.03e-06,4.04e-06,369,48,931788.1922013699,883393.55670557,877443.71899666,821575.3355470401,14506.064763560002,37417.04659717001,112696.46873303001,47395.80624032,339594.20650355,253145.95352747,639711.34442485,589553.92626219,965902.29512611,888475.9996473099
2026-10-08T04:26:47.691886+00:00,obs-20261007-01,LIGHT,BNBUSDT,1.0,767.48,767.49,767.485,0.13029655495877535,20911600605,767.48,767.49,561,264,9105167.26706,9343405.893149989,8557850.246550003,9066509.884429995,8828.681859999999,28346.83168999999,704524.16509,871555.73178,1290980.0485299993,1552878.22743,3651218.4845699994,3225704.3862599996,5841318.402090007,5139599.870409996
2026-10-08T04:26:47.691886+00:00,obs-20261007-01,LIGHT,AAVEUSDT,1.0,173.24,173.25,173.245,0.5772338951737233,10440655718,173.24,173.25,516,119,995711.7943599996,588256.9752500003,1037441.5384300008,604576.5186000005,8318.82922,4972.406879999999,90493.04816000002,73592.39066000002,156765.70504000006,119833.51766999997,233854.40621000004,189445.85826000012,755604.6614400005,216859.64520000023
2026-10-08T04:26:47.691886+00:00,obs-20261007-01,LIGHT,AVAXUSDT,1.0,10.831,10.832,10.8315,0.9232757824784166,10521811198,10.831,10.832,570,749,2583340.952739998,1404194.4046399998,2617818.8647800004,1395865.48665,54131.043959999966,46246.70874999999,144064.1259,80739.93335,330668.0472100001,152630.37534000003,373989.2836700001,185315.57271,438656.2364999999,201738.29323999997
2026-10-08T04:26:47.691886+00:00,obs-20261007-01,LIGHT,FILUSDT,1.0,1.0484,1.0485,1.0484499999999999,0.9538344143456001,9896371809,1.0484,1.0485,507,105,593831.9182019996,690638.6143110001,615107.476573,703139.2233980001,2046.5227610000002,1988.507906,56884.166947,66510.775326,148267.81318899998,127050.871035,204127.19175899998,216480.18903300006,290407.862821,242654.398064
2026-10-08T04:26:47.691886+00:00,obs-20261007-01,LIGHT,ALGOUSDT,1.0,0.1175,0.1176,0.11754999999999999,8.510638297871687,5664701385,0.1175,0.1176,295,9,189136.0156,157607.39810000008,160964.23060000004,155024.17320000005,619.675,351.25350000000003,21374.3707,19060.0893,85081.4166,53528.6108,130006.56869999999,84767.4125,169595.0816,101286.95770000003
2026-10-08T04:26:47.691886+00:00,obs-20261007-01,LIGHT,XRPUSDT,1.0,1.4058,1.4059,1.40585,0.7113387395074611,26679609353,1.4058,1.4059,584,260,13880670.114049993,13928458.19792001,13616835.412630005,13948010.678790003,55145.06944999997,132271.48501,1059245.70093,1000961.29796,1576941.3768399998,1349989.6187600002,2200679.57365,2081489.6165399984,2976791.1646199995,2257974.3914799993
2026-10-08T04:26:47.691886+00:00,obs-20261007-01,LIGHT,HBARUSDT,1.0,0.09237,0.09238,0.092375,1.082602576594205,8393928820,0.09237,0.09238,541,103,2214445.89403,1127900.8607700004,1886002.0153000006,1148604.5544700008,2948.3414300000004,7139.290549999999,147621.73077000005,130944.23229000001,284728.2395700001,218065.33079999997,435895.8025600001,362035.3646399999,909903.9138600001,728026.2515199999
2026-10-08T04:27:47.694435+00:00,obs-20261007-01,LIGHT,PEPEUSDT,1.0,4.04e-06,4.05e-06,4.045e-06,24.752475247524774,8828186251,4.04e-06,4.05e-06,328,19,622619.4841697293,979307.2277428798,391628.7469827,1011361.8777836201,945.0899744799999,1074.00026589,116488.15344592,81310.2440454,428438.9476468101,308579.78768794,691430.70709188,635245.77130961,1071416.15162957,1058755.37327848
2026-10-08T04:27:47.694435+00:00,obs-20261007-01,LIGHT,BNBUSDT,1.0,768.06,768.07,768.065,0.13019816160309006,20911610355,768.06,768.07,522,188,6899481.639420003,5082195.382489999,6548572.900960002,5257689.002850004,66592.40504999996,61953.005089999984,516862.5696700002,824477.8888200001,1404025.5603499997,1528273.7250599994,3318823.58157,3243936.5786999953,5956779.743740004,5184377.165039987
2026-10-08T04:27:47.694435+00:00,obs-20261007-01,LIGHT,AAVEUSDT,1.0,173.57,173.58,173.575,0.5761364291068105,10440661519,173.57,173.58,445,135,692027.8048000006,519301.61836999987,632454.9214300003,517753.29773999966,8850.648589999999,4488.85271,115505.99865000002,86329.16569999998,193826.41699999996,133582.72556,281289.45774,194689.05830999996,324539.69990999997,238365.72684000008
2026-10-08T04:27:47.694435+00:00,obs-20261007-01,LIGHT,AVAXUSDT,1.0,10.84,10.841,10.840499999999999,0.9225092250919609,10521822592,10.84,10.841,558,865,2564795.2867199974,1095625.9511699993,2549053.0355299995,1099293.0103799999,60164.57425000014,22952.554339999995,194133.56245000003,77578.1114,317469.25638000004,157160.84510000004,378968.77180999983,182655.8228700001,451454.96192999976,197388.51153000008
2026-10-08T04:27:47.694435+00:00,obs-20261007-01,LIGHT,FILUSDT,1.0,1.0511,1.0513,1.0512,1.902768528208032,9896376292,1.0511,1.0513,461,48,486107.70781600033,435427.3311429999,404322.82522099983,482205.3339139997,1028.4610249999998,1132.825905,63257.53982700001,75797.06835799999,154516.31749800002,116689.37081300002,266937.658186,186664.79228700005,363075.8631639999,213355.861875
2026-10-08T04:27:47.694435+00:00,obs-20261007-01,LIGHT,ALGOUSDT,1.0,0.1176,0.1177,0.11765,8.503401360544505,5664702609,0.1176,0.1177,250,3,123738.17640000003,114466.33729999996,109184.44009999996,107225.76669999998,0.0,131.8474,34822.2479,13986.2396,87715.207,55764.8076,141022.73239999998,96852.40510000002,180574.9606,111206.00430000003
2026-10-08T04:27:47.694435+00:00,obs-20261007-01,LIGHT,XRPUSDT,1.0,1.4072,1.4073,1.40725,0.7106310403637295,26679626318,1.4072,1.4073,555,221,11231675.77013,11176269.661120007,11265157.663600005,11174280.487889986,55401.76516,83570.74066,834166.55424,999443.5274900001,1262263.1666899992,1142590.1124700003,2159099.733590001,2114851.556779999,2812203.648539999,2298085.9010300008
2026-10-08T04:27:47.694435+00:00,obs-20261007-01,LIGHT,HBARUSDT,1.0,0.09254,0.09255,0.09254499999999999,1.0806137886310019,8393936170,0.09254,0.09255,495,63,1513536.9111000032,1102632.2463499997,1480755.35756,1093117.1900100007,2572.14786,2909.04724,160556.20372,141618.86433999997,289197.0527799999,231382.58185,462118.03242999996,382198.58974,936573.9614899999,747704.44992
2026-10-08T04:28:47.705662+00:00,obs-20261007-01,LIGHT,PEPEUSDT,1.0,4.04e-06,4.05e-06,4.045e-06,24.752475247524774,8828186914,4.04e-06,4.05e-06,191,13,124863.10915498997,287088.20829913,95667.83256284,290632.35279096,5.34216876,3082.44642615,123716.78947972001,47110.931814150004,438124.16191953,274467.85580387,720625.9836840299,631701.6268177801,1090579.1850584298,1055271.88348437
2026-10-08T04:28:47.705662+00:00,obs-20261007-01,LIGHT,BNBUSDT,1.0,768.36,768.37,768.365,0.130147326773411,20911617280,768.36,768.37,507,118,4848112.487810002,2763304.69139,4767057.16005,2692036.318310001,5720.066720000002,9495.00088,553152.7891100002,774128.2665000001,1384971.3329700003,1454550.32662,3085302.1691900007,3414061.695639996,6003448.153050009,5266720.039959991
2026-10-08T04:28:47.705662+00:00,obs-20261007-01,LIGHT,AAVEUSDT,1.0,173.62,173.63,173.625,0.5759705103103308,10440665073,173.62,173.63,386,39,457307.9797599999,363484.50839,440279.9088500001,367616.38056999986,1538.6458599999996,4592.445679999999,121528.70208000005,82521.2674,217197.7343300001,136247.39552,294170.25149,192456.29932,337141.1691899998,232272.2068300001
2026-10-08T04:28:47.705662+00:00,obs-20261007-01,LIGHT,AVAXUSDT,1.0,10.86,10.861,10.8605,0.9208103130764478,10521831065,10.86,10.861,525,425,2219951.23434,855036.81138,2109964.3021400003,838474.73031,42973.40947,10339.215749999998,172469.26124999998,109755.00628999998,351706.47009,169092.28659999993,486184.0984799998,199947.17144999997,562938.7698799997,215372.29982999995
2026-10-08T04:28:47.705662+00:00,obs-20261007-01,LIGHT,FILUSDT,1.0,1.0512,1.0514,1.0513,1.9025875190248343,9896379724,1.0512,1.0514,439,47,331898.0438319999,340646.18987099983,338938.95530000003,322924.0539630002,2819.4518260000004,656.4420759999999,78895.888951,83621.826956,171027.50248599998,124146.10973,259925.60674799996,203716.25733499991,358649.48658400006,233740.48923600002
2026-10-08T04:28:47.705662+00:00,obs-20261007-01,LIGHT,ALGOUSDT,1.0,0.1178,0.1179,0.11785000000000001,8.48896434634927,5664703333,0.1178,0.1179,200,4,68426.90620000001,60918.181400000045,52480.22620000002,66390.07259999997,18.494600000000002,546.2875,21783.458599999998,31570.756500000003,79223.9376,68530.86869999999,146160.7184,93771.82839999998,191276.4591,106940.92129999999
2026-10-08T04:28:47.705662+00:00,obs-20261007-01,LIGHT,XRPUSDT,1.0,1.4084,1.4085,1.4084500000000002,0.7100255609193695,26679637188,1.4084,1.4085,547,111,6181631.431770001,6430041.23764,5729973.55381,6840871.316569996,52794.202269999994,37248.00758,1061662.59682,624222.6213100001,1686709.27219,757222.9268799999,2599436.6152199996,1718276.7564299994,2948822.4642099994,1903699.90886
2026-10-08T04:28:47.705662+00:00,obs-20261007-01,LIGHT,HBARUSDT,1.0,0.09259,0.0926,0.09259500000000001,1.0800302408453533,8393942259,0.09259,0.0926,419,100,990725.5582200005,1107383.7480899997,966613.5581999999,1129528.22673,2497.8359000000005,10975.75029,173232.92958,130192.07495999998,324405.8311499999,216630.75508999996,484593.2562599998,365087.20319999993,959955.9611299996,725667.1703599999
2026-10-08T04:29:47.723176+00:00,obs-20261007-01,LIGHT,PEPEUSDT,1.0,4.04e-06,4.05e-06,4.045e-06,24.752475247524774,8828187289,4.04e-06,4.05e-06,179,15,129078.76256121999,289973.4235387301,147086.65459889002,293681.98994919006,2.99999896,14453.352316350003,119186.3360734,65009.817151200004,420843.81298354,293820.32702978,702618.09164636,627993.06040732,1075412.7944766302,1051493.73328383
2026-10-08T04:29:47.723176+00:00,obs-20261007-01,LIGHT,BNBUSDT,1.0,768.48,768.49,768.485,0.13012700395664822,20911623622,768.48,768.49,468,115,3269869.860750002,3526854.937609998,3282919.32538,3647128.03632,16450.663859999997,16506.630950000006,615154.7716300004,845010.17995,1294103.197100001,1526023.3259799997,3070134.8357299985,3488232.4342799983,5952327.980250008,5343532.815489996
2026-10-08T04:29:47.723176+00:00,obs-20261007-01,LIGHT,AAVEUSDT,1.0,173.67,173.68,173.675,0.5758046870507627,10440668677,173.67,173.68,357,59,490190.28788,369804.81298999995,491582.4483099997,370387.84096999996,2091.65748,3315.190129999999,99521.34847,86200.37978,209612.78944999998,135541.17877,292763.82248,195185.03710000005,336993.1240199998,233043.52189000018
2026-10-08T04:29:47.723176+00:00,obs-20261007-01,LIGHT,AVAXUSDT,1.0,10.861,10.862,10.8615,0.9207255317189578,10521837204,10.861,10.862,405,335,1495910.8742599993,528660.8676100003,1511128.7948499997,518051.63722999993,11221.037149999982,19375.853980000004,171713.84016000002,113048.64213000001,374764.2688000001,174525.63822,470960.58684999996,209809.90863999995,547907.5204100002,225579.1865099999
2026-10-08T04:29:47.723176+00:00,obs-20261007-01,LIGHT,FILUSDT,1.0,1.0514,1.0516,1.0514999999999999,1.9022256039580299,9896383364,1.0514,1.0516,440,66,499492.3064160005,412588.3554539999,490081.9076720001,420199.5920039998,3875.4472720000003,1479.8699570000006,89590.575185,81683.678751,173595.21569900002,128847.25983399997,269323.44231499993,196448.92372699984,368131.654882,226820.28786099993
2026-10-08T04:29:47.723176+00:00,obs-20261007-01,LIGHT,ALGOUSDT,1.0,0.1178,0.1179,0.11785000000000001,8.48896434634927,5664703888,0.1178,0.1179,172,2,64685.6833,52388.4696,63827.64640000002,54291.96059999999,0.0,92.31569999999999,35520.037599999996,20785.852199999998,104015.851,65529.371100000004,147018.7553,91868.3374,191435.14779999992,105065.9303
2026-10-08T04:29:47.723176+00:00,obs-20261007-01,LIGHT,XRPUSDT,1.0,1.409,1.4091,1.4090500000000001,0.7097232079478211,26679646657,1.409,1.4091,510,117,5052945.756450005,5249224.410050003,5145715.52992,5137889.299319994,134604.92368000004,67495.44596000001,1043874.2162400001,731227.0293399999,1509002.4394499997,989851.9351899998,2505979.450229999,1830601.198039999,2846234.44757,2016069.5230399994
2026-10-08T04:29:47.723176+00:00,obs-20261007-01,LIGHT,HBARUSDT,1.0,0.09252,0.09253,0.092525,1.080847384349326,8393947556,0.09252,0.09253,392,90,615467.2924000002,549328.0808500004,651339.5567999998,514964.21241999994,2299.5661900000005,4326.7362299999995,168494.17816999997,138003.46068000002,301029.6351099999,202747.21570999996,451186.29004999966,394417.9795299999,928845.3392599995,760391.51718
2026-10-08T04:30:47.723900+00:00,obs-20261007-01,LIGHT,PEPEUSDT,1.0,4.04e-06,4.05e-06,4.045e-06,24.752475247524774,8828187966,4.04e-06,4.05e-06,215,18,301783.2303979399,195173.52932171008,367099.34263814,332546.2093646499,350.08988044,1581.4114623,122678.61847892,64157.697653400006,340628.15874829004,267445.6454394,637301.9794061601,490620.38036437996,923825.5000410101,826520.5164694099
2026-10-08T04:30:47.723900+00:00,obs-20261007-01,LIGHT,BNBUSDT,1.0,768.84,768.85,768.845,0.13006607356480515,20911629344,768.84,768.85,466,199,3011139.3229000024,2266792.404040001,2969308.5062299985,2440135.3707000003,6244.849670000001,38388.02279999995,699590.6769400004,773653.7026299997,1327941.637800001,1464302.32888,3081730.496689998,3400526.1730999984,5990781.214130007,5293508.945039993
2026-10-08T04:30:47.723900+00:00,obs-20261007-01,LIGHT,AAVEUSDT,1.0,173.82,173.83,173.825,0.5753077896675229,10440673631,173.82,173.83,449,77,835985.5730599995,485054.33027999976,833689.0485899997,494329.12504,11023.050519999993,3463.82673,97471.64847,83945.91489999999,186079.81553999998,141844.73948000002,276936.5873399999,186408.65892000002,335632.92411999963,227422.38855000015
2026-10-08T04:30:47.723900+00:00,obs-20261007-01,LIGHT,AVAXUSDT,1.0,10.859,10.86,10.8595,0.920895110045894,10521843565,10.859,10.86,447,459,2004834.8873,586394.6051500001,2019508.921319999,605283.5947600001,19194.36333999998,12029.642680000006,160960.07509,110613.98744000003,349230.94379000005,162241.20379000003,456297.30434999993,190812.10655000008,531741.40429,208112.91443000006
2026-10-08T04:30:47.723900+00:00,obs-20261007-01,LIGHT,FILUSDT,1.0,1.0501,1.0502,1.05015,0.9522902580716419,9896387927,1.0501,1.0502,463,93,457577.7416449995,411848.48870200035,495618.5810649999,387076.9996279998,4892.7522960000015,6035.861873000002,81700.02734399999,82545.153399,168110.271878,132848.24280799998,240567.30370799993,217191.40710699995,339449.17126800003,250497.55240400005
2026-10-08T04:30:47.723900+00:00,obs-20261007-01,LIGHT,ALGOUSDT,1.0,0.1177,0.1178,0.11775,8.49617672047609,5664704508,0.1177,0.1178,169,5,32007.770999999997,68224.74779999997,42024.03479999999,59426.32329999997,1048.296,5.89,48419.8958,20173.7635,113836.7547,63882.3494,139271.6441,97456.7369,181582.5368,112000.49419999999
2026-10-08T04:30:47.723900+00:00,obs-20261007-01,LIGHT,XRPUSDT,1.0,1.4093,1.4094,1.4093499999999999,0.7095721280059308,26679656887,1.4094,1.4095,547,134,5144940.778740005,6067754.252609998,5042993.387649993,6195815.781250002,46446.49112999999,79844.16368000003,1090852.2336900001,611996.1786499999,1612929.31599,1026974.0427299999,2607438.4542199997,1705413.36135,2924802.84461,1896766.6782900004
2026-10-08T04:30:47.723900+00:00,obs-20261007-01,LIGHT,HBARUSDT,1.0,0.09254,0.09255,0.09254499999999999,1.0806137886310019,8393953388,0.09255,0.09256,438,70,750115.6550599998,513060.0230700003,746398.2258199999,548798.5837000003,2279.0233600000006,8364.708719999997,168561.16938,115028.67739000001,299972.57265000005,210537.52864,454075.1972899998,358679.4189,931498.8738099998,724659.37439
2026-10-08T04:31:47.724510+00:00,obs-20261007-01,LIGHT,PEPEUSDT,1.0,4.03e-06,4.04e-06,4.035e-06,24.81389578163684,8828188847,4.03e-06,4.04e-06,195,15,495377.17290893017,589555.6650051902,502519.6698117,360280.11506976007,10041.612328240002,840.1828785000001,230457.67889989002,61355.29978772,481472.43027271,241862.21084312,760941.2573473899,621143.86197053,980583.3294035799,898711.9103985301
2026-10-08T04:31:47.724510+00:00,obs-20261007-01,LIGHT,BNBUSDT,1.0,768.4,768.41,768.405,0.1301405517950549,20911636346,768.4,768.41,460,140,4451830.611479997,3363284.98016,4578151.069880002,3439195.6616499987,13029.444929999994,17637.41601,596447.4446500002,744576.0861200001,1230655.2901900006,1580435.0387999997,3108165.7137200003,3238648.160459998,5882440.836710008,5197833.554809991
2026-10-08T04:31:47.724510+00:00,obs-20261007-01,LIGHT,AAVEUSDT,1.0,173.42,173.43,173.425,0.576634759543726,10440678503,173.42,173.43,423,62,821889.73988,534987.5542000001,872179.3847800003,493913.56836000015,6234.44032,2607.5117800000007,92973.68340000001,89914.7482,171454.99616999997,135170.05175,242516.0688100001,214624.1983100001,756553.0566400001,248405.37565000018
2026-10-08T04:31:47.724510+00:00,obs-20261007-01,LIGHT,AVAXUSDT,1.0,10.85,10.851,10.8505,0.9216589861771318,10521852338,10.85,10.851,497,245,3098076.296190003,950782.0768399991,3181665.7948000003,920919.4427600004,23648.011119999985,21021.318579999992,158693.60948,110499.16730999998,330055.87978000013,190635.92217999994,381850.74205999996,219537.45271999997,454725.71098999993,238879.02485999995
2026-10-08T04:31:47.724510+00:00,obs-20261007-01,LIGHT,FILUSDT,1.0,1.0482,1.0483,1.04825,0.9540164090826586,9896392546,1.0482,1.0483,432,93,561122.753803,477999.73491799994,595618.042043,445852.3591209998,3688.889266999999,5124.303443,87773.92629299998,74920.78402499999,182573.24417199998,136067.332377,226635.21764799993,224850.31864600003,324370.8786509999,281161.95781799994
2026-10-08T04:31:47.724510+00:00,obs-20261007-01,LIGHT,ALGOUSDT,1.0,0.1176,0.1177,0.11765,8.503401360544505,5664705110,0.1176,0.1177,170,3,40236.144499999995,78375.90729999999,43449.33939999999,77100.70119999997,348.6274,280.126,64496.4731,21670.4001,107878.08739999999,58201.534799999994,143315.0012,95915.91540000001,180859.35590000005,111625.39730000003
2026-10-08T04:31:47.724510+00:00,obs-20261007-01,LIGHT,XRPUSDT,1.0,1.4057,1.4058,1.4057499999999998,0.7113893433885465,26679667739,1.4057,1.4058,526,133,6892101.489060006,8154086.242700003,7729001.25939,7853582.152180004,114960.10639000006,51061.732790000024,731121.2674,861319.4179699997,1211365.1263799998,1005477.1094099997,1784569.6872799997,1958354.0421299988,2589257.9580099997,2162718.4039699994
2026-10-08T04:31:47.724510+00:00,obs-20261007-01,LIGHT,HBARUSDT,1.0,0.0924,0.09241,0.092405,1.082251082251684,8393958617,0.0924,0.09241,439,80,943616.2096500003,1333952.0230900003,1021822.3886600003,1296704.7087300005,3246.732750000001,11222.24095,142374.84394999998,129726.24089999999,237809.7113,182274.33199000004,389247.44787000003,386780.91234000004,855265.3138700002,751337.00893
2026-10-08T04:32:47.724945+00:00,obs-20261007-01,LIGHT,PEPEUSDT,1.0,4.03e-06,4.04e-06,4.035e-06,24.81389578163684,8828190006,4.03e-06,4.04e-06,300,43,317603.68103822996,806181.1291429701,381583.98753089993,804957.5550680301,8629.989324180002,15077.624474639999,144727.03371139002,45481.35067068,380020.11628248997,191418.04383258,678701.9676947199,605348.1443108299,891333.49439723,896152.29730649
2026-10-08T04:32:47.724945+00:00,obs-20261007-01,LIGHT,BNBUSDT,1.0,768.62,768.63,768.625,0.13010330202067877,20911645818,768.62,768.63,521,209,6719388.339869999,5480485.763980001,6573318.009409996,5567720.112629997,7424.414299999999,59382.20156,701020.6472100003,782585.4071400001,1354359.4360600004,1494726.6719000002,3136677.2190799997,3157060.946009999,6038012.224780007,5116793.235540001
2026-10-08T04:32:47.724945+00:00,obs-20261007-01,LIGHT,AAVEUSDT,1.0,173.45,173.46,173.45499999999998,0.5765350245034995,10440682170,173.45,173.46,449,51,838859.1177800002,382891.36154,804276.3459099993,392757.8992199998,2433.38313,1397.7905700000001,97336.71293999995,87153.5042,179927.1839299999,137311.06932000004,275297.12977000006,208012.62703000006,790928.5014700001,236468.4859200001
2026-10-08T04:32:47.724945+00:00,obs-20261007-01,LIGHT,AVAXUSDT,1.0,10.858,10.859,10.8585,0.9209799226361781,10521861107,10.858,10.859,492,177,2864208.9701799992,897143.7970999997,2802166.8476600014,937338.7829700001,42768.63720000001,32710.808479999992,144449.94066000002,100605.61037,313828.18895000004,156369.19588000004,434915.0501399999,179239.63221,509596.72380999976,199550.14347
2026-10-08T04:32:47.724945+00:00,obs-20261007-01,LIGHT,FILUSDT,1.0,1.0488,1.049,1.0489,1.9069412662098273,9896397843,1.0488,1.049,462,127,683009.2492249997,428533.2938039999,668869.362628,434008.70064500015,1450.698761,2726.4298010000007,63344.42971700001,87184.6512,153802.824694,148749.087486,237095.79409,223599.660916,328937.43244999996,278181.97075299994
2026-10-08T04:32:47.724945+00:00,obs-20261007-01,LIGHT,ALGOUSDT,1.0,0.1175,0.1176,0.11754999999999999,8.510638297871687,5664705773,0.1175,0.1176,218,16,98022.8875,59664.939300000005,103917.77020000003,51795.6488,4501.9532,0.0,36927.0878,34052.5909,106292.5057,66582.1912,139457.70049999998,97709.1799,176843.9433,114285.67629999999
2026-10-08T04:32:47.724945+00:00,obs-20261007-01,LIGHT,XRPUSDT,1.0,1.4063,1.4064,1.4063500000000002,0.7110858280601207,26679679050,1.4063,1.4064,536,143,7080965.818290001,5447695.91883,6553008.873709997,5611102.080279999,75890.56644000001,62187.39728999999,952846.5154600001,745532.85195,1341846.5514500001,984012.9036300001,2311562.460680001,1800671.5679499991,3049795.437560002,1999327.1416399996
2026-10-08T04:32:47.724945+00:00,obs-20261007-01,LIGHT,HBARUSDT,1.0,0.09244,0.09245,0.092445,1.081782778018514,8393965239,0.09244,0.09245,449,85,1342134.8129400006,1183050.4251500007,1280081.1358399994,1209758.28834,7140.981330000001,3300.30816,149549.09498000002,131511.65885,302188.74268,222244.41255999997,450454.93134000007,362077.7694799999,926223.70151,734123.8473399999
2026-10-08T04:33:47.725039+00:00,obs-20261007-01,LIGHT,PEPEUSDT,1.0,4.03e-06,4.04e-06,4.035e-06,24.81389578163684,8828191412,4.03e-06,4.04e-06,249,24,662674.4922245904,504966.59245253017,619624.3558511102,459418.25994260993,17328.74722773,8378.026723510002,119787.05594869002,60324.802261920006,307903.34148679,245874.62914947,689989.9208562,611688.6648743501,904716.93896386,885979.2291868001
2026-10-08T04:33:47.725039+00:00,obs-20261007-01,LIGHT,BNBUSDT,1.0,768.58,768.59,768.585,0.13011007312213607,20911653058,768.58,768.59,445,141,5104753.844839997,3089950.477930001,5206200.603189999,3061471.4746300015,22503.064740000005,29887.460380000004,635998.9350499999,818578.9363400001,1290087.0613900004,1483797.8336900002,3035699.1898699994,3184808.676559999,5935294.314990006,5145763.67279
2026-10-08T04:33:47.725039+00:00,obs-20261007-01,LIGHT,AAVEUSDT,1.0,173.33,173.34,173.335,0.5769341718098175,10440686399,173.33,173.34,374,62,834743.5198300001,508205.0950899998,843922.4375499998,499488.3557699999,8917.187450000001,4900.24079,132467.37101,88485.50551000003,202249.9760799999,136776.04553000006,266267.19759999996,212071.5073700001,782110.7709400001,241946.3727200001
2026-10-08T04:33:47.725039+00:00,obs-20261007-01,LIGHT,AVAXUSDT,1.0,10.852,10.853,10.8525,0.9214891264286429,10521868526,10.852,10.853,459,215,2158228.18738,796425.9282899996,2162658.5392499994,781510.9406199998,33010.57489999999,17289.96671,160872.46196000002,119112.59327,326405.39123999997,173689.11767999997,439431.57504999987,194095.85588999986,511642.81712999963,213865.3242399998
2026-10-08T04:33:47.725039+00:00,obs-20261007-01,LIGHT,FILUSDT,1.0,1.0482,1.0484,1.0483,1.9080328181653172,9896402260,1.0482,1.0484,439,102,491117.323968,360309.20884900005,505204.1546269999,359708.8938349998,2532.802471,1447.5907459999994,86089.87490400001,78113.15245299999,184436.747906,141136.28916599997,229832.37308,224014.136349,334053.6235169999,274234.53020599997
2026-10-08T04:33:47.725039+00:00,obs-20261007-01,LIGHT,ALGOUSDT,1.0,0.1175,0.1176,0.11754999999999999,8.510638297871687,5664706385,0.1175,0.1176,181,2,53538.079600000005,61178.3745,50694.22110000001,58960.145800000006,13.864999999999998,5.404999999999999,35388.042,37468.7377,104981.9495,70739.37989999999,142301.559,99927.4086,180436.975,116503.905
2026-10-08T04:33:47.725039+00:00,obs-20261007-01,LIGHT,XRPUSDT,1.0,1.4054,1.4055,1.40545,0.7115411982350217,26679689808,1.4054,1.4055,555,116,6956676.669420004,6852751.933189998,7198455.374509997,6575399.538720001,27190.477850000007,27497.542079999992,774576.92937,921425.2962100001,1221258.0558700005,1125192.5819400004,2085137.4319500008,2073371.0568499994,2870925.949080002,2271359.6712500015
2026-10-08T04:33:47.725039+00:00,obs-20261007-01,LIGHT,HBARUSDT,1.0,0.09246,0.09247,0.09246499999999999,1.081548777850383,8393968312,0.09246,0.09247,370,47,699431.57204,383481.8075600001,702341.6892500004,382806.7258000005,2604.55673,3587.22269,140478.04811,135217.21533,264520.6471800001,223374.04107000006,446737.7059500002,368240.30353999994,921046.4606900001,734798.9290999998
2026-10-08T04:34:47.725320+00:00,obs-20261007-01,LIGHT,PEPEUSDT,1.0,4.04e-06,4.05e-06,4.045e-06,24.752475247524774,8828192629,4.04e-06,4.05e-06,216,18,488217.66027784016,421668.7623887102,407619.85969327,525337.6201528602,6131.3248466000005,43417.180566920004,35692.538037720005,108956.25518895,279937.47500908,357853.45192861,600124.61808077,563976.4217526,998446.96858577,975222.00573785
2026-10-08T04:34:47.725320+00:00,obs-20261007-01,LIGHT,BNBUSDT,1.0,768.6,768.61,768.605,0.1301066874836998,20911658551,768.6,768.61,485,83,2926278.0145200016,2132317.4932699976,2864571.8654700005,2157573.7371900002,14990.088710000002,2340.365259999999,701564.4518,773031.3295499996,1352573.004400001,1455934.6889299995,3097126.0886200005,3159652.573409999,5981220.291680009,5121791.657569999
2026-10-08T04:34:47.725320+00:00,obs-20261007-01,LIGHT,AAVEUSDT,1.0,173.33,173.34,173.335,0.5769341718098175,10440688888,173.33,173.34,339,30,558115.12198,230715.04879999996,556888.9700900003,228163.53114999994,1703.59788,818.5881900000002,134580.67895,91723.07862999999,198920.54130999994,141212.13118,267245.85903,214623.02502000006,781701.4676600001,246450.11227000004
2026-10-08T04:34:47.725320+00:00,obs-20261007-01,LIGHT,AVAXUSDT,1.0,10.859,10.86,10.8595,0.920895110045894,10521873440,10.859,10.86,383,137,1870759.6102599995,507641.6112799998,1661966.736299999,507770.41223000013,11354.098230000001,5772.0747500000025,164465.64478,108208.4487,322868.0639,177240.59193000002,639102.34723,194044.6838899999,715243.0723399997,213933.42095999987
2026-10-08T04:34:47.725320+00:00,obs-20261007-01,LIGHT,FILUSDT,1.0,1.0498,1.0499,1.0498500000000002,0.9525623928374749,9896407569,1.0498,1.0499,441,116,716025.397961,527737.8677880004,676508.5342430002,543530.0304250002,1319.6049649999995,1432.819223,77674.083998,101574.551119,172344.39985399996,150582.05726099998,262340.80472199986,228713.76905099995,354007.9038629997,263383.2020659999
2026-10-08T04:34:47.725320+00:00,obs-20261007-01,LIGHT,ALGOUSDT,1.0,0.1175,0.1176,0.11754999999999999,8.510638297871687,5664706819,0.1175,0.1176,168,1,55593.1898,23640.915499999996,53367.17479999999,23780.36240000001,25.0275,0.0,37437.6576,37912.9547,107336.78409999999,70579.814,144527.57399999996,99787.9617,182601.65949999998,116364.45809999999
2026-10-08T04:34:47.725320+00:00,obs-20261007-01,LIGHT,XRPUSDT,1.0,1.4057,1.4058,1.4057499999999998,0.7113893433885465,26679699308,1.4057,1.4058,515,100,5352464.048229993,4679869.767419998,5282007.462580001,4744114.881279999,44838.18024999999,26323.745570000014,813703.56832,932732.4911999999,1446619.9371199994,1067190.4667200001,2141199.2205399997,2010518.8473099992,2940068.39762,2208236.97477
2026-10-08T04:34:47.725320+00:00,obs-20261007-01,LIGHT,HBARUSDT,1.0,0.09251,0.09252,0.092515,1.080964220085967,8393971450,0.09251,0.09252,409,24,940303.48719,1051901.68263,912947.38394,1043641.6236900003,1649.2142699999997,2785.3838,150699.7251,140529.82159999997,282981.27985999995,229110.75258,467915.34460999985,377501.84031999996,947042.9984699996,743099.84055
2026-10-08T04:35:47.743004+00:00,obs-20261007-01,LIGHT,PEPEUSDT,1.0,4.03e-06,4.04e-06,4.035e-06,24.81389578163684,8828193327,4.03e-06,4.04e-06,225,32,334409.5349514199,499414.54592534987,309416.07182385,381160.68095995,7940.418112530001,1977.19989705,112734.82674051,85502.53272596,459077.18737407,263858.72268506,756412.57268834,585567.22089416,1053968.9708344599,859859.7737784301
2026-10-08T04:35:47.743004+00:00,obs-20261007-01,LIGHT,BNBUSDT,1.0,768.18,768.19,768.185,0.13017782290791757,20911665354,768.18,768.19,495,156,3398321.8514200016,3480279.7717499994,3482371.169549999,3409101.4283399982,11314.736459999993,25377.53855,739146.55009,893891.6935800001,1441629.2472500005,1567416.08363,3131889.2757200003,3128383.458539997,5937816.187780007,5179801.2643699935
2026-10-08T04:35:47.743004+00:00,obs-20261007-01,LIGHT,AAVEUSDT,1.0,173.0,173.01,173.005,0.578034682079398,10440693198,173.0,173.01,389,77,957843.6061200001,728402.0565800003,963095.5129299994,705505.3320499999,10850.90093,3956.3218300000003,113539.36808,84353.83987,200384.24177,135717.52868000005,278725.10265,213321.46239000003,793710.7473399999,244952.5135100001
2026-10-08T04:35:47.743004+00:00,obs-20261007-01,LIGHT,AVAXUSDT,1.0,10.843,10.844,10.843499999999999,0.922253988748789,10521881392,10.843,10.844,460,205,2418399.4173999988,914004.7842399993,2467311.6073100013,921076.9407300006,28505.17462000002,15739.9367,152776.46551,110913.90089,325561.27333000005,166824.26040000003,603142.1402699999,186420.63621999993,674079.4079999997,205798.8084799999
2026-10-08T04:35:47.743004+00:00,obs-20261007-01,LIGHT,FILUSDT,1.0,1.0477,1.0479,1.0478,1.908943399828722,9896412286,1.0477,1.0479,461,81,551477.1982859999,409502.8787980003,592166.2553019996,376233.19318500004,10083.644659,5165.710479000004,93568.24288,84868.07478000001,170870.12603900002,162009.90782800002,235916.00721800004,237296.02137300003,337432.93466700014,287352.23877500003
2026-10-08T04:35:47.743004+00:00,obs-20261007-01,LIGHT,ALGOUSDT,1.0,0.1172,0.1173,0.11725,8.532423208191808,5664707791,0.1172,0.1173,195,8,129696.34820000004,83035.25089999998,150008.06530000002,75563.10870000001,251.2613,923.5858,44707.414099999995,20751.033799999997,106197.5587,60238.069299999996,137261.1814,93340.62069999998,175457.9648,111075.0963
2026-10-08T04:35:47.743004+00:00,obs-20261007-01,LIGHT,XRPUSDT,1.0,1.4053,1.4054,1.4053499999999999,0.7115918309263947,26679710151,1.4053,1.4054,526,109,6443797.14441,6565450.685079997,6441040.634799996,6583817.913730003,119053.65412000004,35149.06941999999,801044.3853999999,874023.7461299999,1274568.3212799998,1052051.1825999997,2158400.0537699996,2002378.0091399988,2945778.528600001,2188932.6415000004
2026-10-08T04:35:47.743004+00:00,obs-20261007-01,LIGHT,HBARUSDT,1.0,0.09246,0.09247,0.09246499999999999,1.081548777850383,8393975215,0.09246,0.09247,417,42,784360.1519499999,1146670.2212299998,808790.6809200003,1151716.5653199987,1155.4723199999999,15630.249409999999,138555.25908,144646.64313999997,263134.21945000003,225900.86752999996,457130.98524999997,371454.0183899999,922681.8835899998,743484.9683499997
2026-10-08T04:36:47.782824+00:00,obs-20261007-01,LIGHT,PEPEUSDT,1.0,4.03e-06,4.04e-06,4.035e-06,24.81389578163684,8828194281,4.03e-06,4.04e-06,249,15,587223.4331500899,474900.30765498005,602370.6195314801,435813.69165695005,86.85749384000002,1606.36376776,194729.31605023003,99874.49088136,437757.38818045,288957.20569726004,741265.3863069499,624653.83689219,1092526.36768161,899258.18193454
2026-10-08T04:36:47.782824+00:00,obs-20261007-01,LIGHT,BNBUSDT,1.0,767.92,767.93,767.925,0.13022189811362495,20911676037,767.92,767.93,483,233,6441638.597069996,6778115.919190005,6620433.132950002,6531986.421580003,15257.03366,15161.981639999998,777140.5270700004,885213.5315600001,1559576.0545500002,1560026.0405600003,3454674.038130001,3179159.398899997,6092144.082990015,5227839.593179991
2026-10-08T04:36:47.782824+00:00,obs-20261007-01,LIGHT,AAVEUSDT,1.0,172.96,172.97,172.965,0.5781683626260303,10440698427,172.96,172.97,408,92,893411.48629,506194.5407199998,903930.4840699993,498754.41099999973,4053.56603,4981.125320000001,114624.11981999999,86191.94766,198946.97600999998,141561.00624,268750.5940799999,220462.43522,782806.6039800001,249051.78713000007
2026-10-08T04:36:47.782824+00:00,obs-20261007-01,LIGHT,AVAXUSDT,1.0,10.84,10.841,10.840499999999999,0.9225092250919609,10521890861,10.84,10.841,500,252,3139458.140010001,1063872.3705900004,3410627.890430002,1049467.8605099998,19841.144370000038,20091.737719999994,147759.14565999998,118990.99259000002,291554.75694999995,181480.88900000002,330585.08228999993,200531.25332,411311.86763999984,219009.37641999996
2026-10-08T04:36:47.782824+00:00,obs-20261007-01,LIGHT,FILUSDT,1.0,1.0474,1.0475,1.04745,0.9547450830638127,9896418854,1.0474,1.0475,512,162,818028.5915099999,584913.2212799999,827138.8882799997,576016.759741,4495.863934000001,9357.477997999993,62308.34923800001,87337.89879800001,158007.33250200006,161919.755305,236489.54765400005,241087.089066,330885.24167899985,280959.96984700003
2026-10-08T04:36:47.782824+00:00,obs-20261007-01,LIGHT,ALGOUSDT,1.0,0.1173,0.1174,0.11735000000000001,8.525149190110604,5664708734,0.1173,0.1174,249,4,96387.5626,81748.17560000003,89853.05140000001,85765.69829999999,116.3616,659.065,32743.928,18240.978199999998,96427.9353,61807.959899999994,140990.83269999997,94118.31900000002,175778.07909999997,105723.74310000004
2026-10-08T04:36:47.782824+00:00,obs-20261007-01,LIGHT,XRPUSDT,1.0,1.404,1.4041,1.4040499999999998,0.7122507122514499,26679721392,1.404,1.4041,524,121,7543338.684660005,8039671.667110004,7667092.661249996,7929352.448,76478.63773000006,38000.04573,748076.0068699999,1101527.73345,1193379.1996900002,1265256.42929,2037288.1079499994,2100922.6187299993,2805552.5293700006,2298049.5143200015
2026-10-08T04:36:47.782824+00:00,obs-20261007-01,LIGHT,HBARUSDT,1.0,0.09243,0.09244,0.09243499999999999,1.0818998160755378,8393978687,0.09243,0.09244,406,31,1664327.1528600012,892878.9812500001,1683364.4829700005,883883.1856200001,2355.8108300000004,2057.51926,142441.26609,146011.53144,276075.44483999995,233414.17651999992,438953.1175999999,374141.35387999984,912218.4855999997,752480.7639799997
2026-10-08T04:37:47.786963+00:00,obs-20261007-01,LIGHT,PEPEUSDT,1.0,4.03e-06,4.04e-06,4.035e-06,24.81389578163684,8828196033,4.03e-06,4.04e-06,293,23,1364876.9059320798,562157.4853082099,1375067.12680209,474307.10268712003,14888.843108360003,3204.84461302,76321.96272467001,137647.49243172002,262811.83388896997,368602.61344602006,643100.1455525799,620241.40071392,1002660.4484253898,894972.3928136099
2026-10-08T04:37:47.786963+00:00,obs-20261007-01,LIGHT,BNBUSDT,1.0,767.35,767.36,767.355,0.1303186290479985,20911685442,767.35,767.36,455,166,5078530.563509999,5341845.234430001,5136134.076830002,5412534.512420001,15809.649529999999,3980.137399999999,862487.4005400001,869327.92808,1545218.5688600014,1397454.8302499987,4217062.229460001,2940849.7107599983,6069448.567870022,5129912.350979998
2026-10-08T04:37:47.786963+00:00,obs-20261007-01,LIGHT,AAVEUSDT,1.0,172.89,172.9,172.89499999999998,0.5784024524269071,10440701628,172.89,172.9,369,44,599745.1406100005,404042.08831,585251.70694,411620.4521399999,1368.3450000000003,1384.81824,104004.11090000001,83274.67205,191065.19796,129855.34403,283999.15159,195346.89364000005,798437.9968400005,237789.0155500001
2026-10-08T04:37:47.786963+00:00,obs-20261007-01,LIGHT,AVAXUSDT,1.0,10.835,10.836,10.8355,0.9229349330874825,10521898875,10.835,10.836,479,214,2662755.379530001,827288.1911500001,2589813.801660001,819478.3002399998,13785.908159999997,12279.789260000003,164262.75717000003,129309.23915999998,316700.06664999994,182351.5860099999,412692.8011499999,207784.24024999994,483215.30769999983,226684.29975999988
2026-10-08T04:37:47.786963+00:00,obs-20261007-01,LIGHT,FILUSDT,1.0,1.0469,1.047,1.0469499999999998,0.9552010698254954,9896423875,1.0469,1.047,462,71,578078.9846599998,404565.2702709999,560635.7594390004,384273.6556419999,2139.3424469999995,3996.2159069999975,78369.19636599999,106942.058948,174896.35648100002,177048.454971,252444.02418100002,246798.303431,348611.24682699994,300967.4205700002
2026-10-08T04:37:47.786963+00:00,obs-20261007-01,LIGHT,ALGOUSDT,1.0,0.1175,0.1176,0.11754999999999999,8.510638297871687,5664710069,0.1175,0.1176,212,11,119626.25010000002,144144.11019999988,103632.01050000003,144824.97769999996,2390.3376,6663.197,28591.956400000003,30817.2336,63795.43780000001,67456.7063,145960.0569,96685.91450000001,189481.08359999995,109952.50590000003
2026-10-08T04:37:47.786963+00:00,obs-20261007-01,LIGHT,XRPUSDT,1.0,1.403,1.4031,1.40305,0.7127583749100275,26679730432,1.403,1.4031,517,104,5148478.427060001,4940380.933120006,5151698.078489999,5093318.057869998,57688.70429000001,11810.13714,741543.1835299999,1014842.4961699998,1075237.44196,1234036.2418299997,2044035.812819999,1943078.6022699988,2906037.478529999,2144466.1777899996
2026-10-08T04:37:47.786963+00:00,obs-20261007-01,LIGHT,HBARUSDT,1.0,0.09232,0.09233,0.09232499999999999,1.0831889081441837,8393982101,0.09232,0.09233,380,34,681778.1138400002,825316.4107299998,690373.1402200004,803793.3516000003,1195.9556,1538.21368,152416.18624999997,139419.01379000003,277136.95493,240286.05604,433441.35297,392531.18176999997,905625.6424999996,762971.9344399999
2026-10-08T04:38:47.797929+00:00,obs-20261007-01,LIGHT,PEPEUSDT,1.0,4.02e-06,4.03e-06,4.025e-06,24.875621890549926,8828197931,4.02e-06,4.03e-06,275,33,554983.1867325701,835572.7591601899,569278.3823432501,719944.90340443,44482.04373968,28610.135429749997,99959.71909127999,102726.60493264001,286932.9131762,351410.04018688004,694291.74049927,575665.46463456,1083401.9833036002,865850.7711483901
2026-10-08T04:38:47.797929+00:00,obs-20261007-01,LIGHT,BNBUSDT,1.0,766.36,766.37,766.365,0.13048697739881376,20911696186,766.36,766.37,521,184,8370245.689120001,7721038.9515999975,8962905.42028,7446424.833090002,62982.20836,2690.3408799999997,649204.84118,758491.47969,1374319.6420000007,1352617.6614599992,4100919.446850001,2852178.803830002,6174158.877560017,4741600.688959998
2026-10-08T04:38:47.797929+00:00,obs-20261007-01,LIGHT,AAVEUSDT,1.0,172.62,172.63,172.625,0.5793071486492885,10440705666,172.62,172.63,409,82,734463.6219800003,366762.4329299998,747866.3017000001,347266.87266,10366.732870000002,1828.9433100000003,138845.62875,88226.67016000001,214537.35865000007,138245.12157000002,274340.62980000005,203971.57125000007,788489.3715500005,246399.63644000006
2026-10-08T04:38:47.797929+00:00,obs-20261007-01,LIGHT,AVAXUSDT,1.0,10.822,10.823,10.8225,0.9240436148605369,10521905584,10.822,10.823,481,166,2612895.2588500013,750642.2140500011,2662253.5740000005,756463.2464500001,9481.738550000004,15670.26216,134088.91898,122828.58962000001,257035.00402999998,181365.26130999997,366547.20070999983,201096.62333999996,429331.83557999984,220167.0193299999
2026-10-08T04:38:47.797929+00:00,obs-20261007-01,LIGHT,FILUSDT,1.0,1.0448,1.045,1.0449,1.914241960183638,9896430269,1.0448,1.045,491,123,677405.8312309997,508635.664033,708351.2875989994,488166.49712700007,9742.852591999994,3232.443638,51800.05261400001,112784.22322300001,135807.564829,181237.59749800005,234327.71072400006,259913.03638999996,324580.6525999999,320751.0112450001
2026-10-08T04:38:47.797929+00:00,obs-20261007-01,LIGHT,ALGOUSDT,1.0,0.1174,0.1175,0.11745,8.517887563883608,5664710800,0.1174,0.1175,196,0,141009.51830000003,64674.193,153443.6928,58378.64009999998,0.0,0.0,26672.6288,30528.046,49819.7569,69796.6529,137532.8826,101476.82620000001,178534.48230000003,113122.07740000001
2026-10-08T04:38:47.797929+00:00,obs-20261007-01,LIGHT,XRPUSDT,1.0,1.399,1.3991,1.39905,0.7147962830589272,26679744292,1.399,1.3991,550,163,9177312.61632,9275418.722339999,9134077.528809996,9242092.991389995,160290.47035000002,72984.10844000001,834705.2257399998,844753.6483499998,1295450.4896099998,1107417.6552399998,2172804.2543200008,1967049.8620999996,2993999.136600001,2144702.07848
2026-10-08T04:38:47.797929+00:00,obs-20261007-01,LIGHT,HBARUSDT,1.0,0.09218,0.09219,0.09218499999999999,1.0848340203950535,8393985634,0.09218,0.09219,403,30,703021.9174900004,1718090.2468899998,743797.79397,1719705.52387,7427.53998,3488.2795799999994,131449.86509,130871.25075999998,224568.73189,224162.56454999995,401264.4766800001,380069.3201799999,878448.82493,756299.46197
2026-10-08T04:39:47.798284+00:00,obs-20261007-01,LIGHT,PEPEUSDT,1.0,4.02e-06,4.03e-06,4.025e-06,24.875621890549926,8828199610,4.02e-06,4.03e-06,312,12,603354.6442781498,673635.0245222702,481324.5173404899,643628.3483115803,94.58312681999999,2268.6385884500005,128449.38550919999,82748.68772196001,347195.54484944,289032.80091628,816321.86743693,605672.14084525,1200775.12511919,891089.4494329799
2026-10-08T04:39:47.798284+00:00,obs-20261007-01,LIGHT,BNBUSDT,1.0,766.22,766.23,766.225,0.1305108193472293,20911711490,766.22,766.23,522,286,7991842.082980006,5359554.993280001,8005560.413189994,5340142.18686,27475.386439999995,6471.007119999997,667448.3921200003,745714.6246699998,1372880.1804900009,1414290.7336899994,4106277.6289500017,2870204.616500002,6374092.051670017,4842413.726589999
2026-10-08T04:39:47.798284+00:00,obs-20261007-01,LIGHT,AAVEUSDT,1.0,172.77,172.78,172.775,0.5788041905407937,10440710881,172.77,172.78,440,110,821438.8680100004,495600.57029999996,809941.3538799998,500229.31450999994,4937.51549,5002.221270000001,102457.63415000003,94593.66574999999,217718.08225000006,146280.33792000005,280535.40799000004,202509.13021000012,795786.4119700004,240515.67352000013
2026-10-08T04:39:47.798284+00:00,obs-20261007-01,LIGHT,AVAXUSDT,1.0,10.821,10.822,10.8215,0.9241290084083253,10521914902,10.821,10.822,493,295,3259619.812930003,979330.5746699998,3213208.9672100036,969612.5221999991,34045.61887000002,17526.094500000003,152570.17421000003,122835.53594999999,320588.71414000005,187223.95004999996,412994.90258999995,210782.97881,485459.16927,231280.0908499999
2026-10-08T04:39:47.798284+00:00,obs-20261007-01,LIGHT,FILUSDT,1.0,1.0451,1.0453,1.0452,1.9136924696194768,9896435794,1.0451,1.0453,482,60,651419.8786269996,495272.7131879998,637647.3450679997,502907.64707800024,1464.4087659999996,606.950399,88696.53839199999,120318.89738000002,161591.83475699998,184338.345682,248023.772591,255576.4930229999,337737.4493399999,313163.76514100004
2026-10-08T04:39:47.798284+00:00,obs-20261007-01,LIGHT,ALGOUSDT,1.0,0.1173,0.1174,0.11735000000000001,8.525149190110604,5664711461,0.1173,0.1174,197,5,159996.97839999996,58757.3226,162821.48320000005,60302.23060000001,1081.9584,0.0,27642.2736,25847.0866,93993.0586,65027.4301,141726.393,93783.81279999999,176435.20300000004,109922.3883
2026-10-08T04:39:47.798284+00:00,obs-20261007-01,LIGHT,XRPUSDT,1.0,1.3991,1.3992,1.3991500000000001,0.7147451933375848,26679761038,1.3991,1.3992,554,229,9272939.83605,9571853.32315,9168545.261239998,9604470.188010005,156416.98539999995,33771.77717000001,832718.71364,871072.66043,1348464.8064100002,1090747.64593,2277690.4675500016,1936448.4995400002,3094030.9283600016,2113325.6853499995
2026-10-08T04:39:47.798284+00:00,obs-20261007-01,LIGHT,HBARUSDT,1.0,0.09226,0.09227,0.092265,1.083893344895337,8393989322,0.09226,0.09227,367,31,904210.9802100006,549149.0536700002,862149.9765300002,560331.8615900002,3867.61164,3300.8506300000004,140759.57609999998,140454.25949999996,293720.48585999996,229921.19306999995,441972.55367,375497.2926299999,897508.8298099999,744713.0279699999
2026-10-08T04:40:47.799300+00:00,obs-20261007-01,LIGHT,PEPEUSDT,1.0,4.02e-06,4.03e-06,4.025e-06,24.875621890549926,8828201494,4.02e-06,4.03e-06,296,20,661804.7876940003,818988.8674329198,864254.7295434696,806260.5489585702,8045.355809819999,9377.46623859,69917.56352675999,122767.76098795001,253831.39671476,354919.08054435,586440.9019195,599745.9364151,916988.44741888,885065.32268315
2026-10-08T04:40:47.799300+00:00,obs-20261007-01,LIGHT,BNBUSDT,1.0,765.93,765.94,765.935,0.13056023396629257,20911726091,765.93,765.94,537,256,8007567.417319994,5392914.022509999,8229386.592160002,5229233.335370002,34324.77114,11641.18473,645169.4892500001,655560.9132600003,1408802.4442900002,1412648.3740899998,3891923.7786300015,2800591.329720001,6430722.404580012,5003811.243970003
2026-10-08T04:40:47.799300+00:00,obs-20261007-01,LIGHT,AAVEUSDT,1.0,172.57,172.58,172.575,0.579474995654472,10440717248,172.57,172.58,474,113,987194.7685699995,549676.5019799997,998194.0313899996,551480.0150299998,9227.188890000001,2788.13837,141213.30052000005,74786.76397999999,212811.94150000007,126844.29238999997,272536.77527,192516.87571000008,785376.48045,233706.69591000004
2026-10-08T04:40:47.799300+00:00,obs-20261007-01,LIGHT,AVAXUSDT,1.0,10.787,10.788,10.787500000000001,0.9270418095841393,10521927758,10.787,10.788,542,561,3504185.2824099986,1245966.470910001,3499791.6967700003,1251501.8423499991,93568.3587400001,47191.02515000001,194098.22782,126954.10809,342426.34505,171950.62914,451113.32644,193631.18554,506469.9355799999,212153.04729999995
2026-10-08T04:40:47.799300+00:00,obs-20261007-01,LIGHT,FILUSDT,1.0,1.0433,1.0434,1.04335,0.958497076586351,9896442797,1.0433,1.0434,495,277,619429.1546200002,539971.821879,664465.353816,513906.84644599986,8213.343412000002,7395.136265,72049.95899099999,84269.20859200001,157632.82735,184081.64254799997,211196.43727800006,273747.11965500005,297945.56267999986,338767.0085720003
2026-10-08T04:40:47.799300+00:00,obs-20261007-01,LIGHT,ALGOUSDT,1.0,0.1171,0.1172,0.11715,8.53970964987294,5664712595,0.1171,0.1172,226,5,162140.83490000002,114123.33100000005,172707.2236999999,103817.8087,405.3706,377.67580000000004,32369.0839,24469.992100000003,81087.5028,55512.90150000001,142869.6229,92527.9737,173613.17239999995,109981.60560000002
2026-10-08T04:40:47.799300+00:00,obs-20261007-01,LIGHT,XRPUSDT,1.0,1.3979,1.398,1.3979499999999998,0.7153587524144633,26679787601,1.3979,1.398,581,442,18912976.25962002,16222200.71725,18796303.48154001,16436546.403269995,506668.44391999993,276171.06235000025,880155.8634100003,667967.24062,1361832.0169000004,891318.58547,2420227.408510002,1722338.62556,3356316.4376900014,1899581.3919199992
2026-10-08T04:40:47.799300+00:00,obs-20261007-01,LIGHT,HBARUSDT,1.0,0.09213,0.09214,0.092135,1.0854227721690535,8393995000,0.09213,0.09214,451,61,1345383.164390002,1318928.07784,1388044.8745900001,1305346.0030400003,8528.287469999996,5159.29631,152725.03263000003,123250.54024999999,256245.25965999998,218532.37960999992,400734.94433,381493.7871599999,855359.0253099997,754468.1518
2026-10-08T04:41:47.799389+00:00,obs-20261007-01,LIGHT,PEPEUSDT,1.0,4.02e-06,4.03e-06,4.025e-06,24.875621890549926,8828203585,4.02e-06,4.03e-06,317,42,906180.5158131997,911458.1588480499,845728.4790503795,734533.41425473,26483.23869444,16886.6922377,74089.03426049999,120636.38510625002,248140.43091166997,355732.81862685,562223.5014214199,638971.14450466,881756.3216710399,924099.87511616
2026-10-08T04:41:47.799389+00:00,obs-20261007-01,LIGHT,BNBUSDT,1.0,766.02,766.03,766.025,0.1305448943900167,20911735368,766.02,766.03,524,132,3738525.0757799977,3530749.2271600002,3731262.3689399986,3492916.004919999,12303.367979999999,9898.159860000002,633924.8044000001,764525.93425,1422162.5658000004,1459080.40892,3897694.8840500005,2839682.4574700003,6435548.482580012,4965981.477009999
2026-10-08T04:41:47.799389+00:00,obs-20261007-01,LIGHT,AAVEUSDT,1.0,172.56,172.57,172.565,0.5795085767257291,10440720701,172.56,172.57,389,57,644535.3845099998,353586.18369000015,648844.8960599999,343730.3287500003,2008.7103100000002,2270.83518,111930.64060000001,84903.52336000004,178797.47808000003,136557.86679000003,268289.44947999984,202372.7306500001,783221.7700599999,242817.52845000004
2026-10-08T04:41:47.799389+00:00,obs-20261007-01,LIGHT,AVAXUSDT,1.0,10.782,10.783,10.782499999999999,0.9274717121132703,10521937847,10.782,10.783,528,417,2704147.0043400005,1080192.0810600007,2737924.620900003,1069856.5173200006,58885.0088099998,22218.36627,163652.39216,137992.22648000004,312191.88287000015,180683.30703000005,428308.69394000014,202579.06839,481080.91333999997,229930.5420099999
2026-10-08T04:41:47.799389+00:00,obs-20261007-01,LIGHT,FILUSDT,1.0,1.0444,1.0446,1.0445,1.9149751053237907,9896448594,1.0444,1.0446,476,205,705123.2788420002,404100.8075880001,656344.2533120001,463712.30502200016,3169.601089,6908.713052000009,60614.525079999985,89918.862925,149776.40510099998,170337.17560699998,259917.683347,222384.42059499997,348051.2969069999,285036.75957900006
2026-10-08T04:41:47.799389+00:00,obs-20261007-01,LIGHT,ALGOUSDT,1.0,0.1171,0.1172,0.11715,8.53970964987294,5664713469,0.1171,0.1172,255,3,131762.0505,79793.29960000004,128491.4229,73774.07250000011,5.503699999999999,124.0148,40741.3639,35928.673200000005,93473.92599999999,63646.219000000005,141589.7847,93941.42689999999,178559.4592,105587.9007
2026-10-08T04:41:47.799389+00:00,obs-20261007-01,LIGHT,XRPUSDT,1.0,1.3978,1.3979,1.39785,0.715409929890054,26679804387,1.3978,1.3979,569,189,9858375.460609997,8844404.825940005,9780772.738200001,8980717.252750006,96223.80048999994,26915.124019999996,1001465.2196200001,547953.21484,1433478.5900900003,765868.2470999999,2499931.1679000007,1587512.50495,3433493.3853599997,1764717.209459999
2026-10-08T04:41:47.799389+00:00,obs-20261007-01,LIGHT,HBARUSDT,1.0,0.09214,0.09215,0.092145,1.0853049706960327,8393999125,0.09214,0.09216,435,42,731296.2152200001,768336.0297900006,707293.8334499997,763339.2926600006,4380.722349999999,2501.8586000000005,152795.24512,135971.74579,286128.70964,225670.1430899999,424737.3260999999,386515.27824999986,886792.9742799998,754239.32602
2026-10-08T04:42:47.805482+00:00,obs-20261007-01,LIGHT,PEPEUSDT,1.0,4.02e-06,4.03e-06,4.025e-06,24.875621890549926,8828205107,4.02e-06,4.03e-06,290,23,697130.577735,528186.19728703,667719.6343700095,485638.29850161995,1945.6106871599998,1598.5134653500002,59615.08555745999,118841.53097726002,235284.16148153,356244.94613218005,569489.91308817,638767.3726903901,873457.2211220401,924032.4856775
2026-10-08T04:42:47.805482+00:00,obs-20261007-01,LIGHT,BNBUSDT,1.0,766.13,766.14,766.135,0.13052615091435626,20911745431,766.13,766.14,518,215,7106516.551949996,4881928.428659998,7106708.927719995,4862997.039269997,13162.64173,72687.16249999999,772506.4771200003,732315.09376,1426839.0725400008,1481115.7932599997,3895480.571680001,2861326.4817700014,6431239.623050014,4985446.860929999
2026-10-08T04:42:47.805482+00:00,obs-20261007-01,LIGHT,AAVEUSDT,1.0,172.31,172.32,172.315,0.5803493703204765,10440725146,172.31,172.32,412,98,974623.8016300002,509709.3785,957543.2701300002,499122.05048,22486.93289,4716.61396,116048.66638999997,77144.27477,204763.29253999994,126905.10555000002,292846.77520999993,196694.59279000002,815755.1945000001,223491.71454999998
2026-10-08T04:42:47.805482+00:00,obs-20261007-01,LIGHT,AVAXUSDT,1.0,10.77,10.771,10.7705,0.9285051067786654,10521948103,10.77,10.771,522,515,3102787.0183099997,1204365.54182,3076457.0828499985,1187060.2202900006,172345.66370999915,73546.92071000005,175352.84012,135090.4892,348747.0366899999,192601.20930000002,453101.91009999986,219345.72618999993,528200.5190699998,242018.83482999986
2026-10-08T04:42:47.805482+00:00,obs-20261007-01,LIGHT,FILUSDT,1.0,1.0452,1.0454,1.0453000000000001,1.9135093761968314,9896453790,1.0452,1.0454,474,74,749206.1116180003,341911.73466199986,720627.7675099996,338305.57155800005,8271.425963,568.1367920000002,76312.71754800002,133199.92542500002,176016.569304,195648.02027400007,276085.1048610002,229579.198936,372461.189898,288913.40955000004
2026-10-08T04:42:47.805482+00:00,obs-20261007-01,LIGHT,ALGOUSDT,1.0,0.117,0.1171,0.11705,8.547008547008517,5664714315,0.117,0.1171,227,5,95737.06909999998,59337.32949999996,98592.62779999997,55019.239,371.3241,16.7596,41150.642100000005,24956.471700000002,94301.1815,58700.37789999999,146746.6248,98004.69919999999,177718.9705,109644.74399999999
2026-10-08T04:42:47.805482+00:00,obs-20261007-01,LIGHT,XRPUSDT,1.0,1.3978,1.3979,1.39785,0.715409929890054,26679817461,1.3978,1.3979,535,170,7386141.871649997,7601150.819289996,7603376.510429995,7275970.2444500085,98315.75452999993,69349.67709000001,892826.9519199999,868481.61783,1335204.3556000004,971859.1954700002,2282691.2703000004,1913697.5732099998,3152261.136969999,2090949.857769999
2026-10-08T04:42:47.805482+00:00,obs-20261007-01,LIGHT,HBARUSDT,1.0,0.092,0.09201,0.092005,1.0869565217386246,8394002998,0.092,0.09201,436,44,762058.6259800001,1358832.5482500002,812528.5201300001,1337559.07249,2086.52981,1901.2506600000004,150958.77893000003,131751.97497,253091.95064000002,232099.39109999998,503703.17849000014,398435.90644999983,847456.7747300001,775525.38054
2026-10-08T04:43:47.824464+00:00,obs-20261007-01,LIGHT,PEPEUSDT,1.0,4.02e-06,4.03e-06,4.025e-06,24.875621890549926,8828205891,4.02e-06,4.03e-06,193,12,482735.66455182986,255104.45479355,356198.56402861,234997.16936034994,3776.5926984,1005.4268471,196145.7111693,82693.70068921,363395.69819922,288542.15466593,696027.01361139,658874.65812359,964308.16445474,944139.7711107
2026-10-08T04:43:47.824464+00:00,obs-20261007-01,LIGHT,BNBUSDT,1.0,766.74,766.75,766.745,0.13042230743165462,20911753269,766.74,766.75,482,151,4848940.928049996,3128443.2571400013,4687040.19125,3145641.447570001,37278.55384,5202.984380000001,620349.3785199999,867339.1699700003,1429911.8380799997,1494092.7697600005,3982690.80364,3102698.1178700016,6220335.016240015,5079076.198879999
2026-10-08T04:43:47.824464+00:00,obs-20261007-01,LIGHT,AAVEUSDT,1.0,172.54,172.55,172.54500000000002,0.5795757505522303,10440728958,172.54,172.55,382,72,723385.4726600001,554420.2505100002,724580.5242399999,500056.2251200002,2706.31767,6460.251360000002,135714.30572,149140.01760999998,189794.86492,199002.8279199999,278076.6908099999,255775.47226999994,802202.6360799997,279326.05104000005
2026-10-08T04:43:47.824464+00:00,obs-20261007-01,LIGHT,AVAXUSDT,1.0,10.767,10.768,10.7675,0.9287638153621103,10521955340,10.767,10.768,487,332,1797684.64366,864372.5161900007,1820953.3456900008,882516.9546900004,57413.83018000013,27353.420430000002,160642.9106,117528.30045,324842.56487,172295.45401999998,429917.95506999997,201098.83464999992,505340.6718999998,222938.88911999986
2026-10-08T04:43:47.824464+00:00,obs-20261007-01,LIGHT,FILUSDT,1.0,1.0472,1.0473,1.04725,0.9549274255160611,9896458223,1.0472,1.0473,443,111,703358.3512059998,357477.53366699995,683149.0914089999,411156.73635699996,1435.062354,20978.51579,55025.15986699999,95606.493304,143214.41856000002,152218.96202099996,265364.5446370001,192010.93076899997,354129.5245850001,238876.94479899987
2026-10-08T04:43:47.824464+00:00,obs-20261007-01,LIGHT,ALGOUSDT,1.0,0.117,0.1171,0.11705,8.547008547008517,5664715305,0.117,0.1171,225,10,140674.65579999998,86943.73790000008,156602.76950000005,85454.0735,358.21770000000004,4767.0786,33333.9712,19665.6695,86303.9929,55557.574199999995,128971.30849999998,97607.12370000001,159688.0341,111134.40840000001
2026-10-08T04:43:47.824464+00:00,obs-20261007-01,LIGHT,XRPUSDT,1.0,1.3992,1.3993,1.3992499999999999,0.7146941109215099,26679829373,1.3992,1.3993,522,143,7783593.650100005,6820165.527400003,7709490.951469997,6933476.5781700015,21572.844930000003,128093.19060999996,909609.9598200001,749638.7822600001,1400397.5969700008,984420.3965800002,2320288.498240001,1803783.22803,3094007.71731,1981472.9397999996
2026-10-08T04:43:47.824464+00:00,obs-20261007-01,LIGHT,HBARUSDT,1.0,0.09216,0.09217,0.092165,1.0850694444441977,8394006265,0.09216,0.09217,377,30,1694693.6176600012,1092684.1764799994,1610944.967590001,1105350.0190699997,2837.047,2493.0397500000004,157067.10366999998,139169.12443,324270.2373499999,249170.08121000003,465770.29881999985,393714.8653899998,922870.9294899994,764323.06057
2026-10-08T04:44:47.852178+00:00,obs-20261007-01,LIGHT,PEPEUSDT,1.0,4.02e-06,4.03e-06,4.025e-06,24.875621890549926,8828207590,4.02e-06,4.03e-06,298,37,829807.08751585,705581.2361744099,893313.9082639499,645649.12590113,16420.50931005,8306.06602391,83762.98589309999,120485.95600262,280361.40753125,346569.85021678003,596194.34647693,628146.02168201,891899.9988948699,915707.53364961
2026-10-08T04:44:47.852178+00:00,obs-20261007-01,LIGHT,BNBUSDT,1.0,766.19,766.2,766.195,0.13051592946844437,20911763117,766.19,766.2,495,180,6384540.641839996,4846152.057039996,6474370.363109993,4797650.393960002,45465.07265,2459.96968,861416.87637,798820.2886800001,1496961.7198600003,1455277.2383299994,3965076.0883300006,3042822.998970001,6515165.265790015,5018886.430000002
2026-10-08T04:44:47.852178+00:00,obs-20261007-01,LIGHT,AAVEUSDT,1.0,172.38,172.39,172.385,0.5801137022842795,10440731737,172.38,172.39,334,56,725148.7212500008,313472.85119000025,724121.0781200004,368765.31207000004,16546.143920000002,3413.8468800000005,131332.42560000002,82395.07848,222168.78181000004,130206.68084,289062.98626,195128.62939000007,812899.63777,223297.76586000004
2026-10-08T04:44:47.852178+00:00,obs-20261007-01,LIGHT,AVAXUSDT,1.0,10.73,10.731,10.7305,0.9319664492069002,10521966174,10.73,10.731,531,439,3379392.184189998,1327561.593609997,3399630.765099998,1304394.5912100002,118532.86360000004,50394.1542,178939.91942,124844.88077999999,354707.2491100001,193938.32754000003,440689.67666999996,218879.99185,487700.26671,235591.4854099999
2026-10-08T04:44:47.852178+00:00,obs-20261007-01,LIGHT,FILUSDT,1.0,1.0458,1.0459,1.0458500000000002,0.9562057754819442,9896462590,1.0458,1.0459,431,64,436091.48959099996,444125.05096999963,459300.90361599973,408536.77162799996,8691.775860999998,501.31348700000007,65469.128394,107239.38197799998,150799.628361,176825.9880719999,247672.3969470001,216497.76146299994,338275.22380200005,273341.7549009998
2026-10-08T04:44:47.852178+00:00,obs-20261007-01,LIGHT,ALGOUSDT,1.0,0.1169,0.117,0.11695,8.554319931566301,5664716558,0.1169,0.117,252,5,215722.37970000002,75954.69459999996,197082.8508,73430.57069999995,1437.4176,209.9524,52463.6136,28232.538099999998,109570.76220000001,63634.7016,146671.2834,92836.88919999999,181835.9402,109236.02449999998
2026-10-08T04:44:47.852178+00:00,obs-20261007-01,LIGHT,XRPUSDT,1.0,1.3982,1.3983,1.39825,0.7152052639103346,26679844567,1.3982,1.3983,536,227,9956877.821309997,10584408.828669993,9731319.431780005,10592601.379640002,159883.26192000002,134529.26172,983226.0473899998,867007.17228,1512263.2145099998,1113959.6715600004,2566201.6157199997,1796772.72545,3347513.290099999,1973534.9716299993
2026-10-08T04:44:47.852178+00:00,obs-20261007-01,LIGHT,HBARUSDT,1.0,0.09212,0.09213,0.092125,1.0855405992193923,8394009650,0.09212,0.09213,410,42,723213.7976300002,1043285.7213399995,738938.5309800002,950944.9426000002,9512.26802,1891.5186200000003,151209.83543,138212.31103,310625.48079,226083.11568,450075.39363000006,374128.49545999995,907224.7647399997,744485.9129000002
2026-10-08T04:45:47.852393+00:00,obs-20261007-01,LIGHT,PEPEUSDT,1.0,4.01e-06,4.02e-06,4.015e-06,24.937655860348684,8828208581,4.01e-06,4.02e-06,269,23,313724.3114604702,432848.9388202201,422621.0981469398,319687.2351571402,39299.43540764,2209.22051982,114239.05193629999,57862.32274847999,294701.6966243,247802.13533074,595006.1672746199,572794.42085171,821728.15869006,916585.30791467
2026-10-08T04:45:47.852393+00:00,obs-20261007-01,LIGHT,BNBUSDT,1.0,765.87,765.88,765.875,0.13057046234887792,20911772871,765.87,765.88,476,172,5468318.565269996,4122786.4763900028,5773156.071009998,3986375.282500001,15470.258010000005,8025.628759999999,609534.7735299998,786462.01999,1390823.0330599993,1371710.9953899996,3858713.3102899985,3024842.4051300017,6418119.1481400095,5149407.85523
2026-10-08T04:45:47.852393+00:00,obs-20261007-01,LIGHT,AAVEUSDT,1.0,172.2,172.21,172.20499999999998,0.5807200929153211,10440735111,172.2,172.21,398,55,808148.6917099996,377352.45522000024,824759.0832799998,357364.2808800002,3906.71248,4096.032969999999,110707.52750000001,93832.83298,223910.74607999998,141934.90067999996,282513.8582,207747.27876000002,800224.89913,239016.19121
2026-10-08T04:45:47.852393+00:00,obs-20261007-01,LIGHT,AVAXUSDT,1.0,10.689,10.69,10.689499999999999,0.9355412105893635,10521986555,10.689,10.69,561,1531,5564274.868629999,1761933.3360199977,5549027.723429998,1797664.7430200002,207028.17576999989,137841.16580999995,206049.24985999995,86653.45240000001,386567.7182299998,159936.47971000004,486045.9876199997,180494.92537000007,695872.4205399996,192446.21876000008
2026-10-08T04:45:47.852393+00:00,obs-20261007-01,LIGHT,FILUSDT,1.0,1.0433,1.0434,1.04335,0.958497076586351,9896468046,1.0433,1.0434,445,105,539723.507768,474019.104725,582034.7069949999,441051.36451699986,5601.916719000001,5183.010281000001,74183.354081,88912.061212,165090.26785499995,161383.06876599998,217833.47525299995,241228.77089399993,303900.5538599998,306154.350766
2026-10-08T04:45:47.852393+00:00,obs-20261007-01,LIGHT,ALGOUSDT,1.0,0.1168,0.1169,0.11685000000000001,8.561643835616195,5664717360,0.1168,0.1169,241,6,100511.56500000002,71906.15329999992,110989.82880000003,56495.377499999995,687.172,128.70690000000002,36331.7368,35021.9706,104579.5892,70451.04770000001,139616.814,104856.54160000001,176675.39979999998,116729.17380000005
2026-10-08T04:45:47.852393+00:00,obs-20261007-01,LIGHT,XRPUSDT,1.0,1.3964,1.3965,1.3964500000000002,0.7161271841882311,26679855670,1.3964,1.3965,524,130,6295069.592009997,7275001.856409998,6549274.645999994,7002866.351290003,55566.69691999999,43514.800740000006,973542.4582600002,981345.6159999999,1548446.3735500001,1236893.2969799996,2360748.232299999,2074811.2726699996,3232309.6293200003,2237849.044620001
2026-10-08T04:45:47.852393+00:00,obs-20261007-01,LIGHT,HBARUSDT,1.0,0.09195,0.09196,0.09195500000000001,1.0875475802052392,8394014047,0.09195,0.09196,409,49,1388208.2594599994,1359222.3816600002,1424500.3911999986,1234424.6624699999,2073.4513,3115.4802900000004,179141.51640000002,121310.48433999998,250745.55437000009,213090.79856999993,541350.2772700001,378150.0955499999,884506.2842299999,749337.85118
2026-10-08T04:46:47.852613+00:00,obs-20261007-01,LIGHT,PEPEUSDT,1.0,4.01e-06,4.02e-06,4.015e-06,24.937655860348684,8828210688,4.01e-06,4.02e-06,323,60,735852.4891762801,1129222.7547241007,627059.2001265701,1007513.0634997301,23666.835207219996,70624.28891035,189963.57885956,96731.58937241999,367571.75177555997,284922.53296683996,670816.0990184299,604238.14682606,897961.2250319999,958054.0789718499
2026-10-08T04:46:47.852613+00:00,obs-20261007-01,LIGHT,BNBUSDT,1.0,765.86,765.87,765.865,0.13057216723622034,20911784941,765.86,765.87,534,225,6685137.02358,6333406.11368,6676014.756469995,6671762.2063000025,16172.325660000004,35160.90917,714341.9106599998,709244.89694,1397718.2024099992,1386484.94824,3867835.5773999984,2686446.862480003,6494469.359660012,4803264.314429999
2026-10-08T04:46:47.852613+00:00,obs-20261007-01,LIGHT,AAVEUSDT,1.0,172.24,172.25,172.245,0.5805852299101133,10440740072,172.24,172.25,465,86,1090255.0583800003,521516.26785999973,1087133.7710199996,542463.6999700001,5327.92147,3804.799710000001,106342.75173999998,67544.01808999998,220701.66486999998,119937.47495999998,280540.09406,187651.6318200001,799691.0197600002,216229.85354000007
2026-10-08T04:46:47.852613+00:00,obs-20261007-01,LIGHT,AVAXUSDT,1.0,10.675,10.676,10.6755,0.9367681498817504,10522001941,10.675,10.676,566,992,4163360.66783,1459043.0504999985,4257763.817759998,1485644.9274699988,80219.12705999997,69899.94297,149995.00654,82572.75908,338351.9115699998,116055.80429999997,396849.2995899997,152267.83099,578727.3589599996,171496.45232999994
2026-10-08T04:46:47.852613+00:00,obs-20261007-01,LIGHT,FILUSDT,1.0,1.0434,1.0435,1.04345,0.9584052137245891,9896473638,1.0434,1.0435,455,194,583988.3527079999,437197.6841319998,602639.1227509999,442046.7192119999,6789.4020340000025,7586.803964999997,63003.580500000004,83857.50812999999,158593.53285999995,157343.71111899999,199167.80934999994,236397.62933799997,285269.11410299974,301305.12506800005
2026-10-08T04:46:47.852613+00:00,obs-20261007-01,LIGHT,ALGOUSDT,1.0,0.1167,0.1168,0.11674999999999999,8.568980291345785,5664718496,0.1167,0.1168,239,8,173741.90410000007,117609.71069999998,169269.92990000002,130033.45309999998,6239.4306,1431.2672000000002,47645.951199999996,16866.2582,96517.2309,47805.81970000001,146318.94340000002,85123.6432,178565.46009999997,101150.44810000001
2026-10-08T04:46:47.852613+00:00,obs-20261007-01,LIGHT,XRPUSDT,1.0,1.3964,1.3965,1.3964500000000002,0.7161271841882311,26679871969,1.3964,1.3965,577,188,10616010.863820001,10849837.628719991,10828368.26298001,10834887.549980005,170911.25478,106759.25581999999,791663.0247099999,1039148.63198,1336435.0068000006,1141166.9900100003,2145635.43856,2091282.008960001,3019894.2943300013,2254310.388650001
2026-10-08T04:46:47.852613+00:00,obs-20261007-01,LIGHT,HBARUSDT,1.0,0.09199,0.092,0.091995,1.087074682031286,8394017930,0.09199,0.092,408,47,1150054.97316,899565.6120799998,1158155.2333900002,884609.7553600001,2379.8412200000002,3304.65968,159738.72763999997,123958.51584999998,281171.7875,230892.69795999996,533242.5517600001,393995.74696999986,875815.3071399999,763375.87813
2026-10-08T04:47:47.853167+00:00,obs-20261007-01,LIGHT,PEPEUSDT,1.0,4.02e-06,4.03e-06,4.025e-06,24.875621890549926,8828212981,4.02e-06,4.03e-06,283,52,870046.7278455498,1102628.556500021,606494.4496722099,1068865.0812467695,16733.639939999997,34908.37887608,74376.90446657999,110471.63689744001,272410.57709626,346153.62751304003,730310.00708503,635891.92780339,1031141.04068977,949226.3062177999
2026-10-08T04:47:47.853167+00:00,obs-20261007-01,LIGHT,BNBUSDT,1.0,766.07,766.08,766.075,0.13053637396120976,20911796313,766.07,766.08,500,232,7496242.006060009,6872165.662309999,7487869.349060004,6682840.266810002,6800.6318200000005,68488.01065000003,726444.5238499999,765328.70592,1398465.7100499994,1420612.6296899999,3872224.0996099995,2879105.162010001,6436536.853500012,4995459.87744
2026-10-08T04:47:47.853167+00:00,obs-20261007-01,LIGHT,AAVEUSDT,1.0,172.5,172.51,172.505,0.5797101449278586,10440744693,172.5,172.51,408,98,1122592.9339999994,486910.2468100002,1126748.6627500001,484720.34402000014,4798.960410000001,11914.916449999999,86930.33425999999,91628.14649000001,164313.91891999997,142744.55636000002,261233.35488999984,196540.23574000015,779981.72074,221331.3050900001
2026-10-08T04:47:47.853167+00:00,obs-20261007-01,LIGHT,AVAXUSDT,1.0,10.683,10.684,10.683499999999999,0.9360666479452107,10522013933,10.683,10.684,546,592,3464880.607130002,1129910.421999999,3486977.962819998,1111154.7816899994,66900.19244999991,40380.372120000015,169763.33760000003,87290.88444000001,317819.14051999996,138345.99737000006,370402.20798999997,181581.05557000008,536926.1998599997,203531.59285000002
2026-10-08T04:47:47.853167+00:00,obs-20261007-01,LIGHT,FILUSDT,1.0,1.0476,1.0477,1.04765,0.9545628102336501,9896480510,1.0476,1.0477,503,170,854248.8533680002,632914.9574119997,757825.7646080003,692296.826467,1502.960563,10857.538148000001,71690.127274,79324.701387,146497.67360500005,143585.97746999998,264181.018488,211945.66785599993,341119.64170600014,237745.97512499988
2026-10-08T04:47:47.853167+00:00,obs-20261007-01,LIGHT,ALGOUSDT,1.0,0.1168,0.1169,0.11685000000000001,8.561643835616195,5664719384,0.1168,0.1169,210,5,171672.45829999997,108004.6725,161889.68450000006,101390.7872,117.7503,601.8704,49843.3431,14959.1159,106408.7561,46871.512200000005,148455.35520000002,91832.9905,182621.31079999998,103706.56740000001
2026-10-08T04:47:47.853167+00:00,obs-20261007-01,LIGHT,XRPUSDT,1.0,1.3971,1.3972,1.39715,0.7157683773528767,26679884527,1.3971,1.3972,551,178,8342522.419760004,8315051.700199993,8154490.28932,8430168.971479997,73443.07360000005,197901.15343,849924.9501600002,960314.3947800001,1478639.0279000003,1026395.9967500002,2301773.200210001,1981240.8682000004,3160116.3559999997,2156422.316540001
2026-10-08T04:47:47.853167+00:00,obs-20261007-01,LIGHT,HBARUSDT,1.0,0.0921,0.09211,0.09210499999999999,1.085776330076449,8394021733,0.0921,0.09211,391,44,1489644.2011300009,1202724.3944700002,1450249.3080099996,1219272.6265199997,2055.6002099999996,7897.738310000001,172595.49465999997,123937.19349,313459.01876,234216.95637,455802.3060699999,378509.2114399999,912560.2070099998,747137.9292700001
2026-10-08T04:48:47.887686+00:00,obs-20261007-01,LIGHT,PEPEUSDT,1.0,4.02e-06,4.03e-06,4.025e-06,24.875621890549926,8828214107,4.02e-06,4.03e-06,303,17,567455.9693253601,448162.4215013902,555108.99435896,445744.43873502,779.3668389599999,4360.54628633,117178.78764299999,90933.04864566,285075.66005743,347953.74766590004,742656.9820514299,638309.91056976,1031665.9229100898,951644.28898417
2026-10-08T04:48:47.887686+00:00,obs-20261007-01,LIGHT,BNBUSDT,1.0,766.33,766.34,766.335,0.13049208565485415,20911805331,766.33,766.34,519,194,6575941.784820001,4736704.933770001,6502535.2295400025,4925307.944610001,85951.41921000002,33122.57582999998,621725.2023199999,758392.7087099997,1416318.3160299992,1414404.9479299998,3922623.99788,2841973.5136700007,6279371.561520012,4802886.278879998
2026-10-08T04:48:47.887686+00:00,obs-20261007-01,LIGHT,AAVEUSDT,1.0,172.52,172.53,172.525,0.5796429399484992,10440749691,172.52,172.53,411,88,1062441.0833300005,387983.69976,1049498.8855100004,400067.3101800002,2700.913009999999,4442.4504,74904.15043,87173.70774000001,151992.79567,133677.43648,271187.2491899998,185417.06781000012,790726.6104599999,210472.33569000007
2026-10-08T04:48:47.887686+00:00,obs-20261007-01,LIGHT,AVAXUSDT,1.0,10.692,10.693,10.692499999999999,0.9352787130567641,10522024375,10.692,10.693,514,699,3659686.419980004,1087465.1010600007,3527742.049290001,1098742.5214500003,57387.758400000086,55523.88142,195054.36694,85632.24235000001,402987.13376999996,144743.3860200001,498796.0985799997,164535.22912000006,649024.0195500001,198195.82538000008
2026-10-08T04:48:47.887686+00:00,obs-20261007-01,LIGHT,FILUSDT,1.0,1.0491,1.0492,1.04915,0.9531979792209988,9896485016,1.0491,1.0492,422,110,586481.1557430001,414072.34464999964,560018.9647390005,459966.1937710003,9152.706868,3497.4962759999994,60029.068745,74029.27441000001,148592.20792399996,124380.979153,282619.33352999995,177254.93769,350839.6667539999,208736.57742299992
2026-10-08T04:48:47.887686+00:00,obs-20261007-01,LIGHT,ALGOUSDT,1.0,0.1169,0.117,0.11695,8.554319931566301,5664720170,0.1169,0.117,177,4,104656.9704,87525.95890000001,98254.3152,88722.2664,177.8049,433.69899999999996,40328.821800000005,27076.636400000003,95719.35740000001,57126.794200000004,147017.25280000002,92406.4115,186936.80240000002,102877.1336
2026-10-08T04:48:47.887686+00:00,obs-20261007-01,LIGHT,XRPUSDT,1.0,1.3989,1.399,1.3989500000000001,0.7148473800833166,26679898436,1.3989,1.399,537,246,9311099.932550006,8457749.941720003,8742984.952669999,8734467.597549995,59775.39502,151520.04174999995,1167161.9549200002,649985.40157,1756753.821459999,1054562.3970499998,2844029.541009998,1710440.4561700001,3603877.3800599976,1887221.76584
2026-10-08T04:48:47.887686+00:00,obs-20261007-01,LIGHT,HBARUSDT,1.0,0.09221,0.09222,0.09221499999999999,1.0844810758037227,8394025286,0.09221,0.09222,375,32,810904.6221100002,681737.2255400001,780293.47198,709924.7707900003,2656.781,3363.255659999999,156167.12454000002,115566.38517,266848.6245999999,214756.58344000002,480426.8156499999,361513.0722,943053.6626599998,720113.3545700001
2026-10-08T04:49:47.889656+00:00,obs-20261007-01,LIGHT,PEPEUSDT,1.0,4.03e-06,4.04e-06,4.035e-06,24.81389578163684,8828215153,4.03e-06,4.04e-06,258,31,511930.35811016994,700843.2231998702,511561.02466044977,770281.4307080797,168.19234822,30071.437795540005,73494.28520005001,137827.70320076,335788.65685873,367763.26295096,621189.04446217,757408.16481794,870285.96657408,959481.8515106998
2026-10-08T04:49:47.889656+00:00,obs-20261007-01,LIGHT,BNBUSDT,1.0,766.79,766.8,766.795,0.13041380299672056,20911812483,766.79,766.8,483,99,5601829.023829997,3692704.315940001,5501854.386689999,3592499.076340002,7318.58636,11308.42137,750205.6025300004,833640.28401,1543129.61275,1460572.9761899996,3963282.7849,3244699.550460001,6364142.011620013,5070332.745639998
2026-10-08T04:49:47.889656+00:00,obs-20261007-01,LIGHT,AAVEUSDT,1.0,172.82,172.83,172.825,0.5786367318605379,10440753944,172.82,172.83,403,77,1067200.8712699986,353954.1071299999,1033304.9843299993,375156.7357500001,5360.935540000001,1750.6518300000005,93867.25065,87279.21572999998,165503.30656999996,131624.29365999997,283400.4487100001,170037.37245999998,807086.3017700004,243130.91873
2026-10-08T04:49:47.889656+00:00,obs-20261007-01,LIGHT,AVAXUSDT,1.0,10.719,10.72,10.7195,0.9329228472809703,10522036320,10.719,10.72,528,539,3207387.275699999,1200101.3271100014,3243672.387910003,1212477.91811,92007.15531000023,45868.03029000002,146134.10554999998,86428.08296000001,295476.56284999993,123713.33559,440009.62354999984,155662.03461000003,505550.2716299998,191759.55197
2026-10-08T04:49:47.889656+00:00,obs-20261007-01,LIGHT,FILUSDT,1.0,1.0495,1.0497,1.0496,1.905669366364382,9896488642,1.0495,1.0496,447,89,354318.23846799985,343670.820364,350016.4997469999,342328.86451100005,5956.47174,1221.4722129999998,73499.89697,79419.68013599998,150175.39280300002,121445.9939,281470.367339,178849.63482700003,369087.36886899994,214185.27685200004
2026-10-08T04:49:47.889656+00:00,obs-20261007-01,LIGHT,ALGOUSDT,1.0,0.1171,0.1172,0.11715,8.53970964987294,5664721342,0.1171,0.1172,259,4,161916.2157,150644.9718000001,145654.5617,149464.7657,197.69490000000002,333.4442,31931.3889,25481.1547,95848.1588,62923.067899999995,155421.6184,94100.41199999997,181623.36729999998,105863.88059999996
2026-10-08T04:49:47.889656+00:00,obs-20261007-01,LIGHT,XRPUSDT,1.0,1.4011,1.4012,1.40115,0.7137249304123294,26679909687,1.4011,1.4012,550,193,7146249.648750001,7424857.974570001,7328187.839300003,7387090.046909999,99136.27430000009,52863.0154,1097612.06716,837334.1694,1545289.2244499996,1071785.8331999998,2604646.65556,1770572.0907300005,3381632.51507,1934843.9673400007
2026-10-08T04:49:47.889656+00:00,obs-20261007-01,LIGHT,HBARUSDT,1.0,0.09235,0.09236,0.09235499999999999,1.0828370330262516,8394028707,0.09235,0.09236,368,38,1711534.9601599998,814204.15136,1688709.351319999,830482.1314100003,2600.62499,4063.5066000000006,174921.84213999996,130491.54840999999,292990.01356999995,219291.71887000004,498571.04896,346658.07717000006,970543.0089199999,714572.3636
2026-10-08T04:50:47.898162+00:00,obs-20261007-01,LIGHT,PEPEUSDT,1.0,4.02e-06,4.03e-06,4.025e-06,24.875621890549926,8828216325,4.02e-06,4.03e-06,266,30,600599.7340105502,659338.7987126705,647413.2705499701,540794.7365675902,18135.790331360004,1435.68725016,245083.27141025997,73455.18119121001,390680.8532252,265372.77317729004,652197.77729312,658901.31022905,897821.2925116902,1019811.6942221599
2026-10-08T04:50:47.898162+00:00,obs-20261007-01,LIGHT,BNBUSDT,1.0,766.9,766.91,766.905,0.13039509714429798,20911823633,766.9,766.91,538,229,8937217.199119996,6386089.388939998,9068640.798020002,6830008.619810006,42974.87264,24156.72555,713177.7202200003,688642.8816800002,1413773.6468000012,1469861.471409999,4103535.8255700017,2995427.2343999995,6230024.692670016,5126048.677399996
2026-10-08T04:50:47.898162+00:00,obs-20261007-01,LIGHT,AAVEUSDT,1.0,172.76,172.77,172.765,0.5788376939119821,10440758689,172.76,172.77,420,90,1021466.9370900007,604433.5849899999,1021449.73595,580602.91495,2995.1925399999996,4568.8442000000005,94938.32778999998,92007.49181,174018.54265000002,136279.90914999996,273350.9839200001,189759.21701,793189.5332500003,266164.6051
2026-10-08T04:50:47.898162+00:00,obs-20261007-01,LIGHT,AVAXUSDT,1.0,10.713,10.714,10.7135,0.933445346775752,10522051018,10.713,10.714,550,1001,3615989.608139999,1561588.90414,3674311.0045800037,1538763.71552,64137.74948999992,54659.16045999999,203611.94675000003,87147.41773000002,329618.68634,137262.86700000003,391227.73587999993,176327.91363999998,498538.86386000004,214218.92993
2026-10-08T04:50:47.898162+00:00,obs-20261007-01,LIGHT,FILUSDT,1.0,1.0498,1.0499,1.0498500000000002,0.9525623928374749,9896495188,1.0498,1.0499,517,164,677293.3656240008,741924.4543889994,695948.8380489994,713108.1829899999,5869.412830000001,12172.177731999998,109858.19191000001,80310.510979,202664.045926,137688.20220700002,264041.72941499995,206092.74929500007,354500.2652589999,247591.98133800004
2026-10-08T04:50:47.898162+00:00,obs-20261007-01,LIGHT,ALGOUSDT,1.0,0.1171,0.1172,0.11715,8.53970964987294,5664722634,0.1171,0.1172,272,5,119146.44960000005,154525.94880000007,124588.17780000008,145501.82740000007,0.0,365.83770000000004,41754.102100000004,20866.8276,95814.00190000002,64279.626000000004,147664.0624,99745.3825,182780.187,113424.0968
2026-10-08T04:50:47.898162+00:00,obs-20261007-01,LIGHT,XRPUSDT,1.0,1.3998,1.3999,1.3998499999999998,0.714387769680247,26679920929,1.3998,1.3999,543,122,6414480.762159999,7290393.015270003,6839224.66328,7097272.080930003,48762.313570000006,55623.89483999999,969183.1918200002,937295.1107499999,1466951.9869099995,1014437.8963499999,2193237.5161199993,1957330.6750200007,2988819.9027799997,2135079.3796700016
2026-10-08T04:50:47.898162+00:00,obs-20261007-01,LIGHT,HBARUSDT,1.0,0.09226,0.09227,0.092265,1.083893344895337,8394032934,0.09226,0.09227,422,59,1691211.8243000004,1770834.0571700004,1795273.1587000007,1629796.5324900013,4230.28604,4598.52034,164462.93175,132237.50510000004,260397.43502000003,223126.91207000002,406133.0279200001,375607.75415000005,878369.6669399999,739537.4328800001
2026-10-08T04:51:47.898654+00:00,obs-20261007-01,LIGHT,PEPEUSDT,1.0,4.03e-06,4.04e-06,4.035e-06,24.81389578163684,8828218222,4.03e-06,4.04e-06,319,41,625590.0037844502,957887.7916540403,503013.44933324,1021201.58659477,14799.02652213,18281.441844120007,111268.65475284001,123649.53719148,346657.25122146,349671.10125123,641326.28274748,741230.42938478,897505.26139547,963989.4131358899
2026-10-08T04:51:47.898654+00:00,obs-20261007-01,LIGHT,BNBUSDT,1.0,767.66,767.67,767.665,0.13026600317767034,20911831420,767.66,767.67,472,196,5535104.083030003,3890179.6340099988,5908163.559670006,4604994.696720003,16131.746869999999,27824.187289999983,610559.0229099998,646644.2154300002,1151703.3508000001,1295688.08005,3425503.9595300015,2534596.3567500026,5333179.471040011,4465451.75793
2026-10-08T04:51:47.898654+00:00,obs-20261007-01,LIGHT,AAVEUSDT,1.0,172.92,172.93,172.925,0.5783021050209669,10440762707,172.92,172.93,353,75,958799.7050299995,367022.5933699997,980361.9983900001,384676.4969600002,10226.89175,23794.233229999998,68864.30142999999,66832.55166000003,117278.25838999997,109916.34698999999,250075.53129000004,176620.30448999998,806725.6174300002,256587.70475000003
2026-10-08T04:51:47.898654+00:00,obs-20261007-01,LIGHT,AVAXUSDT,1.0,10.736,10.737,10.7365,0.9314456035758312,10522061505,10.736,10.737,513,647,2474321.287039998,1068588.2180200003,2442623.5270999996,1113478.2895199994,56301.98672000044,35449.07516000001,166597.86995999995,69924.91981000002,308803.4287699999,121320.12483,412175.29343999975,133449.8965500001,475401.8037799999,171836.09373000008
2026-10-08T04:51:47.898654+00:00,obs-20261007-01,LIGHT,FILUSDT,1.0,1.0511,1.0514,1.05125,2.854152792313158,9896499875,1.0511,1.0514,438,118,517166.56546400045,372320.15196400014,537987.9459379998,406654.776367,2713.0400820000004,3336.7195500000003,55107.134849,67929.469322,126037.74225099999,111966.163663,231837.49789799994,184606.42696799999,323546.4458359999,217390.99757800004
2026-10-08T04:51:47.898654+00:00,obs-20261007-01,LIGHT,ALGOUSDT,1.0,0.1171,0.1173,0.1172,17.07941929974366,5664723189,0.1171,0.1173,161,4,54795.52289999998,45400.1729,97851.5522,62748.774499999985,0.0,129.6232,17743.5398,17763.002,58828.862199999996,46928.616299999994,90757.6331,82396.78089999998,139253.3048,94445.61569999998
2026-10-08T04:51:47.898654+00:00,obs-20261007-01,LIGHT,XRPUSDT,1.0,1.4018,1.4019,1.40185,0.7133685261795364,26679930211,1.4018,1.4019,512,126,5773449.286120002,4872190.751749998,5225954.777209997,5159073.275470001,60668.3745,86104.96352000002,1233117.0996499998,628150.3102200002,1727153.0038700001,872612.31082,2724555.290129999,1679098.9101600004,3502174.4607200003,1862091.2499500008
2026-10-08T04:51:47.898654+00:00,obs-20261007-01,LIGHT,HBARUSDT,1.0,0.09237,0.09238,0.092375,1.082602576594205,8394037056,0.09237,0.09238,404,51,1546589.4149799992,708259.7723999999,1535528.1090699995,762411.9975800001,5461.7049400000005,4095.5220000000004,139690.73563,106363.53963,202936.37998000006,187235.51834,413750.9684,321882.0391600001,888048.7036299999,685286.40095
2026-10-08T04:52:47.899273+00:00,obs-20261007-01,LIGHT,PEPEUSDT,1.0,4.03e-06,4.04e-06,4.035e-06,24.81389578163684,8828219148,4.03e-06,4.04e-06,235,15,264955.56834403996,283697.35799730005,262226.3291381401,346070.6915295498,315.84296835000004,894.6604967200001,105748.38730248001,108197.44921744001,343409.58258888,289526.13491884,644055.52195338,678857.0958525301,901435.4985206501,1024231.3188341301
2026-10-08T04:52:47.899273+00:00,obs-20261007-01,LIGHT,BNBUSDT,1.0,767.94,767.95,767.945,0.13021850665317913,20911842350,767.94,767.95,506,264,10484603.7707,7914419.964769998,10286935.438690001,8172304.520129999,7098.1394799999935,101650.67806999998,684335.3655900003,647595.7154699997,1156988.36542,1141370.5503599995,2919977.2819800028,2558376.715689999,5639282.72773001,4551448.307529997
2026-10-08T04:52:47.899273+00:00,obs-20261007-01,LIGHT,AAVEUSDT,1.0,172.95,172.97,172.95999999999998,1.1564035848521392,10440767457,172.95,172.96,430,52,1274638.9283899993,525661.09751,1273047.6958600003,516132.4910200001,1007.10281,2815.7137900000002,71155.2633,72292.08364999999,117358.81723000002,114084.48658999996,248945.33031999998,195649.37980999995,800412.5020000002,269589.96069
2026-10-08T04:52:47.899273+00:00,obs-20261007-01,LIGHT,AVAXUSDT,1.0,10.735,10.736,10.7355,0.9315323707514978,10522072060,10.735,10.736,518,637,2937343.8230199977,1073237.2775800005,2963486.437690003,1021072.7691400001,60429.4342100002,15239.930829999994,153497.87407000002,84683.06698,284476.05377000006,139592.27782,385689.0768,178825.50473,494082.98259000015,229642.73454000006
2026-10-08T04:52:47.899273+00:00,obs-20261007-01,LIGHT,FILUSDT,1.0,1.0513,1.0517,1.0514999999999999,3.804813088559289,9896505476,1.0514,1.0517,470,120,457059.9264200003,448994.57128800004,461631.15615299996,434074.5196269999,3581.9949970000016,14830.059428999999,59080.763513000005,69608.404655,131591.708332,119223.03111300002,231506.762554,206812.25230099997,333387.651402,255491.70871599996
2026-10-08T04:52:47.899273+00:00,obs-20261007-01,LIGHT,ALGOUSDT,1.0,0.1172,0.1173,0.11725,8.532423208191808,5664724436,0.1172,0.1173,233,2,151316.95760000002,108337.76919999998,117340.8837,93838.19349999998,0.0,32.9894,23842.244599999998,17022.609399999998,59689.94739999999,46779.3061,124131.19889999999,92175.3275,186863.9591,111601.83549999999
2026-10-08T04:52:47.899273+00:00,obs-20261007-01,LIGHT,XRPUSDT,1.0,1.4025,1.4026,1.4025500000000002,0.7130124777177116,26679941908,1.4025,1.4026,536,145,6391844.266390003,7591454.949059992,6676700.699580003,7382363.877619995,97333.31371,187966.5252399999,998427.5216699999,771111.3886500001,1479424.1261800008,939906.1172500001,2428016.7926700013,1902947.7301000003,3245178.7573700016,2098353.4580500005
2026-10-08T04:52:47.899273+00:00,obs-20261007-01,LIGHT,HBARUSDT,1.0,0.09238,0.09239,0.092385,1.082485386447729,8394041032,0.09238,0.09239,380,38,1745088.885450001,1459617.94948,1722298.8749100002,1410419.6738400003,3164.5212,2898.1268299999997,140489.36203999995,121017.15177,237055.67882000003,220033.97346,435573.78944,370944.4084799999,946406.27108,743388.09592
2026-10-08T04:53:47.904689+00:00,obs-20261007-01,LIGHT,PEPEUSDT,1.0,4.03e-06,4.04e-06,4.035e-06,24.81389578163684,8828219807,4.03e-06,4.04e-06,174,17,494001.34078491013,93578.23483375003,482264.26758409996,92096.75059396999,1006.2369254600001,1002.3545868400001,138902.37612953002,86939.87964356001,355981.56045143004,292301.74482446,655792.59515419,680338.58009231,892450.65168845,1016083.86363391
2026-10-08T04:53:47.904689+00:00,obs-20261007-01,LIGHT,BNBUSDT,1.0,768.24,768.25,768.245,0.1301676559406495,20911852881,768.24,768.25,478,143,5261628.332300002,3800279.6634999975,4687342.883249997,3290954.61297,6761.121269999998,16858.546309999998,934470.4897999997,847082.5045899999,1555399.8264900001,1507215.4816499993,3242180.409230001,3074952.80515,6178669.995760012,5166067.260529998
2026-10-08T04:53:47.904689+00:00,obs-20261007-01,LIGHT,AAVEUSDT,1.0,172.97,172.98,172.975,0.5781349366928978,10440771486,172.97,172.98,372,83,782109.6950099994,397779.52113,740881.53648,388787.99773,23181.18506,7688.231720000002,119045.88064000003,87163.28242,188390.66925000006,140938.77685000002,289179.67016999994,203184.9866100001,802690.06409,265647.41114000016
2026-10-08T04:53:47.904689+00:00,obs-20261007-01,LIGHT,AVAXUSDT,1.0,10.753,10.754,10.753499999999999,0.9299730307810172,10522081787,10.753,10.754,505,484,2766846.9444999993,1104802.5202999995,2694625.8762700018,1105028.3255200002,26030.275250000075,18999.664139999993,182874.42482,112372.71300000002,360650.82264,169012.41516,446741.1958600001,180728.11672000005,525808.56047,218752.08994000006
2026-10-08T04:53:47.904689+00:00,obs-20261007-01,LIGHT,FILUSDT,1.0,1.0513,1.0515,1.0514000000000001,1.9024065442807547,9896508833,1.0513,1.0515,407,50,395640.08293100016,276227.088287,378218.53643500013,274318.30655200005,1968.8945600000002,834.752462,78196.821417,80376.901761,180187.89255400005,130886.458239,248935.81393900004,209116.92923599997,330636.34194000013,251125.21495699993
2026-10-08T04:53:47.904689+00:00,obs-20261007-01,LIGHT,ALGOUSDT,1.0,0.1173,0.1174,0.11735000000000001,8.525149190110604,5664725190,0.1173,0.1174,207,2,110115.6502,49964.34390000002,85923.35000000003,56287.642599999985,40.7031,117.3,28479.437599999997,28369.6835,95588.826,59905.9307,141357.383,90804.9733,184635.36649999997,105569.75859999999
2026-10-08T04:53:47.904689+00:00,obs-20261007-01,LIGHT,XRPUSDT,1.0,1.404,1.4041,1.4040499999999998,0.7122507122514499,26679950974,1.404,1.4041,521,128,5231362.839269996,5257997.083839998,4958694.319959998,5238684.219680002,107757.95274,74554.75903000002,1031590.6735100001,779835.9728000001,1908567.64495,1113877.15569,2678700.0784100005,1929381.7496799997,3419421.6259600013,2113667.9851
2026-10-08T04:53:47.904689+00:00,obs-20261007-01,LIGHT,HBARUSDT,1.0,0.09245,0.09246,0.09245500000000001,1.0816657652790163,8394044806,0.09245,0.09246,389,42,799413.4743200006,613042.7390699999,753054.6126300008,625702.5780699996,1913.4176400000003,6325.704180000002,186077.53006000005,139235.4605,312715.01407,223931.66672999994,479318.8838100001,358979.7166199999,960276.2785399999,722753.6933699999
2026-10-08T04:54:47.905315+00:00,obs-20261007-01,LIGHT,PEPEUSDT,1.0,4.03e-06,4.04e-06,4.035e-06,24.81389578163684,8828220370,4.03e-06,4.04e-06,151,12,146646.1579534,141538.88076012002,164398.62767803,244669.86109892995,0.0,873.3442447200001,116146.91192234,87577.07195028,336783.42765848,277173.78531123,638040.12542956,577207.5997535,885957.28656313,825097.3309516599
2026-10-08T04:54:47.905315+00:00,obs-20261007-01,LIGHT,BNBUSDT,1.0,767.9,767.91,767.905,0.13022528975170644,20911862988,767.9,767.91,488,133,4539638.337499999,3973439.3763,4788130.410689999,3938289.1504700007,89202.71324999999,3761.37497,709855.3775399999,848805.6734899995,1309702.57361,1538085.9627899993,3247593.8765500025,3102236.944639998,5967850.491390009,5185964.887849991
2026-10-08T04:54:47.905315+00:00,obs-20261007-01,LIGHT,AAVEUSDT,1.0,173.14,173.16,173.14999999999998,1.1551345731786178,10440774846,173.14,173.15,341,99,1096126.6646099996,363194.2342899998,1139874.3342100005,373228.60523999995,11461.307269999994,16309.483699999995,64994.46759000001,84179.18063,153610.70809000003,130443.53102,237337.36428000004,194144.03124,755841.8362000001,258342.8574200001
2026-10-08T04:54:47.905315+00:00,obs-20261007-01,LIGHT,AVAXUSDT,1.0,10.759,10.76,10.7595,0.9294544102611546,10522089979,10.759,10.76,458,455,1892528.73009,925006.9804700002,1913868.627199999,913065.6520999998,46839.66479000007,13559.001670000001,135517.20637,112850.44801000001,310918.82219000004,173985.61902000007,414352.31630999985,193736.71120000017,495781.4313499998,229847.02631000016
2026-10-08T04:54:47.905315+00:00,obs-20261007-01,LIGHT,FILUSDT,1.0,1.0514,1.0515,1.05145,0.9511128019812354,9896511910,1.0515,1.0516,380,105,374372.1782200002,268540.8342180003,428064.74027799995,269234.2848980001,10948.696984000004,4139.889955,43275.354874,69917.27652099999,138951.30504799998,132805.89968599996,195235.74699200003,208423.47855599993,273034.3014870001,250441.79567799988
2026-10-08T04:54:47.905315+00:00,obs-20261007-01,LIGHT,ALGOUSDT,1.0,0.1172,0.1173,0.11725,8.532423208191808,5664725851,0.1173,0.1174,155,5,50245.98349999999,75287.17460000006,65219.4719,64056.18380000006,1517.0055000000002,510.84569999999997,44376.5484,22306.5936,97579.8878,66602.3747,128922.5372,96988.33810000001,174999.8113,113394.4349
2026-10-08T04:54:47.905315+00:00,obs-20261007-01,LIGHT,XRPUSDT,1.0,1.4034,1.4035,1.4034499999999999,0.7125552230302645,26679959772,1.4032,1.4033,527,167,4724722.34599,5107305.832459998,5448958.3185600005,5007700.58348,386614.05513,111435.48910000005,696170.4133,856383.4139499998,1077783.8083100002,1213134.2387599992,1967091.7742500007,2028986.1750299986,2697049.6208900013,2229465.9304
2026-10-08T04:54:47.905315+00:00,obs-20261007-01,LIGHT,HBARUSDT,1.0,0.09248,0.0925,0.09249,2.1626297577848064,8394047465,0.09248,0.09249,317,44,690932.6377100003,475482.24512,752847.0507599999,472668.2375599999,13535.185209999998,1269.55636,109445.82401,136305.98839999997,240551.68995,232000.70052999997,416591.77741999994,370942.63556,896827.3218399996,725579.71215
2026-10-08T04:55:47.915749+00:00,obs-20261007-01,LIGHT,PEPEUSDT,1.0,4.03e-06,4.04e-06,4.035e-06,24.81389578163684,8828221080,4.03e-06,4.04e-06,178,16,181424.68897241994,322859.56642010005,160603.91298429,216633.49314138008,619.16358218,2121.20881952,116341.68073021,101454.86674716,358899.50999971,361347.46132551006,658860.90141769,683433.67303222,906231.4571160101,1018100.79981761
2026-10-08T04:55:47.915749+00:00,obs-20261007-01,LIGHT,BNBUSDT,1.0,767.58,767.59,767.585,0.1302795799795753,20911871399,767.58,767.59,448,118,3666627.500200002,4275217.165149997,3636205.36861,4258392.713210001,19880.75935,13629.888489999994,734699.5768099998,827796.2156099997,1409208.1074599996,1551622.9886900007,3899839.444750002,3031284.6282300004,6005650.802040014,5187576.597139996
2026-10-08T04:55:47.915749+00:00,obs-20261007-01,LIGHT,AAVEUSDT,1.0,173.18,173.19,173.185,0.5774338838193671,10440778985,173.18,173.19,386,70,1450177.8528799992,353877.42869,1379541.3429700006,354661.6139300001,1344.0154699999998,9072.370139999999,108242.75108999998,89813.35921000001,174099.95905999996,140069.85223000002,304149.38589,194178.50652000005,821743.3184499999,257950.97554000013
2026-10-08T04:55:47.915749+00:00,obs-20261007-01,LIGHT,AVAXUSDT,1.0,10.746,10.747,10.746500000000001,0.9305788200264509,10522098515,10.746,10.747,514,512,2268016.7860500007,812679.7325400005,2333941.0325199985,821194.0656199998,50338.24958999999,34658.098,143016.95328999995,80566.75062,325076.7912499999,151395.37466000003,364381.0233299998,181699.91857000007,439637.46400999976,220257.49939000007
2026-10-08T04:55:47.915749+00:00,obs-20261007-01,LIGHT,FILUSDT,1.0,1.051,1.0511,1.05105,0.9514747859173944,9896516244,1.051,1.0511,419,114,479806.19366,430608.22997899976,446980.35693999997,410632.66043900006,2548.606369,2121.833287000001,75926.759462,83417.96649800001,171542.37964599996,146275.76593500003,227762.97872899997,219794.589137,307154.6248189998,270246.9776629999
2026-10-08T04:55:47.915749+00:00,obs-20261007-01,LIGHT,ALGOUSDT,1.0,0.1174,0.1175,0.11745,8.517887563883608,5664726735,0.1174,0.1175,189,6,103538.74559999997,78966.17550000003,77641.9413,83075.68670000005,206.5762,5364.263000000001,29887.5319,34249.9865,88303.5604,72416.6296,147748.3179,98096.2639,190399.05719999998,109866.08799999999
2026-10-08T04:55:47.915749+00:00,obs-20261007-01,LIGHT,XRPUSDT,1.0,1.4024,1.4025,1.40245,0.7130633200236325,26679968797,1.4024,1.4025,517,108,5122371.665990001,5203425.181459999,4896359.1117,5005858.576960001,25740.17065,35918.31772999998,834955.6642099997,1089769.6456999998,1426877.0725599998,1233727.3785300003,2215186.6947499993,2222164.5650500003,2911094.1312900013,2424014.743000001
2026-10-08T04:55:47.915749+00:00,obs-20261007-01,LIGHT,HBARUSDT,1.0,0.09251,0.09252,0.092515,1.080964220085967,8394050890,0.09251,0.09252,365,30,671391.6398399998,648825.19659,612980.1746500002,646974.9514700004,2344.44794,3151.125429999999,140859.22952999998,151296.50116,286784.04607999994,232401.40101,475003.2426099999,372792.88068000006,953654.0147099997,727464.89257
2026-10-08T04:56:47.946608+00:00,obs-20261007-01,LIGHT,PEPEUSDT,1.0,4.03e-06,4.04e-06,4.035e-06,24.81389578163684,8828221703,4.03e-06,4.04e-06,182,15,242755.11442953997,242683.52900256022,270976.92299943004,233381.13324908013,0.0,1340.2653984400001,36308.832233700006,137335.16377276002,299056.4538312,364648.10262721,630639.0928478,692736.0687857,886462.43901308,1073632.31521049
2026-10-08T04:56:47.946608+00:00,obs-20261007-01,LIGHT,BNBUSDT,1.0,766.52,766.53,766.525,0.13045974012415584,20911884133,766.52,766.53,536,199,5784743.609279998,7882325.170559999,6215416.3475399995,7647063.210369996,96852.17567000001,12183.76776,846051.0837899997,723265.6988700001,1489756.5541799997,1450263.8393200005,4114185.1414900017,2813774.602000002,6178449.2986200135,4832820.360419998
2026-10-08T04:56:47.946608+00:00,obs-20261007-01,LIGHT,AAVEUSDT,1.0,172.93,172.94,172.935,0.5782686636202072,10440781384,172.93,172.94,299,41,1080072.7430199997,275024.0954,973871.0184900003,246522.59244000007,1004.1503299999999,2529.5673799999995,160971.16357,94042.54663,320010.40462999995,149149.60092,420580.91147999984,217271.1561000001,934881.65454,281491.77042000013
2026-10-08T04:56:47.946608+00:00,obs-20261007-01,LIGHT,AVAXUSDT,1.0,10.731,10.732,10.7315,0.9318796011559272,10522102928,10.731,10.732,417,239,1439422.82766,469547.08334000007,1412801.60035,447165.75813000003,16111.118329999988,12461.335669999999,201198.56866999995,119578.79761000002,362505.01947,182016.08827000004,397327.10127,203357.66242999997,468521.8001,241711.47857000004
2026-10-08T04:56:47.946608+00:00,obs-20261007-01,LIGHT,FILUSDT,1.0,1.0494,1.0496,1.0495,1.905850962453659,9896518823,1.0494,1.0496,327,35,299323.7037979999,277160.90058800014,314566.3898449999,262669.30701399996,3251.850821000001,1517.5021660000002,109470.10727000001,73590.685433,180280.859723,135968.832324,224028.030704,218053.50713700007,307909.7168359999,275703.22354899975
2026-10-08T04:56:47.946608+00:00,obs-20261007-01,LIGHT,ALGOUSDT,1.0,0.1173,0.1174,0.11735000000000001,8.525149190110604,5664727884,0.1173,0.1174,219,61,195542.04460000002,85667.92819999991,204101.15779999996,81967.80279999998,1565.7616,3900.9453,31488.912599999996,23487.5144,84494.2417,66786.41930000001,142625.5873,97501.64610000001,182399.4315,109455.59879999999
2026-10-08T04:56:47.946608+00:00,obs-20261007-01,LIGHT,XRPUSDT,1.0,1.4011,1.4012,1.40115,0.7137249304123294,26679975590,1.4011,1.4012,436,69,4106673.2739699963,3423590.1818399983,4073568.2358499994,3362184.797029997,77568.33404000002,23360.286260000004,888280.36365,1031576.3850199998,1526428.4030899995,1282921.93971,2260123.51084,2282375.4537899992,2986958.821330001,2464164.3891600007
2026-10-08T04:56:47.946608+00:00,obs-20261007-01,LIGHT,HBARUSDT,1.0,0.09229,0.0923,0.09229499999999999,1.0835410120257905,8394054021,0.09229,0.0923,348,38,821568.2281300002,1417977.1456400007,897553.7539300001,1386157.14807,4713.93825,3640.99348,143646.01123,146024.96810999996,249448.74522000004,201728.20720999994,414821.26487,387707.2331499998,883885.8054299996,748772.5547599999
2026-10-08T04:57:47.951316+00:00,obs-20261007-01,LIGHT,PEPEUSDT,1.0,4.02e-06,4.03e-06,4.025e-06,24.875621890549926,8828222778,4.02e-06,4.03e-06,185,37,199172.83668886998,571898.11173041,187504.27478372995,468175.21715643007,42628.970852000006,25807.48777693,231421.55337582,13115.498959290002,396545.22924414,211386.14316449003,696400.1674018,593062.81428554,939821.48586935,1028537.1374390399
2026-10-08T04:57:47.951316+00:00,obs-20261007-01,LIGHT,BNBUSDT,1.0,766.45,766.46,766.455,0.13047165503321523,20911893168,766.45,766.46,472,136,3922541.9638,5000246.446839999,3838459.0948899994,4995405.943789999,37140.27184,6522.852859999997,774214.3991300004,811606.3440299999,1528561.7536500006,1458264.7300199997,4202719.172020002,2923508.527170001,6313078.608380021,4839582.585279997
2026-10-08T04:57:47.951316+00:00,obs-20261007-01,LIGHT,AAVEUSDT,1.0,172.65,172.66,172.655,0.5792064871124047,10440784662,172.65,172.66,308,58,790244.6039199998,347044.56468999997,935898.5268900004,339617.95541999995,8840.967419999997,2919.28447,142769.29727,80523.16683999999,218265.42195000008,136910.92493999997,278937.79167,199886.69012000004,796387.6864600001,277434.82134
2026-10-08T04:57:47.951316+00:00,obs-20261007-01,LIGHT,AVAXUSDT,1.0,10.729,10.73,10.7295,0.9320533134515863,10522107039,10.729,10.73,366,119,1274895.4074900006,457738.7709000001,1257487.6196399995,463167.46118,18266.603419999985,7494.0882599999995,200621.01727000004,136802.97454,372216.4879200001,186131.94174999997,414742.3252200001,198233.10712999993,485793.5107700002,235914.12336999996
2026-10-08T04:57:47.951316+00:00,obs-20261007-01,LIGHT,FILUSDT,1.0,1.0484,1.0485,1.0484499999999999,0.9538344143456001,9896521572,1.0484,1.0485,348,38,359791.833903,333896.6800899998,359563.803651,300637.23789399996,3101.1126389999995,503.119084,109118.39364100002,88105.94576600002,187605.20287199997,145770.15877400004,227672.05126999997,242325.00987100005,330143.1162089999,282784.4950529998
2026-10-08T04:57:47.951316+00:00,obs-20261007-01,LIGHT,ALGOUSDT,1.0,0.1172,0.1173,0.11725,8.532423208191808,5664728378,0.1172,0.1173,145,4,105412.35250000001,35929.038099999976,104064.71169999999,31776.267399999975,252.6642,339.2316,31897.4622,27316.555399999997,100190.2657,65654.3153,146511.87070000003,95641.1343,189138.71070000003,111955.7762
2026-10-08T04:57:47.951316+00:00,obs-20261007-01,LIGHT,XRPUSDT,1.0,1.401,1.4011,1.4010500000000001,0.7137758743747113,26679982742,1.401,1.4011,451,85,4678665.928250005,3796222.378790001,4498100.164839998,4131560.3960800036,24033.34215,43249.55772000001,1223766.4564000003,813674.08623,1564880.6134600001,1187275.3439100005,2440872.3718500007,1947457.577350001,3182662.2659,2129286.5998900025
2026-10-08T04:57:47.951316+00:00,obs-20261007-01,LIGHT,HBARUSDT,1.0,0.09224,0.09225,0.092245,1.0841283607976315,8394057521,0.09224,0.09225,340,47,855990.2749200005,1731926.4229000006,869291.5167299998,1638126.37787,3956.48396,6052.71584,120304.59836999999,127972.96861000003,271541.5735,177707.42023999998,401527.5129399999,368926.99587,776309.1179400001,720732.2233699999
2026-10-08T04:58:47.953091+00:00,obs-20261007-01,LIGHT,PEPEUSDT,1.0,4.03e-06,4.04e-06,4.035e-06,24.81389578163684,8828223529,4.03e-06,4.04e-06,179,19,104475.24861772999,509841.94500512,61114.07630980999,530899.7880921101,5.5781446500000005,10938.21987037,11730.08236842,142963.31335,267770.37534378,363802.399906,606555.88144006,677395.89568949,889366.12364787,1032603.94650538
2026-10-08T04:58:47.953091+00:00,obs-20261007-01,LIGHT,BNBUSDT,1.0,766.96,766.97,766.965,0.13038489621308713,20911901576,766.96,766.97,495,157,4525601.40786,3715469.18547,4592479.7278499985,3687966.470759998,7243.584980000001,59803.71822999998,655747.6339300001,835043.3705500005,1396171.178220001,1585478.3092000005,3744786.455790002,3147671.3252000012,6225766.421560016,4897074.1156699965
2026-10-08T04:58:47.953091+00:00,obs-20261007-01,LIGHT,AAVEUSDT,1.0,172.72,172.73,172.725,0.5789717461790467,10440785772,172.72,172.73,217,22,377390.48302000016,96678.93154999998,374168.90878000006,99591.6856,1332.08985,726.6902499999999,101629.43747,92817.80047999999,211542.25400000002,139914.88549999995,281686.30868,201437.66282000003,798883.80024,277151.19131
2026-10-08T04:58:47.953091+00:00,obs-20261007-01,LIGHT,AVAXUSDT,1.0,10.731,10.732,10.7315,0.9318796011559272,10522113410,10.731,10.732,390,197,1616386.7895400003,632596.3636900001,1632094.2776799998,649038.2843500004,63330.24242999998,51282.51217,198087.40592000002,103630.80846,359135.3675900001,163781.30187000002,399027.4009799999,181807.44243999996,469952.48528,220497.52234999998
2026-10-08T04:58:47.953091+00:00,obs-20261007-01,LIGHT,FILUSDT,1.0,1.0484,1.0485,1.0484499999999999,0.9538344143456001,9896524723,1.0484,1.0485,365,71,368298.25553099986,361915.845525,356215.20359800005,366759.7295109998,2083.880891,1135.30076,82865.766371,74876.75900299998,167196.28680999996,140492.806828,240059.790905,237924.89014099998,341386.607241,277910.17300399987
2026-10-08T04:58:47.953091+00:00,obs-20261007-01,LIGHT,ALGOUSDT,1.0,0.1173,0.1174,0.11735000000000001,8.525149190110604,5664728767,0.1173,0.1174,141,1,72224.79860000002,25667.635499999997,66321.09079999999,29169.656400000007,72.0222,0.0,26552.3619,32278.730899999995,81796.6106,70737.68569999999,149940.5587,96934.3344,188283.82899999997,108887.95289999999
2026-10-08T04:58:47.953091+00:00,obs-20261007-01,LIGHT,XRPUSDT,1.0,1.4013,1.4014,1.4013499999999999,0.7136230642967867,26679987758,1.4013,1.4014,426,61,2403928.61763,2256749.6897500013,2447756.15623,2085494.2515200002,14580.336290000001,30278.410699999993,1014391.9959099999,988816.4900900002,1641178.7311299995,1414414.6304600001,2394327.456440001,2118846.4639399983,3126362.0262200013,2300802.52158
2026-10-08T04:58:47.953091+00:00,obs-20261007-01,LIGHT,HBARUSDT,1.0,0.09233,0.09234,0.092335,1.0830715910326028,8394060121,0.09233,0.09234,317,25,1154683.2717699998,404709.6767400001,1105337.2003399997,423618.61575999967,3166.5554899999997,2603.95823,155659.00786,122333.86785000001,289810.97977000003,217374.21073000002,450148.9703000001,350538.66434,822520.0304100001,712317.75418
2026-10-08T04:59:47.959723+00:00,obs-20261007-01,LIGHT,PEPEUSDT,1.0,4.03e-06,4.04e-06,4.035e-06,24.81389578163684,8828224441,4.03e-06,4.04e-06,196,21,459620.11763867014,527739.5056105704,424928.15317202994,466568.94739611016,11360.133546970002,10226.04904347,17326.61196708,143577.22335084,278172.16454261995,367957.09944189,612760.91666334,686232.2513542001,866362.42164326,1037042.0497571802
2026-10-08T04:59:47.959723+00:00,obs-20261007-01,LIGHT,BNBUSDT,1.0,766.97,766.98,766.975,0.13038319621294647,20911908293,766.97,766.98,426,105,2302693.8302299995,2642506.8086400004,2239083.4102000003,2615327.635809999,21694.42054,4281.153849999999,725092.3159400001,904759.3259100002,1480211.847940001,1612163.0417600002,3807541.8909000033,3175027.894190001,6275023.359250022,4924691.580559996
2026-10-08T04:59:47.959723+00:00,obs-20261007-01,LIGHT,AAVEUSDT,1.0,172.68,172.69,172.685,0.5791058605497668,10440787329,172.68,172.69,253,24,535632.7730500001,248437.49328999993,545648.4466600002,242607.33771999995,242.17578999999998,937.25535,115312.88133000005,87958.43209,211463.02152000007,136713.93903999997,272020.29213,202855.53964000003,788199.05522,282966.19658
2026-10-08T04:59:47.959723+00:00,obs-20261007-01,LIGHT,AVAXUSDT,1.0,10.734,10.735,10.7345,0.9316191540897911,10522118815,10.734,10.735,438,146,1561858.8952300001,605102.2642300001,1529088.0409599994,580652.1578100001,23953.25987000002,28551.050230000004,188130.60621,127116.83110999998,381601.05965000007,189359.01837999994,431700.06979999994,206462.31821999987,502266.34591999993,244456.77716999987
2026-10-08T04:59:47.959723+00:00,obs-20261007-01,LIGHT,FILUSDT,1.0,1.0489,1.049,1.04895,0.9533797311478409,9896527540,1.0489,1.049,353,78,374049.77883300016,256650.9180370002,371982.81514899986,267980.00752,1023.3849779999999,2419.240231000001,85824.19849000001,73848.096486,180272.583638,141737.74438499997,241771.51570000005,227284.28513100004,323161.30783000006,266611.529437
2026-10-08T04:59:47.959723+00:00,obs-20261007-01,LIGHT,ALGOUSDT,1.0,0.1173,0.1174,0.11735000000000001,8.525149190110604,5664729146,0.1173,0.1174,132,0,82585.95560000003,19589.362800000003,80325.58300000003,18280.2494,0.0,0.0,40177.1661,28693.8206,105517.74540000001,70576.3572,152200.9313,98243.44780000001,190076.408,110046.8936
2026-10-08T04:59:47.959723+00:00,obs-20261007-01,LIGHT,XRPUSDT,1.0,1.4014,1.4015,1.40145,0.7135721421436259,26679993810,1.4014,1.4015,441,67,2979549.35456,2993584.6139199967,3038039.127250001,2939977.6664299984,23195.243860000006,107258.78401,927020.5085700001,1044197.62836,1741206.62477,1192094.69463,2335497.3545300006,2173626.67102,3064938.1660800013,2356922.4227100015
2026-10-08T04:59:47.959723+00:00,obs-20261007-01,LIGHT,HBARUSDT,1.0,0.09228,0.09229,0.092285,1.0836584308626662,8394062146,0.09228,0.09229,285,17,465287.94119000004,229397.85450000007,475418.03050000005,197810.48080999998,2506.51788,2368.02644,148225.48859,130879.58205999999,302678.60815,237236.50420999998,440736.00518000004,382112.98362,812580.0310800001,733689.2930000001
2026-10-08T05:00:47.983418+00:00,obs-20261007-01,LIGHT,PEPEUSDT,1.0,4.03e-06,4.04e-06,4.035e-06,24.81389578163684,8828225453,4.03e-06,4.04e-06,238,12,640390.4659300803,375120.34472871985,631346.4648355204,496971.54825596034,15.720582670000002,915.50665432,92737.92452626,105277.89081056001,323958.20500036,265019.64078461,621804.9177579,564381.04782696,844821.3279618999,827129.65208874
2026-10-08T05:00:47.983418+00:00,obs-20261007-01,LIGHT,BNBUSDT,1.0,767.44,767.45,767.445,0.13030334619079653,20911918948,767.44,767.45,480,187,4365011.354799998,4178109.1866799993,4445289.86869,4521223.584459998,4804.629970000001,28057.70511999999,592735.4197899998,842528.3301199997,1308878.8389400002,1579688.5195999995,3703604.205410004,3083307.8030100004,5996495.004180015,4895387.39796
2026-10-08T05:00:47.983418+00:00,obs-20261007-01,LIGHT,AAVEUSDT,1.0,172.82,172.83,172.825,0.5786367318605379,10440790738,172.82,172.83,370,49,632624.20037,397935.8769299997,617726.7392700003,394028.10519000003,262.32601999999997,4734.71051,99428.76380999997,94587.46102,209960.88746999996,151266.25854999997,279552.8526799999,210960.42899000004,793128.9828099998,285243.71117
2026-10-08T05:00:47.983418+00:00,obs-20261007-01,LIGHT,AVAXUSDT,1.0,10.749,10.75,10.749500000000001,0.9303190994502941,10522127591,10.749,10.75,476,296,2323625.1772100003,882825.6131000001,2333018.7802400007,900368.8330500005,20448.93704999994,43261.50924999998,176622.66267,101308.35627999999,348049.58775,161047.8376,411199.0451799999,189692.72173999992,491102.8854299999,227245.45365999988
2026-10-08T05:00:47.983418+00:00,obs-20261007-01,LIGHT,FILUSDT,1.0,1.0498,1.0499,1.0498500000000002,0.9525623928374749,9896532066,1.0498,1.0499,425,116,472343.27603699977,541905.3787839994,447905.57373800024,557733.3940450001,2149.7992809999996,4985.236331999997,85767.815066,78146.489607,169532.64271,142356.20994799997,262695.247506,215061.277186,347290.3218399999,251252.20354899994
2026-10-08T05:00:47.983418+00:00,obs-20261007-01,LIGHT,ALGOUSDT,1.0,0.1176,0.1177,0.11765,8.503401360544505,5664730125,0.1176,0.1177,196,5,251992.05849999998,106603.69570000005,241138.78989999995,114760.9474,0.0,3178.4185,26440.3445,33178.758200000004,68783.269,65369.23440000001,147729.7934,92988.5843,189937.74649999998,107805.39410000002
2026-10-08T05:00:47.983418+00:00,obs-20261007-01,LIGHT,XRPUSDT,1.0,1.4018,1.4019,1.40185,0.7133685261795364,26680002925,1.4018,1.4019,470,122,4983266.623979999,4573950.399460002,5035859.146749999,4660071.998609995,37485.91972,76239.72425000001,736363.47085,967320.93498,1277594.2383200002,1218840.15061,2281997.480580002,2089685.8864600004,3011684.7008500025,2280237.3278900017
2026-10-08T05:00:47.983418+00:00,obs-20261007-01,LIGHT,HBARUSDT,1.0,0.0923,0.09231,0.092305,1.0834236186352264,8394065139,0.0923,0.09231,349,32,680806.2149400001,434320.2748999999,689985.18997,445172.81001,1027.56104,6452.870869999999,138147.21959999998,122322.52399999999,294517.6224800001,227046.17020999998,431557.03015,371260.44850999996,804503.8030199999,723039.5819899999
2026-10-08T05:01:47.987463+00:00,obs-20261007-01,LIGHT,PEPEUSDT,1.0,4.03e-06,4.04e-06,4.035e-06,24.81389578163684,8828226062,4.03e-06,4.04e-06,169,13,129289.10051476,445276.8869130899,82504.15548936,343228.2745331,0.0,1173.8913870000001,132731.96886469002,70990.84561152001,376283.23471273,272852.34414132003,668589.8627833,666429.66020695,889486.8433723401,1062358.00926134
2026-10-08T05:01:47.987463+00:00,obs-20261007-01,LIGHT,BNBUSDT,1.0,768.31,768.32,768.315,0.13015579648945064,20911925973,768.31,768.32,466,134,6346614.067359998,4705369.559569997,6132187.17341,5020244.013760001,1094.18744,12202.205039999999,596368.50539,843815.0375400003,1314690.9251700002,1588225.0199300002,2934818.7830900014,3062848.211079997,5991543.472290011,5154114.980239999
2026-10-08T05:01:47.987463+00:00,obs-20261007-01,LIGHT,AAVEUSDT,1.0,173.15,173.16,173.155,0.5775339301172799,10440793384,173.15,173.16,314,36,670672.1518700002,334135.7920700001,644623.99802,370786.33812,396.71992,3597.6935700000004,101253.14694999998,85790.72631999999,193197.7777100001,136632.46978999997,295809.98289000016,188748.00019000002,814075.01468,253159.6472000001
2026-10-08T05:01:47.987463+00:00,obs-20261007-01,LIGHT,AVAXUSDT,1.0,10.771,10.772,10.7715,0.9284189026081968,10522134052,10.771,10.772,456,218,1626078.08324,722026.6342000001,1597083.4486599995,730939.5493700001,7740.186000000011,34129.752490000006,165508.75317,117539.15518999999,333867.30059,169663.44989999995,428607.3016,196408.86784999998,501215.5516399999,220907.7258
2026-10-08T05:01:47.987463+00:00,obs-20261007-01,LIGHT,FILUSDT,1.0,1.0517,1.0518,1.0517500000000002,0.9508414947223542,9896535372,1.0517,1.0518,387,64,390143.68346499983,406933.7287309999,356277.087719,437395.688326,3753.055349,750.0676930000002,83123.86692999999,85637.839525,175235.73358200002,147612.25084199995,284770.47361499997,195954.6991089999,362513.57670700003,221510.28107499986
2026-10-08T05:01:47.987463+00:00,obs-20261007-01,LIGHT,ALGOUSDT,1.0,0.1178,0.1179,0.11785000000000001,8.48896434634927,5664731111,0.1178,0.1179,186,8,261017.20250000004,91256.801,246864.67359999998,93005.90250000001,1216.5720000000001,4516.4349999999995,24892.591,27518.499299999996,63375.1051,67541.2405,147112.09509999998,93636.1777,192675.88999999998,116269.7936
2026-10-08T05:01:47.987463+00:00,obs-20261007-01,LIGHT,XRPUSDT,1.0,1.4039,1.404,1.40395,0.7123014459708976,26680011147,1.4039,1.404,492,80,5132316.757399996,4261594.381159998,4891211.27635,4471330.9310099995,58813.22284000002,16107.912069999995,857972.6770599999,754502.5484100003,1442258.2768700002,1095923.3320100002,2497460.17805,1900428.7985800004,3165804.05157,2090610.6239600007
2026-10-08T05:01:47.987463+00:00,obs-20261007-01,LIGHT,HBARUSDT,1.0,0.09247,0.09248,0.092475,1.0814318157259528,8394069043,0.09247,0.09248,372,41,2028606.6128400008,849812.9236899999,2001941.8705499999,896894.6557799994,2963.9424700000004,2263.1990899999996,162067.77161,117407.45491999999,274495.66848,200183.65444999994,455023.46913000004,331450.1789,827907.8932900002,682164.37426
2026-10-08T05:02:47.993966+00:00,obs-20261007-01,LIGHT,PEPEUSDT,1.0,4.03e-06,4.04e-06,4.035e-06,24.81389578163684,8828227153,4.03e-06,4.04e-06,240,24,510373.6069231399,600046.7621218202,597375.5013471202,525045.3537129404,5123.6591942800005,3409.314269640001,101490.88006018,96646.09034764001,281706.67085025995,311107.49592544,564013.7874993199,694364.18172879,787632.1789921499,1077237.54907465
2026-10-08T05:02:47.993966+00:00,obs-20261007-01,LIGHT,BNBUSDT,1.0,767.94,767.95,767.945,0.13021850665317913,20911934857,767.94,767.95,467,166,5384806.15606,5909156.097540001,5390254.09056,5827867.221110003,10761.805620000008,12546.166019999997,753728.31898,715037.43614,1351536.8544500005,1563536.4339700008,3285476.811270003,3136696.5649099993,5869378.325370011,5221666.921669994
2026-10-08T05:02:47.993966+00:00,obs-20261007-01,LIGHT,AAVEUSDT,1.0,173.08,173.09,173.085,0.5777675063556309,10440796568,173.08,173.09,354,38,745951.4234699999,466637.56178999983,761639.86699,453020.70476,1959.8014700000006,930.3252399999998,115311.99958999999,88456.43358,195952.56300999998,143063.16246000005,282548.2194900001,201666.43139000004,799081.7216599998,266522.7620200001
2026-10-08T05:02:47.993966+00:00,obs-20261007-01,LIGHT,AVAXUSDT,1.0,10.763,10.764,10.7635,0.9291089844842837,10522144564,10.763,10.764,517,588,2506194.527800001,1075829.237400001,2532848.47914,1036903.6909700002,20077.787340000017,18859.074879999996,198882.66607,153897.06171999997,354622.61767,203938.34744999994,403954.1428699999,221079.50623999996,482694.8141099998,258139.39302999995
2026-10-08T05:02:47.993966+00:00,obs-20261007-01,LIGHT,FILUSDT,1.0,1.0499,1.05,1.04995,0.9524716639686126,9896540260,1.0499,1.05,436,77,533634.6999830005,632899.0925329999,591744.0149810001,606547.151175,2585.9300429999994,2126.6740119999995,65071.69342299999,67612.620714,173156.58125999998,138246.874114,242367.44582000002,214581.38955399996,327749.08318600006,251024.4630149999
2026-10-08T05:02:47.993966+00:00,obs-20261007-01,LIGHT,ALGOUSDT,1.0,0.1177,0.1178,0.11775,8.49617672047609,5664732180,0.1177,0.1178,222,9,288897.6782000001,78169.09589999999,296570.61539999995,71317.3217,2163.4862000000003,140.4189,22262.976799999997,24447.9447,59336.581600000005,67356.8913,140365.71469999998,98771.32720000001,179133.0271,116097.08600000001
2026-10-08T05:02:47.993966+00:00,obs-20261007-01,LIGHT,XRPUSDT,1.0,1.403,1.4031,1.40305,0.7127583749100275,26680019012,1.403,1.4031,471,82,4451367.362149997,5226676.6921500005,4786757.952949999,4665480.907059998,17079.261359999997,17487.968460000004,752731.3100599997,1144827.5080100002,1419715.0543999989,1531473.9184,2166588.47812,2457792.25285,2878926.7303999993,2652168.3754100017
2026-10-08T05:02:47.993966+00:00,obs-20261007-01,LIGHT,HBARUSDT,1.0,0.09252,0.09253,0.092525,1.080847384349326,8394073241,0.09252,0.09253,403,59,1637345.7688900016,1238731.7318199999,1611060.2958299997,1213467.3922599992,5053.753380000001,6198.117799999998,156223.50115,143094.06862,304972.04874000006,233927.45333999998,481287.42037000007,365317.23388,854315.8552700002,717480.88845
2026-10-08T05:03:48.003508+00:00,obs-20261007-01,LIGHT,PEPEUSDT,1.0,4.03e-06,4.04e-06,4.035e-06,24.81389578163684,8828228503,4.03e-06,4.04e-06,282,20,878315.0007843301,600652.5056803197,829951.7157917799,617037.5382582999,3370.2472935300007,1471.7081249300004,130416.24490882001,78287.41339692,278556.42365949997,273881.11046172003,565233.80473714,644440.95520023,786320.7571859899,1010679.03585461
2026-10-08T05:03:48.003508+00:00,obs-20261007-01,LIGHT,BNBUSDT,1.0,768.32,768.33,768.325,0.13015410245786896,20911945782,768.32,768.33,515,145,7956522.166569998,7274951.842739997,7891694.00542,7297701.442400004,9148.576439999999,14452.252900000001,758211.70597,883332.9048600001,1429172.3309900006,1549998.6859399993,3192535.0174500025,3212251.655849997,6096412.01567002,5198143.323349993
2026-10-08T05:03:48.003508+00:00,obs-20261007-01,LIGHT,AAVEUSDT,1.0,173.13,173.15,173.14,1.155201293825403,10440802158,173.13,173.15,407,68,1019365.5253399998,838334.7943799997,1042148.3337499999,850838.2606499998,2442.66107,8316.14491,77370.61263999998,78976.72867999999,141827.73040999996,128690.06392999995,253605.94392999998,188468.30946999998,771521.5520499998,250975.59168000007
2026-10-08T05:03:48.003508+00:00,obs-20261007-01,LIGHT,AVAXUSDT,1.0,10.779,10.78,10.779499999999999,0.9277298450682814,10522155421,10.779,10.78,510,345,3393783.5934999995,1091804.9323200006,3379970.722349998,1125657.3691399996,54098.86213000001,21012.99459999999,160003.20081999997,122069.11540000002,313277.40048,171747.2031300001,414619.8581,199453.87461000014,484662.56539999973,225062.59390000012
2026-10-08T05:03:48.003508+00:00,obs-20261007-01,LIGHT,FILUSDT,1.0,1.0512,1.0513,1.05125,0.9512937595124171,9896546250,1.0512,1.0513,473,79,577109.5013599998,464034.4623480002,540258.4745639998,487527.07886100037,3147.5508140000006,3752.6753379999996,98665.405536,81250.70280200003,175841.19393499996,140067.63079900004,271534.565233,194808.84829300002,344535.12401700014,228072.767038
2026-10-08T05:03:48.003508+00:00,obs-20261007-01,LIGHT,ALGOUSDT,1.0,0.1177,0.1178,0.11775,8.49617672047609,5664733517,0.1177,0.1178,265,7,193083.29260000002,123950.20530000006,197706.16990000007,124801.22470000006,809.712,1621.3368999999998,18745.226300000002,28665.0082,62421.231499999994,61627.3415,139009.2644,89811.44189999998,180271.42790000004,107174.72869999998
2026-10-08T05:03:48.003508+00:00,obs-20261007-01,LIGHT,XRPUSDT,1.0,1.4037,1.4038,1.40375,0.7124029350991101,26680031353,1.4037,1.4038,532,145,8895173.035380004,7072162.3725100085,8563378.732290002,7428624.297640003,163478.22238999995,76724.04979999998,1107686.0845700002,967651.8693900001,1600056.7831500003,1456771.3766399994,2494161.261690002,2109135.39051,3161074.1449700007,2299964.860250001
2026-10-08T05:03:48.003508+00:00,obs-20261007-01,LIGHT,HBARUSDT,1.0,0.09257,0.09258,0.09257499999999999,1.0802635843143449,8394077635,0.09257,0.09258,420,66,1344116.8657700003,1357023.3776599998,1392947.8930500008,1366971.4850700002,6586.125239999999,5583.4977899999985,133632.42067,129095.24785000001,251468.6683699999,219847.41067000004,432260.40499999985,350952.31859000004,804432.5434,702321.99916
2026-10-08T05:04:48.004411+00:00,obs-20261007-01,LIGHT,PEPEUSDT,1.0,4.03e-06,4.04e-06,4.035e-06,24.81389578163684,8828229442,4.03e-06,4.04e-06,215,14,188083.13862085997,448904.0333494501,166534.61831156997,435445.2062393501,1472.9512093400003,958.2050062800001,106428.50434853001,81724.39818932001,300062.74899551,288005.36431142,586782.32504643,657899.78231033,808118.7200934,1040452.82888681
2026-10-08T05:04:48.004411+00:00,obs-20261007-01,LIGHT,BNBUSDT,1.0,768.05,768.06,768.055,0.1301998567804219,20911957747,768.05,768.06,519,170,9933259.76955,7096147.370929996,9931804.497130003,7165366.580130002,47417.118220000004,25934.29257,760083.9960400001,791586.8589700002,1449900.4954899997,1475628.2045899995,3358819.721710001,3045743.5849299966,6082523.253060013,5132452.6991899945
2026-10-08T05:04:48.004411+00:00,obs-20261007-01,LIGHT,AAVEUSDT,1.0,173.14,173.15,173.14499999999998,0.5775672865904191,10440805718,173.17,173.18,376,56,919484.9264800001,467280.2605900001,876649.2651099997,461158.4533100001,6480.04664,903.52996,116791.13784,86325.98646000001,207034.90196000005,138117.69443000006,295449.40436000004,194590.1167500001,811717.8102099999,261025.0480100002
2026-10-08T05:04:48.004411+00:00,obs-20261007-01,LIGHT,AVAXUSDT,1.0,10.773,10.774,10.773499999999999,0.9282465422821851,10522166984,10.773,10.774,526,416,3253147.2572999992,1243766.135300001,3244397.475299998,1223658.352770001,57104.91612000016,35134.91329999999,183595.53022,135698.10883,316534.74731999997,191469.31154000005,423489.86308,218966.13286,496278.3702699998,243361.62224
2026-10-08T05:04:48.004411+00:00,obs-20261007-01,LIGHT,FILUSDT,1.0,1.0502,1.0503,1.0502500000000001,0.9521995810324313,9896550871,1.0502,1.0503,395,59,474492.99136099976,524340.5402920002,495298.7528249999,500966.9229290001,1727.7197400000005,1329.087281,76505.78660999998,98857.92011,181505.58499699994,161152.20029300003,255151.78858599998,214510.00077500008,341063.80770800007,250922.27488700012
2026-10-08T05:04:48.004411+00:00,obs-20261007-01,LIGHT,ALGOUSDT,1.0,0.1177,0.1178,0.11775,8.49617672047609,5664734712,0.1177,0.1178,228,11,276831.3924,101968.28080000007,271199.7053,102311.88410000002,1696.04,3276.9781999999996,22467.6221,28143.9865,58794.6204,61212.1016,144640.9515,89467.83859999997,185414.2432,107084.09379999997
2026-10-08T05:04:48.004411+00:00,obs-20261007-01,LIGHT,XRPUSDT,1.0,1.4037,1.4038,1.40375,0.7124029350991101,26680041429,1.4038,1.4039,511,99,6608819.967850003,6172970.684179992,6619328.980280004,6370654.736259995,37756.56193999999,26685.795720000002,1111625.0898199999,738659.26722,1573160.9877,1252163.62867,2483901.7004100014,1913462.7358000001,3149687.728550002,2116761.630290001
2026-10-08T05:04:48.004411+00:00,obs-20261007-01,LIGHT,HBARUSDT,1.0,0.09251,0.09252,0.092515,1.080964220085967,8394082022,0.09251,0.09252,405,36,879703.9154099998,1282301.8319600003,849732.1032899998,1286660.8240800004,2368.86788,3223.48779,138986.49891,130199.53247,251567.69353999998,212956.19634,462444.14187,345666.95774,835297.9702900001,697892.0089599999
2026-10-08T05:05:48.004784+00:00,obs-20261007-01,LIGHT,PEPEUSDT,1.0,4.03e-06,4.04e-06,4.035e-06,24.81389578163684,8828230175,4.03e-06,4.04e-06,185,11,215184.12334258007,265777.9673095599,225642.03965679999,261171.86932764013,4.75686692,951.3439914400001,95536.74148798,104834.46219624001,290004.77704042,292611.46229334,576324.4087322099,662505.88029225,807999.43799018,1045058.92686873
2026-10-08T05:05:48.004784+00:00,obs-20261007-01,LIGHT,BNBUSDT,1.0,768.1,768.11,768.105,0.13019138133119057,20911966661,768.1,768.11,506,179,5273160.989959993,4980400.818279998,5564404.631479994,4886472.210559998,9369.94497,9361.519390000003,689097.5832600001,909605.8749199996,1405804.8796700002,1569412.2804099992,3067092.3708300013,3139759.0791399973,5791046.642970004,5216018.403559994
2026-10-08T05:05:48.004784+00:00,obs-20261007-01,LIGHT,AAVEUSDT,1.0,173.05,173.06,173.055,0.5778676683032558,10440810031,173.05,173.06,393,55,878971.99787,923648.8079100001,886323.4396999996,832089.2032900001,1690.86489,2453.97083,112421.84042,166639.938,197489.4987999999,219852.09581000003,284535.8033799999,283751.7395300001,799867.3034299999,349676.6497500002
2026-10-08T05:05:48.004784+00:00,obs-20261007-01,LIGHT,AVAXUSDT,1.0,10.769,10.77,10.7695,0.9285913269563295,10522173226,10.769,10.77,452,156,1970718.3403100015,736670.3141700001,1987086.53597,676125.4815499998,14594.570090000005,29895.09036,166678.38511000006,185666.94999000002,336428.62555,242720.6274200001,407253.7980299999,279311.20403000014,484512.5508899997,302639.79238000023
2026-10-08T05:05:48.004784+00:00,obs-20261007-01,LIGHT,FILUSDT,1.0,1.0514,1.0515,1.05145,0.9511128019812354,9896555951,1.0514,1.0515,423,55,527826.362305,501428.2595060001,498653.96912899986,534499.1755329998,2281.6121899999994,1587.0427810000006,90481.432456,90089.66836600001,186219.224116,143412.66009699996,279888.63376799994,189632.39830099992,350727.51750500017,222497.47733199983
2026-10-08T05:05:48.004784+00:00,obs-20261007-01,LIGHT,ALGOUSDT,1.0,0.1177,0.1178,0.11775,8.49617672047609,5664735791,0.1177,0.1178,211,8,230899.4148,97477.29769999997,228825.54020000005,90602.5581,36.6047,3095.0163,26648.9192,18371.920700000002,84085.2852,62664.3603,144982.4146,96572.12919999997,182855.80879999997,114168.39969999995
2026-10-08T05:05:48.004784+00:00,obs-20261007-01,LIGHT,XRPUSDT,1.0,1.404,1.4041,1.4040499999999998,0.7122507122514499,26680049979,1.404,1.4041,489,78,4791159.71365,4649254.144089998,4987482.9053099975,4233860.727839997,32527.062889999997,15627.412080000002,916868.36391,1199438.2705499998,1433234.1874600006,1427409.0468799993,2276997.5735400016,2331967.76767,2952768.1308600027,2535363.8582300018
2026-10-08T05:05:48.004784+00:00,obs-20261007-01,LIGHT,HBARUSDT,1.0,0.09248,0.09249,0.09248500000000001,1.0813148788924032,8394085135,0.09247,0.09248,354,36,495125.3404799997,595407.5961600002,499442.7106999999,576611.7572799999,1545.6484999999998,3820.0258200000003,148543.27271000002,147372.61996,306091.14539,228075.92559000003,458126.77165,364452.80175000004,835165.7219900002,716652.7488500001
2026-10-08T05:06:48.004830+00:00,obs-20261007-01,LIGHT,PEPEUSDT,1.0,4.03e-06,4.04e-06,4.035e-06,24.81389578163684,8828230976,4.03e-06,4.04e-06,194,10,291552.35114611004,343046.0943285799,282407.1418519801,312718.69311736006,214.66676764000002,872.12612008,102685.13564023002,96806.22115316,297176.81215741,378480.41329136,585469.6180263399,692833.28150347,809557.6568509899,1075341.93710436
2026-10-08T05:06:48.004830+00:00,obs-20261007-01,LIGHT,BNBUSDT,1.0,768.33,768.34,768.335,0.1301524084706962,20911974414,768.33,768.34,437,123,6696593.09271,5010123.310370001,6504983.764289997,5241498.086640002,17389.913729999997,16716.16517,639984.0931600002,859702.0902299997,1338055.2127300005,1503049.613709999,3093847.8595600007,3005693.7780999956,5981552.070110012,4993196.797489994
2026-10-08T05:06:48.004830+00:00,obs-20261007-01,LIGHT,AAVEUSDT,1.0,173.3,173.31,173.305,0.5770340450084177,10440812853,173.3,173.31,350,39,543660.8865900004,369422.61623999994,521492.70280999993,485608.94236999983,359.27047999999996,6709.283359999999,87796.12118000002,73904.83888,161912.7999100001,126211.96536999999,289086.76754,173711.10369000005,812014.4756300001,235557.94411000004
2026-10-08T05:06:48.004830+00:00,obs-20261007-01,LIGHT,AVAXUSDT,1.0,10.778,10.779,10.778500000000001,0.9278159213210735,10522179361,10.778,10.779,439,108,1526882.7901500005,673076.8440500009,1508910.3409499992,704158.7568900005,13958.810679999999,21919.46145999999,167324.29095000002,164383.0415,300754.5128400001,222275.05894000002,424981.47005,248559.54532000006,491529.4253499998,273903.5554700001
2026-10-08T05:06:48.004830+00:00,obs-20261007-01,LIGHT,FILUSDT,1.0,1.0517,1.0518,1.0517500000000002,0.9508414947223542,9896560081,1.0517,1.0518,383,43,427406.51917900017,408043.3017669997,413958.485262,415926.9693479996,1001.170342,1131.917595,83724.233839,81840.242177,161710.122512,144097.07847799992,289262.76538500004,185264.5666139999,364235.6809780003,215011.33028499983
2026-10-08T05:06:48.004830+00:00,obs-20261007-01,LIGHT,ALGOUSDT,1.0,0.1178,0.1179,0.11785000000000001,8.48896434634927,5664736500,0.1178,0.1179,146,4,246819.8401,61012.37019999998,240287.8338,64936.24269999999,45.3145,125.33919999999999,24378.166,32364.975199999997,70836.03839999999,67818.843,144446.47869999998,93253.60969999999,187833.60509999996,110928.74069999997
2026-10-08T05:06:48.004830+00:00,obs-20261007-01,LIGHT,XRPUSDT,1.0,1.405,1.4051,1.4050500000000001,0.7117437722414799,26680057255,1.405,1.4051,468,71,4576213.331539997,4275926.55379,4237575.358320002,4802378.634219997,28431.39083999999,21765.77637,1033881.7548,706150.3870800001,1609792.11608,1176177.24463,2608829.707740002,1836383.67781,3282093.1937700035,2013372.4699100007
2026-10-08T05:06:48.004830+00:00,obs-20261007-01,LIGHT,HBARUSDT,1.0,0.09253,0.09254,0.092535,1.0807305738680384,8394087815,0.09253,0.09254,330,22,586113.1588200001,593818.0287800002,575617.6002799998,621602.16907,831.5264400000001,2682.0460300000004,151096.57128,116157.06027999998,254452.76843999999,204508.61901999998,468577.9975299999,336224.74395000003,841476.15861,688394.8163599999
2026-10-08T05:07:48.024261+00:00,obs-20261007-01,LIGHT,PEPEUSDT,1.0,4.03e-06,4.04e-06,4.035e-06,24.81389578163684,8828231637,4.03e-06,4.04e-06,191,12,361513.91572168004,432866.6830591299,396320.41679322,439256.77895531995,25.78455659,1309.86739208,66315.07751869,116724.53917064001,261766.09108902997,372076.51312424004,550663.1169548,686443.1856072801,794231.10976354,1068955.2670794302
2026-10-08T05:07:48.024261+00:00,obs-20261007-01,LIGHT,BNBUSDT,1.0,768.11,768.12,768.115,0.1301896863736829,20911980279,768.11,768.12,418,119,2903617.089669998,3705409.5033099996,2837663.4119599997,3490858.766719999,11505.285380000001,7299.817380000002,755619.5898200002,852320.39966,1422404.7444200008,1549824.5784499994,3324655.376960003,3122935.0394599945,6037187.458150014,5209548.222299991
2026-10-08T05:07:48.024261+00:00,obs-20261007-01,LIGHT,AAVEUSDT,1.0,173.34,173.35,173.345,0.576900888427101,10440815257,173.34,173.35,317,35,470439.74391,414287.15774,468516.4087800001,410952.83921000006,3259.8796899999998,2661.11391,93647.77694999998,83018.15023,159810.45044000007,128878.13679999998,287581.2925999999,177307.82892999996,812164.63723,240471.62342999995
2026-10-08T05:07:48.024261+00:00,obs-20261007-01,LIGHT,AVAXUSDT,1.0,10.777,10.778,10.7775,0.9279020135477545,10522185784,10.777,10.778,433,163,1989287.242570001,678233.2045799998,1976832.8947700001,670219.14013,59512.745239999975,26342.179989999997,213686.58756,168600.98619999996,337920.03878000006,227808.25087000002,437435.81785000017,256573.60977,503878.49674,281842.68278
2026-10-08T05:07:48.024261+00:00,obs-20261007-01,LIGHT,FILUSDT,1.0,1.0531,1.0532,1.05315,0.9495774380408051,9896564272,1.0531,1.0532,372,54,475838.3469180001,355116.33704999986,461207.4442240004,371679.29129399994,406.42095,7283.399009,88644.56310999999,88047.122537,169951.964508,134625.62970100003,286530.81874299987,172532.32656299992,355633.68437000003,202286.5684489999
2026-10-08T05:07:48.024261+00:00,obs-20261007-01,LIGHT,ALGOUSDT,1.0,0.1177,0.1178,0.11775,8.49617672047609,5664737480,0.1177,0.1178,164,2,194296.86719999998,76312.17369999998,201913.8462,73083.1684,0.0,54.899,23370.243199999997,27141.4062,86273.8946,66786.4677,143897.4419,95877.26199999999,182613.10590000002,113220.56409999996
2026-10-08T05:07:48.024261+00:00,obs-20261007-01,LIGHT,XRPUSDT,1.0,1.4043,1.4044,1.40435,0.7120985544406544,26680065014,1.4043,1.4044,494,73,4220221.783190003,4683950.623359999,4393990.633750001,4428581.9127899995,34933.06875,16018.317879999999,1100341.9545600002,932367.81007,1595968.4599100007,1155806.69504,2437744.9672300015,2065501.1309500006,3111543.2852000017,2269652.5212700022
2026-10-08T05:07:48.024261+00:00,obs-20261007-01,LIGHT,HBARUSDT,1.0,0.09258,0.09259,0.092585,1.0801468999788177,8394090449,0.09258,0.09259,311,31,751899.26074,390912.57351999986,740011.8108600001,388240.82850000006,7801.45922,3353.19731,159216.19493,115795.36593000003,294968.77248,209288.19700000004,479816.6578799999,343946.03355000005,846428.9132100001,691486.28266
2026-10-08T05:08:48.052668+00:00,obs-20261007-01,LIGHT,PEPEUSDT,1.0,4.03e-06,4.04e-06,4.035e-06,24.81389578163684,8828232299,4.03e-06,4.04e-06,170,16,199082.11984378003,559362.45993243,151269.87682807998,556871.4079046,120.61409971,1442.32191904,108877.87078155001,99225.77159412,301823.52001671,374567.56515207,598475.3599705,688934.23763511,822193.39800969,1071446.31910726
2026-10-08T05:08:48.052668+00:00,obs-20261007-01,LIGHT,BNBUSDT,1.0,768.29,768.3,768.295,0.1301591846836203,20911987080,768.29,768.3,441,91,2904235.258350001,2083514.7902199994,3004541.1912400005,2097141.2813800029,13657.56341,28023.143640000002,671964.7610700005,811095.3781399997,1311021.8912900009,1540758.9397599993,3060360.4332400025,3115621.9383799946,5930068.446870015,5198938.97535999
2026-10-08T05:08:48.052668+00:00,obs-20261007-01,LIGHT,AAVEUSDT,1.0,173.44,173.46,173.45,1.1531365313666164,10440818447,173.44,173.46,380,60,775961.7694400002,612902.7358200002,770765.7964799998,602711.2719300004,2687.61367,2126.75169,134850.11825,81717.00761,202582.68082,127539.03579,281210.03703999997,193681.07652999993,808503.72897,258237.46958
2026-10-08T05:08:48.052668+00:00,obs-20261007-01,LIGHT,AVAXUSDT,1.0,10.789,10.79,10.7895,0.9268699601450159,10522192285,10.789,10.79,427,123,1924186.291609999,730226.30432,1920416.5858800013,775789.8097599996,5146.985069999999,61083.62939000001,172008.84321999995,121048.12743999998,345641.5437799999,182166.83682000006,438280.61865999986,219976.68245000002,502168.9033899996,237412.95374000006
2026-10-08T05:08:48.052668+00:00,obs-20261007-01,LIGHT,FILUSDT,1.0,1.0545,1.0546,1.0545499999999999,0.9483167377899449,9896569309,1.0545,1.0546,418,44,441534.17174100026,414955.13638699957,425802.8996500004,422490.69833499996,946.8030040000001,939.0989489999998,74745.970627,85919.177564,181841.834501,135452.79443399998,289823.17042399995,173424.99845599994,359350.4722719998,201470.89624099998
2026-10-08T05:08:48.052668+00:00,obs-20261007-01,LIGHT,ALGOUSDT,1.0,0.1179,0.118,0.11795,8.481764206953457,5664738120,0.1179,0.118,138,4,197510.32189999998,47735.9417,183340.86339999997,54589.238900000004,35.31,357.3921,29942.588499999998,35037.9155,100642.0091,64985.337700000004,146012.6198,90046.4243,192015.26260000002,107632.47919999997
2026-10-08T05:08:48.052668+00:00,obs-20261007-01,LIGHT,XRPUSDT,1.0,1.4054,1.4055,1.40545,0.7115411982350217,26680070108,1.4054,1.4055,445,53,2777897.6393899987,2169533.946689999,2620930.728210001,2265248.7433899995,18786.36762,9255.18332,1083063.78424,854874.0408499999,1549527.3401200008,1340116.8018599995,2587902.682490001,2009828.9047899996,3250091.774880002,2176236.484270001
2026-10-08T05:08:48.052668+00:00,obs-20261007-01,LIGHT,HBARUSDT,1.0,0.09265,0.09266,0.092655,1.0793308148948633,8394092735,0.09265,0.09266,313,22,914472.5980300002,633905.2036700003,891135.8598600002,616551.6732600003,67.43363,2071.2457299999996,165775.98906999998,137179.75091,300221.18341999996,228056.25877000001,502498.3366699999,366832.04504000006,862471.5621899996,711210.14783
2026-10-08T05:09:48.084134+00:00,obs-20261007-01,LIGHT,PEPEUSDT,1.0,4.03e-06,4.04e-06,4.035e-06,24.81389578163684,8828232758,4.03e-06,4.04e-06,119,13,102706.04489989,194667.08475009003,121324.78242426997,295849.82950919995,14.07918382,1211.83693752,101196.41774502001,107736.67494392,278829.69526236,281430.72890447,579856.6224461199,587751.492876,809213.1087035799,882243.3453123099
2026-10-08T05:09:48.084134+00:00,obs-20261007-01,LIGHT,BNBUSDT,1.0,768.36,768.37,768.365,0.130147326773411,20911993680,768.36,768.37,457,93,2288993.240869999,1463366.5375599999,2290551.758610001,1425334.1376000005,4858.0606800000005,13452.21579,634826.0475200001,914929.3299499997,1293101.767630001,1579854.727009999,3056216.4315500027,3244650.4234899953,5928385.3818000145,5241241.575429989
2026-10-08T05:09:48.084134+00:00,obs-20261007-01,LIGHT,AAVEUSDT,1.0,173.47,173.48,173.475,0.5764685536391312,10440820588,173.47,173.48,368,31,503822.7466899998,345651.74867000006,495564.83278,341091.63066,1945.04968,885.29141,140828.30905999997,85829.56407000001,202446.82491999996,129069.23246999994,287775.45942,195859.38518999983,344547.7957900001,262430.1616299998
2026-10-08T05:09:48.084134+00:00,obs-20261007-01,LIGHT,AVAXUSDT,1.0,10.781,10.782,10.781500000000001,0.9275577404688207,10522197431,10.781,10.782,386,96,1414667.8041700008,480690.23820000025,1443178.1689200005,447054.5137400003,33988.92572999997,6664.129839999999,217682.1655,153399.06469,348024.90492999984,209683.37935,410771.5315399999,244236.37996999998,475312.3766699997,269392.69554000004
2026-10-08T05:09:48.084134+00:00,obs-20261007-01,LIGHT,FILUSDT,1.0,1.0538,1.0539,1.0538500000000002,0.9489466691969817,9896573742,1.0539,1.054,406,58,507001.078479,443182.89918300003,533053.6565820002,393377.4580359998,3299.9984400000003,4589.996859000001,90816.195095,100322.30914200001,181547.80042600006,160047.55266800005,267774.99358500005,226612.61705999993,332841.4454679999,256820.80937399997
2026-10-08T05:09:48.084134+00:00,obs-20261007-01,LIGHT,ALGOUSDT,1.0,0.1175,0.1176,0.11754999999999999,8.510638297871687,5664739467,0.1175,0.1176,176,6,522434.7414000002,80833.6778,544050.5996,61406.045200000015,4025.044,0.0,35605.6489,21346.5061,99575.6803,55911.1508,141155.17880000002,95315.1184,182129.15790000002,112785.05389999998
2026-10-08T05:09:48.084134+00:00,obs-20261007-01,LIGHT,XRPUSDT,1.0,1.4046,1.4047,1.4046500000000002,0.7119464616267557,26680076956,1.4046,1.4047,450,105,4737543.564739998,4388159.712760002,5210710.435389999,4110079.6916799983,159518.49343000012,61584.50830999999,924104.3714800001,972736.1443899999,1201592.1997599998,1445985.0898999998,2119367.10792,2249516.2871200005,2788443.555950002,2454158.843470002
2026-10-08T05:09:48.084134+00:00,obs-20261007-01,LIGHT,HBARUSDT,1.0,0.09262,0.09263,0.092625,1.0796804145973837,8394094295,0.09262,0.09263,235,14,284011.4056199999,262887.98385000014,295796.3103199999,224883.79645000002,1991.02022,736.56857,163697.02185999995,143684.07115,298089.9654199999,252074.71614999996,491355.4719699998,399327.04476000014,850694.1022699998,748255.16115
2026-10-08T05:10:48.085336+00:00,obs-20261007-01,LIGHT,PEPEUSDT,1.0,4.03e-06,4.04e-06,4.035e-06,24.81389578163684,8828233615,4.03e-06,4.04e-06,216,19,158016.21146652993,535729.0933850897,158618.13752033998,434949.8490615098,95.83192502000001,1507.37714216,87734.86442266002,107459.24480688,281881.37743648,294182.58497673,579254.6963923101,688530.73719958,819930.9453703001,1071050.16058545
2026-10-08T05:10:48.085336+00:00,obs-20261007-01,LIGHT,BNBUSDT,1.0,768.31,768.32,768.315,0.13015579648945064,20912000614,768.31,768.32,384,143,3613214.654239998,4062042.6161900004,3640915.852000001,4250674.931109999,4945.625139999999,20429.19398,694619.4688600001,818364.21204,1283675.4424600012,1433308.4471599997,3220487.7191900015,2965139.1965699974,5902726.447050015,4970055.754339996
2026-10-08T05:10:48.085336+00:00,obs-20261007-01,LIGHT,AAVEUSDT,1.0,173.16,173.17,173.165,0.5775005775010555,10440823520,173.13,173.15,357,52,838029.2199499997,702115.3923300002,860161.8042099999,667796.6774100006,2539.7832,2904.678,119247.5774,89652.55855000003,207730.01032000006,145083.03307000012,276267.19718000013,219011.7928000001,800535.3679300004,286954.4783900001
2026-10-08T05:10:48.085336+00:00,obs-20261007-01,LIGHT,AVAXUSDT,1.0,10.777,10.778,10.7775,0.9279020135477545,10522203896,10.777,10.778,413,112,1884592.4645800001,812938.7612600006,1949457.5403600005,821060.7613199999,14943.568910000007,3408.4267900000013,165053.02262000003,135355.98614000002,292443.29217,200520.59458,347830.08304999996,236053.07931000003,412686.00258999964,260320.57569000006
2026-10-08T05:10:48.085336+00:00,obs-20261007-01,LIGHT,FILUSDT,1.0,1.0527,1.0528,1.05275,0.9499382540134604,9896577574,1.0526,1.0527,354,32,367016.6416049999,366344.8121889998,408373.7052549999,345952.1895329999,1626.694749,326.2023420000001,80908.06958399998,94457.63190600001,175798.63403999998,165248.29920699997,232569.57181000002,234657.6410429999,303743.2382470002,276899.5559069998
2026-10-08T05:10:48.085336+00:00,obs-20261007-01,LIGHT,ALGOUSDT,1.0,0.1175,0.1176,0.11754999999999999,8.510638297871687,5664740028,0.1175,0.1176,150,4,80996.84190000001,50129.575800000006,79964.7192,43996.6067,44.17999999999999,101.6064,39779.5135,27737.4647,98483.0002,61575.2668,142187.3015,101448.08749999998,183765.32390000002,113538.43779999999
2026-10-08T05:10:48.085336+00:00,obs-20261007-01,LIGHT,XRPUSDT,1.0,1.4042,1.4043,1.40425,0.7121492664885487,26680083999,1.4041,1.4042,459,76,3744902.9709199974,3563309.2558800015,3889842.395250002,3540471.570529999,16619.51925,20417.980270000004,821526.02353,1105130.7007600002,1176335.97524,1341864.17779,1974654.2338200007,2273039.4143500007,2640717.795200001,2480417.354000001
2026-10-08T05:10:48.085336+00:00,obs-20261007-01,LIGHT,HBARUSDT,1.0,0.0926,0.09261,0.09260499999999999,1.079913606911731,8394096457,0.0926,0.09261,264,20,445902.6327000004,498033.25589999993,472327.29575000005,493823.51585,1548.46946,3420.57734,163606.36374,155002.54215000002,290274.13933999994,254084.79984000005,464943.82829999976,402866.0318600001,828464.10246,752430.2307099999
2026-10-08T05:11:48.086677+00:00,obs-20261007-01,LIGHT,PEPEUSDT,1.0,4.03e-06,4.04e-06,4.035e-06,24.81389578163684,8828234152,4.03e-06,4.04e-06,154,11,118080.08811506,284197.31469559006,99669.45473449002,284519.2439706201,39.99999874,1733.1807534800002,128422.34241018002,82364.01457684001,300683.71163160005,290707.10445694,597665.3297728801,688208.80792455,821385.4595615101,1070734.23130423
2026-10-08T05:11:48.086677+00:00,obs-20261007-01,LIGHT,BNBUSDT,1.0,768.58,768.59,768.585,0.13011007312213607,20912006371,768.58,768.59,446,114,2354681.6254500006,2821091.771599999,2203919.49745,2675833.01949,58545.89758,29393.499849999997,658677.70834,879630.7303899998,1416415.3806700008,1462275.349499999,3167774.0338500026,3311538.176999999,6008242.683400019,5196252.596629992
2026-10-08T05:11:48.086677+00:00,obs-20261007-01,LIGHT,AAVEUSDT,1.0,173.5,173.51,173.505,0.5763688760795915,10440826719,173.5,173.51,335,51,641774.6009000002,349479.32348000014,611163.8483900003,385406.06302,842.9707099999999,11589.697160000002,146506.57027,96129.04495000001,209294.67175,135834.72928000003,295750.07528000016,192399.77157000007,355033.11316000036,256563.9003800001
2026-10-08T05:11:48.086677+00:00,obs-20261007-01,LIGHT,AVAXUSDT,1.0,10.798,10.799,10.7985,0.9260974254488019,10522209275,10.798,10.799,406,115,1616937.6379600007,580681.1416899998,1513537.9137900001,607493.6849800001,5777.976949999998,6546.269089999999,164795.73202999998,122410.82450999998,320299.18123,172592.60247000004,448007.11996,221725.60325999997,509891.6315899997,231812.35138999994
2026-10-08T05:11:48.086677+00:00,obs-20261007-01,LIGHT,FILUSDT,1.0,1.0543,1.0544,1.05435,0.948496632837692,9896581990,1.0543,1.0544,341,57,524356.8222749998,415520.65048000007,468580.5129440001,450907.9159619999,7346.821920999999,1195.343965,96172.68123799999,111016.111778,188157.62576599998,154151.23195800005,277663.44243999996,211707.95941300006,352030.7135379998,243560.2448400001
2026-10-08T05:11:48.086677+00:00,obs-20261007-01,LIGHT,ALGOUSDT,1.0,0.1176,0.1177,0.11765,8.503401360544505,5664740453,0.1176,0.1177,114,1,61855.998899999984,46645.377600000014,54600.5496,53560.1317,0.0,25.9896,45879.5104,23964.3031,100333.8473,60628.748999999996,146709.0968,94814.7706,188197.8101,112016.0037
2026-10-08T05:11:48.086677+00:00,obs-20261007-01,LIGHT,XRPUSDT,1.0,1.4053,1.4054,1.4053499999999999,0.7115918309263947,26680090267,1.4053,1.4054,464,66,3645619.9440199994,2904094.6830299976,3171828.6562800016,3152471.9268600005,30342.872769999987,12937.463340000004,1077439.97256,905324.8759000001,1497376.89836,1389018.8117200003,2443104.89996,2065721.9688000006,3116949.357060002,2234812.460130003
2026-10-08T05:11:48.086677+00:00,obs-20261007-01,LIGHT,HBARUSDT,1.0,0.09259,0.09261,0.0926,2.160060481692927,8394099129,0.09259,0.09261,327,21,722228.0419699996,742960.5448999999,701724.0801700001,758733.3256299999,3074.7462699999996,2440.2152,176072.19471000004,147895.30784,308141.72945,238751.86995999992,485447.7900999999,387093.25113,857530.4168400001,736657.4499799999
2026-10-08T05:12:48.092445+00:00,obs-20261007-01,LIGHT,PEPEUSDT,1.0,4.03e-06,4.04e-06,4.035e-06,24.81389578163684,8828235290,4.03e-06,4.04e-06,171,26,336471.1796392299,637726.9961162298,377731.27734167984,603580.64835725,158890.12351225002,9281.260942699999,96768.42066359,83808.07379688001,252330.78328619,300826.76194038003,539713.00211843,675741.2486585701,760956.16522869,1096746.95585407
2026-10-08T05:12:48.092445+00:00,obs-20261007-01,LIGHT,BNBUSDT,1.0,769.0,769.01,769.005,0.13003901170316468,20912011139,769.0,769.01,427,115,2194236.005610001,2243409.1412999993,2423587.98471,2243588.4560099985,2507.7566,17574.420980000006,775495.98388,938405.5590499993,1360193.6805300012,1548939.2670799994,2912459.825090002,3589325.7415299993,5739367.1986100115,5230610.6171499975
2026-10-08T05:12:48.092445+00:00,obs-20261007-01,LIGHT,AAVEUSDT,1.0,174.37,174.38,174.375,0.5734931467560322,10440835707,174.37,174.38,412,385,2511231.325270001,707795.9516100006,2390913.5474200007,706208.3615000002,68729.81847000004,50389.55450999997,125810.35766,105932.34641999997,220249.66394,154558.36591999995,330345.96781999996,250205.39928999988,390575.6705399997,272480.16011999984
2026-10-08T05:12:48.092445+00:00,obs-20261007-01,LIGHT,AVAXUSDT,1.0,10.815,10.816,10.8155,0.9246417013408781,10522213967,10.815,10.816,409,73,1427526.7978900007,611772.8215399999,1455958.0799899995,609855.87994,9013.37018,6239.49617,165131.77026999995,129596.51796000001,308462.68497,185613.74208000003,416184.12766,227020.05988,484672.2823899998,245967.60970999993
2026-10-08T05:12:48.092445+00:00,obs-20261007-01,LIGHT,FILUSDT,1.0,1.0557,1.0558,1.0557500000000002,0.9472387989006847,9896585302,1.0557,1.0558,350,37,354041.4981130001,289606.8123449999,329619.81407200004,331610.46868000005,523.253641,4184.461376999999,78931.816113,80141.66224199999,182317.955451,135069.11042499996,294948.321669,177982.67199800003,368225.21663599985,204072.33352700007
2026-10-08T05:12:48.092445+00:00,obs-20261007-01,LIGHT,ALGOUSDT,1.0,0.1177,0.1178,0.11775,8.49617672047609,5664740803,0.1177,0.1178,112,1,66012.84519999998,50172.471499999985,54677.997,50333.3973,0.0,5.5319,54774.9345,30363.3348,116788.109,70419.4028,153285.619,94933.1409,193926.8929,112297.35399999999
2026-10-08T05:12:48.092445+00:00,obs-20261007-01,LIGHT,XRPUSDT,1.0,1.4069,1.407,1.4069500000000001,0.7107825716112792,26680096262,1.4069,1.407,440,97,3566215.2674500016,3992452.440309999,3769262.5369600006,4113854.764959997,23685.497,97612.53834999996,979058.0765599998,941450.0152400002,1408732.9504899997,1234700.25559,2226340.1103100004,1982644.99789,2921888.8612100026,2125517.305210002
2026-10-08T05:12:48.092445+00:00,obs-20261007-01,LIGHT,HBARUSDT,1.0,0.09268,0.09269,0.09268499999999999,1.0789814415179677,8394100708,0.09268,0.09269,248,15,614682.45754,277255.86434000003,595958.3098900004,294950.50422000006,286.86292,3901.5255900000006,167217.0447,146610.16303999998,299149.01468,225490.38075,503509.35568999994,376160.79978,845469.4022999996,720870.45427
2026-10-08T05:13:48.097933+00:00,obs-20261007-01,LIGHT,PEPEUSDT,1.0,4.03e-06,4.04e-06,4.035e-06,24.81389578163684,8828236328,4.03e-06,4.04e-06,188,24,440463.74179173005,376201.2375279,393375.13140807004,302103.53599953,8512.03013938,27056.511721149996,135237.60359642,70551.85997912001,260328.06271705998,271968.71558612003,544945.7251140899,648777.6061947,764730.3419944699,1074752.9877870998
2026-10-08T05:13:48.097933+00:00,obs-20261007-01,LIGHT,BNBUSDT,1.0,769.11,769.12,769.115,0.13002041320486768,20912019320,769.11,769.12,478,129,4568432.79352,3633444.348580002,4418713.146469998,3936242.94651,46831.24811999999,44487.84887000001,847251.1899600001,896370.8460699997,1528800.3020700018,1590731.7488600004,2901291.0010100007,3286990.0964699998,5833910.144560008,5276409.557209998
2026-10-08T05:13:48.097933+00:00,obs-20261007-01,LIGHT,AAVEUSDT,1.0,174.06,174.07,174.065,0.5745145352165082,10440843458,174.06,174.07,454,165,1307285.3568399998,832432.4232499998,1381400.0092500008,824580.3599899997,7832.596879999996,13874.181009999993,95488.62768,85496.59285,161415.97623000003,144116.37505000003,269699.87921999994,196141.67031000004,327882.92232999986,268387.63259000005
2026-10-08T05:13:48.097933+00:00,obs-20261007-01,LIGHT,AVAXUSDT,1.0,10.829,10.83,10.8295,0.9234463015972416,10522221815,10.829,10.83,448,153,2518407.8197800023,809739.6940999996,2457668.968400001,810285.5790500001,13255.441039999998,1134.76275,162961.21993000002,124570.63250000004,345191.98627,206218.37507000013,475358.4822599999,236415.21046000012,530568.8294499998,245752.63979000013
2026-10-08T05:13:48.097933+00:00,obs-20261007-01,LIGHT,FILUSDT,1.0,1.0568,1.057,1.0569,1.8925056775165316,9896588800,1.0568,1.0571,368,29,297030.971478,308418.39836299996,293152.510232,321133.2023199999,857.4068410000001,2303.7206979999996,94480.04756800001,69975.31598100002,166100.09522600003,122654.647697,294692.07564800006,173305.74047500006,382048.245883,197101.13559500012
2026-10-08T05:13:48.097933+00:00,obs-20261007-01,LIGHT,ALGOUSDT,1.0,0.1178,0.1179,0.11785000000000001,8.48896434634927,5664741219,0.1178,0.1179,115,1,43200.00550000001,47396.07270000002,39150.6252,45624.1855,0.0,141.5956,41289.583199999994,30815.7921,101007.5967,68267.86989999999,148607.60589999997,98600.57909999999,195049.81889999995,116031.51789999998
2026-10-08T05:13:48.097933+00:00,obs-20261007-01,LIGHT,XRPUSDT,1.0,1.4072,1.4073,1.40725,0.7106310403637295,26680103569,1.4072,1.4073,488,84,4487193.350810001,3476410.486420001,4410022.943289999,3418427.928519999,51802.17621999999,35654.020979999994,981085.5527800001,948930.7341200002,1515166.30012,1170180.8235199999,2303097.21444,2042427.6242,2954191.2652700017,2195662.157810001
2026-10-08T05:13:48.097933+00:00,obs-20261007-01,LIGHT,HBARUSDT,1.0,0.09268,0.09269,0.09268499999999999,1.0789814415179677,8394103176,0.09268,0.09269,302,29,1100916.58007,418240.0495999999,1119438.75921,409012.2127600002,1965.8720799999999,2305.62645,167747.26434999998,135072.01239,315361.93418,229220.45805999995,489159.12823,385388.63662,838078.4280399998,748976.6385800001
2026-10-08T05:14:48.100341+00:00,obs-20261007-01,LIGHT,PEPEUSDT,1.0,4.04e-06,4.05e-06,4.045e-06,24.752475247524774,8828237956,4.04e-06,4.05e-06,259,40,732891.4315393999,754303.3340819895,604837.25838156,696559.2032066799,17443.2186487,19032.251720030006,66709.82212436,118195.525458,246489.98331135,330770.49475126003,491397.65938393,731245.85469817,769179.3645464699,1067295.26092439
2026-10-08T05:14:48.100341+00:00,obs-20261007-01,LIGHT,BNBUSDT,1.0,769.21,769.22,769.215,0.1300035100948449,20912026261,769.21,769.22,452,96,1629418.9943799998,2548324.2432699995,1598071.1488900008,2604339.0722099966,11308.729220000001,21972.949689999998,729274.7998499998,931613.4355500002,1549586.7486600012,1531685.2583200005,2929768.048550001,3382704.5251900004,5861753.986530009,5232843.267099999
2026-10-08T05:14:48.100341+00:00,obs-20261007-01,LIGHT,AAVEUSDT,1.0,173.66,173.67,173.665,0.5758378440634537,10440852376,173.66,173.67,456,352,1390070.4608999998,785346.95537,1391480.7281,769037.2565800004,34614.33444999997,40055.35869000001,141019.13163,93490.12241000003,216661.37975999995,128766.33025000004,288130.41526,194502.19964000004,342839.8542199999,265225.70127000014
2026-10-08T05:14:48.100341+00:00,obs-20261007-01,LIGHT,AVAXUSDT,1.0,10.834,10.835,10.8345,0.923020121839091,10522227066,10.834,10.835,393,102,1888395.400370001,596327.70935,1892997.92314,597961.1866199997,5317.639270000002,11439.180789999997,163227.31712999998,133225.59467999998,296733.0257499999,205010.72398000007,470685.2858899999,235971.20864000003,522444.24533999973,245121.72948000007
2026-10-08T05:14:48.100341+00:00,obs-20261007-01,LIGHT,FILUSDT,1.0,1.0566,1.0568,1.0567,1.8928639030857397,9896592118,1.0566,1.0568,329,42,325330.06492399995,293011.597687,327119.32040699996,290162.09836199996,2753.9909459999994,13930.397218,111815.64791200001,74755.91169200001,191205.02769,125085.415871,292907.873311,172084.19362300012,378881.344115,199831.7591790001
2026-10-08T05:14:48.100341+00:00,obs-20261007-01,LIGHT,ALGOUSDT,1.0,0.1178,0.1179,0.11785000000000001,8.48896434634927,5664741511,0.1178,0.1179,103,1,27842.02990000001,22760.383199999993,25790.577900000008,21850.903899999998,5.4188,0.0,43432.8618,33273.5753,103317.7795,69940.5081,150659.05789999999,99510.0584,195829.03109999996,116940.9038
2026-10-08T05:14:48.100341+00:00,obs-20261007-01,LIGHT,XRPUSDT,1.0,1.4077,1.4078,1.40775,0.7103786318096716,26680110406,1.4077,1.4078,453,115,3750477.6617800016,3335586.766960002,3462662.159509999,3558057.7710999977,56116.168450000005,232774.33635999996,1070814.70368,692570.1333799998,1640878.3586799998,1119131.3244499997,2585493.6189499986,1820405.5534599994,3234773.699560002,1974359.24816
2026-10-08T05:14:48.100341+00:00,obs-20261007-01,LIGHT,HBARUSDT,1.0,0.09271,0.09272,0.09271499999999999,1.0786322942513138,8394105433,0.09271,0.09272,284,35,532121.2438,434507.08291000023,518150.6909899999,439673.5872099999,1597.0883599999997,8554.073549999997,166503.28591,136980.68246999997,326873.57422999997,229946.29486,493355.13773999986,390229.21309000003,851673.8114799997,743815.1708800001
2026-10-08T05:15:48.104642+00:00,obs-20261007-01,LIGHT,PEPEUSDT,1.0,4.04e-06,4.05e-06,4.045e-06,24.752475247524774,8828238681,4.04e-06,4.05e-06,181,19,293502.21689808,157289.51995011995,277229.97761510004,162168.26950413996,32.274008640000005,5144.192687700001,88368.56066016,116585.1818649,270645.33751142,324875.73451606004,507669.89866691,726367.1051441501,775992.61441288,1062366.91418697
2026-10-08T05:15:48.104642+00:00,obs-20261007-01,LIGHT,BNBUSDT,1.0,769.22,769.23,769.225,0.13000182002453897,20912034433,769.22,769.23,491,99,3050402.5930299987,2953437.9737599976,3042988.584519998,3041561.0558599983,2394.3024199999986,4073.72755,814188.0376200002,850644.8639700001,1552369.6345300013,1548688.79374,2937158.4510600013,3294958.2444400005,5867092.03684001,5268165.180849999
2026-10-08T05:15:48.104642+00:00,obs-20261007-01,LIGHT,AAVEUSDT,1.0,173.6,173.61,173.60500000000002,0.5760368663598747,10440861581,173.6,173.61,472,244,1566283.0174299993,898255.11912,1586649.9772699995,877741.5469800001,58320.153429999984,64246.04709999997,97919.36224999996,98348.79757000001,191004.71717999998,147128.81722000003,271443.43458999996,211948.79908,320797.0602,282794.1576199999
2026-10-08T05:15:48.104642+00:00,obs-20261007-01,LIGHT,AVAXUSDT,1.0,10.837,10.838,10.837499999999999,0.9227646027487602,10522235692,10.837,10.838,499,125,2808285.33183,941472.8834699999,2839542.7016199986,927232.6317100005,10584.559670000002,13923.13612,173990.67692000003,138115.37843,357058.68471,219097.84372999996,435840.71497999993,249779.65804,482518.51350999984,259643.07031000007
2026-10-08T05:15:48.104642+00:00,obs-20261007-01,LIGHT,FILUSDT,1.0,1.056,1.0561,1.05605,0.9469696969688357,9896598267,1.056,1.0561,451,104,529041.953832,455059.5372960002,553592.072803,424496.97210699995,4730.3355470000015,4034.577361,99693.41714899999,75668.70849700001,196351.08389599988,129542.44151700001,276392.435709,202314.05718600008,359238.28394399985,236803.83128500014
2026-10-08T05:15:48.104642+00:00,obs-20261007-01,LIGHT,ALGOUSDT,1.0,0.1178,0.1179,0.11785000000000001,8.48896434634927,5664742214,0.1178,0.1179,153,6,109366.51419999995,97148.08050000001,113760.37959999997,96032.19580000002,358.8039,3404.5493,44198.057100000005,24631.8602,105507.94570000001,63756.393500000006,151720.06400000004,93597.2678,189737.06490000003,116804.3585
2026-10-08T05:15:48.104642+00:00,obs-20261007-01,LIGHT,XRPUSDT,1.0,1.4073,1.4074,1.40735,0.7105805443052837,26680117858,1.4073,1.4074,477,83,4269797.90045,4021560.8364300025,4422716.0651400015,3985640.742770002,18652.042060000003,176788.84847,1113656.3422299998,728205.0729399999,1528786.1456999998,872233.7453199995,2437986.332139999,1857035.1514399995,3082782.879300001,2010980.3439200001
2026-10-08T05:15:48.104642+00:00,obs-20261007-01,LIGHT,HBARUSDT,1.0,0.09272,0.09273,0.092725,1.0785159620363416,8394107594,0.09272,0.09273,307,18,610897.9357899999,1016136.9060400003,609464.1652600006,1004173.6288899992,2623.83976,1850.6306499999998,164905.82602,148519.01712,328144.02044000005,243391.66169,494093.32365000003,402200.0758900001,846582.2225399995,755784.0199900002
2026-10-08T05:16:48.113650+00:00,obs-20261007-01,LIGHT,PEPEUSDT,1.0,4.04e-06,4.05e-06,4.045e-06,24.752475247524774,8828239359,4.04e-06,4.05e-06,204,16,272314.36084077,465224.5254575699,230056.57735270995,502877.34221296007,228.14069072000004,54948.27239730001,155842.3193206,73921.36992525001,284474.33049242,292679.02444695,549927.6821549699,688714.2883887601,788046.8625034799,1066241.8234937
2026-10-08T05:16:48.113650+00:00,obs-20261007-01,LIGHT,BNBUSDT,1.0,769.75,769.76,769.755,0.12991230919023877,20912042098,769.75,769.76,471,105,3079143.5438199993,3546043.4254799993,3078283.5812599994,3776803.2212900016,9083.267460000001,23933.399660000003,771763.8339799993,880085.3354799998,1506026.874829999,1616177.79719,2888773.432379998,3552781.926280001,5566478.39253001,5308872.386999998
2026-10-08T05:16:48.113650+00:00,obs-20261007-01,LIGHT,AAVEUSDT,1.0,173.76,173.77,173.765,0.5755064456725023,10440870951,173.76,173.77,457,281,1560866.5417999998,1144066.60419,1536348.6820500002,1161534.9308099994,47208.54756,109497.36726999992,108740.12561999999,82573.94714000002,194375.33414999998,126136.78733000004,265127.52192,198822.31314999997,331421.0949899999,264971.4090300001
2026-10-08T05:16:48.113650+00:00,obs-20261007-01,LIGHT,AVAXUSDT,1.0,10.862,10.863,10.8625,0.9206407659734239,10522245065,10.862,10.863,483,147,3012582.31292,943007.4843200006,3014312.8045699988,959647.3750799998,6641.15561,12610.008929999996,150386.67337000003,135316.84270000004,308186.81352000014,208558.12358999997,433701.45944999997,235425.49254999997,477351.90674999985,243830.98932999998
2026-10-08T05:16:48.113650+00:00,obs-20261007-01,LIGHT,FILUSDT,1.0,1.058,1.0581,1.0580500000000002,0.9451795841197708,9896603454,1.058,1.0581,414,46,564822.4761719999,419865.34476600017,543417.0591099999,438547.329199,1242.4912370000004,4203.500909,90719.863378,92346.42551200002,182630.33859099995,143035.39326000004,284997.1199059999,195684.43497600002,374048.70672299975,229868.24961199996
2026-10-08T05:16:48.113650+00:00,obs-20261007-01,LIGHT,ALGOUSDT,1.0,0.1179,0.118,0.11795,8.481764206953457,5664742613,0.1179,0.118,119,1,57679.2299,29829.655700000007,52945.7459,34707.5482,9.196200000000001,0.0,51331.8335,25386.4182,114758.7468,70365.05720000001,152828.2625,90271.36740000003,192745.99430000002,112164.78030000004
2026-10-08T05:16:48.113650+00:00,obs-20261007-01,LIGHT,XRPUSDT,1.0,1.4084,1.4085,1.4084500000000002,0.7100255609193695,26680124326,1.4084,1.4085,464,60,4209124.118890001,2942201.1101099993,4201579.43515,2898806.198380004,63458.39028,18783.12649,985889.3263399999,741073.2441499999,1478145.3711699997,925429.38584,2438936.3804199984,1915536.4693300005,2833238.5070599997,2072021.2222800008
2026-10-08T05:16:48.113650+00:00,obs-20261007-01,LIGHT,HBARUSDT,1.0,0.0929,0.09291,0.092905,1.0764262648010892,8394111036,0.0929,0.09291,319,75,1584058.302530001,1146973.4983200005,1501149.80003,1166726.3772499997,8586.447610000003,36943.74654000001,148216.04533,115379.29494999998,266006.23408,234230.68323999998,452478.83705999993,384373.07671,818195.3685999999,752957.5798199999
2026-10-08T05:17:48.136487+00:00,obs-20261007-01,LIGHT,PEPEUSDT,1.0,4.05e-06,4.06e-06,4.055e-06,24.691358024691024,8828240763,4.05e-06,4.06e-06,259,57,751692.4099761401,360884.47670605,649434.7021433399,367616.79427503,69657.25757085,58080.70096171002,4334.394321,195510.32954698,180493.09669304002,420687.80019346,471195.4402517,728417.0425645299,817201.6207268799,1037700.9500271899
2026-10-08T05:17:48.136487+00:00,obs-20261007-01,LIGHT,BNBUSDT,1.0,769.97,769.98,769.975,0.1298751899425632,20912050450,769.97,769.98,495,134,3521886.6217800006,2639827.803910001,3542348.869960001,2646386.7242200007,4382.066779999999,39130.51209,902631.8285599996,906348.1584599998,1660679.4350100001,1612940.3126699997,2865729.7826599996,3548694.1526300013,5539594.754220013,5307990.7290699985
2026-10-08T05:17:48.136487+00:00,obs-20261007-01,LIGHT,AAVEUSDT,1.0,173.73,173.74,173.735,0.575605825132719,10440878039,173.73,173.74,426,123,1142129.6047600005,761214.7679399995,1144115.3232000007,743709.0540299998,17398.343520000002,14857.5727,103738.96123,94458.23449000002,202228.05561000004,136883.28353000004,278712.7343800001,213381.81000000006,330598.15550000005,279178.91641999997
2026-10-08T05:17:48.136487+00:00,obs-20261007-01,LIGHT,AVAXUSDT,1.0,10.882,10.883,10.8825,0.9189487226612947,10522253859,10.882,10.883,487,184,2706036.139219997,953204.6451500009,2715217.3979599997,936143.3008700007,28350.47019,27760.522830000013,136552.11431000003,147529.44024,268875.4084200001,227769.33513999995,419810.90982000023,254871.32738999993,451789.7508900001,268171.9048499999
2026-10-08T05:17:48.136487+00:00,obs-20261007-01,LIGHT,FILUSDT,1.0,1.0587,1.0588,1.0587499999999999,0.9445546424857731,9896608590,1.0587,1.0588,406,70,491054.06676999974,394871.37482,464627.360856,414059.96237799985,1817.2884430000001,2819.207478000001,118586.85678799999,87374.52486800001,199733.59338599996,131569.53520100002,307751.04687399993,184045.44026300003,393667.83325299976,225787.87782899995
2026-10-08T05:17:48.136487+00:00,obs-20261007-01,LIGHT,ALGOUSDT,1.0,0.1179,0.118,0.11795,8.481764206953457,5664742846,0.1179,0.118,93,1,29306.43710000001,18269.3183,25396.4298,18808.021699999998,15.7986,0.0,51847.566900000005,25580.5616,120025.05200000001,65900.5128,156738.2698,89732.66400000002,197119.88410000002,111626.07690000001
2026-10-08T05:17:48.136487+00:00,obs-20261007-01,LIGHT,XRPUSDT,1.0,1.4087,1.4088,1.40875,0.7098743522404583,26680130860,1.4087,1.4088,535,83,3170904.639840001,2547592.3589099967,2953804.4143100004,2679797.6089500003,16538.15729,63478.27869000002,1208765.6135100003,647873.5011799999,1614704.55793,950837.3495300001,2655412.398579999,1784693.9130600006,3026179.84997,1940289.021350001
2026-10-08T05:17:48.136487+00:00,obs-20261007-01,LIGHT,HBARUSDT,1.0,0.09295,0.09296,0.09295500000000001,1.0758472296923394,8394114186,0.09295,0.09296,354,56,597841.1138800004,522108.30119000043,572470.4079900004,556782.6757500003,3395.85378,3648.90175,153603.05477999998,121089.68166000002,306277.66722,210600.92746,476692.0917700001,350248.2508799999,838741.36025,718902.3144199998
2026-10-08T05:18:48.138317+00:00,obs-20261007-01,LIGHT,PEPEUSDT,1.0,4.05e-06,4.06e-06,4.055e-06,24.691358024691024,8828241718,4.05e-06,4.06e-06,225,19,625726.02792891,371515.2500523901,485347.9730730201,319133.5169172,6338.859246520001,19781.795902280002,73529.12648970001,203025.70070944002,251161.43866582,431458.49979778,552615.4732256,732260.2298507399,844022.98944718,1041138.2043852399
2026-10-08T05:18:48.138317+00:00,obs-20261007-01,LIGHT,BNBUSDT,1.0,770.02,770.03,770.025,0.12986675670845216,20912057867,770.02,770.03,481,160,3515667.163580002,2949576.1261199987,3741514.699049998,3092272.190950001,17677.663699999997,45745.02161,578772.1753199997,920065.0875400003,1279715.7447500005,1625594.7479200012,2639549.12239,3406327.056960003,5394167.5608000085,5246429.215300004
2026-10-08T05:18:48.138317+00:00,obs-20261007-01,LIGHT,AAVEUSDT,1.0,173.79,173.8,173.79500000000002,0.5754071005248385,10440883544,173.79,173.8,410,138,1010878.0445999996,747065.57346,1006992.7280599995,757535.6968599994,19360.66355,19793.47392000001,84736.27406999998,88697.66096000001,194203.24378999998,154957.10599999997,266238.9262600001,202545.85358999998,334377.70268000005,268452.6413
2026-10-08T05:18:48.138317+00:00,obs-20261007-01,LIGHT,AVAXUSDT,1.0,10.906,10.907,10.906500000000001,0.9169264624975249,10522262559,10.906,10.907,478,159,2672855.9164200015,931474.3178999997,2621078.0385000007,967868.0665999998,63255.63416000002,18126.054270000004,168366.71495999998,135961.0969,277602.44675999996,197182.48083000004,467185.0388199999,222083.56480000014,498278.6374199998,232986.47499000022
2026-10-08T05:18:48.138317+00:00,obs-20261007-01,LIGHT,FILUSDT,1.0,1.0589,1.059,1.0589499999999998,0.9443762394933941,9896613015,1.0589,1.059,378,58,456755.96664700034,307597.60129599995,460372.2910359998,306875.5053060001,5697.319971,2392.0468370000003,92896.802635,88920.99863700001,172534.8127179999,137548.19123399997,304111.8590619999,184767.53625299994,389951.6873399997,226851.29461799987
2026-10-08T05:18:48.138317+00:00,obs-20261007-01,LIGHT,ALGOUSDT,1.0,0.118,0.1181,0.11804999999999999,8.474576271186862,5664743280,0.118,0.1181,134,4,45151.26799999999,37871.43780000001,40093.6287,39273.5603,42.0903,118.0,38174.1985,33310.1558,104827.40789999999,72506.9912,153839.1427,93199.74230000001,201590.76659999997,110246.25550000001
2026-10-08T05:18:48.138317+00:00,obs-20261007-01,LIGHT,XRPUSDT,1.0,1.4091,1.4092,1.40915,0.7096728408195752,26680137339,1.4091,1.4092,521,90,3498267.2147399974,3308830.4323500027,3509223.352239998,3184340.5671500023,152307.30523,72196.49991,1173891.8700299999,781727.3357299997,1601802.86959,1196370.42459,2605652.886549999,1910888.9642500002,3013528.32427,2072689.7071100008
2026-10-08T05:18:48.138317+00:00,obs-20261007-01,LIGHT,HBARUSDT,1.0,0.09301,0.09302,0.093015,1.0751532093333793,8394116763,0.09301,0.09302,290,42,779816.7298099998,549773.2568200002,760550.9711199997,551836.82038,10665.435040000002,6390.83215,164513.33969999998,127849.88947000001,275642.43581000005,213878.92776,493750.39389000006,355153.1531099999,854735.12139,716872.0302599999
2026-10-08T05:19:48.143613+00:00,obs-20261007-01,LIGHT,PEPEUSDT,1.0,4.04e-06,4.05e-06,4.045e-06,24.752475247524774,8828242896,4.04e-06,4.05e-06,195,36,477826.15518468,554150.2923059097,506297.39786781993,542496.2294410898,23280.68947682,9310.112521289999,138939.15962380002,36148.3265889,275080.30715775,243618.91967908002,585031.88113813,545527.10357394,845694.6459949501,818181.51899264
2026-10-08T05:19:48.143613+00:00,obs-20261007-01,LIGHT,BNBUSDT,1.0,769.96,769.97,769.965,0.12987687671994763,20912064815,769.96,769.97,475,83,1369964.6859400002,1365370.1923999996,1468799.3761299995,1360668.5768500003,12562.184060000005,9693.54745,488640.1325399999,918294.7581600001,1207269.9934500004,1625975.958940001,2541084.1459600003,3410699.7033500033,5295452.662380005,5254403.516780005
2026-10-08T05:19:48.143613+00:00,obs-20261007-01,LIGHT,AAVEUSDT,1.0,173.37,173.38,173.375,0.5768010613138586,10440889308,173.37,173.38,407,152,1121342.95068,727298.5439699998,1151428.8603299998,704299.4023000001,16393.174079999997,7691.538189999999,79442.91148000002,82768.84578,159887.2463900001,128858.81190000007,258451.01368000006,205291.70319000006,782958.6221,273595.74100000004
2026-10-08T05:19:48.143613+00:00,obs-20261007-01,LIGHT,AVAXUSDT,1.0,10.91,10.911,10.910499999999999,0.9165902841434814,10522272001,10.91,10.911,496,265,2845426.222049999,1021611.4824000004,2878214.1039600004,1007551.9081500004,25813.14086999999,38520.18557000001,166160.20179,146763.68978,308434.13191999996,218550.4021,434217.1222699997,236235.7966900001,464934.32952999976,247605.3733200001
2026-10-08T05:19:48.143613+00:00,obs-20261007-01,LIGHT,FILUSDT,1.0,1.0594,1.0596,1.0594999999999999,1.8878610534289741,9896616275,1.0594,1.0596,341,37,375314.408496,204662.14202199999,376598.51905099995,224834.79512900015,812.273471,2070.9845459999997,62066.846715,86228.23543,152846.36527699995,130354.13482299999,299373.11513999995,165119.30632299997,380330.52794199984,210790.24116699985
2026-10-08T05:19:48.143613+00:00,obs-20261007-01,LIGHT,ALGOUSDT,1.0,0.118,0.1181,0.11804999999999999,8.474576271186862,5664743602,0.118,0.1181,107,5,32447.48139999999,21296.130499999996,33058.33609999999,21717.170800000004,971.612,545.0519,41551.832800000004,32350.502999999997,104641.98740000001,68246.855,153228.288,92778.702,200364.40579999995,110077.84020000002
2026-10-08T05:19:48.143613+00:00,obs-20261007-01,LIGHT,XRPUSDT,1.0,1.4078,1.4079,1.4078499999999998,0.7103281716158705,26680143017,1.4078,1.4079,458,96,2426489.058800003,2817720.088249998,2937158.6892200024,2541462.65717,105591.3643200001,60439.845449999986,825764.9108500001,1033597.15763,1229353.09851,1189379.9735800005,2135207.940610001,2172815.41321,2764132.671070003,2327958.906440003
2026-10-08T05:19:48.143613+00:00,obs-20261007-01,LIGHT,HBARUSDT,1.0,0.09302,0.09303,0.093025,1.0750376263168882,8394118382,0.09302,0.09303,291,16,354138.7685699999,143102.9015200001,359292.90474,136781.74081999998,1180.14393,4836.914069999999,158261.35388,140709.37925,306820.0596700001,220131.58896000002,488588.70634000003,361481.9237599999,849580.9894200001,723200.3069599998
2026-10-08T05:20:48.145510+00:00,obs-20261007-01,LIGHT,PEPEUSDT,1.0,4.05e-06,4.06e-06,4.055e-06,24.691358024691024,8828243857,4.05e-06,4.06e-06,226,30,210577.69471555005,352071.1435609096,93499.94354379,375965.89294692944,2433.6268803000003,9982.957316170001,71714.5589493,152127.95358642002,230012.6911691,296717.21134134,516933.13030584995,592543.13506725,815011.56939389,813913.33854332
2026-10-08T05:20:48.145510+00:00,obs-20261007-01,LIGHT,BNBUSDT,1.0,770.14,770.15,770.145,0.1298465214105704,20912070106,770.14,770.15,430,92,1581325.5469300002,1563241.37509,1511930.4062999997,1715310.3947500007,21087.639809999997,37075.75994,574707.31955,861210.62753,1210838.0173800013,1418214.8770000008,2609671.2050900003,3262600.4287400036,5382727.085680009,4952817.1050800085
2026-10-08T05:20:48.145510+00:00,obs-20261007-01,LIGHT,AAVEUSDT,1.0,173.53,173.54,173.535,0.5762692329858154,10440893385,173.53,173.54,410,39,990464.9104400005,643150.2883,978152.6613600005,654944.0592399995,1886.3456500000002,12190.733190000004,96746.28904999998,73936.1244,164818.37068,125950.29821000002,262819.50248,200279.70068000007,322514.1413800001,265472.07182
2026-10-08T05:20:48.145510+00:00,obs-20261007-01,LIGHT,AVAXUSDT,1.0,10.921,10.922,10.9215,0.9156670634569153,10522278529,10.922,10.923,431,246,2389801.5911199986,669538.07333,2371722.2628900018,686521.4222599997,8396.547049999996,27927.00251000001,142993.18675,138883.77354,308705.27637999994,194092.76827000003,451466.67757999984,220060.84221000012,489136.4885899998,267694.3273300002
2026-10-08T05:20:48.145510+00:00,obs-20261007-01,LIGHT,FILUSDT,1.0,1.0597,1.0598,1.0597500000000002,0.9436633009340945,9896618871,1.0597,1.0598,346,28,411656.84653000016,136269.14463099997,407395.2992460002,147956.76771900005,824.8785889999999,3141.7941410000008,112569.169668,63439.47423299999,192097.85028400001,110227.056982,303503.49017800007,153470.91451599996,381309.51576300006,202447.73779199988
2026-10-08T05:20:48.145510+00:00,obs-20261007-01,LIGHT,ALGOUSDT,1.0,0.118,0.1181,0.11804999999999999,8.474576271186862,5664744273,0.118,0.1181,170,3,56339.4309,57253.562300000005,59283.12780000001,47761.803199999995,179.6301,3734.7943999999998,55851.153600000005,23982.3031,121709.0071,69625.13149999999,151228.4417,102270.4611,195873.10369999998,119596.5111
2026-10-08T05:20:48.145510+00:00,obs-20261007-01,LIGHT,XRPUSDT,1.0,1.4082,1.4083,1.40825,0.7101264025011211,26680146325,1.4082,1.4083,377,65,1525046.57375,1288117.9824799995,1258242.7565799998,1424395.86071,32948.64743999999,36240.75256,1046486.8889699999,913823.7449999996,1469057.7561199998,1064786.1348699995,2401437.173019999,2049153.8420099993,2768469.3943000007,2208301.0074299998
2026-10-08T05:20:48.145510+00:00,obs-20261007-01,LIGHT,HBARUSDT,1.0,0.09309,0.0931,0.09309500000000001,1.0742292405185871,8394119799,0.09309,0.0931,239,12,809167.7562299999,257871.32080000004,837928.5401799998,269033.67569,616.82066,2933.5792899999997,138733.01061,131952.10043999998,218797.24652999997,224137.48431,458471.0531199998,351489.02021999995,818744.3007799998,712949.36904
2026-10-08T05:21:48.148654+00:00,obs-20261007-01,LIGHT,PEPEUSDT,1.0,4.05e-06,4.06e-06,4.055e-06,24.691358024691024,8828244463,4.05e-06,4.06e-06,187,18,57114.52133402998,644657.6643047901,42995.42172859998,638622.1690709401,6807.9649945500005,1228.3949722799998,77416.78703085,152003.04447496,243138.49376845,297788.5632884,531052.22991128,598578.6303011,801774.6820409099,820062.3537105899
2026-10-08T05:21:48.148654+00:00,obs-20261007-01,LIGHT,BNBUSDT,1.0,770.64,770.65,770.645,0.12976227551142472,20912082455,770.7,770.71,504,211,4771051.259500001,4408226.765559998,4537626.682969993,5010472.184389997,16170.11703,245367.75568999996,602067.93021,703136.4822,1253731.4676300006,1310398.9115100002,2610037.0715100025,3074403.9003800056,5576018.15448001,4988014.456190008
2026-10-08T05:21:48.148654+00:00,obs-20261007-01,LIGHT,AAVEUSDT,1.0,173.26,173.27,173.265,0.5771672630738856,10440899929,173.26,173.27,433,158,1206402.210860001,823340.8664300002,1222076.1706299991,796590.43595,75747.10076999999,9409.632029999997,95746.16969000001,73818.97206999997,184484.10756999996,128629.19615999998,254910.12288,213728.15196999998,779616.0773400002,286089.9173599999
2026-10-08T05:21:48.148654+00:00,obs-20261007-01,LIGHT,AVAXUSDT,1.0,10.932,10.933,10.932500000000001,0.9147457006952742,10522285307,10.932,10.933,450,126,2475559.5156400013,874053.1793300003,2444629.7234799997,860666.2844999998,13183.55423,5386.84963,188843.58201,153568.24436,340012.97178,220081.53715000002,477161.98421,234401.84855000002,515385.90094999986,282298.94535000005
2026-10-08T05:21:48.148654+00:00,obs-20261007-01,LIGHT,FILUSDT,1.0,1.06,1.0601,1.06005,0.9433962264160378,9896623235,1.06,1.0601,399,69,491691.64890200004,278265.1496869997,496291.811027,249355.59562799992,4244.833089000001,2494.609337,91368.78843599999,79106.59247200002,189530.889622,122305.59949800003,295632.8772939999,189789.32807,385560.24699399987,236790.01542099984
2026-10-08T05:21:48.148654+00:00,obs-20261007-01,LIGHT,ALGOUSDT,1.0,0.1181,0.1182,0.11815,8.467400508043177,5664744542,0.1181,0.1182,92,1,21818.079,25925.7123,16336.0302,28234.4071,0.0,9.9288,41048.7185,33293.3075,105296.35470000001,71855.8918,150097.34060000003,101768.92270000002,198999.3259,117317.00460000003
2026-10-08T05:21:48.148654+00:00,obs-20261007-01,LIGHT,XRPUSDT,1.0,1.4091,1.4092,1.40915,0.7096728408195752,26680151941,1.4091,1.4092,462,87,2086203.0685199997,2036760.2558500017,2003404.9926400005,2143956.95562,43089.69784000001,145276.09226,964939.1893899996,811056.05283,1416483.0557899994,1227726.79442,2448316.7884499985,1945184.53799,2817100.902919999,2109214.64101
2026-10-08T05:21:48.148654+00:00,obs-20261007-01,LIGHT,HBARUSDT,1.0,0.09313,0.09314,0.093135,1.0737678513894622,8394121809,0.09313,0.09314,317,26,901499.8679300004,503839.7263499999,931474.4917799997,491423.58477999986,1358.5309100000002,1753.48815,125722.71283,122264.51153999999,245069.03159000003,181894.85045000003,422612.6522399998,363919.45667999994,792923.2880999999,727729.2337399999
2026-10-08T05:22:48.149975+00:00,obs-20261007-01,LIGHT,PEPEUSDT,1.0,4.05e-06,4.06e-06,4.055e-06,24.691358024691024,8828245500,4.05e-06,4.06e-06,173,23,323787.95610571,564246.7242349598,253562.2845233601,417158.34986428986,6624.49871296,44196.353126680006,85557.13350750001,166049.32769516,261206.73176474002,408973.91251962003,572145.70595094,709171.9560256599,842265.7804206801,1018613.4382133398
2026-10-08T05:22:48.149975+00:00,obs-20261007-01,LIGHT,BNBUSDT,1.0,770.87,770.88,770.875,0.12972355909468547,20912091885,770.87,770.88,482,162,3319241.2314400007,3431711.770869998,3391836.3069900004,3261187.5415299996,14366.77391,88384.10538999998,501443.96204999974,746882.2291,1159562.16169,1290562.0387500008,2511893.589510002,3252352.531960007,5457113.3570000045,5164292.441180007
2026-10-08T05:22:48.149975+00:00,obs-20261007-01,LIGHT,AAVEUSDT,1.0,173.26,173.27,173.265,0.5771672630738856,10440903709,173.26,173.27,412,61,870835.0285599995,596662.5787900004,870230.9901899995,615000.3674999997,5041.508560000001,12646.028710000002,73291.72679000002,71796.82555000001,166043.81631999995,120157.87787000004,255974.45673,193684.46326000002,779664.9818600002,261988.7440600001
2026-10-08T05:22:48.149975+00:00,obs-20261007-01,LIGHT,AVAXUSDT,1.0,10.946,10.947,10.9465,0.9135757354283847,10522293241,10.946,10.947,459,197,2401295.217820001,808672.5555399997,2418467.291639999,867425.09472,26143.40736,48914.85098000001,131580.10084,93127.00725,263286.52888000006,151835.65632,455226.37179999996,176648.52527000004,496241.4762799997,225019.65845999992
2026-10-08T05:22:48.149975+00:00,obs-20261007-01,LIGHT,FILUSDT,1.0,1.0612,1.0613,1.0612499999999998,0.9423294383714698,9896627861,1.0612,1.0613,392,81,646622.9064390007,310500.4481549997,672142.0402460003,339410.024006,3052.8662550000004,6345.471791,60060.042940000014,63921.096565,146842.19301900003,105758.39475000002,265725.00332,164413.22080600003,355869.77653500007,210510.22471199997
2026-10-08T05:22:48.149975+00:00,obs-20261007-01,LIGHT,ALGOUSDT,1.0,0.1181,0.1182,0.11815,8.467400508043177,5664745138,0.1181,0.1182,133,5,70767.8504,38966.2295,68085.57040000003,45302.754199999996,181.7559,871.9902999999999,35178.8027,32700.2281,107266.16079999998,70774.3838,152779.6206,95432.1594,199983.13249999998,112687.14719999999
2026-10-08T05:22:48.149975+00:00,obs-20261007-01,LIGHT,XRPUSDT,1.0,1.4101,1.4102,1.4101499999999998,0.709169562442824,26680158783,1.4101,1.4102,473,115,4081159.6006100005,4463238.593449998,4041627.6265499997,4484212.36146,35661.46886,188531.37879999995,964866.4505800001,735062.1713300002,1746507.0603200004,1048117.18561,2483205.8836099985,1928833.73862,2840894.605829998,2092674.2036300004
2026-10-08T05:22:48.149975+00:00,obs-20261007-01,LIGHT,HBARUSDT,1.0,0.0932,0.09321,0.09320500000000001,1.072961373389525,8394123690,0.0932,0.09321,247,34,759155.3816700001,241251.13409000007,748355.1769600002,269696.89977,2548.39929,15106.065949999998,125319.45342,110069.12121999999,271615.61390000005,210863.38969,426616.03874999983,347387.70454999997,803202.0918299998,710951.37286
2026-10-08T05:23:48.152451+00:00,obs-20261007-01,LIGHT,PEPEUSDT,1.0,4.05e-06,4.06e-06,4.055e-06,24.691358024691024,8828246216,4.05e-06,4.06e-06,228,17,233401.74885268003,368286.4264383999,213594.65475807007,363401.9379708399,38.2307121,1594.1135726600003,126449.44041465,122821.39726892,292524.08992313,329423.52417086,591952.80004555,714056.44449322,841182.0485604,1054388.3246927
2026-10-08T05:23:48.152451+00:00,obs-20261007-01,LIGHT,BNBUSDT,1.0,771.06,771.07,771.065,0.1296915933912679,20912099202,771.06,771.07,478,88,3433652.073399999,2634410.218960001,3058271.0251199976,2270172.1439300003,1080.13506,13404.726949999998,738114.0342299996,776489.1067100001,1497881.3341700009,1469545.942820001,2885848.930370003,3733072.717870006,5694943.766790013,5522337.737489997
2026-10-08T05:23:48.152451+00:00,obs-20261007-01,LIGHT,AAVEUSDT,1.0,173.58,173.59,173.585,0.5761032376994102,10440908440,173.58,173.59,407,64,1238443.9140600006,795821.1411,1194114.0130300005,801672.0928700003,1004.3721,11694.994030000002,115432.29285999999,70158.32597,189263.82178,128226.41970999999,285548.03065999993,198198.92258999994,342524.66458000004,262179.43110000005
2026-10-08T05:23:48.152451+00:00,obs-20261007-01,LIGHT,AVAXUSDT,1.0,10.951,10.952,10.9515,0.9131586156518878,10522300224,10.951,10.952,417,182,2382069.6963299997,723332.5691099993,2355997.8570200005,685521.3336599995,10498.341349999993,9956.43565,167261.51150999995,131075.26213,318098.21778999997,199981.56302999996,480346.8286999998,215486.27108999997,511479.7184199996,265196.8831099999
2026-10-08T05:23:48.152451+00:00,obs-20261007-01,LIGHT,FILUSDT,1.0,1.063,1.0632,1.0631,1.8814675446843232,9896633544,1.0631,1.0632,425,61,634352.7638649999,425289.40608100005,592112.3606120001,426570.1241920001,1151.293594,2648.380675,60342.02906800001,80293.244365,158942.40943800003,119457.94683500001,287864.860211,177079.6824139999,389640.84042499994,221454.7082369998
2026-10-08T05:23:48.152451+00:00,obs-20261007-01,LIGHT,ALGOUSDT,1.0,0.1183,0.1184,0.11835000000000001,8.453085376163294,5664745990,0.1183,0.1184,163,9,121616.48100000001,96162.82150000005,111909.25180000003,98220.99090000002,7.2102,6353.988500000001,28190.1073,32051.7555,86518.6073,65680.7457,148830.8255,94139.76180000001,189785.59880000004,111526.31580000001
2026-10-08T05:23:48.152451+00:00,obs-20261007-01,LIGHT,XRPUSDT,1.0,1.412,1.4121,1.4120499999999998,0.7082152974513534,26680165987,1.412,1.4121,491,100,4139582.6004999997,4022742.0072600017,4056405.5533599993,4066712.143510001,46005.136029999994,60223.127359999984,1077434.3684299998,717772.0806600001,1597425.5714199992,1049363.2091600003,2535234.5782099976,1909199.2048200003,2916618.4442999987,2086074.5018200013
2026-10-08T05:23:48.152451+00:00,obs-20261007-01,LIGHT,HBARUSDT,1.0,0.09328,0.09329,0.093285,1.0720411663811547,8394126439,0.09328,0.09329,346,37,1162941.5522700003,401877.8171099999,1133380.5491600006,393165.8601199996,2258.09573,3543.519319999999,145228.87017,119429.68907,289124.57826,224991.66300000006,454871.6156699999,356390.2536400001,826577.9588699996,720576.1673900002
2026-10-08T05:24:48.152463+00:00,obs-20261007-01,LIGHT,PEPEUSDT,1.0,4.05e-06,4.06e-06,4.055e-06,24.691358024691024,8828246556,4.05e-06,4.06e-06,112,12,441295.2027103099,299158.1976449101,398957.96624216984,313568.8432894,22.34894895,969.13308786,144763.52606955002,87358.59297326,306676.79249735,299573.45880865003,634290.03651369,699645.79884873,862295.7130064102,1055598.46623373
2026-10-08T05:24:48.152463+00:00,obs-20261007-01,LIGHT,BNBUSDT,1.0,771.26,771.27,771.265,0.1296579622955818,20912105120,771.26,771.27,505,78,2681043.0137199983,1884369.478790001,2692039.9305499997,1873200.3372700007,2959.8492600000004,11517.76128,669641.3485099997,834881.38958,1486643.6693000004,1623713.3624700007,2837411.863320002,3747272.460720004,5682029.504220015,5536099.417139997
2026-10-08T05:24:48.152463+00:00,obs-20261007-01,LIGHT,AAVEUSDT,1.0,173.68,173.69,173.685,0.5757715338550184,10440912946,173.68,173.69,384,86,1080335.9833499992,689151.35195,1074223.3255599996,687357.0990099999,35766.88316,7551.841060000001,117818.73579000002,95996.59886999999,187505.08788000004,144766.62882999997,286241.49141000013,199754.70421999996,344952.48310000025,265244.59628
2026-10-08T05:24:48.152463+00:00,obs-20261007-01,LIGHT,AVAXUSDT,1.0,10.972,10.973,10.9725,0.9114108640195795,10522306544,10.972,10.973,438,130,2229287.7111700005,735114.0748199995,2224886.2617200003,719647.32511,46058.404250000014,15862.156179999996,173265.07390999998,146021.30647,335761.98762999993,216224.12708,478964.3869099997,233997.14289,508664.46045999945,284361.87764000014
2026-10-08T05:24:48.152463+00:00,obs-20261007-01,LIGHT,FILUSDT,1.0,1.0637,1.0639,1.0638,1.880229387984933,9896637419,1.0637,1.0639,437,33,417011.7956870001,293500.94981400005,404965.5707080001,294225.6259489998,1932.1511229999994,1294.942481,86466.004257,77785.981967,183230.849784,127152.25597,296242.89635100006,176620.53796499994,383390.1984310003,225256.34282199992
2026-10-08T05:24:48.152463+00:00,obs-20261007-01,LIGHT,ALGOUSDT,1.0,0.1183,0.1184,0.11835000000000001,8.453085376163294,5664746201,0.1183,0.1184,76,0,38864.314,17406.020099999998,41659.843499999995,24291.133899999993,0.0,0.0,42044.4978,21814.2565,96636.1102,57398.498,146035.29599999997,87254.64799999999,185715.0115,104894.00839999999
2026-10-08T05:24:48.152463+00:00,obs-20261007-01,LIGHT,XRPUSDT,1.0,1.4125,1.4126,1.41255,0.7079646017693619,26680171318,1.4125,1.4126,458,68,2950858.0538599966,3380886.4955099993,3089248.40817,2756692.271169998,20966.185530000002,47763.180819999994,1084723.2399999998,1353507.78021,1671063.02515,1650606.7981900002,2395881.5291299988,2535200.6090800003,2763758.981489998,2712194.6315300027
2026-10-08T05:24:48.152463+00:00,obs-20261007-01,LIGHT,HBARUSDT,1.0,0.09338,0.09339,0.093385,1.070893124865968,8394129068,0.09338,0.09339,340,34,1308457.1173400003,601157.9940299998,1291416.3768199997,598750.9947099999,487.69685,11574.53342,157170.17058000003,121229.47927,278455.68922999996,226713.71754000004,464693.6126599999,359743.9544000001,838112.0716599998,723069.0808800001
2026-10-08T05:25:48.152691+00:00,obs-20261007-01,LIGHT,PEPEUSDT,1.0,4.05e-06,4.06e-06,4.055e-06,24.691358024691024,8828246917,4.05e-06,4.06e-06,135,9,179101.98285291018,398320.1927427,198309.21214095014,480977.84491888,5781.384882,987.13265938,119074.37376105001,119653.53694714,288677.10013969004,303814.17503703,615082.8072256501,616988.14667255,843578.4837155001,868917.0662492099
2026-10-08T05:25:48.152691+00:00,obs-20261007-01,LIGHT,BNBUSDT,1.0,770.83,770.84,770.835,0.1297302907254938,20912113406,770.83,770.84,461,153,3347684.565070001,2826034.0308200005,3248793.0356499986,2718034.35461,15728.096580000009,3493.5300599999982,783512.5915199999,879379.37475,1603134.0432500008,1587885.850890001,2977350.3821800025,3736444.1798500055,5796969.841640015,5635298.717989999
2026-10-08T05:25:48.152691+00:00,obs-20261007-01,LIGHT,AAVEUSDT,1.0,173.75,173.76,173.755,0.5755395683437747,10440918940,173.75,173.76,446,106,1029229.9553499997,846407.1517799998,1010338.1292899993,853051.1391600003,37889.53129,9246.264409999996,144308.30331000002,86646.02272000001,218812.1361,129511.63943000001,285034.9910100001,195155.19839000003,359863.07312000013,259617.03894000014
2026-10-08T05:25:48.152691+00:00,obs-20261007-01,LIGHT,AVAXUSDT,1.0,10.973,10.974,10.973500000000001,0.9113278046113393,10522317446,10.973,10.974,518,296,2971680.87413,1041970.7527000004,2988023.2092700023,1057338.9777100002,31085.376259999994,25184.18172,154028.58589000002,135906.26286,303401.1272900001,203062.98752999998,464330.0706899999,219466.46018999995,489735.9293999997,269024.9413900001
2026-10-08T05:25:48.152691+00:00,obs-20261007-01,LIGHT,FILUSDT,1.0,1.0645,1.0647,1.0646,1.8788163457017504,9896642532,1.0645,1.0647,430,61,445528.6147369999,400916.458686,437583.1024370001,411454.743891,2070.9182689999993,9070.403747999997,76392.67878599999,80337.83744999998,178876.05117299999,124483.97734599999,296347.7014409999,175469.58690299996,379794.2847190003,222209.61423599994
2026-10-08T05:25:48.152691+00:00,obs-20261007-01,LIGHT,ALGOUSDT,1.0,0.1183,0.1184,0.11835000000000001,8.453085376163294,5664746726,0.1183,0.1184,125,2,64614.03210000001,51647.50239999999,56617.215200000006,41916.7739,90.9727,539.5663,47432.4525,31270.976300000002,104357.511,67243.2029,154032.1129,96985.37649999998,193277.37180000002,114632.44249999999
2026-10-08T05:25:48.152691+00:00,obs-20261007-01,LIGHT,XRPUSDT,1.0,1.412,1.4121,1.4120499999999998,0.7082152974513534,26680178832,1.412,1.4121,498,71,3898766.0268099993,3078160.0079699983,4016206.727429997,2986313.0878100004,17164.6874,23286.88498,906954.42872,1418279.9456099998,1263997.8445599999,1736139.73273,2278609.1523999986,2628278.653420001,2650610.518429999,2805314.292470003
2026-10-08T05:25:48.152691+00:00,obs-20261007-01,LIGHT,HBARUSDT,1.0,0.09329,0.0933,0.09329499999999999,1.0719262514724548,8394132385,0.09329,0.0933,369,32,723099.2079400001,1209066.9620500002,758076.33587,1187851.6420200015,1170.77209,4499.164070000001,140128.07477,118282.43594000001,251253.5076899999,222209.06796999997,440441.34688,373475.18118,803864.2118099998,738986.98897
2026-10-08T05:26:48.153076+00:00,obs-20261007-01,LIGHT,PEPEUSDT,1.0,4.05e-06,4.06e-06,4.055e-06,24.691358024691024,8828247390,4.05e-06,4.06e-06,166,15,94591.68528928,179425.40731602002,95999.75460100001,180811.82579394997,7161.1417575000005,1593.8817913200003,88275.28614750001,143088.99615878,279059.69461074006,304311.38682878,613674.7379139301,615601.72819462,844937.3638531101,867530.64777128
2026-10-08T05:26:48.153076+00:00,obs-20261007-01,LIGHT,BNBUSDT,1.0,770.72,770.73,770.725,0.12974880631011487,20912119761,770.72,770.73,448,101,1262131.7556299996,1951768.4249699998,1377908.5786399997,1941547.182950001,15946.959229999999,4705.52724,738237.9033300004,739998.2739299997,1487707.164620001,1535242.2544300004,3053750.993980003,3740997.1900300044,5682665.116480015,5586745.943109997
2026-10-08T05:26:48.153076+00:00,obs-20261007-01,LIGHT,AAVEUSDT,1.0,173.67,173.68,173.675,0.5758046870507627,10440925031,173.67,173.68,406,129,1071631.8126600005,863515.7974099998,1083111.9999300004,858273.2645099997,33742.34503,17294.21159,96825.18643000002,93518.77163999998,192584.58490000002,136524.24922,293821.81737000006,200355.19175000006,347393.48861000006,265805.55636
2026-10-08T05:26:48.153076+00:00,obs-20261007-01,LIGHT,AVAXUSDT,1.0,10.954,10.955,10.9545,0.9129085265646708,10522327221,10.954,10.955,470,282,3338649.238110001,889346.6161399999,3378689.15432,873221.1424400005,30079.021429999975,14085.39537,137908.1358,146221.67221000002,316995.25919,214801.09993000008,426833.27059999993,230869.28880000004,452213.08934999985,297701.3278900002
2026-10-08T05:26:48.153076+00:00,obs-20261007-01,LIGHT,FILUSDT,1.0,1.0641,1.0642,1.0641500000000002,0.9397613006290051,9896646128,1.0641,1.0642,392,52,411194.55550999974,252161.788135,433594.7549249999,237221.02653600014,4427.274802999999,5698.134737000001,75736.44163900001,86819.64964299998,185356.69233700001,124050.00689299997,277263.673943,188488.62465499988,364336.53370300017,235081.1459209999
2026-10-08T05:26:48.153076+00:00,obs-20261007-01,LIGHT,ALGOUSDT,1.0,0.1183,0.1184,0.11835000000000001,8.453085376163294,5664747077,0.1183,0.1184,94,5,81289.5795,33705.028999999995,82663.6265,32922.78999999999,180.0864,248.7584,49747.0702,26375.8203,103263.9058,65994.3084,152658.0659,97767.61549999997,198510.2128,115419.94829999997
2026-10-08T05:26:48.153076+00:00,obs-20261007-01,LIGHT,XRPUSDT,1.0,1.4116,1.4117,1.4116499999999998,0.708415981864885,26680182611,1.4116,1.4117,421,43,1530675.2955999998,1029685.8884,1598893.9427900012,930363.3755900005,37021.63016999999,15840.02594,941418.3231400002,1523845.59177,1216949.231620001,1832738.7635100002,2210534.6066300008,2727307.622960001,2582260.4997500004,2891134.028410003
2026-10-08T05:26:48.153076+00:00,obs-20261007-01,LIGHT,HBARUSDT,1.0,0.0933,0.09331,0.093305,1.0718113612018243,8394135442,0.0933,0.09331,333,41,688439.59001,697011.3441500001,679249.6009599997,725151.7810799998,3330.4873,69290.67587,137668.33876,75343.08280000002,261962.72114,194412.07779000004,449631.3359300001,345334.74425000005,813054.2033799998,710846.5520400001
2026-10-08T05:27:48.160628+00:00,obs-20261007-01,LIGHT,PEPEUSDT,1.0,4.05e-06,4.06e-06,4.055e-06,24.691358024691024,8828247928,4.05e-06,4.06e-06,203,15,40734.00111666,496660.2266301398,40656.54630313,501304.27027492,1125.6923403,5619.093522980001,88973.60884335,122573.52750496,278947.06293135,299002.26585016,613752.1927274601,610957.6845498399,844887.87657294,861864.28444448
2026-10-08T05:27:48.160628+00:00,obs-20261007-01,LIGHT,BNBUSDT,1.0,770.47,770.48,770.475,0.12979090684872574,20912124919,770.47,770.48,395,89,2759157.37964,3167441.616600001,2747488.67366,3152636.484079999,14347.212100000006,2137.753799999999,832713.3771800001,940162.1425399994,1500391.309600001,1610310.3465800013,3085592.8045300036,3749762.680730005,5704267.417950022,5549407.5015699975
2026-10-08T05:27:48.160628+00:00,obs-20261007-01,LIGHT,AAVEUSDT,1.0,173.36,173.37,173.365,0.5768343331791215,10440929859,173.36,173.37,353,170,1138938.3821500002,723779.6935499995,1158096.2385999996,710313.58515,52873.98414999998,17500.663629999995,120934.02356999996,67803.95311,207794.36064999996,122153.02559000002,283861.07805999985,202708.21984000003,805372.5902299999,272720.54367
2026-10-08T05:27:48.160628+00:00,obs-20261007-01,LIGHT,AVAXUSDT,1.0,10.956,10.957,10.9565,0.9127418765975115,10522334270,10.956,10.957,467,188,2044223.01853,697997.8320000006,2034659.6890100006,697811.1923100002,9515.24262,25526.433590000008,137786.75854,149084.83997,290759.33368000004,215477.46781000003,436389.00862,231061.01839000004,461697.29596999974,281758.8676400002
2026-10-08T05:27:48.160628+00:00,obs-20261007-01,LIGHT,FILUSDT,1.0,1.0641,1.0642,1.0641500000000002,0.9397613006290051,9896649635,1.0641,1.0642,392,52,378292.06717000017,250440.41303300002,375760.54833200003,251340.33083600004,2509.114351,4066.9542560000004,72790.92587400001,90899.57002299996,187028.18698000003,127152.50246499998,279795.192781,187588.70685199997,366435.66127700004,234583.78069799996
2026-10-08T05:27:48.160628+00:00,obs-20261007-01,LIGHT,ALGOUSDT,1.0,0.1181,0.1182,0.11815,8.467400508043177,5664747678,0.1181,0.1182,120,3,90199.04919999998,65277.78430000001,108949.5194,55310.89319999999,1194.3785,0.0,55837.7869,21575.138700000003,116383.3431,63744.2166,150897.5532,94762.3648,188028.44060000003,119750.1944
2026-10-08T05:27:48.160628+00:00,obs-20261007-01,LIGHT,XRPUSDT,1.0,1.4113,1.4114,1.41135,0.7085665698292054,26680187143,1.4113,1.4114,389,68,2040979.66014,1763423.1389900004,2079326.9082100003,1835262.5479599999,32384.155350000005,64292.46234,939711.87793,1417001.50572,1454896.1696100002,1635101.9216599995,2172802.2541900002,2653174.1251499997,2544539.6156699997,2816590.133800002
2026-10-08T05:27:48.160628+00:00,obs-20261007-01,LIGHT,HBARUSDT,1.0,0.0933,0.09331,0.093305,1.0718113612018243,8394137552,0.0933,0.09331,294,30,767855.4763700002,460873.65067999996,770534.4608700001,430988.55328,3040.9087000000004,4460.73993,137341.06599999996,111329.04460999998,274379.63255000004,217974.29877,446952.3514300001,369650.48954999994,810432.5495799999,735162.2973399999
2026-10-08T05:28:48.187485+00:00,obs-20261007-01,LIGHT,PEPEUSDT,1.0,4.05e-06,4.06e-06,4.055e-06,24.691358024691024,8828248427,4.05e-06,4.06e-06,196,16,65834.08614045,300656.9706069098,64036.83967254001,301702.35754491994,62.63052030000001,1039.0044861,93142.97450955001,121367.57227854,280909.67364259,297956.87482215,615549.4391953701,609912.29761183,846853.36921146,854089.6235174101
2026-10-08T05:28:48.187485+00:00,obs-20261007-01,LIGHT,BNBUSDT,1.0,770.69,770.7,770.695,0.1297538569322576,20912129132,770.69,770.7,426,60,2783664.8032599995,1740107.7094100008,2760613.81901,1804891.8210700003,2259.8517599999996,3374.3441699999994,645093.0732200003,879187.8122499998,1512725.1117500009,1531320.7003200005,3089606.029410002,3689977.450420005,5717549.315140011,5539750.0959
2026-10-08T05:28:48.187485+00:00,obs-20261007-01,LIGHT,AAVEUSDT,1.0,173.44,173.45,173.445,0.576568265682198,10440933266,173.44,173.45,353,63,691978.2609300001,556412.2029199997,670401.4554299996,550306.3975699998,22468.548109999996,6261.402900000001,129577.12377999998,91364.70332000002,202084.49202999994,145574.88691,303298.0717899999,213107.79644000003,822839.5200499998,279902.2080199999
2026-10-08T05:28:48.187485+00:00,obs-20261007-01,LIGHT,AVAXUSDT,1.0,10.967,10.968,10.967500000000001,0.9118263882545996,10522340476,10.967,10.968,410,143,1833621.8935200004,630997.69216,1841895.8721100008,658551.9663400002,20887.30073000001,8548.19052,141674.81116999994,127325.47485,312106.4821699999,190512.84884999998,425736.9892199997,204583.90388999993,451681.93944999937,256316.22422999993
2026-10-08T05:28:48.187485+00:00,obs-20261007-01,LIGHT,FILUSDT,1.0,1.0651,1.0652,1.06515,0.9388789785003127,9896652524,1.065,1.0651,348,23,396839.41260299995,147855.90420700013,376046.1619550002,167163.54583800005,1425.5781200000001,1577.7323060000003,77826.44755099999,80353.257275,181913.79834300003,119886.723098,293384.7300909999,173798.44519400003,376772.51803600014,217455.37095799998
2026-10-08T05:28:48.187485+00:00,obs-20261007-01,LIGHT,ALGOUSDT,1.0,0.1182,0.1183,0.11825,8.460236886633776,5664747957,0.1182,0.1183,101,4,28654.8188,21425.010099999996,21880.318700000003,25984.725700000003,23.7381,1408.1432,44509.4079,35200.7155,101965.9885,67330.8452,152443.90830000004,96125.725,193185.34530000004,114424.6824
2026-10-08T05:28:48.187485+00:00,obs-20261007-01,LIGHT,XRPUSDT,1.0,1.4117,1.4118,1.41175,0.7083658000994753,26680190496,1.4117,1.4118,365,47,1452938.5588100005,1119792.0377399998,1238652.36453,1214487.1257700003,22513.09515,43957.593120000005,1034089.5094500001,1379671.2685600002,1377851.71112,1641570.87519,2386403.8125999994,2562341.79308,2759198.532289999,2727043.082650002
2026-10-08T05:28:48.187485+00:00,obs-20261007-01,LIGHT,HBARUSDT,1.0,0.09331,0.09332,0.09331500000000001,1.0716964955514996,8394138591,0.09331,0.09332,229,9,253256.52129000012,172321.54014000003,231984.61752,184498.67058000012,1115.38683,1496.42283,156154.78029,100314.29925999999,297664.48565999995,208360.35603999996,468212.61532,357568.91847,831741.2758299998,723017.81364
2026-10-08T05:29:48.188127+00:00,obs-20261007-01,LIGHT,PEPEUSDT,1.0,4.05e-06,4.06e-06,4.055e-06,24.691358024691024,8828248966,4.05e-06,4.06e-06,171,16,168081.89683303004,262181.81331516,171090.2582756,263877.1369912799,3469.32926955,1579.2012819799997,89107.92697995,118711.11198870001,278405.06321155,295301.89260979,612541.0777528,608216.97393571,844700.1300950898,852394.2998412901
2026-10-08T05:29:48.188127+00:00,obs-20261007-01,LIGHT,BNBUSDT,1.0,770.58,770.59,770.585,0.12977237924705065,20912133989,770.58,770.59,431,87,1412782.4431999996,1632820.3241900003,1311686.3974200003,1602964.3727600006,23890.048140000003,7106.6745999999985,897356.3474000006,861030.2669799995,1617958.7065700016,1576132.815760001,3209406.4819700033,3718482.2185500045,5818254.384690014,5521958.187369999
2026-10-08T05:29:48.188127+00:00,obs-20261007-01,LIGHT,AAVEUSDT,1.0,173.4,173.41,173.405,0.5767012687418749,10440939445,173.4,173.41,374,202,1165661.9117800002,755558.9157699991,1189992.8896600006,765676.9839999996,31737.423799999964,36857.37367999999,122739.70121999999,83375.18382000003,185636.89727,131378.29988000006,280383.53017,201163.78890000007,800388.8513299999,271771.9128899999
2026-10-08T05:29:48.188127+00:00,obs-20261007-01,LIGHT,AVAXUSDT,1.0,10.966,10.967,10.9665,0.9119095385745624,10522345696,10.966,10.967,381,92,1794559.275560001,488555.64293,1761560.79395,447639.9021099998,5502.660060000001,6447.126549999999,203412.15420999998,158024.52386000004,321948.49981,232628.28193000003,458762.9390399999,245357.19448999997,485662.1644399996,297215.1924400002
2026-10-08T05:29:48.188127+00:00,obs-20261007-01,LIGHT,FILUSDT,1.0,1.0647,1.0648,1.06475,0.9392317084633284,9896655937,1.0647,1.0648,365,45,367930.5325469999,258018.43767299983,379113.2892960002,248208.95902500002,1238.9111279999997,1447.3114549999998,87671.79536699998,80692.91972300001,175883.782147,126125.41610700001,285828.78603499994,183365.65528400007,369106.7082710002,227264.83152500005
2026-10-08T05:29:48.188127+00:00,obs-20261007-01,LIGHT,ALGOUSDT,1.0,0.1181,0.1182,0.11815,8.467400508043177,5664748207,0.1181,0.1182,73,3,40412.30439999999,17405.63,48050.2624,11752.785500000002,199.63979999999998,20.094,41896.0218,29810.8601,104155.9536,65223.462199999994,149100.4353,95835.43449999999,186273.41560000004,119674.68329999999
2026-10-08T05:29:48.188127+00:00,obs-20261007-01,LIGHT,XRPUSDT,1.0,1.4112,1.4113,1.41125,0.7086167800451904,26680193995,1.4112,1.4113,389,37,1475926.9230799996,1060900.2599199996,1630562.3667300004,1086517.928939999,10433.26878,8918.70623,949856.9496200002,1348969.90756,1519692.9283999999,1522189.756539999,2232509.0325400005,2534238.376239999,2606030.24939,2696660.980360001
2026-10-08T05:29:48.188127+00:00,obs-20261007-01,LIGHT,HBARUSDT,1.0,0.09326,0.09327,0.093265,1.0722710701283056,8394139589,0.09326,0.09327,229,6,140267.4892399999,157890.32553000003,167983.20074999996,134890.02235,1436.87642,893.72564,145483.10365,110343.05010000002,288103.02562000003,222199.80479000002,442112.46430999995,380399.05086,804098.0704499997,745985.47008
2026-10-08T05:30:48.192805+00:00,obs-20261007-01,LIGHT,PEPEUSDT,1.0,4.05e-06,4.06e-06,4.055e-06,24.691358024691024,8828249974,4.05e-06,4.06e-06,307,20,115082.24476144995,627483.5501213503,112373.04368739,514768.4107270301,5237.9319141000005,1297.3213730400003,84127.13157465,114644.80755168,285554.41881529003,314626.05950348,615250.27882686,720932.1133300299,853589.51393945,1052789.0894086098
2026-10-08T05:30:48.192805+00:00,obs-20261007-01,LIGHT,BNBUSDT,1.0,770.22,770.23,770.225,0.12983303471658658,20912141048,770.22,770.23,456,124,3879348.8135699998,4337262.908749996,3850845.519739998,4323129.702380002,14240.687440000005,4924.152210000002,822244.3658100003,913150.61824,1380048.2370100007,1542452.4428300022,3532850.5629000026,3708945.810000004,6314300.891720015,5518136.690739999
2026-10-08T05:30:48.192805+00:00,obs-20261007-01,LIGHT,AAVEUSDT,1.0,173.45,173.46,173.45499999999998,0.5765350245034995,10440944482,173.45,173.46,403,240,973421.3893100006,610731.8556000001,950105.1730799997,622041.8097799994,24239.178849999975,13143.76211,129999.63898999998,72385.31383000001,219912.46382999994,120778.99838000003,301813.67827999993,191684.85425,819966.88916,260971.6708100001
2026-10-08T05:30:48.192805+00:00,obs-20261007-01,LIGHT,AVAXUSDT,1.0,10.948,10.949,10.9485,0.9134088417961372,10522352283,10.948,10.949,419,119,1894294.7345399994,744350.3673500004,1970807.6758100004,729094.5833200002,50587.79216999998,2007.5034200000002,161687.81399,164217.47397,339286.16333999997,242029.94494999998,384660.3155299998,258717.84231,409477.0054699997,309054.7618200001
2026-10-08T05:30:48.192805+00:00,obs-20261007-01,LIGHT,FILUSDT,1.0,1.0639,1.064,1.0639500000000002,0.9399379640950833,9896659262,1.0639,1.064,368,21,325183.19614599994,251744.98980799998,347249.3076569999,240614.94029399994,549.585651,166.292727,89534.076705,80415.988529,192978.850615,128040.14337,267243.0121270001,185830.94674200003,353919.4186120003,236225.80090300002
2026-10-08T05:30:48.192805+00:00,obs-20261007-01,LIGHT,ALGOUSDT,1.0,0.118,0.1181,0.11804999999999999,8.474576271186862,5664748589,0.118,0.1181,126,2,36778.55739999999,25997.260699999995,41594.2079,24014.914900000003,376.84610000000004,0.0,46128.0601,22318.3332,111026.44970000001,57447.198599999996,146359.64290000004,95199.3839,182749.69690000007,120515.08309999999
2026-10-08T05:30:48.192805+00:00,obs-20261007-01,LIGHT,XRPUSDT,1.0,1.4101,1.4102,1.4101499999999998,0.709169562442824,26680199924,1.4101,1.4102,470,62,2687485.6538799987,2695792.728119999,2966996.707630002,2525055.7644500006,44565.009200000015,41141.158789999994,771286.0450300003,1471153.3695000003,1371656.7493800002,1793106.6158500006,1980719.65934,2685007.201330001,2358975.4733900004,2863621.6447700015
2026-10-08T05:30:48.192805+00:00,obs-20261007-01,LIGHT,HBARUSDT,1.0,0.09318,0.09319,0.09318499999999999,1.0731916720319035,8394141451,0.09318,0.09319,310,26,598678.8598200002,564931.2540199996,617259.3400599996,559850.6369000004,866.5273100000002,4986.0235600000005,146144.45497,117408.30795,276081.83408,180611.65170000002,425461.51355,383059.1678800001,784567.7498999998,750487.3266
2026-10-08T05:31:48.194446+00:00,obs-20261007-01,LIGHT,PEPEUSDT,1.0,4.05e-06,4.06e-06,4.055e-06,24.691358024691024,8828250355,4.05e-06,4.06e-06,202,13,27417.0259621,251673.99986599997,38165.053742040014,250896.86254916986,1638.943794,971.3309079599999,73085.39924355,140179.30629598,274805.28301555,330762.11289247,604502.25104692,721709.25064686,848408.74172394,1053566.22672544
2026-10-08T05:31:48.194446+00:00,obs-20261007-01,LIGHT,BNBUSDT,1.0,770.3,770.31,770.305,0.12981955082480567,20912146851,770.3,770.31,459,78,1884312.6439699992,1852188.1867800003,2238227.124650001,1888297.79942,793.3549900000003,6377.728129999998,740761.7053300006,882062.65792,1406102.0893000008,1546569.730710002,3178566.2368600024,3692045.001460004,6340388.195510015,5488061.21093
2026-10-08T05:31:48.194446+00:00,obs-20261007-01,LIGHT,AAVEUSDT,1.0,173.33,173.34,173.335,0.5769341718098175,10440949448,173.33,173.34,422,348,986020.6656699999,475808.33937000035,1002553.9330999999,453894.07446000003,39966.81098000006,7726.472490000002,99620.69798,87014.12976000003,210172.17440999998,129770.90747000005,287992.52135000005,210023.94579000003,803291.5366900002,276826.69424999994
2026-10-08T05:31:48.194446+00:00,obs-20261007-01,LIGHT,AVAXUSDT,1.0,10.928,10.929,10.9285,0.9150805270863316,10522358593,10.928,10.929,428,122,898623.0386800007,1886866.3704499993,921602.8854499997,1882630.8593099993,15037.442590000002,8392.039920000001,164874.81760000004,143842.25632,314732.10519999993,226846.84376,375396.05126,261871.50381000002,403033.52937999985,311784.7760900002
2026-10-08T05:31:48.194446+00:00,obs-20261007-01,LIGHT,FILUSDT,1.0,1.0618,1.0619,1.0618500000000002,0.9417969485769895,9896663236,1.0618,1.0619,420,40,405240.117075,282341.88844999997,439781.160673,247427.8447449998,3685.484828,1151.9551999999999,119799.864982,69339.80262500001,215415.172304,134467.62223300003,248464.81657200007,198741.447324,352423.0214170002,268454.305316
2026-10-08T05:31:48.194446+00:00,obs-20261007-01,LIGHT,ALGOUSDT,1.0,0.118,0.1181,0.11804999999999999,8.474576271186862,5664748797,0.118,0.1181,89,0,10436.5452,25334.4185,12831.665400000004,18181.949,0.0,0.0,41760.722200000004,31551.3439,108254.38309999999,60789.0396,143964.5227,102351.8534,181816.4769,123130.37910000002
2026-10-08T05:31:48.194446+00:00,obs-20261007-01,LIGHT,XRPUSDT,1.0,1.4091,1.4092,1.40915,0.7096728408195752,26680205279,1.4091,1.4092,432,69,2877969.4592499984,2394583.0337200006,2899918.438939998,2378109.5094500002,45500.95234,51243.64631,877218.63187,884100.93469,1206608.7425500003,1812006.5428400002,2003136.1636399995,2699776.363119999,2364266.445920001,2878450.22241
2026-10-08T05:31:48.194446+00:00,obs-20261007-01,LIGHT,HBARUSDT,1.0,0.09317,0.09318,0.09317500000000001,1.0733068584301009,8394143779,0.09317,0.09318,346,25,436287.0650900001,622144.6944999995,430470.76167000004,620676.7461999998,1667.15866,3265.6880400000005,140369.74571999998,116122.81475,279407.48672999995,220281.93417999998,431277.81696999987,382796.29977999994,791434.9175699996,750924.8627399999
2026-10-08T05:32:48.195674+00:00,obs-20261007-01,LIGHT,PEPEUSDT,1.0,4.04e-06,4.05e-06,4.045e-06,24.752475247524774,8828251590,4.04e-06,4.05e-06,199,32,515435.8941122598,665592.32675041,526013.3165501999,466026.51957947004,14714.097233400002,7806.525059959999,112922.07429152001,121752.05728635001,305233.17823479004,313056.88671325,624247.6533658301,708943.04553319,867053.6340472401,1062754.62385498
2026-10-08T05:32:48.195674+00:00,obs-20261007-01,LIGHT,BNBUSDT,1.0,770.36,770.37,770.365,0.12980943974172376,20912155276,770.36,770.37,480,134,5239018.591909995,3602236.397519999,5240593.057960003,3626596.253609999,2433.20278,9083.244289999995,694770.4304800004,836302.2389200001,1320835.9599200005,1526173.4474200015,3176856.0216600024,3667978.4647700037,6327504.3393600155,5463998.429069998
2026-10-08T05:32:48.195674+00:00,obs-20261007-01,LIGHT,AAVEUSDT,1.0,173.55,173.56,173.555,0.5762028233924354,10440955655,173.55,173.56,401,293,1237511.2605599998,729466.4389199994,1233213.1390999998,752178.54092,25346.063699999988,27224.03696000001,87167.03035,70094.71247,190241.73504,127956.38371000002,277565.06708000007,187202.35483000003,336906.16732000007,254016.2802800001
2026-10-08T05:32:48.195674+00:00,obs-20261007-01,LIGHT,AVAXUSDT,1.0,10.929,10.93,10.9295,0.9149967975097262,10522366471,10.929,10.93,483,189,1231636.0423400009,2171742.5493300008,1260473.6696800012,2174497.43049,24340.029620000027,7493.393079999999,110270.62312999998,146592.60159,264726.05611,229630.47663,346515.0357199998,259154.92451,375780.97556999966,308841.27950999996
2026-10-08T05:32:48.195674+00:00,obs-20261007-01,LIGHT,FILUSDT,1.0,1.0628,1.0629,1.06285,0.9409108016567025,9896667577,1.0628,1.0629,363,53,435705.2109950002,295869.67517800006,417802.1602850001,304279.51926900004,1792.801356,1677.0713959999998,109392.021787,86231.444012,195420.63469200005,138415.46701899997,259428.72178200007,210753.97505100002,366183.3998160003,261730.08826499997
2026-10-08T05:32:48.195674+00:00,obs-20261007-01,LIGHT,ALGOUSDT,1.0,0.1179,0.118,0.11795,8.481764206953457,5664749299,0.1179,0.118,131,3,88802.32840000003,72481.16859999998,90944.8762,69331.62849999999,1110.38,22.183999999999997,53391.6213,25993.1066,110063.492,64021.7501,144826.30449999997,100337.6495,179908.3963,120099.05619999999
2026-10-08T05:32:48.195674+00:00,obs-20261007-01,LIGHT,XRPUSDT,1.0,1.4089,1.409,1.40895,0.7097735822281237,26680213526,1.4089,1.409,465,104,4330563.900430001,3992193.0196899986,4219714.050350001,4095612.930850001,41081.95222,90197.55734999997,771539.6710299999,800354.7497599998,1220480.5761499999,1834727.51158,2150402.8851699987,2599308.9888399993,2476457.659489998,2771720.33835
2026-10-08T05:32:48.195674+00:00,obs-20261007-01,LIGHT,HBARUSDT,1.0,0.09315,0.09316,0.093155,1.0735373054227004,8394146221,0.09315,0.09316,348,31,605490.0807100002,427871.9034800004,590736.2311900001,434761.82313000003,1544.48,2408.38434,172331.61149999997,130239.13304999997,296799.82353999995,214055.80923,447870.58615999995,375383.4271,806711.3307399997,744034.94309
2026-10-08T05:33:48.197887+00:00,obs-20261007-01,LIGHT,PEPEUSDT,1.0,4.05e-06,4.06e-06,4.055e-06,24.691358024691024,8828253126,4.05e-06,4.06e-06,259,28,600180.3316887504,586343.8090068,435050.63129939005,657654.7352074296,2141.9686826399998,9163.880378600003,95864.2405992,115860.01494564,277176.77011072,313960.98111391,597049.4919321401,701849.21876001,882056.0717814701,1005892.1195219599
2026-10-08T05:33:48.197887+00:00,obs-20261007-01,LIGHT,BNBUSDT,1.0,770.91,770.92,770.915,0.12971682816331764,20912164457,770.91,770.92,533,125,5907211.513680001,4312436.6745,5667910.316469996,4389993.58319,1885.4022000000002,11072.488299999999,631750.5685999998,779599.4354800005,1317369.8166300002,1453215.1010200009,3097220.1651500026,3797605.592900005,6023021.539090012,5440860.688329995
2026-10-08T05:33:48.197887+00:00,obs-20261007-01,LIGHT,AAVEUSDT,1.0,174.01,174.02,174.015,0.5746796161143486,10440961641,174.01,174.02,430,135,1286385.87741,682741.9019599999,1227577.1857299998,705445.6940299999,13562.286059999995,37528.607749999996,103066.90745999997,88436.11022,174244.52863999997,143050.88948,301035.23439999984,174919.31789000015,366552.37062999967,238139.73101000016
2026-10-08T05:33:48.197887+00:00,obs-20261007-01,LIGHT,AVAXUSDT,1.0,10.946,10.947,10.9465,0.9135757354283847,10522374070,10.946,10.947,509,155,1383991.8997799996,2286516.073899999,1330266.3621699996,2299210.827360001,27431.23167000001,6101.594990000002,130206.31380000002,162890.10878000004,273496.45847,234229.48246000003,398073.18016999983,248054.38429,433781.6747299997,297492.8773200002
2026-10-08T05:33:48.197887+00:00,obs-20261007-01,LIGHT,FILUSDT,1.0,1.064,1.0642,1.0641,1.8796992481195929,9896672902,1.064,1.0642,403,62,586192.9088820003,417960.8354819999,563653.3967800002,445782.17640599987,1018.113126,1952.9815329999997,97699.17969399999,83079.33608400001,207483.73181299996,125594.86107800003,277099.959837,191950.98721300004,367891.0323770001,234901.61775200002
2026-10-08T05:33:48.197887+00:00,obs-20261007-01,LIGHT,ALGOUSDT,1.0,0.118,0.1181,0.11804999999999999,8.474576271186862,5664749792,0.118,0.1181,129,4,74444.0014,48064.402,65746.8351,53117.91629999999,510.8044,15.9435,42356.548800000004,31719.299,111586.69570000001,62914.077300000004,146080.74120000002,96831.4704,187858.7006,115080.69870000001
2026-10-08T05:33:48.197887+00:00,obs-20261007-01,LIGHT,XRPUSDT,1.0,1.411,1.4111,1.41105,0.7087172218289695,26680223743,1.411,1.4111,519,114,6353512.264119999,6187649.737460005,6100746.538899997,6251013.299909995,101019.9095,70508.90551999997,844119.90808,1407708.0538700002,1407364.9666400005,1845881.40978,2290597.172780001,2566186.868550001,2679402.9674799996,2727399.470640002
2026-10-08T05:33:48.197887+00:00,obs-20261007-01,LIGHT,HBARUSDT,1.0,0.09322,0.09323,0.093225,1.0727311735680978,8394148522,0.09322,0.09323,327,23,580184.7703399997,292660.64008,553660.2761799998,324033.03197,664.1627699999999,3429.823810000001,165683.91098999995,91566.78854,317959.7505299999,194641.84221999996,471904.4553999998,346503.48126999993,832696.6418499997,712343.73556
2026-10-08T05:34:48.198535+00:00,obs-20261007-01,LIGHT,PEPEUSDT,1.0,4.05e-06,4.06e-06,4.055e-06,24.691358024691024,8828253554,4.05e-06,4.06e-06,153,15,125239.96866648996,599317.4861389796,121867.44927601996,629378.13026022,2555.33956605,2503.46961998,131566.63244085,51437.6817038,284387.90712037,281932.03987425,600422.0113226101,671788.57463877,867715.8071649601,1022856.52033552
2026-10-08T05:34:48.198535+00:00,obs-20261007-01,LIGHT,BNBUSDT,1.0,771.36,771.37,771.365,0.12964115328806258,20912171605,771.36,771.37,466,96,6328620.601180001,5839984.101970003,6221462.2742,6030289.974219998,5979.507950000001,12800.576620000003,761271.5093299996,820466.3008099999,1404884.30722,1619391.7137900002,3163640.0204900005,3750031.6233400046,6194559.402500011,5515348.021019994
2026-10-08T05:34:48.198535+00:00,obs-20261007-01,LIGHT,AAVEUSDT,1.0,174.03,174.04,174.035,0.5746135723727619,10440967214,174.03,174.04,408,226,792426.708609999,577618.44457,800394.3226,573450.13012,28450.218270000027,18803.658359999998,122842.14760999997,74728.11805000002,202048.56922999996,131575.70805,292941.40863999986,180443.45747000014,355381.42594999966,246142.91758000018
2026-10-08T05:34:48.198535+00:00,obs-20261007-01,LIGHT,AVAXUSDT,1.0,10.951,10.952,10.9515,0.9131586156518878,10522380462,10.951,10.952,453,100,842848.4669499996,2388914.9168899986,790179.1998999999,2383244.54334,11117.067410000001,5377.9941899999985,162961.96898000003,153725.02367999998,318555.5983400001,239029.70698999998,448723.8986800002,255455.29224999994,487459.59862,305853.5482600001
2026-10-08T05:34:48.198535+00:00,obs-20261007-01,LIGHT,FILUSDT,1.0,1.065,1.0651,1.0650499999999998,0.9389671361503815,9896677112,1.065,1.0651,389,34,405981.2084719999,276701.31633999984,393358.989074,297902.2463130001,703.782259,3634.249284,77698.42269499999,78384.89951100001,178986.58949399999,119130.06178500001,282956.889931,176262.31640500002,373959.18521300034,220060.10093199997
2026-10-08T05:34:48.198535+00:00,obs-20261007-01,LIGHT,ALGOUSDT,1.0,0.1181,0.1182,0.11815,8.467400508043177,5664750225,0.1181,0.1182,117,4,73712.21750000003,53850.17140000001,70902.8688,57222.53010000002,47.476200000000006,102.1565,30110.137000000002,29309.4045,100159.4442,71988.7206,144567.1279,96113.77530000001,187899.6693,111737.8079
2026-10-08T05:34:48.198535+00:00,obs-20261007-01,LIGHT,XRPUSDT,1.0,1.4121,1.4122,1.41215,0.708165144112094,26680230489,1.4121,1.4122,477,71,3572197.283079999,3335654.5748900017,3144080.141670001,3488095.373750002,15321.554110000003,110524.85010000001,1182115.07754,1245580.3345999997,1788950.60655,1697809.1029199993,2713730.3650299995,2422092.098819999,3097357.9573699976,2595908.3287200006
2026-10-08T05:34:48.198535+00:00,obs-20261007-01,LIGHT,HBARUSDT,1.0,0.09313,0.09314,0.093135,1.0737678513894622,8394150979,0.09313,0.09314,313,33,923547.6820000004,535835.7542500001,961471.2786300009,511820.0949500003,2219.00391,2733.00824,179132.97646999997,99550.07919000002,291052.80726,207228.82677000004,437824.5000899999,362756.80829,795938.0620099996,733659.19342
2026-10-08T05:35:48.198565+00:00,obs-20261007-01,LIGHT,PEPEUSDT,1.0,4.05e-06,4.06e-06,4.055e-06,24.691358024691024,8828255505,4.05e-06,4.06e-06,257,52,520716.2311663998,541764.0515332299,497630.9454341698,458015.4479959002,30516.30041899,19023.64431432,88945.0017453,135103.95787896,294635.18973202,313236.7322165,570068.11841846,697636.6274088,802449.09287639,1045955.5907067199
2026-10-08T05:35:48.198565+00:00,obs-20261007-01,LIGHT,BNBUSDT,1.0,770.86,770.87,770.865,0.1297252419374395,20912180501,770.86,770.87,461,152,6601038.412739998,6325281.444500001,6664933.319229999,6422566.093199995,39785.35243000002,35208.90296000001,846254.9435600003,745244.42117,1404952.8182100006,1431301.4169400001,3140802.657360003,3509697.404620004,6147644.028910012,5507222.322749995
2026-10-08T05:35:48.198565+00:00,obs-20261007-01,LIGHT,AAVEUSDT,1.0,174.18,174.19,174.185,0.5741187277519266,10440973322,174.18,174.19,421,196,1235459.2731900003,579678.94832,1284068.9401399984,578033.4514200004,40990.69673000003,29125.305049999995,77625.51764,77206.81721999998,161697.96781999996,141567.50676000002,228642.90049,183722.87588000007,290667.2774700001,250596.94938000006
2026-10-08T05:35:48.198565+00:00,obs-20261007-01,LIGHT,AVAXUSDT,1.0,10.938,10.939,10.938500000000001,0.9142439202780572,10522388085,10.938,10.939,449,167,1621319.1804399998,2401674.61308,1692850.1333800002,2356397.8526199996,75035.16030000005,14361.731269999998,122488.18718000002,172882.61904,318066.63259999984,274395.76200000005,379274.97783999983,298133.0069600002,419074.0768599997,348479.6822400004
2026-10-08T05:35:48.198565+00:00,obs-20261007-01,LIGHT,FILUSDT,1.0,1.0653,1.0654,1.06535,0.938702712851569,9896681954,1.0652,1.0653,410,109,506983.49931700004,418849.10858900007,527933.3449190003,408045.3545090002,30712.318992000008,40895.16433300002,65162.47629,73440.47834599999,155613.62107999998,119079.463181,261638.64380499988,187253.443708,356229.6144960003,230884.10676499997
2026-10-08T05:35:48.198565+00:00,obs-20261007-01,LIGHT,ALGOUSDT,1.0,0.1179,0.118,0.11795,8.481764206953457,5664750784,0.1179,0.118,124,4,85965.69019999998,64797.58029999998,98744.79009999997,57561.758599999994,3613.8476,118.0,50513.3149,27200.6641,108263.07849999999,62755.173800000004,141903.12879999998,100298.24670000002,177488.67709999997,120075.9762
2026-10-08T05:35:48.198565+00:00,obs-20261007-01,LIGHT,XRPUSDT,1.0,1.4097,1.4098,1.4097499999999998,0.7093707881100642,26680240770,1.4097,1.4098,502,150,6437237.833949999,6057839.29899,7129685.229699995,5736195.291189995,341474.39906,88704.69658,711447.36443,1440574.2369300001,1450222.2979500003,1716052.9353900005,2070606.4631999999,2719894.542820001,2433778.6522499984,2899873.4201200013
2026-10-08T05:35:48.198565+00:00,obs-20261007-01,LIGHT,HBARUSDT,1.0,0.09308,0.09309,0.093085,1.074344649765191,8394153952,0.09307,0.09308,338,55,606931.5384599998,552196.6603999998,635902.3347499997,531217.16865,20292.23318000001,15567.443170000002,163156.74915999998,121742.55658,261141.06596999997,173766.35181000005,419222.8131799998,378383.7168600001,767028.0448799997,752220.8758800001
2026-10-08T05:36:48.205382+00:00,obs-20261007-01,LIGHT,PEPEUSDT,1.0,4.05e-06,4.06e-06,4.055e-06,24.691358024691024,8828256441,4.05e-06,4.06e-06,247,13,305229.4635148,506101.5236890999,299053.45164504,512920.03131469985,283.67027415000007,2234.1945819200005,127380.21160905,84017.66522072,305274.59789433004,305783.65748381,576244.13028822,690818.1197832,802660.8979758399,1043380.77633637
2026-10-08T05:36:48.205382+00:00,obs-20261007-01,LIGHT,BNBUSDT,1.0,771.51,771.52,771.515,0.12961594794580478,20912189184,771.51,771.52,488,116,6637179.640230004,5627586.5173799945,6668528.077980001,5624481.124110001,12862.65707,17069.92712,675387.9989899996,845087.5052300001,1420135.6104699997,1755273.2494999995,3064130.6900500003,3702659.9876100025,5785811.699870005,5580911.548899996
2026-10-08T05:36:48.205382+00:00,obs-20261007-01,LIGHT,AAVEUSDT,1.0,174.59,174.6,174.595,0.5727704908631281,10440979436,174.59,174.6,454,182,1476876.2692799983,609812.7209999999,1395069.5475599999,631973.6833699999,23355.145549999997,17569.013930000005,75146.61065999999,96402.53384000002,173229.92198999994,131407.07885,293351.3117199999,219590.03673999998,355842.9354499999,257406.98057999994
2026-10-08T05:36:48.205382+00:00,obs-20261007-01,LIGHT,AVAXUSDT,1.0,10.952,10.953,10.9525,0.9130752373986972,10522394982,10.952,10.953,468,127,1450276.9447800007,2290663.2419699994,1314685.7400599995,2331581.37004,17485.798249999996,13110.50159,232575.78949999998,160883.79334000003,398735.24478,246203.06643000004,512794.34006,258875.84191999998,552540.2634499999,309853.26151000004
2026-10-08T05:36:48.205382+00:00,obs-20261007-01,LIGHT,FILUSDT,1.0,1.0674,1.0675,1.06745,0.9368559115596753,9896687299,1.0674,1.0675,456,72,778682.6408639995,548812.7157920004,731104.8832650002,580754.5029079997,3229.763633,10928.148918,80891.49587600002,59905.37907300001,193173.989065,112077.21350600001,297507.7422069999,167121.78753300002,395232.6882990001,210868.11701200003
2026-10-08T05:36:48.205382+00:00,obs-20261007-01,LIGHT,ALGOUSDT,1.0,0.118,0.1181,0.11804999999999999,8.474576271186862,5664751376,0.118,0.1181,157,10,47018.109500000006,57980.46850000001,42584.302899999995,62944.56229999998,13501.466199999997,333.37029999999993,28085.4807,31635.1562,105836.9905,63828.1992,138937.6554,96881.48810000002,180840.56369999997,115155.65030000001
2026-10-08T05:36:48.205382+00:00,obs-20261007-01,LIGHT,XRPUSDT,1.0,1.4119,1.412,1.41195,0.7082654578938197,26680250156,1.4119,1.412,504,145,5861203.8074400015,4924942.411910005,5424510.287820001,5617817.285240004,177893.36379,537582.9524000001,905144.49287,852992.6861999999,1518502.1469600005,1331638.9683199998,2458204.6040799995,2053184.4380299991,2966308.4339499995,2227997.623310001
2026-10-08T05:36:48.205382+00:00,obs-20261007-01,LIGHT,HBARUSDT,1.0,0.0932,0.09321,0.09320500000000001,1.072961373389525,8394157618,0.0932,0.09321,387,35,2009286.5253399997,779584.2421600005,1941296.6834700005,806840.758160001,2386.13147,4273.82728,156893.51792999997,113328.56301000001,331228.85658999986,214644.69689000005,478005.9700499998,363833.46306,845802.0239699996,725334.77089
2026-10-08T05:37:48.205443+00:00,obs-20261007-01,LIGHT,PEPEUSDT,1.0,4.05e-06,4.06e-06,4.055e-06,24.691358024691024,8828256830,4.05e-06,4.06e-06,155,12,283320.2535422301,182188.8304575,264447.00263621,262855.66938482004,7.4907504000000005,3309.5474157199997,93311.1451179,121702.21208642,310546.95072638,305917.30071201,595117.38119424,610151.28085588,808075.6631538599,861033.96997903
2026-10-08T05:37:48.205443+00:00,obs-20261007-01,LIGHT,BNBUSDT,1.0,771.12,771.13,771.125,0.12968150223002795,20912196659,771.12,771.13,444,113,2608431.115849999,4155503.532369997,2544429.1212,4108355.998980002,25799.475639999997,51730.547130000006,878101.16337,848959.34601,1505127.9824700002,1438316.7985799995,3170510.78224,3677081.918750005,6170378.265100007,5564888.061719994
2026-10-08T05:37:48.205443+00:00,obs-20261007-01,LIGHT,AAVEUSDT,1.0,174.54,174.55,174.54500000000002,0.5729345708727074,10440985032,174.54,174.55,432,474,1166174.2489899993,330810.25178999966,1168147.4955499994,322760.0777100002,28906.71338999991,6839.145520000001,126070.30232,96690.03137999999,221987.00840000002,130534.82486999994,293972.3473,224766.88454,353054.36246,263435.67092999996
2026-10-08T05:37:48.205443+00:00,obs-20261007-01,LIGHT,AVAXUSDT,1.0,10.951,10.952,10.9515,0.9131586156518878,10522399245,10.951,10.952,387,50,712187.9443,1608292.61708,808726.7621499995,1589457.8437400004,8936.36545,3981.784649999999,156435.17424,180450.45362,324534.1926,250791.56686000005,416255.52220999997,277702.9824800002,456213.95024999976,326884.3496000003
2026-10-08T05:37:48.205443+00:00,obs-20261007-01,LIGHT,FILUSDT,1.0,1.0659,1.066,1.06595,0.938174312787865,9896692015,1.0659,1.066,447,54,511858.9376359998,488810.66129100043,537867.005353,446946.65097999986,704.2214949999999,739.439025,101401.577307,90221.404549,184417.41527000003,130536.320717,279777.88729299995,204841.50198700008,376922.17860299983,251872.0710360001
2026-10-08T05:37:48.205443+00:00,obs-20261007-01,LIGHT,ALGOUSDT,1.0,0.1179,0.118,0.11795,8.481764206953457,5664752253,0.1179,0.118,161,1,81216.34440000005,96577.1804,85311.37540000003,84703.64209999998,0.0,51.919999999999995,49739.811100000006,28683.2012,108152.64550000001,69421.1093,142241.9044,107207.6912,176606.8659,126994.0318
2026-10-08T05:37:48.205443+00:00,obs-20261007-01,LIGHT,XRPUSDT,1.0,1.4101,1.4102,1.4101499999999998,0.709169562442824,26680256767,1.4101,1.4102,460,57,3551767.3877000003,3618083.80431,3833130.00319,3088197.940259998,58778.16196,8627.262410000001,749631.26842,1296466.2973099998,1196595.5141300003,1564762.57085,2205634.9164300007,2559023.3008400006,2584033.6993,2737644.0669900007
2026-10-08T05:37:48.205443+00:00,obs-20261007-01,LIGHT,HBARUSDT,1.0,0.09308,0.09309,0.093085,1.074344649765191,8394159559,0.09308,0.09309,301,19,292392.77443999995,421296.5158199999,354618.11604,385969.18038,1799.0658400000002,1380.74579,175213.27899,128531.16188999999,275483.14052,182980.91254999995,424987.3134499999,386454.53629999986,784183.8573799997,756068.2993699999
2026-10-08T05:38:48.212973+00:00,obs-20261007-01,LIGHT,PEPEUSDT,1.0,4.05e-06,4.06e-06,4.055e-06,24.691358024691024,8828257236,4.05e-06,4.06e-06,161,14,35350.86653273,332352.4515455301,41666.87533103,333550.1363614501,85.6412676,1027.3692122400003,83764.17153045001,139477.02188868,304858.28847325005,305471.88104221004,588801.3723959401,608953.59603996,807352.9620923101,877539.13880722
2026-10-08T05:38:48.212973+00:00,obs-20261007-01,LIGHT,BNBUSDT,1.0,771.25,771.26,771.255,0.1296596434352537,20912202145,771.25,771.26,388,78,4324763.183870001,4353584.721850003,4315196.262749999,4417616.6274700025,5611.39689,8113.2885700000015,886811.5640899998,838837.3849999999,1518342.7349599998,1564161.9577899992,3142493.2423799997,3614541.5989300027,6175069.018400009,5502782.606099993
2026-10-08T05:38:48.212973+00:00,obs-20261007-01,LIGHT,AAVEUSDT,1.0,174.4,174.41,174.405,0.5733944954133818,10440990209,174.4,174.41,393,619,1323650.415729999,400333.5825100003,1341562.9886999985,381962.6940800001,50354.836580000185,5910.967710000001,90388.7997,91857.82031,189737.72757000002,131181.00651999994,281356.0961099999,240185.25656,341774.0691099999,278842.44308999996
2026-10-08T05:38:48.212973+00:00,obs-20261007-01,LIGHT,AVAXUSDT,1.0,10.95,10.951,10.9505,0.9132420091328974,10522401959,10.95,10.951,342,29,702945.2207299998,1013116.14386,709597.3398,992510.3967099995,3251.2074,1794.1540500000003,126241.77756999999,191348.71675999998,318897.8030799999,276739.2466900001,409603.4031399999,297476.8318200003,447393.4835399997,346684.22201000043
2026-10-08T05:38:48.212973+00:00,obs-20261007-01,LIGHT,FILUSDT,1.0,1.0641,1.0642,1.0641500000000002,0.9397613006290051,9896695135,1.0641,1.0642,353,20,374942.29635599983,258900.93837200012,427084.0220010001,232922.56505999996,231.01902199999998,486.19203699999997,103906.47678900001,66267.75553400001,201250.16121199998,131131.43890200002,241880.24693699993,212254.68642900005,336082.90778599965,275366.7602430001
2026-10-08T05:38:48.212973+00:00,obs-20261007-01,LIGHT,ALGOUSDT,1.0,0.1179,0.118,0.11795,8.481764206953457,5664752736,0.1179,0.118,123,2,51546.951499999996,39751.07729999999,40200.2744,41579.584299999995,14.3838,340.96680000000003,52676.2684,32592.926100000004,110240.3536,71905.0942,153588.58149999997,105379.1842,182523.10449999996,125165.61810000002
2026-10-08T05:38:48.212973+00:00,obs-20261007-01,LIGHT,XRPUSDT,1.0,1.4104,1.4105,1.41045,0.7090187180947005,26680261188,1.4104,1.4105,400,52,2083077.14854,1595024.8553300006,1913410.5385500004,2005627.203770001,20838.37198,9642.56428,797296.8355700001,991063.2619500001,1241076.48938,1287014.96464,2374642.13328,2149948.34134,2749109.9811499994,2328242.0623100004
2026-10-08T05:38:48.212973+00:00,obs-20261007-01,LIGHT,HBARUSDT,1.0,0.09304,0.09305,0.09304499999999999,1.0748065348242797,8394161044,0.09304,0.09305,247,15,269706.48544,292301.41578999994,270532.79172000015,285909.83823999995,962.0528800000001,2191.0120199999997,202461.10461999997,120682.97183000001,274402.36306999996,184714.04911999995,424859.16337999987,391166.6161399999,783393.6687399996,754302.56221
2026-10-08T05:39:48.221991+00:00,obs-20261007-01,LIGHT,PEPEUSDT,1.0,4.05e-06,4.06e-06,4.055e-06,24.691358024691024,8828257540,4.05e-06,4.06e-06,119,18,16170.485884860002,502836.47142469994,38951.78828784,505749.88341468986,3514.3753743,1764.1225688800002,82754.58970125,121619.67150284,281580.13271405,302728.78506998,566020.06999296,606040.18404997,803907.8841971,874625.7268172299
2026-10-08T05:39:48.221991+00:00,obs-20261007-01,LIGHT,BNBUSDT,1.0,771.19,771.2,771.195,0.12966973119477032,20912204545,771.19,771.2,272,30,944544.4063200001,1424952.4859700005,933033.7534000005,1422711.5790700002,1845.5664400000003,10246.059840000002,902356.6174200001,789901.5419599997,1533129.57986,1565960.7480799998,3190734.84369,3616573.749780003,6190956.561390009,5504810.367289993
2026-10-08T05:39:48.221991+00:00,obs-20261007-01,LIGHT,AAVEUSDT,1.0,174.32,174.33,174.325,0.5736576411208283,10440993999,174.32,174.33,397,590,812595.7588199993,230982.5687599999,808893.6503599997,221134.21055000005,16393.89560999996,7135.706219999999,126490.05725000001,94329.88842,224058.32979000005,136300.28018000003,284869.4404899999,247944.4977000001,347642.68020000006,269153.94191999995
2026-10-08T05:39:48.221991+00:00,obs-20261007-01,LIGHT,AVAXUSDT,1.0,10.947,10.948,10.9475,0.9134922809916901,10522404834,10.947,10.948,324,25,406190.97912000015,1002576.8837299998,406416.37915000005,1020346.56007,2052.30101,4462.3758,136532.69432,177462.57704,327827.0823,264276.2202500001,411386.36205,279378.4551800003,447282.63719999965,328864.3385500004
2026-10-08T05:39:48.221991+00:00,obs-20261007-01,LIGHT,FILUSDT,1.0,1.0641,1.0642,1.0641500000000002,0.9397613006290051,9896697516,1.0641,1.0642,295,17,188453.08553100002,182104.58165799992,182871.70636199997,173020.62656699988,429.412479,1303.5629610000003,89352.71666699997,77227.71372399999,206093.54972099996,140764.673038,247461.62610599995,221338.64152000003,341359.86312999966,284445.7192290001
2026-10-08T05:39:48.221991+00:00,obs-20261007-01,LIGHT,ALGOUSDT,1.0,0.118,0.1181,0.11804999999999999,8.474576271186862,5664753287,0.118,0.1181,172,1,28701.476100000003,35159.41960000001,27415.52460000002,36521.9971,0.0,118.0,33682.6132,38964.2856,106704.2755,71130.3624,147475.253,105563.94189999999,183003.8533,123838.1974
2026-10-08T05:39:48.221991+00:00,obs-20261007-01,LIGHT,XRPUSDT,1.0,1.4104,1.4105,1.41045,0.7090187180947005,26680264564,1.4104,1.4105,334,38,1427579.3211099992,1115257.7077299994,1434220.9798699992,1105037.5740099999,8993.805199999999,4727.11104,798335.36161,997383.0565700002,1238084.05147,1294325.3878200003,2368000.47452,2160168.47506,2731491.363079998,2338462.1960300007
2026-10-08T05:39:48.221991+00:00,obs-20261007-01,LIGHT,HBARUSDT,1.0,0.09308,0.09309,0.093085,1.074344649765191,8394162133,0.09308,0.09309,231,5,155908.68102000002,98023.17176,137638.05399,113143.79576000002,212.1312,3200.46515,188764.01748000004,127648.51199000001,291491.94852000003,211731.07347,442431.6342,377725.48985000007,801628.1781299998,739218.7671700001
2026-10-08T05:40:48.252335+00:00,obs-20261007-01,LIGHT,PEPEUSDT,1.0,4.05e-06,4.06e-06,4.055e-06,24.691358024691024,8828257921,4.05e-06,4.06e-06,181,12,146807.32661684998,216657.92004137,164984.41635461,109836.93523267996,4459.77902835,928.73714346,10395.2658636,150051.14291104,220126.47123140004,411627.85813911003,547842.9802552001,712861.16885866,808283.92073466,1069120.6876080201
2026-10-08T05:40:48.252335+00:00,obs-20261007-01,LIGHT,BNBUSDT,1.0,770.91,770.92,770.915,0.12971682816331764,20912207961,770.91,770.92,333,53,1800402.9408699994,1563685.9807700005,1839395.5489100001,1538891.1118600005,14769.581299999998,6429.4137900000005,876757.3314099999,763748.95269,1503630.4631499997,1444673.7613200003,3153404.88701,3523271.868800005,6166422.25494001,5524104.362829996
2026-10-08T05:40:48.252335+00:00,obs-20261007-01,LIGHT,AAVEUSDT,1.0,174.18,174.19,174.185,0.5741187277519266,10440997476,174.18,174.19,321,412,859699.8883699995,284642.0263200002,865185.76914,282589.80869,16127.506839999998,1515.4656,107123.96701000002,72909.90064,188678.65181999997,135010.10997999998,280002.99725,194281.19022000005,342027.12067000003,260744.66806999999
2026-10-08T05:40:48.252335+00:00,obs-20261007-01,LIGHT,AVAXUSDT,1.0,10.929,10.93,10.9295,0.9149967975097262,10522409157,10.929,10.93,398,66,629320.0849000004,1445457.4027499992,679188.5210800001,1428213.2498999995,8374.34352,20368.082749999998,126699.10648000002,166942.97666,308165.23124,270929.93455,363143.05528999993,295122.6121200001,403603.13403999974,344672.9120300003
2026-10-08T05:40:48.252335+00:00,obs-20261007-01,LIGHT,FILUSDT,1.0,1.0622,1.0623,1.0622500000000001,0.9414422895881458,9896700672,1.0622,1.0623,347,20,323139.9226130001,251827.15845,354272.77254400006,217764.58134699982,142.97733999999997,1248.766823,125628.35874100002,70183.65087400001,191746.73161500003,131736.898206,231012.48252700004,224873.9308050001,336404.05153400014,306646.2647380002
2026-10-08T05:40:48.252335+00:00,obs-20261007-01,LIGHT,ALGOUSDT,1.0,0.1178,0.1179,0.11785000000000001,8.48896434634927,5664754212,0.1178,0.1179,172,3,66692.39050000002,64536.568000000014,79555.55449999998,62106.9972,455.51399999999995,0.0,67745.5365,21729.6589,105964.0823,62782.080799999996,144073.57469999997,99216.45019999999,173567.68269999998,119087.08600000001
2026-10-08T05:40:48.252335+00:00,obs-20261007-01,LIGHT,XRPUSDT,1.0,1.4093,1.4094,1.4093499999999999,0.7095721280059308,26680269763,1.4093,1.4094,424,57,2490607.05415,2576366.1139700003,2722074.529699998,2296741.17386,44516.556189999996,33895.30209999999,784338.4515399999,1171220.3206,1296339.31135,1446347.6089400002,2180030.1015899996,2438490.9223599997,2509052.9780999986,2616825.3267400004
2026-10-08T05:40:48.252335+00:00,obs-20261007-01,LIGHT,HBARUSDT,1.0,0.09307,0.09308,0.09307499999999999,1.0744600838075158,8394164286,0.09307,0.09308,297,22,375733.86740999983,276122.91323,388573.62900999986,271820.69075999974,2165.3094,6915.737499999998,182081.67307000008,109426.14951,279498.7294100001,221535.53144,429591.87260000006,382005.14992,788788.4165299998,753527.7444900001
2026-10-08T05:41:48.286008+00:00,obs-20261007-01,LIGHT,PEPEUSDT,1.0,4.04e-06,4.05e-06,4.045e-06,24.752475247524774,8828258505,4.04e-06,4.05e-06,140,19,146605.57818672995,331967.98621401,185221.79994483,199146.75981329998,5502.96085958,1044.4731947999999,140513.36299984,95442.79288095,305798.99765762,310767.23229761,570746.75909745,681445.46798886,825607.9918351899,1071936.55929865
2026-10-08T05:41:48.286008+00:00,obs-20261007-01,LIGHT,BNBUSDT,1.0,770.78,770.79,770.785,0.12973870624488626,20912212593,770.78,770.79,371,152,4181634.076779997,2525389.767840002,4182498.3798999987,2474869.8905599993,5435.05382,22026.71711000002,743623.7691200003,869900.1156299999,1423162.43071,1453208.2622600002,3155770.160450002,3569040.502360005,6167752.122250011,5570920.766129994
2026-10-08T05:41:48.286008+00:00,obs-20261007-01,LIGHT,AAVEUSDT,1.0,174.09,174.1,174.095,0.5744155321951716,10441001252,174.09,174.1,350,251,936123.01252,342692.2872399998,944579.2630299992,327435.1433500002,18193.92026000001,10572.24056,96763.22961000002,75057.25635,202510.42915999994,141322.10262999998,272687.01603000006,201288.75455000007,334812.7651900002,275163.795
2026-10-08T05:41:48.286008+00:00,obs-20261007-01,LIGHT,AVAXUSDT,1.0,10.91,10.911,10.910499999999999,0.9165902841434814,10522414310,10.91,10.911,428,69,964925.4029599995,1657602.6093500005,971808.3430199993,1693435.1092200014,2217.674319999999,36424.10579,150621.0759,140825.34768,306897.08606,224073.66655000002,358954.5540399997,257084.7989800001,411730.5661699997,270510.96808000014
2026-10-08T05:41:48.286008+00:00,obs-20261007-01,LIGHT,FILUSDT,1.0,1.061,1.0611,1.0610499999999998,0.9425070688018344,9896703467,1.061,1.0611,352,22,348729.7254089999,226071.24489899995,361243.996137,191648.88497100002,1143.2947769999998,1202.308275,109703.107085,84022.136828,188521.93657,155063.652037,241589.7781660002,246444.01585199998,334076.1333100004,315090.57488200004
2026-10-08T05:41:48.286008+00:00,obs-20261007-01,LIGHT,ALGOUSDT,1.0,0.1178,0.1179,0.11785000000000001,8.48896434634927,5664754686,0.1178,0.1179,114,6,89483.3382,40914.086,80254.49910000002,40673.46700000001,4524.2268,4142.3219,46749.932400000005,31367.481399999997,98273.0495,69668.7854,153055.1052,99346.0422,183052.69930000007,126045.27799999999
2026-10-08T05:41:48.286008+00:00,obs-20261007-01,LIGHT,XRPUSDT,1.0,1.4075,1.4076,1.40755,0.7104795737111758,26680275876,1.4075,1.4076,463,57,3846545.413870003,3974941.1249600006,3874639.0152400015,3858278.3964899993,77381.0408,6113.057040000001,893599.2819299999,1130908.9465200002,1542264.51686,1680571.3553400002,2205419.900979999,2523715.8707299987,2808217.140459999,2709451.10744
2026-10-08T05:41:48.286008+00:00,obs-20261007-01,LIGHT,HBARUSDT,1.0,0.09298,0.09299,0.092985,1.075500107550198,8394165795,0.09298,0.09299,244,22,307541.11133999994,656500.90751,313560.86559999996,651930.4460700002,5387.3457,2102.93175,192153.07922999997,108142.56946000003,285365.4408599999,216072.34714000009,425130.5744899999,382770.64867,782868.3970699997,739187.80922
2026-10-08T05:42:48.286043+00:00,obs-20261007-01,LIGHT,PEPEUSDT,1.0,4.04e-06,4.05e-06,4.045e-06,24.752475247524774,8828258953,4.04e-06,4.05e-06,154,13,171767.66662025003,106840.64030713,185097.99446083006,198657.25136633997,7.4907296400000005,984.3138306000001,92612.11836296001,118409.66031420001,292913.66847175005,306590.67758138,557416.43125687,589628.8569296501,815434.11824261,961031.68757849
2026-10-08T05:42:48.286043+00:00,obs-20261007-01,LIGHT,BNBUSDT,1.0,770.49,770.5,770.495,0.12978753780146235,20912216620,770.49,770.5,397,65,1605965.7373599994,2415096.162479998,1635480.9517600005,2191599.9114699992,13762.61923,15757.14369,896044.1403800003,843081.6490700003,1416090.8506599995,1492810.3965600005,3529088.619120002,3785655.4196800045,6024787.885970014,5536844.662309994
2026-10-08T05:42:48.286043+00:00,obs-20261007-01,LIGHT,AAVEUSDT,1.0,174.17,174.18,174.175,0.5741516908774891,10441003953,174.17,174.18,311,143,1054764.6196500002,183229.32645999998,1053463.5427100006,190837.8211500001,8626.015110000018,2655.8553,121868.46978999999,76155.44364999999,211140.00962999993,135549.60706,270810.76248000003,198783.21817,333730.61379000003,265252.3254599998
2026-10-08T05:42:48.286043+00:00,obs-20261007-01,LIGHT,AVAXUSDT,1.0,10.914,10.915,10.9145,0.9162543522078792,10522418448,10.914,10.915,378,54,697599.3357299999,1452368.6987100004,673581.3119199997,1427366.8821299996,2182.069650000001,3117.55631,141352.55955000003,194961.82866999996,271407.7229300001,257250.8172999999,382965.01574999996,282961.9350999998,426352.99821999995,333574.4807499999
2026-10-08T05:42:48.286043+00:00,obs-20261007-01,LIGHT,FILUSDT,1.0,1.061,1.0612,1.0611,1.8850141376058893,9896706072,1.061,1.0612,364,31,424086.4951479999,211816.72737100004,411118.532254,226065.78389800005,2673.7480419999997,1456.2381309999998,104448.558504,71612.492306,192541.66309,143057.800881,254557.74106000017,232212.62094099997,346263.9558810004,300764.979138
2026-10-08T05:42:48.286043+00:00,obs-20261007-01,LIGHT,ALGOUSDT,1.0,0.1178,0.1179,0.11785000000000001,8.48896434634927,5664754884,0.1178,0.1179,77,0,35947.22040000001,8778.8883,32647.54409999999,9539.981899999999,0.0,0.0,55222.1645,30281.560599999997,102899.6852,68655.53869999999,156354.7815,98584.94859999999,185896.33230000004,125284.1844
2026-10-08T05:42:48.286043+00:00,obs-20261007-01,LIGHT,XRPUSDT,1.0,1.4065,1.4066,1.4065500000000002,0.7109847138275782,26680279770,1.4065,1.4066,417,31,2401427.4756499995,2286173.935759999,2379122.61121,2327858.6965600015,11321.010359999998,7774.3356,791543.9950000001,1198066.6960300002,1331692.7420000006,1520737.4365600003,2230852.404129999,2457695.7809999986,2991336.828319999,2663451.0056600003
2026-10-08T05:42:48.286043+00:00,obs-20261007-01,LIGHT,HBARUSDT,1.0,0.09295,0.09296,0.09295500000000001,1.0758472296923394,8394167186,0.09295,0.09296,264,18,513725.8228900001,303407.1438999999,522236.1410800002,295443.37975000025,1212.87059,4763.15231,170218.62891999996,116575.47798000001,278912.87076999986,177558.33697,416951.45077999984,388535.32223000005,779808.6725999996,746384.6169400002
2026-10-08T05:43:48.287829+00:00,obs-20261007-01,LIGHT,PEPEUSDT,1.0,4.03e-06,4.04e-06,4.035e-06,24.81389578163684,8828259912,4.03e-06,4.04e-06,200,22,228290.05055877,737801.1099688499,301567.33599323995,536383.5705693599,8394.54913184,21605.68307107,124918.68502542001,81630.96720204,297763.86204324,270628.11069789,596043.8321584,656676.40780378,816088.03594083,1059113.6791412402
2026-10-08T05:43:48.287829+00:00,obs-20261007-01,LIGHT,BNBUSDT,1.0,770.57,770.58,770.575,0.12977406335545894,20912220872,770.57,770.58,427,73,2373347.4751799987,1838875.6459200003,2646557.9401,1865428.284699999,2834.9966099999992,5756.265430000001,766323.8153000002,804845.95079,1333378.2079699994,1567913.9109600005,3064855.185290001,3762717.014540004,5917426.209000013,5523443.178349994
2026-10-08T05:43:48.287829+00:00,obs-20261007-01,LIGHT,AAVEUSDT,1.0,173.97,173.98,173.975,0.5748117491521931,10441007280,173.97,173.98,306,167,1183661.862859999,310053.34299,1214726.2937899996,294140.87418,20015.134690000028,7005.531339999999,94440.77203000002,84299.24055,187092.85245,142471.75133,253803.91607999994,202367.66303000003,308587.28017,279359.1704899999
2026-10-08T05:43:48.287829+00:00,obs-20261007-01,LIGHT,AVAXUSDT,1.0,10.89,10.891,10.8905,0.9182736455448648,10522424289,10.89,10.891,433,109,810902.41056,1548163.44269,845420.0381300001,1576133.6527700003,7120.717709999999,24596.948269999993,129641.98203000003,144039.73982,293386.88198,223961.18572999994,359896.97155,250507.83669999993,403192.3604699999,266268.05011
2026-10-08T05:43:48.287829+00:00,obs-20261007-01,LIGHT,FILUSDT,1.0,1.0596,1.0597,1.05965,0.9437523593813779,9896708923,1.0596,1.0597,334,22,335447.67082799994,250324.135626,358490.51058900007,211663.8240269999,531.282658,442.197233,68737.149257,84634.11301300002,165120.37202499993,145885.42841000005,243087.083587,245881.58606500004,327457.6930899998,321168.47539499996
2026-10-08T05:43:48.287829+00:00,obs-20261007-01,LIGHT,ALGOUSDT,1.0,0.1177,0.1178,0.11775,8.49617672047609,5664755255,0.1177,0.1178,120,4,56237.9708,35464.953499999996,58641.9647,31909.227799999997,629.6410000000001,0.0,60543.8343,26650.7661,108030.7286,67815.2988,157593.0218,99099.0343,185100.54920000004,127174.7707
2026-10-08T05:43:48.287829+00:00,obs-20261007-01,LIGHT,XRPUSDT,1.0,1.4057,1.4058,1.4057499999999998,0.7113893433885465,26680283991,1.4057,1.4058,418,56,1870079.1971599995,2363247.400139999,1975075.0222699998,2393366.93148,28170.83576000001,21167.531759999998,741032.1938499998,1158721.7023200002,1395777.8396899996,1432395.8327200003,2170209.5882499986,2415442.00158,2926673.347319999,2626203.766550001
2026-10-08T05:43:48.287829+00:00,obs-20261007-01,LIGHT,HBARUSDT,1.0,0.09294,0.09295,0.092945,1.0759629868739573,8394168327,0.09294,0.09295,218,15,183441.27212999994,277705.1553599999,193852.36292999994,282805.71199000016,1964.59019,1900.0031000000001,157186.90680000003,118411.66398,263461.52697,213713.40282,406556.0033800001,383434.7655999999,780041.30154,737133.7026300001
2026-10-08T05:44:48.288166+00:00,obs-20261007-01,LIGHT,PEPEUSDT,1.0,4.03e-06,4.04e-06,4.035e-06,24.81389578163684,8828260587,4.03e-06,4.04e-06,211,12,291537.7915143399,454610.0847182302,290612.34535657,428921.89486422,69.92266008,973.60237952,91908.44397709,120887.64584864001,298795.59335347,300560.32718774,596969.27831617,682364.59765779,822171.2938761199,1069297.58185162
2026-10-08T05:44:48.288166+00:00,obs-20261007-01,LIGHT,BNBUSDT,1.0,769.94,769.95,769.945,0.12988025040794327,20912226322,769.94,769.95,418,100,3924709.941150001,5369282.747559999,4906121.955669999,5773410.322930001,16896.8583,4597.28314,764634.2151799999,752793.5775,1484621.0219800002,1491733.39894,2572472.1909099976,3135383.3281100034,5452555.313870005,4629487.806720008
2026-10-08T05:44:48.288166+00:00,obs-20261007-01,LIGHT,AAVEUSDT,1.0,173.58,173.59,173.585,0.5761032376994102,10441014255,173.58,173.59,467,225,1367290.0405300006,645056.7703799998,1368526.94836,612767.0225100002,84057.93622000003,12454.505640000003,116118.63335999998,87364.24771999997,209297.54998,132593.55058999997,278854.80082,204622.81668999992,330647.1114900001,273836.50317999977
2026-10-08T05:44:48.288166+00:00,obs-20261007-01,LIGHT,AVAXUSDT,1.0,10.871,10.872,10.871500000000001,0.9198785760267114,10522430096,10.871,10.872,454,102,1039850.1623300001,1769530.5774999992,1028775.5461299997,1767116.4498700004,7831.21355,5523.88544,166804.26038000002,158330.27451999998,285072.88895000005,219863.57274000003,381266.4943,250623.2427100001,428167.49568999984,263679.45325000014
2026-10-08T05:44:48.288166+00:00,obs-20261007-01,LIGHT,FILUSDT,1.0,1.0582,1.0584,1.0583,1.890001890001436,9896712000,1.0582,1.0584,411,30,412974.42797900003,258037.14237299995,407846.8141499997,249899.40640100025,392.73365000000007,1689.3765660000001,116110.565004,81646.50463000001,169852.392808,158259.09255700003,260423.82099200014,249891.103273,343035.43131900014,312901.9616629998
2026-10-08T05:44:48.288166+00:00,obs-20261007-01,LIGHT,ALGOUSDT,1.0,0.1175,0.1176,0.11754999999999999,8.510638297871687,5664756170,0.1175,0.1176,170,11,140366.67320000005,76358.7275,153957.1496,71006.42009999999,7892.045499999998,2507.8990999999996,44582.384300000005,17412.6681,122994.85340000002,54548.3953,154633.23660000003,93345.0826,178787.73090000002,116085.94810000001
2026-10-08T05:44:48.288166+00:00,obs-20261007-01,LIGHT,XRPUSDT,1.0,1.4045,1.4046,1.40455,0.7119971520119783,26680291931,1.4045,1.4046,475,104,5598683.668309997,5584886.175309996,5225706.701470002,5969628.015990004,159364.62987999996,139378.36588,1013770.0168499999,764984.09452,1643068.4120899998,1073634.08721,2548664.344599998,2037562.5816299994,3307626.4420999973,2238905.3077499997
2026-10-08T05:44:48.288166+00:00,obs-20261007-01,LIGHT,HBARUSDT,1.0,0.09271,0.09272,0.09271499999999999,1.0786322942513138,8394171536,0.09271,0.09272,339,80,880377.7244599998,1667223.59747,865472.3007199997,1555480.6638900007,17217.709170000006,4651.301950000001,149588.44085999994,107788.18817,289621.51942,198150.84683000002,458887.18376,369177.79295,825000.3153299998,725233.48993
2026-10-08T05:45:48.298477+00:00,obs-20261007-01,LIGHT,PEPEUSDT,1.0,4.03e-06,4.04e-06,4.035e-06,24.81389578163684,8828261342,4.03e-06,4.04e-06,237,14,266672.56479837996,436712.15202059003,265900.585214,444524.1264604399,323.99441711000003,6535.246995800001,108394.71805916,113395.09562304,299122.39332596,292144.39524789003,597741.2579005499,674552.6232179401,816230.4642929998,1068276.65489055
2026-10-08T05:45:48.298477+00:00,obs-20261007-01,LIGHT,BNBUSDT,1.0,770.03,770.04,770.035,0.1298650701908599,20912232450,770.03,770.04,434,122,3572479.8044200004,3430121.0858399994,3811098.41514,3443930.118259999,4565.53848,8782.99527,666674.5869599995,852665.34293,1416691.1917499998,1509993.659100001,2523991.3881599987,3122275.7662300025,5397762.714880006,4622563.684970005
2026-10-08T05:45:48.298477+00:00,obs-20261007-01,LIGHT,AAVEUSDT,1.0,173.41,173.42,173.415,0.5766680122243351,10441021136,173.41,173.42,381,119,1300345.59337,641466.2208900002,1289049.2298599996,628041.3293199998,38943.70983000001,19696.795680000007,129952.39812999997,82273.22529000003,212525.79551999999,130677.87775000001,295898.66602999996,201423.27705000003,815310.169,272525.77437
2026-10-08T05:45:48.298477+00:00,obs-20261007-01,LIGHT,AVAXUSDT,1.0,10.871,10.872,10.871500000000001,0.9198785760267114,10522437145,10.871,10.872,450,128,1096024.3891300003,2198582.29125,1036914.1784600002,2186890.8571000015,7290.94167,17317.889870000003,171592.75245,181459.52150000003,290288.02237,242542.35424000002,439916.75771999994,260954.8898,476767.03441999987,274385.6640100002
2026-10-08T05:45:48.298477+00:00,obs-20261007-01,LIGHT,FILUSDT,1.0,1.0577,1.0578,1.05775,0.9454476694714664,9896715765,1.0577,1.0579,380,28,411473.0259009998,341545.38753700006,411173.4229569998,345537.1100390002,1105.023007,857.806526,98365.253897,78828.766398,166668.665582,146739.30810000005,264759.6137820001,240907.66089199999,353179.7072290001,306555.32591899997
2026-10-08T05:45:48.298477+00:00,obs-20261007-01,LIGHT,ALGOUSDT,1.0,0.1175,0.1176,0.11754999999999999,8.510638297871687,5664756490,0.1175,0.1176,111,1,33743.163899999985,31782.409900000002,38436.781399999985,27290.688100000003,14.1,0.0,37306.5263,29124.5451,118421.02649999999,65305.983499999995,149939.6191,97836.8044,175517.67640000005,119352.4387
2026-10-08T05:45:48.298477+00:00,obs-20261007-01,LIGHT,XRPUSDT,1.0,1.405,1.4051,1.4050500000000001,0.7117437722414799,26680302123,1.405,1.4051,479,121,6386347.488810004,5995484.296389998,6453334.692570002,5903349.200110005,85034.38673,121298.82727000001,930564.52625,841383.7562200001,1443642.2457,1311621.1267600001,2481136.6529299994,2131233.5280300006,3233728.733579999,2331045.2320400015
2026-10-08T05:45:48.298477+00:00,obs-20261007-01,LIGHT,HBARUSDT,1.0,0.09265,0.09266,0.092655,1.0793308148948633,8394174001,0.09265,0.09266,291,50,536355.85442,967667.0930000003,544253.4798499997,952101.0826399995,2538.9101899999996,4598.514410000001,163142.20227,110738.1005,297395.33814000007,205275.79696000007,451634.99812999996,377035.99219,821935.7190299999,747685.4081400001
2026-10-08T05:46:48.304616+00:00,obs-20261007-01,LIGHT,PEPEUSDT,1.0,4.03e-06,4.04e-06,4.035e-06,24.81389578163684,8828261748,4.03e-06,4.04e-06,201,13,201550.75330492,128046.11679965995,210386.80287713,225865.74948133,208.33920822000002,1734.4577894000001,53528.17746913,140718.40187572,247821.32294167,276503.26714102004,588905.20832834,576732.9905362701,821483.8151100299,877877.0687540101
2026-10-08T05:46:48.304616+00:00,obs-20261007-01,LIGHT,BNBUSDT,1.0,769.74,769.75,769.745,0.12991399693351724,20912236950,769.74,769.75,424,72,2343060.690479999,1768155.0944300015,1894332.89116,1196353.7145699996,2281.1374699999997,6491.81747,848116.3161899997,855646.4067599996,1396225.7813100007,1517275.4554200007,3313629.189069998,3690676.6887500016,6179545.410710014,5260207.456039995
2026-10-08T05:46:48.304616+00:00,obs-20261007-01,LIGHT,AAVEUSDT,1.0,173.22,173.23,173.225,0.5773005426612521,10441026605,173.22,173.23,398,382,858498.83806,478463.5881999999,864522.0749300001,459457.2210399999,37833.66027000002,9712.93173,129477.57646999997,86767.46728000001,230249.8338999999,133348.69100000002,298611.6853600001,212644.59698,817749.6002500003,287131.98879000003
2026-10-08T05:46:48.304616+00:00,obs-20261007-01,LIGHT,AVAXUSDT,1.0,10.871,10.872,10.871500000000001,0.9198785760267114,10522443151,10.871,10.872,442,82,1010116.0272500005,1779681.6787699999,1039146.0054899994,1764648.5420800003,4190.728080000001,10464.845149999997,146369.60001,186884.09522,264562.4016,251632.15786999997,410886.7794799999,275988.0264899999,447208.0797899998,289354.18113000004
2026-10-08T05:46:48.304616+00:00,obs-20261007-01,LIGHT,FILUSDT,1.0,1.0568,1.057,1.0569,1.8925056775165316,9896719110,1.0568,1.057,385,38,353159.2916870001,331983.1591470002,362893.0629390001,323775.044159,5673.836224000001,348.09135999999995,96676.87706900001,87453.693967,186553.56757399996,146911.883953,261794.588164,242777.87098900002,347769.62390899984,310703.2828729999
2026-10-08T05:46:48.304616+00:00,obs-20261007-01,LIGHT,ALGOUSDT,1.0,0.1175,0.1176,0.11754999999999999,8.510638297871687,5664756692,0.1175,0.1176,92,1,33085.483700000004,21967.141299999996,36171.69929999999,19713.7719,10.4575,0.0,34143.2209,35934.2706,114716.54060000001,70738.2745,146853.40350000001,100090.17380000002,172728.0787,121605.80810000002
2026-10-08T05:46:48.304616+00:00,obs-20261007-01,LIGHT,XRPUSDT,1.0,1.4041,1.4042,1.40415,0.7121999857551131,26680308943,1.4041,1.4042,460,61,3714210.433150001,3744061.8201200026,3912547.2898500003,3535147.9862599988,20099.583390000003,29246.13703,888613.0217400001,1045962.5868200001,1375990.0329,1230786.8852400011,2283815.89209,2327719.792490002,3043521.013489999,2538494.598330002
2026-10-08T05:46:48.304616+00:00,obs-20261007-01,LIGHT,HBARUSDT,1.0,0.09259,0.0926,0.09259500000000001,1.0800302408453533,8394175474,0.09259,0.0926,250,20,317058.2626399999,235615.91893,329235.3109099999,222857.27075000005,777.33112,1336.4421200000002,182844.65893000003,111841.09786000002,305018.49989000004,177252.88270000002,451187.33868999995,381006.10489,812010.94783,759395.903
2026-10-08T05:47:48.315459+00:00,obs-20261007-01,LIGHT,PEPEUSDT,1.0,4.03e-06,4.04e-06,4.035e-06,24.81389578163684,8828262630,4.03e-06,4.04e-06,215,16,168700.01060803002,335277.04795385007,142778.23031164,339517.6231467499,7919.3430579900005,1126.6769210400003,109100.87492603001,121870.91158496,303563.45121797,271751.32904921,614826.9886247299,572492.41534337,838862.6427137199,873625.4122787102
2026-10-08T05:47:48.315459+00:00,obs-20261007-01,LIGHT,BNBUSDT,1.0,770.07,770.08,770.075,0.12985832456680058,20912243187,770.07,770.08,393,115,4466438.191739999,3894737.4269900005,4317095.620540002,3912538.905559998,6041.561060000001,13374.411600000007,794485.4663699999,811173.3294700003,1515770.7420799993,1544482.7165900015,3121854.3971299976,3679161.9707800034,6322351.727590011,5492296.221939997
2026-10-08T05:47:48.315459+00:00,obs-20261007-01,LIGHT,AAVEUSDT,1.0,173.16,173.17,173.165,0.5775005775010555,10441032317,173.16,173.17,418,548,829263.10024,544862.6001200002,835120.3845300002,548689.3130600001,38574.784639999954,24652.078570000005,121739.77625000002,79701.77625,218228.64235999997,128950.49346000001,295640.0418800002,208758.23484000002,811720.4056700004,274296.60368999996
2026-10-08T05:47:48.315459+00:00,obs-20261007-01,LIGHT,AVAXUSDT,1.0,10.887,10.888,10.8875,0.9185266832001382,10522450156,10.887,10.888,448,101,1278082.6654300008,2173970.183659998,1238608.4035200004,2175353.325960001,10415.06138,8106.17875,130633.84407,192469.47525999998,329491.70155999996,256999.19963999998,447648.14687999996,276070.20811999997,483866.63218999986,292371.3241400001
2026-10-08T05:47:48.315459+00:00,obs-20261007-01,LIGHT,FILUSDT,1.0,1.0566,1.0567,1.0566499999999999,0.9464319515428699,9896722261,1.0566,1.0567,364,51,312425.483153,304362.36772900017,317090.78672000003,297436.8648150001,1409.4187390000002,6790.446963000001,97678.972802,81009.72945300002,185916.26732800005,150002.849752,257134.28591100004,249698.30375300001,343111.1709379998,316594.16338399996
2026-10-08T05:47:48.315459+00:00,obs-20261007-01,LIGHT,ALGOUSDT,1.0,0.1175,0.1176,0.11754999999999999,8.510638297871687,5664756858,0.1175,0.1176,72,0,14326.2644,21937.691700000007,12964.1,22758.95230000001,0.0,0.0,39019.3482,31305.8712,116327.5196,69408.85470000001,148215.56790000002,99268.91320000001,173544.13720000003,120784.54750000002
2026-10-08T05:47:48.315459+00:00,obs-20261007-01,LIGHT,XRPUSDT,1.0,1.4046,1.4047,1.4046500000000002,0.7119464616267557,26680316532,1.4046,1.4047,465,88,4218922.777229998,3586979.402649998,4154253.8599399985,3670692.915019998,29007.085030000002,11952.225570000004,813997.2383100002,940823.1900299997,1479878.9062600005,1182810.97516,2343989.752050001,2258448.3984800004,3103014.376550002,2457850.0620100014
2026-10-08T05:47:48.315459+00:00,obs-20261007-01,LIGHT,HBARUSDT,1.0,0.09264,0.09265,0.092645,1.0794473229691626,8394178185,0.09264,0.09265,317,24,615994.2371400001,560902.0402900004,581990.76893,582810.4376000003,1208.3732900000002,3065.786,185760.96709000002,105889.34027000002,323641.12744999997,202986.98213000002,473468.66394999996,367373.4019600001,843762.2420499999,737073.7580200002
2026-10-08T05:48:48.317385+00:00,obs-20261007-01,LIGHT,PEPEUSDT,1.0,4.03e-06,4.04e-06,4.035e-06,24.81389578163684,8828263312,4.03e-06,4.04e-06,155,17,373689.66047641,326396.4297209699,345503.69461038994,239605.80614535,0.0,12708.138283320002,113257.7806295,119952.92757224,317890.63906406,276691.68102719,643012.95449075,659283.03891899,869667.6864002498,1052004.1785428799
2026-10-08T05:48:48.317385+00:00,obs-20261007-01,LIGHT,BNBUSDT,1.0,770.34,770.35,770.345,0.12981280992807598,20912251614,770.34,770.35,474,134,7832328.721030001,5847881.749060002,8326587.315519998,5852587.699990005,6130.971940000002,23019.913020000007,816751.0688900001,725734.3319700003,1322798.3295499997,1556509.1548300008,3005871.1061799987,3694848.7222900046,6206116.826400011,5490995.000439995
2026-10-08T05:48:48.317385+00:00,obs-20261007-01,LIGHT,AAVEUSDT,1.0,173.09,173.1,173.095,0.5777341267543257,10441038820,173.09,173.1,418,300,1126868.3487599997,708393.28416,1142773.925539999,700864.7531900001,31084.433639999916,37180.45255999999,115831.45079000002,53962.03231000001,209258.00216999996,112535.44508000003,285503.57511000003,211133.7379600001,795981.8280200002,279364.29209999996
2026-10-08T05:48:48.317385+00:00,obs-20261007-01,LIGHT,AVAXUSDT,1.0,10.892,10.893,10.8925,0.9181050312156991,10522457217,10.892,10.893,464,113,1018349.8468099996,2338382.0722500007,1041970.4046400003,2350208.413680003,3545.5470499999988,17178.701660000002,107912.81735,161802.76059999998,276466.03586999996,230564.84348999994,404150.66996999976,267133.01088999986,439351.7072799997,281008.18208999996
2026-10-08T05:48:48.317385+00:00,obs-20261007-01,LIGHT,FILUSDT,1.0,1.0559,1.056,1.0559500000000002,0.9470593806226724,9896726567,1.0559,1.056,405,58,342272.269342,371988.9596879998,378834.22869000013,371016.4503809998,1942.3255480000007,4697.223288,72446.80496800001,70889.451054,181390.03125100004,140896.443218,227996.762381,243245.369736,307756.1892209997,313790.302979
2026-10-08T05:48:48.317385+00:00,obs-20261007-01,LIGHT,ALGOUSDT,1.0,0.1176,0.1177,0.11765,8.503401360544505,5664757450,0.1176,0.1177,157,9,47557.84959999999,60715.815699999985,41444.06429999999,67776.3055,435.8256,2531.3147999999997,38251.2332,30583.0645,99929.7286,65991.1276,147490.50400000002,98225.40580000002,178294.75910000005,119116.37770000004
2026-10-08T05:48:48.317385+00:00,obs-20261007-01,LIGHT,XRPUSDT,1.0,1.4053,1.4054,1.4053499999999999,0.7115918309263947,26680326234,1.4053,1.4054,476,133,4992433.9516,5183891.188419996,4971718.118739999,5163144.023389999,88413.32358000001,82873.30135000001,845533.6256900002,1037607.83479,1464483.5583400007,1204289.7232300006,2362159.4174500005,2281389.5426800014,3105936.6255300012,2481680.298440002
2026-10-08T05:48:48.317385+00:00,obs-20261007-01,LIGHT,HBARUSDT,1.0,0.09273,0.09274,0.09273500000000001,1.0783996549124097,8394181198,0.09273,0.09274,324,50,706975.20659,497884.00182000006,716116.4875399997,486514.3684399998,1983.5590300000003,7077.488840000001,153032.97975999996,120164.31451,309901.39197999996,226796.85517,457230.06908,381243.54120000004,834193.2460199998,749399.4514400001
2026-10-08T05:49:48.351758+00:00,obs-20261007-01,LIGHT,PEPEUSDT,1.0,4.03e-06,4.04e-06,4.035e-06,24.81389578163684,8828263921,4.03e-06,4.04e-06,176,11,223719.18590489996,339527.89158501005,226662.03443658003,332778.19722876,6007.53693059,1157.8415578000001,123629.20408774001,112710.82714764001,315021.79013638,283763.37984954,640070.10595907,666032.7332752399,863131.8139515801,1053990.48261486
2026-10-08T05:49:48.351758+00:00,obs-20261007-01,LIGHT,BNBUSDT,1.0,770.26,770.27,770.265,0.12982629242097588,20912257910,770.26,770.27,385,90,4288549.55466,4479265.182719997,4244341.000289999,4478372.4637,16702.5906,8153.999539999997,736777.4841900005,840183.7146700004,1323012.5792499993,1554572.628480001,3050470.1042699986,3676591.746830004,6251641.891960011,5490886.692539996
2026-10-08T05:49:48.351758+00:00,obs-20261007-01,LIGHT,AAVEUSDT,1.0,173.42,173.43,173.425,0.576634759543726,10441044805,173.42,173.43,438,317,1359167.1688800007,621531.5310500003,1314366.1156599994,644942.2174799995,27593.095080000036,24688.527850000002,104560.68487000003,78543.84000000003,208583.98669000008,140882.92031,303783.07978000003,197858.62297,827647.76417,262040.2120400001
2026-10-08T05:49:48.351758+00:00,obs-20261007-01,LIGHT,AVAXUSDT,1.0,10.898,10.899,10.898499999999999,0.9175995595511743,10522462492,10.898,10.899,400,82,1040717.5688699989,1742483.930069999,975465.3119799998,1754117.0877699999,7398.87557,4889.14599,141171.94905999998,156374.3933,281110.14214999997,222546.047,469372.40017999976,256289.28577,507756.1461699997,269466.4706799999
2026-10-08T05:49:48.351758+00:00,obs-20261007-01,LIGHT,FILUSDT,1.0,1.0564,1.0565,1.05645,0.9466111321465576,9896730058,1.0564,1.0565,384,48,363004.5677310003,276786.18763199967,320865.92786899983,299923.1473199998,1645.8466540000004,7427.145869000002,76506.22902099998,82709.65889499999,180949.51726700002,150514.75999899997,266536.11163,223937.91210900006,352330.4804169999,296109.98397500004
2026-10-08T05:49:48.351758+00:00,obs-20261007-01,LIGHT,ALGOUSDT,1.0,0.1176,0.1177,0.11765,8.503401360544505,5664757988,0.1176,0.1177,131,2,59994.30279999999,36821.907,55687.109800000006,38127.009999999995,955.9703999999999,527.3184,38571.25659999999,31960.84,103625.59629999999,68193.0229,151797.697,96920.3028,182107.71769999998,117811.27470000001
2026-10-08T05:49:48.351758+00:00,obs-20261007-01,LIGHT,XRPUSDT,1.0,1.4057,1.4058,1.4057499999999998,0.7113893433885465,26680333431,1.4057,1.4058,466,93,5279742.29772,4192774.3384500006,4936771.361360001,4479438.220200003,212984.3624100001,72263.34191999999,1010904.34552,869474.3064600001,1781080.3063700001,1192872.0635200005,2700031.9118400007,2001380.4641599995,3452816.5106400014,2196912.0791799994
2026-10-08T05:49:48.351758+00:00,obs-20261007-01,LIGHT,HBARUSDT,1.0,0.09279,0.0928,0.09279499999999999,1.0777023386143725,8394183811,0.09279,0.0928,306,35,808710.1726799996,534731.09108,773877.4689500001,562031.3861200002,5338.06479,6614.837369999999,157163.77621000004,121522.70405999999,271655.60549,206524.26399,492005.29184999986,356445.18213000015,867906.8680899997,722104.5486000001
2026-10-08T05:50:48.383432+00:00,obs-20261007-01,LIGHT,PEPEUSDT,1.0,4.02e-06,4.03e-06,4.025e-06,24.875621890549926,8828264598,4.02e-06,4.03e-06,180,21,214653.89009651,507754.86539230007,263791.5616830201,395459.64176395,21261.6519245,6161.69701184,139222.31706762,96209.33438701,321560.24255122,275407.59284577,650292.2868365,624624.37962238,914288.8120676901,1045334.44472172
2026-10-08T05:50:48.383432+00:00,obs-20261007-01,LIGHT,BNBUSDT,1.0,769.2,769.21,769.205,0.1300052002073393,20912265471,769.2,769.21,461,107,5234038.511420001,6179223.689930003,5717991.715330001,5889433.183969998,22202.976310000002,5191.411570000001,814026.8515900001,737261.39993,1504142.403650001,1522175.0725300002,3148567.419329998,3673741.3599700015,6133170.6158400085,5175874.631249996
2026-10-08T05:50:48.383432+00:00,obs-20261007-01,LIGHT,AAVEUSDT,1.0,173.23,173.24,173.235,0.5772672169968018,10441051647,173.23,173.24,481,930,1208931.5440100012,613907.4978899995,1211557.6163899999,608357.7344699997,34482.18729000021,43301.47265999999,131781.95437,80357.63386,238105.18415999998,134160.53021,315403.9967500001,198705.02958999993,831383.4321100002,262771.4434500001
2026-10-08T05:50:48.383432+00:00,obs-20261007-01,LIGHT,AVAXUSDT,1.0,10.871,10.872,10.871500000000001,0.9198785760267114,10522469118,10.871,10.872,465,145,1165909.8691300005,1763401.722279999,1239936.96628,1731508.6726499987,9627.15717,16082.271840000001,152441.59379000004,182297.45927,317604.20504000003,257806.60831999997,398639.82672,282715.40784999996,440195.64644999994,295118.2891900002
2026-10-08T05:50:48.383432+00:00,obs-20261007-01,LIGHT,FILUSDT,1.0,1.0543,1.0544,1.05435,0.948496632837692,9896733510,1.0543,1.0544,392,48,371096.0746279999,296605.5592610001,403705.8172259999,264915.97873500007,4191.197811999999,2727.450473,116477.45488400002,71467.87093199999,198466.0709480001,145028.20290100004,247251.99810700005,244013.71278800003,324707.4588509998,317465.4954689999
2026-10-08T05:50:48.383432+00:00,obs-20261007-01,LIGHT,ALGOUSDT,1.0,0.1174,0.1175,0.11745,8.517887563883608,5664758630,0.1174,0.1175,146,3,76948.48549999998,63340.99469999999,94350.88420000003,43991.512599999995,488.1296,16.8311,47253.456099999996,33342.274600000004,109879.90249999998,72459.1151,142774.19209999996,104100.05099999999,168140.8679,122240.97450000001
2026-10-08T05:50:48.383432+00:00,obs-20261007-01,LIGHT,XRPUSDT,1.0,1.4029,1.403,1.4029500000000001,0.7128091809827097,26680342180,1.4029,1.403,519,89,5468162.708500001,5545528.842400004,5925753.123160003,5155767.194110002,19576.45704,32030.603110000007,1035383.8435500002,1082604.47308,1373912.9180300005,1396383.15424,2272247.8547800006,2367794.084240002,3066560.893840001,2580309.860950002
2026-10-08T05:50:48.383432+00:00,obs-20261007-01,LIGHT,HBARUSDT,1.0,0.0926,0.09261,0.09260499999999999,1.079913606911731,8394186988,0.0926,0.09261,376,26,674474.0448399996,923727.8774599999,753848.6605399998,882158.7910600003,1866.08456,1283.05943,164720.95302999998,127480.04957999999,276861.67618999985,222542.01488,419868.1824099998,379630.8138900001,790070.9958699998,756365.3566400001
2026-10-08T05:51:48.398573+00:00,obs-20261007-01,LIGHT,PEPEUSDT,1.0,4.02e-06,4.03e-06,4.025e-06,24.875621890549926,8828265217,4.02e-06,4.03e-06,189,14,475442.0171336697,118818.85584207001,482331.2382103799,99061.49907004,335.56311222,1302.83976303,129171.2430201,119368.16561033,313852.97704077,290973.35953229,643403.06575979,644381.73639441,900151.6582406398,1045532.97630701
2026-10-08T05:51:48.398573+00:00,obs-20261007-01,LIGHT,BNBUSDT,1.0,768.74,768.75,768.745,0.13008299294847703,20912272434,768.74,768.75,457,143,6475154.600399992,6174232.394250004,6973257.750909999,6145639.375349999,75946.18381999999,3242.897269999999,632323.9008400002,814937.5103900004,1340890.7853599999,1509926.3439000002,3145227.640730001,3401778.8338500005,6061001.337720016,5150292.043429997
2026-10-08T05:51:48.398573+00:00,obs-20261007-01,LIGHT,AAVEUSDT,1.0,173.36,173.37,173.365,0.5768343331791215,10441056729,173.36,173.37,432,526,1211678.0567900012,365892.4172400003,1206988.2684800003,370426.80430000025,31251.848680000025,14164.776880000003,105577.87979999997,73638.87748000001,213229.99200999996,127241.53574,305989.2631799999,194415.82375,832940.08379,256506.21219000014
2026-10-08T05:51:48.398573+00:00,obs-20261007-01,LIGHT,AVAXUSDT,1.0,10.871,10.872,10.871500000000001,0.9198785760267114,10522474749,10.871,10.872,418,77,931556.5277800004,1856217.954160001,928159.5296199999,1859019.2858999993,23236.157259999996,5320.613349999998,155059.14263000002,177097.24554000003,296935.84329,253622.36633000005,402036.8248799999,279914.0761099999,443598.6089399997,293342.45657000015
2026-10-08T05:51:48.398573+00:00,obs-20261007-01,LIGHT,FILUSDT,1.0,1.0551,1.0552,1.0551499999999998,0.9477774618527057,9896737362,1.0551,1.0552,358,28,398633.21070600016,316744.20157200005,367966.46837500035,342060.8441,341.68227100000007,289.863258,86268.712334,73548.728255,210789.952188,144141.72550799997,272287.05602,223071.97015499996,353481.15463699994,293137.35872499994
2026-10-08T05:51:48.398573+00:00,obs-20261007-01,LIGHT,ALGOUSDT,1.0,0.1173,0.1174,0.11735000000000001,8.525149190110604,5664759231,0.1173,0.1174,145,2,78200.69050000004,28112.143399999994,74137.72300000001,25939.1694,249.8272,442.1284,50261.7203,27469.5802,103479.61750000001,66254.7032,148715.53260000004,100124.91960000001,173402.17570000008,121099.8633
2026-10-08T05:51:48.398573+00:00,obs-20261007-01,LIGHT,XRPUSDT,1.0,1.4023,1.4024,1.4023500000000002,0.7131141695793097,26680349180,1.4023,1.4024,495,95,4125110.6249699974,3725795.6615800015,4080105.4298500004,3799511.3222999997,93079.34974,39112.21572000001,871181.48917,980453.5257799999,1569988.62392,1330611.2762200003,2333351.26011,2291288.4226500015,3112372.145910001,2504279.4614100014
2026-10-08T05:51:48.398573+00:00,obs-20261007-01,LIGHT,HBARUSDT,1.0,0.09255,0.09256,0.092555,1.0804970286337756,8394188743,0.09255,0.09256,310,21,577198.7762700005,373405.0220900001,561181.72228,372217.62233000033,2021.07807,1648.33442,169178.39904999998,123566.33903,295770.54065,179875.2860400001,447532.1824499999,378455.8275800001,809097.4965900001,756061.7988400001
2026-10-08T05:52:48.398580+00:00,obs-20261007-01,LIGHT,PEPEUSDT,1.0,4.02e-06,4.03e-06,4.025e-06,24.875621890549926,8828265923,4.02e-06,4.03e-06,194,12,256840.36909261,145510.97069656997,257840.81269695,128747.16570529997,941.0791015799999,865.1410761500001,111177.43370873999,111611.54450199,313236.11839898,295798.61959283,642402.62215545,661145.54138568,901301.60255186,1057664.1853771498
2026-10-08T05:52:48.398580+00:00,obs-20261007-01,LIGHT,BNBUSDT,1.0,768.55,768.56,768.555,0.1301151519084165,20912277167,768.55,768.56,395,98,3417417.157969999,4355740.07792,3404420.833350001,4376287.9486,4173.225769999999,9858.880699999998,626740.6389400003,827405.23678,1457181.7414999993,1477335.6543600005,3178835.5994100007,3377292.0363400006,6072279.183500018,5332745.894329996
2026-10-08T05:52:48.398580+00:00,obs-20261007-01,LIGHT,AAVEUSDT,1.0,173.12,173.13,173.125,0.5776340110896783,10441061529,173.12,173.13,372,504,1045840.8994800005,389103.84539000003,1073356.12117,373529.6641900002,26502.158860000076,18576.09798,110116.45075000002,67085.43572,221938.73489999992,122039.47668,298036.41885,203310.44034,813941.6397299999,269506.8555599999
2026-10-08T05:52:48.398580+00:00,obs-20261007-01,LIGHT,AVAXUSDT,1.0,10.865,10.866,10.8655,0.9203865623552687,10522480377,10.865,10.866,362,101,949620.9501799995,1581508.8776399996,978276.73428,1597025.56404,4738.527029999999,38266.026730000005,124860.07677,159793.33626,267610.27904999995,234212.14562999998,373822.7208999998,263429.5374,416486.3154199996,277677.56821
2026-10-08T05:52:48.398580+00:00,obs-20261007-01,LIGHT,FILUSDT,1.0,1.0545,1.0547,1.0546,1.8966334755798897,9896740445,1.0545,1.0547,372,39,275016.138187,240825.11414499994,298221.68784400006,236737.73096299995,854.192654,5315.4361119999985,101425.71449600003,74124.101329,197257.491724,143620.21785100005,252498.55429300002,223368.815622,331573.14384999993,296827.08467199985
2026-10-08T05:52:48.398580+00:00,obs-20261007-01,LIGHT,ALGOUSDT,1.0,0.1173,0.1174,0.11735000000000001,8.525149190110604,5664759743,0.1173,0.1174,117,5,57594.34140000001,39694.90109999999,59579.881799999996,44140.1507,353.1903,1857.7974,42137.42939999999,38412.3666,98035.0955,68098.2236,146729.9922,94094.2585,171887.0809,115061.56059999998
2026-10-08T05:52:48.398580+00:00,obs-20261007-01,LIGHT,XRPUSDT,1.0,1.402,1.4021,1.40205,0.7132667617693045,26680357283,1.402,1.4021,482,127,5857844.314490002,4768058.1150899995,5761376.303709997,5065175.447759999,188040.74761000002,220001.02734000006,867134.0819600002,709919.53433,1388108.6257700005,1163427.42068,2431126.2875400004,2005301.7230499997,3225171.718590002,2206999.5858899974
2026-10-08T05:52:48.398580+00:00,obs-20261007-01,LIGHT,HBARUSDT,1.0,0.09253,0.09254,0.092535,1.0807305738680384,8394190654,0.09253,0.09254,274,71,491167.84588,562059.0038099999,479412.7533399998,465249.35284,13451.448689999992,11391.20457,167188.46993999998,108508.146,306186.20976999996,201862.92581999995,460115.33898999984,364634.01392999996,822861.2338399999,740118.3620399998
2026-10-08T05:53:48.451764+00:00,obs-20261007-01,LIGHT,PEPEUSDT,1.0,4.02e-06,4.03e-06,4.025e-06,24.875621890549926,8828266297,4.02e-06,4.03e-06,127,11,296737.3290645,86808.45653614,296989.27989148,82660.23040412001,16.08,1346.8085098,131993.24578685997,111774.20589283001,313057.43807444995,299957.23452815006,642150.6713284699,665293.7675177001,924002.6874831599,1048840.43075857
2026-10-08T05:53:48.451764+00:00,obs-20261007-01,LIGHT,BNBUSDT,1.0,768.92,768.93,768.925,0.13005254122733234,20912281810,768.92,768.93,386,57,3313448.3391900007,2126782.93233,3194997.283989999,2126797.3462200016,10337.77499,3661.506319999999,762628.97273,860613.9690100002,1456245.3875100003,1489885.2715899998,3272639.5488099996,3462575.2674100003,6146368.0801600125,5372160.422959995
2026-10-08T05:53:48.451764+00:00,obs-20261007-01,LIGHT,AAVEUSDT,1.0,172.79,172.8,172.79500000000002,0.5787371954402154,10441067363,172.79,172.8,420,365,851777.7426800006,417325.51809000014,859988.9028199997,396056.00136000005,13976.632060000042,4181.44856,148074.06639999998,72327.18230999999,231956.65182999993,121482.81648999998,292463.2619999999,197944.08572,808626.27989,278850.4352799999
2026-10-08T05:53:48.451764+00:00,obs-20261007-01,LIGHT,AVAXUSDT,1.0,10.874,10.875,10.874500000000001,0.9196247930831625,10522485427,10.874,10.875,404,61,880848.718819999,1708991.9639499995,828209.0097700001,1694354.53238,7441.29811,425.1909800000001,159972.63877999998,173365.06688,308961.01564,248782.32847,426015.1525499999,279198.4670399999,466478.55779999983,292498.15935
2026-10-08T05:53:48.451764+00:00,obs-20261007-01,LIGHT,FILUSDT,1.0,1.0557,1.0558,1.0557500000000002,0.9472387989006847,9896743332,1.0557,1.0558,359,21,344693.11824500014,225218.78764499995,332551.05488299986,251267.182735,2930.5236099999997,2561.1935379999995,75815.30013099998,71333.03883599999,194884.334293,139508.10899500002,257850.09238,204615.7062640001,340910.23589599994,274584.4539700001
2026-10-08T05:53:48.451764+00:00,obs-20261007-01,LIGHT,ALGOUSDT,1.0,0.1173,0.1174,0.11735000000000001,8.525149190110604,5664759941,0.1173,0.1174,93,1,29072.657900000002,17457.666999999998,23943.3364,18256.091,0.0,4.9308000000000005,51178.168699999995,32945.0435,105285.74080000001,66916.8882,151859.31370000003,93295.8345,177024.55160000004,114263.13659999998
2026-10-08T05:53:48.451764+00:00,obs-20261007-01,LIGHT,XRPUSDT,1.0,1.4025,1.4026,1.4025500000000002,0.7130124777177116,26680362703,1.4025,1.4026,441,59,2774265.161109999,2862110.0921,2720169.938519999,2864642.980459999,17276.55886,7958.371719999997,910782.28088,798902.6986900002,1731116.7011900002,1159001.1213400005,2481758.0230800007,2004153.7354300003,3270206.600130001,2205953.6319599985
2026-10-08T05:53:48.451764+00:00,obs-20261007-01,LIGHT,HBARUSDT,1.0,0.09259,0.0926,0.09259500000000001,1.0800302408453533,8394192535,0.09259,0.0926,262,18,533822.07022,458793.0031500001,524936.19696,467082.47528999986,14.16276,1468.3863100000005,163717.84587000002,122152.20466000002,295746.35196,211883.65853000004,468993.6977700001,358207.00310999993,830844.4614300001,741949.0536199998
2026-10-08T05:54:48.451783+00:00,obs-20261007-01,LIGHT,PEPEUSDT,1.0,4.02e-06,4.03e-06,4.025e-06,24.875621890549926,8828266571,4.02e-06,4.03e-06,111,11,213916.77572677998,235490.47179104004,213872.23637148997,236821.900048,336.89981448,888.8484579000001,125818.67705543998,110202.26184812,313226.25246556,298084.26299324003,642195.21068376,663962.33926074,924093.4366373101,1047315.77069839
2026-10-08T05:54:48.451783+00:00,obs-20261007-01,LIGHT,BNBUSDT,1.0,768.79,768.8,768.795,0.1300745327070807,20912285496,768.79,768.8,364,68,2468007.9440000006,1702595.5186600003,2596163.9492199984,1670940.5688299995,1346.29798,16703.385009999998,684603.9765000002,852565.1844500002,1349937.2947800008,1512319.21015,3147260.9227000023,3413775.29773,6053367.484440017,5400071.465769997
2026-10-08T05:54:48.451783+00:00,obs-20261007-01,LIGHT,AAVEUSDT,1.0,172.79,172.8,172.79500000000002,0.5787371954402154,10441070774,172.79,172.8,340,181,524413.6560399999,249975.4082999999,515227.0230999999,252580.65920000002,2885.3109799999957,9709.346910000002,133251.51716999998,75922.82798,218619.03946,125498.27935999997,301649.8949399999,195338.83482000005,820176.3053699998,273270.48073999997
2026-10-08T05:54:48.451783+00:00,obs-20261007-01,LIGHT,AVAXUSDT,1.0,10.877,10.878,10.877500000000001,0.9193711501320756,10522489145,10.877,10.878,340,47,760160.6456100001,1263828.16646,754679.0876999999,1271242.8205899997,1564.3712199999998,861.71476,147301.67139999996,181151.22861999998,283430.19194,249969.05156,431444.3853799999,271844.66427,471915.3617299998,285999.10582000006
2026-10-08T05:54:48.451783+00:00,obs-20261007-01,LIGHT,FILUSDT,1.0,1.0555,1.0556,1.0555500000000002,0.947418285173196,9896746023,1.0555,1.0556,297,39,338312.85328399984,216920.12945900002,345140.65408300003,219266.17496999985,3799.2810680000002,888.2916479999997,70228.41044399998,61783.150355000005,188740.76470399997,135682.302124,251119.12128099997,198838.48862400005,333475.72293799993,272238.40845900006
2026-10-08T05:54:48.451783+00:00,obs-20261007-01,LIGHT,ALGOUSDT,1.0,0.1174,0.1175,0.11745,8.517887563883608,5664760222,0.1174,0.1175,79,2,40032.205799999996,21295.8047,32263.388100000004,22698.7607,0.0,3129.5317999999997,45854.432100000005,31610.6139,117293.1337,73184.8714,156679.5564,98040.9839,183750.97660000002,113312.886
2026-10-08T05:54:48.451783+00:00,obs-20261007-01,LIGHT,XRPUSDT,1.0,1.4021,1.4022,1.4021499999999998,0.7132158904510355,26680367604,1.4021,1.4022,390,67,2549820.7070600004,2491111.833779998,2574598.6550100003,2503607.6302100024,10826.284179999997,39176.54873000001,926782.1644799998,705324.9878,1438422.2118099998,1148150.14726,2460406.7775299996,1991731.62095,3252582.56794,2192630.502459998
2026-10-08T05:54:48.451783+00:00,obs-20261007-01,LIGHT,HBARUSDT,1.0,0.09259,0.0926,0.09259500000000001,1.0800302408453533,8394193939,0.09259,0.0926,245,11,292802.53656000015,215943.61211,290945.99998,230930.46794000006,29.709149999999998,2545.5662099999995,162736.35375000004,107628.45567,297544.16693000006,196556.60557999994,470850.2343500001,343220.1472799999,832700.9421100003,726962.1977899998
2026-10-08T05:55:48.452078+00:00,obs-20261007-01,LIGHT,PEPEUSDT,1.0,4.02e-06,4.03e-06,4.025e-06,24.875621890549926,8828266957,4.02e-06,4.03e-06,158,20,106853.32899486,256607.17877207,120584.41526259002,357780.54298140004,4817.80831158,1561.4899748500002,112049.36597219999,116292.30558127,298863.32283281,284926.42289111,628464.12441603,562788.97505141,910113.62408478,857950.60413422
2026-10-08T05:55:48.452078+00:00,obs-20261007-01,LIGHT,BNBUSDT,1.0,768.43,768.44,768.435,0.13013547102591616,20912291434,768.43,768.44,399,126,5145790.014560001,5095517.017119998,5084027.012699998,5062415.370740003,106489.90187999999,34844.96411000003,749032.6505800004,781030.14973,1517188.6418899996,1478920.0364700009,3232761.4659,3439950.2886599987,6137588.964450017,5404693.021329995
2026-10-08T05:55:48.452078+00:00,obs-20261007-01,LIGHT,AAVEUSDT,1.0,172.69,172.7,172.695,0.5790723261323016,10441073809,172.69,172.7,344,91,686391.8310199997,232136.02709999998,690223.4384100002,232603.62812999997,9984.631820000004,5280.03822,130442.80486,68166.00865999999,234175.32246000008,108270.34409999996,298697.10153999995,193017.55306000003,813955.4708899999,270460.45943
2026-10-08T05:55:48.452078+00:00,obs-20261007-01,LIGHT,AVAXUSDT,1.0,10.872,10.873,10.872499999999999,0.9197939661520493,10522493656,10.872,10.873,358,61,1314838.7064300005,1307093.0266100017,1323060.1244100009,1272781.9409100001,9029.505940000003,2734.9363900000003,162488.54395999995,182476.64956000002,309721.92623,258560.25789,423275.2893599999,305936.4139199999,461839.7759699997,319320.83720000007
2026-10-08T05:55:48.452078+00:00,obs-20261007-01,LIGHT,FILUSDT,1.0,1.0546,1.0547,1.05465,0.9482268158533813,9896749028,1.0546,1.0547,371,43,443174.9938259999,251488.70710100004,459960.9680390001,215082.5966930001,1925.6877360000003,1988.426176,97657.84700200001,73744.509829,182259.82970900004,145243.154171,237651.215138,231380.48542900005,319836.30036399997,304838.7636169999
2026-10-08T05:55:48.452078+00:00,obs-20261007-01,LIGHT,ALGOUSDT,1.0,0.1174,0.1175,0.11745,8.517887563883608,5664760473,0.1174,0.1175,88,0,39130.06979999999,10753.668800000003,41235.231,8410.244,0.0,0.0,35995.4148,33939.8876,104755.8046,74742.3651,154574.3952,100384.4087,181499.68570000003,115656.4045
2026-10-08T05:55:48.452078+00:00,obs-20261007-01,LIGHT,XRPUSDT,1.0,1.4015,1.4016,1.4015499999999999,0.7135212272557645,26680373243,1.4015,1.4016,405,90,2351235.4680500017,3051747.949769997,2581845.3089499995,2906449.981810001,149083.83087,40941.6489,825337.9540400001,1018135.48081,1367432.76253,1192941.82109,2236149.8628600007,2136770.4595300015,3056828.9500100017,2323430.7935400014
2026-10-08T05:55:48.452078+00:00,obs-20261007-01,LIGHT,HBARUSDT,1.0,0.09253,0.09254,0.092535,1.0807305738680384,8394195889,0.09253,0.09254,279,37,663070.1916,340374.1639700001,703138.2361200002,302012.45304000005,8364.15876,1222.01613,144728.43061,120551.42577,278003.4798900001,220817.07990000004,430789.7043100001,379719.39689,793535.5257400003,765211.0728799999
2026-10-08T05:56:48.487169+00:00,obs-20261007-01,LIGHT,PEPEUSDT,1.0,4.02e-06,4.03e-06,4.025e-06,24.875621890549926,8828267349,4.02e-06,4.03e-06,181,15,50042.69923182,405148.8504103302,55886.116999889986,166217.91324246998,14.456478779999998,5374.341061700001,73616.16400818,299213.41849490005,293261.48544792,450526.39434262004,622620.70664796,801719.9122192701,906604.30129803,1185037.87718877
2026-10-08T05:56:48.487169+00:00,obs-20261007-01,LIGHT,BNBUSDT,1.0,768.07,768.08,768.075,0.1301964664679467,20912295558,768.07,768.08,427,75,3985336.4721000013,2973054.3569600005,4195269.088990002,2958372.2246299996,14269.263109999998,1658.54727,785376.6989300002,738224.77036,1393623.5950999996,1431207.5300499997,3590150.6570400004,3353913.9467399972,6087102.134350016,5399466.788789995
2026-10-08T05:56:48.487169+00:00,obs-20261007-01,LIGHT,AAVEUSDT,1.0,172.5,172.51,172.505,0.5797101449278586,10441076942,172.5,172.51,385,50,793084.1840599995,511921.5148600008,807601.52594,477786.8003400003,23419.490439999994,1562.4281600000002,126627.88414000004,82451.10822999998,216173.00028000004,135843.68182999996,286613.18377999996,215537.96500000008,801292.8492500001,243345.68401000003
2026-10-08T05:56:48.487169+00:00,obs-20261007-01,LIGHT,AVAXUSDT,1.0,10.869,10.87,10.869499999999999,0.9200478424875591,10522496504,10.869,10.87,315,32,482818.6952499999,907426.0522300001,514134.08749,895493.9911899997,34966.41113000001,1654.1656100000002,145306.60928,197367.53365999996,312906.4068299999,271853.32692,391967.42981999984,317598.2571599999,431755.72827999975,331231.97930999997
2026-10-08T05:56:48.487169+00:00,obs-20261007-01,LIGHT,FILUSDT,1.0,1.0542,1.0543,1.0542500000000001,0.9485866059577575,9896751090,1.0542,1.0543,342,16,201732.81963699992,174975.64227299995,210842.16974399996,174494.03403900002,353.698533,454.24612999999994,109622.36436400001,81628.920702,182440.71367099998,148019.41920000006,238086.35656399993,231278.230893,311050.9027859999,304823.2162249998
2026-10-08T05:56:48.487169+00:00,obs-20261007-01,LIGHT,ALGOUSDT,1.0,0.1173,0.1174,0.11735000000000001,8.525149190110604,5664760774,0.1173,0.1174,94,1,53478.03599999997,21770.424799999993,57181.54219999998,20076.089099999997,178.5654,0.0,47158.8688,27374.607900000003,119822.1325,64289.8673,153819.464,95930.63899999998,178659.12730000002,116897.94109999997
2026-10-08T05:56:48.487169+00:00,obs-20261007-01,LIGHT,XRPUSDT,1.0,1.4008,1.4009,1.4008500000000002,0.7138777841242394,26680376980,1.4008,1.4009,405,52,1937583.7902499998,2084169.5063000002,2038572.711470001,2017165.7618100012,35226.166690000005,24545.966559999997,831423.12796,1066052.65789,1431060.6422700002,1261022.0538299996,2141068.2342400006,2185924.792610001,2963436.005950001,2384033.692210001
2026-10-08T05:56:48.487169+00:00,obs-20261007-01,LIGHT,HBARUSDT,1.0,0.09248,0.09249,0.09248500000000001,1.0813148788924032,8394197194,0.09248,0.09249,245,14,273311.81656,282172.62982000003,272987.1211800001,273214.2566500001,160.02963,1971.20935,187660.47912,119616.79481,281201.3071300001,179510.64448000002,431158.73235000006,385796.0855399999,793869.6306200002,763330.7970399999
2026-10-08T05:57:48.491954+00:00,obs-20261007-01,LIGHT,PEPEUSDT,1.0,4.01e-06,4.02e-06,4.015e-06,24.937655860348684,8828268183,4.01e-06,4.02e-06,229,37,247887.76260183004,287372.36048915004,342611.92681636993,308480.76643186004,73138.99830726,24027.270538809997,124663.27782408,101857.41029304,343818.67418808,287238.96367266,593994.59283836,640456.32455336,865103.8711287599,1017047.7601959801
2026-10-08T05:57:48.491954+00:00,obs-20261007-01,LIGHT,BNBUSDT,1.0,767.99,768.0,767.995,0.13021002877700028,20912298321,767.99,768.0,396,72,1753307.698260001,1013383.6303100006,1733409.0157800002,1018097.6767800004,13190.4493,4317.527370000001,815100.9205600001,675597.0432700003,1419392.166059999,1455535.9828700004,3610983.0476300004,3348587.096389998,6100354.654470016,5405203.307429995
2026-10-08T05:57:48.491954+00:00,obs-20261007-01,LIGHT,AAVEUSDT,1.0,172.48,172.49,172.485,0.5797773654925287,10441080392,172.48,172.49,393,44,667348.7352799997,476321.43597999995,660540.59333,475107.5528099995,6794.82873,1721.4033299999999,114448.75218000001,91561.7013,234412.72519,141170.73484999998,293390.0694999999,218768.38647000006,810942.5499299999,242453.10176
2026-10-08T05:57:48.491954+00:00,obs-20261007-01,LIGHT,AVAXUSDT,1.0,10.862,10.863,10.8625,0.9206407659734239,10522500143,10.862,10.863,353,44,741750.3238000001,1105768.22424,754051.2268599997,1086721.4066100004,2208.6689,9180.03573,137597.27483,193448.56267,308528.36031,276239.53281000006,380108.20268,335924.6133699999,431148.10588999966,347325.84841
2026-10-08T05:57:48.491954+00:00,obs-20261007-01,LIGHT,FILUSDT,1.0,1.0534,1.0535,1.05345,0.9493070058885777,9896752784,1.0534,1.0535,281,15,202985.05867499998,138095.42424,210240.83359399997,125461.17606900002,1083.162933,36.81343100000001,122481.07102900001,65141.259696,191323.63976700002,137721.36095000003,231017.25797699994,236633.73516700004,307415.5999069999,308795.22188799985
2026-10-08T05:57:48.491954+00:00,obs-20261007-01,LIGHT,ALGOUSDT,1.0,0.1172,0.1173,0.11725,8.532423208191808,5664761161,0.1172,0.1173,128,1,44468.29700000001,39839.404200000004,50622.866799999996,39844.777,45.9816,0.0,51359.8882,27786.7051,104147.4719,61714.70749999999,148897.99230000004,93097.02669999999,178690.64130000002,116603.25589999997
2026-10-08T05:57:48.491954+00:00,obs-20261007-01,LIGHT,XRPUSDT,1.0,1.4,1.4001,1.4000499999999998,0.7142857142850012,26680382177,1.4,1.4001,452,76,2704903.7729799985,2904228.19992,2734942.3280400014,2848812.638420001,130353.60487000002,15022.937109999997,816624.1862199999,1083650.94381,1394896.88671,1308983.7860799995,2117631.599610002,2240347.7834800007,2948340.620530001,2437078.538910001
2026-10-08T05:57:48.491954+00:00,obs-20261007-01,LIGHT,HBARUSDT,1.0,0.09241,0.09242,0.092415,1.0821339681843511,8394198860,0.09241,0.09242,280,26,495015.6073299999,898181.9126699999,512685.6586399999,890704.9577799994,978.7610599999998,1404.71609,182305.34615,126995.22081,279433.92661,226100.03991,419948.9921600001,389566.46357999987,783464.4401000001,767342.4971499997
2026-10-08T05:58:48.492273+00:00,obs-20261007-01,LIGHT,PEPEUSDT,1.0,4.01e-06,4.02e-06,4.015e-06,24.937655860348684,8828268757,4.01e-06,4.02e-06,237,16,310938.96872276,620839.2145757504,313326.37183543993,475338.3186268297,15313.01242741,1842.5691587399997,111413.02384469999,280277.09714261995,337741.1534727,453052.0841590699,591607.18972568,785957.2205022799,847256.9542624202,1157815.4871222598
2026-10-08T05:58:48.492273+00:00,obs-20261007-01,LIGHT,BNBUSDT,1.0,767.61,767.62,767.615,0.13027448834579403,20912303385,767.61,767.62,414,109,5011379.5552400015,4736967.97873,5216902.620039999,4579303.014090001,31417.595260000002,2451.7598900000007,875538.22808,735409.2179899999,1499955.1490200006,1382697.63531,4183701.318240002,3399239.734419999,6093292.132120022,5086730.396049995
2026-10-08T05:58:48.492273+00:00,obs-20261007-01,LIGHT,AAVEUSDT,1.0,171.93,171.94,171.935,0.5816320595575242,10441086843,171.93,171.94,399,260,1196776.6001900001,748954.0777300005,1230043.3212899999,724999.1506800004,47606.908460000006,70644.91992,105416.93983,51997.41999000002,193505.58446999994,113767.47961999998,287140.6367599998,200097.25108000013,818406.4028399993,237910.34371000013
2026-10-08T05:58:48.492273+00:00,obs-20261007-01,LIGHT,AVAXUSDT,1.0,10.846,10.847,10.846499999999999,0.9219988936015611,10522505393,10.846,10.847,397,78,1215847.1828300003,1578250.9411200008,1237844.3658400003,1586796.2574099994,22157.282639999998,19346.513799999997,134499.52267,154271.62687000004,258781.2952199999,236539.10381999996,363560.49491,319258.4104499999,415621.8331499998,337679.3994399999
2026-10-08T05:58:48.492273+00:00,obs-20261007-01,LIGHT,FILUSDT,1.0,1.0537,1.0538,1.05375,0.9490367277220635,9896755258,1.0537,1.0538,364,13,281998.3903439999,163121.28401799998,293912.32170900004,166914.27169000008,373.752156,561.0931720000001,83743.754364,79229.24417199999,154666.48977999992,149386.634425,218932.4707759998,236774.46404699996,294884.25906799955,308569.77555499977
2026-10-08T05:58:48.492273+00:00,obs-20261007-01,LIGHT,ALGOUSDT,1.0,0.1171,0.1172,0.11715,8.53970964987294,5664761708,0.1171,0.1172,119,1,54729.370800000004,30825.445900000002,60348.3741,25263.604799999997,307.5328,0.0,43106.76430000001,23483.054300000003,109538.27050000001,59396.4868,149229.209,94337.85979999999,178974.30980000005,107937.46179999998
2026-10-08T05:58:48.492273+00:00,obs-20261007-01,LIGHT,XRPUSDT,1.0,1.3995,1.3996,1.39955,0.7145409074671427,26680388402,1.3996,1.3997,433,89,4406130.86261,3757904.761359998,3944667.2491800017,3997337.259939997,71038.5843,50273.373459999995,961566.3751999998,806006.9274499997,1555948.8192099999,1190780.7184899997,2583498.078459999,2000927.5301900003,3421031.731079999,2197326.5195199987
2026-10-08T05:58:48.492273+00:00,obs-20261007-01,LIGHT,HBARUSDT,1.0,0.09231,0.09232,0.09231500000000001,1.0833062506776514,8394200704,0.09231,0.09232,305,60,415581.3681399997,906311.6381000003,419700.63178000005,913433.21632,3807.0058300000014,4793.896839999999,174237.45296999998,116926.56797999998,275019.0308500001,210218.56403999994,426601.7661500001,372512.95188999997,784837.6448400001,751753.7934099997
2026-10-08T05:59:48.495863+00:00,obs-20261007-01,LIGHT,PEPEUSDT,1.0,4.01e-06,4.02e-06,4.015e-06,24.937655860348684,8828269222,4.01e-06,4.02e-06,239,18,151979.13404,154428.32484293004,153480.41926896,158108.92083257003,3506.73029934,3282.904482120001,109671.65889271,276035.73001764,336239.70633271,450297.88991999,590105.90449672,782276.62451264,848648.34131452,1154134.89113262
2026-10-08T05:59:48.495863+00:00,obs-20261007-01,LIGHT,BNBUSDT,1.0,767.61,767.62,767.615,0.13027448834579403,20912308499,767.61,767.62,443,110,4737798.857380003,3133620.7567700013,5054109.419170001,3304677.8399400013,65877.44664000001,7012.894419999999,933978.6498000001,842000.9927299999,1558186.400130001,1484835.8057100002,3867390.7564500016,3228182.651249999,6157347.210010017,5113467.381519996
2026-10-08T05:59:48.495863+00:00,obs-20261007-01,LIGHT,AAVEUSDT,1.0,171.72,171.73,171.725,0.5823433496376929,10441094112,171.72,171.73,477,194,1295840.2573099989,705599.8110499999,1313645.263219999,650297.8727300003,39587.92035000002,14897.103700000001,121023.32255000001,94764.44520000002,197563.81080999994,158808.95858999997,277532.5707199999,242886.76322999998,815857.1101599999,284858.16496000014
2026-10-08T05:59:48.495863+00:00,obs-20261007-01,LIGHT,AVAXUSDT,1.0,10.844,10.845,10.8445,0.9221689413507761,10522510700,10.844,10.845,391,76,727748.8275000002,1807919.282469999,701593.5890699996,1762384.451150002,4523.285350000003,26631.272249999998,152275.78693999993,203502.97103000002,276741.4419799998,296138.81766,391932.3985999999,364780.53513,442349.5073199998,382246.50428
2026-10-08T05:59:48.495863+00:00,obs-20261007-01,LIGHT,FILUSDT,1.0,1.0536,1.0538,1.0537,1.8982536066824984,9896757670,1.0536,1.0538,339,15,295563.39406300016,139910.44205900005,279622.94676099985,136748.13765800005,761.3081630000001,1429.5055049999999,91537.261623,81839.05679399999,161881.02803599995,152128.653619,234883.3813739999,239936.76844799993,310814.69437699975,311518.81109099975
2026-10-08T05:59:48.495863+00:00,obs-20261007-01,LIGHT,ALGOUSDT,1.0,0.1172,0.1173,0.11725,8.532423208191808,5664761982,0.1172,0.1173,94,0,52992.30929999999,34762.82440000001,51363.27080000001,35453.1979,0.0,0.0,44867.0098,34848.776,100792.6572,68771.95009999999,143891.51949999997,97968.49429999999,179769.54919999998,114306.41049999998
2026-10-08T05:59:48.495863+00:00,obs-20261007-01,LIGHT,XRPUSDT,1.0,1.3997,1.3998,1.39975,0.7144388083157871,26680393098,1.3997,1.3998,462,46,2339155.939320001,2668728.7320500007,2476953.9325900003,2545998.0650600013,74056.43372,30487.920599999998,853897.1849999999,1046514.2975999999,1434782.6178899999,1317147.8720099998,2444611.686909999,2125612.9666300006,3295981.814019999,2321207.9457900003
2026-10-08T05:59:48.495863+00:00,obs-20261007-01,LIGHT,HBARUSDT,1.0,0.09231,0.09232,0.09231500000000001,1.0833062506776514,8394201989,0.09231,0.09232,259,34,169621.6772800001,156817.79031,168965.75538000008,152605.31631000002,1229.6126000000004,4599.9477799999995,174365.36205,122273.76211,275806.53611999995,214723.29882000003,427257.68804999994,376725.4258900001,785493.5184499999,754135.2983799998
2026-10-08T06:00:48.496685+00:00,obs-20261007-01,LIGHT,PEPEUSDT,1.0,4.01e-06,4.02e-06,4.015e-06,24.937655860348684,8828270333,4.01e-06,4.02e-06,326,22,359079.71469423,433862.4120760202,351943.81761801004,420764.9630869102,1646.0982150799998,988.74650886,104458.23022371,276495.22512695997,331160.48806371,525989.96875691,597241.80157294,795374.0735017499,854894.1555160499,1167225.7607244498
2026-10-08T06:00:48.496685+00:00,obs-20261007-01,LIGHT,BNBUSDT,1.0,767.5,767.51,767.505,0.13029315960810806,20912314626,767.5,767.51,422,157,4605307.974100002,5481429.096930002,4670862.465479998,5430625.951020001,19475.917129999994,4114.39107,862517.9895899999,774176.9370100005,1514094.0348200004,1544049.11902,3803527.7284400016,3125380.9396299995,6113257.2649500165,5151632.409749995
2026-10-08T06:00:48.496685+00:00,obs-20261007-01,LIGHT,AAVEUSDT,1.0,171.59,171.6,171.595,0.5827845445538493,10441100829,171.57,171.58,475,139,1123089.9827999999,687015.5667500007,1125633.75329,684570.1931600001,12443.155869999995,8993.363449999997,152685.66816000003,95693.81721999998,213165.70181000003,142735.99098999993,745505.7418100002,223144.42445999995,822845.1148,279441.58527000004
2026-10-08T06:00:48.496685+00:00,obs-20261007-01,LIGHT,AVAXUSDT,1.0,10.832,10.833,10.8325,0.9231905465290069,10522519307,10.832,10.833,467,133,1619486.01311,2289395.3933199984,1638714.4145400003,2311373.5365900015,10646.426109999999,30318.015890000002,136165.14658000003,177027.35977999994,280632.38447999995,263487.5297999999,372862.62492999993,341211.96781999996,424435.0872099998,359964.04323000007
2026-10-08T06:00:48.496685+00:00,obs-20261007-01,LIGHT,FILUSDT,1.0,1.0536,1.0538,1.0537,1.8982536066824984,9896760528,1.0536,1.0538,368,10,268710.3349920001,177868.30291099992,277809.2578889999,177637.77433700016,214.86733900000002,534.7962580000002,82094.62963600001,81958.89792599998,154971.32710299993,152248.80840699997,225784.45847699983,240167.29702199996,303872.5370269996,311749.3396649998
2026-10-08T06:00:48.496685+00:00,obs-20261007-01,LIGHT,ALGOUSDT,1.0,0.1172,0.1173,0.11725,8.532423208191808,5664762374,0.1172,0.1173,142,0,30302.722700000002,24368.253499999995,31286.074399999998,24029.065899999994,0.0,0.0,46485.71890000001,34750.9823,101503.452,69111.2756,142908.16779999997,98307.6819,177461.5791,114645.59809999999
2026-10-08T06:00:48.496685+00:00,obs-20261007-01,LIGHT,XRPUSDT,1.0,1.3994,1.3995,1.3994499999999999,0.7145919679851787,26680401008,1.3994,1.3995,479,98,4193567.341729999,4356117.3275000015,4179902.411020002,4329786.66952,96844.59464999997,48666.5375,921728.7708299999,1026877.0019299997,1577462.3201099995,1342535.5683799994,2482227.0128499973,2152996.6075000004,3298221.247179997,2346944.3606000002
2026-10-08T06:00:48.496685+00:00,obs-20261007-01,LIGHT,HBARUSDT,1.0,0.09233,0.09234,0.092335,1.0830715910326028,8394204208,0.09233,0.09234,333,77,467795.84071999945,364065.2378499997,454388.9134999998,379976.5973299997,4040.888690000001,3545.4112400000004,186713.00501999998,104472.93317999999,293204.04747,201601.06534,430042.0152600001,362992.23757000006,803093.1351600001,738225.4559899998
2026-10-08T06:01:48.497916+00:00,obs-20261007-01,LIGHT,PEPEUSDT,1.0,4.01e-06,4.02e-06,4.015e-06,24.937655860348684,8828271215,4.01e-06,4.02e-06,291,23,400335.33051169995,704623.85241852,404877.84104333,708511.0442681402,3085.465920729999,980.2867163399999,83566.66485696,296764.40541192,326637.92974895996,528271.46119439,592699.29104131,791486.88165213,850699.76268316,1163238.17554421
2026-10-08T06:01:48.497916+00:00,obs-20261007-01,LIGHT,BNBUSDT,1.0,767.4,767.41,767.405,0.13031013812891956,20912325033,767.4,767.41,530,238,7214875.001420008,9141227.20585,7414620.888969994,9157449.969880002,20136.834460000013,98109.51975,772585.7179899999,793899.0737700003,1311525.8123800005,1482623.2191100002,3622456.4116400024,3108856.65527,5915458.677170016,5134508.321769995
2026-10-08T06:01:48.497916+00:00,obs-20261007-01,LIGHT,AAVEUSDT,1.0,171.97,171.98,171.975,0.58149677269137,10441116416,171.97,171.98,540,413,2246483.5078699985,1349153.61008,2198778.8521399996,1394363.8644800002,43430.81988999998,58060.32996000003,119872.59726000001,82960.90666000001,219674.22608,126444.33575000006,297283.10319999995,198472.83751000022,818667.1979699997,236094.09929000027
2026-10-08T06:01:48.497916+00:00,obs-20261007-01,LIGHT,AVAXUSDT,1.0,10.831,10.832,10.8315,0.9232757824784166,10522528015,10.831,10.832,476,174,2728716.4132899996,1247813.9690100001,2725317.2321500015,1278422.8191899993,19279.57431,46235.18034000002,143382.16675999996,129886.51599999999,289374.15347,225216.86900999997,375355.52375000005,310124.27889,438642.70016000024,329513.23453000013
2026-10-08T06:01:48.497916+00:00,obs-20261007-01,LIGHT,FILUSDT,1.0,1.0537,1.0538,1.05375,0.9490367277220635,9896764367,1.0537,1.0538,421,46,470615.33501400007,227336.7443939998,458305.73551200016,239449.49578699988,2893.109432,2953.714254,90837.89724600002,78099.07518799999,177158.339479,148401.476239,238083.59468299994,228054.545629,315328.7377209998,299558.88427599985
2026-10-08T06:01:48.497916+00:00,obs-20261007-01,LIGHT,ALGOUSDT,1.0,0.1172,0.1173,0.11725,8.532423208191808,5664762905,0.1172,0.1173,149,5,100901.4394,47234.7298,108952.2589,46415.3894,295.9819,297.7074,36345.032400000004,24379.1885,106393.2483,65988.762,134857.34829999998,99127.0223,171229.0754,115492.45369999998
2026-10-08T06:01:48.497916+00:00,obs-20261007-01,LIGHT,XRPUSDT,1.0,1.3989,1.399,1.3989500000000001,0.7148473800833166,26680412101,1.3989,1.399,502,163,6435540.048600005,8242564.394109996,6687340.7332500005,8171000.326959999,93743.74310999997,233590.13668999998,666183.7795399999,1069264.65434,1335415.899419999,1291062.5610399994,2264593.0094,2223295.709090001,3074830.3133,2418664.0903700003
2026-10-08T06:01:48.497916+00:00,obs-20261007-01,LIGHT,HBARUSDT,1.0,0.09246,0.09247,0.09246499999999999,1.081548777850383,8394208724,0.09246,0.09247,377,102,1202372.124630001,1332347.8273399991,1219488.3022699999,1335178.3464199996,19038.666019999997,21128.914599999996,139931.73398,109829.97698,249084.52099,219078.28962000005,412158.85662000004,370259.27622000006,781692.9329100002,745587.6440499999
