timestamp_utc,session_id,mode,symbol,quote_to_usdt,best_bid,best_ask,mid_usdt,spread_bps,update_id,bookticker_bid,bookticker_ask,depth_events,agg_trades,bid_add_1pct_usd,ask_add_1pct_usd,bid_remove_1pct_usd,ask_remove_1pct_usd,taker_sell_quote_usd,taker_buy_quote_usd,bid_depth_25bps_usd,ask_depth_25bps_usd,bid_depth_50bps_usd,ask_depth_50bps_usd,bid_depth_100bps_usd,ask_depth_100bps_usd,bid_depth_200bps_usd,ask_depth_200bps_usd
2026-10-08T00:00:29.291715+00:00,obs-20261007-01,LIGHT,PEPEUSDT,1.0,4.09e-06,4.1e-06,4.095e-06,24.449877750611915,8828017559,4.09e-06,4.1e-06,158,11,71532.34450952998,36538.125362000006,95952.17828786997,25535.909332030005,43.55282717,593.0705637,50339.31581802,155005.1897891,231954.80899962,284711.37686156,593968.8807107001,510091.69688055,930980.63143418,1207118.46266574
2026-10-08T00:00:29.291715+00:00,obs-20261007-01,LIGHT,BNBUSDT,1.0,772.5,772.51,772.505,0.1294498381865239,20910328342,772.5,772.51,389,157,1913565.4784500008,2373032.7217299985,2037091.3382499993,2689937.4872600012,9444.29121,2272.4839699999998,723288.9248200003,1508826.6203300012,1353240.5169499998,2405619.6187699996,3224526.8095100024,3845219.0935000023,5414080.800690002,5537764.371720007
2026-10-08T00:00:29.291715+00:00,obs-20261007-01,LIGHT,AAVEUSDT,1.0,174.17,174.19,174.18,1.1483033817549781,10439816709,174.17,174.19,299,46,2044574.5336200001,299995.41316999996,2003724.8869400008,307060.43214,4730.26483,4024.0919100000015,145922.95038999993,85692.39152,244819.17330999993,134990.12034999998,338987.1896700002,176113.18645,419346.1104099999,199354.3272299999
2026-10-08T00:00:29.291715+00:00,obs-20261007-01,LIGHT,AVAXUSDT,1.0,11.128,11.129,11.128499999999999,0.8986340762029421,10520537758,11.128,11.129,276,26,289112.32194000005,882329.95091,292947.60195000016,875872.6968199998,5202.805590000001,2033.07051,186799.50088000004,162824.16056,295991.2023700001,258383.39016999994,347087.44274000014,334680.1473099997,410190.24805000005,438580.18410999957
2026-10-08T00:00:29.291715+00:00,obs-20261007-01,LIGHT,FILUSDT,1.0,1.0523,1.0524,1.0523500000000001,0.9502993442933594,9895663177,1.0523,1.0524,338,60,345611.13728899986,208837.27626600006,366130.4603249999,177655.03124099996,6994.296798000001,5035.294927000002,119709.37366499999,86397.592368,212402.15693799994,141376.16871499998,266379.32104299986,228684.4449839999,378797.1266969998,269057.0757119999
2026-10-08T00:00:29.291715+00:00,obs-20261007-01,LIGHT,ALGOUSDT,1.0,0.1186,0.1187,0.11865,8.43170320404818,5664543514,0.1186,0.1187,186,4,74793.1318,68808.02679999998,70425.07570000002,72728.36650000002,3365.3824,558.9583,38643.3108,23461.954400000002,112268.0101,68830.02960000001,145642.06119999997,98964.29030000001,174480.04899999997,126598.46719999998
2026-10-08T00:00:29.291715+00:00,obs-20261007-01,LIGHT,XRPUSDT,1.0,1.421,1.4211,1.4210500000000001,0.7037297677681131,26678195620,1.421,1.4211,432,124,1658224.0777100003,1742242.6258199997,1776748.8365600016,1809397.4273500005,19557.174340000027,3844.820110000001,1309117.5628299997,1000001.36744,1615748.5426799995,1189593.6993199994,2263316.550789999,2134766.1046099993,3758666.0723199975,3309818.8416299997
2026-10-08T00:00:29.291715+00:00,obs-20261007-01,LIGHT,HBARUSDT,1.0,0.09288,0.09289,0.092885,1.0766580534027348,8393294065,0.09288,0.09289,177,10,122838.41158000003,100189.6164,289629.0766400001,272647.55272000004,3102.23034,73.46746999999999,140897.13918000003,118477.35293000001,228888.11006,173575.14487000002,281496.66819000005,202130.05689999997,427077.0723700004,221221.89242
2026-10-08T00:01:29.298229+00:00,obs-20261007-01,LIGHT,PEPEUSDT,1.0,4.09e-06,4.1e-06,4.095e-06,24.449877750611915,8828018654,4.09e-06,4.1e-06,238,65,458380.55093131005,372452.7560935799,396547.00348960987,376813.67994444,10622.634369249998,45459.32687102,40740.966579069995,158905.8749926,211652.27607403,280073.52317326,592600.78707055,500745.00227574003,935724.3042834799,1190938.76363766
2026-10-08T00:01:29.298229+00:00,obs-20261007-01,LIGHT,BNBUSDT,1.0,772.54,772.55,772.545,0.12944313563023613,20910331122,772.54,772.55,335,101,1787238.61918,1128290.72947,1295524.2097999998,1039354.9409199998,10525.049229999999,8818.767399999995,757767.6186200003,1428747.8458400005,1330775.85994,2449897.102539998,3524882.6670400016,3937396.84133,5523429.899790002,5627410.784390005
2026-10-08T00:01:29.298229+00:00,obs-20261007-01,LIGHT,AAVEUSDT,1.0,173.97,173.98,173.975,0.5748117491521931,10439821433,173.97,173.98,399,114,1487332.3447199997,492772.34270000015,1432032.29903,487569.09600999975,8615.343649999997,6523.96435,222528.30359999998,72607.25594000002,339399.72122,126208.80990000005,399763.5209800002,170885.45082000003,494478.50182999996,201948.69650999992
2026-10-08T00:01:29.298229+00:00,obs-20261007-01,LIGHT,AVAXUSDT,1.0,11.125,11.126,11.125499999999999,0.8988764044937092,10520543017,11.125,11.126,393,95,717360.3994100003,1356063.8494299995,692422.2528500002,1368611.4979299998,4306.86278,23774.88166,173824.28656000004,165208.38066000002,284167.85749,255751.08711,374041.777,322122.1598499998,436867.83943,348432.3715499997
2026-10-08T00:01:29.298229+00:00,obs-20261007-01,LIGHT,FILUSDT,1.0,1.0528,1.0529,1.0528499999999998,0.9498480243164131,9895665839,1.0528,1.0529,316,48,405090.528535,149122.56156899995,397296.14955900016,172282.176845,2478.34632,2345.7411930000003,81570.111404,79255.54355700003,179170.46702699998,137374.49108700003,274008.4156719999,205874.61945799997,386409.23732199986,245940.59918999998
2026-10-08T00:01:29.298229+00:00,obs-20261007-01,LIGHT,ALGOUSDT,1.0,0.1186,0.1187,0.11865,8.43170320404818,5664544201,0.1186,0.1187,161,7,56426.223099999996,55017.63350000001,59219.99980000001,62902.368400000014,1376.1379,3752.825,24639.2634,29844.018500000002,106303.39820000001,62674.484300000004,142848.2845,91079.55540000001,174009.32580000002,117242.5989
2026-10-08T00:01:29.298229+00:00,obs-20261007-01,LIGHT,XRPUSDT,1.0,1.4215,1.4216,1.4215499999999999,0.7034822370743932,26678199853,1.4215,1.4216,442,171,2558858.1336100013,1739134.7113099995,2187933.09635,1925521.1300699986,50496.11593,41732.33251000001,1580985.4686799997,878070.3304799999,1844957.6832699997,1012794.4194799998,2633108.7882099976,1962357.0801900004,4124044.9742899965,3141362.0093399994
2026-10-08T00:01:29.298229+00:00,obs-20261007-01,LIGHT,HBARUSDT,1.0,0.09285,0.09286,0.092855,1.0770059235332141,8393297390,0.09285,0.09286,415,55,599481.3898199996,362389.2453499997,636959.6182299999,384477.60956,14132.657999999996,4658.299839999999,106133.25511000001,92172.84780000002,202592.89078,150003.72033,244684.88873,174043.11362,402970.81945000024,193496.07833
2026-10-08T00:02:29.305672+00:00,obs-20261007-01,LIGHT,PEPEUSDT,1.0,4.08e-06,4.09e-06,4.085e-06,24.50980392156854,8828019262,4.08e-06,4.09e-06,184,17,509717.23854348,317878.20966095006,463251.3827765401,140924.24876524994,2655.1481309999995,1011.7161759,122586.7487808,101177.96914703,341757.34175081004,263429.83489423,739993.7659632401,571570.86976423,1042415.9588442,1291338.3997949501
2026-10-08T00:02:29.305672+00:00,obs-20261007-01,LIGHT,BNBUSDT,1.0,772.5,772.51,772.505,0.1294498381865239,20910334397,772.5,772.51,391,76,2024572.7018300004,1600942.5457499996,2267975.635989997,1405836.9726599993,9417.350569999999,24861.774580000005,732883.7868100001,1439393.3551600007,1363805.2669,2406353.5516099995,3281663.2847300023,4129260.455140002,5471202.076380002,5823691.233370002
2026-10-08T00:02:29.305672+00:00,obs-20261007-01,LIGHT,AAVEUSDT,1.0,173.84,173.85,173.845,0.5752416014725981,10439824852,173.84,173.85,360,103,1377882.3161000002,443451.53807999997,1476710.1911399995,424938.0626599999,7149.30105,11815.13293,117118.27309999998,84995.88545000002,250134.86218999999,132321.27361,336307.61302999995,185727.27808,401143.6408699997,220442.8362899999
2026-10-08T00:02:29.305672+00:00,obs-20261007-01,LIGHT,AVAXUSDT,1.0,11.109,11.11,11.1095,0.9001710324962886,10520546061,11.109,11.11,339,47,478608.0617599999,869541.6372799999,525990.27469,830527.0709400004,3057.371979999999,46.89156,169135.35580000002,174005.58500000002,288335.2714000001,262570.77603999997,337339.01088,360443.6197899999,436336.04440000013,385826.0567899998
2026-10-08T00:02:29.305672+00:00,obs-20261007-01,LIGHT,FILUSDT,1.0,1.0516,1.0518,1.0517,1.9018638265499987,9895667878,1.0516,1.0518,288,39,272209.0349950001,172576.47938700006,295282.2760899999,127734.26590099999,7309.555172,2919.6695080000004,102661.411538,88258.260024,184526.56384,164849.27118500002,254661.76545399998,238244.138988,364015.8299209998,290441.21483599994
2026-10-08T00:02:29.305672+00:00,obs-20261007-01,LIGHT,ALGOUSDT,1.0,0.1185,0.1186,0.11854999999999999,8.438818565401629,5664544749,0.1185,0.1186,174,2,37118.44340000001,72831.87239999998,35051.0744,53073.68010000001,0.0,92.7452,55062.8716,27279.4583,117085.8175,64758.797,147343.9551,106780.3613,180157.73129999998,125708.20330000001
2026-10-08T00:02:29.305672+00:00,obs-20261007-01,LIGHT,XRPUSDT,1.0,1.4207,1.4208,1.42075,0.7038783698165574,26678203327,1.4207,1.4208,422,89,1456349.3142600001,1640624.6266499995,1820751.8838000002,1439857.9302599994,46030.82988000001,4655.672420000001,1300772.24376,1039425.35539,1497158.0106999993,1203137.5753099998,2272739.864389999,2148647.7781599998,3784169.1111399983,3336892.15987
2026-10-08T00:02:29.305672+00:00,obs-20261007-01,LIGHT,HBARUSDT,1.0,0.09283,0.09285,0.09284,2.154475923732413,8393299304,0.09283,0.09285,347,19,267288.06732999993,208586.86264000004,268731.4895999999,191043.99381000007,852.1343199999999,2194.25637,107979.52086,96268.70029000001,203413.58039000005,162904.70315000002,243884.90646000003,191482.35554999998,401511.1794200003,210962.90250999999
2026-10-08T00:03:29.340583+00:00,obs-20261007-01,LIGHT,PEPEUSDT,1.0,4.08e-06,4.09e-06,4.085e-06,24.50980392156854,8828019498,4.08e-06,4.09e-06,127,11,185537.33902738,32650.136650059998,195075.8444339,19712.793460919995,13.99999776,890.6820852899999,123458.91105384,111353.63989425,342666.66701477,275907.89428605,730455.26055672,584508.21295337,1032877.4534376799,1289980.02869661
2026-10-08T00:03:29.340583+00:00,obs-20261007-01,LIGHT,BNBUSDT,1.0,772.7,772.71,772.705,0.12941633234175853,20910337131,772.7,772.71,373,71,1356152.4587799986,988959.0781700002,1340377.3683899988,1188914.8156400002,8774.32315,14498.235639999999,637322.3532600004,1511406.9221600005,1305249.073569999,2457566.2173599987,3296750.757420001,4038937.2085000016,5469714.077870001,5670881.228340004
2026-10-08T00:03:29.340583+00:00,obs-20261007-01,LIGHT,AAVEUSDT,1.0,174.1,174.11,174.10500000000002,0.5743825387716228,10439827759,174.1,174.11,326,61,1313126.3755699997,369490.05470999976,1101987.1509799997,378433.74137999996,10770.785120000002,4000.68874,312397.77464,85714.16893000001,403512.86586000014,142164.98641,505238.10499000025,182035.18602999995,595968.1333100001,211261.48008999988
2026-10-08T00:03:29.340583+00:00,obs-20261007-01,LIGHT,AVAXUSDT,1.0,11.111,11.112,11.1115,0.9000090000887973,10520548201,11.111,11.112,292,57,188666.20491000015,711798.4646300001,189245.18975000005,742192.7056799998,3263.7817299999992,36702.978789999994,174464.93826,143459.50626999998,289414.15891,241051.21018000002,334766.3865199999,330146.56018,435430.25132999994,354542.2715299997
2026-10-08T00:03:29.340583+00:00,obs-20261007-01,LIGHT,FILUSDT,1.0,1.0539,1.054,1.05395,0.9488566277626731,9895672240,1.0539,1.054,364,101,608775.131835,350011.9508889999,563476.0247499999,403615.849215,2841.834306,7440.169012,78582.08999799998,76780.47522299999,168437.42382999999,147512.38274999996,286288.97044599993,193130.96539699996,398648.3186399998,230795.598684
2026-10-08T00:03:29.340583+00:00,obs-20261007-01,LIGHT,ALGOUSDT,1.0,0.1186,0.1187,0.11865,8.43170320404818,5664545338,0.1186,0.1187,173,2,30675.749400000004,133942.86820000003,28548.713500000005,137146.17260000002,0.0,74.125,27736.0714,34234.4005,111364.826,63381.2821,147042.6894,105847.14709999999,178203.84780000002,130590.48189999998
2026-10-08T00:03:29.340583+00:00,obs-20261007-01,LIGHT,XRPUSDT,1.0,1.4207,1.4208,1.42075,0.7038783698165574,26678206594,1.4207,1.4208,381,83,1844331.3555500007,1393253.6866899985,1518405.1780300003,1416589.726419999,42607.58664000001,4779.944000000001,1528176.9267400007,1043187.3759899999,1827913.4696,1304131.8254900002,2598666.0419099983,2125816.17895,4110150.969409997,3314060.5255
2026-10-08T00:03:29.340583+00:00,obs-20261007-01,LIGHT,HBARUSDT,1.0,0.09286,0.09287,0.092865,1.076889941846737,8393301276,0.09286,0.09287,319,18,946849.1733600001,390237.59669000015,755282.5722599997,204492.02248999994,80.57517,12275.889980000002,141632.70007999998,137194.6272,283766.59848999995,237889.45309999996,434757.04641000007,377339.1536399999,917393.6716000004,732831.92772
2026-10-08T00:04:29.362342+00:00,obs-20261007-01,LIGHT,PEPEUSDT,1.0,4.08e-06,4.09e-06,4.085e-06,24.50980392156854,8828019801,4.08e-06,4.09e-06,130,11,52403.463995280006,183494.03804205995,156300.12614799,274412.93907446996,5.979342,841.71089565,123549.27356783999,106105.61168696,305423.38181565003,266163.96813945996,626558.5984040101,493589.31192095997,928980.79128497,1115280.33663156
2026-10-08T00:04:29.362342+00:00,obs-20261007-01,LIGHT,BNBUSDT,1.0,772.7,772.71,772.705,0.12941633234175853,20910338715,772.7,772.71,349,39,750980.11705,413345.6491099998,745242.00281,394816.6840299998,3922.2252000000008,1237.10871,654937.6409100005,1515906.6890500009,1310896.817409999,2463626.8030299987,3302488.8716600006,4057466.173580002,5475452.192110001,5686924.675000004
2026-10-08T00:04:29.362342+00:00,obs-20261007-01,LIGHT,AAVEUSDT,1.0,174.04,174.05,174.04500000000002,0.574580556194082,10439830498,174.04,174.05,341,37,1361527.3643200002,377171.2225,1561299.9274200005,365659.54196,897.4751300000003,1763.6254399999998,106771.09064999998,92268.00701999999,224301.33969999995,138905.89512999996,307430.2756500001,191294.84260999993,395544.11169999983,222757.17932999984
2026-10-08T00:04:29.362342+00:00,obs-20261007-01,LIGHT,AVAXUSDT,1.0,11.121,11.122,11.121500000000001,0.8991997122564932,10520551659,11.121,11.122,336,55,501988.65585,1138478.6414799993,476771.1994,1127004.10389,8463.714629999999,5010.699919999999,152103.07411999998,182275.87884999998,294182.88248999993,268411.42228,359915.1657299999,342192.6429999999,460436.4005699998,367366.1199399998
2026-10-08T00:04:29.362342+00:00,obs-20261007-01,LIGHT,FILUSDT,1.0,1.0535,1.0536,1.05355,0.94921689606009,9895675046,1.0535,1.0536,299,56,324018.0431349999,225459.43026199992,324479.9006579998,232368.79187300004,5371.350186999999,6519.245846000001,81959.804572,57437.120791000016,196920.488493,130687.971348,291398.1101909999,186084.12957200003,398242.4240549999,234975.25274400003
2026-10-08T00:04:29.362342+00:00,obs-20261007-01,LIGHT,ALGOUSDT,1.0,0.1185,0.1186,0.11854999999999999,8.438818565401629,5664546409,0.1185,0.1186,235,2,38368.26330000002,96165.69009999998,41084.21130000001,83378.67709999994,11.86,11.86,49779.8726,27051.269,114226.5128,58437.80819999999,146755.043,107227.04369999998,179062.51020000002,126154.88569999998
2026-10-08T00:04:29.362342+00:00,obs-20261007-01,LIGHT,XRPUSDT,1.0,1.4208,1.4209,1.4208500000000002,0.703828828829689,26678210564,1.4208,1.4209,398,68,1975437.8054900004,1836112.8423899997,1900922.5646400007,1847380.3417399987,17877.03104,14944.39096,1600602.01261,930630.648,1902344.4621299997,1292835.1015899999,2672620.4713399974,2117981.8847999997,4180698.2803999963,3304347.5358700003
2026-10-08T00:04:29.362342+00:00,obs-20261007-01,LIGHT,HBARUSDT,1.0,0.09282,0.09285,0.092835,3.232062055591456,8393302871,0.09282,0.09285,274,16,572602.10158,210213.51790000004,581591.8004099999,208148.09740999996,482.5745,3349.3119300000003,140740.06866,128266.11626999998,277031.9974899999,238748.09604999993,426461.80873,379293.35023999994,911190.9225600003,734821.3035600001
2026-10-08T00:05:29.366768+00:00,obs-20261007-01,LIGHT,PEPEUSDT,1.0,4.08e-06,4.09e-06,4.085e-06,24.50980392156854,8828020156,4.08e-06,4.09e-06,140,10,143356.34570123002,372790.0902176701,124691.55463573,273152.9618843,30.559098,962.82737035,118705.79976935999,110109.05031754999,306045.99400407,283088.08866485,645223.38946951,593226.4402543299,1027704.4829858299,1283420.7534353
2026-10-08T00:05:29.366768+00:00,obs-20261007-01,LIGHT,BNBUSDT,1.0,772.7,772.71,772.705,0.12941633234175853,20910341827,772.7,772.71,317,86,1829974.31384,1602936.34468,1804652.104789999,1624505.4508200004,7201.39202,14509.816339999998,697730.0082800003,1541169.890700001,1357217.940359999,2454688.845359999,3327811.080710001,4035897.067440002,5500774.400680001,5667897.528680005
2026-10-08T00:05:29.366768+00:00,obs-20261007-01,LIGHT,AAVEUSDT,1.0,174.03,174.04,174.035,0.5746135723727619,10439832637,174.03,174.04,308,32,1641944.23871,225651.50175,1478793.8972699998,232278.57262999992,2026.7342399999998,1207.38665,261373.45043000006,93974.18097000003,367449.4388400001,141612.22585000002,470580.61709000013,184639.64693,561257.2464400001,216061.11238999988
2026-10-08T00:05:29.366768+00:00,obs-20261007-01,LIGHT,AVAXUSDT,1.0,11.116,11.117,11.1165,0.899604174164903,10520554052,11.116,11.117,293,34,250647.58983000007,890902.9625499999,272961.74811,871976.4053299997,9794.102340000001,526.17514,159621.10835,196798.31569000002,281465.51663,283623.53795,337648.67112000013,360579.0848599999,437359.8561100001,386181.56688999967
2026-10-08T00:05:29.366768+00:00,obs-20261007-01,LIGHT,FILUSDT,1.0,1.0533,1.0534,1.05335,0.9493971328211614,9895677345,1.0533,1.0534,303,35,293431.404564,202565.91170899992,302227.523426,195170.227773,7672.7525989999995,9943.727035,77265.21049299999,77128.67518399999,187375.40893099998,133247.72742799998,282769.88231999986,193283.16502799996,392970.80005399976,233706.404699
2026-10-08T00:05:29.366768+00:00,obs-20261007-01,LIGHT,ALGOUSDT,1.0,0.1184,0.1185,0.11845,8.445945945945166,5664546872,0.1184,0.1185,127,2,46693.485199999996,93724.48529999997,51388.5503,87729.9386,436.19849999999997,0.0,49614.9651,27210.8099,101975.699,59486.2649,145297.57520000002,108007.57810000003,175478.48470000003,120426.18590000004
2026-10-08T00:05:29.366768+00:00,obs-20261007-01,LIGHT,XRPUSDT,1.0,1.4201,1.4202,1.42015,0.7041757622694433,26678213803,1.4201,1.4202,385,53,1694970.98882,1476854.51621,1999496.8851399994,1334207.3706400006,28361.105269999996,6497.57338,1418716.05415,988135.70716,1718505.7846099997,1439625.01346,2373940.0167199983,2258331.841139999,3892895.8495999966,3443971.22184
2026-10-08T00:05:29.366768+00:00,obs-20261007-01,LIGHT,HBARUSDT,1.0,0.09281,0.09282,0.09281500000000001,1.077470100203648,8393304283,0.09281,0.09282,263,18,299956.52743999986,501884.63369999983,314948.4667099999,490537.92651,456.71045,3390.10562,140839.13507000002,138922.31268000003,262705.92666,252594.10908,412849.49490000005,389795.1824299999,896204.5318500004,756734.8761300001
2026-10-08T00:06:29.366868+00:00,obs-20261007-01,LIGHT,PEPEUSDT,1.0,4.08e-06,4.09e-06,4.085e-06,24.50980392156854,8828020595,4.08e-06,4.09e-06,152,10,37956.090832559996,399171.58291449025,48372.4912427,393607.77529835014,1364.3476711199999,611.50920886,101969.35541784,129839.07508579,313561.83750443,288651.75620099,634806.98905937,598790.24787047,1017546.69321894,1291295.12978394
2026-10-08T00:06:29.366868+00:00,obs-20261007-01,LIGHT,BNBUSDT,1.0,772.7,772.71,772.705,0.12941633234175853,20910343722,772.7,772.71,365,35,1122397.1712299993,667624.22763,1177324.61324,646925.51398,180.03446000000002,3439.952830000001,627659.2807800004,1557300.4135600007,1312385.5353499993,2471423.108259999,3272883.6387000014,4056595.7810900025,5440101.669520002,5686408.501710005
2026-10-08T00:06:29.366868+00:00,obs-20261007-01,LIGHT,AAVEUSDT,1.0,173.89,173.9,173.89499999999998,0.5750761975975571,10439835233,173.89,173.9,291,38,2118800.510560001,393634.29916999995,2297953.5252600005,354463.86759,2993.26928,2689.0326600000003,99458.12259,118750.82731,197421.94077,167566.74986999997,293609.98672999995,220123.2567199999,390275.14283999975,253733.1619199998
2026-10-08T00:06:29.366868+00:00,obs-20261007-01,LIGHT,AVAXUSDT,1.0,11.098,11.099,11.098500000000001,0.9010632546391228,10520557800,11.098,11.099,336,76,597497.0549599997,1103915.6917100004,632054.1037799998,1086570.8807300006,10229.087280000002,1821.6751499999998,157291.91519,187696.25634999998,239755.40538000004,282534.2171199999,314117.20207999996,373805.71706999996,395595.32333999994,401403.21569999965
2026-10-08T00:06:29.366868+00:00,obs-20261007-01,LIGHT,FILUSDT,1.0,1.053,1.0531,1.0530499999999998,0.9496676163345263,9895678597,1.053,1.0531,246,20,139573.39641399996,139796.065273,142598.92433799995,132169.33829400007,191.19044799999998,259.915579,98404.51362999997,73157.727449,209478.18338099998,136457.02018500003,279778.0572119999,200904.76497300004,393204.0488549999,241338.33396500006
2026-10-08T00:06:29.366868+00:00,obs-20261007-01,LIGHT,ALGOUSDT,1.0,0.1184,0.1185,0.11845,8.445945945945166,5664547236,0.1184,0.1185,142,0,38001.93080000002,120212.72719999998,35779.474200000004,113479.24079999999,0.0,0.0,46601.6025,35149.5461,100910.93100000001,67915.3329,147520.03180000003,114741.06450000001,178129.40970000002,130805.03860000001
2026-10-08T00:06:29.366868+00:00,obs-20261007-01,LIGHT,XRPUSDT,1.0,1.4197,1.4198,1.41975,0.7043741635559542,26678216904,1.4197,1.4198,390,46,1987291.1304600032,1392262.6337500005,2016941.417280001,1436113.2686500011,210453.71668999997,16545.478550000003,1329830.53447,1013845.13047,1694560.5159,1394899.14558,2345952.645299999,2210479.9562399993,3867969.572799998,3400107.4602
2026-10-08T00:06:29.366868+00:00,obs-20261007-01,LIGHT,HBARUSDT,1.0,0.09279,0.0928,0.09279499999999999,1.0777023386143725,8393305209,0.09279,0.0928,208,10,115670.56796999999,64051.04924000001,116606.67892999998,62221.79082000002,186.75384,2530.76971,150540.49753,136909.92674,262859.05924000003,245434.64689999993,413245.87148000003,391609.6299299999,895375.1954400003,758564.13455
2026-10-08T00:07:29.372989+00:00,obs-20261007-01,LIGHT,PEPEUSDT,1.0,4.08e-06,4.09e-06,4.085e-06,24.50980392156854,8828020880,4.08e-06,4.09e-06,118,8,128671.93157986003,277369.69870691,38428.673546940016,307609.39028255985,40.793777999999996,618.4672641,120314.03454864,88836.4759184,335130.60217793,258917.77631429996,725050.24709229,568550.5562948199,1028621.3544933101,1275446.0760138398
2026-10-08T00:07:29.372989+00:00,obs-20261007-01,LIGHT,BNBUSDT,1.0,773.38,773.39,773.385,0.12930254208676217,20910347555,773.38,773.39,317,114,4234773.610170001,3678439.61732,4024518.5171499993,3533087.41334,9398.607600000001,42393.75604999999,677298.5103399999,1628020.6006600007,1302360.0504200005,2500874.1361499997,2981141.60487,4373933.2799,5446083.004520005,5859487.366490004
2026-10-08T00:07:29.372989+00:00,obs-20261007-01,LIGHT,AAVEUSDT,1.0,173.97,173.98,173.975,0.5748117491521931,10439837729,173.97,173.98,304,42,1548678.6275899992,317446.4735499999,1541093.6363400002,342346.6848399999,595.6392699999998,3261.4098599999998,105289.4907,99853.43314999997,222601.66006999998,152557.03768999994,297344.93281999987,198083.08415999988,392975.59565999976,229146.32718999978
2026-10-08T00:07:29.372989+00:00,obs-20261007-01,LIGHT,AVAXUSDT,1.0,11.094,11.095,11.0945,0.9013881377328836,10520561416,11.094,11.095,325,81,411642.7061800001,1007480.9051499999,410854.53329000034,1056786.6721400002,11219.021169999996,8715.54385,160420.49489,135250.5765,248509.80798,234866.06985000003,306363.3729699999,324054.6594600001,399942.3190999999,349909.3253899998
2026-10-08T00:07:29.372989+00:00,obs-20261007-01,LIGHT,FILUSDT,1.0,1.0544,1.0545,1.05445,0.948406676783975,9895680378,1.0544,1.0545,266,34,219608.3174679999,159438.94010599997,192351.86428200002,191338.86076099993,801.130366,2415.851965,96689.876385,77393.54265800002,188311.54587600002,134017.68350500002,297711.110923,173750.825446,406555.21902599983,211389.879324
2026-10-08T00:07:29.372989+00:00,obs-20261007-01,LIGHT,ALGOUSDT,1.0,0.1184,0.1185,0.11845,8.445945945945166,5664547698,0.1184,0.1185,144,1,22596.519600000003,80688.91600000001,21689.11,91596.68859999998,0.0,5.925,51367.3688,29799.974,102065.84389999999,56495.4005,148427.4414,103833.29190000003,178608.35090000002,119897.26600000003
2026-10-08T00:07:29.372989+00:00,obs-20261007-01,LIGHT,XRPUSDT,1.0,1.4205,1.4206,1.42055,0.7039774727202186,26678221536,1.4205,1.4206,415,62,2963689.8204899984,2112271.5349900005,2784252.5840200004,2161248.2706499994,34427.736000000004,27809.028329999997,1323888.8818200005,942827.6648899997,1740703.7309299998,1343949.9027199997,2518975.8150699986,2169370.367609999,4034096.9534499967,3354412.5322099994
2026-10-08T00:07:29.372989+00:00,obs-20261007-01,LIGHT,HBARUSDT,1.0,0.09283,0.09284,0.092835,1.0772379618662065,8393306451,0.09283,0.09284,208,22,336509.04647999996,147606.11284,324685.5554500001,159304.86798,5776.21837,2761.43023,121461.9849,131324.76798,257163.06987000004,241164.04481999998,422357.24953,380770.56071,907086.3633600003,746865.3794100002
2026-10-08T00:08:29.373212+00:00,obs-20261007-01,LIGHT,PEPEUSDT,1.0,4.08e-06,4.09e-06,4.085e-06,24.50980392156854,8828021128,4.08e-06,4.09e-06,133,10,7399.3314275600005,183611.19324556997,97103.57827648002,190091.29505703997,169.37380295999998,622.9455441599999,117842.91144648,108532.86210945,306561.14999708,271724.27472595,635346.00024337,562070.4544833499,939685.82287271,1254645.28876877
2026-10-08T00:08:29.373212+00:00,obs-20261007-01,LIGHT,BNBUSDT,1.0,773.3,773.31,773.305,0.1293159187887305,20910349515,773.3,773.31,337,59,780762.5679499998,873854.6131799998,794992.7632699999,1049941.2644099996,8311.45388,5589.28953,662184.90432,1617532.7952800014,1293052.11306,2514155.8208899996,2967953.4198700003,4197618.546910002,5436065.007330005,5678121.673370003
2026-10-08T00:08:29.373212+00:00,obs-20261007-01,LIGHT,AAVEUSDT,1.0,173.91,173.92,173.915,0.5750100626755739,10439839565,173.91,173.92,247,37,835539.03302,208488.01064999998,915715.6569400001,245554.88751999996,3831.34034,2249.59029,90576.80622999999,66752.28814000003,166203.88380000007,111156.81296000005,221503.28621000002,156587.55168000003,313641.78258999984,190427.11726999993
2026-10-08T00:08:29.373212+00:00,obs-20261007-01,LIGHT,AVAXUSDT,1.0,11.094,11.095,11.0945,0.9013881377328836,10520564373,11.094,11.095,313,51,499859.37350000005,820701.61199,575435.77726,828206.2299100005,11231.626089999998,14767.33137,99854.75236,166417.9509599999,162123.30589,244423.64644999985,230786.96920999992,316550.04154,323391.2036099998,343414.29425999965
2026-10-08T00:08:29.373212+00:00,obs-20261007-01,LIGHT,FILUSDT,1.0,1.054,1.0541,1.0540500000000002,0.9487666034146969,9895681801,1.054,1.0541,213,26,156860.46411299997,110011.85240699997,231681.72575500002,114911.87241499992,511.190714,418.08591,55213.59696099999,66595.375556,121011.10797499995,124147.606708,226440.65768099992,168801.539303,335667.0115049998,205450.83011500005
2026-10-08T00:08:29.373212+00:00,obs-20261007-01,LIGHT,ALGOUSDT,1.0,0.1184,0.1185,0.11845,8.445945945945166,5664549069,0.1184,0.1185,233,27,116248.7178,113492.10129999998,157213.0081,132728.11050000004,1166.9321,1088.0437999999997,32514.762500000004,17731.5226,72754.5842,50123.042799999996,103009.5511,81536.59909999999,137501.53230000002,97432.254
2026-10-08T00:08:29.373212+00:00,obs-20261007-01,LIGHT,XRPUSDT,1.0,1.4204,1.4205,1.4204500000000002,0.7040270346370114,26678224874,1.4204,1.4205,364,46,2079530.7498100004,1729752.39583,2095248.4961799996,1793502.8293900003,7413.986790000001,14481.70878,1389617.1193100002,897697.8539400001,1730718.15964,1289379.53188,2503722.8508499986,2105951.8153199996,4018471.5439399974,3291121.588110001
2026-10-08T00:08:29.373212+00:00,obs-20261007-01,LIGHT,HBARUSDT,1.0,0.09284,0.09285,0.09284500000000001,1.0771219302019297,8393307525,0.09284,0.09285,190,17,146672.72749,86319.55203000005,203886.8766100001,116322.39349000002,158.09663,4678.3821800000005,107127.73929000001,114848.67611999999,214265.60285000002,215169.27901,365143.1004100001,350767.71924999997,849875.2807500004,716933.3735500001
2026-10-08T00:09:29.374199+00:00,obs-20261007-01,LIGHT,PEPEUSDT,1.0,4.08e-06,4.09e-06,4.085e-06,24.50980392156854,8828021430,4.08e-06,4.09e-06,156,8,34415.587381859994,187935.54467376997,112892.62778603999,191759.23200304998,4.74551328,597.9251286699999,129645.4473348,104859.55674097,296298.05645329005,268504.42448667,556868.95983919,558246.76715407,863466.7976530901,1250817.68088469
2026-10-08T00:09:29.374199+00:00,obs-20261007-01,LIGHT,BNBUSDT,1.0,773.31,773.32,773.315,0.1293142465508268,20910351095,773.31,773.32,346,31,1261070.0860000001,1292005.7616999992,1254781.4475900007,1675811.219459999,6996.0806600000005,16764.70105,725868.62887,1488039.8037500007,1378021.1870200003,2286378.52936,2974226.7466799985,3813813.0891500027,5442201.289170002,4992787.418870006
2026-10-08T00:09:29.374199+00:00,obs-20261007-01,LIGHT,AAVEUSDT,1.0,173.88,173.89,173.885,0.5751092707617644,10439841334,173.88,173.89,260,17,1528436.7059999993,243416.7639699999,1528908.6620400008,198480.51073,479.68196,97.58874,90033.52651999998,107717.60486,159842.73501,153393.57505999994,252072.73120999997,198396.70853,319814.9301799998,233046.8201199999
2026-10-08T00:09:29.374199+00:00,obs-20261007-01,LIGHT,AVAXUSDT,1.0,11.082,11.083,11.0825,0.902364194188543,10520567306,11.082,11.083,284,57,340313.03282999987,1098328.8220000004,325203.7063099999,1081226.4524200002,13456.41931,11755.550790000001,129200.91562999999,158989.7305,196570.17820000002,250498.19579,247978.67713000003,331545.7257,342739.75771999994,357975.19218999974
2026-10-08T00:09:29.374199+00:00,obs-20261007-01,LIGHT,FILUSDT,1.0,1.0538,1.0539,1.0538500000000002,0.9489466691969817,9895683482,1.0538,1.0539,283,40,186979.84461499992,105253.76050699998,189633.86669499998,104375.13084199994,1172.5206210000006,1640.419515,61561.381518,67131.67302,137805.435828,124424.14540600004,223794.13764699997,169661.381013,336143.2743459999,204733.53531300006
2026-10-08T00:09:29.374199+00:00,obs-20261007-01,LIGHT,ALGOUSDT,1.0,0.1185,0.1186,0.11854999999999999,8.438818565401629,5664549556,0.1185,0.1186,157,1,17227.434199999996,24034.163600000007,17857.009,20628.4232,21.685499999999998,0.0,27884.2654,28020.627800000002,65513.032,60277.8589,99133.11230000002,88353.55010000001,136626.05770000003,101113.88820000002
2026-10-08T00:09:29.374199+00:00,obs-20261007-01,LIGHT,XRPUSDT,1.0,1.4202,1.4203,1.4202499999999998,0.7041261794116238,26678227980,1.4202,1.4203,385,38,1184958.6322100002,1418953.2904499997,1395214.1773100002,1333766.4571500004,13281.098850000002,17314.660819999997,1207014.77702,965411.3883200001,1520766.6145399997,1247477.14878,2293851.7436999995,2191576.0579999997,3815099.4247999983,3377154.9638900002
2026-10-08T00:09:29.374199+00:00,obs-20261007-01,LIGHT,HBARUSDT,1.0,0.09284,0.09285,0.09284500000000001,1.0771219302019297,8393308602,0.09284,0.09285,231,18,154221.06825999997,132312.66864,151148.58949999994,124721.06056000001,3338.71859,2867.8689,111227.56235000001,122239.29524,217338.06869,222872.56947,368215.57917000004,358359.32733,852988.1001500003,724524.98163
2026-10-08T00:10:29.377390+00:00,obs-20261007-01,LIGHT,PEPEUSDT,1.0,4.08e-06,4.09e-06,4.085e-06,24.50980392156854,8828021736,4.08e-06,4.09e-06,155,10,343022.6609573399,112822.93414663998,253477.33725878998,111927.56230533998,0.0,762.2643143700001,117900.61416024,112018.18273433,372764.57489635,267946.36879152997,646414.28353774,559142.13899537,1031252.9597944,1253185.7740027702
2026-10-08T00:10:29.377390+00:00,obs-20261007-01,LIGHT,BNBUSDT,1.0,772.84,772.85,772.845,0.129392888565949,20910355458,772.84,772.85,346,122,2240212.1049499996,3672396.534560002,2855354.5522700017,3216739.155430002,20965.378940000013,26223.037370000002,631118.5538500001,1491715.050710001,1142487.1146399989,2494814.88242,2558198.5654300004,4253710.9324900005,4809788.801789998,5732023.813970002
2026-10-08T00:10:29.377390+00:00,obs-20261007-01,LIGHT,AAVEUSDT,1.0,173.78,173.79,173.785,0.5754402117608137,10439843178,173.78,173.79,243,23,931540.2375599999,147051.58828000003,948850.1247699999,190775.67182999995,2189.53736,1403.1078200000002,96855.76984000001,61301.65627000001,148705.61645,104802.75825000001,237302.04601999995,152123.76076,299567.0612299998,189266.88797999994
2026-10-08T00:10:29.377390+00:00,obs-20261007-01,LIGHT,AVAXUSDT,1.0,11.061,11.062,11.061499999999999,0.9040773890234277,10520571563,11.061,11.062,371,96,677769.7612199993,1331154.3914999997,634986.5563899995,1341277.5073099993,21408.937819999992,10979.36849,174656.43631,142715.74969,239612.29928999994,224740.41317,306957.4106200001,319526.1844200001,405290.03556999995,333172.84725999995
2026-10-08T00:10:29.377390+00:00,obs-20261007-01,LIGHT,FILUSDT,1.0,1.0537,1.0538,1.05375,0.9490367277220635,9895684794,1.0537,1.0538,218,27,119618.78408299998,57575.869300999984,116704.84927599996,55842.16480299997,152.3381,1755.0325979999998,64737.439429,69728.39686100002,140213.44795099995,126982.09178900004,226713.13245899996,171389.966228,349057.2074459999,206467.2296150001
2026-10-08T00:10:29.377390+00:00,obs-20261007-01,LIGHT,ALGOUSDT,1.0,0.1185,0.1186,0.11854999999999999,8.438818565401629,5664550193,0.1185,0.1186,153,1,46708.957200000004,29871.8214,47660.9343,32600.059299999997,321.37199999999996,0.0,27109.8646,31154.315000000002,64808.6029,56784.3738,98181.1352,85625.31220000001,135231.14710000003,98385.65030000002
2026-10-08T00:10:29.377390+00:00,obs-20261007-01,LIGHT,XRPUSDT,1.0,1.4193,1.4194,1.4193500000000001,0.7045726766707894,26678231314,1.4193,1.4194,417,59,1424688.794849999,1681865.4028500018,1601791.753869999,1692223.8384700012,34458.904699999985,49418.70757999999,1085391.5052900002,895531.85099,1352561.9324399997,1226641.1255899998,2162652.0523600006,2173840.9805999994,3668185.0140999993,3364650.34395
2026-10-08T00:10:29.377390+00:00,obs-20261007-01,LIGHT,HBARUSDT,1.0,0.09276,0.09277,0.092765,1.0780508840024794,8393309938,0.09276,0.09277,278,14,192534.44151999996,345562.15713999997,213185.50777,327050.88426,2358.80358,2716.98709,117138.11282999998,118627.77197999999,202505.72698999997,228884.34550999998,355178.91887,374132.97812999994,832428.9277800003,742966.7469200002
2026-10-08T00:11:29.379656+00:00,obs-20261007-01,LIGHT,PEPEUSDT,1.0,4.08e-06,4.09e-06,4.085e-06,24.50980392156854,8828022101,4.08e-06,4.09e-06,167,14,242884.19305064992,61420.813707379995,242364.12650632998,61026.53796223999,758.04446904,2381.87396248,119259.85564608,110948.18179335,372981.52186311,269744.25675235,646934.3500820601,559536.41474051,1031773.0263387201,1253580.0497479101
2026-10-08T00:11:29.379656+00:00,obs-20261007-01,LIGHT,BNBUSDT,1.0,772.69,772.7,772.695,0.12941800722199304,20910358338,772.69,772.7,375,78,2345704.0460800007,2616375.5009100004,2527898.93542,3152788.8262500013,4397.72406,1319.8662399999998,553436.3911400001,1221052.734250001,1137745.3275299994,2220533.527979999,2530186.221300001,3712492.872580001,4132507.0605400004,4737122.216460004
2026-10-08T00:11:29.379656+00:00,obs-20261007-01,LIGHT,AAVEUSDT,1.0,173.94,173.95,173.945,0.5749108888108978,10439845316,173.94,173.95,254,37,1441060.5628199992,224217.17645999987,1416718.6016800003,203865.88220000005,788.9792199999999,6685.245019999999,83175.51047999998,91327.13945999998,162611.43213,137261.04053,221856.81260999996,181115.65061000007,317668.9550599997,212203.43940999996
2026-10-08T00:11:29.379656+00:00,obs-20261007-01,LIGHT,AVAXUSDT,1.0,11.076,11.077,11.0765,0.902853015527505,10520576139,11.076,11.077,349,66,529006.1255800001,1552816.6543000005,539727.6963799999,1591413.0384700003,6538.330359999999,20620.803120000004,135295.49298,146607.14750999998,202490.65306,221901.11793999994,282374.56137000007,281855.5020400001,377775.09407,295895.15368999983
2026-10-08T00:11:29.379656+00:00,obs-20261007-01,LIGHT,FILUSDT,1.0,1.0554,1.0555,1.05545,0.9475080538212666,9895686820,1.0554,1.0555,281,51,236359.16048599986,137948.650088,197241.85116499997,169865.63521299997,1204.4219689999998,4365.224692000001,61354.132154,59462.648663,146079.095802,109279.43684800003,249869.47384399996,143542.07057900002,344282.6504289998,176366.5548620001
2026-10-08T00:11:29.379656+00:00,obs-20261007-01,LIGHT,ALGOUSDT,1.0,0.1187,0.1188,0.11875,8.424599831509116,5664550963,0.1187,0.1188,137,3,64402.32619999999,69162.88890000002,55921.1696,66825.76050000002,0.0,914.8884,22338.9996,33224.7869,57548.1717,63636.1115,96088.6552,89150.29840000001,125105.6011,108873.87640000001
2026-10-08T00:11:29.379656+00:00,obs-20261007-01,LIGHT,XRPUSDT,1.0,1.4196,1.4197,1.4196499999999999,0.704423781345831,26678234370,1.4196,1.4197,371,37,2058238.8894599988,1393331.2295700004,1791010.1542600002,1541794.6256100012,7066.347219999998,45318.44509,1252314.8085100001,902645.6585100003,1498448.3678500005,1088325.0962,2390403.9379799995,2029549.40672,3912009.9437999986,3218549.7563699987
2026-10-08T00:11:29.379656+00:00,obs-20261007-01,LIGHT,HBARUSDT,1.0,0.09281,0.09282,0.09281500000000001,1.077470100203648,8393311561,0.09281,0.09282,265,24,390875.43992999993,333262.3503999996,375928.40590999974,350197.97122999985,508.63449,4442.57036,122143.99144000001,119606.34113000003,214437.60680999997,222568.1875000001,363891.17238,359090.1043800001,847246.2093300003,726032.6116400003
2026-10-08T00:12:29.392725+00:00,obs-20261007-01,LIGHT,PEPEUSDT,1.0,4.08e-06,4.09e-06,4.085e-06,24.50980392156854,8828022465,4.08e-06,4.09e-06,161,8,126705.21705112,199474.21135957006,193275.07098991,270841.75739720993,4.74551736,582.52439318,117658.67184119999,110658.79952027,283487.04985474,262727.07061816996,580364.4961432699,488168.8687028699,939003.09096062,1110931.30474444
2026-10-08T00:12:29.392725+00:00,obs-20261007-01,LIGHT,BNBUSDT,1.0,772.8,772.81,772.805,0.1293995859219521,20910361594,772.8,772.81,349,73,2098301.833900001,3166781.182449999,2056108.279360001,2678625.218019998,28060.570450000003,3744.8078199999995,597844.2713000003,1431394.7270900002,1176729.871849999,2491353.6712899976,2433769.3111200007,4205101.538299997,4172645.2694599996,5444841.502079996
2026-10-08T00:12:29.392725+00:00,obs-20261007-01,LIGHT,AAVEUSDT,1.0,173.96,173.97,173.965,0.5748447919051713,10439847069,173.96,173.97,216,24,1111914.36912,278367.7505499999,1013935.9875600002,270728.16050999996,794.2234900000001,697.08369,121663.08922000001,86330.40273999999,200283.90012,145396.45278000002,319835.1941699999,188755.24065000008,433090.7952299996,219858.56209
2026-10-08T00:12:29.392725+00:00,obs-20261007-01,LIGHT,AVAXUSDT,1.0,11.089,11.09,11.089500000000001,0.9017945711953246,10520581473,11.09,11.091,391,99,808371.4453700007,1803909.60484,581100.8004300003,1810848.0873900007,35254.244349999986,6903.12321,266827.10631,140934.50536,342158.74195,230281.14135999995,507233.37548,277303.25951000006,622772.9366300002,304442.4402999998
2026-10-08T00:12:29.392725+00:00,obs-20261007-01,LIGHT,FILUSDT,1.0,1.0556,1.0557,1.05565,0.9473285335359627,9895688394,1.0556,1.0557,228,25,200457.75124399998,111724.13458200009,156306.365813,93414.29798400006,1556.997089,790.0432089999999,64552.367068,72571.08524399999,138484.23541100006,127600.84282,288862.9176430001,161909.95632199998,401017.56023799995,196981.878666
2026-10-08T00:12:29.392725+00:00,obs-20261007-01,LIGHT,ALGOUSDT,1.0,0.1186,0.1187,0.11865,8.43170320404818,5664551332,0.1186,0.1187,112,2,68425.28989999999,72201.8851,32935.82870000002,52656.2416,0.0,69.6769,25612.3781,22852.0923,58699.6607,65018.418600000005,138620.0089,103803.5423,180785.05059999996,128363.4506
2026-10-08T00:12:29.392725+00:00,obs-20261007-01,LIGHT,XRPUSDT,1.0,1.4201,1.4202,1.42015,0.7041757622694433,26678237859,1.4201,1.4202,375,50,2005928.5085099996,1636950.2207900009,1811111.90346,1564316.9653800004,6963.19324,23449.66203999999,1323193.41963,968826.5688100001,1618321.12715,1166087.8818899998,2564509.2241299986,2107814.1507499986,4100756.207269998,3293397.79268
2026-10-08T00:12:29.392725+00:00,obs-20261007-01,LIGHT,HBARUSDT,1.0,0.09281,0.09282,0.09281500000000001,1.077470100203648,8393312581,0.09281,0.09282,212,15,162167.44364999994,161751.67125999994,118820.32462999997,133295.01492000002,258.98490999999996,3647.2097100000005,118999.32442000002,140240.05282999997,211184.91,249724.01120999997,407238.29140000016,387546.76072,905107.3889100006,754489.2679800002
2026-10-08T00:13:29.398246+00:00,obs-20261007-01,LIGHT,PEPEUSDT,1.0,4.08e-06,4.09e-06,4.085e-06,24.50980392156854,8828023002,4.08e-06,4.09e-06,196,13,210674.49655486998,352130.03416634985,204479.60204334,365844.14293187996,43.798387919999996,1553.92705794,122601.16078104,74940.07689892,285748.53828877,248986.30824781998,586559.3906548,474454.75993734,945197.98547215,1111969.9791343198
2026-10-08T00:13:29.398246+00:00,obs-20261007-01,LIGHT,BNBUSDT,1.0,773.17,773.18,773.175,0.12933766183387263,20910364122,773.17,773.18,329,48,3017293.99901,2214102.4737000004,2577751.8947599977,2036163.73148,3749.2962500000003,8385.816410000001,594904.8252300001,1670372.0034300003,1208681.2427400004,2525121.4966599997,2659460.425400001,4583507.919959998,4833996.42191,6073937.507069997
2026-10-08T00:13:29.398246+00:00,obs-20261007-01,LIGHT,AAVEUSDT,1.0,174.05,174.06,174.055,0.5745475438079239,10439849047,174.05,174.06,266,14,1625364.41734,249977.31267999997,1592104.96766,258448.58995,180.10926,800.9967,146320.23925,95435.26223,244344.77959000005,142117.81917000003,351019.53767,183518.2862900001,449998.49155999965,214830.66295
2026-10-08T00:13:29.398246+00:00,obs-20261007-01,LIGHT,AVAXUSDT,1.0,11.097,11.098,11.0975,0.9011444534579027,10520586658,11.097,11.098,383,131,537865.7978900002,1608695.5988899982,664931.3801399999,1588071.0867699995,17752.959460000002,18422.88562,155656.84778,188839.31818,241586.95956000005,275244.39489000005,352206.46916999994,299188.4911200001,497110.18026000005,324163.9719099998
2026-10-08T00:13:29.398246+00:00,obs-20261007-01,LIGHT,FILUSDT,1.0,1.0561,1.0562,1.0561500000000001,0.9468800302991909,9895690450,1.0561,1.0562,262,41,235083.58173399998,216764.64834299995,220953.44407700002,218471.648589,4223.990303,6208.598295000001,67066.40282,74436.91197,141374.10227899998,120988.49274200003,291035.112471,168219.27380400005,399045.490553,200051.70293
2026-10-08T00:13:29.398246+00:00,obs-20261007-01,LIGHT,ALGOUSDT,1.0,0.1187,0.1188,0.11875,8.424599831509116,5664551786,0.1187,0.1188,113,3,67499.3609,65329.546200000004,65420.32540000001,71180.34850000002,21.0099,328.21090000000004,23861.733699999997,26259.1988,59822.424699999996,65153.625100000005,117227.2444,102845.13960000001,174422.03029999995,122568.81030000001
2026-10-08T00:13:29.398246+00:00,obs-20261007-01,LIGHT,XRPUSDT,1.0,1.4211,1.4212,1.42115,0.7036802476956261,26678241398,1.4211,1.4212,390,51,2111249.07744,1887571.8333400004,1932882.8329899993,1992545.1917299994,9287.54608,73471.98632000001,1245535.3087,849216.0688900001,1785961.4956699999,1186263.51347,2730630.7301999973,2018694.3619500003,4263443.527119996,3193577.3396699987
2026-10-08T00:13:29.398246+00:00,obs-20261007-01,LIGHT,HBARUSDT,1.0,0.09285,0.09286,0.092855,1.0770059235332141,8393313494,0.09285,0.09286,212,17,180626.12196000008,199659.53540999995,174263.60999999996,215987.1432699999,478.43717,2002.0583100000001,107714.11985,135767.85930999997,216109.84631,194354.08641999998,411577.73792,372167.65476,911450.3709900003,738237.7047700001
2026-10-08T00:14:29.412391+00:00,obs-20261007-01,LIGHT,PEPEUSDT,1.0,4.08e-06,4.09e-06,4.085e-06,24.50980392156854,8828023318,4.08e-06,4.09e-06,147,18,158380.32013966006,378142.1553883998,64072.30828022,347351.4503797901,26.982880079999997,1090.51816013,137511.62326248,9747.959353049999,369515.97145733,195919.49263755,680867.40251424,505245.46494594996,1006416.90003558,1243759.19443541
2026-10-08T00:14:29.412391+00:00,obs-20261007-01,LIGHT,BNBUSDT,1.0,773.31,773.32,773.315,0.1293142465508268,20910365895,773.31,773.32,316,40,2262757.9411100005,1056441.65358,1695966.1825800003,1066191.99111,1254.18712,23230.04771999999,726482.6719500003,1667959.0678000005,1439045.7322200008,2602183.43498,3077609.6182200024,4584998.4334999975,5540727.716660004,6063779.163819999
2026-10-08T00:14:29.412391+00:00,obs-20261007-01,LIGHT,AAVEUSDT,1.0,174.26,174.27,174.265,0.5738551589584695,10439851264,174.26,174.27,258,49,1437470.8580500004,252284.64391999997,1448963.8323099995,245659.98393999992,340.71596000000005,6652.442769999999,112333.42837000001,102470.41436999997,181072.19653000002,156296.92646,310079.7506200001,208795.79478999999,443595.43994999974,221246.8173099999
2026-10-08T00:14:29.412391+00:00,obs-20261007-01,LIGHT,AVAXUSDT,1.0,11.113,11.114,11.1135,0.8998470260057623,10520590831,11.113,11.114,350,81,749548.2149500002,1138280.3800400004,693878.6434800002,1172093.6113999996,14039.89831,5141.405440000002,167187.62088,176894.15648000003,308479.58483,252212.54136000012,401044.81958999997,269232.6861699999,503067.03526999993,293509.8964999997
2026-10-08T00:14:29.412391+00:00,obs-20261007-01,LIGHT,FILUSDT,1.0,1.0582,1.0583,1.0582500000000001,0.945000945000718,9895693172,1.0582,1.0583,305,50,372502.77786200005,298276.81365700014,323412.2023270003,299559.81416799984,769.2296699999999,8408.413832999997,85018.12455400001,80807.82605599999,172800.84563400003,121981.34214000001,318797.0228919999,179532.19100800008,404844.7296899999,223686.0143140001
2026-10-08T00:14:29.412391+00:00,obs-20261007-01,LIGHT,ALGOUSDT,1.0,0.1188,0.1189,0.11885000000000001,8.417508417508657,5664552419,0.1188,0.1189,133,3,77483.91470000001,85436.14410000002,48112.4725,90171.5361,0.0,1346.425,29096.456299999998,34145.6939,63253.25,69879.2516,136040.7938,99893.0676,186588.3372,119531.33679999999
2026-10-08T00:14:29.412391+00:00,obs-20261007-01,LIGHT,XRPUSDT,1.0,1.4213,1.4214,1.42135,0.7035812284517107,26678244307,1.4213,1.4214,380,44,1471245.5226399999,1515155.4722799999,1430188.9122599997,1378092.8159199997,144620.67469,11738.97765,1238224.0695300002,970789.1129800001,1852554.48354,1453063.9871699996,2770666.271359998,2156899.10114,4276881.936859996,3331950.0069800005
2026-10-08T00:14:29.412391+00:00,obs-20261007-01,LIGHT,HBARUSDT,1.0,0.09286,0.09287,0.092865,1.076889941846737,8393314805,0.09286,0.09287,249,25,246376.7748700001,211258.89312999998,233155.02709999986,215895.63114999997,1189.24548,2990.3823500000008,111577.65691,132373.01087,245273.92888999998,231704.7314,424748.4645400001,367538.51373,922911.0867600004,733600.9667500001
2026-10-08T00:15:29.461503+00:00,obs-20261007-01,LIGHT,PEPEUSDT,1.0,4.08e-06,4.09e-06,4.085e-06,24.50980392156854,8828023960,4.08e-06,4.09e-06,147,32,384032.37303729996,253293.33981208003,334684.51756998006,154185.58890257007,27314.931954209995,11016.490023460003,118458.34991543999,124216.31411732,308683.36105775996,285530.36195292,692818.21157056,599501.48080296,1019588.1420498,1296712.49547485
2026-10-08T00:15:29.461503+00:00,obs-20261007-01,LIGHT,BNBUSDT,1.0,773.17,773.18,773.175,0.12933766183387263,20910368260,773.17,773.18,341,46,591350.0343,800358.7663999998,641873.2392300002,1133281.4217799995,57457.009799999985,8762.64151,679431.39442,1648811.949800001,1471745.0937600005,2564740.8388600005,3175734.3371500024,4240834.92705,5487520.323500005,5730567.109710003
2026-10-08T00:15:29.461503+00:00,obs-20261007-01,LIGHT,AAVEUSDT,1.0,174.19,174.2,174.195,0.5740857684122247,10439852969,174.19,174.2,260,28,1967988.1033400004,356865.65778,1967102.6402899993,376981.0735799999,1885.28909,7129.552809999999,126748.97532999999,83132.62287999998,242993.83254999993,125283.97927999997,316007.7524700001,174819.58186999994,409327.38011999975,201015.52233999985
2026-10-08T00:15:29.461503+00:00,obs-20261007-01,LIGHT,AVAXUSDT,1.0,11.111,11.112,11.1115,0.9000090000887973,10520594014,11.111,11.112,295,67,451231.0649199999,1057102.95524,459571.8764699996,1031810.4583399998,3388.9067,4917.703440000001,180544.83994,186426.95044000002,313294.11172000004,267885.25308999995,392716.65919000003,294517.5507499998,494394.95284000004,318773.0844799996
2026-10-08T00:15:29.461503+00:00,obs-20261007-01,LIGHT,FILUSDT,1.0,1.0582,1.0583,1.0582500000000001,0.945000945000718,9895695200,1.0582,1.0583,315,36,361130.612929,129929.1267729999,376059.90810199996,117172.9050719999,374.228745,3054.0124119999996,80806.95519299999,95091.33094000001,172336.59539799995,135766.61591900003,303867.7277189999,192288.41270900008,392447.2525859998,240075.86143600004
2026-10-08T00:15:29.461503+00:00,obs-20261007-01,LIGHT,ALGOUSDT,1.0,0.1187,0.1188,0.11875,8.424599831509116,5664552846,0.1187,0.1188,103,4,36232.103800000004,54788.41150000001,36118.6475,48568.492300000005,0.0,838.8642,38705.380099999995,29801.137600000002,81982.7384,71285.87849999999,139300.6381,105797.9868,186300.59850000002,125506.64669999998
2026-10-08T00:15:29.461503+00:00,obs-20261007-01,LIGHT,XRPUSDT,1.0,1.4213,1.4214,1.42135,0.7035812284517107,26678246428,1.4213,1.4214,361,23,735215.8849700002,558619.53041,768416.9843499998,571352.5513200001,2668.39007,11565.629399999998,1227443.6450399999,1000859.3885300003,1819271.9543999997,1440124.0894099998,2737465.1719799973,2144671.4845700003,4238009.540959995,3319722.390410001
2026-10-08T00:15:29.461503+00:00,obs-20261007-01,LIGHT,HBARUSDT,1.0,0.09283,0.09284,0.092835,1.0772379618662065,8393316389,0.09283,0.09284,283,12,327790.61209000036,204647.14053000012,324057.55761000025,193352.98993000013,1758.5439999999999,2382.3529599999997,145418.96128000002,132846.26285,279302.4424,240510.87011,429175.98017000005,378721.44044000003,913905.0940000004,744819.0727000001
2026-10-08T00:16:29.462813+00:00,obs-20261007-01,LIGHT,PEPEUSDT,1.0,4.08e-06,4.09e-06,4.085e-06,24.50980392156854,8828024179,4.08e-06,4.09e-06,116,17,132203.31152956,180962.84135605002,132335.92961021,182047.9725565,1735.09188144,814.3525502699999,127531.10670336,119223.30720149,372414.31805922,285023.96421729,692685.59348991,598416.34960251,1096847.99277691,1300469.09932486
2026-10-08T00:16:29.462813+00:00,obs-20261007-01,LIGHT,BNBUSDT,1.0,773.5,773.51,773.505,0.12928248222410232,20910374076,773.5,773.51,392,98,3560532.0094299987,2387141.3770099995,3570967.1203300003,2536838.8664899995,2223.18204,29715.084549999992,651793.9034900003,1560243.4488500005,1372822.1958100002,2529235.977370002,3014636.0545199984,4120262.402460004,5309896.170310004,5695888.750920006
2026-10-08T00:16:29.462813+00:00,obs-20261007-01,LIGHT,AAVEUSDT,1.0,174.62,174.63,174.625,0.5726720879617453,10439857489,174.62,174.63,398,121,2021397.6443500007,559873.7219000002,1960686.9649400017,551235.53977,4658.997960000001,14023.612780000003,134650.23696,101302.34885,231736.68573,150174.6062599999,346641.38154000015,201088.91127999988,457667.21236,218453.05652999977
2026-10-08T00:16:29.462813+00:00,obs-20261007-01,LIGHT,AVAXUSDT,1.0,11.128,11.129,11.128499999999999,0.8986340762029421,10520598126,11.128,11.129,339,60,557972.3386600004,1068384.5356399997,558837.2980799996,1088380.9443000008,912.14078,11784.91178,164629.61057,182294.45207999996,296851.82168999995,246663.07813999994,391049.7301399999,275200.3274599999,454586.0843599998,377840.4842199997
2026-10-08T00:16:29.462813+00:00,obs-20261007-01,LIGHT,FILUSDT,1.0,1.0587,1.0588,1.0587499999999999,0.9445546424857731,9895697160,1.0587,1.0588,271,55,499906.66850700014,194140.00450799995,494642.34995599993,205767.67287699998,7387.487985000001,12867.872233999999,88489.168086,75631.86826800002,171121.39004299996,121281.90939400005,305502.24204699986,188845.3852740001,396798.1529059998,230013.633948
2026-10-08T00:16:29.462813+00:00,obs-20261007-01,LIGHT,ALGOUSDT,1.0,0.1188,0.1189,0.11885000000000001,8.417508417508657,5664553723,0.1188,0.1189,139,5,64033.52770000003,40190.71169999999,45742.81910000001,45589.32710000002,0.0,3708.2458,41078.8067,28250.416,84792.1325,67831.2823,154444.95870000002,100714.37139999999,192872.77089999997,120352.61289999998
2026-10-08T00:16:29.462813+00:00,obs-20261007-01,LIGHT,XRPUSDT,1.0,1.4217,1.4218,1.4217499999999998,0.70338327354591,26678250908,1.4217,1.4218,425,56,3162777.818439999,2382483.821749999,3228226.8859499996,2422597.6341999997,6683.6681899999985,67359.80603,1338654.4754899999,999538.9668800001,2017913.0954999998,1396299.6060200005,2671740.1215799977,2107843.856370001,4159009.8040399975,3341631.690310002
2026-10-08T00:16:29.462813+00:00,obs-20261007-01,LIGHT,HBARUSDT,1.0,0.09286,0.09287,0.092865,1.076889941846737,8393317936,0.09286,0.09287,283,16,273019.76956,195573.57445000007,264962.2184400001,204467.37062000003,1443.05215,2973.09674,142278.40456000002,131046.93182,286546.79095999995,232592.92242999992,436539.07013999997,369938.8681599999,920196.1543200003,736001.3211800001
2026-10-08T00:17:29.464431+00:00,obs-20261007-01,LIGHT,PEPEUSDT,1.0,4.08e-06,4.09e-06,4.085e-06,24.50980392156854,8828024432,4.09e-06,4.1e-06,126,13,43057.09215640999,263748.08753257996,26682.660177349997,350954.61880026996,7.3679618399999995,4041.0626592,144872.51107608,15292.93592851,373051.77507404,196454.15191200998,709060.02546897,511209.81833482,1112373.91114145,1253428.16931411
2026-10-08T00:17:29.464431+00:00,obs-20261007-01,LIGHT,BNBUSDT,1.0,773.59,773.6,773.595,0.1292674414088424,20910377195,773.59,773.6,348,54,1582767.3255499997,792648.8274000002,1558019.3529800002,793021.9328999999,1317.27511,1911.32087,664014.8049500003,1694468.2417100016,1396373.77715,2547580.323780001,3039072.3432999984,4121593.213360004,5334534.4921400035,5765608.123560004
2026-10-08T00:17:29.464431+00:00,obs-20261007-01,LIGHT,AAVEUSDT,1.0,174.59,174.6,174.595,0.5727704908631281,10439859117,174.59,174.6,288,18,919420.3652400001,254950.76899999997,887061.7324100004,249951.6030999999,961.94742,934.7482200000001,170153.53951999996,104968.12427000001,261505.44838999998,149773.75080999994,379051.5613800001,203856.89697999987,485879.92646,223078.91546999977
2026-10-08T00:17:29.464431+00:00,obs-20261007-01,LIGHT,AVAXUSDT,1.0,11.13,11.131,11.130500000000001,0.8984725965843765,10520600065,11.13,11.131,242,20,326014.3253199999,458282.91791,313245.43120999984,465627.53703,4773.071660000001,1482.4464,172939.27386,181537.73713,311612.86275,238908.70682,403755.15534999996,268907.66228,466330.0361599999,370502.56277999975
2026-10-08T00:17:29.464431+00:00,obs-20261007-01,LIGHT,FILUSDT,1.0,1.0594,1.0595,1.05945,0.9439305267155973,9895699563,1.0594,1.0595,333,39,703259.0270970002,156657.597763,685132.1241939998,171371.81958899996,2504.91271,2273.643705,78115.38077399999,75715.60388800001,175027.56355900003,122667.07101600003,320034.22267499985,179775.25857600002,406156.9175859998,216076.12551199994
2026-10-08T00:17:29.464431+00:00,obs-20261007-01,LIGHT,ALGOUSDT,1.0,0.1189,0.119,0.11895,8.41042893187538,5664554621,0.1189,0.119,148,2,91680.22810000002,68230.73449999999,85612.20700000004,63648.6239,0.0,493.9106,30828.6069,40720.572700000004,107254.0546,76706.4571,155045.1086,105578.83709999999,193619.93169999996,125504.80479999998
2026-10-08T00:17:29.464431+00:00,obs-20261007-01,LIGHT,XRPUSDT,1.0,1.4226,1.4227,1.42265,0.7029382820178398,26678253870,1.4226,1.4227,358,43,1766365.4681599992,1285150.22182,1481534.7548300007,1382532.82392,2747.65533,42673.630569999994,1484096.01636,871108.3779800001,2111047.6417400003,1182198.3793200003,2926410.6291099987,2028471.0198700007,4408003.39632,3249050.943269999
2026-10-08T00:17:29.464431+00:00,obs-20261007-01,LIGHT,HBARUSDT,1.0,0.09293,0.09294,0.09293499999999999,1.076078768964539,8393319385,0.09293,0.09294,246,18,369245.2051699999,292779.65610999987,345646.38079,320832.87179000006,446.24296000000004,3898.35497,150836.88614000002,131955.22488,257147.59792000003,209234.90878999996,457261.6707700001,356355.43448,932323.6770500004,709403.1343800001
2026-10-08T00:18:29.466437+00:00,obs-20261007-01,LIGHT,PEPEUSDT,1.0,4.09e-06,4.1e-06,4.095e-06,24.449877750611915,8828025029,4.09e-06,4.1e-06,149,12,338019.81254586007,208604.16903564997,289286.5602635501,347015.1514057899,302.42136486,1518.3485719999999,124242.42504542,97058.29662749999,291807.62106013997,261271.20264599996,605245.97059493,475085.36839842994,940439.1363670201,1084399.1099605
2026-10-08T00:18:29.466437+00:00,obs-20261007-01,LIGHT,BNBUSDT,1.0,773.98,773.99,773.985,0.12920230496815677,20910381015,773.98,773.99,360,71,3478137.0429400015,2147527.18332,3479876.7725200024,2330576.2383600017,12843.079760000002,4887.759400000004,708966.2780600003,1766618.84181,1376570.1280199997,2621854.754670001,3022798.2511699977,4198711.447050003,5322065.478540001,5739000.886460008
2026-10-08T00:18:29.466437+00:00,obs-20261007-01,LIGHT,AAVEUSDT,1.0,174.78,174.79,174.785,0.5721478430031901,10439861135,174.78,174.79,302,34,1312380.1721999994,260452.87613,1376045.4686400003,288794.9868500001,85.10754,7195.177129999998,79620.26557999999,88540.02376999999,163967.64518999998,131881.55297000002,306880.9340800001,178342.83544999996,414220.20768999995,199096.0263499998
2026-10-08T00:18:29.466437+00:00,obs-20261007-01,LIGHT,AVAXUSDT,1.0,11.146,11.147,11.1465,0.8971828458625986,10520603672,11.146,11.147,347,61,550550.20964,1046897.8390299998,559579.2154199999,1038191.7040299999,7551.869950000001,13892.338800000003,138918.5922,168103.78613000002,272700.9627,235279.39975999997,392942.6688899999,280358.65148999984,452814.8594399998,380708.08713999967
2026-10-08T00:18:29.466437+00:00,obs-20261007-01,LIGHT,FILUSDT,1.0,1.0638,1.0639,1.06385,0.9400263207370863,9895704903,1.0638,1.0639,387,125,548272.3512330005,638952.0341100002,531184.7763139999,659987.7252020001,734.051154,12056.066832999992,59142.60984,72262.96981299997,161769.95285899998,123968.91036999995,291152.8291989999,175491.59934699998,374941.5048649998,215248.51293799994
2026-10-08T00:18:29.466437+00:00,obs-20261007-01,LIGHT,ALGOUSDT,1.0,0.119,0.1191,0.11904999999999999,8.403361344537785,5664555122,0.119,0.1191,104,1,68615.5238,69941.61000000002,53906.6575,74941.94329999997,0.0,158.26999999999998,56743.7843,24975.7991,115479.97529999999,53026.7753,162554.1567,101008.69959999999,203181.82189999998,120935.68429999998
2026-10-08T00:18:29.466437+00:00,obs-20261007-01,LIGHT,XRPUSDT,1.0,1.4241,1.4242,1.42415,0.7021978793630979,26678258738,1.4241,1.4242,453,70,3496127.4386899997,3257629.933100001,3512621.561670001,3357981.5232499996,357.47845,52927.454320000004,1407102.9368399999,920805.3849199999,1915107.0604199995,1236541.55819,2846470.6965699997,1943205.4368700003,4380827.988000001,3205344.831049999
2026-10-08T00:18:29.466437+00:00,obs-20261007-01,LIGHT,HBARUSDT,1.0,0.09315,0.09316,0.093155,1.0735373054227004,8393322411,0.09315,0.09316,355,58,1802053.9483100004,652243.1723300007,1770174.771080001,675412.1631700002,1661.67712,6186.06457,132609.53228,127242.47914999998,271854.96381000004,201226.81093000004,475552.7173800002,335450.4505500001,853355.9990100004,701050.0543700003
2026-10-08T00:19:29.472480+00:00,obs-20261007-01,LIGHT,PEPEUSDT,1.0,4.09e-06,4.1e-06,4.095e-06,24.449877750611915,8828025311,4.09e-06,4.1e-06,137,13,203195.9954733201,186102.45316271,182755.72159758006,151317.06224569996,301.27859431999997,1529.2566998999998,124441.35728343,147473.889658,295546.48218855,296660.64324301,625686.24447067,509870.75931543997,947411.8011312902,1124648.02545069
2026-10-08T00:19:29.472480+00:00,obs-20261007-01,LIGHT,BNBUSDT,1.0,773.97,773.98,773.975,0.12920397431503972,20910383676,773.97,773.98,338,58,1564380.2065699997,707233.91278,1558997.3850200002,693256.4101799999,3755.999339999999,31708.263909999998,697276.8963000001,1798599.4786699996,1381478.1546299998,2635756.75252,3028186.436399998,4212688.949650003,5322985.891199999,5753251.970540009
2026-10-08T00:19:29.472480+00:00,obs-20261007-01,LIGHT,AAVEUSDT,1.0,174.66,174.67,174.665,0.5725409366763579,10439864317,174.66,174.67,356,69,1276383.767,460157.17820000014,1286855.9499700004,455572.54463,6743.753199999999,16988.41654,91156.46099,83430.77828,189322.40975000005,122937.73857999998,301107.5371700001,181019.56822999992,414484.12649999995,201313.5939199998
2026-10-08T00:19:29.472480+00:00,obs-20261007-01,LIGHT,AVAXUSDT,1.0,11.147,11.148,11.1475,0.8971023593784544,10520610312,11.147,11.148,368,164,1604753.8499200013,870804.5588700009,1614007.3574100002,856857.5264599998,32815.11133,70450.77118999998,154818.94904999997,143755.52623,275012.70832,228093.69474999994,383684.0848399999,294305.68389999977,452115.64698999975,406925.4132699996
2026-10-08T00:19:29.472480+00:00,obs-20261007-01,LIGHT,FILUSDT,1.0,1.0656,1.0657,1.0656500000000002,0.938438438438105,9895710406,1.0656,1.0657,487,153,480062.0624720002,575455.2586810001,480020.0530400004,572948.8298610002,4268.372103000001,7804.669561,69955.558094,75878.85176699999,147096.38941700003,130440.779837,282193.05087499996,191525.63529699994,372243.28809999995,250761.50019299999
2026-10-08T00:19:29.472480+00:00,obs-20261007-01,LIGHT,ALGOUSDT,1.0,0.119,0.1191,0.11904999999999999,8.403361344537785,5664556179,0.119,0.1191,182,3,45209.235199999974,113106.83980000002,49417.24809999999,104721.26599999996,426.8544,510.81989999999996,59790.0607,21127.506999999998,113552.54669999999,55403.5724,159929.42289999998,106335.88649999998,197562.1089,126262.81499999997
2026-10-08T00:19:29.472480+00:00,obs-20261007-01,LIGHT,XRPUSDT,1.0,1.424,1.4241,1.4240499999999998,0.702247191011196,26678262774,1.424,1.4241,438,90,1857453.7343299992,1681116.5109,2154503.75558,1489753.4030699995,78509.77388,34203.976050000005,1099531.54327,952328.1056799999,1651965.4471,1424221.28815,2600310.11678,2135010.898350001,4083457.3197499993,3397129.340340001
2026-10-08T00:19:29.472480+00:00,obs-20261007-01,LIGHT,HBARUSDT,1.0,0.09315,0.09316,0.093155,1.0735373054227004,8393324806,0.09315,0.09316,333,93,663106.1433400003,292609.39602999995,684355.3110299999,284338.86368000007,5255.264589999999,5441.953110000002,112481.42450000001,135607.28955000002,238159.14845,209626.3607100001,448747.75579000026,343720.9829000001,828360.8539900003,710025.2939700002
2026-10-08T00:20:29.472517+00:00,obs-20261007-01,LIGHT,PEPEUSDT,1.0,4.09e-06,4.1e-06,4.095e-06,24.449877750611915,8828025575,4.09e-06,4.1e-06,137,15,250437.65588353,181658.96102512,250228.89998969002,179049.72828125,80.88351689,707.6754242,110204.55829611,153508.3382182,295498.37300115,298666.10646687995,625895.00036451,512479.99205930997,947364.5718543801,1127275.15854976
2026-10-08T00:20:29.472517+00:00,obs-20261007-01,LIGHT,BNBUSDT,1.0,774.06,774.07,774.065,0.12918895176294853,20910388073,774.06,774.07,357,134,3042633.720590001,2856396.96739,2849144.1001900006,3485528.4070599996,14046.59248,804621.09203,711877.3293299999,1197267.7149299998,1396974.65554,1908457.0522499993,3218020.6247499976,3583923.3776600007,5318050.794619998,5118956.686630003
2026-10-08T00:20:29.472517+00:00,obs-20261007-01,LIGHT,AAVEUSDT,1.0,174.75,174.76,174.755,0.5722460658086348,10439866468,174.75,174.76,331,34,1279125.796139999,294117.2479299999,1265344.1219299987,294489.7579099999,1142.24064,4806.6944699999995,93940.65602000004,85028.44914000003,191373.00917000006,126492.40624,310674.64294000017,182932.48505999995,416637.73801999993,204116.8697399998
2026-10-08T00:20:29.472517+00:00,obs-20261007-01,LIGHT,AVAXUSDT,1.0,11.134,11.135,11.1345,0.8981498113880271,10520615964,11.134,11.135,408,102,1671433.7270100014,647767.1482899995,1698641.9114099995,627678.5245599999,6298.045699999997,15651.564979999997,166314.41738000006,137600.10217000003,326878.8497,218788.11162000004,358785.9984199999,311162.57274999993,429509.40478999977,413053.47945999977
2026-10-08T00:20:29.472517+00:00,obs-20261007-01,LIGHT,FILUSDT,1.0,1.066,1.0661,1.0660500000000002,0.9380863039387677,9895714662,1.066,1.0661,385,85,433526.4413010001,305828.9200679998,425255.8600100002,307215.19546899997,6800.498513,6225.074737999998,66629.70991599999,86425.68505999999,157390.276701,134041.43803199998,286293.78957,194218.27070399994,369881.515831,257252.56767299995
2026-10-08T00:20:29.472517+00:00,obs-20261007-01,LIGHT,ALGOUSDT,1.0,0.1196,0.1197,0.11965,8.361204013378476,5664559623,0.1196,0.1197,338,111,266331.35790000006,231584.0676999998,217537.41900000005,266698.52640000003,45100.989000000016,64869.78389999999,44946.880099999995,21712.5448,93889.49419999999,59897.8187,172043.51189999998,75976.7952,227027.30819999997,94455.252
2026-10-08T00:20:29.472517+00:00,obs-20261007-01,LIGHT,XRPUSDT,1.0,1.4235,1.4236,1.42355,0.7024938531796643,26678267977,1.4235,1.4236,465,76,2821321.341209998,3112420.20345,3002552.5229000007,3090675.9322699993,19091.402679999996,62197.82498,1091447.44362,920237.5642400002,1491107.2145400003,1186336.2068800002,2421420.0735900006,2143659.97028,3900440.7738,3418876.8393300013
2026-10-08T00:20:29.472517+00:00,obs-20261007-01,LIGHT,HBARUSDT,1.0,0.09318,0.09319,0.09318499999999999,1.0731916720319035,8393327032,0.09318,0.09319,341,40,1090899.0319100004,444374.88837000006,1094274.6333599999,430706.60866,955.38106,3062.404159999999,116825.75723,136725.95282000003,255882.18644000002,226625.04959000007,436397.6407700001,367908.12391,819138.6951900002,728302.2419200001
2026-10-08T00:21:29.479292+00:00,obs-20261007-01,LIGHT,PEPEUSDT,1.0,4.09e-06,4.1e-06,4.095e-06,24.449877750611915,8828025906,4.09e-06,4.1e-06,145,13,150465.08408957007,258186.64979542998,152163.50236239008,252819.10448904,8.15143544,1393.9779993999998,108564.11032295,168860.17523129997,294708.07384463004,304616.82129327,624196.58209169,517847.5373657,945666.1535815601,1127845.24575759
2026-10-08T00:21:29.479292+00:00,obs-20261007-01,LIGHT,BNBUSDT,1.0,773.99,774.0,773.995,0.12920063566790319,20910393054,773.99,774.0,392,91,1870702.2564499998,1541249.4529800003,2051383.6860599986,1519108.9590999999,17627.20794,20804.293730000005,767583.66944,1127896.1143299995,1403321.6259499998,1930274.745299999,3037423.4880799977,3605723.01922,5332627.429359999,5146415.837610004
2026-10-08T00:21:29.479292+00:00,obs-20261007-01,LIGHT,AAVEUSDT,1.0,174.55,174.56,174.555,0.5729017473488085,10439869411,174.55,174.56,319,53,1570999.4908399994,349613.7398700001,1523351.1468099987,315874.0781200002,11940.53258,1989.4494999999997,165689.71369000003,107055.5358,246744.24961000014,150558.66891000004,367022.2885900004,210617.5026399999,468648.18700000027,231136.79349999985
2026-10-08T00:21:29.479292+00:00,obs-20261007-01,LIGHT,AVAXUSDT,1.0,11.117,11.118,11.1175,0.8995232526753938,10520619973,11.117,11.118,363,47,1479510.0266400003,552624.5904,1496454.8326799993,501273.0732600001,7284.229400000001,3507.48565,231705.12755999994,154902.76981,323554.56146999996,233315.58069,346022.0339499999,351234.32478,447681.7718499997,386051.60138999997
2026-10-08T00:21:29.479292+00:00,obs-20261007-01,LIGHT,FILUSDT,1.0,1.0661,1.0663,1.0662,1.8759966232062553,9895718618,1.0661,1.0663,384,78,426053.76760600007,291536.7809929999,415424.5164000001,295532.78250999976,3150.396781,14431.465582999997,87485.645784,84250.39591600001,186377.65639500006,136169.77815700002,296758.99790200003,194122.53908800005,367753.8405119999,257336.039179
2026-10-08T00:21:29.479292+00:00,obs-20261007-01,LIGHT,ALGOUSDT,1.0,0.1195,0.1196,0.11954999999999999,8.368200836821327,5664561588,0.1195,0.1196,271,28,253223.22649999996,137045.9804000001,263283.5516999999,139918.9021000001,18939.496700000003,12205.0421,27256.965000000004,24094.869599999998,79722.8547,55518.7943,163334.54520000002,72784.3575,217004.2075,95095.65459999998
2026-10-08T00:21:29.479292+00:00,obs-20261007-01,LIGHT,XRPUSDT,1.0,1.423,1.4231,1.42305,0.7027406886850329,26678272475,1.423,1.4231,428,63,2279909.2293100026,2395289.610590001,2368903.46908,2444432.6185199996,13423.82839,20334.353619999994,1023707.8154800001,853469.58354,1537200.7627400013,1130208.1623000004,2339066.4344100016,2094532.741760001,3826684.130670001,3336129.4429800017
2026-10-08T00:21:29.479292+00:00,obs-20261007-01,LIGHT,HBARUSDT,1.0,0.09313,0.09314,0.093135,1.0737678513894622,8393329043,0.09313,0.09314,294,36,483331.5647200002,678618.8959300001,485443.60292000003,682816.3382100003,475.7986700000001,2863.8753699999997,144564.89677000002,122557.64506999998,267094.58238999994,179503.65123999998,443754.98374000005,353186.26961,817342.5634900002,722978.17344
2026-10-08T00:22:29.498785+00:00,obs-20261007-01,LIGHT,PEPEUSDT,1.0,4.09e-06,4.1e-06,4.095e-06,24.449877750611915,8828026232,4.09e-06,4.1e-06,156,12,44086.0366903,220090.2444799299,49056.435207570015,123076.96963729008,1623.12348572,655.4677953999999,89616.77795895,171268.00717159998,289997.34925263,317992.85993087,619226.18357442,614860.81220834,940940.8246697901,1308650.6524196102
2026-10-08T00:22:29.498785+00:00,obs-20261007-01,LIGHT,BNBUSDT,1.0,773.81,773.82,773.815,0.12923068970494,20910396734,773.81,773.82,330,84,1093429.9107,1603795.4276299998,1134858.8267699997,1574547.1403200007,49410.655159999995,10995.973370000002,817802.7293800005,1020913.2889399996,1401895.0123200007,1955519.2361599992,2997751.395059997,3528004.037530001,5296833.86189,5164389.870120001
2026-10-08T00:22:29.498785+00:00,obs-20261007-01,LIGHT,AAVEUSDT,1.0,174.4,174.41,174.405,0.5733944954133818,10439871435,174.4,174.41,293,67,1376621.9802499996,238380.7318400001,1454084.2780600002,234595.48457000006,5765.510039999999,1816.12034,101882.43747000003,94510.33286,208035.48286999998,145966.45428000003,301076.14872000023,208682.1216899999,395480.21223000006,227151.61096999983
2026-10-08T00:22:29.498785+00:00,obs-20261007-01,LIGHT,AVAXUSDT,1.0,11.108,11.109,11.1085,0.9002520705791994,10520625037,11.108,11.109,370,81,1467424.8736199993,660921.8469799998,1473397.2606699993,650920.8555800003,15469.569400000002,23522.225329999997,219620.73811000003,132602.26906999998,315918.03448000015,253585.27683,352744.13901,348794.21440999996,445111.93407999986,376473.07202999986
2026-10-08T00:22:29.498785+00:00,obs-20261007-01,LIGHT,FILUSDT,1.0,1.0655,1.0656,1.06555,0.9385265133765586,9895722465,1.0655,1.0656,355,87,653461.5476690001,283103.28927900014,665242.2141570003,276662.13316200004,12059.114807999997,10219.183838,64229.827484,79102.255641,150592.70773,135083.28705400001,288736.3306829999,200841.61948500003,366064.3951889998,263574.96173000004
2026-10-08T00:22:29.498785+00:00,obs-20261007-01,LIGHT,ALGOUSDT,1.0,0.1195,0.1196,0.11954999999999999,8.368200836821327,5664562140,0.1195,0.1196,173,3,90870.8229,24543.793199999982,90028.6416,24681.842900000007,0.0,505.07079999999996,34965.7692,14690.088600000001,88036.06400000001,51926.245,164176.72650000002,72646.3078,217460.7658,94957.4209
2026-10-08T00:22:29.498785+00:00,obs-20261007-01,LIGHT,XRPUSDT,1.0,1.4227,1.4228,1.4227500000000002,0.7028888732696359,26678277876,1.4227,1.4228,419,110,3086687.8228299995,2250586.880519999,3025107.09842,2290493.2080999985,106614.48816000005,99633.91215000003,1166233.0699400003,918495.53584,1602223.3440900003,1091105.1691100004,2400788.02955,2055411.4406100013,3886440.34361,3293942.48747
2026-10-08T00:22:29.498785+00:00,obs-20261007-01,LIGHT,HBARUSDT,1.0,0.09308,0.09309,0.093085,1.074344649765191,8393331758,0.09308,0.09309,355,18,560920.9115400002,827829.5327399996,564232.3782900001,806365.2050000002,1120.9962300000002,2332.68607,137279.50346,124623.37062000002,265169.2046499999,236777.76175000006,453104.46349999995,374625.96107,814262.0370700001,742512.48317
2026-10-08T00:23:29.561824+00:00,obs-20261007-01,LIGHT,PEPEUSDT,1.0,4.09e-06,4.1e-06,4.095e-06,24.449877750611915,8828026418,4.09e-06,4.1e-06,137,10,20867.490657729995,22788.410304380006,34246.60685162001,6369.159327509998,17.347223749999998,613.3971746999999,88331.95235285,187688.1205621,276464.16991589,334412.11090773996,605847.06738053,631280.0631852101,928429.4705401,1325070.9035464802
2026-10-08T00:23:29.561824+00:00,obs-20261007-01,LIGHT,BNBUSDT,1.0,773.66,773.67,773.665,0.1292557454179999,20910398988,773.66,773.67,371,48,1328015.1813600005,1699648.1457099994,1296547.94899,1720616.9238400003,1884.8082500000005,7382.229829999999,814677.6852700006,1172804.3745799996,1499832.5554200006,1931941.4361099983,3233630.083069998,3354356.4070599996,5333188.786990002,5148623.881209999
2026-10-08T00:23:29.561824+00:00,obs-20261007-01,LIGHT,AAVEUSDT,1.0,174.34,174.35,174.345,0.5735918320515232,10439872904,174.34,174.35,221,31,987716.0470499999,239818.00823,983886.7737700001,250767.68606999988,2533.7794299999996,1309.74643,125308.43958999998,83635.95174999998,210596.3184,140884.11698,304929.93553000025,194126.76973999987,401738.6897200001,214575.24398999978
2026-10-08T00:23:29.561824+00:00,obs-20261007-01,LIGHT,AVAXUSDT,1.0,11.094,11.095,11.0945,0.9013881377328836,10520627390,11.094,11.095,254,48,951666.3246500002,438287.7063000001,961037.7508,461245.50302999985,5351.250529999998,20204.759710000002,198164.35565,109870.40852999999,308538.5171200001,210984.90336999999,355722.22298,321579.46123,446409.09378,357438.1771399998
2026-10-08T00:23:29.561824+00:00,obs-20261007-01,LIGHT,FILUSDT,1.0,1.0657,1.0658,1.06575,0.9383503800308723,9895724866,1.0657,1.0658,303,39,294956.729576,146176.20433200005,274017.94366299995,140484.76665500004,469.14914,4820.18121,94989.69630099999,89661.929175,175444.90879800002,145192.87870100004,309500.31483700004,206543.68123000005,383610.10022600007,269256.388143
2026-10-08T00:23:29.561824+00:00,obs-20261007-01,LIGHT,ALGOUSDT,1.0,0.1195,0.1196,0.11954999999999999,8.368200836821327,5664562530,0.1195,0.1196,119,0,265080.25279999996,13982.321300000007,252555.42489999995,13992.037700000003,0.0,0.0,66887.9008,14701.3334,128413.7838,51942.2728,176701.55440000002,72636.59139999999,229985.2394,94973.2615
2026-10-08T00:23:29.561824+00:00,obs-20261007-01,LIGHT,XRPUSDT,1.0,1.4226,1.4227,1.42265,0.7029382820178398,26678280607,1.4226,1.4227,424,83,878846.23743,900002.9134000001,831737.7048200001,972963.89066,57386.42386,43884.11833000001,1224422.9062700002,811758.5768300002,1651146.6142000002,1014525.1459500002,2451035.9678100003,1982878.911720001,3932989.5100599993,3217915.26314
2026-10-08T00:23:29.561824+00:00,obs-20261007-01,LIGHT,HBARUSDT,1.0,0.09316,0.09317,0.093165,1.073422069557406,8393333031,0.09316,0.09317,230,16,680316.8443299998,141088.21822000004,659749.92625,160940.73335000002,166.99988000000002,2254.6147000000005,138170.67517,131716.70657,257687.04265999992,222391.90171999997,460369.71326000005,354811.25422999996,834349.7733400003,725179.42304
2026-10-08T00:24:29.562457+00:00,obs-20261007-01,LIGHT,PEPEUSDT,1.0,4.09e-06,4.1e-06,4.095e-06,24.449877750611915,8828026672,4.09e-06,4.1e-06,169,14,44576.51760738999,10903.024911770004,25300.42921151,12426.329896160001,0.0,1431.5314,107860.12946564,185917.53262239997,295745.28083348,332734.07343174994,625123.15577641,629756.75820082,947705.5589359801,1323547.59856209
2026-10-08T00:24:29.562457+00:00,obs-20261007-01,LIGHT,BNBUSDT,1.0,773.52,773.53,773.525,0.12927913951799042,20910402643,773.52,773.53,344,64,2063427.1264900004,2264377.4829999995,2143355.52022,2259053.47636,30142.67849999999,11861.920679999997,795517.5038800004,986354.7421799994,1440518.3772700003,1894438.6234099988,3154302.124059997,3359243.6465899996,5265294.743890001,5084946.851669999
2026-10-08T00:24:29.562457+00:00,obs-20261007-01,LIGHT,AAVEUSDT,1.0,174.24,174.25,174.245,0.5739210284660956,10439875020,174.24,174.25,259,87,490032.2420399999,279312.59890000016,484762.19196000014,275049.82872,14309.166069999994,6805.28555,156226.35297,86792.13841999999,243413.14888,138752.77976,314732.8597300001,181290.83082999996,397377.91098999983,216806.27850999983
2026-10-08T00:24:29.562457+00:00,obs-20261007-01,LIGHT,AVAXUSDT,1.0,11.084,11.085,11.0845,0.902201371346667,10520630052,11.084,11.085,292,37,917012.2201800003,526520.71223,961877.6739,507789.24242999987,3029.6180800000006,2281.7514400000005,154730.3662,123976.63467999999,268418.52467,209584.12043,314719.38320999994,337127.64067000017,403777.6754399999,371494.71862
2026-10-08T00:24:29.562457+00:00,obs-20261007-01,LIGHT,FILUSDT,1.0,1.065,1.0652,1.0651,1.877934272300763,9895726957,1.065,1.0652,296,40,486250.4367380001,185910.948888,510695.15440699994,168213.35378300006,1128.121098,5106.967294,70150.457875,100304.81614699999,175064.29273499997,146285.25805400003,285327.6900229999,220066.82259900004,366952.5850669999,286838.93824700004
2026-10-08T00:24:29.562457+00:00,obs-20261007-01,LIGHT,ALGOUSDT,1.0,0.1195,0.1196,0.11954999999999999,8.368200836821327,5664562962,0.1195,0.1196,134,2,280093.5041,8881.4862,290751.2361999999,8883.707400000003,366.5065,0.0,60867.3015,17270.2885,119395.4834,53365.4674,166043.82230000003,72634.37019999999,219811.65430000002,95135.971
2026-10-08T00:24:29.562457+00:00,obs-20261007-01,LIGHT,XRPUSDT,1.0,1.4225,1.4226,1.4225500000000002,0.7029876977160399,26678284634,1.4225,1.4226,429,66,2213109.9643799993,1485207.6400699997,2391506.6261100005,1421138.8135300006,34641.41667,66098.25570000001,1037673.9511499997,905736.4111499999,1469014.61891,1077040.7163700003,2272684.9382399996,2046887.0348800009,3754989.4694799995,3281161.7920699995
2026-10-08T00:24:29.562457+00:00,obs-20261007-01,LIGHT,HBARUSDT,1.0,0.09313,0.09314,0.093135,1.0737678513894622,8393334738,0.09313,0.09314,278,25,474533.6455899999,301759.0205600001,489143.92652000004,296371.10107000015,4295.34189,1949.7836600000003,147293.25448000003,132262.41808,279903.10271999997,186069.88353000005,446400.15414,360186.00171000004,819987.7338900001,729947.08753
2026-10-08T00:25:29.572768+00:00,obs-20261007-01,LIGHT,PEPEUSDT,1.0,4.08e-06,4.09e-06,4.085e-06,24.50980392156854,8828027178,4.08e-06,4.09e-06,152,33,110416.46428940994,331973.66961744,184929.36104061,239830.8495562001,25946.981518549997,1795.48684693,130281.3812064,103458.66627643,310673.48663422,299963.02577243,644093.2084965099,615665.67153731,936916.09794394,1341908.9142823997
2026-10-08T00:25:29.572768+00:00,obs-20261007-01,LIGHT,BNBUSDT,1.0,773.08,773.09,773.085,0.12935271899383594,20910406880,773.08,773.09,371,81,1782359.8286900003,4124479.7708199997,1826698.5964999988,4286630.320660002,8291.62368,893.82019,746207.1690299998,1047424.7800299999,1485651.0181999998,1804754.5012200002,3264168.112019997,3163085.356910002,5389951.921499998,4668927.141940006
2026-10-08T00:25:29.572768+00:00,obs-20261007-01,LIGHT,AAVEUSDT,1.0,174.17,174.18,174.175,0.5741516908774891,10439877465,174.17,174.18,278,112,1013212.5869200003,287879.26057999994,1022026.1768200004,263001.58968000003,17669.515589999977,2751.47519,134963.09405000004,104368.06126,226981.89696,157150.39694000004,313007.2583900001,204220.82154000006,399404.63350999984,239587.0748799999
2026-10-08T00:25:29.572768+00:00,obs-20261007-01,LIGHT,AVAXUSDT,1.0,11.064,11.065,11.064499999999999,0.9038322487331385,10520634990,11.064,11.065,398,161,1585340.695360001,705108.8552600003,1589474.4601000007,725100.69327,29422.29568999999,48300.87125999999,155902.90553,125773.46909000003,260049.07094999996,203860.14726999996,322468.83459999994,303387.27061000007,430428.07771999994,329256.81854
2026-10-08T00:25:29.572768+00:00,obs-20261007-01,LIGHT,FILUSDT,1.0,1.0643,1.0644,1.0643500000000001,0.939584703560925,9895729633,1.0643,1.0644,313,40,499394.69582200015,184158.60947500003,538496.7467199998,173095.1430080002,4301.001906999999,9088.289257,68963.392988,86851.78169399999,148428.016161,150052.577184,250293.98171200007,229047.496297,334730.58800500014,278991.59583099996
2026-10-08T00:25:29.572768+00:00,obs-20261007-01,LIGHT,ALGOUSDT,1.0,0.1195,0.1196,0.11954999999999999,8.368200836821327,5664563448,0.1195,0.1196,161,0,313983.32989999966,26007.288900000003,324764.8266999999,26070.8071,0.0,0.0,33421.037000000004,19204.9337,91098.9554,53322.1146,155262.3255,72570.85199999998,206966.3375,95072.45280000001
2026-10-08T00:25:29.572768+00:00,obs-20261007-01,LIGHT,XRPUSDT,1.0,1.4217,1.4218,1.4217499999999998,0.70338327354591,26678287920,1.4217,1.4218,401,92,1957987.2423099994,1687024.2871399992,1989630.2883900001,1625444.6727699991,67045.11576,5365.026379999999,1275064.66659,940266.4560199999,1617493.0244599993,1252981.2297,2309289.331759998,2093040.9826500001,3755323.8137899986,3340315.042300001
2026-10-08T00:25:29.572768+00:00,obs-20261007-01,LIGHT,HBARUSDT,1.0,0.09305,0.09306,0.093055,1.0746910263303988,8393336682,0.09305,0.09306,284,24,553125.1368399998,774440.7739799999,570102.99861,740293.1415000003,2926.03316,3352.7687600000004,134877.39198999997,135754.11216,255783.75672999985,253193.86184000003,444012.9688899999,393635.20432000014,803197.0862299999,762161.5345400004
2026-10-08T00:26:29.572787+00:00,obs-20261007-01,LIGHT,PEPEUSDT,1.0,4.08e-06,4.09e-06,4.085e-06,24.50980392156854,8828027325,4.08e-06,4.09e-06,103,19,10239.171571730003,184159.47471459,10261.988871340001,200055.01400306998,16.30016304,2455.1928934899993,129158.00978784,104464.67187085,310650.39325254,284707.04128234996,644070.3911969,599770.1322488299,936044.7670298101,1326013.3749939199
2026-10-08T00:26:29.572787+00:00,obs-20261007-01,LIGHT,BNBUSDT,1.0,773.06,773.07,773.065,0.12935606550801282,20910410079,773.06,773.07,354,63,2696594.444700001,2341889.8150199987,2837719.085429997,2087817.51168,2206.0351600000004,16886.411900000003,644701.6595999998,852605.51655,1453877.9570899997,1748954.31482,3123095.5145799974,3417026.4854099993,5447621.67119,4773308.947870003
2026-10-08T00:26:29.572787+00:00,obs-20261007-01,LIGHT,AAVEUSDT,1.0,174.25,174.26,174.255,0.5738880918215727,10439879043,174.25,174.26,274,61,694438.7391499998,235546.90966,682209.5015800003,258113.24059999996,6023.792040000002,7517.699999999999,140000.03381000002,91186.94467000001,231020.1685000001,145768.27142000006,316911.7440600002,187050.93482000005,410868.65047999995,217085.96435999993
2026-10-08T00:26:29.572787+00:00,obs-20261007-01,LIGHT,AVAXUSDT,1.0,11.054,11.055,11.0545,0.9046499004883302,10520639446,11.054,11.055,352,99,1228675.2287299996,702658.3977000002,1313730.0912600008,692004.1007300003,46288.17519,30345.77335,105541.76556000001,148982.90775999997,175776.87867999997,227040.1607599999,257554.13414,311822.0127,348641.81587,337695.15968000004
2026-10-08T00:26:29.572787+00:00,obs-20261007-01,LIGHT,FILUSDT,1.0,1.0642,1.0644,1.0643,1.8793459875965368,9895731532,1.0642,1.0644,280,43,344069.1634319998,136996.6285350001,330599.941912,128035.89150999997,2478.878767,5753.597510999999,96222.01234399997,93792.59396899998,174266.202534,156498.556979,267324.0348639999,238008.23332200001,347953.70010799996,287927.46284999995
2026-10-08T00:26:29.572787+00:00,obs-20261007-01,LIGHT,ALGOUSDT,1.0,0.1194,0.1195,0.11945,8.375209380233617,5664564075,0.1194,0.1195,156,26,429737.64939999976,38304.236000000004,442840.16379999975,22466.2368,1904.3250999999996,199.9712,28386.4462,29823.6098,68682.4823,55794.5392,148795.61299999998,85825.2677,196122.2652,109912.3214
2026-10-08T00:26:29.572787+00:00,obs-20261007-01,LIGHT,XRPUSDT,1.0,1.4215,1.4216,1.4215499999999999,0.7034822370743932,26678290385,1.4215,1.4216,387,39,863176.1013199998,1135999.4671699991,882556.6213899999,1037593.3840099999,18429.267669999997,15321.56913,1279900.0963799995,993807.4264600002,1599970.6024299995,1359192.7840800001,2290085.8651499986,2191084.0917100003,3737586.5972599983,3384035.4637000007
2026-10-08T00:26:29.572787+00:00,obs-20261007-01,LIGHT,HBARUSDT,1.0,0.093,0.09301,0.093005,1.0752688172033231,8393338543,0.093,0.09301,278,16,557728.0461300003,713081.0493000002,583755.0175400001,712963.8816500003,957.6977,3181.6555399999997,126830.35951000001,139613.54451000007,267247.54238000006,250757.54915000012,424318.3590400001,392809.87105000013,788440.2523800001,761222.6469100002
2026-10-08T00:27:29.626684+00:00,obs-20261007-01,LIGHT,PEPEUSDT,1.0,4.08e-06,4.09e-06,4.085e-06,24.50980392156854,8828028096,4.08e-06,4.09e-06,145,50,238886.96789188,417307.8941488899,207405.06263609,420070.7536271999,29094.039579900003,59580.562543399996,128004.91579776,108872.78047978999,310636.22490416,274341.49858048995,644288.49474004,592155.5377180199,926523.3515800701,1299323.88306079
2026-10-08T00:27:29.626684+00:00,obs-20261007-01,LIGHT,BNBUSDT,1.0,773.32,773.33,773.325,0.12931257435511156,20910414087,773.32,773.33,376,98,3431878.8628200004,2021635.7036299994,3427463.104220003,1997281.1855000006,52767.59965999999,50539.72397000002,593566.7873199999,985915.3805399995,1358534.2316499997,1901572.3709599988,2974985.7038999964,3456438.827239998,5439850.6921999995,5041720.602850004
2026-10-08T00:27:29.626684+00:00,obs-20261007-01,LIGHT,AAVEUSDT,1.0,174.19,174.2,174.195,0.5740857684122247,10439881286,174.19,174.2,281,189,689092.8905099996,245949.00879999998,703636.8743400002,249808.97233999998,14909.70458,3236.6475400000004,109007.53812999999,79943.90427,230941.08841,131330.10885,309491.8980900001,177809.12893,395569.2338599998,211220.18323999987
2026-10-08T00:27:29.626684+00:00,obs-20261007-01,LIGHT,AVAXUSDT,1.0,11.045,11.046,11.0455,0.9053870529651675,10520644682,11.045,11.046,374,128,855305.9796799996,1733694.9882900016,738605.3312299998,1690122.9342900012,23896.867489999993,46072.78641000001,176489.6409,182230.40446999998,291727.8071999999,270566.17016,376567.60005000007,352619.5880200002,472528.5429799999,378980.14965000015
2026-10-08T00:27:29.626684+00:00,obs-20261007-01,LIGHT,FILUSDT,1.0,1.0642,1.0644,1.0643,1.8793459875965368,9895734612,1.0642,1.0644,332,64,707583.52992,247347.11329800004,714228.6000720006,247373.06569200012,862.7888740000001,2113.4237300000004,101982.28418,91609.27097499996,184570.71503999998,152733.32913100003,260678.96471200002,237982.28092800002,341316.9092710002,287667.61669999996
2026-10-08T00:27:29.626684+00:00,obs-20261007-01,LIGHT,ALGOUSDT,1.0,0.1194,0.1195,0.11945,8.375209380233617,5664564803,0.1194,0.1195,170,16,136962.0878,29717.98779999999,116025.64010000005,31503.469000000005,107.82920000000001,272.699,74376.3024,21804.3089,135776.86940000003,54335.41590000001,169732.0607,84039.7865,216494.74430000002,108126.8556
2026-10-08T00:27:29.626684+00:00,obs-20261007-01,LIGHT,XRPUSDT,1.0,1.4216,1.4217,1.42165,0.7034327518296024,26678294765,1.4216,1.4217,416,91,2478535.1106800004,2842918.6076100003,2492660.9695600006,2791211.3873199993,37323.25242000001,28495.052209999994,1227460.5134999997,1090466.4562300001,1585941.7643499996,1414201.6602899996,2275823.772109999,2244109.5171200004,3722256.093449999,3491424.144950001
2026-10-08T00:27:29.626684+00:00,obs-20261007-01,LIGHT,HBARUSDT,1.0,0.09292,0.09293,0.09292500000000001,1.0761945759796276,8393340420,0.09292,0.09293,303,18,381219.11592999974,603895.76393,394304.04494999984,588177.2905900001,1764.65219,2854.8139399999995,140493.62288,136555.82244999998,264891.28021,256036.15382999994,417086.0767600001,407249.02901999996,885171.04978,776744.56478
2026-10-08T00:28:29.661385+00:00,obs-20261007-01,LIGHT,PEPEUSDT,1.0,4.08e-06,4.09e-06,4.085e-06,24.50980392156854,8828028212,4.08e-06,4.09e-06,52,7,37250.81058447,5212.472098310001,43968.65595587001,6404.64774709,0.0,1275.4548598600002,129153.9960552,106010.84023151,310648.09477256,273317.69236970996,637570.64936864,590963.36206924,937698.3323232101,1298131.7074120098
2026-10-08T00:28:29.661385+00:00,obs-20261007-01,LIGHT,BNBUSDT,1.0,773.37,773.38,773.375,0.12930421402490566,20910417054,773.37,773.38,321,45,689188.0904500004,827285.0117400016,1017281.4931800002,1297163.6436599994,754.8305199999999,1037.0573899999997,596260.0966499998,920777.0842799995,1186718.4155299994,1607190.4088199988,2646523.274959998,2986687.5118499985,5110165.366140005,4469533.397809996
2026-10-08T00:28:29.661385+00:00,obs-20261007-01,LIGHT,AAVEUSDT,1.0,174.14,174.15,174.14499999999998,0.5742506029648986,10439882776,174.14,174.15,242,154,608029.0003900002,171768.07484999992,618537.8786,137336.97197999997,22424.55289000003,2348.9183299999995,105797.71779000001,108625.7243,240390.11046000003,164137.69741,302142.19762000005,209107.97788000008,384650.1283799998,245633.52202999993
2026-10-08T00:28:29.661385+00:00,obs-20261007-01,LIGHT,AVAXUSDT,1.0,11.058,11.059,11.058499999999999,0.9043226623250966,10520647862,11.058,11.059,309,54,534230.3938799998,1094270.0323599998,511853.39208999975,1125014.7827599996,8121.518729999998,13922.227859999995,155920.91692000002,175613.76362999997,240929.5365399999,254003.4436699999,394607.54757000017,325863.46096,492323.73476,349716.46802000003
2026-10-08T00:28:29.661385+00:00,obs-20261007-01,LIGHT,FILUSDT,1.0,1.0649,1.065,1.06495,0.9390553103583166,9895736703,1.0649,1.065,233,39,262707.316412,151431.85110199993,244977.598839,173924.122761,483.998371,1532.7235989999997,96705.07355899998,83270.15639799999,189825.67910900002,148150.65695399995,274350.202034,217423.01065399998,354816.05694000016,267760.49705199996
2026-10-08T00:28:29.661385+00:00,obs-20261007-01,LIGHT,ALGOUSDT,1.0,0.1193,0.1194,0.11935000000000001,8.382229673093988,5664565155,0.1193,0.1194,75,4,32319.529699999996,29383.844999999998,54074.3351,23992.0699,7989.889800000001,23.660999999999998,73643.3773,22614.135,114412.6752,59793.7638,150414.5393,86700.93639999999,182033.1888,110183.92670000001
2026-10-08T00:28:29.661385+00:00,obs-20261007-01,LIGHT,XRPUSDT,1.0,1.4219,1.422,1.4219499999999998,0.7032843378573794,26678297325,1.4219,1.422,366,36,970525.5166799994,851508.1164500003,853087.9272800002,1262041.3324799996,46708.643919999995,11690.109680000001,1421738.25528,921791.63289,1782699.3178999997,1396514.1480900003,2391888.2390199993,1849598.9718100005,3810768.066789998,3002296.2993399994
2026-10-08T00:28:29.661385+00:00,obs-20261007-01,LIGHT,HBARUSDT,1.0,0.09295,0.09296,0.09295500000000001,1.0758472296923394,8393341270,0.09295,0.09296,188,9,152877.9967199999,253573.2507699999,147437.68182999996,270558.6498000001,720.82545,2091.18696,145378.22866000002,132483.84676000001,262046.67913,245939.95264,421220.40294999996,390806.70395000005,890611.3646699999,759427.4361800001
2026-10-08T00:29:29.661719+00:00,obs-20261007-01,LIGHT,PEPEUSDT,1.0,4.08e-06,4.09e-06,4.085e-06,24.50980392156854,8828028380,4.08e-06,4.09e-06,86,12,140241.61484323998,18964.520630379997,152463.90563845998,113832.26636202,299.31148464,939.7600198399999,99338.83975128,109722.27857592999,298660.14192346996,262830.70353622996,625348.35857342,496095.61633759993,924935.72674558,1119471.82986099
2026-10-08T00:29:29.661719+00:00,obs-20261007-01,LIGHT,BNBUSDT,1.0,773.54,773.55,773.545,0.1292757969850733,20910419024,773.54,773.55,333,35,825618.3607000005,550326.1613500003,803423.9415699998,532853.7186400001,362.734,5495.200149999998,640975.4028000004,959243.1035399996,1198527.3027800003,1626032.548309999,2667318.7321199994,3023429.272269999,4954589.120020007,4562925.028319998
2026-10-08T00:29:29.661719+00:00,obs-20261007-01,LIGHT,AAVEUSDT,1.0,174.2,174.21,174.20499999999998,0.5740528128606037,10439884769,174.2,174.21,272,126,927380.4296200009,172038.80517999994,922508.6187000006,186161.99744999997,2959.296050000002,3914.62986,105456.89454000001,99467.08033000001,232052.56706999993,158027.44404000003,299600.21692000004,195800.73844000007,381539.7735699998,231537.68855999992
2026-10-08T00:29:29.661719+00:00,obs-20261007-01,LIGHT,AVAXUSDT,1.0,11.06,11.061,11.060500000000001,0.9041591320069209,10520650531,11.06,11.061,267,52,313615.90158,942171.4496500004,305105.4185799998,948314.6677699998,11165.823680000001,2106.53728,157481.00692999997,177701.73293999993,245039.24774999995,262894.7322499999,385512.08062000014,320210.49413999997,491362.24026,336084.05922999996
2026-10-08T00:29:29.661719+00:00,obs-20261007-01,LIGHT,FILUSDT,1.0,1.0642,1.0643,1.06425,0.9396729937982684,9895738524,1.0642,1.0643,292,39,199059.6113610001,119400.07889099997,215284.523174,96893.53570799998,993.0270509999999,1520.6011650000003,103614.753194,92747.52742399997,186075.41471599997,153947.88645,262183.770472,237991.43592800008,343111.69355600013,271703.17693899997
2026-10-08T00:29:29.661719+00:00,obs-20261007-01,LIGHT,ALGOUSDT,1.0,0.1192,0.1193,0.11925,8.38926174496768,5664565722,0.1192,0.1193,156,1,55815.4824,34529.063600000016,69723.63489999998,30884.9615,473.8596,0.0,54150.2002,21403.2889,99443.70749999999,55962.895200000006,139273.35169999997,84712.50700000001,187888.57789999995,107333.83940000003
2026-10-08T00:29:29.661719+00:00,obs-20261007-01,LIGHT,XRPUSDT,1.0,1.4219,1.422,1.4219499999999998,0.7032843378573794,26678299883,1.4219,1.422,300,40,1189216.93561,980060.6211999997,1254190.4321899998,887633.1951799998,14270.26557,11859.494419999997,1337294.9209799995,1006226.68744,1717672.4706799998,1493115.8829800007,2326914.742439999,1942026.397830001,3745789.9041499975,3095228.8368999995
2026-10-08T00:29:29.661719+00:00,obs-20261007-01,LIGHT,HBARUSDT,1.0,0.09298,0.09299,0.092985,1.075500107550198,8393342524,0.09298,0.09299,179,21,314198.49835000007,256669.73631000004,298227.44977000006,259826.9766400001,1852.6619,2120.2109600000003,137250.96282999997,138788.19647000002,276610.86211999995,204672.25257999997,437178.38266999996,387862.90727000014,796858.6470899999,756297.8891300001
2026-10-08T00:30:29.666211+00:00,obs-20261007-01,LIGHT,PEPEUSDT,1.0,4.08e-06,4.09e-06,4.085e-06,24.50980392156854,8828028745,4.08e-06,4.09e-06,110,13,126744.60613565,255919.05754000007,124316.29326982,256140.56706186995,0.0,748.9910659999999,102176.98343136,112879.27917476,301624.68520446,262763.42734165996,627776.67143925,495874.10681573,927624.17191005,1119265.9120390199
2026-10-08T00:30:29.666211+00:00,obs-20261007-01,LIGHT,BNBUSDT,1.0,773.37,773.38,773.375,0.12930421402490566,20910422475,773.37,773.38,369,53,977745.3750599998,1083481.927239999,1020499.9675099995,1105562.9052699998,10022.46203,2714.0805600000003,597959.5501400001,943185.3956299996,1166512.8771399995,1603295.2132599987,2625963.101639999,2982078.9765299987,5094109.184950006,4461269.455069996
2026-10-08T00:30:29.666211+00:00,obs-20261007-01,LIGHT,AAVEUSDT,1.0,173.95,173.96,173.95499999999998,0.5748778384595532,10439887157,173.95,173.96,257,118,471764.2644599995,324046.21741,481761.2575699999,319893.9172300001,7824.683980000005,3974.8910800000003,150379.61261999997,84539.28072000004,247122.65571999998,137090.48608000003,299288.53037999984,189927.51166000005,391096.08048999973,228343.40541999994
2026-10-08T00:30:29.666211+00:00,obs-20261007-01,LIGHT,AVAXUSDT,1.0,11.059,11.06,11.0595,0.9042408897741439,10520652964,11.059,11.06,292,31,360359.78049,837376.9407399994,350744.1423699999,824404.9209999999,9727.436599999999,2084.05107,164131.83306,180578.55177999998,257311.09075999993,260664.4068099999,403882.4296500002,333182.51388000004,499985.6273799999,348602.24739000003
2026-10-08T00:30:29.666211+00:00,obs-20261007-01,LIGHT,FILUSDT,1.0,1.0655,1.0656,1.06555,0.9385265133765586,9895740379,1.0655,1.0656,241,40,202247.60883000004,103400.889768,168704.51886099993,140359.79359299995,1623.207332,7492.455827,86767.78431899998,90303.15515299997,177937.90014299995,146492.46437299997,288000.395126,207284.07506399995,367968.60142300004,253778.78817699992
2026-10-08T00:30:29.666211+00:00,obs-20261007-01,LIGHT,ALGOUSDT,1.0,0.1192,0.1193,0.11925,8.38926174496768,5664566100,0.1192,0.1193,109,13,29981.017900000006,27751.845600000008,18410.9714,30411.119200000005,185.2368,56.7868,66432.75869999999,17032.3288,109714.16269999999,54276.774900000004,150843.3982,82053.23340000001,199197.35579999996,104839.04860000001
2026-10-08T00:30:29.666211+00:00,obs-20261007-01,LIGHT,XRPUSDT,1.0,1.4216,1.4217,1.42165,0.7034327518296024,26678303277,1.4216,1.4217,384,70,2023966.9094899995,1324445.5032799998,2049666.4281700002,1425649.0187300006,21295.861959999995,12963.127099999998,1178728.93301,999765.80629,1587019.5211699998,1267660.1272699998,2302588.3469599993,1826315.12424,3775660.4959699987,2993932.589799999
2026-10-08T00:30:29.666211+00:00,obs-20261007-01,LIGHT,HBARUSDT,1.0,0.09294,0.09295,0.092945,1.0759629868739573,8393343577,0.09294,0.09295,192,15,149049.22736999998,296396.8882800002,164357.04738,281999.9842900001,526.5991399999999,2566.1947499999997,149383.74773,140742.88133000003,268109.7724,258485.09186,422530.99221999996,402046.36761,895446.8583599998,770661.3164300001
2026-10-08T00:31:29.666414+00:00,obs-20261007-01,LIGHT,PEPEUSDT,1.0,4.08e-06,4.09e-06,4.085e-06,24.50980392156854,8828029017,4.08e-06,4.09e-06,116,9,186585.79436484003,248866.49964757002,184329.27874513998,269254.59821168,2040.0,706.74641715,121998.51680856,71632.58423883999,304922.56862181,239940.17777583998,630033.1870589501,475486.00825162,930537.95666307,1111316.6931060702
2026-10-08T00:31:29.666414+00:00,obs-20261007-01,LIGHT,BNBUSDT,1.0,773.81,773.82,773.815,0.12923068970494,20910427081,773.81,773.82,380,88,2337694.9900200004,1882251.52393,2478180.13063,1923468.2387999992,2198.8683999999994,30154.119159999995,666635.9637900005,1029862.37142,1125111.1050000004,1565668.0359200002,2662469.413969999,3113478.5462500006,4963681.4545700075,4502665.658709997
2026-10-08T00:31:29.666414+00:00,obs-20261007-01,LIGHT,AAVEUSDT,1.0,174.07,174.08,174.075,0.5744815304198347,10439890002,174.07,174.08,309,70,698884.7059399998,330541.23533999984,693149.38846,341975.14012999996,1299.9364200000002,11804.440980000001,132870.41710999998,86021.12409999999,249881.38674999992,139131.11989000003,301889.9365699999,180728.33896000008,396433.21161999967,216616.63713000002
2026-10-08T00:31:29.666414+00:00,obs-20261007-01,LIGHT,AVAXUSDT,1.0,11.084,11.085,11.0845,0.902201371346667,10520658727,11.084,11.085,374,162,1045263.5915500001,1449487.8326299998,965456.23346,1529041.3421600002,23327.87424000001,102652.29114999999,213108.15899,132757.16362999997,350373.27801000007,242680.47734,454182.6827200001,256907.43665000002,557252.1330100005,287964.4163099999
2026-10-08T00:31:29.666414+00:00,obs-20261007-01,LIGHT,FILUSDT,1.0,1.0658,1.0659,1.0658500000000002,0.9382623381504196,9895743357,1.0658,1.0659,320,76,459790.65859300003,257291.26807199995,458583.96728100005,267064.48527099995,1765.5062820000005,14272.46585,83931.46205499998,81112.803672,166629.470597,134109.34748699996,280955.35751600005,197830.28449299993,369597.44572000013,244437.79402299994
2026-10-08T00:31:29.666414+00:00,obs-20261007-01,LIGHT,ALGOUSDT,1.0,0.1193,0.1194,0.11935000000000001,8.382229673093988,5664566763,0.1193,0.1194,197,95,57407.41170000001,31993.265099999997,53123.98650000003,33521.0478,1177.0138000000002,361.7176,52484.4917,23241.4115,107692.4217,60390.8039,152538.5438,82545.75369999999,202675.5605,103783.8897
2026-10-08T00:31:29.666414+00:00,obs-20261007-01,LIGHT,XRPUSDT,1.0,1.4224,1.4225,1.42245,0.7030371203597952,26678308296,1.4224,1.4225,411,67,3472583.0407800004,2121428.31651,3065631.929470001,2295671.173189999,32159.690620000005,35447.11304999999,1473768.8469499995,824708.0137900001,1825203.9892399993,1099466.4307900004,2668560.281209999,1670541.0688200006,4150505.225229999,2824766.195319999
2026-10-08T00:31:29.666414+00:00,obs-20261007-01,LIGHT,HBARUSDT,1.0,0.09299,0.093,0.092995,1.0753844499400422,8393345231,0.09299,0.093,261,16,335312.1033200003,220869.89342,330259.17102,238926.28126,972.90294,1322.52791,133471.27865,138765.57536,272773.37142,245561.75181000005,422412.18672,384210.8431000002,794948.00322,752638.4052800002
2026-10-08T00:32:29.666536+00:00,obs-20261007-01,LIGHT,PEPEUSDT,1.0,4.08e-06,4.09e-06,4.085e-06,24.50980392156854,8828029255,4.08e-06,4.09e-06,100,6,70040.71183381,158289.67289500005,74691.67335725001,141471.70879711,0.0,595.55063827,99633.01555224,108139.72591065,299605.21572229,259212.55349034996,625382.2255355101,492303.97234950995,927891.99513963,1261202.17216099
2026-10-08T00:32:29.666536+00:00,obs-20261007-01,LIGHT,BNBUSDT,1.0,773.69,773.7,773.695,0.1292507334982318,20910429989,773.69,773.7,374,67,896758.73123,689482.25301,935750.0348699995,623503.2079499998,2631.59897,1847.1670399999998,619160.3478500005,1066074.2919699997,1170412.57933,1629667.2444699993,2636336.9556199987,3026606.0162500003,4934156.885630005,4568111.02307
2026-10-08T00:32:29.666536+00:00,obs-20261007-01,LIGHT,AAVEUSDT,1.0,173.88,173.89,173.885,0.5751092707617644,10439891994,173.88,173.89,266,62,492712.63217,294383.38215,511980.66108000005,267702.07403000013,5202.9095,6621.28629,151136.8834,94034.48994,239513.05496000004,150023.96920999998,318934.2147899998,197240.66748,387247.3746899997,239125.7236799999
2026-10-08T00:32:29.666536+00:00,obs-20261007-01,LIGHT,AVAXUSDT,1.0,11.076,11.077,11.0765,0.902853015527505,10520663368,11.076,11.077,333,82,1328205.4923800011,590241.1544600005,1347019.0643200001,556761.4533599998,23394.744180000005,19040.578669999995,189351.75804999997,134135.19313,347283.52223999985,248073.35858999996,436371.6856799998,289833.4703700001,552546.4191100001,303151.64053999993
2026-10-08T00:32:29.666536+00:00,obs-20261007-01,LIGHT,FILUSDT,1.0,1.0651,1.0653,1.0652,1.8777579569984049,9895745513,1.0651,1.0653,308,36,272318.913957,190900.93306699998,270696.99807999993,167899.27595899993,1475.5145770000001,1093.819559,80296.56372800001,101173.161904,201728.80171499998,150350.522827,286448.73437399993,220591.797601,378942.9167480001,267203.40194799996
2026-10-08T00:32:29.666536+00:00,obs-20261007-01,LIGHT,ALGOUSDT,1.0,0.1192,0.1193,0.11925,8.38926174496768,5664567142,0.1192,0.1193,112,10,51875.17300000001,27556.245000000003,63512.511399999996,21039.966800000002,218.507,0.0,53663.21459999999,25246.885199999997,101294.01899999999,60299.0449,143489.48500000002,87041.72889999999,192309.6891,108077.0123
2026-10-08T00:32:29.666536+00:00,obs-20261007-01,LIGHT,XRPUSDT,1.0,1.4218,1.4219,1.42185,0.703333802223316,26678311508,1.4218,1.4219,357,70,1569545.2063999996,1401162.9753499986,1963325.0341700003,1097515.80506,47820.879700000005,13438.497560000002,1167628.92348,1050890.77368,1601800.2178899995,1399412.7622700003,2314544.592009999,1959319.7615100003,3761761.2651399984,3126945.476389999
2026-10-08T00:32:29.666536+00:00,obs-20261007-01,LIGHT,HBARUSDT,1.0,0.09294,0.09295,0.092945,1.0759629868739573,8393346996,0.09294,0.09295,282,24,245269.0099099999,258822.2339100001,255457.13735000012,246300.1869,1201.93624,863.18837,150124.18607,134676.22,267620.08144000004,252568.83601,417395.79708000005,396512.02678,894483.64194,765126.9756
2026-10-08T00:33:29.669503+00:00,obs-20261007-01,LIGHT,PEPEUSDT,1.0,4.08e-06,4.09e-06,4.085e-06,24.50980392156854,8828029566,4.08e-06,4.09e-06,143,12,5192.596859679999,27212.694513130027,19038.43627352,23241.84903847002,19.92297456,632.5991098100001,85317.45794015999,127336.61108069,286021.8255384,263215.31188239,611536.38612167,496274.81782417,914312.99788555,1265173.0176356502
2026-10-08T00:33:29.669503+00:00,obs-20261007-01,LIGHT,BNBUSDT,1.0,773.61,773.62,773.615,0.12926409948210704,20910431711,773.61,773.62,291,39,539660.4867499999,349769.5368200001,509166.0505600001,378379.5716500001,6990.422369999999,3135.44817,598489.9794200002,1039346.2381599996,1181259.6671599995,1600201.644509999,2667266.4190199985,2997699.8286800003,4956028.527910006,4537499.66984
2026-10-08T00:33:29.669503+00:00,obs-20261007-01,LIGHT,AAVEUSDT,1.0,173.76,173.77,173.765,0.5755064456725023,10439893735,173.76,173.77,259,35,415946.22241999983,223942.27727000008,418077.4065399999,235833.63908000008,1346.9850599999997,2055.67794,146538.74233,73522.28749000002,244036.91955999995,126327.56078000003,317260.2095799998,183029.4087300001,381941.1603799996,216971.05447000006
2026-10-08T00:33:29.669503+00:00,obs-20261007-01,LIGHT,AVAXUSDT,1.0,11.065,11.066,11.0655,0.9037505648445965,10520665367,11.065,11.066,219,28,557276.4811300002,241827.48264000003,564648.0661599998,212353.51962999997,10345.05521,536.16515,265451.1269,141384.81053000002,348856.75995,263544.8297,446728.5290800002,317639.13469000004,555172.8840900003,331358.67910999997
2026-10-08T00:33:29.669503+00:00,obs-20261007-01,LIGHT,FILUSDT,1.0,1.0634,1.0635,1.06345,0.9403799134855007,9895748290,1.0634,1.0635,314,59,296433.60210299987,235555.67562100006,336787.52211900015,196781.39282399986,5743.464837000002,4325.595348000001,103702.683013,87125.28166900002,199713.4413570001,160776.63291400002,257417.04930900008,240912.82144300008,350364.9500870001,284688.49572699994
2026-10-08T00:33:29.669503+00:00,obs-20261007-01,LIGHT,ALGOUSDT,1.0,0.1189,0.119,0.11895,8.41042893187538,5664567936,0.1189,0.119,178,91,102363.9045,53997.54629999997,109238.32880000003,50036.066600000006,5926.247299999998,10.3705,79605.2537,13729.7539,119826.70980000001,46859.875,150563.786,80654.9529,193999.361,102709.21280000001
2026-10-08T00:33:29.669503+00:00,obs-20261007-01,LIGHT,XRPUSDT,1.0,1.4211,1.4212,1.42115,0.7036802476956261,26678314257,1.4211,1.4212,290,96,931825.2213199997,1174713.7034399996,1097862.85535,1220690.5417899995,42562.33039999999,1713.11997,1081191.6301,1052775.2889700003,1446379.22894,1219380.6804900009,2150984.5653600004,1911842.5125300013,3638646.3613199997,3020647.8182499995
2026-10-08T00:33:29.669503+00:00,obs-20261007-01,LIGHT,HBARUSDT,1.0,0.09288,0.09289,0.092885,1.0766580534027348,8393348000,0.09288,0.09289,212,3,185955.4388500001,361298.37944,206831.70062000005,345709.6367199999,250.20663000000002,0.0,139912.5302,137998.05453000002,255212.01345000003,258001.02211999998,397817.14837,411538.83430999995,873607.3801699999,777766.7357
2026-10-08T00:34:29.669686+00:00,obs-20261007-01,LIGHT,PEPEUSDT,1.0,4.08e-06,4.09e-06,4.085e-06,24.50980392156854,8828029993,4.08e-06,4.09e-06,161,15,90975.47418015,141920.53418125998,79018.0083017,46550.552161780004,6.52562544,1037.3602910700001,84477.06017663999,126268.16397160999,297949.11041215,274797.98468151,623493.85200012,591644.79984365,926258.55343042,1428294.0167983097
2026-10-08T00:34:29.669686+00:00,obs-20261007-01,LIGHT,BNBUSDT,1.0,773.41,773.42,773.415,0.12929752653878523,20910435158,773.41,773.42,343,59,928517.0405599995,823856.7885900001,952514.2181599999,797052.2876100003,3362.974690000001,3247.708350000001,597767.66368,972757.5067299996,1164212.2098400001,1625403.1040699987,2644490.618819999,3020852.0894600004,5086339.399310008,4496354.584299998
2026-10-08T00:34:29.669686+00:00,obs-20261007-01,LIGHT,AAVEUSDT,1.0,173.76,173.77,173.765,0.5755064456725023,10439896226,173.76,173.77,244,63,972748.29422,303965.91437,968115.161169999,303274.10354000004,4240.544020000001,2541.4837599999996,150935.92781000002,74770.35028000001,246917.66092999995,125472.41065000003,321893.34262999985,182165.66775000008,386566.42177999974,217130.69740000003
2026-10-08T00:34:29.669686+00:00,obs-20261007-01,LIGHT,AVAXUSDT,1.0,11.064,11.065,11.064499999999999,0.9038322487331385,10520668126,11.064,11.065,276,31,799881.0106199997,342498.31087999983,824677.1026300001,340794.07248999976,1180.29446,1462.2579500000002,248984.37305999998,136331.87368000002,334782.09633,258964.35986999996,421932.43707000016,319299.6749200001,532304.3018400001,333029.0680800001
2026-10-08T00:34:29.669686+00:00,obs-20261007-01,LIGHT,FILUSDT,1.0,1.0636,1.0638,1.0637,1.88040616773133,9895750262,1.0636,1.0638,254,51,188358.73559400006,161299.30105600017,169978.25261799997,176507.55886899985,2665.7953879999995,7285.395087,100451.49905,74976.690828,205959.89367500006,152325.98856800006,272190.84047299996,225840.72917100007,353306.19912999985,269507.66165799997
2026-10-08T00:34:29.669686+00:00,obs-20261007-01,LIGHT,ALGOUSDT,1.0,0.1189,0.119,0.11895,8.41042893187538,5664568348,0.1189,0.119,130,3,43559.63359999999,71138.6639,43428.5606,69350.64949999998,0.0,580.72,78022.1257,12041.2326,120494.0432,40095.0861,150694.859,82442.96729999999,195124.86359999998,102211.6761
2026-10-08T00:34:29.669686+00:00,obs-20261007-01,LIGHT,XRPUSDT,1.0,1.4217,1.4218,1.4217499999999998,0.70338327354591,26678318772,1.4217,1.4218,373,75,2565709.547839999,2493332.8006899985,2419541.183370001,2529333.694810002,14162.979119999996,60414.16413999999,1154039.5140300002,993689.6096900001,1582009.7503199999,1311125.3684400003,2295864.603689999,1878847.6838000005,3768646.3134300006,3046932.818329999
2026-10-08T00:34:29.669686+00:00,obs-20261007-01,LIGHT,HBARUSDT,1.0,0.09296,0.09297,0.09296499999999999,1.0757314974174648,8393349676,0.09296,0.09297,275,17,319920.25012,220936.16518999997,289041.7654900001,253440.61783,868.1150600000001,4019.99067,150821.80055,125289.38834999998,275037.88945,237840.29224000004,426743.11277999997,379656.68813000014,794761.94144,746919.9243500002
2026-10-08T00:35:29.672775+00:00,obs-20261007-01,LIGHT,PEPEUSDT,1.0,4.08e-06,4.09e-06,4.085e-06,24.50980392156854,8828030268,4.08e-06,4.09e-06,136,9,85395.46169913,108513.46796174,102410.04531005,109741.61530578998,22010.1000084,1518.5302224700001,66577.8102192,132800.52102996,279115.21720132,277501.94244326,606479.2683892,590416.6524996,909585.05100113,1437458.3181644399
2026-10-08T00:35:29.672775+00:00,obs-20261007-01,LIGHT,BNBUSDT,1.0,773.41,773.42,773.415,0.12929752653878523,20910436703,773.41,773.42,272,21,486802.6125999999,270542.2605099999,457945.2197899998,283407.74527,238.20687999999996,3174.03853,603530.4299400001,959633.5137199996,1193069.6297400002,1612120.6342999989,2673348.011629999,3007986.6047,5114811.577430007,4483540.999519998
2026-10-08T00:35:29.672775+00:00,obs-20261007-01,LIGHT,AAVEUSDT,1.0,173.6,173.61,173.60500000000002,0.5760368663598747,10439898104,173.6,173.61,242,41,661844.0382900002,271492.49504,645816.2240000003,258958.40775,5886.4703,1719.8790899999997,178103.22035999998,70178.48141000002,264056.7311199999,126485.42118000006,356535.51905999973,188337.09498000008,407686.13621999975,221106.85432
2026-10-08T00:35:29.672775+00:00,obs-20261007-01,LIGHT,AVAXUSDT,1.0,11.061,11.062,11.061499999999999,0.9040773890234277,10520670476,11.061,11.062,279,41,841806.4143999999,262401.11539,831364.2732000002,248047.51098000005,2942.96881,11691.00766,203738.69077,146529.61607,296138.63411000004,265927.6792899999,434020.65298000025,333648.13928999996,541845.7879200001,348370.08295999997
2026-10-08T00:35:29.672775+00:00,obs-20261007-01,LIGHT,FILUSDT,1.0,1.0625,1.0626,1.0625499999999999,0.941176470588001,9895752690,1.0625,1.0626,298,102,282687.072473,192635.75559499988,309094.71539999987,152424.95062900012,8433.868479999994,7666.615797999998,123406.578806,97660.85186,199406.51093199995,180004.94626399997,253548.555888,253454.51468399994,359237.776934,300796.50295999984
2026-10-08T00:35:29.672775+00:00,obs-20261007-01,LIGHT,ALGOUSDT,1.0,0.1189,0.119,0.11895,8.41042893187538,5664568582,0.1189,0.119,106,1,12593.446199999998,41975.154500000004,14167.926800000001,41865.0174,0.0,18.088,76490.3844,15391.758000000002,118053.8671,50403.598300000005,149120.37840000002,82553.1044,179708.3664,102321.7207
2026-10-08T00:35:29.672775+00:00,obs-20261007-01,LIGHT,XRPUSDT,1.0,1.421,1.4211,1.4210500000000001,0.7037297677681131,26678321503,1.421,1.4211,328,46,1364575.5389899989,1155463.1399299991,1499705.4317399994,1117849.7265800002,29573.78054,5436.431920000001,1087341.3596599998,1010085.44236,1462930.49621,1217384.88174,2162058.3502700003,1915327.6562700002,3649618.355700001,3024222.507339998
2026-10-08T00:35:29.672775+00:00,obs-20261007-01,LIGHT,HBARUSDT,1.0,0.09293,0.09294,0.09293499999999999,1.076078768964539,8393350671,0.09293,0.09294,202,18,165383.24928999998,110160.80437000004,165053.67298,99788.83254,1618.002,1078.44871,154525.96748,126022.97939000002,277872.43220999994,241389.70929000006,427727.5962499999,389968.2886900001,904715.4273499999,757223.0707700001
2026-10-08T00:36:29.726781+00:00,obs-20261007-01,LIGHT,PEPEUSDT,1.0,4.08e-06,4.09e-06,4.085e-06,24.50980392156854,8828030966,4.08e-06,4.09e-06,149,21,335536.17733601003,118449.61866087999,295824.84678583,118511.66683362995,20283.76031448,3340.41914157,58105.44939312,133851.06339512,250216.51438809,280949.64316132,602506.40678942,585882.6475382501,930108.0793118001,1433340.72350281
2026-10-08T00:36:29.726781+00:00,obs-20261007-01,LIGHT,BNBUSDT,1.0,773.2,773.21,773.205,0.12933264355918794,20910438886,773.2,773.21,306,49,938613.4792299998,1098879.9637700003,969696.9636800004,1069250.6939900003,12498.96905,716.9309400000002,730869.92479,894039.5795999998,1170364.6081099994,1547682.0797899996,2791464.525309999,3011075.6485400004,5096723.903320004,4261057.49798
2026-10-08T00:36:29.726781+00:00,obs-20261007-01,LIGHT,AAVEUSDT,1.0,173.69,173.7,173.695,0.5757383844784414,10439899276,173.69,173.7,229,22,433455.1837800002,364911.50669,426825.6148800003,372456.8356399999,1866.39666,2630.65071,174963.08915,83678.84032999999,244171.12297999996,133815.12863,358259.31654999976,183992.10796,409670.62310999964,213751.94992999994
2026-10-08T00:36:29.726781+00:00,obs-20261007-01,LIGHT,AVAXUSDT,1.0,11.055,11.056,11.055499999999999,0.9045680687469471,10520673060,11.055,11.056,240,37,995574.8422300004,258617.25337999992,1017618.6214000002,266301.79324000014,1557.17969,2747.75598,190990.23290000003,142631.88121999998,335798.54654,223889.61213999995,434024.6041900002,325592.7406200001,520989.98384000023,340233.7791000002
2026-10-08T00:36:29.726781+00:00,obs-20261007-01,LIGHT,FILUSDT,1.0,1.0616,1.0618,1.0617,1.8839487565935897,9895753895,1.0616,1.0618,225,32,121338.26519300001,82672.34512199997,128726.79314300002,80136.04569699997,2904.1051629999997,987.031105,92302.94069499998,77092.591226,187451.21588399995,152719.649427,251998.53673099997,242953.20464800004,361561.9544490001,302695.6121669999
2026-10-08T00:36:29.726781+00:00,obs-20261007-01,LIGHT,ALGOUSDT,1.0,0.1189,0.119,0.11895,8.41042893187538,5664568713,0.1189,0.119,77,0,22472.735099999998,13404.369999999999,19474.4048,13124.0108,0.0,0.0,66966.6505,18683.3326,108068.23700000001,52640.317500000005,152118.70870000002,82833.4636,182706.6967,102602.17240000001
2026-10-08T00:36:29.726781+00:00,obs-20261007-01,LIGHT,XRPUSDT,1.0,1.4208,1.4209,1.4208500000000002,0.703828828829689,26678323482,1.4208,1.4209,306,42,684230.6191299999,616942.2986100005,666766.2639499998,654824.8978800002,24557.576879999997,7819.49181,1111653.67917,974285.2461199999,1456043.0914699999,1184585.1090900002,2181877.6509299995,1877352.3469600005,3675969.6762100006,2986270.1690499987
2026-10-08T00:36:29.726781+00:00,obs-20261007-01,LIGHT,HBARUSDT,1.0,0.0929,0.09291,0.092905,1.0764262648010892,8393351237,0.0929,0.09291,179,3,111284.70929000007,110215.78748,124905.14543999998,98593.687,5.575200000000001,785.81608,156381.75583000004,130142.2575,271459.18447000004,249032.74736,415404.77316000004,401034.1776100001,891196.4302,768729.9131400001
2026-10-08T00:37:29.743495+00:00,obs-20261007-01,LIGHT,PEPEUSDT,1.0,4.08e-06,4.09e-06,4.085e-06,24.50980392156854,8828031937,4.08e-06,4.09e-06,161,31,500322.36799410015,189283.05476996995,453794.4379494601,268657.04720224,35978.73302544,1727.0462378900002,70152.0658836,138052.0759829,254666.62039205997,282993.43949859997,587564.2968810999,496848.6316638999,914437.6196163299,1237855.06697496
2026-10-08T00:37:29.743495+00:00,obs-20261007-01,LIGHT,BNBUSDT,1.0,773.09,773.1,773.095,0.12935104580336088,20910441341,773.09,773.1,308,59,598749.0136500001,1426974.231840001,577097.6406200005,1452452.1117599986,8613.06885,13918.27968,736724.8362699999,980587.1797099998,1272923.7639399997,1488026.6628499997,2817127.50475,2981609.0063499995,5120738.921190007,4233044.234489999
2026-10-08T00:37:29.743495+00:00,obs-20261007-01,LIGHT,AAVEUSDT,1.0,173.72,173.73,173.725,0.5756389592437294,10439900546,173.72,173.73,204,21,247216.82718,222301.97829999996,241659.68891000008,233343.96566000002,1416.46966,2647.73188,174409.45873,66422.83628000002,248873.57027999999,118148.99619000005,365051.2532699998,172978.36814000004,407191.47400999966,202996.52761000002
2026-10-08T00:37:29.743495+00:00,obs-20261007-01,LIGHT,AVAXUSDT,1.0,11.058,11.059,11.058499999999999,0.9043226623250966,10520676448,11.058,11.059,298,59,1020048.9669600001,335543.4687100001,1013257.1401500002,377605.60922,11379.40007,7579.104150000002,200720.61627999993,127356.35062,334490.7153499998,239109.71748,440675.8956899999,283397.1124199999,528615.3696999996,298095.3120599999
2026-10-08T00:37:29.743495+00:00,obs-20261007-01,LIGHT,FILUSDT,1.0,1.0625,1.0626,1.0625499999999999,0.941176470588001,9895755704,1.0625,1.0626,244,43,208398.5412120001,145645.97435600008,159104.39606600004,161476.87169100004,4987.058298,2478.139274,111762.76212999999,88636.85406200001,196899.416011,168911.72972300003,295345.3324839999,231871.65495100003,400743.961686,269719.0827959998
2026-10-08T00:37:29.743495+00:00,obs-20261007-01,LIGHT,ALGOUSDT,1.0,0.1189,0.119,0.11895,8.41042893187538,5664568902,0.1189,0.119,80,0,35465.973000000005,11538.236100000002,34735.837,11536.140499999998,0.0,0.0,69001.2565,17632.483200000002,120818.6038,52642.429000000004,152848.84470000002,82835.5592,183436.8327,102604.17550000001
2026-10-08T00:37:29.743495+00:00,obs-20261007-01,LIGHT,XRPUSDT,1.0,1.4206,1.4207,1.4206500000000002,0.7039279177800672,26678326555,1.4206,1.4207,296,70,1885524.11333,1823620.8748999997,1580366.0299000007,1933450.36476,19479.528839999995,36231.7817,1380238.7045599998,965360.5729500001,1772605.0620499998,1335297.4953100004,2488016.5266799987,1766073.4407400005,3999945.496289999,2876739.1619699984
2026-10-08T00:37:29.743495+00:00,obs-20261007-01,LIGHT,HBARUSDT,1.0,0.09293,0.09294,0.09293499999999999,1.076078768964539,8393352470,0.09293,0.09294,205,16,373932.42951000005,344327.0060800001,358599.1962499999,372780.5825500001,1099.69719,2805.4261899999997,154094.83886999998,111242.81039,278996.60331000003,229528.49906000003,429440.3933600001,372621.4274400002,906578.7048200001,736171.7557000002
2026-10-08T00:38:29.743812+00:00,obs-20261007-01,LIGHT,PEPEUSDT,1.0,4.08e-06,4.09e-06,4.085e-06,24.50980392156854,8828032171,4.08e-06,4.09e-06,87,12,37628.088914859996,257320.15211792995,12415.766201400002,165923.32609598996,0.0,1208.0976764499999,84204.09408432,134660.78247846,280474.96199722,291969.79247225996,612776.61959456,588245.45768584,938633.8510007901,1411682.37015805
2026-10-08T00:38:29.743812+00:00,obs-20261007-01,LIGHT,BNBUSDT,1.0,773.17,773.18,773.175,0.12933766183387263,20910443092,773.17,773.18,352,39,612180.4162,327243.19195000007,642366.3040200002,294844.89923,1682.4107199999996,6141.156579999999,717365.7310599999,1020188.1844299994,1242280.6970000002,1543294.0288099993,2783150.4617000003,3017391.63037,5088160.313510005,4266151.407690004
2026-10-08T00:38:29.743812+00:00,obs-20261007-01,LIGHT,AAVEUSDT,1.0,173.74,173.75,173.745,0.5755726948297735,10439902088,173.74,173.75,225,20,473368.61360999994,375545.24996000004,474953.19,349520.6683299999,891.70277,2578.3244,193318.81395,97817.45972,261989.77773,149358.12098,350108.1301499998,199049.62479,417056.46731999965,229274.85244
2026-10-08T00:38:29.743812+00:00,obs-20261007-01,LIGHT,AVAXUSDT,1.0,11.053,11.054,11.0535,0.9047317470356475,10520678792,11.053,11.054,272,31,904607.8690300001,337318.5048400002,925210.3185000005,292082.51560000004,970.7126600000001,1617.1592299999998,181222.85816999996,154198.97273999997,326629.3416599999,236190.03663999995,420226.4576900001,328504.57675999997,510327.70742,343226.56425999996
2026-10-08T00:38:29.743812+00:00,obs-20261007-01,LIGHT,FILUSDT,1.0,1.0627,1.0628,1.0627499999999999,0.9409993413012074,9895757653,1.0627,1.0628,277,42,309941.9071869999,192177.79854199992,303556.5369890001,189912.74382099992,2128.890667999999,7033.522879999999,116403.45633300001,91714.029783,203634.88255900002,169915.17128900002,299771.6607949999,237769.40581600004,407336.04612099996,272033.91295199987
2026-10-08T00:38:29.743812+00:00,obs-20261007-01,LIGHT,ALGOUSDT,1.0,0.1189,0.119,0.11895,8.41042893187538,5664569231,0.1189,0.119,122,0,35503.653600000005,35464.915799999995,34040.8862,36802.7193,0.0,0.0,70463.534,12297.3146,122280.8813,52287.3793,154311.6121,81497.7557,184859.73719999997,101266.4645
2026-10-08T00:38:29.743812+00:00,obs-20261007-01,LIGHT,XRPUSDT,1.0,1.4202,1.4203,1.4202499999999998,0.7041261794116238,26678329686,1.4202,1.4203,332,64,1256975.1650999994,1362376.398330001,1603940.9911600002,1219587.8921000005,21454.31362,14140.35095,1043838.99686,1076219.9952600002,1446220.9881200003,1348886.2447900004,2142020.02839,1908579.3857500006,3661501.083370001,3016671.8330699983
2026-10-08T00:38:29.743812+00:00,obs-20261007-01,LIGHT,HBARUSDT,1.0,0.09293,0.09294,0.09293499999999999,1.076078768964539,8393353723,0.09293,0.09294,246,13,303185.4723600002,315748.49913000007,308062.6626400001,298320.72155000013,1272.7954399999999,1708.7455499999999,151813.97316,129258.73100999999,275252.62248,246127.63294999997,424563.20308,390049.20502,901701.5145400001,753599.53328
2026-10-08T00:39:29.761973+00:00,obs-20261007-01,LIGHT,PEPEUSDT,1.0,4.08e-06,4.09e-06,4.085e-06,24.50980392156854,8828032454,4.08e-06,4.09e-06,85,8,140870.44781243996,57612.711520950004,135842.33879906998,56347.22486802001,0.0,824.26030124,104658.61633199999,115192.68888899,285306.42258674,293225.12806299,617804.72860793,589510.94433877,941656.14043718,1417173.8940405801
2026-10-08T00:39:29.761973+00:00,obs-20261007-01,LIGHT,BNBUSDT,1.0,773.33,773.34,773.335,0.1293109022015848,20910444694,773.33,773.34,233,29,844941.4470700001,487006.22256999975,824359.42866,520194.0053299999,528.8514799999999,3823.41186,601982.8414199998,949133.5031799995,1182492.3359299994,1614545.2759799992,2655058.5263899993,2995791.4762799996,5107123.838950005,4477586.154669999
2026-10-08T00:39:29.761973+00:00,obs-20261007-01,LIGHT,AAVEUSDT,1.0,173.8,173.81,173.805,0.5753739930947077,10439903181,173.76,173.77,189,11,622783.2979799997,249259.68287999986,635098.0068899997,228559.56699,277.2085,895.6686900000002,141756.15444,114139.53867,239566.33583999996,171063.72517999995,337538.8177199999,222972.1107199999,392112.9669099998,250013.77950999988
2026-10-08T00:39:29.761973+00:00,obs-20261007-01,LIGHT,AVAXUSDT,1.0,11.054,11.055,11.0545,0.9046499004883302,10520680933,11.054,11.055,219,26,568294.86046,329398.69164999994,554104.99903,341908.2993599999,7418.917349999998,264.09673,198648.57680999997,130672.16865,340493.80237999995,224160.10990000004,434416.31912000006,316000.10495,522460.87042999995,330745.35473
2026-10-08T00:39:29.761973+00:00,obs-20261007-01,LIGHT,FILUSDT,1.0,1.0626,1.0627,1.06265,0.94108789761016,9895758402,1.0626,1.0627,162,11,70902.866978,60503.12162199999,75692.36724,57504.731518,104.289823,1337.156416,107170.70671500002,88905.264222,194948.19222400003,170395.168888,296624.7727,240767.79592000003,402443.2223220001,274987.5933739999
2026-10-08T00:39:29.761973+00:00,obs-20261007-01,LIGHT,ALGOUSDT,1.0,0.119,0.1191,0.11904999999999999,8.403361344537785,5664569603,0.119,0.1191,124,1,42999.061400000006,32429.037700000026,36624.62219999998,30408.45430000002,0.0,522.172,49611.0675,19306.634599999998,112661.4985,60126.2961,157938.60190000004,83924.49489999999,203912.52580000006,103725.90890000001
2026-10-08T00:39:29.761973+00:00,obs-20261007-01,LIGHT,XRPUSDT,1.0,1.4205,1.4206,1.42055,0.7039774727202186,26678331976,1.4205,1.4206,323,27,937023.3327500002,863534.6986599998,714310.4945899999,970190.4611399998,17071.773690000005,8397.96449,1269530.03453,942703.9687800003,1668576.7472900006,1376212.8880700003,2363888.84902,1803676.8924600005,3877144.360820001,2911237.8407299984
2026-10-08T00:39:29.761973+00:00,obs-20261007-01,LIGHT,HBARUSDT,1.0,0.09291,0.09292,0.092915,1.0763104079214436,8393354185,0.09291,0.09292,147,3,71775.82788,82999.25248,82921.10961999996,65821.86906000001,1283.94464,0.0,147515.73245,141348.94906,271246.93853999994,221960.33299,414076.54933999997,407198.89973999985,890556.2328,770663.4530699998
2026-10-08T00:40:29.772749+00:00,obs-20261007-01,LIGHT,PEPEUSDT,1.0,4.08e-06,4.09e-06,4.085e-06,24.50980392156854,8828032718,4.08e-06,4.09e-06,90,9,253872.93089331003,143692.26534529,259940.2034785,241272.26000497,1.5179517599999999,2901.60625438,108693.55872552,110406.43685968999,273939.63682889,277471.81457378995,611737.45602274,491930.94967908994,935580.97561513,1237163.42221975
2026-10-08T00:40:29.772749+00:00,obs-20261007-01,LIGHT,BNBUSDT,1.0,773.29,773.3,773.295,0.12931759107104313,20910447196,773.29,773.3,355,47,912023.90898,729711.7119399997,910178.1450499992,738044.1548600002,1159.14865,2533.7283799999996,661109.4618299998,926988.7471099998,1183003.6946499993,1512799.7559299995,2656972.426969999,2987446.536399999,5109448.074350006,4227660.473709998
2026-10-08T00:40:29.772749+00:00,obs-20261007-01,LIGHT,AAVEUSDT,1.0,173.72,173.73,173.725,0.5756389592437294,10439904606,173.72,173.73,227,19,693551.4733000001,368128.99217,687460.9241700005,395350.99279999995,952.31952,396.31537000000003,165411.75706999993,87900.89689000002,237792.36414999986,137862.95251000006,359160.3170999997,189882.90815,398492.88445999956,225086.69316
2026-10-08T00:40:29.772749+00:00,obs-20261007-01,LIGHT,AVAXUSDT,1.0,11.047,11.048,11.0475,0.9052231375039632,10520684089,11.047,11.048,282,51,997593.4789300001,675311.1824400001,1006285.2548400001,667433.4812300003,4828.881419999999,12694.072370000002,223447.02641,167701.82191,339913.27409,263990.09713999997,426047.1530900002,323198.68014,513705.90775000013,338422.1066199999
2026-10-08T00:40:29.772749+00:00,obs-20261007-01,LIGHT,FILUSDT,1.0,1.0627,1.0628,1.0627499999999999,0.9409993413012074,9895760517,1.0627,1.0628,271,61,218470.39062299998,175738.47271199984,211533.51802500003,182365.47536199997,11823.036055999997,14171.109437000001,102366.769228,85407.50229299998,193046.31104300002,164759.46072,301919.03313099995,234140.79327000005,409283.753558,268410.3266489999
2026-10-08T00:40:29.772749+00:00,obs-20261007-01,LIGHT,ALGOUSDT,1.0,0.119,0.1191,0.11904999999999999,8.403361344537785,5664569920,0.119,0.1191,98,3,21602.289399999994,19810.105299999996,22329.5936,17471.744000000006,1592.101,0.0,44655.4603,24434.2688,112770.55389999998,62212.777400000006,157211.2977,86262.85619999998,203580.8567,106064.2702
2026-10-08T00:40:29.772749+00:00,obs-20261007-01,LIGHT,XRPUSDT,1.0,1.4207,1.4208,1.42075,0.7038783698165574,26678335298,1.4207,1.4208,349,49,1835477.0720700005,1393665.56074,1675730.91763,1454626.3037599993,24231.204090000003,17853.86633,1387500.6342699996,946564.7976,1708021.6490299997,1316689.08858,2523078.7436199994,1744289.3792299996,4031364.556749999,2854462.6758499974
2026-10-08T00:40:29.772749+00:00,obs-20261007-01,LIGHT,HBARUSDT,1.0,0.09289,0.0929,0.092895,1.0765421466252256,8393355417,0.09289,0.0929,218,14,331584.5281899999,398429.98196999996,328134.9180899999,412249.81809999986,2307.8436,3549.9340500000003,157989.84751000002,122329.63575,233347.92544999995,241626.52975999998,418165.1445,393360.20238,894005.8429,753717.5846
2026-10-08T00:41:29.826641+00:00,obs-20261007-01,LIGHT,PEPEUSDT,1.0,4.08e-06,4.09e-06,4.085e-06,24.50980392156854,8828032984,4.08e-06,4.09e-06,104,12,118068.01565289,280922.80558065005,120403.32834898,285550.39182094997,0.0,771.1481911,92009.058792,109692.82228959,271538.9723022,273448.02432349,609402.14332665,487303.36343878997,933245.6629190401,1242013.5735782103
2026-10-08T00:41:29.826641+00:00,obs-20261007-01,LIGHT,BNBUSDT,1.0,772.95,772.96,772.955,0.12937447441574434,20910450059,772.95,772.96,291,73,1677350.0581199995,1722921.7884799996,1686097.9455999993,1703158.70063,28439.299980000003,610.8088199999999,746660.8383399997,793820.62564,1255434.9440099993,1495473.5963999992,2992351.39712,2991686.4475399978,5107084.635400003,4233331.463399999
2026-10-08T00:41:29.826641+00:00,obs-20261007-01,LIGHT,AAVEUSDT,1.0,173.64,173.65,173.64499999999998,0.5759041695463374,10439906442,173.64,173.65,236,43,690985.9521199999,558850.93702,709075.1045999997,552758.8815800002,20078.17451,773.0326599999999,144820.99333,85856.13680000002,231561.16293000002,140524.34567,341573.7135999999,195853.92682,382951.4502399999,228182.36353999993
2026-10-08T00:41:29.826641+00:00,obs-20261007-01,LIGHT,AVAXUSDT,1.0,11.047,11.048,11.0475,0.9052231375039632,10520687121,11.047,11.048,275,62,831386.5611300002,390925.24124,878993.3941999996,386409.1881200001,3917.84817,9051.78802,187346.26141999997,146741.70108,302455.44537,261478.88159999994,378440.32002000016,327714.73326000007,476071.5812000001,341338.20155000006
2026-10-08T00:41:29.826641+00:00,obs-20261007-01,LIGHT,FILUSDT,1.0,1.063,1.0631,1.06305,0.9407337723432718,9895761966,1.063,1.0631,194,28,179763.40761700005,132797.07319800003,173020.173081,133849.44995700003,2530.2832639999997,1221.428826,96358.70778700004,96306.938402,199375.96658400007,163966.912912,305093.601964,233130.21009900008,388313.8288609999,267788.88642199995
2026-10-08T00:41:29.826641+00:00,obs-20261007-01,LIGHT,ALGOUSDT,1.0,0.119,0.1191,0.11904999999999999,8.403361344537785,5664570243,0.119,0.1191,99,2,43928.3326,24575.145,45041.577300000004,24400.3513,0.0,200.87199999999999,43840.8121,29066.1888,110717.046,66850.4286,156098.053,86437.64989999999,202507.50900000002,106239.06390000001
2026-10-08T00:41:29.826641+00:00,obs-20261007-01,LIGHT,XRPUSDT,1.0,1.4198,1.4199,1.4198499999999998,0.7043245527538211,26678339172,1.4198,1.4199,367,83,1617096.826900001,2224954.6409800006,2008729.8854900023,1955616.2966200009,56646.37576999999,15007.08153,1021880.2163900002,1080007.26221,1574833.8030300003,1315022.9364300002,2138112.818940001,2008184.71351,3655031.6543100006,3119884.536319998
2026-10-08T00:41:29.826641+00:00,obs-20261007-01,LIGHT,HBARUSDT,1.0,0.09281,0.09282,0.09281500000000001,1.077470100203648,8393356787,0.09281,0.09282,228,27,160573.92109000002,353313.14480000007,219216.99233000004,331553.97747999994,7733.01168,1762.6724,117684.00143,135957.85424999997,214468.90428999998,253910.23194999996,377158.5179500002,407614.40174999984,837174.9504000002,768118.0519399999
2026-10-08T00:42:30.026375+00:00,obs-20261007-01,LIGHT,PEPEUSDT,1.0,4.08e-06,4.09e-06,4.085e-06,24.50980392156854,8828033131,4.08e-06,4.09e-06,76,13,160504.80620318,48237.75143299999,160496.85016875,44257.31225737999,2567.15190384,2671.3143626399997,104286.47767968,113672.09706521,272083.0309086,277428.46349910996,609410.09936108,491283.80261440994,936089.4365461301,1243003.2530633502
2026-10-08T00:42:30.026375+00:00,obs-20261007-01,LIGHT,BNBUSDT,1.0,773.14,773.15,773.145,0.12934268049713538,20910451832,773.14,773.15,335,38,637479.2861300004,855869.19539,628070.3362700002,833577.9559700006,4528.9052599999995,1770.3738999999996,724869.28889,961010.1429599997,1262960.7001099999,1546444.5482199995,2809677.6231299997,3014653.8430299987,5112491.819450002,4265275.384470001
2026-10-08T00:42:30.026375+00:00,obs-20261007-01,LIGHT,AAVEUSDT,1.0,173.76,173.77,173.765,0.5755064456725023,10439907977,173.76,173.77,208,24,952636.2579300001,328741.8383199999,934339.9209699999,344619.68593000015,1759.3195300000002,14934.20283,153287.53605000005,81113.52196,236622.3565100001,128625.29026000002,346250.8299099998,185829.34345000001,411078.25662999967,213005.98671
2026-10-08T00:42:30.026375+00:00,obs-20261007-01,LIGHT,AVAXUSDT,1.0,11.054,11.055,11.0545,0.9046499004883302,10520689739,11.054,11.055,224,38,663610.6603099997,395669.54406000004,615861.1000599999,446589.36144999973,4685.698999999999,41024.08980999999,198695.75271999996,138346.19728,341733.69359999994,240058.43291999996,425559.11876000004,277029.73032999993,523168.25719,290732.49293
2026-10-08T00:42:30.026375+00:00,obs-20261007-01,LIGHT,FILUSDT,1.0,1.0641,1.0642,1.0641500000000002,0.9397613006290051,9895763757,1.0641,1.0642,249,27,285626.2868980001,146800.06877600006,251863.31437500002,175036.69179599997,333.72500700000006,1682.4582319999997,129158.37209999998,96890.575268,220181.65134499996,159277.91225300007,334846.7648089999,208902.29750900014,416111.74860399996,240866.3554980001
2026-10-08T00:42:30.026375+00:00,obs-20261007-01,LIGHT,ALGOUSDT,1.0,0.119,0.1191,0.11904999999999999,8.403361344537785,5664570597,0.119,0.1191,107,1,30582.023199999996,13919.436099999983,26506.0609,15143.913499999995,0.0,105.7608,50562.124599999996,26169.7922,115516.9714,63953.9538,160174.01529999997,85213.1725,206095.55670000002,105014.58650000002
2026-10-08T00:42:30.026375+00:00,obs-20261007-01,LIGHT,XRPUSDT,1.0,1.42,1.4201,1.4200499999999998,0.7042253521127861,26678340847,1.42,1.4201,315,21,581563.5136800001,403769.43191,501099.64016000007,456068.68841000006,211.86399999999998,29020.297879999995,1044150.1975499999,1128566.2859699999,1649644.8786600002,1269997.0000499997,2217949.161270001,1960235.0554799994,3735167.3441399997,3067976.4012299976
2026-10-08T00:42:30.026375+00:00,obs-20261007-01,LIGHT,HBARUSDT,1.0,0.09285,0.09286,0.092855,1.0770059235332141,8393357479,0.09285,0.09286,171,3,140637.44017000005,89888.68546000002,89393.09436000005,97456.33572999999,0.0,1586.38776,139783.16854999997,144148.41315,248941.97558999996,255308.64917,421856.1672099999,400665.7382999998,888428.31672,759693.3010799999
2026-10-08T00:43:30.026428+00:00,obs-20261007-01,LIGHT,PEPEUSDT,1.0,4.08e-06,4.09e-06,4.085e-06,24.50980392156854,8828033245,4.08e-06,4.09e-06,72,6,9392.952127699999,17595.19679917,9426.110592109999,18231.782343250004,0.0,609.5082622499999,106516.43538047999,108978.90107583,272114.45423895,276188.19293503,609376.94089667,490647.21707033,936056.2780817201,1242366.6675192702
2026-10-08T00:43:30.026428+00:00,obs-20261007-01,LIGHT,BNBUSDT,1.0,773.27,773.28,773.275,0.1293209357666747,20910453224,773.27,773.28,258,30,989905.6542600001,720241.7511799998,959282.59962,731354.0996200005,665.71615,3035.5196199999996,752816.63898,965458.3318199997,1213406.7078799994,1555001.983779999,2688443.3383200006,3018053.451609999,5141153.838500003,4260881.668109999
2026-10-08T00:43:30.026428+00:00,obs-20261007-01,LIGHT,AAVEUSDT,1.0,173.73,173.74,173.735,0.575605825132719,10439909210,173.73,173.74,196,29,407284.8117000001,273421.2566699999,405831.54290999984,232714.11334,2557.4367199999997,1369.74687,167166.59314,114996.78990999999,257148.26125000007,167236.45742999995,360737.35605999985,218423.5566499999,403911.1697399997,253674.31885999988
2026-10-08T00:43:30.026428+00:00,obs-20261007-01,LIGHT,AVAXUSDT,1.0,11.058,11.059,11.058499999999999,0.9043226623250966,10520692618,11.058,11.059,252,47,884747.0266200001,498347.1488699999,871518.6986599999,489029.1365200002,10049.701739999995,7392.59803,208163.67678999994,155961.86465,345013.1627699999,250277.05828999996,438624.36493,287104.26564,545108.7878299998,300153.98867000005
2026-10-08T00:43:30.026428+00:00,obs-20261007-01,LIGHT,FILUSDT,1.0,1.065,1.0651,1.0650499999999998,0.9389671361503815,9895765345,1.065,1.0651,252,27,220829.82988099984,129169.84138700002,222695.89943399993,150851.10471900002,3341.5535439999994,1798.9708180000002,123151.56847899998,103687.45504500001,210152.69724500002,148627.88462700005,328704.016305,189164.19063300008,410254.07333400013,240219.07711200003
2026-10-08T00:43:30.026428+00:00,obs-20261007-01,LIGHT,ALGOUSDT,1.0,0.119,0.1191,0.11904999999999999,8.403361344537785,5664570932,0.119,0.1191,106,8,38931.657500000016,34452.99530000001,39759.2695,33877.871999999996,0.0,1156.1037000000001,61705.40310000001,20682.3612,127941.81260000003,59970.2386,159346.40330000003,85788.2958,204804.97570000007,105589.68160000003
2026-10-08T00:43:30.026428+00:00,obs-20261007-01,LIGHT,XRPUSDT,1.0,1.4206,1.4207,1.4206500000000002,0.7039279177800672,26678343183,1.4206,1.4207,355,38,1526548.0,1048164.2882200003,1214982.0736999994,1278491.2536399988,1686.2396199999998,59904.23916,1277063.1618599996,974624.2294900003,1793374.8702799997,1172623.28876,2523900.8104499984,1732153.7253999999,4034718.595729998,2842309.085539998
2026-10-08T00:43:30.026428+00:00,obs-20261007-01,LIGHT,HBARUSDT,1.0,0.09286,0.09287,0.092865,1.076889941846737,8393358075,0.09286,0.09287,158,17,43341.58836000001,73319.93129999998,40366.31972,87444.27522999998,230.1017,3102.51024,129903.40217999998,130216.30867,251886.38262999998,241839.03836000004,414400.59839999996,386548.99136,889634.02805,745568.95715
2026-10-08T00:44:30.027361+00:00,obs-20261007-01,LIGHT,PEPEUSDT,1.0,4.08e-06,4.09e-06,4.085e-06,24.50980392156854,8828033460,4.08e-06,4.09e-06,85,11,91158.43758895,136117.44472887003,91110.79728758997,129746.7694363,0.0,712.18297603,104286.64495968,117328.5349833,272162.09454031,282558.7736976,609424.58119803,497017.8923629,935335.2648766801,1238756.9233344402
2026-10-08T00:44:30.027361+00:00,obs-20261007-01,LIGHT,BNBUSDT,1.0,773.19,773.2,773.195,0.12933431627448755,20910459058,773.19,773.2,378,127,1289237.2273099993,991788.4287699999,1348238.3184199992,987666.7834599996,23926.208240000007,25123.200449999993,752114.3206999998,952305.9518599997,1150285.7828799996,1551660.8964599986,2777698.229019999,3011369.995789999,5085231.626130001,4262149.285500001
2026-10-08T00:44:30.027361+00:00,obs-20261007-01,LIGHT,AAVEUSDT,1.0,173.64,173.65,173.64499999999998,0.5759041695463374,10439910835,173.64,173.65,243,52,558928.2443999996,348297.8158100001,571367.2233899999,366309.5395600001,4828.0191,5245.963279999999,148636.11305,95285.34765,253783.59537000005,149993.05618,348891.56477999996,200244.12111,389786.54808999994,231461.68466999996
2026-10-08T00:44:30.027361+00:00,obs-20261007-01,LIGHT,AVAXUSDT,1.0,11.059,11.06,11.0595,0.9042408897741439,10520695750,11.059,11.06,268,51,1190840.3758999996,433050.76509999984,1231241.21566,450842.7727499997,4660.322090000001,12401.741669999998,185142.32702,138081.16786999995,302606.05629,232758.50540999995,389372.2861300001,269324.99179,502971.10403,282513.72128
2026-10-08T00:44:30.027361+00:00,obs-20261007-01,LIGHT,FILUSDT,1.0,1.0638,1.0639,1.06385,0.9400263207370863,9895767443,1.0638,1.0639,253,41,233706.30011100002,155042.726139,268981.02288700006,129714.22431299994,7051.568758,4126.532972,122532.254557,82927.06208599999,205883.344196,156242.441526,297500.3413229999,208736.53725300002,379493.6491520001,244959.45206799996
2026-10-08T00:44:30.027361+00:00,obs-20261007-01,LIGHT,ALGOUSDT,1.0,0.119,0.1191,0.11904999999999999,8.403361344537785,5664571250,0.119,0.1191,112,0,20566.152000000002,22511.823900000007,24924.9054,21065.3063,0.0,0.0,56535.7768,26916.7398,123206.1768,63088.7812,154987.6499,87234.8134,201400.9669,107036.10680000002
2026-10-08T00:44:30.027361+00:00,obs-20261007-01,LIGHT,XRPUSDT,1.0,1.4207,1.4208,1.42075,0.7038783698165574,26678347272,1.4207,1.4208,356,79,2386421.9490800006,2002498.8530800003,2516976.2819400006,1772498.7254200007,43612.89190000002,48222.10736,1211014.30089,1077441.34081,1577744.38935,1403126.7642599996,2392921.1519899997,1962165.1883999994,3903453.4419500004,3072843.605019998
2026-10-08T00:44:30.027361+00:00,obs-20261007-01,LIGHT,HBARUSDT,1.0,0.09283,0.09284,0.092835,1.0772379618662065,8393359410,0.09283,0.09284,217,17,222862.91842000018,197475.22123999998,241928.51585000003,189873.93707000007,2411.66592,2548.8513400000006,127715.24633000001,124377.52268999998,248158.66174,244321.95712,410932.90953000006,393523.6917199999,872334.9214200001,753094.19667
2026-10-08T00:45:30.061662+00:00,obs-20261007-01,LIGHT,PEPEUSDT,1.0,4.08e-06,4.09e-06,4.085e-06,24.50980392156854,8828033704,4.08e-06,4.09e-06,144,11,62723.541335139984,143802.82021973998,62771.12879720999,139960.05615766995,409.63468056,993.30055339,106496.91321695999,121170.41412306999,272114.50707824,286401.65283966996,609376.99373596,500860.65642496996,936056.3309210101,1245945.80168128
2026-10-08T00:45:30.061662+00:00,obs-20261007-01,LIGHT,BNBUSDT,1.0,772.95,772.96,772.955,0.12937447441574434,20910465730,772.95,772.96,416,75,1276467.32479,1501002.0697700002,1240902.7298600003,1507403.5027299991,9409.233760000005,39226.08058,799066.2790399998,778061.0028100002,1266499.5124899994,1503916.2770499992,3008946.9054399994,3000585.550869999,5124291.2539800005,4243419.835079999
2026-10-08T00:45:30.061662+00:00,obs-20261007-01,LIGHT,AAVEUSDT,1.0,173.66,173.67,173.665,0.5758378440634537,10439913503,173.66,173.67,300,41,1615056.9276900014,413427.60849999986,1597758.9104300013,426294.35343999974,6678.038999999999,2722.83857,164874.43412,82497.96844999999,269806.49000000005,137900.32331999997,366007.3569999997,187424.03256999998,409616.8041799997,218625.90218999994
2026-10-08T00:45:30.061662+00:00,obs-20261007-01,LIGHT,AVAXUSDT,1.0,11.053,11.054,11.0535,0.9047317470356475,10520698195,11.053,11.054,282,25,783292.2594300004,469109.86371999973,761948.4317,456601.25260000007,704.39073,3140.25977,192368.66244000004,138380.80574,334382.76829000004,239486.82181,419730.43469000014,281059.21024999995,527227.1910300001,295634.6962700001
2026-10-08T00:45:30.061662+00:00,obs-20261007-01,LIGHT,FILUSDT,1.0,1.0647,1.0648,1.06475,0.9392317084633284,9895769497,1.0647,1.0648,265,39,237230.03353900014,140474.22585400002,220575.23460499998,162422.9441609999,2903.76216,1291.8533620000003,117093.79854400002,94507.715594,200396.171497,152274.15310200007,310089.15310299996,192526.21670500012,391876.38449300017,243593.84839000006
2026-10-08T00:45:30.061662+00:00,obs-20261007-01,LIGHT,ALGOUSDT,1.0,0.1189,0.119,0.11895,8.41042893187538,5664571530,0.1189,0.119,86,2,30912.988299999997,27300.267000000007,33791.3487,25782.423500000004,594.9999999999999,0.0,81002.761,20644.4007,123573.5961,58977.0938,154856.73889999997,86847.48689999999,199401.79359999995,108115.0893
2026-10-08T00:45:30.061662+00:00,obs-20261007-01,LIGHT,XRPUSDT,1.0,1.4209,1.421,1.42095,0.7037792948128008,26678351246,1.4209,1.421,385,62,2375645.815749998,1973924.5405000008,2254839.2944300007,2058821.4493199994,28300.58823,36910.805510000006,1277104.9423199997,952354.2715700003,1681971.2556099999,1320748.4696700005,2512636.2546499996,1891700.6551600003,4022305.7147100004,2989041.3923599985
2026-10-08T00:45:30.061662+00:00,obs-20261007-01,LIGHT,HBARUSDT,1.0,0.09279,0.0928,0.09279499999999999,1.0777023386143725,8393360690,0.09279,0.0928,231,15,294875.9952099999,333953.60956,298153.67243999994,314642.79021,1473.3804,2527.65623,154758.66523,134522.73434,251155.8622,250764.21914999996,410466.31081,411882.3001499999,865084.8036399999,765977.68252
2026-10-08T00:46:30.066429+00:00,obs-20261007-01,LIGHT,PEPEUSDT,1.0,4.09e-06,4.1e-06,4.095e-06,24.449877750611915,8828034216,4.09e-06,4.1e-06,159,15,395576.17235303996,244581.40087309998,316150.47030844004,251713.79561725998,1669.15306156,21287.68868775,74798.91407449999,163141.31513059998,244529.85255577997,298357.63763410994,556483.08538356,748343.01648116,994611.64538289,1391889.5041095198
2026-10-08T00:46:30.066429+00:00,obs-20261007-01,LIGHT,BNBUSDT,1.0,772.8,772.81,772.805,0.1293995859219521,20910469475,772.8,772.81,372,69,1552891.38817,1826698.8862600003,1356237.8053100002,1354801.4160900002,16890.22967,4777.953789999998,682289.69079,862700.7385999998,1441845.4095899991,1802326.2007100007,3224773.506929999,3471565.813640003,5315991.248290002,4815750.738150009
2026-10-08T00:46:30.066429+00:00,obs-20261007-01,LIGHT,AAVEUSDT,1.0,173.8,173.81,173.805,0.5753739930947077,10439915486,173.8,173.81,246,32,861167.0103600001,369266.0267400001,856995.4521000001,376348.6193300001,1593.5328799999997,781.27266,161098.94756000003,80298.12521999997,266241.54867000005,134418.98575999998,354877.86437999987,185172.14913,421540.94081999955,212220.69205999997
2026-10-08T00:46:30.066429+00:00,obs-20261007-01,LIGHT,AVAXUSDT,1.0,11.065,11.066,11.0655,0.9037505648445965,10520700952,11.065,11.066,262,40,995753.9055999999,364438.1212999998,963817.3817599997,394255.40421999997,3250.1864400000004,7150.733890000001,212458.5396,145759.06822999998,291365.0077399999,234445.51606999993,438724.68426999997,252065.15726999994,558022.9075600002,266295.89652999997
2026-10-08T00:46:30.066429+00:00,obs-20261007-01,LIGHT,FILUSDT,1.0,1.0651,1.0652,1.06515,0.9388789785003127,9895771165,1.0651,1.0652,238,33,227183.77183299998,117683.69501,216779.03003800003,120937.48675100002,2473.897948,713.534253,102457.955162,106266.72827200001,202644.197352,148939.27295200003,316918.14028999995,193386.710473,401533.8643150002,240452.682063
2026-10-08T00:46:30.066429+00:00,obs-20261007-01,LIGHT,ALGOUSDT,1.0,0.119,0.1191,0.11904999999999999,8.403361344537785,5664571843,0.119,0.1191,100,1,34670.314699999995,22197.332799999996,28435.594799999995,24180.9795,0.0,533.239,57219.745800000004,24204.1152,123649.8836,61607.4464,158344.0094,85269.996,190751.35980000003,105071.28940000002
2026-10-08T00:46:30.066429+00:00,obs-20261007-01,LIGHT,XRPUSDT,1.0,1.4211,1.4212,1.42115,0.7036802476956261,26678356938,1.4211,1.4212,396,79,3745820.90928,3154969.687609999,3464218.465840001,3153867.010149999,155741.51389000003,39744.46321,1448353.71259,833284.7743100002,1947114.99631,1154402.5893600003,2788388.2562599997,1895507.5583300004,4304583.29412,3071942.6994499993
2026-10-08T00:46:30.066429+00:00,obs-20261007-01,LIGHT,HBARUSDT,1.0,0.09281,0.09282,0.09281500000000001,1.077470100203648,8393362385,0.09281,0.09282,274,18,707226.6937899999,553275.2817899998,689647.3629000001,576934.9066199998,1398.0379699999999,2117.2192099999997,138006.65372999996,125620.18607000001,262804.83189999993,240899.37289000003,426713.15416000003,389174.88623999996,898299.0600600002,751276.3789700001
2026-10-08T00:47:30.098387+00:00,obs-20261007-01,LIGHT,PEPEUSDT,1.0,4.09e-06,4.1e-06,4.095e-06,24.449877750611915,8828034613,4.09e-06,4.1e-06,148,12,241852.27364658003,159326.60120903,201478.29820017013,153873.23152844,103.08347246999999,729.1338279,116616.41636342,121782.47959229999,269125.71480422,296438.69893908,596857.06082997,753796.38616175,1016759.92463931,1401697.1226303498
2026-10-08T00:47:30.098387+00:00,obs-20261007-01,LIGHT,BNBUSDT,1.0,773.37,773.38,773.375,0.12930421402490566,20910473104,773.37,773.38,338,88,2855702.966050003,2226473.8540599993,3143142.859440002,2283653.195949999,12862.19469,12135.951909999998,578575.7430700001,912937.4729999993,1282391.24384,1881045.3162799978,2573585.393069998,3536091.867129999,5036189.417650002,5016517.85309
2026-10-08T00:47:30.098387+00:00,obs-20261007-01,LIGHT,AAVEUSDT,1.0,173.92,173.93,173.925,0.5749770009200184,10439917350,173.92,173.93,246,30,844742.2073100002,438541.4396299999,727023.932,444568.8141299997,3782.4383300000004,1190.7624600000001,221906.07614000005,80200.59746000002,337522.58401000005,134783.33663,434306.8585999999,179399.97727000006,534461.34031,206257.32563
2026-10-08T00:47:30.098387+00:00,obs-20261007-01,LIGHT,AVAXUSDT,1.0,11.083,11.084,11.0835,0.9022827754212592,10520704022,11.083,11.084,304,39,1115579.8264500005,416038.75548000017,1122777.320950001,431527.73167999997,855.8671899999999,1741.0144100000002,179784.47271,162226.6007,262735.29604999995,224654.67329000006,414047.09977,238300.9653600001,529311.55515,269417.6611500001
2026-10-08T00:47:30.098387+00:00,obs-20261007-01,LIGHT,FILUSDT,1.0,1.0676,1.0677,1.06765,0.9366804046462285,9895773901,1.0676,1.0677,307,75,387164.306252,307811.4756040002,344538.2526379999,327116.61410899996,1728.6301610000007,11693.361730999999,98128.24878299999,76820.12557900001,194180.460787,127639.79608700005,322887.32707399986,193781.6199200001,416211.633493,223056.18736500014
2026-10-08T00:47:30.098387+00:00,obs-20261007-01,LIGHT,ALGOUSDT,1.0,0.1191,0.1192,0.11915,8.396305625524292,5664572407,0.1191,0.1192,146,2,82269.628,32844.16379999999,85882.5368,37183.3404,0.0,446.7441,38658.0649,22246.857900000003,111033.292,61066.912599999996,151727.8339,82617.3051,195492.29150000005,102368.66030000002
2026-10-08T00:47:30.098387+00:00,obs-20261007-01,LIGHT,XRPUSDT,1.0,1.4224,1.4225,1.42245,0.7030371203597952,26678362315,1.4224,1.4225,400,83,3427247.4387399987,3001008.389490001,3572891.8959799996,3069428.667780001,83103.70103,22914.619070000004,1296705.4891899999,812728.71246,1844691.6836799993,1200907.75426,2611633.4396999995,1846994.6834699993,4225127.52153,3069314.1976199984
2026-10-08T00:47:30.098387+00:00,obs-20261007-01,LIGHT,HBARUSDT,1.0,0.09292,0.09293,0.09292500000000001,1.0761945759796276,8393364856,0.09292,0.09293,325,24,1683701.43667,880682.3196900004,1685670.576049999,896844.2726099993,1519.892,1438.06348,109283.87597,135988.95603,253921.21841999996,197678.96722,401254.6965200001,378568.4104400001,889105.9182900002,744809.8070300003
2026-10-08T00:48:30.126627+00:00,obs-20261007-01,LIGHT,PEPEUSDT,1.0,4.09e-06,4.1e-06,4.095e-06,24.449877750611915,8828034912,4.09e-06,4.1e-06,135,13,58815.32945695,363546.5568573999,47169.19772034,362288.49173866,148.08285493,699.4312057000002,114365.87577335,125229.1778679,279894.48616463,298180.88270082,608503.1925665799,755054.45128049,949600.9840299399,1410546.34470691
2026-10-08T00:48:30.126627+00:00,obs-20261007-01,LIGHT,BNBUSDT,1.0,773.37,773.38,773.375,0.12930421402490566,20910474511,773.37,773.38,294,28,790462.9332200001,480324.2905300001,486374.3307599999,481324.32379000017,457.83504,3778.73468,584099.4561800003,911929.7035699994,1359261.7170500003,1880045.283019998,2877673.99553,3535091.8338699993,5332516.321880006,5015647.618360001
2026-10-08T00:48:30.126627+00:00,obs-20261007-01,LIGHT,AAVEUSDT,1.0,173.94,173.95,173.945,0.5749108888108978,10439918392,173.94,173.95,195,13,396970.17945000005,348992.67127999983,506535.2346000002,354381.1577399998,144.49711,684.5200900000001,116543.86442999999,75321.02172000003,243898.53180999996,130041.71378000002,323143.5312799998,174319.2671700001,422607.7290099997,200868.83917000002
2026-10-08T00:48:30.126627+00:00,obs-20261007-01,LIGHT,AVAXUSDT,1.0,11.075,11.076,11.0755,0.9029345372479902,10520706861,11.075,11.076,284,50,1163617.12137,340386.53838999994,1117150.5365599997,331302.97846000013,10558.349500000002,7996.0370299999995,217928.05400999996,147088.03342999998,322193.4439999998,216737.80943999995,461212.79140999983,246562.19008999993,585540.4427400001,259867.94393
2026-10-08T00:48:30.126627+00:00,obs-20261007-01,LIGHT,FILUSDT,1.0,1.0667,1.0668,1.0667499999999999,0.9374707040410435,9895776962,1.0667,1.0668,331,68,513912.227764,291592.897307,559194.4484429999,255544.9588620001,5590.795161999999,3141.904083,77002.425012,94469.715796,190167.88171900006,142385.43364899998,281239.95227999997,214173.18329099994,376947.3875900001,275926.2066789999
2026-10-08T00:48:30.126627+00:00,obs-20261007-01,LIGHT,ALGOUSDT,1.0,0.119,0.1191,0.11904999999999999,8.403361344537785,5664572702,0.119,0.1191,92,1,53158.6953,34502.027400000006,42828.6502,32493.758,0.0,400.0569,64781.9868,17730.347,132474.3946,57139.0736,165061.14570000002,82939.0888,206545.69960000005,102740.38220000002
2026-10-08T00:48:30.126627+00:00,obs-20261007-01,LIGHT,XRPUSDT,1.0,1.4232,1.4233,1.42325,0.7026419336697565,26678365957,1.4232,1.4233,370,55,2230010.395960001,2286150.576679999,2069367.697710001,2196910.706399999,11944.635709999997,53163.5883,1509713.2998000002,950583.0320200002,2144471.451080001,1324150.1649000002,2767701.562860002,1936825.62452,4269569.731080002,3166797.1328199995
2026-10-08T00:48:30.126627+00:00,obs-20261007-01,LIGHT,HBARUSDT,1.0,0.09291,0.09292,0.092915,1.0763104079214436,8393366173,0.09291,0.09292,296,15,261351.99881000008,470002.3538599999,228352.1443900001,475452.2228500002,482.87169,2058.0667799999997,147998.35001999998,137538.71355000001,286934.53719999996,231408.27543,434254.55094000004,373118.5414500001,922006.9313500001,739359.9380400002
2026-10-08T00:49:30.127279+00:00,obs-20261007-01,LIGHT,PEPEUSDT,1.0,4.1e-06,4.11e-06,4.105e-06,24.390243902439046,8828035558,4.1e-06,4.11e-06,137,28,257675.57712401,246681.39915442004,192912.44637924,341604.10758497997,612.4905375999999,13785.341142390002,93016.94099799999,174458.24331005997,259583.59587209998,310095.9020167,511758.00801785,1130427.8436968098,862880.9125176901,1408060.26841777
2026-10-08T00:49:30.127279+00:00,obs-20261007-01,LIGHT,BNBUSDT,1.0,773.92,773.93,773.925,0.12921232168672248,20910478970,773.92,773.93,376,75,3054086.2158299987,2175757.4748399984,2812200.1600200003,2202508.175579998,11929.282439999999,14099.388550000003,641213.3897500003,1133159.779659999,1310789.2671199997,1860162.5397399978,3103721.764519999,3682542.5207299977,5199997.602230002,5070001.297619999
2026-10-08T00:49:30.127279+00:00,obs-20261007-01,LIGHT,AAVEUSDT,1.0,174.05,174.06,174.055,0.5745475438079239,10439919935,174.05,174.06,259,18,922478.3663600001,209523.59342,883694.2505299994,209035.50989000004,54.44705,1251.77462,168676.72559999998,88848.81717,269163.5993,138143.60124000002,353954.82220000005,174949.34934000013,448475.5784799999,202916.13867000007
2026-10-08T00:49:30.127279+00:00,obs-20261007-01,LIGHT,AVAXUSDT,1.0,11.096,11.097,11.096499999999999,0.9012256669072016,10520710280,11.096,11.097,315,43,1497438.4704200004,408685.81318000006,1481008.1529299999,441037.25125,11818.998679999999,3353.13138,183209.68888999996,129466.82088,303382.25549,186906.69302000006,452452.60055,217184.84229000015,559752.6269900004,248865.42424000014
2026-10-08T00:49:30.127279+00:00,obs-20261007-01,LIGHT,FILUSDT,1.0,1.0682,1.0683,1.06825,0.9361542782260202,9895778590,1.0682,1.0683,291,21,465533.4027140001,123652.59183199993,434819.18181600014,150271.97545999996,2001.577071,201.638707,78538.447315,93068.01234599999,161124.94378499998,135980.997477,302752.0423199999,203979.49678499997,395936.248615,250729.74669599996
2026-10-08T00:49:30.127279+00:00,obs-20261007-01,LIGHT,ALGOUSDT,1.0,0.1192,0.1193,0.11925,8.38926174496768,5664573287,0.1192,0.1193,147,3,65652.23610000001,44642.12369999998,55722.5149,49188.69579999999,763.1928,1338.9867,46191.5514,26434.180800000002,112982.1817,59103.9124,162765.7822,80599.2508,207591.64770000003,101776.5122
2026-10-08T00:49:30.127279+00:00,obs-20261007-01,LIGHT,XRPUSDT,1.0,1.4242,1.4243,1.4242499999999998,0.7021485746383505,26678370196,1.4242,1.4243,390,54,2320986.3515099995,2253900.88684,2274869.5973900002,2238778.3533300003,6570.044419999999,52893.44871,1493339.2902899997,987087.2414200002,2030774.65242,1513312.4815500001,2742632.78688,1969210.2864000003,4281692.228410001,3230891.888039999
2026-10-08T00:49:30.127279+00:00,obs-20261007-01,LIGHT,HBARUSDT,1.0,0.09305,0.09306,0.093055,1.0746910263303988,8393368361,0.09305,0.09306,325,20,816478.4036,338128.0962099998,783536.6874000003,382934.0585900001,1067.54788,2366.37368,130208.94481999999,113258.97969999998,232061.71380999987,199995.77406,459621.4359199998,338058.37132000003,845104.03068,694787.8748200003
2026-10-08T00:50:30.166621+00:00,obs-20261007-01,LIGHT,PEPEUSDT,1.0,4.09e-06,4.1e-06,4.095e-06,24.449877750611915,8828036193,4.09e-06,4.1e-06,171,20,195958.22043333,463845.70802781987,256540.59368992998,351369.58376800985,15546.432693329998,1475.91414859,114372.36014115,89318.75049769999,279110.35688403,291164.12723219,583234.82105581,759265.87093928,923425.93499966,1454590.06191639
2026-10-08T00:50:30.166621+00:00,obs-20261007-01,LIGHT,BNBUSDT,1.0,773.77,773.78,773.775,0.12923737027881188,20910482432,773.77,773.78,390,118,2621983.41591,1804569.3030700004,2855187.9143899987,1778298.0060099994,7712.86235,8320.22585,621046.6572400002,1045945.5621399996,1362126.6370399997,1881974.552789998,2872057.2209799993,3707127.1070999987,5154690.764880006,5094206.307759999
2026-10-08T00:50:30.166621+00:00,obs-20261007-01,LIGHT,AAVEUSDT,1.0,173.84,173.85,173.845,0.5752416014725981,10439921839,173.84,173.85,269,31,801459.2354200002,429951.4433100001,850156.6164799994,406704.50255999994,14786.162699999999,1949.45706,135019.46325,85623.51215,258883.35760000002,143389.69791000005,348392.59813,195426.76227000006,416209.4861799998,222514.24243
2026-10-08T00:50:30.166621+00:00,obs-20261007-01,LIGHT,AVAXUSDT,1.0,11.09,11.091,11.090499999999999,0.9017132551836227,10520713872,11.09,11.091,337,49,1693784.2441099982,456213.70395999984,1719112.9546199993,424462.31604999996,777.2963199999998,12667.943999999998,204938.80014,143843.28643,307152.4672700001,216674.88815000004,430508.41589999996,248909.33642000012,542496.9215100001,280535.6091000001
2026-10-08T00:50:30.166621+00:00,obs-20261007-01,LIGHT,FILUSDT,1.0,1.0687,1.0688,1.06875,0.935716290819677,9895780895,1.0687,1.0688,328,45,412524.258104,200242.34109999996,397946.5970780001,221518.8138439999,4818.681735,2075.754629,90057.53977999999,73838.530616,174463.79722999997,123766.851008,312987.0798779999,188360.57529999997,406152.75566199986,235557.62820399995
2026-10-08T00:50:30.166621+00:00,obs-20261007-01,LIGHT,ALGOUSDT,1.0,0.1191,0.1192,0.11915,8.396305625524292,5664573617,0.1191,0.1192,102,1,29585.4482,15318.1077,39488.1415,13097.863599999999,0.0,149.9601,57137.5428,17902.0119,125137.911,57664.804000000004,160738.0549,80011.6465,204480.62780000005,103479.47030000003
2026-10-08T00:50:30.166621+00:00,obs-20261007-01,LIGHT,XRPUSDT,1.0,1.424,1.4241,1.4240499999999998,0.702247191011196,26678373629,1.424,1.4241,415,56,1505437.5842100002,1680191.1092600012,1779374.7774299996,1630802.60521,29006.54127000001,11425.6658,1296682.5688500004,1064697.17039,1764335.3687000007,1284079.3744099992,2534910.254920001,2018957.3145699997,3981709.7211400014,3280623.9772499986
2026-10-08T00:50:30.166621+00:00,obs-20261007-01,LIGHT,HBARUSDT,1.0,0.09315,0.09316,0.093155,1.0735373054227004,8393371081,0.09315,0.09316,346,38,969672.3900700002,859198.2352399996,850408.5603799998,851397.3468000002,4572.784519999999,8277.282969999998,141632.46706,131201.45380000002,236247.15918000002,214916.71215000004,466605.85043,346750.65712000005,855173.3699100002,714868.1408400002
2026-10-08T00:51:30.166815+00:00,obs-20261007-01,LIGHT,PEPEUSDT,1.0,4.09e-06,4.1e-06,4.095e-06,24.449877750611915,8828036554,4.09e-06,4.1e-06,164,13,70512.19663933001,295536.5153969799,66742.9836127,276872.45958072,903.92632329,835.673972,113866.1219249,117422.496407,283286.95204202,309374.37667844,587004.03408244,777929.9267555401,926446.4595411901,1458281.0341980502
2026-10-08T00:51:30.166815+00:00,obs-20261007-01,LIGHT,BNBUSDT,1.0,773.78,773.79,773.785,0.12923570007039586,20910488088,773.78,773.79,399,160,1461658.7525400007,1601675.1492500002,1460188.79348,1596667.9591599999,4868.389120000003,14965.353939999999,620956.2842200004,1056291.8071199995,1364526.4366100002,1887404.6776599984,2873715.6455599996,3712182.7613499993,5165446.047270007,5101706.767070004
2026-10-08T00:51:30.166815+00:00,obs-20261007-01,LIGHT,AAVEUSDT,1.0,173.7,173.71,173.70499999999998,0.5757052389188111,10439924496,173.7,173.71,270,44,727119.3012799997,575951.7523899997,734548.6441400002,564125.4287700002,7976.821109999998,4238.78954,149080.35679,86559.48907999998,257193.42519,143013.85762,358530.96903000004,197674.68989999994,410142.4943899999,226544.56441999992
2026-10-08T00:51:30.166815+00:00,obs-20261007-01,LIGHT,AVAXUSDT,1.0,11.081,11.082,11.0815,0.9024456276529591,10520718096,11.081,11.082,341,64,1371831.2898200003,551280.22521,1478239.2207399998,557498.6376499999,3992.3234300000013,3796.3182800000004,171700.86304000003,114643.01777999998,254844.89734000005,174472.55671000006,325764.32168,240323.47142000007,430593.65205999993,271811.8688000001
2026-10-08T00:51:30.166815+00:00,obs-20261007-01,LIGHT,FILUSDT,1.0,1.0676,1.0677,1.06765,0.9366804046462285,9895784690,1.0676,1.0677,383,103,522642.7296779999,338739.934921,558831.3282660001,307417.966956,9649.025051000006,4590.120622,102285.583464,87821.22330700001,200084.458689,141372.37420199998,286051.75468099985,213109.83980499997,379771.34117999964,264011.707931
2026-10-08T00:51:30.166815+00:00,obs-20261007-01,LIGHT,ALGOUSDT,1.0,0.1192,0.1193,0.11925,8.38926174496768,5664574009,0.1192,0.1193,122,2,42855.9329,13952.692499999997,32449.579400000006,15469.665099999998,0.0,496.9448,48634.902700000006,27149.0432,112948.62340000001,59807.293000000005,163269.4424,81302.5223,206748.4305,103795.6153
2026-10-08T00:51:30.166815+00:00,obs-20261007-01,LIGHT,XRPUSDT,1.0,1.4233,1.4234,1.4233500000000001,0.7025925665704591,26678381361,1.4233,1.4234,463,99,4533400.886310001,4345178.6294599995,4493074.75955,4365778.67569,29921.155320000005,101491.99641999998,1209986.7357999997,918511.4252499997,1763714.2135099997,1274949.1699599994,2578184.34527,1986399.7857499998,4048625.6850199997,3227323.7382099987
2026-10-08T00:51:30.166815+00:00,obs-20261007-01,LIGHT,HBARUSDT,1.0,0.09314,0.09316,0.09315000000000001,2.1473051320608505,8393373292,0.09314,0.09316,298,28,742730.3550999996,310909.7531700001,753727.4204299999,293115.13553000015,1170.91854,3526.2724599999997,159096.7664,143813.68693,286306.26524000004,226757.25315000003,455608.7851000001,364545.27476000006,844189.7978600003,732673.06386
2026-10-08T00:52:30.179454+00:00,obs-20261007-01,LIGHT,PEPEUSDT,1.0,4.09e-06,4.1e-06,4.095e-06,24.449877750611915,8828036797,4.09e-06,4.1e-06,136,12,19382.67569754,315560.7571442601,28487.903434710002,415590.88620063,507.53173191999997,741.1533304999999,122717.65829687999,115855.39140169999,274368.3898284,292563.76526807,577898.80634527,677899.79769917,916587.57829441,1283382.74757614
2026-10-08T00:52:30.179454+00:00,obs-20261007-01,LIGHT,BNBUSDT,1.0,773.77,773.78,773.775,0.12923737027881188,20910491767,773.77,773.78,359,89,909890.3276299997,930879.1052399998,899502.75908,940023.1245600005,9491.00876,11494.112159999999,634005.9365600002,1042381.3120399996,1375591.30417,1878116.0154399984,2884095.5540099987,3703038.7420299994,5171579.108820005,5092365.416850003
2026-10-08T00:52:30.179454+00:00,obs-20261007-01,LIGHT,AAVEUSDT,1.0,173.66,173.67,173.665,0.5758378440634537,10439925957,173.66,173.67,222,20,551882.21741,282922.291,551632.3143400002,271988.31075,2820.5899099999997,1777.6605100000002,176102.37225000004,93679.10125,260971.81014000002,152983.37097000002,359089.32979999983,208549.20388,404168.6547599997,237359.13882999995
2026-10-08T00:52:30.179454+00:00,obs-20261007-01,LIGHT,AVAXUSDT,1.0,11.071,11.072,11.0715,0.9032607713832519,10520721434,11.071,11.072,280,41,1312335.6929399997,560747.61623,1234609.2432900004,495705.91770000017,1219.54408,400.87963,226144.59021000005,136795.15387999997,351787.02356999996,225859.15024999998,404563.28907999996,304063.39572000003,519124.41264,317164.1981599999
2026-10-08T00:52:30.179454+00:00,obs-20261007-01,LIGHT,FILUSDT,1.0,1.0659,1.066,1.06595,0.938174312787865,9895786903,1.0659,1.066,296,58,237828.89626199994,179301.79822500004,274554.07466,135681.478395,1291.4091959999998,2124.4042220000006,89989.36905700002,85071.90983300001,204956.53729200005,158747.94267900006,261505.26261000015,228187.27819500005,360388.18150500004,306332.00396199996
2026-10-08T00:52:30.179454+00:00,obs-20261007-01,LIGHT,ALGOUSDT,1.0,0.1193,0.1194,0.11935000000000001,8.382229673093988,5664574930,0.1193,0.1194,127,8,87502.1794,79266.9221,92526.5951,76018.3994,768.5597,875.4575,48095.736,27051.2448,108357.2105,63544.8538,154712.8919,83845.18400000001,186188.9877,107292.39210000003
2026-10-08T00:52:30.179454+00:00,obs-20261007-01,LIGHT,XRPUSDT,1.0,1.4236,1.4237,1.4236499999999999,0.702444506883726,26678386244,1.4236,1.4237,416,63,2536668.3856300004,2247379.5937400004,2548071.910089998,2361125.7990900013,11318.465349999999,59558.69875,1226660.6369699999,893283.2116599999,1750689.6946200004,1185983.7857,2564140.9527400006,1874997.0067200006,4025024.6647799998,3149665.65904
2026-10-08T00:52:30.179454+00:00,obs-20261007-01,LIGHT,HBARUSDT,1.0,0.09317,0.09318,0.09317500000000001,1.0733068584301009,8393375012,0.09317,0.09318,245,24,543301.8382499997,376401.96801000007,539103.2922799998,383702.8271400002,1226.07906,18825.095659999995,131174.02277999997,135761.07123,274280.33550999995,224896.74031000002,454509.87286,357252.03692,847497.7816900001,725372.20473
2026-10-08T00:53:30.226588+00:00,obs-20261007-01,LIGHT,PEPEUSDT,1.0,4.1e-06,4.11e-06,4.105e-06,24.390243902439046,8828037536,4.1e-06,4.11e-06,168,12,366367.78690257005,286070.38610691,239599.88823852,292403.68066093,0.0,11247.430380679998,106466.38522709999,167476.99949657999,274583.73385872,313584.29901782004,547931.5989578799,1142330.05185571,878229.00841402,1422976.9393250702
2026-10-08T00:53:30.226588+00:00,obs-20261007-01,LIGHT,BNBUSDT,1.0,774.15,774.16,774.155,0.1291739326991781,20910495006,774.15,774.16,347,58,2226361.02797,1650560.565649999,2201465.6659700004,1773292.3616700002,120.76036,6418.378659999995,687990.9660600001,1209383.3763199998,1304248.2146300003,1894587.8053699995,2888340.92667,3583929.3419600003,5175341.722140005,5078707.481330004
2026-10-08T00:53:30.226588+00:00,obs-20261007-01,LIGHT,AAVEUSDT,1.0,173.6,173.61,173.60500000000002,0.5760368663598747,10439927681,173.6,173.61,284,40,713630.92289,550282.3219600001,720255.2341800001,553356.0736300001,8153.146839999999,9178.708939999999,175405.31904000003,71685.20416000004,244843.67918000006,141000.32714000004,353120.59390999994,202321.24311000007,392047.2004499999,232070.18584000005
2026-10-08T00:53:30.226588+00:00,obs-20261007-01,LIGHT,AVAXUSDT,1.0,11.08,11.081,11.0805,0.9025270758122872,10520723507,11.08,11.081,245,27,590791.8779300004,312611.27093,571999.3055500002,347341.6562199999,91.58433,4283.426739999999,198544.98289,141194.04193,324987.5498200001,210900.29035000002,422915.32541000005,270205.8666300002,526674.83404,301548.61345999996
2026-10-08T00:53:30.226588+00:00,obs-20261007-01,LIGHT,FILUSDT,1.0,1.0658,1.0659,1.0658500000000002,0.9382623381504196,9895789111,1.0658,1.0659,289,39,257340.74240000005,198083.113039,250115.39154500002,198082.82625199997,836.460363,494.12543900000014,93095.77231399997,78898.33824400003,208869.192842,149092.7131150001,275130.5386410001,227961.47898200018,370454.8294839999,306048.5747060001
2026-10-08T00:53:30.226588+00:00,obs-20261007-01,LIGHT,ALGOUSDT,1.0,0.1192,0.1193,0.11925,8.38926174496768,5664575569,0.1192,0.1193,94,4,144749.59749999995,44540.59280000001,140512.58839999995,41060.60250000001,491.2774,1231.6532,82269.3236,17116.781899999998,132452.0522,57159.95769999999,162482.0358,87055.49530000001,191737.20249999998,110299.94300000003
2026-10-08T00:53:30.226588+00:00,obs-20261007-01,LIGHT,XRPUSDT,1.0,1.424,1.4241,1.4240499999999998,0.702247191011196,26678390078,1.424,1.4241,401,40,1547659.3825799986,1593935.5772499992,1564967.6167299994,1620872.3236900002,17122.2877,12421.565449999998,1245406.7678199995,797138.04544,1748137.5557899997,1315765.37556,2546020.2888599993,1863385.0669500008,3993322.3293299987,3125195.66483
2026-10-08T00:53:30.226588+00:00,obs-20261007-01,LIGHT,HBARUSDT,1.0,0.09322,0.09323,0.093225,1.0727311735680978,8393376577,0.09322,0.09323,267,16,555258.3149900002,156791.92588000002,532532.6465100001,174550.25709000006,748.5375399999999,1756.68475,144244.12455,125768.36414,268149.20351,215185.57455000005,475940.92001000006,341607.07884000003,869626.7248999999,708132.6055200001
2026-10-08T00:54:30.236005+00:00,obs-20261007-01,LIGHT,PEPEUSDT,1.0,4.1e-06,4.11e-06,4.105e-06,24.390243902439046,8828038164,4.1e-06,4.11e-06,189,15,57107.39297855,233597.80582301994,55713.97529674999,242870.95023713997,75.4578227,1905.5132254199998,107528.2311604,132996.73024181998,277150.65746052,303707.2371237,549325.01663968,1133056.90744159,879203.68794885,1445007.9071057201
2026-10-08T00:54:30.236005+00:00,obs-20261007-01,LIGHT,BNBUSDT,1.0,774.26,774.27,774.265,0.12915558081250111,20910498952,774.26,774.27,392,89,2037785.223160001,1400277.34358,1892112.8127499998,1399482.69361,3652.7421800000006,11461.221420000003,710138.01871,1198729.6574700004,1370819.9675500002,1897928.7705199996,2998094.152009999,3661529.6615300006,4945432.5209,5076717.341480003
2026-10-08T00:54:30.236005+00:00,obs-20261007-01,LIGHT,AAVEUSDT,1.0,173.42,173.43,173.425,0.576634759543726,10439929855,173.42,173.43,269,63,694322.6099600001,445307.5684100003,701214.1737700001,432317.0575999999,10167.35141,3478.1427400000002,172401.08062000002,101551.37685,259965.0726,152767.04258000004,350778.62532999995,208565.8568500001,870118.4785700002,233899.55325000006
2026-10-08T00:54:30.236005+00:00,obs-20261007-01,LIGHT,AVAXUSDT,1.0,11.077,11.078,11.0775,0.9027715085307975,10520725351,11.077,11.078,234,27,395109.17708000005,540998.82951,397720.72940999997,523867.44697000016,4952.74001,12784.00085,208658.56139000002,146968.51864,332165.73636999994,223100.01565000002,420636.4335499999,286663.8349700001,532975.3561899998,300349.61841999996
2026-10-08T00:54:30.236005+00:00,obs-20261007-01,LIGHT,FILUSDT,1.0,1.0635,1.0636,1.06355,0.940291490363343,9895791549,1.0635,1.0636,299,30,341751.7962010001,316653.33465900004,373441.5620050003,267639.04073700006,2666.7243759999997,0.0,126072.84222500001,73895.493316,203003.56924500005,153272.29278999998,270287.3657470001,248706.65911700003,359047.0917679998,316836.581937
2026-10-08T00:54:30.236005+00:00,obs-20261007-01,LIGHT,ALGOUSDT,1.0,0.1193,0.1194,0.11935000000000001,8.382229673093988,5664576005,0.1193,0.1194,95,1,49656.6275,33171.2516,48073.0674,33020.88590000001,0.0,190.9993,62666.518000000004,26249.7699,124676.00230000002,66183.4242,160533.46109999996,87475.54000000001,191561.85439999995,108631.34810000003
2026-10-08T00:54:30.236005+00:00,obs-20261007-01,LIGHT,XRPUSDT,1.0,1.4243,1.4244,1.42435,0.7020992768391743,26678392328,1.4243,1.4244,366,36,854783.1166599998,684299.3242100005,812175.7655099998,707092.65391,15255.032159999999,8379.74453,1264106.0921700003,842543.96608,1776326.7443600004,1299783.41194,2524941.53073,1841799.4549800009,4033233.9157700003,3103621.21397
2026-10-08T00:54:30.236005+00:00,obs-20261007-01,LIGHT,HBARUSDT,1.0,0.09322,0.09323,0.093225,1.0727311735680978,8393377693,0.09322,0.09323,226,10,397576.77686,137622.17437,415007.53585000004,138728.03722000006,807.69163,2037.9036599999997,138020.79823,120227.36944000001,257133.97599,207675.62491000007,458510.16101999994,340501.2159900001,851573.8909400001,707032.2480300002
2026-10-08T00:55:30.262181+00:00,obs-20261007-01,LIGHT,PEPEUSDT,1.0,4.1e-06,4.11e-06,4.105e-06,24.390243902439046,8828038332,4.1e-06,4.11e-06,102,10,58323.67833187,35084.746893280004,43338.63043569001,19290.555994299997,101.3836602,638.0698553999999,130054.9321314,143546.37537755998,292591.72605875,319501.64278268,564310.06453586,1148851.09834057,894155.93780493,1460802.0980047002
2026-10-08T00:55:30.262181+00:00,obs-20261007-01,LIGHT,BNBUSDT,1.0,774.22,774.23,774.225,0.1291622536236936,20910500730,774.22,774.23,294,29,477071.9454600001,475398.22431,491938.77813000005,434524.1670600001,532.67407,14186.414549999998,679179.2647400001,1160377.7241200001,1361992.7380600006,1938509.8503399994,2984428.4306299994,3625744.2704000003,4928971.4861,5121261.813410002
2026-10-08T00:55:30.262181+00:00,obs-20261007-01,LIGHT,AAVEUSDT,1.0,173.36,173.37,173.365,0.5768343331791215,10439931319,173.36,173.37,205,69,363675.4405900001,436835.90265,374135.11595,446378.52252000006,21663.253019999993,3828.7541900000006,137925.16312,91528.90458000002,242745.75946000015,142395.09881000005,340395.33924000006,198912.90835000016,863261.3432000004,223788.67350000006
2026-10-08T00:55:30.262181+00:00,obs-20261007-01,LIGHT,AVAXUSDT,1.0,11.064,11.065,11.064499999999999,0.9038322487331385,10520727866,11.064,11.065,271,28,959665.3714699999,681944.0949700001,991907.2011899997,653608.66145,16764.135319999998,16478.183350000003,231197.87228,134803.88771000004,316012.38516,222111.13424999994,404211.1946900001,313908.59696999996,511881.92904,328432.40155
2026-10-08T00:55:30.262181+00:00,obs-20261007-01,LIGHT,FILUSDT,1.0,1.0626,1.0627,1.06265,0.94108789761016,9895794046,1.0626,1.0627,316,54,400229.60728900007,299649.63944,419774.5843120002,273354.73580000014,992.7748079999999,11887.995665,100832.54319200001,80069.18119099998,174581.43092800002,154632.460638,256656.0839080001,265989.723872,363692.963755,324165.6811669999
2026-10-08T00:55:30.262181+00:00,obs-20261007-01,LIGHT,ALGOUSDT,1.0,0.1193,0.1194,0.11935000000000001,8.382229673093988,5664576182,0.1193,0.1194,69,1,22438.738499999996,11982.4722,21177.037800000002,13206.47,0.0,181.36860000000001,65552.4779,24949.872199999998,128428.4644,64959.4374,161795.1618,86251.54220000001,192823.5551,107659.85800000004
2026-10-08T00:55:30.262181+00:00,obs-20261007-01,LIGHT,XRPUSDT,1.0,1.424,1.4241,1.4240499999999998,0.702247191011196,26678393995,1.424,1.4241,347,33,536978.3907,499672.5036300001,656714.9082,402068.1584,27439.415589999993,15691.427679999999,1199238.57253,872455.03666,1678827.51392,1375494.7666700003,2468891.12251,1939208.6104800007,3914646.68799,3201019.17316
2026-10-08T00:55:30.262181+00:00,obs-20261007-01,LIGHT,HBARUSDT,1.0,0.09318,0.09319,0.09318499999999999,1.0731916720319035,8393378716,0.09318,0.09319,175,13,332813.2977899999,128477.59278000002,343348.35793999996,113651.84342000005,691.88562,2600.9039900000002,139031.31032000005,133994.27469,285707.6152,214919.22764000003,449269.72219999996,353718.58648000006,841589.0080800002,721849.2500300001
2026-10-08T00:56:30.272620+00:00,obs-20261007-01,LIGHT,PEPEUSDT,1.0,4.1e-06,4.11e-06,4.105e-06,24.390243902439046,8828038532,4.1e-06,4.11e-06,122,14,8064.482671219998,27381.638514770002,23702.095691140003,130115.26025608,458.24925509999997,2760.40347165,123089.00035639999,140732.83314051,276926.72950439,300476.60660239,548672.45151594,1046117.4765992601,878768.49965706,1274372.2146211502
2026-10-08T00:56:30.272620+00:00,obs-20261007-01,LIGHT,BNBUSDT,1.0,774.1,774.11,774.105,0.1291822761917416,20910502879,774.1,774.11,343,42,401627.5269499994,683737.4772,409526.2740999997,687716.3128599998,2946.2875499999996,1490.9889899999998,672290.0983500003,1125766.8591699998,1361376.270680001,1900325.152419999,3012016.478409999,3621011.7062800014,5166601.037740003,5115139.073220003
2026-10-08T00:56:30.272620+00:00,obs-20261007-01,LIGHT,AAVEUSDT,1.0,173.4,173.41,173.405,0.5767012687418749,10439932447,173.4,173.41,189,24,305836.7616100001,345400.57723,305939.32532999996,333823.31361999986,2385.61302,13934.65406,138582.25706,105212.91783000002,215449.5511400001,159871.42245,340216.38625000004,210594.72064000007,850863.4733000002,235425.71361
2026-10-08T00:56:30.272620+00:00,obs-20261007-01,LIGHT,AVAXUSDT,1.0,11.066,11.067,11.066500000000001,0.9036688957153594,10520729693,11.066,11.067,247,19,777665.0646200002,451203.51505999995,775097.83945,453803.86461000005,1194.80094,1595.8235200000001,220238.59585,132617.34209999998,325761.27910000004,227124.90258999998,398017.8159100001,311351.94558000006,512267.79167000006,325671.03255000006
2026-10-08T00:56:30.272620+00:00,obs-20261007-01,LIGHT,FILUSDT,1.0,1.0633,1.0634,1.0633499999999998,0.9404683532387992,9895795626,1.0633,1.0634,244,23,186731.583286,164119.18328999987,167491.74337300003,181009.20762999993,897.642162,1161.123758,100009.32583399997,93724.97685699999,181572.022063,154447.006171,269890.88783400017,249588.37389100002,358148.586038,307853.07552699983
2026-10-08T00:56:30.272620+00:00,obs-20261007-01,LIGHT,ALGOUSDT,1.0,0.1193,0.1194,0.11935000000000001,8.382229673093988,5664576253,0.1193,0.1194,41,1,8423.079300000001,10185.6527,12767.265499999996,11015.3451,0.0,54.924,65776.9388,29925.6168,126118.05129999999,64129.745,157450.9756,85421.84980000001,188479.3689,106830.16560000004
2026-10-08T00:56:30.272620+00:00,obs-20261007-01,LIGHT,XRPUSDT,1.0,1.4242,1.4243,1.4242499999999998,0.7021485746383505,26678396080,1.4242,1.4243,343,36,898652.0566099997,724173.7533200004,807457.8357899999,764207.5874400004,28328.462450000003,89580.48667,1302475.20708,879796.9505900001,1769838.3076600004,1357713.0560300003,2496413.61707,1899828.9210400009,4150188.6499400004,3293640.75255
2026-10-08T00:56:30.272620+00:00,obs-20261007-01,LIGHT,HBARUSDT,1.0,0.09319,0.0932,0.093195,1.0730765103561524,8393379644,0.09319,0.0932,206,10,211155.10780000006,57522.885530000014,206904.38369000008,60024.89411,14.25879,3204.0641599999994,132200.28561,132845.69337000002,289729.84306,213781.8972400001,452887.08141,351759.5561800001,845732.3264300001,719347.2414500001
2026-10-08T00:57:30.272655+00:00,obs-20261007-01,LIGHT,PEPEUSDT,1.0,4.1e-06,4.11e-06,4.105e-06,24.390243902439046,8828038824,4.1e-06,4.11e-06,140,11,4835.790606559999,402097.8083382799,3428.435096939999,416354.3863268499,0.0,718.4261710499999,125356.76076589999,106150.86272076,276999.11828677997,286188.12866728,550079.80702556,1031860.89861069,877984.2269292,1273762.9775998401
2026-10-08T00:57:30.272655+00:00,obs-20261007-01,LIGHT,BNBUSDT,1.0,774.16,774.17,774.165,0.1291722641316717,20910505584,774.16,774.17,337,51,938842.4405899992,1148648.5829600003,912509.2139599995,1170950.01062,7319.045769999999,10069.781569999996,711465.58425,1107340.2653400002,1387227.3326900005,1916770.3181899993,3003496.006409999,3599331.0781600014,4945126.724410003,5088916.232400002
2026-10-08T00:57:30.272655+00:00,obs-20261007-01,LIGHT,AAVEUSDT,1.0,173.22,173.23,173.225,0.5773005426612521,10439935627,173.22,173.23,284,93,629312.9301300002,751715.3884099997,643649.0796299999,741127.8102399997,48093.34850999999,33934.86596000001,142044.7021,86041.15950000001,218801.78618000005,141978.28119999994,332509.6313399999,215640.05908999988,851714.69498,243502.56719999982
2026-10-08T00:57:30.272655+00:00,obs-20261007-01,LIGHT,AVAXUSDT,1.0,11.075,11.076,11.0755,0.9029345372479902,10520731992,11.075,11.076,245,26,904746.7833899995,392446.0561499999,850566.9695000005,420886.5104299998,1449.11082,3471.31545,238285.77773,135044.81691,334595.82675000007,214873.98588999998,443259.09618000005,283839.76991000003,546018.48408,297382.2576699999
2026-10-08T00:57:30.272655+00:00,obs-20261007-01,LIGHT,FILUSDT,1.0,1.0626,1.0627,1.06265,0.94108789761016,9895796920,1.0626,1.0627,239,12,124746.49134999997,186242.84533399998,146081.556858,170119.95321900002,186.10952799999998,106.32999999999998,101964.791051,91185.15380099998,174556.04119699998,156247.97795199996,254560.85831300006,265222.591647,360956.953287,323393.31034499983
2026-10-08T00:57:30.272655+00:00,obs-20261007-01,LIGHT,ALGOUSDT,1.0,0.1193,0.1194,0.11935000000000001,8.382229673093988,5664576397,0.1193,0.1194,57,1,10082.9609,20961.232499999995,7178.3086,22965.223500000004,0.0,44.894400000000005,68209.5664,27841.5204,128550.69559999999,62125.754,160355.6279,83417.85880000002,191075.9362,104826.17460000003
2026-10-08T00:57:30.272655+00:00,obs-20261007-01,LIGHT,XRPUSDT,1.0,1.4247,1.4248,1.42475,0.7019021548404503,26678398700,1.4247,1.4248,342,45,1310711.6235900002,1610281.7163600004,1092922.5127899998,1633622.0540699991,22452.601680000003,71555.59024000002,1462661.04739,795039.49351,1963319.010640001,1177013.20675,2713897.23615,1879265.5206800005,4366678.015300001,3355794.7275399994
2026-10-08T00:57:30.272655+00:00,obs-20261007-01,LIGHT,HBARUSDT,1.0,0.09318,0.09319,0.09318499999999999,1.0731916720319035,8393381093,0.09318,0.09319,226,51,257805.83234999998,174684.99130999998,269086.4816200001,173985.21617999987,20318.587979999993,3391.323119999999,130048.11383999999,132531.68467000002,278117.40641000005,213010.75189000007,442239.79704000015,351916.3530300001,834200.1713800003,720047.0165800002
2026-10-08T00:58:30.281741+00:00,obs-20261007-01,LIGHT,PEPEUSDT,1.0,4.1e-06,4.11e-06,4.105e-06,24.390243902439046,8828039128,4.1e-06,4.11e-06,137,15,26093.93415579,567485.3472249997,12898.987672680003,456524.5846718597,26.0521544,710.4929997300001,135805.16696139998,136328.93512076998,289438.55692001,313695.22712165,563274.75350867,1142821.6611638302,890922.40227699,1453847.8362350003
2026-10-08T00:58:30.281741+00:00,obs-20261007-01,LIGHT,BNBUSDT,1.0,774.29,774.3,774.295,0.12915057665763285,20910508476,774.29,774.3,352,69,2006595.446259999,1335895.5566900005,1990006.22578,1340213.112300001,7837.24072,6010.79918,693920.64221,1197889.1144100004,1375326.8863900003,1915279.1014100006,3018114.573819999,3672057.7102000024,4948758.513400002,5097208.990080004
2026-10-08T00:58:30.281741+00:00,obs-20261007-01,LIGHT,AAVEUSDT,1.0,173.17,173.18,173.175,0.5774672287350846,10439936829,173.17,173.18,167,31,400572.33196,243496.86552999995,488634.44137999986,267081.5406,7146.57099,4913.9113,89503.03966,80737.70578,125998.97623999997,123504.69241999993,245147.3928400001,190442.17538999987,765436.6296700002,218120.68895999982
2026-10-08T00:58:30.281741+00:00,obs-20261007-01,LIGHT,AVAXUSDT,1.0,11.069,11.07,11.069500000000001,0.9034239768723751,10520733533,11.069,11.07,211,14,591024.24265,359270.17608999996,629959.4950700003,346151.67389,281.31192,698.48354,220048.39395,128742.98182999998,331843.89164999995,221233.90672999996,409440.9803499999,296840.8485,517347.3159399999,309373.61805000005
2026-10-08T00:58:30.281741+00:00,obs-20261007-01,LIGHT,FILUSDT,1.0,1.0619,1.062,1.06195,0.9417082587814818,9895797964,1.0619,1.062,222,17,235252.29868900008,252422.3207979999,245950.14752000006,249794.99755500004,962.2552770000001,24.754350000000002,105144.27745299999,64311.509577000004,193751.16055299997,145900.96164400002,247683.00245300008,254274.89457200008,351266.19874399994,325975.996716
2026-10-08T00:58:30.281741+00:00,obs-20261007-01,LIGHT,ALGOUSDT,1.0,0.1194,0.1195,0.11945,8.375209380233617,5664576729,0.1194,0.1195,110,2,43343.3338,31674.173899999987,36260.00980000001,28572.085800000004,0.0,687.3376000000001,46788.2859,35505.9531,117004.55990000001,67699.8637,165001.6679,88640.6979,198492.4749,109222.4881
2026-10-08T00:58:30.281741+00:00,obs-20261007-01,LIGHT,XRPUSDT,1.0,1.4246,1.4247,1.4246500000000002,0.7019514249617664,26678401053,1.4246,1.4247,343,37,1185930.1948799994,1254567.9544999998,1462340.9981999998,1082531.4258100002,67913.35527,4284.98836,1206380.84232,1006019.72091,1815437.3195400008,1347668.2111199996,2437665.28423,2051083.80334,4090481.207250001,3444169.762309999
2026-10-08T00:58:30.281741+00:00,obs-20261007-01,LIGHT,HBARUSDT,1.0,0.09318,0.09319,0.09318499999999999,1.0731916720319035,8393382123,0.09318,0.09319,214,14,151785.78458000007,123771.19284000002,159197.61525000012,118771.03679,123.07757000000001,1835.2760899999998,124223.7571,135689.27568999998,271110.82295,217961.25599000003,434827.96637000004,356916.50908,827147.2480500002,725047.17263
2026-10-08T00:59:30.289416+00:00,obs-20261007-01,LIGHT,PEPEUSDT,1.0,4.1e-06,4.11e-06,4.105e-06,24.390243902439046,8828039502,4.1e-06,4.11e-06,191,15,103777.79667951,566423.82785909,102633.82610328,566412.9804260503,36.24535709999999,1031.52413388,124692.99520189999,138677.01348321,290110.04949776,313706.18606469,564418.7240849,1142832.5085968701,891664.84520982,1453858.6836680402
2026-10-08T00:59:30.289416+00:00,obs-20261007-01,LIGHT,BNBUSDT,1.0,774.16,774.17,774.165,0.1291722641316717,20910510684,774.16,774.17,305,42,697513.5236899998,490161.0520000002,493124.58274999994,442730.56603000005,2951.2433499999997,8545.1748,740884.7951000001,1145957.3753400003,1479888.0172500007,1961879.34441,3224676.5317499996,3642444.0085200015,5177752.418970003,5137174.300870004
2026-10-08T00:59:30.289416+00:00,obs-20261007-01,LIGHT,AAVEUSDT,1.0,173.06,173.07,173.065,0.5778342771289857,10439938927,173.06,173.07,282,45,834196.3887199996,509002.77161000035,768165.5638500005,483877.6304500001,14762.970139999996,12194.20098,113644.86255999995,77267.85723999998,215683.23927999995,146032.22357,324857.13006999996,213677.70497,824076.6404299999,243238.66605999993
2026-10-08T00:59:30.289416+00:00,obs-20261007-01,LIGHT,AVAXUSDT,1.0,11.062,11.063,11.0625,0.9039956608214439,10520735742,11.062,11.063,262,30,731564.2869100003,572866.2153999999,706385.3920999998,532245.29654,4201.32962,2689.71254,228946.17191999994,159953.87488999998,372636.81774,248496.17006,436578.31731000013,336602.0736999999,541387.1028300001,349911.47801999986
2026-10-08T00:59:30.289416+00:00,obs-20261007-01,LIGHT,FILUSDT,1.0,1.061,1.0611,1.0610499999999998,0.9425070688018344,9895799523,1.061,1.0611,244,25,288605.407665,279796.24092,294800.7394399999,266803.4416010001,1370.4451260000003,86.671587,100387.05521700004,68413.98106699999,191875.88194400005,147447.08831299996,248272.88140400013,263170.4560080001,370820.74498700013,329490.8435130001
2026-10-08T00:59:30.289416+00:00,obs-20261007-01,LIGHT,ALGOUSDT,1.0,0.1192,0.1193,0.11925,8.38926174496768,5664577362,0.1192,0.1193,127,4,77545.39469999998,49694.50329999999,89071.747,37644.33240000001,8357.8829,274.023,77145.2939,24731.982600000003,126224.93490000001,61654.769700000004,159444.73440000004,95898.05830000002,190516.3816,119394.92150000005
2026-10-08T00:59:30.289416+00:00,obs-20261007-01,LIGHT,XRPUSDT,1.0,1.4241,1.4242,1.42415,0.7021978793630979,26678403376,1.4241,1.4242,316,51,1289942.6497099998,1381352.2382900002,1288088.3725899998,1264704.9970000002,57761.39075999999,5119.944200000001,1143343.03928,1074021.5596200002,1807284.24185,1343356.1017600002,2452707.3150699995,2166604.845750001,4094705.6024800004,3560423.0495400005
2026-10-08T00:59:30.289416+00:00,obs-20261007-01,LIGHT,HBARUSDT,1.0,0.09312,0.09313,0.093125,1.073883161513134,8393383119,0.09312,0.09313,235,16,235966.54119999992,230003.16287,236133.78987999997,209137.12941999998,1509.90324,1024.68366,145138.61970000004,139029.50349,287547.438,235860.19490000015,440652.07310000004,377264.37626000016,827352.1370400003,744782.9664400001
2026-10-08T01:00:30.293375+00:00,obs-20261007-01,LIGHT,PEPEUSDT,1.0,4.1e-06,4.11e-06,4.105e-06,24.390243902439046,8828040354,4.1e-06,4.11e-06,272,18,203684.94928711,1048658.0088725297,217165.11697808,1048802.3494997195,45.39940659999999,798.85635162,122589.4334538,138249.10150313997,277778.51951805,313307.97278326,550938.55639393,1142688.16796968,878443.94360673,1453823.63030333
2026-10-08T01:00:30.293375+00:00,obs-20261007-01,LIGHT,BNBUSDT,1.0,774.4,774.41,774.405,0.12913223140564867,20910516571,774.4,774.41,406,139,2324062.4666199996,3003300.1517499993,2785076.5599700008,3547421.5281900014,4747.127120000001,16165.03386,627418.86026,1019814.8821800005,1239466.2912000006,1718312.2961300006,2760593.213629999,3218378.2933000023,5051490.0130400015,4921275.210190002
2026-10-08T01:00:30.293375+00:00,obs-20261007-01,LIGHT,AAVEUSDT,1.0,173.2,173.21,173.20499999999998,0.5773672055431334,10439942313,173.2,173.21,372,49,1152640.0513299997,673718.9870899991,1130575.1191200006,704047.0433599992,2067.2536,5654.7588799999985,143469.40897000002,74952.97091999999,210476.31054000015,129613.13343999995,335109.16702,185285.7916599999,854421.16096,213068.84319999983
2026-10-08T01:00:30.293375+00:00,obs-20261007-01,LIGHT,AVAXUSDT,1.0,11.067,11.068,11.067499999999999,0.9035872413476476,10520739789,11.067,11.068,304,74,1459733.9796199994,425407.1043600001,1433471.09019,490531.8940400001,5930.10854,14555.971339999998,205910.74261000002,126435.25411000001,345160.19648999994,204521.64247999992,462797.8290499999,271687.70786999987,568020.1955000003,285196.97121999983
2026-10-08T01:00:30.293375+00:00,obs-20261007-01,LIGHT,FILUSDT,1.0,1.0615,1.0616,1.06155,0.9420631182277539,9895801743,1.0615,1.0616,295,48,250444.24894,279678.7766029999,234864.53016699993,281943.3457749998,2422.395615,1621.5004770000003,104598.41389100002,72654.14895000002,180947.23344500002,155618.043773,260248.6443540001,261096.9323490001,377422.4827440002,327258.59022800013
2026-10-08T01:00:30.293375+00:00,obs-20261007-01,LIGHT,ALGOUSDT,1.0,0.1192,0.1193,0.11925,8.38926174496768,5664577652,0.1192,0.1193,104,1,26064.38500000001,25921.104000000003,25193.870899999998,26152.7238,99.7704,0.0,78011.6174,25470.282199999998,125099.5363,63359.9862,160315.2485,95666.4385,191387.01349999994,116872.14290000004
2026-10-08T01:00:30.293375+00:00,obs-20261007-01,LIGHT,XRPUSDT,1.0,1.4241,1.4242,1.42415,0.7021978793630979,26678409569,1.4241,1.4242,460,71,4565377.221620002,3365899.65764,4267969.233299997,3582840.8403000003,25768.769470000003,40764.64090000001,1394987.02144,979429.1708600002,1821705.5408100004,1404607.8263000003,2750115.30339,1952187.0722900012,4392099.952790002,3346005.3111799997
2026-10-08T01:00:30.293375+00:00,obs-20261007-01,LIGHT,HBARUSDT,1.0,0.09316,0.09317,0.093165,1.073422069557406,8393384873,0.09317,0.09318,262,20,325868.15260000003,209805.97450999997,308838.97920000006,245996.81242999993,978.78807,4405.546490000001,135413.01615999997,117453.86738000001,290728.25279999996,207774.5149,456346.62749,341086.71035,844109.9924800002,709213.78066
2026-10-08T01:01:30.298474+00:00,obs-20261007-01,LIGHT,PEPEUSDT,1.0,4.1e-06,4.11e-06,4.105e-06,24.390243902439046,8828040676,4.1e-06,4.11e-06,164,16,31678.993770339996,451814.39351409004,9291.94104389,454318.3234350901,9.1927904,3195.4773938699996,124279.6073719,131426.55083136,284561.41443337,310484.34918352,573325.60912038,1140184.2380486801,893431.22262752,1451328.5843254703
2026-10-08T01:01:30.298474+00:00,obs-20261007-01,LIGHT,BNBUSDT,1.0,774.58,774.59,774.585,0.1291022231408867,20910521061,774.58,774.59,412,130,1888890.7670099984,1618135.553200001,1890590.9005999994,1724625.9060900013,2871.026799999999,77966.50979999999,592155.61305,1014867.0072300007,1272938.2992600007,1737117.0454799999,2752612.574989999,3217672.0149700018,5012631.750210002,4963469.901820001
2026-10-08T01:01:30.298474+00:00,obs-20261007-01,LIGHT,AAVEUSDT,1.0,173.11,173.12,173.115,0.5776673791224596,10439945137,173.11,173.12,350,40,514197.4678599998,562494.18122,510589.49671000004,541166.3062500004,4014.3443599999996,8857.70459,127011.42474999999,83246.05519,229829.44390999997,136015.56882,344204.86982999987,205819.84055999992,863461.3189999998,234206.4633999999
2026-10-08T01:01:30.298474+00:00,obs-20261007-01,LIGHT,AVAXUSDT,1.0,11.051,11.052,11.0515,0.9048954845702895,10520743965,11.051,11.052,362,50,1684624.1501100007,615607.2430799998,1748489.2236000001,555477.25599,5748.27564,17413.32997,196364.00690999997,120952.42373000001,336869.2803899999,223170.71856000004,410496.3465100002,330405.59568,513831.39436000003,344150.36835000006
2026-10-08T01:01:30.298474+00:00,obs-20261007-01,LIGHT,FILUSDT,1.0,1.0608,1.0609,1.0608499999999998,0.9426847662141746,9895803713,1.0608,1.0609,265,26,274390.092503,267295.26556799986,298467.3156669999,261022.75240399997,819.784557,3600.0434129999994,85807.349591,83832.09160599997,187740.22595999998,160753.763805,239792.89720800007,267148.76170900004,368526.5713900001,333279.6297990001
2026-10-08T01:01:30.298474+00:00,obs-20261007-01,LIGHT,ALGOUSDT,1.0,0.1192,0.1193,0.11925,8.38926174496768,5664577962,0.1192,0.1193,103,2,11827.281699999996,19369.408199999994,22544.735299999997,14237.272800000002,0.0,105.81909999999999,65772.6663,27544.0135,114134.5451,68491.91990000001,149597.7949,100798.57390000003,181133.24189999996,121751.50070000006
2026-10-08T01:01:30.298474+00:00,obs-20261007-01,LIGHT,XRPUSDT,1.0,1.4242,1.4243,1.4242499999999998,0.7021485746383505,26678414826,1.4242,1.4243,458,82,3912948.589390001,3488474.88305,4044794.46215,3151021.662390001,8875.68333,35403.527160000005,1179439.0645299999,1088826.5797,1972398.9795999995,1334279.2252099998,2605218.1886299984,2291731.1313800006,4126605.8835899974,3553544.1658099997
2026-10-08T01:01:30.298474+00:00,obs-20261007-01,LIGHT,HBARUSDT,1.0,0.09318,0.09319,0.09318499999999999,1.0731916720319035,8393386554,0.09318,0.09319,308,15,375252.00887999986,337222.85459000024,374485.2410299999,321856.14813000005,1302.2088399999998,1398.4032499999998,135750.50825999997,135221.14278,287956.85673999996,222906.48698000002,452456.65893999994,356958.41107000003,844809.0953100001,725090.4717600001
2026-10-08T01:02:30.304410+00:00,obs-20261007-01,LIGHT,PEPEUSDT,1.0,4.1e-06,4.11e-06,4.105e-06,24.390243902439046,8828041298,4.1e-06,4.11e-06,214,11,254366.91660994003,343248.0128776802,241991.68903203,414582.25059013016,0.0,1135.5254768099999,153730.0248779,30304.22825817,299144.02393608,236344.14345677,585700.83669829,1068850.00033623,905797.3657567101,1420679.90038321
2026-10-08T01:02:30.304410+00:00,obs-20261007-01,LIGHT,BNBUSDT,1.0,774.98,774.99,774.985,0.12903558801458104,20910527232,774.98,774.99,457,118,5728060.826670003,4111452.696229998,5543725.369860001,3902216.9015499987,4922.486489999999,13467.669049999995,743242.3724000001,1191050.2035500002,1497786.1251299998,1925416.7237999998,2926591.8133499967,3633656.826620002,4792542.20894,5008078.820270002
2026-10-08T01:02:30.304410+00:00,obs-20261007-01,LIGHT,AAVEUSDT,1.0,173.24,173.25,173.245,0.5772338951737233,10439948913,173.24,173.25,354,80,1307575.0843600004,608597.0907199995,1317272.1149000002,611541.8567600002,11628.637470000001,20126.820900000002,142535.61135999998,75544.43323,212611.63396000004,132132.29268999991,322362.49959999986,203802.6990699999,856770.4777800001,231430.11022999982
2026-10-08T01:02:30.304410+00:00,obs-20261007-01,LIGHT,AVAXUSDT,1.0,11.086,11.087,11.086500000000001,0.9020386072511322,10520750283,11.086,11.087,412,102,2630986.216730002,687430.8251200002,2541416.6491599977,759053.5357300002,19085.20577,21516.767529999986,227486.29172999997,148474.19771,343889.17105999996,222574.85895000005,476658.00549,261636.43849000006,580722.5997900005,292727.4903699999
2026-10-08T01:02:30.304410+00:00,obs-20261007-01,LIGHT,FILUSDT,1.0,1.0621,1.0622,1.06215,0.9415309292903906,9895806361,1.062,1.0621,331,41,313543.28297400015,212536.756526,285703.266103,246646.69732900005,659.2270250000001,1792.070482,113284.696004,76479.16729199998,185675.59701400003,155916.32325999998,260816.5527300001,236940.55608,375716.3096750002,299556.2979789999
2026-10-08T01:02:30.304410+00:00,obs-20261007-01,LIGHT,ALGOUSDT,1.0,0.1192,0.1193,0.11925,8.38926174496768,5664578309,0.1192,0.1193,113,2,29263.346400000006,21804.363900000004,24250.07429999999,24068.79640000001,100.8432,7.158,71227.7651,24941.5147,119395.35480000002,66227.42629999999,154611.067,98534.1414,185682.87079999998,119487.06820000004
2026-10-08T01:02:30.304410+00:00,obs-20261007-01,LIGHT,XRPUSDT,1.0,1.4247,1.4248,1.42475,0.7019021548404503,26678421690,1.4247,1.4248,463,94,4832400.534470001,3593353.9308099994,4669237.311339999,3740428.821120004,47318.48231,54657.20636000001,1205483.6909699996,937017.1496900002,1989294.32249,1311220.1953000005,2768066.0486399997,2149451.7097200025,4282857.23452,3493983.593200001
2026-10-08T01:02:30.304410+00:00,obs-20261007-01,LIGHT,HBARUSDT,1.0,0.0933,0.09331,0.093305,1.0718113612018243,8393388660,0.0933,0.09331,323,26,881910.8684200001,573730.75216,857121.5071299999,596768.2769600002,1836.3324099999998,2590.2893400000003,175900.30342,122152.82157,306941.99892999994,206317.18848,470409.04011000006,341623.30889000004,865829.6924299999,702124.03156
2026-10-08T01:03:30.326480+00:00,obs-20261007-01,LIGHT,PEPEUSDT,1.0,4.11e-06,4.12e-06,4.115e-06,24.330900243310083,8828042648,4.11e-06,4.12e-06,273,46,857571.8644717599,406250.6338024599,835120.1703885596,443367.0549001097,1849.6211299199997,23720.053862440003,87775.50918146998,153808.57061196002,247878.83805426996,464487.20468028006,490311.2904339999,1117470.78842643,837928.05046344,1412307.83592398
2026-10-08T01:03:30.326480+00:00,obs-20261007-01,LIGHT,BNBUSDT,1.0,775.34,775.35,775.345,0.12897567518654895,20910537192,775.34,775.35,501,273,7912145.620760004,5616297.681189997,7579390.005009995,6163435.913089998,48983.87106,248391.80714,778153.3940099998,1069166.0926600003,1464349.461929999,1940669.3829000008,3061056.261489997,3293317.1427200017,5340853.622379993,5157142.538759998
2026-10-08T01:03:30.326480+00:00,obs-20261007-01,LIGHT,AAVEUSDT,1.0,173.42,173.43,173.425,0.576634759543726,10439954708,173.42,173.43,403,147,1623138.4478700014,836289.9545900001,1596614.537410001,831727.8550900001,42227.599890000005,34682.88851,128544.63958000002,77476.34599999999,223607.88303000003,140389.545,339035.2987699999,209371.41499999998,875208.8903800001,234038.5611599999
2026-10-08T01:03:30.326480+00:00,obs-20261007-01,LIGHT,AVAXUSDT,1.0,11.091,11.092,11.0915,0.9016319538379669,10520756265,11.091,11.092,399,84,2259458.9358,727485.8198800002,2251043.2395800003,750426.68365,3942.5455299999994,10368.80353,182929.90029,146430.38303,352141.91835000005,208868.2616,476354.94768999994,240758.97546000005,586326.3190800004,272380.37239000003
2026-10-08T01:03:30.326480+00:00,obs-20261007-01,LIGHT,FILUSDT,1.0,1.0636,1.0637,1.06365,0.940203083865665,9895811229,1.0636,1.0637,386,78,544966.5618269996,424846.1931789999,497505.15280600026,457445.54752299987,2901.373348999999,4280.7765549999995,111216.103585,85941.23749399999,201928.732457,162577.854369,291147.261581,213576.33010100006,394634.501562,271649.94222599996
2026-10-08T01:03:30.326480+00:00,obs-20261007-01,LIGHT,ALGOUSDT,1.0,0.1192,0.1193,0.11925,8.38926174496768,5664579011,0.1192,0.1193,175,2,43106.494399999996,58422.003700000016,38098.0291,62737.3612,0.0,379.374,74667.83189999999,17355.4006,125681.63829999999,61738.905000000006,159619.5323,92902.92390000001,190954.69129999998,114108.62830000004
2026-10-08T01:03:30.326480+00:00,obs-20261007-01,LIGHT,XRPUSDT,1.0,1.425,1.4251,1.4250500000000001,0.7017543859655362,26678430133,1.425,1.4251,504,102,5978819.174209999,4988736.462969998,6091346.550049999,4922116.985470004,10376.218010000002,88284.33043,1215438.1026500002,1056737.1252999997,1621917.79004,1374385.8249899996,2652684.9398899996,2219146.895360002,4158653.1621099995,3564818.9200800005
2026-10-08T01:03:30.326480+00:00,obs-20261007-01,LIGHT,HBARUSDT,1.0,0.09339,0.0934,0.093395,1.0707784559360611,8393393076,0.09339,0.0934,377,86,1410343.6431399996,783186.9528199998,1433178.671379999,739258.1373600002,5728.36934,20267.18247000001,120343.13376,138172.90619000004,270855.70848000003,238715.30817000003,444833.7048400001,394098.8092900002,831665.5981000002,757614.4785600003
2026-10-08T01:04:30.365196+00:00,obs-20261007-01,LIGHT,PEPEUSDT,1.0,4.11e-06,4.12e-06,4.115e-06,24.330900243310083,8828043511,4.11e-06,4.12e-06,246,13,401743.69452473003,297154.4802210801,350611.1560361199,296528.0459825301,395.18950814999994,975.1424925200001,131367.94928412,106903.4208494,273208.95198742,464086.17990329,541443.82892261,1118097.22266498,861088.53376617,1443518.0586731296
2026-10-08T01:04:30.365196+00:00,obs-20261007-01,LIGHT,BNBUSDT,1.0,775.57,775.58,775.575,0.1289374266666421,20910543939,775.57,775.58,443,160,3898281.7638299963,4557725.204139998,3905322.5135599985,4593851.076389997,37409.556619999996,12247.092070000004,660990.46695,1061113.19925,1429582.2630999994,1944296.9644399998,2966192.8326899973,3262431.8100800025,4862007.99127999,5137358.6901199985
2026-10-08T01:04:30.365196+00:00,obs-20261007-01,LIGHT,AAVEUSDT,1.0,173.4,173.41,173.405,0.5767012687418749,10439958960,173.4,173.41,363,82,1172860.9016800006,743869.6621799998,1171830.8346099998,751570.2246499999,28568.87489,20697.690970000003,130739.38773,81143.60865,202455.51910999996,137553.48860999997,339029.1806899999,199517.85617999994,875349.55537,226332.33852999986
2026-10-08T01:04:30.365196+00:00,obs-20261007-01,LIGHT,AVAXUSDT,1.0,11.098,11.099,11.098500000000001,0.9010632546391228,10520761277,11.098,11.099,396,71,2171424.217619999,749110.3625900001,2201640.6120400005,711721.0598700002,22621.359879999993,2371.13769,147688.27964,171432.05982000005,292201.23626,230743.90287000005,425271.95016999997,278181.2242800002,534943.0135400002,309837.8460499999
2026-10-08T01:04:30.365196+00:00,obs-20261007-01,LIGHT,FILUSDT,1.0,1.0651,1.0652,1.06515,0.9388789785003127,9895814848,1.0651,1.0652,384,52,398636.3220429999,305956.72413799993,376961.118162,337932.99416600005,2124.247116,8558.279642999998,97437.301271,84009.73235399999,205488.91072099996,153539.55121900004,305145.90775799984,194388.13735200005,401123.726018,265513.62474799994
2026-10-08T01:04:30.365196+00:00,obs-20261007-01,LIGHT,ALGOUSDT,1.0,0.1193,0.1194,0.11935000000000001,8.382229673093988,5664579561,0.1193,0.1194,123,2,49969.95420000001,54370.1149,47786.6336,54614.53059999999,0.0,311.96950000000004,60286.1347,21458.050600000002,119807.2728,68232.8092,153782.9181,92928.18720000001,190851.1967,114336.65200000003
2026-10-08T01:04:30.365196+00:00,obs-20261007-01,LIGHT,XRPUSDT,1.0,1.4258,1.4259,1.42585,0.7013606396411021,26678438574,1.4258,1.4259,499,118,5602877.4975799965,4827645.4934399985,5291360.43053,5010916.574319997,50926.728160000006,86792.35393999997,1422815.3634199998,841405.6883899999,1916318.1252999997,1078406.7062200003,2957003.6303599994,3048544.0688800006,4456228.9524099985,3384790.0733299996
2026-10-08T01:04:30.365196+00:00,obs-20261007-01,LIGHT,HBARUSDT,1.0,0.09349,0.0935,0.093495,1.069633115839963,8393396418,0.09349,0.0935,349,55,1060774.066689999,611325.4803700005,1059711.6891599994,635892.5472400003,2632.13744,3781.944010000001,109452.57961,129361.61718,258219.23649000004,227926.03541999997,432409.91293999995,371025.69036,820507.0599299999,734545.9843900002
2026-10-08T01:05:30.373278+00:00,obs-20261007-01,LIGHT,PEPEUSDT,1.0,4.11e-06,4.12e-06,4.115e-06,24.330900243310083,8828044006,4.11e-06,4.12e-06,151,11,191016.80968458997,299605.17164481996,179593.48309366993,350715.2651407902,0.0,3115.53898596,145730.53182752998,47770.02716656,285032.37739293,411443.96497437,552867.1555135299,1066987.12916901,872070.2600235499,1399524.05343722
2026-10-08T01:05:30.373278+00:00,obs-20261007-01,LIGHT,BNBUSDT,1.0,775.99,776.0,775.995,0.1288676400457156,20910549902,775.99,776.0,455,168,3181526.7700100015,2832690.481029999,3107757.3319500014,2765717.4112699986,9176.157930000001,20105.052839999982,618571.8046100001,1194981.9850899999,1414611.0634500002,1921806.3753200003,3025879.669780001,3595597.2096600034,4844696.490509993,5227821.150179997
2026-10-08T01:05:30.373278+00:00,obs-20261007-01,LIGHT,AAVEUSDT,1.0,173.59,173.6,173.595,0.5760700501178384,10439963011,173.59,173.6,375,118,1114684.4078300004,752250.3205299993,1084999.4456400005,759989.9291999994,19400.330479999997,36323.49981000001,136874.61202,69063.09903,236975.07982999997,129586.33470000002,356615.6728499999,192529.89212,418102.7493299999,220142.25968999995
2026-10-08T01:05:30.373278+00:00,obs-20261007-01,LIGHT,AVAXUSDT,1.0,11.103,11.104,11.1035,0.9006574799608202,10520764816,11.104,11.105,354,43,642684.7827099998,1231988.5526199997,612618.8264799999,1244774.19535,1810.28745,1119.05964,214145.57903000002,171805.64651000002,336803.08477999986,234961.25294,446476.9210999998,265534.38000000006,555684.0893300001,297164.1692799998
2026-10-08T01:05:30.373278+00:00,obs-20261007-01,LIGHT,FILUSDT,1.0,1.0654,1.0655,1.0654499999999998,0.9386146048440125,9895817231,1.0654,1.0655,344,32,268896.6118390001,200365.45242699998,270287.657003,203055.1394519999,1820.067024,6500.869802999999,89722.30717500001,87957.061629,199646.85869,162759.62495900004,303658.068679,192348.04516600003,398500.1466890001,262961.588801
2026-10-08T01:05:30.373278+00:00,obs-20261007-01,LIGHT,ALGOUSDT,1.0,0.1193,0.1194,0.11935000000000001,8.382229673093988,5664579821,0.1193,0.1194,86,0,14507.4795,58772.9946,11687.439799999998,56983.2362,0.0,0.0,63511.22349999999,28884.836600000002,122159.5548,70815.9547,156602.95780000003,94717.94560000002,193191.39610000004,116126.41040000005
2026-10-08T01:05:30.373278+00:00,obs-20261007-01,LIGHT,XRPUSDT,1.0,1.4269,1.427,1.4269500000000002,0.7008199593516728,26678443142,1.4269,1.427,453,62,2902367.172370001,3514214.8542699977,2914277.4962699986,3488159.955759996,31460.113519999995,52243.22230999999,1445841.6673199998,950566.3569000001,2031397.8924499992,1375777.1848400002,2912725.5915599996,3088501.1589200003,4328819.216789996,3446464.169959999
2026-10-08T01:05:30.373278+00:00,obs-20261007-01,LIGHT,HBARUSDT,1.0,0.09357,0.09358,0.09357499999999999,1.0687186063895737,8393398852,0.09357,0.09358,402,22,1241329.2374999998,443246.5941399997,1191397.7408200006,457299.83574999985,2464.00931,1058.93554,142263.68594000002,135310.20687999998,299259.92996000004,221278.89980000004,468966.64163,357096.8441100001,859617.7060799999,725914.8450500001
2026-10-08T01:06:30.373309+00:00,obs-20261007-01,LIGHT,PEPEUSDT,1.0,4.12e-06,4.13e-06,4.125e-06,24.271844660193054,8828046126,4.12e-06,4.13e-06,263,44,1029618.9756300403,570218.0864026201,899512.8587269803,628748.8011181199,64548.439368079984,34038.28631125001,110043.76526768,282885.26263914,270836.51036045,823720.2512088,519673.16887403,1095925.6130266301,867181.9826143499,1423614.1668949602
2026-10-08T01:06:30.373309+00:00,obs-20261007-01,LIGHT,BNBUSDT,1.0,776.22,776.23,776.225,0.12882945556569325,20910555491,776.22,776.23,446,262,3699236.1128800004,2766442.78032,3619095.9672600026,2805820.0332500003,17001.579330000004,110594.47321000004,634478.1908999996,1136755.1725699995,1432905.008839999,1984293.4551800003,3102662.7537000007,3563878.2242600024,4475104.854529993,5203981.862749997
2026-10-08T01:06:30.373309+00:00,obs-20261007-01,LIGHT,AAVEUSDT,1.0,173.81,173.82,173.815,0.5753408894770828,10439970546,173.81,173.82,463,145,1653272.0292599993,913240.1777600001,1665464.859589999,940449.0463600009,11281.572610000003,32753.341779999995,119151.16981000002,59026.57217,208354.4483600001,127357.69279000003,307455.04176000005,168204.24310000002,384347.74074999994,197584.57402999996
2026-10-08T01:06:30.373309+00:00,obs-20261007-01,LIGHT,AVAXUSDT,1.0,11.107,11.108,11.1075,0.9003331232571021,10520770297,11.107,11.108,433,78,1156704.1702400004,2042323.9041399995,1178339.1722100005,2018519.3921200002,14479.98811,9973.08699,173181.31054000003,171413.01691,288826.92902000004,243139.84911000004,424758.6878799999,290140.30332000006,523698.23970000015,322994.3992799998
2026-10-08T01:06:30.373309+00:00,obs-20261007-01,LIGHT,FILUSDT,1.0,1.0661,1.0662,1.06615,0.9379983116031276,9895821027,1.0661,1.0662,389,71,419819.9312990002,380559.4765030001,408301.37624700007,397021.06268300023,2390.070342,7089.715702,89419.936366,91760.557993,193419.20101000002,150549.55994099998,311408.1081060001,180410.52340600002,396963.14532300003,250969.2904519999
2026-10-08T01:06:30.373309+00:00,obs-20261007-01,LIGHT,ALGOUSDT,1.0,0.1195,0.1196,0.11954999999999999,8.368200836821327,5664580965,0.1195,0.1196,187,8,141378.93550000002,109293.74309999995,146946.49899999995,120739.27989999996,1194.9999999999998,2812.9831,42904.5417,24330.156600000002,104944.4837,65451.1984,142788.8705,87001.72850000001,178950.7736,110588.66730000003
2026-10-08T01:06:30.373309+00:00,obs-20261007-01,LIGHT,XRPUSDT,1.0,1.4282,1.4283,1.4282499999999998,0.700182047332909,26678451774,1.4282,1.4283,508,133,6613231.249289999,5561293.616410004,6854262.622470002,5718633.320230007,83756.83959999998,98443.90125,1081989.9432100002,769231.72347,1648084.4559500006,1254679.4333700004,2668262.07209,2936701.0768700005,3967583.1420300007,3299521.952349998
2026-10-08T01:06:30.373309+00:00,obs-20261007-01,LIGHT,HBARUSDT,1.0,0.09367,0.09368,0.09367500000000001,1.0675776662738556,8393402179,0.09367,0.09368,402,43,1276035.624660001,515905.8570400003,1256971.0615499995,527242.0197100001,2714.1848700000005,5891.34755,150173.56513,128055.04887000003,238429.2138,212769.9275,483824.9083999999,360828.3336500001,846474.3286199999,714980.29296
2026-10-08T01:07:30.389294+00:00,obs-20261007-01,LIGHT,PEPEUSDT,1.0,4.12e-06,4.13e-06,4.125e-06,24.271844660193054,8828047035,4.12e-06,4.13e-06,208,30,522253.7020775501,253871.32263224,478379.3300825502,264518.1199556599,17509.65708004,13463.213805530002,87174.9305058,314915.59344434005,260338.80445899,905487.10665116,535439.55058463,1092522.6224052901,879279.52845851,1423006.9167155002
2026-10-08T01:07:30.389294+00:00,obs-20261007-01,LIGHT,BNBUSDT,1.0,775.94,775.95,775.945,0.12887594401655988,20910560905,775.94,775.95,452,168,2121472.9084000005,2308850.4935100004,2227527.70451,2159766.7476100004,23721.087869999985,9560.315700000001,797050.7115199998,1185187.7650900004,1402201.3098499998,1989504.2948699999,3000336.0988700017,3705015.288360003,4811257.082759994,5325549.662039998
2026-10-08T01:07:30.389294+00:00,obs-20261007-01,LIGHT,AAVEUSDT,1.0,173.69,173.7,173.695,0.5757383844784414,10439976360,173.69,173.7,445,83,1227741.1384100008,679826.5156599996,1246642.6635100006,631738.6404899997,10648.735490000005,6883.199669999999,105321.14920999997,93167.38964999997,179859.87163000007,145740.94858999999,305923.30500999995,212614.22244999988,367302.4653699999,239477.17078999983
2026-10-08T01:07:30.389294+00:00,obs-20261007-01,LIGHT,AVAXUSDT,1.0,11.099,11.1,11.099499999999999,0.9009820704553029,10520774798,11.099,11.1,386,63,916499.37994,1671558.422729999,921755.5917499998,1660614.6978199992,783.9014799999998,5179.985189999999,165440.47112000006,143041.12691,328573.95913000015,228817.68467000008,419651.76194,299428.48442000017,528084.2572000001,333285.4751699998
2026-10-08T01:07:30.389294+00:00,obs-20261007-01,LIGHT,FILUSDT,1.0,1.0668,1.0669,1.06685,0.9373828271463935,9895823367,1.0668,1.0669,336,22,305767.9620739999,301047.0036560003,285361.3557139997,306521.366032,1189.52151,276.22340099999997,106713.74590200001,91060.722239,194638.305062,138813.011844,321206.57680400007,178887.97355399994,403352.952217,246000.21802899987
2026-10-08T01:07:30.389294+00:00,obs-20261007-01,LIGHT,ALGOUSDT,1.0,0.1195,0.1196,0.11954999999999999,8.368200836821327,5664581979,0.1195,0.1196,189,8,62329.19679999999,56827.66649999995,61207.08629999999,55927.940399999985,250.0836,11248.672499999999,46676.6457,10874.0009,104361.2533,57066.9295,142583.125,86481.9338,177295.31669999997,107637.09149999998
2026-10-08T01:07:30.389294+00:00,obs-20261007-01,LIGHT,XRPUSDT,1.0,1.4284,1.4285,1.42845,0.7000840100834793,26678457829,1.4284,1.4285,473,133,3503927.9415700003,3882173.249619999,3230614.915480002,3786534.7148200013,108790.20500999999,121439.22946999998,1499587.2635899996,890550.7368000002,1956984.2549699992,1197591.5674600005,2937050.7153099994,3034800.4559300006,4258166.83645,3397432.6048199986
2026-10-08T01:07:30.389294+00:00,obs-20261007-01,LIGHT,HBARUSDT,1.0,0.09363,0.09364,0.093635,1.06803374986697,8393404966,0.09363,0.09364,336,57,638105.53036,378118.7219299999,657947.43109,347209.6937000002,6296.604509999998,3455.6117,154017.77221,154004.424,268775.15712000005,239773.70730000004,466578.8792599999,387529.2959700002,838689.78059,745740.1695300001
2026-10-08T01:08:30.393644+00:00,obs-20261007-01,LIGHT,PEPEUSDT,1.0,4.12e-06,4.13e-06,4.125e-06,24.271844660193054,8828047493,4.12e-06,4.13e-06,173,13,352715.37340257014,103698.59590082997,374792.6490753701,105122.77667347997,315.64984068,2394.4488073099997,77515.95017356,298872.81136776,250680.82676124998,820787.5558644601,513362.27491182997,1091098.44163264,855146.4975565099,1421582.7359428501
2026-10-08T01:08:30.393644+00:00,obs-20261007-01,LIGHT,BNBUSDT,1.0,775.75,775.76,775.755,0.12890750886285218,20910565670,775.75,775.76,423,119,2363416.391769999,2435432.93959,2357928.469369998,2404645.419930001,27905.565940000004,38786.08314999999,670460.6352000001,1242985.5675899996,1488162.17998,2053777.8372499996,3201028.733060002,3729150.2706700014,4823753.326529995,5356322.894390002
2026-10-08T01:08:30.393644+00:00,obs-20261007-01,LIGHT,AAVEUSDT,1.0,173.46,173.47,173.465,0.5765017871550704,10439979735,173.48,173.5,341,43,797510.9044900007,603474.37841,740666.6075000006,606700.6776399998,7663.09118,1333.1716000000001,185831.90074,69283.98558999998,270515.14976000006,123261.80387999998,370878.22228999995,204343.01149999994,901235.2064699999,231129.47736999986
2026-10-08T01:08:30.393644+00:00,obs-20261007-01,LIGHT,AVAXUSDT,1.0,11.105,11.106,11.1055,0.9004952724001036,10520778333,11.106,11.107,352,43,563109.7755600001,1304995.3513800006,560265.5398300001,1379498.119770001,105.68775,7501.77689,152683.22139999998,120074.26023999999,275410.10426000005,180809.28729000004,422414.99121,225794.54150000005,521243.75174000015,258797.1273200001
2026-10-08T01:08:30.393644+00:00,obs-20261007-01,LIGHT,FILUSDT,1.0,1.0677,1.0678,1.0677500000000002,0.9365926758442278,9895827588,1.0677,1.0678,376,76,551157.8998580006,384579.27755999996,559236.6703679999,369403.622614,4674.393739000001,3539.827672,111867.62366499999,94509.00410800001,193823.51717599996,151153.09152900008,309464.72689699975,213902.01399500002,392853.0426029999,264371.0916910001
2026-10-08T01:08:30.393644+00:00,obs-20261007-01,LIGHT,ALGOUSDT,1.0,0.1195,0.1196,0.11954999999999999,8.368200836821327,5664582617,0.1195,0.1196,134,10,57640.7848,46060.92379999999,45666.915799999995,40670.746399999996,550.0404,4719.0572,58060.1552,22971.3625,118024.4454,62430.749500000005,154556.994,91872.11120000001,189192.90769999995,111897.6419
2026-10-08T01:08:30.393644+00:00,obs-20261007-01,LIGHT,XRPUSDT,1.0,1.4278,1.4279,1.4278499999999998,0.7003782042303008,26678464994,1.4278,1.4279,495,123,3771250.829170001,4970248.545030004,3827066.0977100017,5037289.605670002,147072.5867400001,236460.44094,1454986.94769,874726.25417,1906995.2502999995,1283871.1668000002,2884481.9857399995,2968920.7095200005,4207793.958860001,3328392.5242299987
2026-10-08T01:08:30.393644+00:00,obs-20261007-01,LIGHT,HBARUSDT,1.0,0.09361,0.09362,0.093615,1.068261937826609,8393406819,0.09361,0.09362,269,18,417645.45627999975,286285.69627,422605.46154999995,283489.35553999984,612.4278299999999,1693.5820800000004,155018.21465,149987.58051,264972.30515999993,240673.8644699999,462425.1899899999,389479.70864,834019.5632599998,748367.2945999999
2026-10-08T01:09:30.398811+00:00,obs-20261007-01,LIGHT,PEPEUSDT,1.0,4.12e-06,4.13e-06,4.125e-06,24.271844660193054,8828048011,4.12e-06,4.13e-06,196,12,174865.65896145997,300801.5916355199,161644.26977969,298196.73916084995,3026.3823507600005,1843.1611552200002,19541.28350112,317162.14225997,204601.94712116997,906534.44392343,526583.6640935999,1093703.29410731,881947.8461954099,1420123.73393453
2026-10-08T01:09:30.398811+00:00,obs-20261007-01,LIGHT,BNBUSDT,1.0,775.86,775.87,775.865,0.1288892325934654,20910571356,775.86,775.87,445,122,2975054.2208699984,2485425.60701,2941915.8533099988,2524062.0293400013,15496.639970000002,85224.63175000002,644039.4770300001,1305772.0387399998,1521110.28286,2016342.8283399998,3231601.935220002,3691502.707100002,4852176.829859996,5321307.37615
2026-10-08T01:09:30.398811+00:00,obs-20261007-01,LIGHT,AAVEUSDT,1.0,173.47,173.48,173.475,0.5764685536391312,10439984093,173.47,173.48,378,53,1056801.99633,719086.0030899997,1119622.6300500007,713627.6851499997,4823.41572,5886.9709,113147.72327999999,88154.70019000002,185882.85577,132369.32332000002,307298.25409999985,207861.81936,371564.7599899999,235230.31302999993
2026-10-08T01:09:30.398811+00:00,obs-20261007-01,LIGHT,AVAXUSDT,1.0,11.106,11.107,11.1065,0.9004141905277763,10520780959,11.105,11.106,314,31,498696.37310000026,1075358.1844000004,520285.25122000015,1011859.8856100008,8886.508199999998,4726.32517,182788.53881000003,180182.05199,305281.49259999994,245273.4733000001,400762.8918399999,289292.84029000014,500592.22991,322315.4302899999
2026-10-08T01:09:30.398811+00:00,obs-20261007-01,LIGHT,FILUSDT,1.0,1.0663,1.0665,1.0664,1.8756447528844866,9895829916,1.0663,1.0665,333,86,267350.05863100005,185810.11371799998,320561.508046,150851.629842,2480.0065519999994,3312.188466,85862.129777,105174.21476799999,188855.67324099998,171011.99710399998,267759.1653490001,232923.992779,358436.532362,298330.99739499995
2026-10-08T01:09:30.398811+00:00,obs-20261007-01,LIGHT,ALGOUSDT,1.0,0.1195,0.1196,0.11954999999999999,8.368200836821327,5664583012,0.1195,0.1196,101,7,28659.9747,30110.192399999974,35736.058300000004,27146.52240000001,286.877,1847.7004000000002,48058.4522,26689.1993,110985.1967,66545.8735,147480.91040000002,94835.78120000001,182575.80399999997,114861.3119
2026-10-08T01:09:30.398811+00:00,obs-20261007-01,LIGHT,XRPUSDT,1.0,1.4278,1.4279,1.4278499999999998,0.7003782042303008,26678469864,1.4278,1.4279,459,83,2549933.1965899975,2990805.5200399994,2800830.5107899997,2829592.79426,49845.40376,29503.798589999995,1279505.4087200004,933853.1836799998,1738951.0677300005,1289180.71517,2633335.1358400006,3130133.3650999996,3959142.1633399995,3490111.3920099977
2026-10-08T01:09:30.398811+00:00,obs-20261007-01,LIGHT,HBARUSDT,1.0,0.09361,0.09362,0.093615,1.068261937826609,8393408765,0.09361,0.09362,279,17,348458.4181700002,190355.27975999995,343415.91612000007,195221.51289000013,1797.99185,343.82111,159556.45546000006,145837.73841999998,269621.30842,236277.1403999999,467467.69204,384613.47551,839162.33455,743652.04695
2026-10-08T01:10:30.426215+00:00,obs-20261007-01,LIGHT,PEPEUSDT,1.0,4.11e-06,4.12e-06,4.115e-06,24.330900243310083,8828048646,4.11e-06,4.12e-06,133,18,199128.9682867801,304578.16563243995,252672.77249404,202291.10176489002,17000.40806564,674.71755564,102200.05243676998,135253.95155004002,301619.61625727,452365.34882215003,582607.28603522,1106954.65455118,888151.5566309501,1426723.12682494
2026-10-08T01:10:30.426215+00:00,obs-20261007-01,LIGHT,BNBUSDT,1.0,775.32,775.33,775.325,0.1289790022185322,20910575767,775.32,775.33,397,119,3124072.80838,2728552.0912700007,3268345.983619999,2670046.0012399997,19554.181269999986,10595.432339999998,836682.0208399998,1283557.6471799999,1517732.6476399996,2023997.1556100005,3095875.165149999,3484276.467480002,5367606.100109994,5349036.03292
2026-10-08T01:10:30.426215+00:00,obs-20261007-01,LIGHT,AAVEUSDT,1.0,173.29,173.3,173.29500000000002,0.5770673437610618,10439986869,173.29,173.3,322,54,750468.13898,497335.0811,768542.4429300001,487106.03695000027,12552.5532,2538.97299,111772.61575,74856.71912,195775.98557999998,131621.36638000002,300882.55535000016,215843.87465999994,824582.5309600002,241638.08017999987
2026-10-08T01:10:30.426215+00:00,obs-20261007-01,LIGHT,AVAXUSDT,1.0,11.099,11.1,11.099499999999999,0.9009820704553029,10520782864,11.099,11.1,244,28,350993.7935300001,797339.8669999994,353036.1797899999,778273.4246000003,5772.2122899999995,130.82751000000002,148321.49147000004,176133.87391000002,308738.70622,247905.53008000014,398864.73329,307490.45722000016,508263.2009300002,341347.46888999984
2026-10-08T01:10:30.426215+00:00,obs-20261007-01,LIGHT,FILUSDT,1.0,1.0657,1.066,1.0658500000000002,2.8150511400948375,9895832206,1.0657,1.066,303,39,188482.96747099998,121382.36983499999,200443.7941559998,115006.392642,4834.515077000001,2548.4801900000007,89309.73797899997,89657.22930199999,190014.61064899998,161271.815906,258013.94375799998,235362.34613300007,353524.0574519999,306836.455439
2026-10-08T01:10:30.426215+00:00,obs-20261007-01,LIGHT,ALGOUSDT,1.0,0.1194,0.1195,0.11945,8.375209380233617,5664583469,0.1194,0.1195,98,3,33628.5758,43540.001299999996,35785.15619999999,41215.933200000014,238.04399999999998,320.3795,57773.899099999995,33795.8336,115019.82059999999,67547.4424,148104.37999999998,89771.68160000001,181200.89809999993,113678.3699
2026-10-08T01:10:30.426215+00:00,obs-20261007-01,LIGHT,XRPUSDT,1.0,1.4272,1.4273,1.42725,0.7006726457392531,26678474715,1.4272,1.4273,463,114,2486586.95612,2928426.00848,2605222.1319199996,2925092.3862699987,87896.35473999986,58194.410910000006,1264468.8533199993,967225.6585299998,1654791.7846899992,1168601.9936199998,2517410.6967099993,3132594.27951,3904268.547809998,3491049.109469999
2026-10-08T01:10:30.426215+00:00,obs-20261007-01,LIGHT,HBARUSDT,1.0,0.09348,0.09349,0.093485,1.0697475395815559,8393410938,0.09348,0.09349,274,24,503433.08067,685085.8266200001,575094.0572100001,650866.9529899998,1180.1356799999999,735.0615399999999,127831.09597,129826.06599999999,236177.25458999997,212108.96187999996,427530.1669599999,402304.1217699999,773626.2130599999,777094.8853999999
2026-10-08T01:11:30.426486+00:00,obs-20261007-01,LIGHT,PEPEUSDT,1.0,4.11e-06,4.12e-06,4.115e-06,24.330900243310083,8828048918,4.11e-06,4.12e-06,137,17,21640.38229731999,36146.10586386999,21455.366697899997,31129.89966455,4332.6238218,1330.3169599200003,100869.63842511,139636.27847612,300629.49997011,457067.22195955005,582792.30163464,1111970.8607505,888443.2352435899,1431288.61823192
2026-10-08T01:11:30.426486+00:00,obs-20261007-01,LIGHT,BNBUSDT,1.0,775.2,775.21,775.205,0.12899896800755428,20910578820,775.2,775.21,395,57,928185.6303599997,1527987.3955899982,952400.3843299996,1431561.2571399983,6943.820569999999,5779.53023,812685.14909,1377887.4536500003,1495130.4885699996,2120327.9438300007,3072624.393019999,3571689.5239600018,5337416.413029994,5440040.725880002
2026-10-08T01:11:30.426486+00:00,obs-20261007-01,LIGHT,AAVEUSDT,1.0,173.3,173.31,173.305,0.5770340450084177,10439988246,173.3,173.31,250,26,571517.8758500001,292128.7899300001,467934.37351000006,287717.72229000006,539.6296500000001,12260.353009999999,215726.08651000002,89324.82887000001,304136.7546800001,140359.53208000006,404450.10167999996,217829.58599999998,918833.31691,246311.9815799999
2026-10-08T01:11:30.426486+00:00,obs-20261007-01,LIGHT,AVAXUSDT,1.0,11.099,11.1,11.099499999999999,0.9009820704553029,10520785582,11.099,11.1,317,39,476010.7891900001,882942.6839500001,457613.52115000016,873418.9957100003,3070.60085,2862.0738600000004,164898.00799000004,192634.96824000002,326195.0994800001,259992.86035000006,417262.00133000006,317014.1454600002,525586.1951700002,350865.5082799999
2026-10-08T01:11:30.426486+00:00,obs-20261007-01,LIGHT,FILUSDT,1.0,1.0656,1.0657,1.0656500000000002,0.938438438438105,9895834014,1.0656,1.0657,250,29,143562.092876,105625.10570100002,140258.852853,107312.72113800007,5967.988886000001,2574.0216590000005,95474.46107199999,85077.415162,205638.084011,156561.63308900004,265044.984417,233656.528068,363061.74436699983,304570.501396
2026-10-08T01:11:30.426486+00:00,obs-20261007-01,LIGHT,ALGOUSDT,1.0,0.1198,0.1199,0.11985000000000001,8.347245409014992,5664584626,0.1198,0.1199,171,45,290683.53439999995,74357.17920000003,250135.27979999996,99183.70320000003,27851.208899999998,38913.1298,33706.7023,26730.3482,116480.661,53316.087900000006,163400.63919999998,79017.55700000002,195327.46869999997,92034.03600000002
2026-10-08T01:11:30.426486+00:00,obs-20261007-01,LIGHT,XRPUSDT,1.0,1.427,1.4271,1.42705,0.7007708479322972,26678477175,1.427,1.4271,405,75,873234.1721399997,1354884.1625900012,998766.4871599997,1376282.6973400018,61221.15001000006,42005.522939999995,1192587.3077599998,926522.1083099999,1562384.06354,1142453.910989999,2393207.1216599992,3111117.6188999997,3770642.916699999,3469521.0986099993
2026-10-08T01:11:30.426486+00:00,obs-20261007-01,LIGHT,HBARUSDT,1.0,0.0935,0.09351,0.093505,1.0695187165765674,8393411762,0.0935,0.09351,176,10,337774.29841999983,253911.10415999996,315709.6555099999,248658.76376000006,241.71317000000002,427.63149000000004,136945.49115,145096.70231,249816.65451999992,263415.06168999994,448874.8781899998,408170.39122999995,789751.1474799997,782497.4257599999
2026-10-08T01:12:30.472501+00:00,obs-20261007-01,LIGHT,PEPEUSDT,1.0,4.11e-06,4.12e-06,4.115e-06,24.330900243310083,8828049243,4.11e-06,4.12e-06,120,12,65641.13210083,218588.51350503002,71818.62814834999,224449.79119334003,759.6847882799999,4966.693507960001,120076.60698470999,113713.43995648001,294628.03984571,450007.4274423,576614.80558712,1106109.58306219,847691.9787028001,1433975.08499842
2026-10-08T01:12:30.472501+00:00,obs-20261007-01,LIGHT,BNBUSDT,1.0,775.19,775.2,775.195,0.12900063210308232,20910582823,775.19,775.2,454,73,1520391.4551900001,1891345.5716200008,1499839.3513900002,1929411.6375500003,23553.182569999997,3421.4094999999993,832219.9109299998,1400665.11692,1515653.2909699995,2003707.303050001,3285038.996819999,3533489.573580003,5365730.332119994,5401156.511850003
2026-10-08T01:12:30.472501+00:00,obs-20261007-01,LIGHT,AAVEUSDT,1.0,173.23,173.24,173.235,0.5772672169968018,10439990700,173.23,173.24,282,37,1194189.0597899999,502416.1451399999,1300942.6947,527610.3702700001,7508.418939999999,7968.442509999998,160733.78026,74612.61132999999,204859.29587000003,109265.95650999999,303719.8897900001,186583.76075999992,815932.6933400002,215086.7636799998
2026-10-08T01:12:30.472501+00:00,obs-20261007-01,LIGHT,AVAXUSDT,1.0,11.118,11.119,11.118500000000001,0.8994423457453493,10520788285,11.118,11.119,314,32,620429.4299499998,850375.1621700004,637837.58639,919279.0055199995,2737.17646,10757.130610000002,161185.19053999998,149102.15359,276166.29966,219533.94984000004,393851.13462999987,253194.12007,496617.6669399999,283270.76402000006
2026-10-08T01:12:30.472501+00:00,obs-20261007-01,LIGHT,FILUSDT,1.0,1.0664,1.0665,1.0664500000000001,0.9377344336081173,9895835703,1.0664,1.0665,272,25,170808.94818500002,97043.03078200006,143338.84776899996,109082.24399700004,1621.0297630000002,1806.836339,95482.261179,98177.02208899998,191767.23628999994,164695.66474899993,286353.16990299994,225867.70166199986,375459.9866109999,292728.5186899998
2026-10-08T01:12:30.472501+00:00,obs-20261007-01,LIGHT,ALGOUSDT,1.0,0.1198,0.1199,0.11985000000000001,8.347245409014992,5664585104,0.1198,0.1199,115,8,239671.86190000002,18322.23860000001,243388.43529999998,18671.165500000006,379.6462,78.77430000000001,34106.0273,26074.7376,93664.7461,52959.5443,159684.0658,78668.63010000001,191701.0889,91692.78880000002
2026-10-08T01:12:30.472501+00:00,obs-20261007-01,LIGHT,XRPUSDT,1.0,1.4276,1.4277,1.4276499999999999,0.7004763239004674,26678480502,1.4276,1.4277,408,54,1751843.0027099994,1919835.1697300007,1386646.7651899997,1975395.6348100011,52821.92565,38698.45669,1398397.5467499997,874944.0258000001,1898554.1083699993,1213262.43269,2756069.38948,3057671.7329300004,4076604.8877899996,3418246.2484399993
2026-10-08T01:12:30.472501+00:00,obs-20261007-01,LIGHT,HBARUSDT,1.0,0.09357,0.09358,0.09357499999999999,1.0687186063895737,8393413046,0.09357,0.09358,248,12,813880.05138,142182.80881000002,795205.4277600001,168796.78582000008,349.37463,703.53323,151357.09990999996,141448.15745000003,236116.47719999996,248482.25625999997,454228.7429399998,386941.72044000006,808358.9886199997,755790.80271
2026-10-08T01:13:30.479206+00:00,obs-20261007-01,LIGHT,PEPEUSDT,1.0,4.11e-06,4.12e-06,4.115e-06,24.330900243310083,8828049617,4.11e-06,4.12e-06,134,15,385934.09921278997,390012.1032463,397618.83182410995,392051.32465397,906.01617612,978.91038084,47848.08496841999,134537.64123892,234895.30554351996,450158.7225181301,564930.0729758,1104070.3616545203,858794.16690113,1431943.3655678702
2026-10-08T01:13:30.479206+00:00,obs-20261007-01,LIGHT,BNBUSDT,1.0,774.93,774.94,774.935,0.12904391364587653,20910587511,774.93,774.94,424,137,2492101.5942399995,2338836.8217800003,2756086.2449300005,2046196.5261900004,85336.33827,67650.93793999999,703693.3218699999,1357282.566050001,1448874.00851,2087631.0207700012,3023132.9732099986,3823265.402180004,5290073.036739997,5539996.544270004
2026-10-08T01:13:30.479206+00:00,obs-20261007-01,LIGHT,AAVEUSDT,1.0,173.32,173.33,173.325,0.5769674590361262,10439993178,173.32,173.33,290,31,786907.3656599997,653423.7894700002,792067.0451100002,630183.1150499999,4421.4958,2307.93486,122351.49282000001,85980.82722,194071.36170000004,134005.61013000004,292219.86059000005,213294.35066,815693.8359600002,238984.4238999999
2026-10-08T01:13:30.479206+00:00,obs-20261007-01,LIGHT,AVAXUSDT,1.0,11.103,11.104,11.1035,0.9006574799608202,10520791285,11.103,11.104,311,34,664547.3813699998,951134.5130000003,645830.9447300002,906639.6927200007,2957.26262,98.80155000000002,164135.79162,175097.76707000003,303145.71272999997,246616.1701200001,418029.7309799999,293448.48754000023,524642.9171299998,326470.79248
2026-10-08T01:13:30.479206+00:00,obs-20261007-01,LIGHT,FILUSDT,1.0,1.0655,1.0656,1.06555,0.9385265133765586,9895837692,1.0655,1.0656,265,42,220450.3242299999,142355.44113199992,244236.99831899992,125077.73145,1455.0558760000001,2772.5005029999998,98124.44935800001,92276.18746199999,209217.38647400003,161258.34961099998,268522.465403,238895.02453499998,366442.3448439999,309819.0842419999
2026-10-08T01:13:30.479206+00:00,obs-20261007-01,LIGHT,ALGOUSDT,1.0,0.1198,0.1199,0.11985000000000001,8.347245409014992,5664585912,0.1198,0.1199,154,17,389503.54569999984,38643.26880000002,386602.0574,48625.46580000001,232.6648,3240.0178,32959.0729,17177.475599999998,92434.6194,43368.360199999996,162585.55409999998,68686.4331,193596.14879999997,86315.82729999999
2026-10-08T01:13:30.479206+00:00,obs-20261007-01,LIGHT,XRPUSDT,1.0,1.4265,1.4266,1.4265500000000002,0.701016473887428,26678485334,1.4265,1.4266,423,117,2120722.5549000003,3165821.272130002,2581771.9664399996,2905229.942520002,177290.86990000002,82779.58123000003,1184514.1927299998,1123374.1641799998,1548415.3388800002,1330162.1500299994,2298311.34518,3306881.4956199997,3724447.6148899994,3667648.519399999
2026-10-08T01:13:30.479206+00:00,obs-20261007-01,LIGHT,HBARUSDT,1.0,0.09349,0.0935,0.093495,1.069633115839963,8393414892,0.09349,0.0935,253,16,346485.35038000013,529273.54962,366440.52593,517322.74151000014,581.61759,1023.47877,129656.95941000001,125234.10346000001,263678.77506,248020.70149999994,447594.32626,393458.9634899999,788641.58639,767837.1327199999
2026-10-08T01:14:30.500197+00:00,obs-20261007-01,LIGHT,PEPEUSDT,1.0,4.11e-06,4.12e-06,4.115e-06,24.330900243310083,8828049918,4.11e-06,4.12e-06,136,15,260730.60326868997,19384.970457509997,236187.38836535995,167438.64663964004,3195.2737844700005,841.5622127600001,100683.04510737,135417.97645444,287669.24054446997,302245.60102098004,589473.28787913,956016.68547239,860694.20510986,1291870.8385788598
2026-10-08T01:14:30.500197+00:00,obs-20261007-01,LIGHT,BNBUSDT,1.0,774.99,775.0,774.995,0.1290339230175519,20910591458,774.99,775.0,423,65,2204044.038150001,915637.6295100001,2152447.7756200023,969567.8906299993,6212.8024,2151.3444699999995,707127.6007999999,1338546.6752400007,1498001.9812600005,2031599.878720001,3073972.7638799986,3769542.5599900032,5348192.949449997,5483320.171630002
2026-10-08T01:14:30.500197+00:00,obs-20261007-01,LIGHT,AAVEUSDT,1.0,173.6,173.61,173.60500000000002,0.5760368663598747,10439996061,173.6,173.61,322,31,1022108.1434699995,421286.60688000004,985888.5005500006,415859.7401099997,722.46501,2840.86045,103634.51632,103830.6309,199508.11491000003,159769.59954000002,307911.24321999995,219419.76551999993,372275.8534099999,246872.4365099999
2026-10-08T01:14:30.500197+00:00,obs-20261007-01,LIGHT,AVAXUSDT,1.0,11.13,11.131,11.130500000000001,0.8984725965843765,10520795294,11.13,11.131,333,101,1042688.8262899994,962226.9109099999,978769.0873099996,1048553.4965499997,12360.049350000005,52654.70431000001,222978.91283,105936.37154000002,341473.42415000004,173037.32766000004,469584.0706900001,212929.3061300001,534259.7939899996,320739.8196100001
2026-10-08T01:14:30.500197+00:00,obs-20261007-01,LIGHT,FILUSDT,1.0,1.0676,1.0677,1.06765,0.9366804046462285,9895840004,1.0676,1.0677,267,42,351594.65920800006,154792.53359700003,295206.27589600004,203137.476021,1957.6806299999998,4331.5860840000005,128953.28754400004,90291.09799399998,214937.33845600006,147415.93283799998,311261.0990969999,210334.7785659999,394864.75670799986,262371.9138879999
2026-10-08T01:14:30.500197+00:00,obs-20261007-01,LIGHT,ALGOUSDT,1.0,0.1199,0.12,0.11995,8.340283569641116,5664586394,0.1199,0.12,94,3,354122.8814000001,26997.45060000002,350010.7577000001,26882.550000000007,0.0,292.19630000000006,42913.019,21824.1708,100802.878,48954.438799999996,159555.38009999998,70098.43579999999,195711.39249999996,86476.29849999999
2026-10-08T01:14:30.500197+00:00,obs-20261007-01,LIGHT,XRPUSDT,1.0,1.4273,1.4274,1.4273500000000001,0.7006235549633644,26678488392,1.4273,1.4274,360,44,2112128.9520900003,1368707.8652499996,1727405.6846499988,1500720.8679,32813.351,46915.603919999994,1412202.7090700003,970852.9355500002,1837442.0342900003,1231691.7028400002,2680586.5453100014,3187825.66463,4039620.6882300004,3546006.936349999
2026-10-08T01:14:30.500197+00:00,obs-20261007-01,LIGHT,HBARUSDT,1.0,0.09355,0.09356,0.093555,1.068947087119465,8393415996,0.09355,0.09356,172,13,260234.67724999998,212336.75965999995,243353.38777000012,220441.49575000003,168.74440999999996,2185.8192,152700.38679999998,137248.3952,276733.1657099999,251344.7558699999,454441.7462299998,390075.7349599999,805344.7197099997,759632.3704899998
2026-10-08T01:15:30.526697+00:00,obs-20261007-01,LIGHT,PEPEUSDT,1.0,4.11e-06,4.12e-06,4.115e-06,24.330900243310083,8828050340,4.11e-06,4.12e-06,147,10,236471.30225700006,210297.84728475998,236657.74840272998,211000.55357983,85.45696949999999,664.0348405999999,100601.49501756,135285.92774348002,287726.82429496,300867.43406091,589286.8417334,955313.97917732,860573.10968229,1291175.6366952998
2026-10-08T01:15:30.526697+00:00,obs-20261007-01,LIGHT,BNBUSDT,1.0,774.81,774.82,774.815,0.12906389953881714,20910596494,774.81,774.82,385,128,3071297.3973200005,1875666.7782399997,3095713.0601999983,1834145.1306099994,21532.841939999995,84456.98484000003,700156.9094599998,1319985.3102800003,1549853.55995,2059811.8761900002,3051021.620949998,3806721.5544000026,5318326.382549997,5525541.264490001
2026-10-08T01:15:30.526697+00:00,obs-20261007-01,LIGHT,AAVEUSDT,1.0,173.4,173.41,173.405,0.5767012687418749,10439998819,173.4,173.41,315,36,604663.22007,431978.53148,607897.9089499997,426365.48592000036,1457.3849099999998,7120.77966,123795.25591999998,99141.95151000001,211488.52600000004,143518.64343,322276.2489899999,221878.53434999994,847706.6320399999,245686.33391999986
2026-10-08T01:15:30.526697+00:00,obs-20261007-01,LIGHT,AVAXUSDT,1.0,11.151,11.152,11.151499999999999,0.8967805577975163,10520800268,11.151,11.152,398,87,2216259.7524000006,705296.3216799997,2212209.4359399993,711190.2060799999,3188.3216399999988,13055.292930000003,164146.87915999998,105218.49817999998,306240.07445,168105.22144,465595.75217000005,209931.8718700001,547366.7921299997,328546.2246100002
2026-10-08T01:15:30.526697+00:00,obs-20261007-01,LIGHT,FILUSDT,1.0,1.0675,1.0676,1.06755,0.9367681498839708,9895842287,1.0675,1.0676,335,40,389966.7155600001,130095.64939799995,395927.48161,131542.110409,2741.290411,5999.274669000001,99707.32724,88536.58862500002,184455.80704200006,144377.43352799997,305307.8370369999,208888.31755499984,392035.8041509998,260913.1497759998
2026-10-08T01:15:30.526697+00:00,obs-20261007-01,LIGHT,ALGOUSDT,1.0,0.1198,0.1199,0.11985000000000001,8.347245409014992,5664587159,0.1198,0.1199,123,6,420546.18249999994,43574.376100000016,427007.56779999996,34732.08720000001,1404.9953,364.5837,37857.4334,17261.3176,99291.6643,42961.6497,159986.429,77643.6226,191518.47689999995,90672.6284
2026-10-08T01:15:30.526697+00:00,obs-20261007-01,LIGHT,XRPUSDT,1.0,1.4267,1.4268,1.4267500000000002,0.7009182028450134,26678492426,1.4267,1.4268,411,96,2275050.8917100006,2351124.3189900005,2577776.40011,2117875.7750199987,127766.55424999999,34091.519929999995,1231267.03406,1151270.0322800006,1618509.60051,1454517.1550299996,2379980.88349,3421640.4106300003,3783043.599309999,3779416.2584399995
2026-10-08T01:15:30.526697+00:00,obs-20261007-01,LIGHT,HBARUSDT,1.0,0.09357,0.09358,0.09357499999999999,1.0687186063895737,8393417437,0.09357,0.09358,231,19,338353.9822499998,175707.46676000013,303854.70364999986,182450.30102000007,1915.40207,2421.5920699999997,176804.44362000003,137665.07178,252716.23827,246059.42007999992,485654.13546999986,384044.9581999999,839884.7896399997,753047.8512199997
2026-10-08T01:16:30.543736+00:00,obs-20261007-01,LIGHT,PEPEUSDT,1.0,4.11e-06,4.12e-06,4.115e-06,24.330900243310083,8828050715,4.11e-06,4.12e-06,159,11,147736.02691242998,86631.65215046001,146620.76656800997,86507.43673657,252.86068490999997,697.01047188,101968.03383311999,145299.13410264,288512.30545251997,304893.11008212005,590402.10207782,955438.19459121,861776.94426561,1291451.20128637
2026-10-08T01:16:30.543736+00:00,obs-20261007-01,LIGHT,BNBUSDT,1.0,774.89,774.9,774.895,0.12905057491963134,20910601102,774.89,774.9,393,81,2530384.603700002,1497844.45975,2480666.07615,1518561.3746799985,9856.024800000001,2533.7336299999993,739810.88424,1373981.4809400004,1530661.3265200006,2048009.35896,3100095.7747499994,3789539.5636900016,5374461.67053,5504256.459060002
2026-10-08T01:16:30.543736+00:00,obs-20261007-01,LIGHT,AAVEUSDT,1.0,173.56,173.57,173.565,0.5761696243378189,10440001405,173.56,173.57,290,29,1045822.8731700002,335504.48241999984,974000.1201700001,353022.27821,1540.63814,4199.05834,155584.97061000005,88685.44920000002,276204.7297600001,148489.76887000003,376557.56327999977,205049.68599999987,440776.28988999984,230340.97218999983
2026-10-08T01:16:30.543736+00:00,obs-20261007-01,LIGHT,AVAXUSDT,1.0,11.135,11.136,11.1355,0.8980691513249539,10520806631,11.135,11.136,438,112,2372185.6539800037,859233.1380499995,2437429.5687899995,761744.8765899995,12008.91699,11104.279219999999,186123.44431000002,134846.16065000003,313563.88319,218106.19821000006,405978.5816900002,304359.8162,483671.2868000001,411825.9801499997
2026-10-08T01:16:30.543736+00:00,obs-20261007-01,LIGHT,FILUSDT,1.0,1.0686,1.0687,1.0686499999999999,0.9358038555107306,9895845224,1.0686,1.0687,341,59,602574.6263659999,236380.31195699985,587895.6041529998,263599.99778200017,6393.150290999999,10817.326802999998,88660.595931,74664.813389,179269.38687400002,122717.053924,315919.919271,191499.32811199993,394136.10151300003,244303.53375099986
2026-10-08T01:16:30.543736+00:00,obs-20261007-01,LIGHT,ALGOUSDT,1.0,0.1198,0.1199,0.11985000000000001,8.347245409014992,5664587476,0.1198,0.1199,90,0,258551.49219999992,12729.197300000007,261151.13729999994,9458.348700000002,0.0,0.0,34855.5545,18692.3338,95414.1788,46259.8763,157386.7839,80914.4712,188901.98579999997,93943.3852
2026-10-08T01:16:30.543736+00:00,obs-20261007-01,LIGHT,XRPUSDT,1.0,1.4272,1.4273,1.42725,0.7006726457392531,26678496590,1.4272,1.4273,403,83,2862868.4343299996,1942140.1098200001,2537898.6399899996,2313933.26461,78412.49515999999,104682.68665999999,1453637.3992599996,869696.9117100002,1861980.2236599994,1095511.3863800003,2702992.761050001,3052233.6109300004,4073604.526199999,3410463.2617699997
2026-10-08T01:16:30.543736+00:00,obs-20261007-01,LIGHT,HBARUSDT,1.0,0.09356,0.09357,0.09356500000000001,1.0688328345431763,8393419584,0.09356,0.09357,310,16,743527.5544700001,472128.5207700002,751107.2691099996,467189.15488000034,580.0831800000001,3766.26105,176476.15266999995,134550.11606,287312.54144999996,249549.03044999996,480563.01840999984,388984.3240899999,835650.3163999998,757836.3097799999
2026-10-08T01:17:30.560518+00:00,obs-20261007-01,LIGHT,PEPEUSDT,1.0,4.11e-06,4.12e-06,4.115e-06,24.330900243310083,8828051276,4.11e-06,4.12e-06,191,12,127405.30107658,422614.49329118,113822.07941733001,508768.3316074799,3.1301718899999997,712.76390988,149829.05327156998,17209.308775160003,304065.49429067,217285.8525305,603985.32373707,869284.35627491,874250.47707174,1245210.55825681
2026-10-08T01:17:30.560518+00:00,obs-20261007-01,LIGHT,BNBUSDT,1.0,775.09,775.1,775.095,0.12901727541203556,20910608105,775.09,775.1,429,158,3419597.2667000005,3068842.3711100025,3418775.9932500008,3141150.2892100015,9749.641140000005,53757.641140000014,658379.0924200002,1495150.2358300001,1527038.137580001,2032275.7285800006,3099673.3609699993,3718427.6413200027,5373008.170139996,5436985.867820003
2026-10-08T01:17:30.560518+00:00,obs-20261007-01,LIGHT,AAVEUSDT,1.0,173.65,173.66,173.655,0.575871004895312,10440004815,173.65,173.66,344,25,1281036.2118200003,542310.0975200003,1302470.759359999,551619.1296200003,2541.0912299999995,2481.3897199999997,157169.01029000003,83816.03742000001,253724.2383400001,142364.58119,349743.90310999984,193727.99435999987,415347.59512999974,219328.19236999986
2026-10-08T01:17:30.560518+00:00,obs-20261007-01,LIGHT,AVAXUSDT,1.0,11.164,11.165,11.1645,0.8957362952344283,10520813426,11.164,11.165,444,114,2482581.503820001,814016.8839000001,2443751.6953299977,918263.0756799995,8508.133449999998,35325.039899999996,130324.01355999999,92173.05188,289552.29107,164834.67386000004,431146.6639600001,203989.28011000008,515256.07925,323159.14447000023
2026-10-08T01:17:30.560518+00:00,obs-20261007-01,LIGHT,FILUSDT,1.0,1.0702,1.0703,1.0702500000000001,0.9344047841519654,9895847998,1.0702,1.0703,366,49,719495.4568849999,216848.21703000003,711312.4113299997,228388.72729399995,4264.312808,4479.590060999999,68831.213663,72555.544527,171305.59449000002,115412.83390799997,308049.08603600017,189434.54066999987,390250.392822,241433.73981099983
2026-10-08T01:17:30.560518+00:00,obs-20261007-01,LIGHT,ALGOUSDT,1.0,0.1198,0.1199,0.11985000000000001,8.347245409014992,5664588139,0.1198,0.1199,131,1,263258.16650000005,32249.937000000024,264304.33350000007,29393.714800000005,0.0,302.2679,34460.013399999996,16341.5806,98114.1813,46946.0568,156340.61689999996,83770.69339999999,193230.43779999993,96799.69919999999
2026-10-08T01:17:30.560518+00:00,obs-20261007-01,LIGHT,XRPUSDT,1.0,1.4286,1.4287,1.4286500000000002,0.6999860002809832,26678502596,1.4286,1.4287,414,66,4469341.7542999955,3345774.5266600004,4260910.794559998,3388191.8127700016,34152.518,108411.83215999999,1396511.7877499997,770723.3594499999,1941656.602329999,1180251.76187,2899451.860829999,3019485.1931600007,3371071.2121900003,3378576.5518299993
2026-10-08T01:17:30.560518+00:00,obs-20261007-01,LIGHT,HBARUSDT,1.0,0.09375,0.09376,0.093755,1.0666666666669933,8393422658,0.09375,0.09376,359,37,1438084.8421899998,557319.6340499999,1393169.4236900005,615700.0174400001,1632.8683099999998,4259.72533,137797.89584,140096.53314999997,271874.86421,210772.85892,499211.00296999986,342043.80691999994,869675.7156499996,707016.4079799997
2026-10-08T01:18:30.561783+00:00,obs-20261007-01,LIGHT,PEPEUSDT,1.0,4.11e-06,4.12e-06,4.115e-06,24.330900243310083,8828052143,4.11e-06,4.12e-06,174,19,481866.55542992,549543.6533571399,434658.46995951014,474533.68935411004,13872.89548758,18309.369198550005,125118.93850031999,106787.1904994,343961.27960812,280096.58838914003,634897.5412405999,942144.41282578,881139.54060592,1297339.9247623
2026-10-08T01:18:30.561783+00:00,obs-20261007-01,LIGHT,BNBUSDT,1.0,774.92,774.93,774.925,0.12904557889825696,20910613131,774.92,774.93,433,152,3188344.700160001,2074273.2387500005,3267722.652090001,2049115.0290399997,10162.690279999997,81775.55797,656050.3050999999,1310302.6137100006,1445999.95043,1999504.727310001,3021483.093729998,3742744.403850004,5299102.362949999,5471702.957410003
2026-10-08T01:18:30.561783+00:00,obs-20261007-01,LIGHT,AAVEUSDT,1.0,173.72,173.73,173.725,0.5756389592437294,10440008612,173.72,173.73,370,70,1662875.78963,584195.8691999997,1708302.42415,568213.0684500001,1080.39145,13859.242399999997,104033.61676,100506.96080999999,189042.03432999994,153080.82439999998,298135.86718999984,208012.26063,368842.7996999998,237389.70535
2026-10-08T01:18:30.561783+00:00,obs-20261007-01,LIGHT,AVAXUSDT,1.0,11.144,11.145,11.1445,0.8973438621673324,10520819715,11.144,11.145,426,84,2776775.7669200017,868032.5703699999,2842475.8461599997,780938.3654099997,31033.26750999999,10657.757530000003,166314.3446,132559.63566000003,299818.71929000004,207365.85352000012,376113.9021400001,289319.4034600002,456683.28799,395821.5589599999
2026-10-08T01:18:30.561783+00:00,obs-20261007-01,LIGHT,FILUSDT,1.0,1.0687,1.0689,1.0688,1.8714325816415744,9895851339,1.0687,1.0689,369,54,586424.7454179997,314558.1624000001,632122.21136,254451.45930500014,8835.721117000003,7727.81979,88161.78083600002,85616.74818000001,194884.360707,143989.56707500003,276444.902796,234849.28946899992,357496.77564600005,304685.37249000004
2026-10-08T01:18:30.561783+00:00,obs-20261007-01,LIGHT,ALGOUSDT,1.0,0.1198,0.1199,0.11985000000000001,8.347245409014992,5664588713,0.1198,0.1199,140,2,343133.5740000001,26201.28460000001,342648.01089999994,25488.59240000001,0.0,402.2279,31401.893999999997,18612.0329,94190.7218,49242.2539,156826.18,84483.38560000001,193182.73119999998,97520.07740000001
2026-10-08T01:18:30.561783+00:00,obs-20261007-01,LIGHT,XRPUSDT,1.0,1.4276,1.4277,1.4276499999999999,0.7004763239004674,26678508514,1.4276,1.4277,458,96,4656635.6454500025,4065516.625200003,5253945.522220002,3733686.945340001,160355.88506000006,71529.10794000002,1167378.2669600004,1126790.7719800002,1524924.61527,1394553.7253300007,2313083.877130002,3345311.0474,3666289.7284500026,3719607.924989999
2026-10-08T01:18:30.561783+00:00,obs-20261007-01,LIGHT,HBARUSDT,1.0,0.09367,0.09368,0.09367500000000001,1.0675776662738556,8393425544,0.09367,0.09368,313,58,973930.2052199993,768227.95834,1009801.2627799992,722859.9354700004,11858.007880000001,2345.1789799999997,177384.95602,136402.84558000002,303616.50726000004,242857.65578999996,467064.39006999996,386944.8692599999,842201.8392,751148.0745399997
2026-10-08T01:19:30.561992+00:00,obs-20261007-01,LIGHT,PEPEUSDT,1.0,4.11e-06,4.12e-06,4.115e-06,24.330900243310083,8828052610,4.11e-06,4.12e-06,137,14,333026.19746499986,481832.22848589,325090.03194178996,221532.40541831,3.7699961399999995,8002.341685160001,110699.60258625,131702.12846832,341554.06476065,291565.66584319004,642833.70676381,1202444.2358933599,887631.8213848901,1521527.32953035
2026-10-08T01:19:30.561992+00:00,obs-20261007-01,LIGHT,BNBUSDT,1.0,774.39,774.4,774.395,0.12913389894064764,20910618530,774.39,774.4,422,95,3386366.6640100013,4191153.0584100015,3426033.838330001,4086807.445830001,7897.684830000003,2382.144790000001,809073.20585,1071170.9389399998,1406618.6109199997,2083146.6634899995,3181973.263019997,3832444.187239999,5294546.420229997,5413633.618680001
2026-10-08T01:19:30.561992+00:00,obs-20261007-01,LIGHT,AAVEUSDT,1.0,173.42,173.43,173.425,0.576634759543726,10440012258,173.42,173.43,350,48,744395.9054299997,435484.48819,776514.0240500001,421200.32107,1342.5546000000002,7221.423160000001,102985.15832,94946.97266,192271.71345000007,139613.33037999997,292315.8558800001,215455.08423999994,810531.8890000001,243564.32081999985
2026-10-08T01:19:30.561992+00:00,obs-20261007-01,LIGHT,AVAXUSDT,1.0,11.124,11.125,11.124500000000001,0.8989572096362863,10520825550,11.125,11.126,407,85,2169351.0885299984,764613.4308900004,2197081.4346100003,709342.50661,23311.280129999996,8752.150300000001,159211.68000999998,153123.21848,270880.31142,238826.06457000002,352282.53418999986,321941.13428,434160.0544199997,354769.16255999985
2026-10-08T01:19:30.561992+00:00,obs-20261007-01,LIGHT,FILUSDT,1.0,1.0676,1.0677,1.06765,0.9366804046462285,9895854984,1.0676,1.0677,366,61,539185.2162599999,290272.42113000003,577295.8479819997,276927.263181,13230.270178999997,648.796685,72714.337816,91609.95604899999,181106.97139100003,159155.13948799996,245872.44611700004,232708.39303499993,339316.05001599994,322244.990673
2026-10-08T01:19:30.561992+00:00,obs-20261007-01,LIGHT,ALGOUSDT,1.0,0.1198,0.1199,0.11985000000000001,8.347245409014992,5664589744,0.1198,0.1199,168,9,175520.72340000002,63214.9913,173682.90159999998,73685.58250000003,405.76259999999996,1000.1935000000001,37610.1416,17647.721599999997,90430.7695,45033.8474,158664.00179999997,74012.79439999998,194126.14369999996,91651.2862
2026-10-08T01:19:30.561992+00:00,obs-20261007-01,LIGHT,XRPUSDT,1.0,1.4258,1.4259,1.42585,0.7013606396411021,26678514212,1.4258,1.4259,441,133,3990166.867690002,3648799.5801599994,4101456.414500002,3633827.537160002,144461.76218999998,27381.14153,1086289.8803700001,1016049.98535,1576587.0759500004,1390103.58646,2232882.9685500013,3359044.889729999,3759228.3463000013,3709687.287639999
2026-10-08T01:19:30.561992+00:00,obs-20261007-01,LIGHT,HBARUSDT,1.0,0.09356,0.09357,0.09356500000000001,1.0688328345431763,8393427762,0.09355,0.09356,255,29,688975.13932,1240746.6008500005,733672.0112299998,1195821.08529,2333.76835,5876.020129999999,166795.82433000006,148892.18203,272330.6082300001,265479.43525,445120.55384000007,426197.5571499999,802664.5882199999,790712.7940099997
2026-10-08T01:20:30.579264+00:00,obs-20261007-01,LIGHT,PEPEUSDT,1.0,4.1e-06,4.11e-06,4.105e-06,24.390243902439046,8828053172,4.1e-06,4.11e-06,145,25,291462.99806268007,520819.5339543299,375874.41349992,276050.63975069,17145.918454649996,1557.0290593900002,175125.31988139998,107417.45072169,348422.93965351,258824.96180085,629751.94630128,1099021.98485585,880027.6430922801,1700733.57970013
2026-10-08T01:20:30.579264+00:00,obs-20261007-01,LIGHT,BNBUSDT,1.0,773.98,773.99,773.985,0.12920230496815677,20910623444,773.98,773.99,436,94,3240379.014689997,4172302.5679900018,3472310.769780001,4158532.8108899994,19457.676279999996,1793.5504700000006,715534.2102599996,1137028.29819,1373313.6843599996,2113576.4767600005,3005703.2498899996,3764697.6481300015,5303287.674440006,5178717.025960005
2026-10-08T01:20:30.579264+00:00,obs-20261007-01,LIGHT,AAVEUSDT,1.0,173.29,173.3,173.29500000000002,0.5770673437610618,10440015568,173.29,173.3,373,40,472060.48089999997,372001.9593099994,463769.6015700002,358577.5967499998,1386.1697700000002,3560.3399500000005,112346.25446000003,96589.91764000001,197068.89165000006,145326.10512,305332.72699000005,226147.10958000002,829496.9934100003,252064.25417999993
2026-10-08T01:20:30.579264+00:00,obs-20261007-01,LIGHT,AVAXUSDT,1.0,11.116,11.117,11.1165,0.899604174164903,10520830760,11.116,11.117,400,57,1871058.543490001,650975.7740799998,1860681.7876799996,656814.1195699999,17295.33572,280.01374000000004,161519.5751,150239.68357,282259.0152400001,232712.12927,362719.7263999999,315557.26330999995,480869.42582999985,347735.4464199998
2026-10-08T01:20:30.579264+00:00,obs-20261007-01,LIGHT,FILUSDT,1.0,1.067,1.0671,1.06705,0.9372071227731205,9895857218,1.067,1.0671,314,43,381840.722687,133790.5691429999,382576.79404099984,113637.309956,6406.216977999999,241.35263199999997,85699.892137,96462.550116,173125.72718200003,166860.20148400002,250396.45505800002,248564.43414699993,342071.73083799996,332704.810673
2026-10-08T01:20:30.579264+00:00,obs-20261007-01,LIGHT,ALGOUSDT,1.0,0.1197,0.1198,0.11975,8.354218880535225,5664590488,0.1197,0.1198,168,10,291326.72060000006,46500.234800000006,298269.0067000002,33737.0502,1557.141,2551.5004000000004,39547.196299999996,19664.9069,78338.53460000001,50990.594300000004,155195.3911,77182.25200000002,188997.6255,97714.23890000003
2026-10-08T01:20:30.579264+00:00,obs-20261007-01,LIGHT,XRPUSDT,1.0,1.4249,1.425,1.42495,0.7018036353434454,26678519430,1.4249,1.425,434,94,4060118.061870001,3074775.124739998,4048615.2511600005,3152793.04062,119910.58292999999,89967.04333,1090852.9180200004,1069221.6806700001,1448285.3231800003,1314687.54926,2259052.4676600005,2268689.06384,3777898.7742999997,3630401.5920799985
2026-10-08T01:20:30.579264+00:00,obs-20261007-01,LIGHT,HBARUSDT,1.0,0.09347,0.09348,0.093475,1.0698619878035664,8393429740,0.09347,0.09348,251,37,471239.36881,706606.3275400001,478064.86488999997,705171.7509600002,17487.160069999998,5516.88001,128038.13578000001,146086.49369,269947.4657100001,269787.09341000003,448412.97723000014,420451.96223999996,795999.1484500001,790954.7604799999
2026-10-08T01:21:30.579340+00:00,obs-20261007-01,LIGHT,PEPEUSDT,1.0,4.1e-06,4.11e-06,4.105e-06,24.390243902439046,8828053563,4.1e-06,4.11e-06,129,10,131680.6626619,192027.59013891994,141026.01875658002,172793.87874844007,4.9467402,1200.88345716,124152.2158906,139907.52934988998,331991.01981971,290987.23095221,620406.5902066,1118255.6962463302,875273.95589994,1700771.66968416
2026-10-08T01:21:30.579340+00:00,obs-20261007-01,LIGHT,BNBUSDT,1.0,773.57,773.58,773.575,0.12927078351099297,20910627477,773.57,773.58,354,91,3063444.5900699985,2790685.0684199994,3084548.95784,2976008.53922,26433.701340000003,1799.9088199999999,741016.7504,1064804.8653499994,1376269.1456799996,2033532.795719998,3190332.401389998,3494276.920559999,5281252.108880003,4986244.0291
2026-10-08T01:21:30.579340+00:00,obs-20261007-01,LIGHT,AAVEUSDT,1.0,173.31,173.32,173.315,0.5770007500993657,10440017968,173.31,173.32,317,37,745596.2279500001,295972.78057999985,739947.1533499996,301040.7787899997,7021.40523,3144.2946999999995,120182.03729000002,95623.25666000001,204174.01987000008,143685.60869000002,313353.13474999985,221115.16755,836177.6122300001,247166.4859299999
2026-10-08T01:21:30.579340+00:00,obs-20261007-01,LIGHT,AVAXUSDT,1.0,11.108,11.109,11.1085,0.9002520705791994,10520835195,11.108,11.109,372,44,1835647.4103800007,611554.11468,1836715.2641200016,579499.6968900003,2393.5514800000005,5016.71138,177208.64490999997,158377.58896000002,303029.56136,251459.91621,367877.1794599999,343349.7992099999,479212.1651599998,377290.8017799997
2026-10-08T01:21:30.579340+00:00,obs-20261007-01,LIGHT,FILUSDT,1.0,1.0677,1.0678,1.0677500000000002,0.9365926758442278,9895859802,1.0677,1.0678,337,28,539432.6730820002,175543.0175509999,526816.7206340001,187998.32181999998,271.857065,709.1176959999998,83707.01040599999,99990.51296899999,175142.542909,164183.74312199996,257735.594901,240400.84141699987,347578.26522999984,320927.05697299994
2026-10-08T01:21:30.579340+00:00,obs-20261007-01,LIGHT,ALGOUSDT,1.0,0.1197,0.1198,0.11975,8.354218880535225,5664591069,0.1197,0.1198,139,3,491969.3636,13713.920300000007,495183.5915000001,14663.302700000002,225.39509999999999,0.0,30935.2453,23039.6625,75042.2258,54203.079900000004,151981.16319999998,76232.8696,186299.19119999997,96764.85650000002
2026-10-08T01:21:30.579340+00:00,obs-20261007-01,LIGHT,XRPUSDT,1.0,1.4238,1.4239,1.4238499999999998,0.702345835088547,26678524473,1.4238,1.4239,389,115,3655960.017840001,3055322.0642799996,3778273.9873499987,2876022.87671,101961.80475999998,42622.60448999999,956838.9654600001,1262787.4014499998,1499290.2659100005,1618743.6778900002,2227141.01175,2446702.6375699993,3690708.671549998,3722703.3566199993
2026-10-08T01:21:30.579340+00:00,obs-20261007-01,LIGHT,HBARUSDT,1.0,0.09347,0.09348,0.093475,1.0698619878035664,8393431081,0.09347,0.09348,253,40,363933.2688700001,121103.32081999992,365600.43338999985,125730.94692999992,12044.919130000002,5499.990719999999,126102.35733000001,144697.63327,266468.13788000005,265161.11763,446745.81271,415824.33613,794233.03732,786163.04349
2026-10-08T01:22:30.595601+00:00,obs-20261007-01,LIGHT,PEPEUSDT,1.0,4.09e-06,4.1e-06,4.095e-06,24.449877750611915,8828054452,4.09e-06,4.1e-06,237,34,212761.06743783003,564221.23699505,302366.87246135983,470168.94241610006,33909.87178821999,689.15669806,143154.18474485,110269.09829839999,338793.90589253,280628.81605441996,622503.48793501,739473.73742462,915420.47564898,1724886.06002179
2026-10-08T01:22:30.595601+00:00,obs-20261007-01,LIGHT,BNBUSDT,1.0,773.12,773.13,773.125,0.12934602648950744,20910632431,773.12,773.13,430,87,3708957.27888,4265226.899260002,4082773.4129300006,4042667.355280003,40426.15190999999,3808.224110000001,722012.1746499998,880264.8948899999,1344016.4003899996,1911920.5991099991,2975125.700499999,3608907.892070001,5429107.751860003,5040585.077520006
2026-10-08T01:22:30.595601+00:00,obs-20261007-01,LIGHT,AAVEUSDT,1.0,173.03,173.04,173.035,0.577934462231422,10440021856,173.03,173.04,345,47,1396873.5941899999,354148.87906000024,1417177.5055699998,339229.7646500002,3285.3428599999997,4470.231070000001,101141.82108000002,92439.69724000002,186456.22647000002,143395.27049000008,313572.5836100001,217163.65013000005,830633.20171,250853.04807999995
2026-10-08T01:22:30.595601+00:00,obs-20261007-01,LIGHT,AVAXUSDT,1.0,11.088,11.089,11.0885,0.9018759018775135,10520841447,11.088,11.089,444,77,2958631.2599699986,633043.0308900003,3014721.9575199997,680989.7012399998,3442.68314,16733.469139999997,131429.47837,128095.42696000001,206890.01629,210582.69330999997,329776.92501000006,288642.91649000003,426572.31949,324669.1079499999
2026-10-08T01:22:30.595601+00:00,obs-20261007-01,LIGHT,FILUSDT,1.0,1.0651,1.0652,1.06515,0.9388789785003127,9895862909,1.0651,1.0652,342,65,571722.9165850002,286163.402157,606465.4182539999,240515.37402300004,3670.89967,23346.470543,69599.25836,82185.20422399999,178185.98095899995,157735.59859999994,248006.08007,259230.64780199993,342543.32832300017,337891.389074
2026-10-08T01:22:30.595601+00:00,obs-20261007-01,LIGHT,ALGOUSDT,1.0,0.1195,0.1196,0.11954999999999999,8.368200836821327,5664592567,0.1195,0.1196,281,346,365542.02760000003,44127.9458,388750.6461000001,41559.46950000001,42626.68199999998,0.0,22716.7475,21722.092099999998,72562.3407,52838.126,139562.4685,72194.02119999999,174645.3443,98479.69369999997
2026-10-08T01:22:30.595601+00:00,obs-20261007-01,LIGHT,XRPUSDT,1.0,1.422,1.4221,1.42205,0.7032348804503208,26678532593,1.422,1.4221,479,157,6658981.280280005,5036006.623800002,6683103.105550003,5102415.290009999,169655.57654999994,75950.2796,914239.8998200003,1000450.7516000002,1396785.0238400002,1416746.3253900008,2222487.2070399993,2379362.8367800005,3671242.0909599983,3611690.2552499995
2026-10-08T01:22:30.595601+00:00,obs-20261007-01,LIGHT,HBARUSDT,1.0,0.09336,0.09337,0.093365,1.0711225364179455,8393433299,0.09336,0.09337,301,29,489354.24711,1066913.1170100002,526067.4218699998,1057824.4749200002,2072.4066900000003,6250.3255,124473.02375000001,148946.64651000002,236974.81048000007,217058.04354999997,411002.08437999996,417584.02528,772360.3253799998,780703.4942000001
2026-10-08T01:23:30.598846+00:00,obs-20261007-01,LIGHT,PEPEUSDT,1.0,4.09e-06,4.1e-06,4.095e-06,24.449877750611915,8828054883,4.09e-06,4.1e-06,139,10,58026.915197649985,329407.8936819099,167976.34982671996,408219.6034759099,0.0,897.8603980999999,139884.55981193998,36981.6869445,297501.30630089995,223913.58790244997,512554.05330593995,660662.02763062,819567.34788148,1669288.9901682301
2026-10-08T01:23:30.598846+00:00,obs-20261007-01,LIGHT,BNBUSDT,1.0,773.16,773.17,773.165,0.1293393346779581,20910637087,773.16,773.17,372,78,3461225.3326099995,2964821.44797,3940127.408929999,3416657.731109999,31156.689090000003,3111.8516200000004,583415.6626699993,814628.5733799998,1170704.7494499993,1901816.7198799988,2684465.5783600006,3160388.0062599997,4657067.304460002,4450537.186750002
2026-10-08T01:23:30.598846+00:00,obs-20261007-01,LIGHT,AAVEUSDT,1.0,173.19,173.2,173.195,0.5774005427561235,10440025188,173.19,173.2,350,71,2018184.1216099998,309085.79282000003,1965966.2811700008,334286.43519000005,32381.790639999996,15318.701459999997,196696.71593,86116.41730999999,245412.31577999998,128034.23154000001,344739.2730699997,196913.89400999996,877311.7620999998,224134.6665599999
2026-10-08T01:23:30.598846+00:00,obs-20261007-01,LIGHT,AVAXUSDT,1.0,11.1,11.101,11.1005,0.9009009009020019,10520848506,11.1,11.101,412,137,2464345.6985499985,1074191.2206500007,2410039.1491400013,1055549.2432400004,14922.26331,20988.049350000005,173626.88028000004,172410.03363000005,253666.64795999997,259496.85129000002,364507.22668,312696.16795000003,469678.7236700001,346626.2252999999
2026-10-08T01:23:30.598846+00:00,obs-20261007-01,LIGHT,FILUSDT,1.0,1.066,1.0661,1.0660500000000002,0.9380863039387677,9895865704,1.066,1.0661,345,42,428867.15352700034,251518.22768600006,442303.67310800025,289814.871155,1142.4545489999998,3663.9979440000006,82259.48694199999,90598.998145,157877.24834899997,155347.37568,220181.90533799995,225741.91150999995,315738.23602000007,299671.3683619999
2026-10-08T01:23:30.598846+00:00,obs-20261007-01,LIGHT,ALGOUSDT,1.0,0.1195,0.1196,0.11954999999999999,8.368200836821327,5664593077,0.1195,0.1196,129,4,340572.2203,20178.68310000001,347792.5403,32176.213199999987,35.372,319.5712,28783.134100000003,15608.9138,70628.99450000002,39726.211800000005,132342.1485,60196.491100000014,166810.07440000004,84617.1324
2026-10-08T01:23:30.598846+00:00,obs-20261007-01,LIGHT,XRPUSDT,1.0,1.4227,1.4228,1.4227500000000002,0.7028888732696359,26678540646,1.4227,1.4228,498,188,7017233.276629999,4816664.968780003,6436040.587199998,5117545.164540003,244079.5428999999,110417.01328,1379169.9567699998,1018253.8664199999,1788415.02493,1229427.84559,2786723.215119999,2081549.430230001,4271015.165479996,3317850.7759099994
2026-10-08T01:23:30.598846+00:00,obs-20261007-01,LIGHT,HBARUSDT,1.0,0.09339,0.0934,0.093395,1.0707784559360611,8393436924,0.09339,0.0934,319,87,1217781.5472,759396.0686699998,1116068.6481899996,803933.1108299996,13077.999350000002,6009.934580000001,134901.85601999998,122165.63905999997,203719.58035999996,224489.05508999995,403689.7720099999,373229.37986000004,769285.10467,733606.4539700001
2026-10-08T01:24:30.661396+00:00,obs-20261007-01,LIGHT,PEPEUSDT,1.0,4.1e-06,4.11e-06,4.105e-06,24.390243902439046,8828055866,4.1e-06,4.11e-06,162,26,411119.46409807994,486518.8010071099,265381.06366840005,501752.86148375005,12430.046723299998,35396.00572927,135435.3338373,127203.32561681999,293248.13988307,289207.41169062,518283.05658828,1117276.75653646,799195.6585885,1674838.92448589
2026-10-08T01:24:30.661396+00:00,obs-20261007-01,LIGHT,BNBUSDT,1.0,773.37,773.38,773.375,0.12930421402490566,20910643538,773.37,773.38,441,105,3265433.538850002,3028706.4653799995,2906128.6429400006,2512917.060040003,16648.02991,4476.296800000001,646797.9695600001,1006241.7640899997,1409305.8473799997,2207631.402539999,3041709.5699799987,3786993.17515,5497623.831790004,5297772.029630004
2026-10-08T01:24:30.661396+00:00,obs-20261007-01,LIGHT,AAVEUSDT,1.0,173.39,173.4,173.39499999999998,0.5767345290963455,10440028227,173.39,173.4,362,49,1577219.78923,527552.1314499999,1431814.0117900001,523892.0736300001,941.61863,4549.231589999999,263077.5379499999,93491.19106,317176.2084099998,140536.36135,474515.6441199994,204685.33839,1012003.4218599991,232203.63621999993
2026-10-08T01:24:30.661396+00:00,obs-20261007-01,LIGHT,AVAXUSDT,1.0,11.112,11.113,11.1125,0.8999280057597758,10520853430,11.112,11.113,389,52,1258088.8822899996,1417313.3787600002,1224562.6156000004,1454550.0026199997,218.36860000000001,4081.79868,178736.41198000003,165158.92982999995,248919.74908,247149.62340999997,391685.18458999996,279236.0243099999,500943.78228000004,310413.78772999975
2026-10-08T01:24:30.661396+00:00,obs-20261007-01,LIGHT,FILUSDT,1.0,1.0659,1.066,1.06595,0.938174312787865,9895867876,1.0659,1.066,324,24,299668.07846900023,190355.9335959999,259717.58721200022,175700.82854400002,193.343613,782.976591,89533.28680400002,89624.031745,185887.51689600013,168283.93878500003,260132.39659500011,240391.89146999997,358104.25382400013,314321.13312099996
2026-10-08T01:24:30.661396+00:00,obs-20261007-01,LIGHT,ALGOUSDT,1.0,0.1195,0.1196,0.11954999999999999,8.368200836821327,5664593779,0.1195,0.1196,154,25,215324.31760000007,47664.21489999998,207465.89120000007,37312.7932,1013.0003999999998,2216.3225,20388.3553,29867.8358,78910.9589,54341.4931,140200.57489999998,70547.9128,175145.85879999996,95204.25159999999
2026-10-08T01:24:30.661396+00:00,obs-20261007-01,LIGHT,XRPUSDT,1.0,1.4239,1.424,1.42395,0.7022965095870859,26678547781,1.4239,1.424,473,97,5800131.507539999,3885292.9958099998,5924197.474870003,3767525.2611700017,101688.99765000002,38116.70413,1193816.78654,1068518.1457099998,1683965.48478,1377138.20155,2655763.8684700006,2215301.0717100017,4131046.2182699973,3477002.36735
2026-10-08T01:24:30.661396+00:00,obs-20261007-01,LIGHT,HBARUSDT,1.0,0.09349,0.0935,0.093495,1.069633115839963,8393439577,0.09349,0.0935,288,56,1325198.7705100002,357728.0944700001,1271900.9027299997,378512.20187000005,5479.42854,6960.476990000001,131742.18188000002,130290.02687,273531.42589,215283.61745999998,452584.18674,363233.86974000005,823219.2464500002,722941.0045500001
2026-10-08T01:25:30.662257+00:00,obs-20261007-01,LIGHT,PEPEUSDT,1.0,4.1e-06,4.11e-06,4.105e-06,24.390243902439046,8828056238,4.1e-06,4.11e-06,107,10,186792.27158814,120948.09218976997,150581.54673372,130342.70123262,60.612231099999995,1034.1284148299999,145396.961514,109273.26728204999,309366.74919114995,279589.13971673,554493.7814427,1107882.14749361,834388.9502314199,1679944.76004105
2026-10-08T01:25:30.662257+00:00,obs-20261007-01,LIGHT,BNBUSDT,1.0,773.55,773.56,773.555,0.1292741257841179,20910647317,773.55,773.56,384,57,2304071.1229500007,2321115.8145099985,2286598.9544900004,2345975.0625100005,1216.37612,2016.9622799999997,720310.74083,1058036.4389199999,1431513.028849999,2192366.3535599993,2910458.104739999,3780614.2555400007,5340528.880290005,5350051.596350006
2026-10-08T01:25:30.662257+00:00,obs-20261007-01,LIGHT,AAVEUSDT,1.0,173.47,173.48,173.475,0.5764685536391312,10440030460,173.44,173.45,280,35,1275881.7435500007,269004.41365,1311554.1356400005,270472.4388,840.7500800000001,2585.6414700000005,236751.29960000006,98047.19431999998,311735.9208700001,146864.02878000002,436999.0543699998,203457.99935000003,506860.39577999973,230031.60277000003
2026-10-08T01:25:30.662257+00:00,obs-20261007-01,LIGHT,AVAXUSDT,1.0,11.122,11.123,11.122499999999999,0.8991188635132374,10520858417,11.122,11.123,321,92,1245831.00857,1050453.4947000002,1238571.9148599994,1085010.4971400006,15731.815829999998,33242.511710000006,145757.71910000002,143518.89599,245767.84668000002,219884.6249,397900.97844,247347.37561999995,472820.07472,275143.11674999987
2026-10-08T01:25:30.662257+00:00,obs-20261007-01,LIGHT,FILUSDT,1.0,1.0657,1.0658,1.06575,0.9383503800308723,9895869253,1.0656,1.0657,245,27,219936.31000899992,114439.13492800001,231962.47995399995,102364.694347,3948.391423000001,638.9785090000001,85636.889946,94466.16290799997,174834.85580700004,168253.54599199994,262226.79924600007,248116.0828369999,352929.25376999995,326222.2312539999
2026-10-08T01:25:30.662257+00:00,obs-20261007-01,LIGHT,ALGOUSDT,1.0,0.1194,0.1195,0.11945,8.375209380233617,5664594085,0.1194,0.1195,90,5,80315.0213,10586.674700000001,69666.129,10388.605200000002,273.4463,0.0,54371.8696,16850.548600000002,125862.19480000001,46257.4158,152896.2938,68815.9893,186719.64190000005,87675.9334
2026-10-08T01:25:30.662257+00:00,obs-20261007-01,LIGHT,XRPUSDT,1.0,1.4248,1.4249,1.4248500000000002,0.7018528916336031,26678552711,1.4248,1.4249,431,65,4002572.7970199967,2751185.3704199987,3740830.501779999,2880478.874179999,51218.210269999996,33898.625680000005,1287272.0399199997,879455.9594599998,1917366.84353,1252613.2993700004,2851556.033159999,2089632.0710600007,4365151.590169997,3440692.670709999
2026-10-08T01:25:30.662257+00:00,obs-20261007-01,LIGHT,HBARUSDT,1.0,0.09353,0.09354,0.09353500000000001,1.0691756655623053,8393441545,0.09353,0.09354,277,20,494215.34794,246378.7019800001,477529.77587999986,258885.08567999993,1503.62659,2057.80045,141175.8819,124605.59782999998,283387.4322600001,210385.56185,469244.7603100001,350830.0536300001,839733.4146100002,710492.7169800001
2026-10-08T01:26:30.680103+00:00,obs-20261007-01,LIGHT,PEPEUSDT,1.0,4.1e-06,4.11e-06,4.105e-06,24.390243902439046,8828056691,4.1e-06,4.11e-06,137,12,218632.90834930996,197193.4051171299,206696.81240284003,179670.50265147,117.28601859999999,826.2286104899999,145677.5293643,125090.48170697999,309648.31195031,297063.05731206003,566429.87738917,1125405.04995927,846489.9352711699,1683148.23498101
2026-10-08T01:26:30.680103+00:00,obs-20261007-01,LIGHT,BNBUSDT,1.0,773.55,773.56,773.555,0.1292741257841179,20910653438,773.55,773.56,443,102,4400732.451850003,4524211.113600001,4406716.768750001,4538045.77009,24342.818760000006,3970.7525399999995,671269.3219200001,1047058.5830499997,1420912.633309999,2180624.8527599997,2904473.7878399985,3766779.5990500003,5334542.223110005,5335455.865350003
2026-10-08T01:26:30.680103+00:00,obs-20261007-01,LIGHT,AAVEUSDT,1.0,173.56,173.57,173.565,0.5761696243378189,10440033017,173.56,173.57,328,29,1294623.1618000001,301920.44474,1207771.1483700003,303998.82533000014,3272.52324,1847.89014,188911.39712999997,102046.47882,407647.5854999998,149580.21795999998,513738.1847299996,205976.44380999997,583597.1283499993,243561.92375999995
2026-10-08T01:26:30.680103+00:00,obs-20261007-01,LIGHT,AVAXUSDT,1.0,11.136,11.137,11.1365,0.8979885057480708,10520862534,11.136,11.137,375,52,1770843.911500001,563809.4303100002,1718759.3548499995,596373.7152699998,1448.2987399999997,5332.58064,128016.86904000002,134919.46525,244831.47337000002,195762.96373999998,424612.44391000003,215936.45476000002,513909.80195,322903.40912
2026-10-08T01:26:30.680103+00:00,obs-20261007-01,LIGHT,FILUSDT,1.0,1.0653,1.0654,1.06535,0.938702712851569,9895871650,1.0653,1.0654,292,35,342116.5598040001,240427.37261499997,334606.73936700006,247466.19559800002,459.158684,2364.4476059999997,101379.45884,89189.61024999997,193658.18505700002,161789.77291899992,269969.66249799996,241029.51939899992,364140.2443799998,318937.44469599996
2026-10-08T01:26:30.680103+00:00,obs-20261007-01,LIGHT,ALGOUSDT,1.0,0.1194,0.1195,0.11945,8.375209380233617,5664594711,0.1194,0.1195,161,47,96199.40490000002,32920.821599999996,102416.17170000004,29774.681199999995,2272.1737,609.537,33434.9861,25975.114999999998,102318.73240000001,48155.3701,146679.527,71962.12969999999,180972.101,86389.18729999998
2026-10-08T01:26:30.680103+00:00,obs-20261007-01,LIGHT,XRPUSDT,1.0,1.4249,1.425,1.42495,0.7018036353434454,26678558937,1.4249,1.425,461,89,4876335.241909998,3490018.0978499986,4903599.054470001,3510170.6276999996,101243.46606000002,55555.429609999985,1258751.7332499996,859237.0211599998,1887295.5582100002,1233970.6659199996,2820533.80608,2070558.8775799996,4326805.66521,3421866.2362299976
2026-10-08T01:26:30.680103+00:00,obs-20261007-01,LIGHT,HBARUSDT,1.0,0.09352,0.09353,0.093525,1.0692899914443998,8393443563,0.09352,0.09353,262,51,417984.0341800002,273595.6342599998,421184.8362999999,256538.74760000006,1278.2026200000003,4778.07903,137858.18438,140820.19066000002,281531.25081000006,226090.43226000003,466061.45770000014,367886.9402900002,836524.1218100003,727549.6036400002
2026-10-08T01:27:30.698691+00:00,obs-20261007-01,LIGHT,PEPEUSDT,1.0,4.1e-06,4.11e-06,4.105e-06,24.390243902439046,8828057025,4.1e-06,4.11e-06,119,8,173644.31636169,307568.46925261983,159343.28485691,310143.7182061999,0.0,811.2521527199999,133488.2875515,122469.79422059999,295691.93407078995,296410.43879896,580730.9088939499,1122829.8010056901,938292.6855301199,1680583.09785518
2026-10-08T01:27:30.698691+00:00,obs-20261007-01,LIGHT,BNBUSDT,1.0,773.62,773.63,773.625,0.1292624285831323,20910657668,773.62,773.63,359,73,4068678.5206899988,2565635.76029,4100966.0291399984,2535777.7525100005,7133.31326,6719.394629999999,619870.3566000002,1000648.1932399996,1392511.9267699998,2209513.9499100004,2867828.7332999976,3796815.7509000013,5300237.204830004,5365963.279510005
2026-10-08T01:27:30.698691+00:00,obs-20261007-01,LIGHT,AAVEUSDT,1.0,173.52,173.53,173.525,0.5763024435223585,10440034777,173.52,173.53,293,22,998076.27091,337390.8183000001,993918.7213700005,331318.28067999985,374.18958999999995,1698.5756299999998,292312.56123,97106.79286999996,395847.4749799998,143443.64247999998,522063.9480699995,209858.8603399999,588139.9694399993,236168.7757799999
2026-10-08T01:27:30.698691+00:00,obs-20261007-01,LIGHT,AVAXUSDT,1.0,11.125,11.126,11.125499999999999,0.8988764044937092,10520867267,11.125,11.126,401,58,1962324.0497099995,749296.3944699992,2020799.3780700003,694788.9815099998,3908.61864,1008.02458,147228.74242,155133.14163000003,259954.28407999995,226204.54539999997,372863.5601799999,269309.71717999986,447886.88245999994,298687.38028999965
2026-10-08T01:27:30.698691+00:00,obs-20261007-01,LIGHT,FILUSDT,1.0,1.0656,1.0657,1.0656500000000002,0.938438438438105,9895873567,1.0656,1.0657,255,21,251181.44185499995,173906.89549199998,243984.56225000005,173406.752148,346.875025,747.0670760000002,111783.666257,92974.32454999999,179674.26293600004,174037.16303799997,277095.737188,241566.7791299999,371096.4422489999,319542.62608399993
2026-10-08T01:27:30.698691+00:00,obs-20261007-01,LIGHT,ALGOUSDT,1.0,0.1193,0.1194,0.11935000000000001,8.382229673093988,5664595057,0.1193,0.1194,115,7,29773.470500000007,12674.162699999999,30187.7746,10873.978899999996,308.2315,2313.9732999999997,41283.2062,16065.248,121771.7285,45615.442200000005,154137.9339,71164.4689,181309.70719999998,85510.2323
2026-10-08T01:27:30.698691+00:00,obs-20261007-01,LIGHT,XRPUSDT,1.0,1.4244,1.4245,1.4244500000000002,0.702049985958908,26678563237,1.4244,1.4245,387,66,2936125.213729999,2374391.000019999,3254860.555590001,2091794.6857600005,90938.00082,15721.192640000003,1100794.6682799996,1068179.9087,1694422.0919200003,1399529.0819100004,2505572.2213400006,2353859.341200002,4036519.2729400005,3620681.3253400004
2026-10-08T01:27:30.698691+00:00,obs-20261007-01,LIGHT,HBARUSDT,1.0,0.09348,0.09349,0.093485,1.0697475395815559,8393445493,0.09348,0.09349,245,82,340030.3556100001,248041.66319000008,349061.93933,238637.2584599999,3853.9354899999994,1978.9593399999999,140365.59452000004,135753.56467,281533.70550000004,228779.19778999998,457037.37296,371920.23585000006,827562.2315500003,736895.7311900001
2026-10-08T01:28:30.782639+00:00,obs-20261007-01,LIGHT,PEPEUSDT,1.0,4.1e-06,4.11e-06,4.105e-06,24.390243902439046,8828057316,4.1e-06,4.11e-06,102,12,164513.59644886001,280966.18336564995,181515.66455221994,277432.42847681,10008.797602699999,1539.45085983,123529.9896488,120559.87309416,305635.28598667996,301476.51736972004,563728.8407905899,1126363.5558945301,843789.0891726799,1699906.9995341
2026-10-08T01:28:30.782639+00:00,obs-20261007-01,LIGHT,BNBUSDT,1.0,773.84,773.85,773.845,0.1292256797280622,20910661434,773.84,773.85,376,87,1859324.0897300006,1418279.4307900008,1806678.72306,1447739.0508700002,10661.957890000001,2798.59529,664776.7022199997,1053000.6966199996,1417576.4633799994,2186406.12851,2908097.818099996,3770704.8636200023,5339972.886890002,5338113.422880008
2026-10-08T01:28:30.782639+00:00,obs-20261007-01,LIGHT,AAVEUSDT,1.0,173.29,173.3,173.29500000000002,0.5770673437610618,10440040895,173.29,173.3,389,149,2895049.059530001,691249.6929400003,3060246.85853,691173.1489099998,18429.047269999995,12155.439469999998,145206.22880999994,88118.63159999998,229438.03168999995,143992.38475999993,366748.8082999998,205027.60876999982,898448.9051999999,229608.3219899998
2026-10-08T01:28:30.782639+00:00,obs-20261007-01,LIGHT,AVAXUSDT,1.0,11.138,11.139,11.1385,0.897827258035111,10520871872,11.138,11.139,377,55,2047882.5942600002,674440.9043000002,1979917.1368800001,706198.6571699999,7981.44402,8752.129740000002,159612.08855000004,146891.08058,312985.50755000015,218032.82448,434102.57293000014,238731.33181000003,514011.17260000005,345867.0628099999
2026-10-08T01:28:30.782639+00:00,obs-20261007-01,LIGHT,FILUSDT,1.0,1.0663,1.0664,1.06635,0.9378223764411331,9895875269,1.0663,1.0664,262,22,233214.74479299993,146930.44863900007,222671.0982500001,163691.18546399998,180.471996,3211.471789,93167.36463899999,99528.928978,192057.01750600003,176501.18748200004,271673.03493299993,232974.12010200002,366915.24995599996,302989.054255
2026-10-08T01:28:30.782639+00:00,obs-20261007-01,LIGHT,ALGOUSDT,1.0,0.1193,0.1194,0.11935000000000001,8.382229673093988,5664595170,0.1193,0.1194,57,0,17894.688599999998,6954.521,15378.334,5466.5357,0.0,0.0,47099.7152,15447.514,123574.7131,46879.2008,156654.2885,72652.45420000001,183352.02740000002,86998.2176
2026-10-08T01:28:30.782639+00:00,obs-20261007-01,LIGHT,XRPUSDT,1.0,1.4255,1.4256,1.4255499999999999,0.701508242721971,26678566429,1.4255,1.4256,389,50,2538892.4878199985,1611521.9821400002,2200572.6784399995,1891689.65171,6171.877619999999,21167.02173,1176043.4096799998,881069.5001899999,1886142.6579399998,1528406.44,2837162.2040700004,3079762.6274700006,4330453.7295,3430536.0539899985
2026-10-08T01:28:30.782639+00:00,obs-20261007-01,LIGHT,HBARUSDT,1.0,0.09353,0.09354,0.09353500000000001,1.0691756655623053,8393446860,0.09353,0.09354,240,19,249765.63775999998,126108.16603000007,236725.86385999978,146867.11906000006,2026.8191199999999,5936.554699999999,142584.92322,128294.83688000002,283954.93121000007,217246.71179,470052.1483700001,356695.37817000016,840532.3119900003,716194.5565200002
2026-10-08T01:29:30.862002+00:00,obs-20261007-01,LIGHT,PEPEUSDT,1.0,4.1e-06,4.11e-06,4.105e-06,24.390243902439046,8828057595,4.1e-06,4.11e-06,115,10,231850.73890821997,271346.42169691,228221.22075876,278839.87638261996,1.2205249,1307.90787771,135708.2790947,120210.86927945999,309601.74662313,294031.96081434004,567358.35894005,1118870.10120882,847498.4674253399,1692413.4945747901
2026-10-08T01:29:30.862002+00:00,obs-20261007-01,LIGHT,BNBUSDT,1.0,774.04,774.05,774.045,0.1291922898039033,20910665381,774.04,774.05,341,93,2094639.9540200008,1519081.8444000012,2092268.3021099991,1811191.0306000002,4243.761170000002,4744.677540000001,715616.64036,1097184.04988,1339046.0484900004,1925756.3946999998,2890830.1234899964,3480273.1183799985,5343996.159680002,4814460.320990001
2026-10-08T01:29:30.862002+00:00,obs-20261007-01,LIGHT,AAVEUSDT,1.0,173.3,173.31,173.305,0.5770340450084177,10440043014,173.3,173.31,290,30,820992.9904399995,355692.78091000003,777449.58892,347057.16863999993,6850.358020000001,1294.86196,215614.72930999997,95958.89865,311411.1187999999,152784.24931999994,410775.35384999966,213699.27721999987,941201.46476,238415.18205999985
2026-10-08T01:29:30.862002+00:00,obs-20261007-01,LIGHT,AVAXUSDT,1.0,11.143,11.144,11.1435,0.8974243919945835,10520876584,11.143,11.144,360,57,1395330.6390500008,1158610.4274999995,1411368.1075599988,1125199.95556,18922.72018,6387.43885,158550.90482,182652.09271999996,294132.42976999993,253770.22692999998,415510.0143199999,273968.2462099999,496210.8545999999,379320.77654999966
2026-10-08T01:29:30.862002+00:00,obs-20261007-01,LIGHT,FILUSDT,1.0,1.0673,1.0674,1.0673499999999998,0.9369436896844441,9895876904,1.0673,1.0674,263,23,201531.28861399993,147536.55599000005,163981.25628000003,170671.033475,147.91405300000002,219.867627,109281.749592,102087.01095400003,189489.11546100007,169965.69383600008,301699.1223669999,213887.50316500003,392442.05807899975,284759.8183930001
2026-10-08T01:29:30.862002+00:00,obs-20261007-01,LIGHT,ALGOUSDT,1.0,0.1193,0.1194,0.11935000000000001,8.382229673093988,5664595404,0.1193,0.1194,70,2,19518.769599999992,18002.602099999996,20799.95559999999,16067.6617,0.0,601.5372,45931.3748,16503.182399999998,121289.9341,48534.87730000001,155373.1025,74587.39460000003,182541.0971,87741.26820000003
2026-10-08T01:29:30.862002+00:00,obs-20261007-01,LIGHT,XRPUSDT,1.0,1.4259,1.426,1.4259499999999998,0.7013114524156983,26678569061,1.4259,1.426,363,33,1588727.0097200004,1707023.71102,1701237.5343299997,1893673.969929999,6713.409780000001,24203.180509999995,1243065.7957500003,788171.3147100002,2040268.6450700006,1066552.0623,2724275.095150002,2905201.961610001,4213930.129629999,3244472.310859999
2026-10-08T01:29:30.862002+00:00,obs-20261007-01,LIGHT,HBARUSDT,1.0,0.0935,0.09351,0.093505,1.0695187165765674,8393447900,0.0935,0.09351,202,20,177191.65301999997,155823.88150999998,186529.12884000005,142320.93046999993,991.09192,1237.5924599999998,139998.33582,138553.02971000003,283801.38354,224370.40370000005,460739.67104000004,370144.02046000015,831206.1078900002,729639.2303800002
2026-10-08T01:30:30.866281+00:00,obs-20261007-01,LIGHT,PEPEUSDT,1.0,4.1e-06,4.11e-06,4.105e-06,24.390243902439046,8828057944,4.1e-06,4.11e-06,120,10,58250.11549113,438290.2581206299,58155.31137191999,458677.5759069,36.0889708,629.2449332699999,133484.93900359998,98809.94688887999,309443.21656972996,278253.84402468,567453.16305926,1098482.78342255,847352.95272928,1686395.51179437
2026-10-08T01:30:30.866281+00:00,obs-20261007-01,LIGHT,BNBUSDT,1.0,774.18,774.19,774.185,0.12916892712322436,20910668516,774.18,774.19,387,38,2921288.4656299986,1280608.2127099999,2906935.3515700004,915327.7861799996,1141.8767400000002,4514.63518,680691.3529899996,1151741.3611100002,1319562.1449199999,2114030.861,2870227.6089999955,3846685.6666699992,5337923.883540003,5279013.745979999
2026-10-08T01:30:30.866281+00:00,obs-20261007-01,LIGHT,AAVEUSDT,1.0,173.3,173.31,173.305,0.5770340450084177,10440044757,173.3,173.31,271,22,753861.2014600001,236672.80837,865039.6672600002,235123.95695000002,1832.4947,238.15475000000004,106596.42226999997,94257.26441,195755.73118000003,153655.90265,299846.3508300001,215248.12863999992,830253.6537700003,239964.0334799999
2026-10-08T01:30:30.866281+00:00,obs-20261007-01,LIGHT,AVAXUSDT,1.0,11.149,11.15,11.1495,0.8969414297266276,10520881547,11.149,11.15,401,73,1042308.8597499998,1451296.8833900015,1081576.8323699995,1470921.4234200001,17664.163090000005,13790.488370000001,131134.95481,157603.25143,252106.13194000002,218785.03801,374593.9478199999,254247.52349999995,456457.4675499998,373096.32053999987
2026-10-08T01:30:30.866281+00:00,obs-20261007-01,LIGHT,FILUSDT,1.0,1.0677,1.0678,1.0677500000000002,0.9365926758442278,9895879238,1.0677,1.0678,294,24,524094.18074300006,171334.09399899995,532079.922222,188320.65120099994,777.21868,225.60917300000003,81596.490962,96783.435001,180517.62563000005,163450.462743,292827.3430669999,200718.10950099997,382236.3013559999,272656.5809049999
2026-10-08T01:30:30.866281+00:00,obs-20261007-01,LIGHT,ALGOUSDT,1.0,0.1193,0.1194,0.11935000000000001,8.382229673093988,5664595716,0.1193,0.1194,93,1,32711.136800000007,31813.7426,33999.1647,29835.290600000004,0.0,203.6964,49056.841799999995,21604.153,119872.5232,52861.6881,154085.0746,76565.8466,181273.50449999995,95447.63040000001
2026-10-08T01:30:30.866281+00:00,obs-20261007-01,LIGHT,XRPUSDT,1.0,1.4257,1.4258,1.4257499999999999,0.7014098337654318,26678573770,1.4257,1.4258,416,91,3982720.623520002,3680798.7260700027,4194634.564610002,3271039.42827,89145.20050999997,25718.390060000005,1127200.62283,1164155.3648900003,1832580.68794,1356193.8769099999,2512637.106970001,3316853.5412500016,4001926.2893999997,3668092.72574
2026-10-08T01:30:30.866281+00:00,obs-20261007-01,LIGHT,HBARUSDT,1.0,0.09361,0.09362,0.093615,1.068261937826609,8393450689,0.09361,0.09362,262,57,908190.7941699997,583948.0435000001,886100.48988,590956.68276,5798.558570000001,5151.14762,155389.43206999998,144658.93878,266075.8442,224779.45891999995,470980.06727999996,373626.27757,854770.9489600001,723601.89555
2026-10-08T01:31:30.872464+00:00,obs-20261007-01,LIGHT,PEPEUSDT,1.0,4.1e-06,4.11e-06,4.105e-06,24.390243902439046,8828058170,4.1e-06,4.11e-06,120,12,256679.24423562005,137689.53674821998,256932.58012226,94810.62542333001,112.70999629999999,1458.1659348899996,133469.69999649998,142249.87213335,309429.54747232,321725.62493611,567199.82717262,1141361.69474744,846617.85908399,1714790.8821126
2026-10-08T01:31:30.872464+00:00,obs-20261007-01,LIGHT,BNBUSDT,1.0,773.99,774.0,773.995,0.12920063566790319,20910673013,773.99,774.0,379,88,1703873.1388299991,1883625.2982200005,1753074.40577,1782203.56375,13799.679870000004,2382.3122500000004,696088.8531200002,1184634.2943799999,1300546.2663700006,2197620.86047,2874124.947879997,3946691.4982300005,5312058.046380001,5384961.448420004
2026-10-08T01:31:30.872464+00:00,obs-20261007-01,LIGHT,AAVEUSDT,1.0,173.24,173.25,173.245,0.5772338951737233,10440046423,173.24,173.25,264,25,456808.65034999995,219615.0243499999,412034.14373000024,216915.40074000004,1273.9937699999998,1175.54627,156046.03175999995,96123.73673000002,272598.92968999996,152374.43752,348842.9716999998,217365.35029999993,880174.4818399999,242350.03867999988
2026-10-08T01:31:30.872464+00:00,obs-20261007-01,LIGHT,AVAXUSDT,1.0,11.145,11.146,11.1455,0.8972633467929647,10520887461,11.145,11.146,406,109,2091749.5270700003,712249.7157700004,2032753.9600300007,691993.7347700002,3541.0596400000004,41786.97148,211773.15246999997,155338.39723,322399.9116999999,233290.77787000002,434736.04809999984,274301.17559,516048.6841499998,379952.1935999997
2026-10-08T01:31:30.872464+00:00,obs-20261007-01,LIGHT,FILUSDT,1.0,1.0676,1.0677,1.06765,0.9366804046462285,9895881473,1.0676,1.0677,285,23,448058.33076100016,161080.91721500002,460560.0743639998,158824.96575100007,1189.932324,1165.1957980000002,78974.74402099999,103306.89200600001,173441.47772199998,168606.17930000005,280337.3215939999,202843.423589,372334.6390129999,274796.580798
2026-10-08T01:31:30.872464+00:00,obs-20261007-01,LIGHT,ALGOUSDT,1.0,0.1193,0.1194,0.11935000000000001,8.382229673093988,5664596054,0.1193,0.1194,135,150,21831.634999999995,11888.718,26706.959599999987,10560.665299999997,2676.0183000000015,0.0,40292.168099999995,27087.0356,114401.66089999999,54924.1293,149209.74999999997,77893.8993,176876.35589999997,96775.68310000001
2026-10-08T01:31:30.872464+00:00,obs-20261007-01,LIGHT,XRPUSDT,1.0,1.4254,1.4255,1.42545,0.701557457556401,26678577754,1.4254,1.4255,409,82,2832872.479779999,1981406.3021199992,2768018.8022199986,2052756.8796499996,108207.26320999999,31324.668459999994,1275086.61624,1121084.58825,1898484.2703599997,1446144.2512999997,2577484.9053100008,3233990.177920001,4081594.069819999,3596497.5321899997
2026-10-08T01:31:30.872464+00:00,obs-20261007-01,LIGHT,HBARUSDT,1.0,0.09357,0.09358,0.09357499999999999,1.0687186063895737,8393454336,0.09357,0.09358,318,134,756428.08292,434101.10691000003,778892.2843700005,406735.8222200001,6541.773960000001,13718.331629999999,137891.22321999999,134751.94387,273664.20574999996,249577.86415999994,450246.57457999996,385921.71579,830572.4034599998,751358.41795
2026-10-08T01:32:30.886615+00:00,obs-20261007-01,LIGHT,PEPEUSDT,1.0,4.1e-06,4.11e-06,4.105e-06,24.390243902439046,8828058612,4.1e-06,4.11e-06,133,12,81793.56587848999,428608.13789953,81221.78013711997,435494.58261492994,0.0,2565.55041432,133487.30781139998,137877.63984699,310256.3745562,314838.98614071,567771.61291399,1134475.25003204,855979.1314982801,1708132.96450102
2026-10-08T01:32:30.886615+00:00,obs-20261007-01,LIGHT,BNBUSDT,1.0,773.75,773.76,773.755,0.12924071082442978,20910676186,773.75,773.76,353,80,2651448.62319,1256168.6418700004,2634827.8873200007,1225454.9638800002,7945.24387,3347.12107,773230.5691400004,1098415.2222999993,1419310.59444,2168097.8055899995,2892942.9922199966,3973556.7483600024,5336867.615960003,5408789.245960005
2026-10-08T01:32:30.886615+00:00,obs-20261007-01,LIGHT,AAVEUSDT,1.0,173.23,173.24,173.235,0.5772672169968018,10440048877,173.23,173.24,332,40,546326.9916600002,302281.50781000004,522664.72634000005,327112.8807799999,3351.18228,2543.79493,184410.91655,83289.54024999999,297221.90845,136692.21577999994,368969.3580399999,193929.82358999987,901006.78914,220895.26988999982
2026-10-08T01:32:30.886615+00:00,obs-20261007-01,LIGHT,AVAXUSDT,1.0,11.144,11.145,11.1445,0.8973438621673324,10520893663,11.144,11.145,383,122,2450911.445469999,607745.3362500002,2456202.0061600003,655648.8873700001,10416.768430000004,34574.90895000001,186076.16694,128130.22515999997,316297.97398999997,185451.02805999995,429450.56304999994,225517.62777999992,509786.5159999999,331636.27345999994
2026-10-08T01:32:30.886615+00:00,obs-20261007-01,LIGHT,FILUSDT,1.0,1.0672,1.0673,1.06725,0.9370314842582772,9895882915,1.0672,1.0673,250,15,326128.5002679999,109308.60085700007,329623.380665,101635.84413700001,882.7441009999999,2069.133419,74700.64466199999,99173.71202400002,157424.454464,163776.59471700006,281068.568964,210174.01293899995,369499.69339499983,282080.836696
2026-10-08T01:32:30.886615+00:00,obs-20261007-01,LIGHT,ALGOUSDT,1.0,0.1191,0.1192,0.11915,8.396305625524292,5664596745,0.1191,0.1192,143,41,81826.62690000003,45279.54630000003,87262.70390000002,31553.37039999999,2370.1948,5.1256,57650.9329,23616.0474,104276.83200000001,54837.736,149229.6193,82544.8033,180058.78829999996,101405.82819999997
2026-10-08T01:32:30.886615+00:00,obs-20261007-01,LIGHT,XRPUSDT,1.0,1.4249,1.425,1.42495,0.7018036353434454,26678581107,1.4249,1.425,379,82,2402176.283519999,1816346.2925500013,2376673.3667799984,1858715.8618899984,84437.70819000002,39114.65466,1433509.6964599998,1063789.9737800001,1832000.8746599993,1359510.23694,2617384.77997,2191424.7715100013,4110256.9433699986,3554107.5848399997
2026-10-08T01:32:30.886615+00:00,obs-20261007-01,LIGHT,HBARUSDT,1.0,0.0935,0.09351,0.093505,1.0695187165765674,8393455999,0.0935,0.09351,218,57,286296.84844000026,701835.4847300004,305868.85355999996,689373.61008,1125.03615,6094.871659999999,139107.3229,126003.14385000001,279989.08094,252231.32181999995,440794.06876,398257.75744,815346.1331999999,759057.2323200001
2026-10-08T01:33:30.926750+00:00,obs-20261007-01,LIGHT,PEPEUSDT,1.0,4.11e-06,4.12e-06,4.115e-06,24.330900243310083,8828059435,4.11e-06,4.12e-06,176,34,374539.78272390994,507319.9490830399,291843.78921555995,601789.0324882302,549.4300977899999,4902.70346438,122566.70809457998,154283.24862928002,271770.62099748,475376.32722270006,542288.78949748,1378451.1675681002,821740.2429557701,1675481.1692575202
2026-10-08T01:33:30.926750+00:00,obs-20261007-01,LIGHT,BNBUSDT,1.0,774.86,774.87,774.865,0.12905557132958378,20910682807,774.86,774.87,456,142,6365195.418009999,5080446.904009997,6300487.663709995,5155794.439509998,49772.736939999995,21309.313579999995,651247.4516299997,1414641.69878,1308670.6083699996,2106441.336899999,2690967.5636399966,4126950.7949899994,4901204.158489999,5510987.724389999
2026-10-08T01:33:30.926750+00:00,obs-20261007-01,LIGHT,AAVEUSDT,1.0,173.58,173.59,173.585,0.5761032376994102,10440052014,173.58,173.59,359,40,1379320.37237,462932.5489699998,1416820.5960499998,471589.3020799999,1637.74051,2229.2667,100765.60634000001,91951.82375999997,223563.5675,137133.49557,308251.71401999996,191184.2964099999,375633.80990999995,229101.2830199999
2026-10-08T01:33:30.926750+00:00,obs-20261007-01,LIGHT,AVAXUSDT,1.0,11.175,11.176,11.1755,0.8948545861287016,10520900448,11.175,11.176,414,112,2287441.0459699994,794778.40738,2312670.33624,812562.3260300003,43658.033840000004,6980.854220000001,160082.23458999998,117843.22640000001,244088.91137999995,175113.13595,391707.86104,210063.56076,456310.5926899997,337634.2521500001
2026-10-08T01:33:30.926750+00:00,obs-20261007-01,LIGHT,FILUSDT,1.0,1.0682,1.0683,1.06825,0.9361542782260202,9895886504,1.0682,1.0683,361,63,588456.1514249997,269374.623683,559818.6390700006,291629.062379,2601.6140449999994,5486.883787,90817.751394,101448.41115500001,171229.66180599996,155529.97737799998,301752.6162109999,189174.3046669999,388145.1386419998,260360.5303649998
2026-10-08T01:33:30.926750+00:00,obs-20261007-01,LIGHT,ALGOUSDT,1.0,0.1192,0.1193,0.11925,8.38926174496768,5664597510,0.1192,0.1193,169,6,84678.0197,56233.14190000002,71229.13489999999,63296.050500000005,396.3648,1366.4768000000001,71131.94459999999,8675.0021,123355.60959999998,46808.3079,159986.4521,71283.5995,188136.78819999995,94552.67409999999
2026-10-08T01:33:30.926750+00:00,obs-20261007-01,LIGHT,XRPUSDT,1.0,1.4279,1.428,1.42795,0.7003291547036383,26678588638,1.4279,1.428,487,100,7286558.711759994,5082952.610770001,7173862.086419999,5291892.491089997,114193.67598,116549.46335000002,1197974.7722099999,786596.0399799999,1713411.72949,1327133.9799600001,2676219.252850001,3014858.0196700003,3977566.4669100028,3378462.7489599977
2026-10-08T01:33:30.926750+00:00,obs-20261007-01,LIGHT,HBARUSDT,1.0,0.09366,0.09367,0.093665,1.0676916506513479,8393458296,0.09366,0.09367,257,29,667370.7039300003,317728.8210200001,620920.2612500002,371480.9789000001,1556.3818599999995,3475.0560699999996,158641.41942000002,127302.29320000003,246981.06250000003,209338.03943,471901.11889,355973.52636,855902.9716299999,705436.7719299999
2026-10-08T01:34:30.961559+00:00,obs-20261007-01,LIGHT,PEPEUSDT,1.0,4.11e-06,4.12e-06,4.115e-06,24.330900243310083,8828059796,4.11e-06,4.12e-06,118,14,87787.58603833,187360.19385634008,86132.81336342,179355.0056373101,427.93935266999995,741.3420921200001,105526.47997913999,145413.91289836002,273069.78261874,483270.4828073301,543943.56217239,1386456.35578713,821191.91508743,1676757.0834898201
2026-10-08T01:34:30.961559+00:00,obs-20261007-01,LIGHT,BNBUSDT,1.0,774.81,774.82,774.815,0.12906389953881714,20910689323,774.81,774.82,415,108,2612462.981120003,3487153.796769997,2412103.17268,3510625.418720001,9423.254799999997,43469.108700000004,642281.3351599999,1310251.1278400004,1351378.7808399992,2074944.0166900002,2891410.9839699967,4099944.2488200017,5098433.301270001,5485412.915320001
2026-10-08T01:34:30.961559+00:00,obs-20261007-01,LIGHT,AAVEUSDT,1.0,173.56,173.57,173.565,0.5761696243378189,10440054212,173.56,173.57,304,35,1061208.61951,264701.1794399999,959684.5523099998,263787.4055799999,1447.3387999999998,2102.4663,183230.78308999998,86049.36737999997,292049.5310399999,137170.19547,411819.98942000006,189535.0681199999,479262.6339400001,229724.53423999986
2026-10-08T01:34:30.961559+00:00,obs-20261007-01,LIGHT,AVAXUSDT,1.0,11.19,11.191,11.1905,0.8936550491522866,10520907999,11.19,11.191,427,101,2832491.3788799997,826776.48869,2830619.873759998,815282.6112499995,34215.95455000001,13639.636189999997,122934.09462999999,113133.9985,233977.66749,182706.02062999996,385837.18957999995,240783.01004999995,443787.85762999975,480151.3854200001
2026-10-08T01:34:30.961559+00:00,obs-20261007-01,LIGHT,FILUSDT,1.0,1.0677,1.0678,1.0677500000000002,0.9365926758442278,9895888510,1.0677,1.0678,300,22,242429.0598239999,115847.48835000003,254378.98829999997,115014.733041,16421.046127999998,672.1644910000001,83478.22137799999,87277.02328300002,177886.03753799995,152018.42885300005,293518.3029459998,189225.134298,383060.54140599957,261168.66333599997
2026-10-08T01:34:30.961559+00:00,obs-20261007-01,LIGHT,ALGOUSDT,1.0,0.1192,0.1193,0.11925,8.38926174496768,5664597922,0.1192,0.1193,126,4,64620.3331,49461.4715,64299.042100000006,47940.3458,406.7104,252.2002,52352.3198,15993.5788,109374.7799,49873.8019,158468.2175,72804.72520000002,187140.49730000002,96231.08050000003
2026-10-08T01:34:30.961559+00:00,obs-20261007-01,LIGHT,XRPUSDT,1.0,1.4278,1.4279,1.4278499999999998,0.7003782042303008,26678595073,1.4278,1.4279,501,111,4422355.727160002,4046605.435250003,4691265.161749996,3851589.661729999,198294.65185,76131.53523000001,1201374.3683200001,1063087.7464900003,1596602.8580800004,1359490.7143099995,2407416.9691400016,3210811.554509999,3708154.459230003,3573942.0292199966
2026-10-08T01:34:30.961559+00:00,obs-20261007-01,LIGHT,HBARUSDT,1.0,0.09367,0.09368,0.09367500000000001,1.0675776662738556,8393460704,0.09367,0.09368,255,108,693992.2969500003,751615.9442800008,698188.7645300002,739009.9932599999,10130.14868999997,2268.21821,142910.20453000002,145113.50324,285262.19745,222050.4023800001,467697.14017999993,368579.4773800002,845709.8651900002,718298.9612300002
2026-10-08T01:35:30.963977+00:00,obs-20261007-01,LIGHT,PEPEUSDT,1.0,4.11e-06,4.12e-06,4.115e-06,24.330900243310083,8828060328,4.11e-06,4.12e-06,120,9,148801.76101311,368878.16382293,156846.10731442,514075.34730813,0.0,669.71215528,83601.45603980999,165015.22123568002,265812.80184171,338073.44932213007,535899.2158710799,1241259.1723019301,815738.8597452099,1531559.9000046202
2026-10-08T01:35:30.963977+00:00,obs-20261007-01,LIGHT,BNBUSDT,1.0,774.83,774.84,774.835,0.1290605681236734,20910694701,774.83,774.84,437,105,2141302.0577800004,2268388.0940999994,2132258.0649200007,2185912.4975400004,45005.39897999998,24153.27458000001,682421.4380399999,1378587.3825300005,1352116.2747199996,2146094.93838,2900386.707139997,4185447.6467699995,5094849.5804200005,5563623.560419995
2026-10-08T01:35:30.963977+00:00,obs-20261007-01,LIGHT,AAVEUSDT,1.0,173.54,173.55,173.54500000000002,0.5762360262773214,10440056875,173.54,173.55,330,44,1759729.1477400002,559328.51983,1798032.4576400009,548101.2442799999,4272.60545,4024.4121500000006,165364.96631,93168.74176,295655.8728599999,142325.31037000005,373632.20130999986,200755.50696999996,428287.8257999999,229484.45418999993
2026-10-08T01:35:30.963977+00:00,obs-20261007-01,LIGHT,AVAXUSDT,1.0,11.182,11.183,11.182500000000001,0.8942944017165111,10520914161,11.182,11.183,390,132,1429036.5213100002,1626285.9134899997,1445346.22588,1515890.9291299996,37232.01481000001,9670.82484,133900.28910999998,189866.58978000004,278031.76802,274074.33365999995,374077.4857300001,331720.20606000006,429337.4343499999,565892.81282
2026-10-08T01:35:30.963977+00:00,obs-20261007-01,LIGHT,FILUSDT,1.0,1.0665,1.0666,1.0665499999999999,0.9376465072663542,9895890977,1.0665,1.0666,321,28,266996.3158669999,202252.2545169999,284777.56233999995,173066.13883200006,5795.102302000001,727.8735960000001,101899.692151,90216.913677,208393.63391300003,169571.55225,283754.1603059999,213919.97746599998,375502.92654799984,288755.02772099996
2026-10-08T01:35:30.963977+00:00,obs-20261007-01,LIGHT,ALGOUSDT,1.0,0.1191,0.1192,0.11915,8.396305625524292,5664598363,0.1191,0.1192,127,2,36446.902799999996,58676.22190000001,44591.66,56891.372400000015,0.0,16.3441,56116.4081,13880.8082,104490.3646,44151.8136,153022.71029999998,74366.1123,179884.95189999996,97828.4547
2026-10-08T01:35:30.963977+00:00,obs-20261007-01,LIGHT,XRPUSDT,1.0,1.4268,1.4269,1.42685,0.7008690776566517,26678599204,1.4268,1.4269,425,90,2476842.900409999,2537683.856769999,2724225.8377999994,2367028.5656200014,204523.19361,16216.04027,1064539.1353499999,1238171.4951999998,1521792.1929299997,1399785.402369999,2165194.2922700006,3380834.674979999,3578656.339090001,3742020.4856299977
2026-10-08T01:35:30.963977+00:00,obs-20261007-01,LIGHT,HBARUSDT,1.0,0.0936,0.09361,0.093605,1.0683760683760646,8393463065,0.0936,0.09361,294,61,403925.8453099997,592792.5045100002,426170.34846999997,575001.9578599997,5160.016930000002,4250.56864,150483.38073000003,135934.41293000005,281567.59637000004,235050.28492000003,448907.2607499999,385392.9936000001,828567.45547,735814.7445400001
2026-10-08T01:36:30.965599+00:00,obs-20261007-01,LIGHT,PEPEUSDT,1.0,4.11e-06,4.12e-06,4.115e-06,24.330900243310083,8828060691,4.11e-06,4.12e-06,108,12,162325.70994477,290404.4986707501,155621.183968,177535.61849585,5.02518192,3582.0266946000006,106618.11382475999,275810.26450284,270624.37615655997,450437.78972751,542603.7418478499,1354128.0524768298,819755.4506055098,1644428.78017952
2026-10-08T01:36:30.965599+00:00,obs-20261007-01,LIGHT,BNBUSDT,1.0,774.99,775.0,774.995,0.1290339230175519,20910698325,774.99,775.0,374,95,3221846.7980099996,3028649.698679999,3266611.35224,3135044.7396799987,552.5727200000001,117163.58830999999,616420.06178,1316253.6050500004,1246871.8513,2065051.9258199998,2854621.7317699967,4080367.4575999994,5053775.39845,5458196.900929999
2026-10-08T01:36:30.965599+00:00,obs-20261007-01,LIGHT,AAVEUSDT,1.0,173.83,173.84,173.835,0.575274693666028,10440059405,173.83,173.84,336,36,1411066.106230001,286876.0061999999,1318751.994570001,313257.07175000006,93.8117,7715.689310000001,256172.70236999998,97447.30434000002,358436.36169000005,157150.60691000003,432419.7147499999,183080.45156000002,521168.2278099997,220866.50642000002
2026-10-08T01:36:30.965599+00:00,obs-20261007-01,LIGHT,AVAXUSDT,1.0,11.196,11.197,11.1965,0.8931761343333733,10520920418,11.196,11.197,409,111,1381963.3729900005,1523698.5657399998,1370404.64738,1586768.2427400006,14956.9993,13301.301969999997,102829.7771,154277.50517999998,211795.7684,224484.9684299999,380025.10633,288182.03840999986,437115.4919899998,529855.48012
2026-10-08T01:36:30.965599+00:00,obs-20261007-01,LIGHT,FILUSDT,1.0,1.0672,1.0673,1.06725,0.9370314842582772,9895893486,1.0671,1.0672,326,31,281167.5125039999,194559.20238200005,267249.82446200005,207877.911691,1198.80612,1211.791708,106087.62198499999,89425.510792,200244.84579900003,154338.36707000007,293892.59441199986,204396.65202799995,380162.6821989996,276298.13075899996
2026-10-08T01:36:30.965599+00:00,obs-20261007-01,LIGHT,ALGOUSDT,1.0,0.1192,0.1193,0.11925,8.38926174496768,5664598874,0.1192,0.1193,151,3,95019.68560000003,63504.0457,88976.44450000003,64237.174699999996,44.7,532.8783000000001,65808.0324,12288.7071,121992.0839,47794.127199999995,156684.2723,73856.4457,183680.22410000002,97125.428
2026-10-08T01:36:30.965599+00:00,obs-20261007-01,LIGHT,XRPUSDT,1.0,1.4276,1.4277,1.4276499999999999,0.7004763239004674,26678603675,1.4276,1.4277,417,60,3696235.861360001,2788024.5397000005,3468242.237980002,2881385.883320001,24819.021840000005,22216.06449,1049740.72729,1067568.8837400002,1472495.7694500005,1482408.3093499995,2391092.120140001,3289776.00133,3690692.6249000016,3653495.5990599976
2026-10-08T01:36:30.965599+00:00,obs-20261007-01,LIGHT,HBARUSDT,1.0,0.09373,0.09374,0.093735,1.066894270778107,8393466035,0.09373,0.09374,272,80,636277.52588,552558.0125200001,590987.0815699999,548779.0489199999,3464.9896900000003,21121.08372,167730.78855,135491.00763,308566.4234300001,238186.71706999996,480287.8757900001,390602.78643,864391.09956,754869.17275
2026-10-08T01:37:30.965893+00:00,obs-20261007-01,LIGHT,PEPEUSDT,1.0,4.1e-06,4.11e-06,4.105e-06,24.390243902439046,8828061398,4.1e-06,4.11e-06,154,21,316069.52657208993,386825.5278034101,372432.60232318984,361662.79416889005,16865.770752269997,2330.4972584800003,159971.2560566,15219.464199719998,295457.29671449994,338008.86375240004,566913.9727371599,1030124.6422647501,823702.6455918299,1647554.16333511
2026-10-08T01:37:30.965893+00:00,obs-20261007-01,LIGHT,BNBUSDT,1.0,774.66,774.67,774.665,0.12908889061025164,20910704098,774.66,774.67,441,118,3155399.1205500006,3368131.144810002,3173902.221649999,3199186.291459999,13196.21991999999,6240.243469999998,659202.43284,1468840.1973700002,1308865.81243,2212015.505380003,2840621.9677599957,4239054.772950002,5039701.832319999,5627231.331140001
2026-10-08T01:37:30.965893+00:00,obs-20261007-01,LIGHT,AAVEUSDT,1.0,173.73,173.74,173.735,0.575605825132719,10440061851,173.73,173.74,299,46,1501154.5254700002,368536.40446999995,1616378.5213000004,359689.77651000017,7097.513290000001,1417.31936,110461.16335999998,87890.07835,212343.66116999998,146131.71213,339714.20821999985,187434.32035999993,408333.2467299997,225193.10686999996
2026-10-08T01:37:30.965893+00:00,obs-20261007-01,LIGHT,AVAXUSDT,1.0,11.18,11.181,11.180499999999999,0.8944543828248719,10520926604,11.18,11.181,397,94,2244143.8165699993,1459960.9506699997,2207233.8056999994,1420784.1875100003,10030.79379,8539.366789999996,181501.4429,160321.37614,311539.74886999995,241615.15079999997,423069.02141999983,307816.90082000004,488494.82365999965,542247.9584100001
2026-10-08T01:37:30.965893+00:00,obs-20261007-01,LIGHT,FILUSDT,1.0,1.0667,1.0668,1.0667499999999999,0.9374707040410435,9895896186,1.0667,1.0668,318,33,325472.60729099996,242769.5854219999,342006.82217899984,227368.649638,852.2523199999999,2169.162592,85674.12157100001,90969.48044700001,183550.70629300002,165738.468661,277394.17802399996,215678.74770999994,368573.91302599985,290753.34452
2026-10-08T01:37:30.965893+00:00,obs-20261007-01,LIGHT,ALGOUSDT,1.0,0.1191,0.1192,0.11915,8.396305625524292,5664599359,0.1191,0.1192,133,2,90185.23270000002,35090.165000000015,95040.23919999998,33576.404800000004,99.0552,300.5032,73550.7175,12864.1462,117376.4133,44931.5061,154528.5158,75146.7435,180333.06759999998,98609.0859
2026-10-08T01:37:30.965893+00:00,obs-20261007-01,LIGHT,XRPUSDT,1.0,1.4265,1.4266,1.4265500000000002,0.701016473887428,26678609589,1.4265,1.4266,463,108,4058541.2908299975,3724495.1064900006,4308001.4125999985,3586714.8461800013,97564.14820000001,109921.38100999998,984130.0590199997,1294335.4976400002,1380215.8703899996,1451030.66252,2144096.16147,3416220.2392099993,3577925.8551999996,3780088.0307899984
2026-10-08T01:37:30.965893+00:00,obs-20261007-01,LIGHT,HBARUSDT,1.0,0.0936,0.09361,0.093605,1.0683760683760646,8393469179,0.0936,0.09361,323,82,483669.98242,644610.2597399998,526368.1558900002,627938.9386300008,6067.860630000004,3214.2417299999997,163019.27815,131196.12045999998,293550.84790999995,250311.92378,452427.4315899999,406701.41031,835346.7625,771203.2858699999
2026-10-08T01:38:30.966255+00:00,obs-20261007-01,LIGHT,PEPEUSDT,1.0,4.1e-06,4.11e-06,4.105e-06,24.390243902439046,8828061764,4.1e-06,4.11e-06,161,12,130465.82183798001,317485.9697940299,138981.11145831,225235.52171868001,4.1496550999999995,1225.5114155999997,111949.4983864,116932.93729574999,278435.72506286,451788.63305295,558398.68311683,1122375.0903401,817683.2805964301,1688378.41383983
2026-10-08T01:38:30.966255+00:00,obs-20261007-01,LIGHT,BNBUSDT,1.0,774.12,774.13,774.125,0.12917893866593033,20910710224,774.12,774.13,408,108,3059876.046250002,5124917.020389997,3044390.376590002,5162655.687829996,16626.6492,4655.062989999999,666923.5121500001,1266116.2677200001,1338251.6492600003,2122332.2518600016,3089348.552449997,3987046.392690002,5334320.097740001,5424205.669500004
2026-10-08T01:38:30.966255+00:00,obs-20261007-01,LIGHT,AAVEUSDT,1.0,173.66,173.67,173.665,0.5758378440634537,10440063712,173.66,173.67,303,16,1253894.42063,371878.11594,1225621.22271,364225.2053099998,106.82168,2441.31209,144556.46365000002,88908.74596999999,265284.09655,143840.52044999998,374505.6613799998,192364.54966999986,439665.1800699997,232207.44621999987
2026-10-08T01:38:30.966255+00:00,obs-20261007-01,LIGHT,AVAXUSDT,1.0,11.154,11.155,11.154499999999999,0.8965393580773195,10520932348,11.154,11.155,392,98,2420592.4935200005,628727.1489899998,2522686.987509999,594407.2371399999,6679.597100000001,9780.747370000001,160044.22572999998,155975.02508000002,252590.61627999996,238958.10422,333123.0405099999,332372.20401999995,407698.6029499998,459996.81547000003
2026-10-08T01:38:30.966255+00:00,obs-20261007-01,LIGHT,FILUSDT,1.0,1.0663,1.0664,1.06635,0.9378223764411331,9895898602,1.0663,1.0664,273,55,330384.87738999975,184158.16975600013,317743.70280700014,177048.68598299994,55183.912124999995,2454.6218869999993,120111.65582299998,81169.14997599999,218314.64942300002,163323.20943299998,293952.867231,222646.07320699998,387836.0400629998,297594.701573
2026-10-08T01:38:30.966255+00:00,obs-20261007-01,LIGHT,ALGOUSDT,1.0,0.119,0.1191,0.11904999999999999,8.403361344537785,5664600142,0.119,0.1191,175,49,116525.16200000001,82490.97359999998,125239.79880000002,78735.93560000003,4715.266199999999,670.2526,59003.8478,14222.716400000001,101020.4976,42954.9117,151738.11820000003,78687.1663,178369.92799999999,96778.0288
2026-10-08T01:38:30.966255+00:00,obs-20261007-01,LIGHT,XRPUSDT,1.0,1.4249,1.425,1.42495,0.7018036353434454,26678614869,1.4249,1.425,442,94,4085795.0840100003,3612326.7963699996,4153997.5478999997,3812100.249650002,164740.40859999994,61132.67627000001,1072810.82038,886359.48416,1465970.0848299996,1348578.6267199998,2120259.3060099985,2200373.7499700007,3614884.227509998,3565545.3410099987
2026-10-08T01:38:30.966255+00:00,obs-20261007-01,LIGHT,HBARUSDT,1.0,0.09346,0.09347,0.09346499999999999,1.069976460517097,8393471893,0.09346,0.09347,303,48,678610.4953100001,1142784.2990799996,720233.2459399999,1140584.8288000003,12349.172699999997,1328.58834,172722.50592,130419.40740999999,263862.18382000003,247892.37602999996,433815.86143999995,402700.04991999984,794067.6017499999,771494.3068699999
2026-10-08T01:39:30.966865+00:00,obs-20261007-01,LIGHT,PEPEUSDT,1.0,4.1e-06,4.11e-06,4.105e-06,24.390243902439046,8828062098,4.1e-06,4.11e-06,82,15,33343.573573609996,254701.23046071993,35661.57818642,255120.8953071799,121.17804609999999,2035.4331942000001,110381.2905549,121698.56747139,278572.08199136,451221.57456763,556080.67850402,1121955.4254936401,816963.0629015799,1687785.7105352702
2026-10-08T01:39:30.966865+00:00,obs-20261007-01,LIGHT,BNBUSDT,1.0,774.05,774.06,774.055,0.12919062076122145,20910715862,774.05,774.06,421,90,3404322.76137,4522676.052070001,3584833.09346,4596344.014599999,15297.90731,2376.416379999999,681846.8192500001,1144442.3860699998,1354235.1949100003,2075769.1463999995,2909014.486039996,3912506.676510001,5368567.263619999,5351539.904110006
2026-10-08T01:39:30.966865+00:00,obs-20261007-01,LIGHT,AAVEUSDT,1.0,173.55,173.56,173.555,0.5762028233924354,10440066353,173.55,173.56,330,44,1444312.3103799995,379942.3652299999,1482868.4375099998,374426.4735800002,4431.05117,6248.98437,134137.05685999998,94063.20091999997,243321.28881999996,141140.54623999997,340119.0805799999,192848.95049999986,402558.7976499999,235717.23092999985
2026-10-08T01:39:30.966865+00:00,obs-20261007-01,LIGHT,AVAXUSDT,1.0,11.151,11.152,11.151499999999999,0.8967805577975163,10520937899,11.151,11.152,403,82,2313729.319050001,652422.5592199998,2236601.069720001,660525.7624799997,9264.997620000004,7032.07664,200530.68246,152398.51265999995,315980.2326999999,230643.87021999992,415614.44156999985,323966.0628999999,484231.3841699996,443231.28665999987
2026-10-08T01:39:30.966865+00:00,obs-20261007-01,LIGHT,FILUSDT,1.0,1.0679,1.068,1.0679500000000002,0.9364172675341287,9895902924,1.0679,1.068,362,65,581886.4138460002,352955.85879999987,571061.6560460002,371249.4824559999,2854.592462,7369.978267000002,85287.44904799998,92655.680182,194991.90142399998,160733.66310500004,296461.470506,213261.710511,384507.78202499996,284757.9307090001
2026-10-08T01:39:30.966865+00:00,obs-20261007-01,LIGHT,ALGOUSDT,1.0,0.1189,0.119,0.11895,8.41042893187538,5664600715,0.1189,0.119,145,31,74438.95300000004,138869.67830000003,76693.90789999999,129537.71310000004,676.8579999999995,0.0,44626.725099999996,16825.6645,106962.8237,44190.7114,151386.9291,78583.6719,177144.5583,94258.30110000001
2026-10-08T01:39:30.966865+00:00,obs-20261007-01,LIGHT,XRPUSDT,1.0,1.4253,1.4254,1.42535,0.7016066792964182,26678618538,1.4253,1.4254,443,58,3302872.0094999964,1988394.9794000003,3172704.8087,2016342.1058199995,73888.2825,20069.583370000004,1191355.3772300004,1092767.3556899999,1593482.1629500005,1501746.7869799996,2248625.5742500015,3175491.0497000003,3743370.83976,3541206.613119999
2026-10-08T01:39:30.966865+00:00,obs-20261007-01,LIGHT,HBARUSDT,1.0,0.09347,0.09348,0.093475,1.0698619878035664,8393473998,0.09347,0.09348,263,22,420530.03755999985,405409.74885000015,409854.08325,413098.79214000003,1629.8850700000003,2136.5633,161096.37033999996,135261.24185000002,232141.29651,241876.5783600001,444491.8157499999,395025.35543000005,805442.2472199998,763311.7769200002
2026-10-08T01:40:30.980641+00:00,obs-20261007-01,LIGHT,PEPEUSDT,1.0,4.1e-06,4.11e-06,4.105e-06,24.390243902439046,8828062467,4.1e-06,4.11e-06,85,12,42286.39324419,149420.00474901998,42781.38900363,245493.69652653005,0.0,1175.40892092,109369.9101522,136100.46955046998,278077.08623192,438278.50243515,555585.68274458,1025881.73371613,815553.2031976898,1508265.40296577
2026-10-08T01:40:30.980641+00:00,obs-20261007-01,LIGHT,BNBUSDT,1.0,773.95,773.96,773.955,0.1292073131331506,20910718915,773.95,773.96,317,35,1680071.8187900006,1837516.3325000005,1681251.42666,1833453.5251299993,3739.088260000001,1082.0089300000002,667755.9281800002,1021023.9627499998,1433098.9757500004,2089078.9314399997,2926875.103749997,3915814.3291199994,5372906.868790001,5355467.471410004
2026-10-08T01:40:30.980641+00:00,obs-20261007-01,LIGHT,AAVEUSDT,1.0,173.59,173.6,173.595,0.5760700501178384,10440068039,173.59,173.6,258,20,1347857.9706900003,216389.4575,1241230.5996099997,213545.64647000004,6159.954029999999,2639.3296299999997,238900.4208,100187.72749999996,359448.4576899999,152280.87660000002,440470.56715999974,198309.2381599999,498933.9020999998,238851.5645999999
2026-10-08T01:40:30.980641+00:00,obs-20261007-01,LIGHT,AVAXUSDT,1.0,11.144,11.145,11.1445,0.8973438621673324,10520941693,11.144,11.145,362,122,1123854.8457399998,1016867.9754799999,1157148.39995,969023.3835300003,27287.342530000024,29008.64132000001,198434.26407,173544.49162000002,344108.7224299999,259399.03835000005,382508.7219099998,362716.0105500001,460958.8622099996,469152.6333
2026-10-08T01:40:30.980641+00:00,obs-20261007-01,LIGHT,FILUSDT,1.0,1.0669,1.067,1.0669499999999998,0.9372949667252328,9895904813,1.0669,1.067,282,17,533456.3206179998,120916.84660599993,566717.1112030001,104546.62352700003,632.050897,517.171045,78928.11802200001,89194.539737,192114.576311,157053.98213199998,267586.962282,225041.65878999987,356983.00456599996,300069.113096
2026-10-08T01:40:30.980641+00:00,obs-20261007-01,LIGHT,ALGOUSDT,1.0,0.1188,0.1189,0.11885000000000001,8.417508417508657,5664601128,0.1188,0.1189,99,3,37080.186400000006,81932.61909999997,41891.797300000006,80863.61550000003,27.0864,7.973,66379.1208,11943.788700000001,120303.5029,40005.6076,149685.3053,79618.5671,173151.1672,94926.28600000001
2026-10-08T01:40:30.980641+00:00,obs-20261007-01,LIGHT,XRPUSDT,1.0,1.425,1.4251,1.4250500000000001,0.7017543859655362,26678620969,1.425,1.4251,406,42,1339585.0610099994,1041554.8125499992,1521921.1246399991,859994.9577999997,48851.34574999999,19272.72797,1015874.9300699998,1202538.2472800002,1411131.0897599994,1521282.7335299999,2068090.4431799988,2356670.3979200004,3549888.4803699977,3722066.1593099986
2026-10-08T01:40:30.980641+00:00,obs-20261007-01,LIGHT,HBARUSDT,1.0,0.0933,0.09331,0.093305,1.0718113612018243,8393476616,0.0933,0.09331,197,81,719446.7694100002,753604.70384,717775.76032,524217.94383999996,18098.870809999997,5773.938860000001,154287.58870000002,119973.24230999999,281422.70194,230770.10643000004,446980.9466199999,392856.0588500001,810625.9010699999,769135.5309700002
2026-10-08T01:41:30.987515+00:00,obs-20261007-01,LIGHT,PEPEUSDT,1.0,4.1e-06,4.11e-06,4.105e-06,24.390243902439046,8828062704,4.1e-06,4.11e-06,102,12,44573.809141599995,78363.45805313,45725.15409148001,79609.26864964,300.9542803,1202.47738914,106704.9106893,136522.15998516,276925.74128203996,437032.53733864,554434.3377946999,1024635.92311962,814079.6171683698,1507019.59236926
2026-10-08T01:41:30.987515+00:00,obs-20261007-01,LIGHT,BNBUSDT,1.0,774.31,774.32,774.315,0.12914724077051076,20910724565,774.31,774.32,390,136,4732119.652459996,3932751.7577099986,4729542.476629999,3954058.1230700007,78109.49427000001,19474.950729999997,625570.19509,1306851.1193800003,1346523.63292,2081653.6176000007,2873812.2702499954,3999858.64223,5113672.614359996,5340258.765750005
2026-10-08T01:41:30.987515+00:00,obs-20261007-01,LIGHT,AAVEUSDT,1.0,173.55,173.56,173.555,0.5762028233924354,10440070220,173.55,173.56,310,30,2119888.1831199997,420283.6595000003,2192290.637609999,420051.92849,1344.2892599999998,6092.10791,149142.55899,95864.75653999997,270654.49944999994,147748.91631999996,371903.23598999984,195924.49253999986,426111.6441699998,238792.77296999985
2026-10-08T01:41:30.987515+00:00,obs-20261007-01,LIGHT,AVAXUSDT,1.0,11.152,11.153,11.1525,0.8967001434734279,10520946283,11.152,11.153,379,74,1065656.8517400005,1412589.71276,901908.5041099999,1467377.2635199998,18284.453250000002,13157.50945,334221.08735,142375.37957,435595.1756699999,223538.18864999997,540869.3958999997,308804.02268999995,616150.3227500004,427801.92153999995
2026-10-08T01:41:30.987515+00:00,obs-20261007-01,LIGHT,FILUSDT,1.0,1.0674,1.0675,1.06745,0.9368559115596753,9895907487,1.0674,1.0675,287,34,387843.56936799973,178842.19486600003,359478.51754399994,189178.11164699998,1886.8425330000005,1858.5952689999997,83590.23746500001,85791.31043699998,173384.09761,161587.995108,292337.02927699994,218695.53233299992,381628.51979599986,290641.361403
2026-10-08T01:41:30.987515+00:00,obs-20261007-01,LIGHT,ALGOUSDT,1.0,0.1189,0.119,0.11895,8.41042893187538,5664601694,0.1189,0.119,143,3,73714.2288,123291.26610000002,65265.1563,126157.8087,784.6211000000001,383.6903,45820.0296,16822.3289,108943.7015,47035.4375,155017.21099999998,76786.13290000001,180774.84019999998,92350.96870000001
2026-10-08T01:41:30.987515+00:00,obs-20261007-01,LIGHT,XRPUSDT,1.0,1.4256,1.4257,1.42565,0.7014590347931282,26678624072,1.4256,1.4257,397,54,2309433.33342,1718773.6781600001,2038792.974589999,1950028.0321999993,23064.19915,60910.566960000004,1196107.14968,1039232.2798299998,1671234.7343000001,1301614.8961199995,2324359.3500300013,3127702.19897,3812656.2499200003,3492971.667349999
2026-10-08T01:41:30.987515+00:00,obs-20261007-01,LIGHT,HBARUSDT,1.0,0.09335,0.09336,0.093355,1.0712372790577795,8393478253,0.09335,0.09336,244,29,323151.68186000007,249117.24609999987,293636.38104,255786.52359,1556.4215999999988,2266.8202800000004,135568.62314,125582.87668000002,284419.5014799999,231565.87849000003,475918.5991199998,387320.89568000013,830938.46226,757639.3545800003
2026-10-08T01:42:30.998378+00:00,obs-20261007-01,LIGHT,PEPEUSDT,1.0,4.09e-06,4.1e-06,4.095e-06,24.449877750611915,8828063461,4.09e-06,4.1e-06,156,20,208112.0949815699,617449.36569725,305681.99509494007,492488.56899739,21668.96275979,2098.50079495,155942.85230340998,23649.480427799997,324099.84529644996,202557.12687203998,561618.37781049,676173.92457358,866656.8270666699,1685577.23589773
2026-10-08T01:42:30.998378+00:00,obs-20261007-01,LIGHT,BNBUSDT,1.0,774.11,774.12,774.115,0.1291806074066315,20910726789,774.11,774.12,309,54,1173424.5903000003,1275289.3556700002,1169041.9269899996,1258354.0182199995,2943.3724500000003,4092.2052100000005,626026.68067,1204355.3846000002,1357172.3417600002,2081065.60138,2914754.867269995,3912570.6010800004,5346991.560659999,5348303.697970006
2026-10-08T01:42:30.998378+00:00,obs-20261007-01,LIGHT,AAVEUSDT,1.0,173.42,173.43,173.425,0.576634759543726,10440071942,173.42,173.43,280,24,809322.16166,316696.77741999994,802245.23,306671.91499,4117.54665,1699.8128399999998,214852.86107999994,103640.28352000001,306025.7294899999,149655.98417000004,388669.03705999977,205521.60576999997,917438.7656399999,232692.8530099999
2026-10-08T01:42:30.998378+00:00,obs-20261007-01,LIGHT,AVAXUSDT,1.0,11.141,11.142,11.1415,0.8975854950188378,10520948816,11.141,11.142,291,46,693025.0119499998,793358.4855,786566.3586100001,733684.46376,3086.239349999999,4537.276199999999,261601.16835000002,178357.61954000004,385428.5643299998,264264.09773,452785.00261999975,359072.0935300001,533703.7054999995,474031.81523999997
2026-10-08T01:42:30.998378+00:00,obs-20261007-01,LIGHT,FILUSDT,1.0,1.0678,1.0679,1.06785,0.9365049634757483,9895909262,1.0678,1.0679,239,14,459348.9963470001,144748.08876199994,464499.31651999993,150526.92263599992,669.7200989999999,154.22949699999998,68930.15029599999,93376.310015,174648.42991600002,155879.045428,286415.4115719999,217563.63090299995,374466.7501439999,285006.146499
2026-10-08T01:42:30.998378+00:00,obs-20261007-01,LIGHT,ALGOUSDT,1.0,0.1188,0.1189,0.11885000000000001,8.417508417508657,5664601973,0.1188,0.1189,86,0,27025.333499999997,84127.87630000002,33269.35860000001,79119.3456,0.0,0.0,67808.1798,25179.160799999998,121557.4899,54032.990399999995,151883.173,81760.5552,175973.80639999997,97166.1588
2026-10-08T01:42:30.998378+00:00,obs-20261007-01,LIGHT,XRPUSDT,1.0,1.4251,1.4252,1.42515,0.7017051434976551,26678626462,1.4251,1.4252,408,75,1613017.7054799988,1585682.983899999,1698796.5940199997,1535676.8349899985,56938.55426000001,27306.246170000002,1188543.9027699998,1060817.2806300002,1576885.6373799997,1345513.5303999996,2251484.6814700007,2177226.62827,3734366.9881199994,3543072.1133399983
2026-10-08T01:42:30.998378+00:00,obs-20261007-01,LIGHT,HBARUSDT,1.0,0.09331,0.09332,0.09331500000000001,1.0716964955514996,8393481110,0.09331,0.09332,273,103,379937.11317,521715.00992999994,391482.7938800001,513323.4251499996,7721.916240000004,13287.952320000006,152045.60554999998,134561.20023000002,289629.02889,235673.99116000003,464931.35169,395197.1459800001,819471.0552899999,766087.5618700002
2026-10-08T01:43:30.999109+00:00,obs-20261007-01,LIGHT,PEPEUSDT,1.0,4.1e-06,4.11e-06,4.105e-06,24.390243902439046,8828064011,4.1e-06,4.11e-06,140,33,156482.44668976997,64611.44203915001,106354.77219459,98902.92077934995,488.2477743,24453.75003628,20605.6760076,138222.57675093,205913.49060339,446781.77422233,485813.25612809,1113007.40879386,792152.8639847799,1677882.53701092
2026-10-08T01:43:30.999109+00:00,obs-20261007-01,LIGHT,BNBUSDT,1.0,774.1,774.11,774.105,0.1291822761917416,20910728919,774.1,774.11,294,43,924617.1749100004,1154508.59558,943944.8455900006,1071650.7135299998,4035.64555,2818.7978100000005,600795.8421999998,1270875.2227800002,1337697.48433,2150794.3108200016,2895427.196589995,3995423.010180002,5363171.540349999,5425346.612520004
2026-10-08T01:43:30.999109+00:00,obs-20261007-01,LIGHT,AAVEUSDT,1.0,173.44,173.45,173.445,0.576568265682198,10440073312,173.44,173.45,246,12,1340502.8388200004,222223.90249,1318262.6922799996,221498.81431999992,637.1382500000001,1026.74714,202322.05936999997,98951.74850999998,323692.2387299999,145624.82576,406277.3748699998,206354.24831999993,938386.8294999998,233460.2202799999
2026-10-08T01:43:30.999109+00:00,obs-20261007-01,LIGHT,AVAXUSDT,1.0,11.141,11.142,11.1415,0.8975854950188378,10520951359,11.141,11.142,259,40,700444.7692100004,857103.92663,827980.0981300006,859709.10171,2640.6768300000003,6386.288339999999,136397.54155000002,169099.66682,260179.60874000008,261184.45015000005,325249.6736999999,356466.9184500001,407157.0974799997,470406.76319
2026-10-08T01:43:30.999109+00:00,obs-20261007-01,LIGHT,FILUSDT,1.0,1.0666,1.0667,1.06665,0.9375585974114031,9895911120,1.0666,1.0667,241,19,540988.0213990004,149142.64483400004,571760.162144,117670.04200299995,1549.1287230000003,710.94259,98682.81559,83081.88560100002,192761.52802800006,170629.072216,260204.555848,240261.98867399996,351116.79861699993,315112.16235700005
2026-10-08T01:43:30.999109+00:00,obs-20261007-01,LIGHT,ALGOUSDT,1.0,0.1188,0.1189,0.11885000000000001,8.417508417508657,5664602199,0.1188,0.1189,89,0,15861.853200000001,58003.98430000002,15725.327400000002,59932.96640000001,0.0,0.0,68042.4539,14134.7094,121335.5325,46020.0346,152019.69879999998,79831.57309999998,176880.05369999993,95086.71389999997
2026-10-08T01:43:30.999109+00:00,obs-20261007-01,LIGHT,XRPUSDT,1.0,1.4254,1.4255,1.42545,0.701557457556401,26678628879,1.4254,1.4255,402,33,1700159.3565700008,1561542.236569999,1749066.4868200002,1396664.2837999999,7978.59842,34895.32449,1122628.9214399997,1217496.0742099998,1529661.1126199998,1515647.9080699997,2189897.290100001,3342931.85552,3688100.6492299996,3709026.835339999
2026-10-08T01:43:30.999109+00:00,obs-20261007-01,LIGHT,HBARUSDT,1.0,0.09332,0.09333,0.09332499999999999,1.0715816545214807,8393482303,0.09332,0.09333,206,16,195509.25029999999,139429.0298,184449.67896000002,138874.23798,372.45804999999996,2777.98126,149600.95615,127038.95444,299001.43374999997,235532.29789999995,475990.92302999995,395751.9378,830539.19751,766642.3536900001
2026-10-08T01:44:31.024220+00:00,obs-20261007-01,LIGHT,PEPEUSDT,1.0,4.09e-06,4.1e-06,4.095e-06,24.449877750611915,8828064455,4.09e-06,4.1e-06,138,15,213988.19123061,425580.03242293996,186624.83899768,325141.26332102995,16358.419133529998,1008.1267084699999,123530.87269013,97839.9371464,337935.14220269,273595.24337581,606168.8842602,742470.41322405,912100.8767791899,1725198.0815154598
2026-10-08T01:44:31.024220+00:00,obs-20261007-01,LIGHT,BNBUSDT,1.0,773.62,773.63,773.625,0.1292624285831323,20910732473,773.62,773.63,342,74,2243084.9181700014,3447130.79289,2275120.3552800007,3489688.75226,25915.78245,7982.198660000002,738222.8526999998,1128272.5093,1418829.098299999,2068589.9823199986,3086631.4633299955,3947335.3525600014,5336249.88848,5305195.988410008
2026-10-08T01:44:31.024220+00:00,obs-20261007-01,LIGHT,AAVEUSDT,1.0,173.48,173.49,173.485,0.5764353239579023,10440074805,173.48,173.49,255,21,1113698.3086999995,396942.47620999994,1196373.9388299992,395549.56210999994,202.98194,3941.6854499999995,114170.95038000001,103017.65222,221675.13884,153465.33174000005,320223.6510199999,207827.92961999998,373543.84165999986,232315.98973999996
2026-10-08T01:44:31.024220+00:00,obs-20261007-01,LIGHT,AVAXUSDT,1.0,11.117,11.118,11.1175,0.8995232526753938,10520954752,11.117,11.118,312,66,577139.7995000002,1143772.1129200007,582263.1684200001,1121060.9634500002,1995.6896100000006,9905.72056,183647.44270999997,177961.81096000003,279077.30327999993,260001.77201000002,339408.17685,365418.86017999996,438281.93152999977,397065.39359000005
2026-10-08T01:44:31.024220+00:00,obs-20261007-01,LIGHT,FILUSDT,1.0,1.0651,1.0652,1.06515,0.9388789785003127,9895913312,1.0651,1.0652,268,33,328221.76495399984,136937.144635,366894.15660300007,99593.02457600001,5008.673673000001,1210.6286959999998,89459.24698300002,84183.32420599999,189479.76381000003,166761.40205699997,241378.259229,273201.46815100004,329926.9676970001,351414.23320000013
2026-10-08T01:44:31.024220+00:00,obs-20261007-01,LIGHT,ALGOUSDT,1.0,0.1188,0.1189,0.11885000000000001,8.417508417508657,5664602402,0.1188,0.1189,74,0,7345.8935,54409.078900000015,8988.5528,52539.7738,0.0,0.0,67303.67569999999,19057.3672,120636.7095,53973.097200000004,150377.03949999998,81700.8782,175237.51179999995,96956.019
2026-10-08T01:44:31.024220+00:00,obs-20261007-01,LIGHT,XRPUSDT,1.0,1.4258,1.4259,1.42585,0.7013606396411021,26678631615,1.4258,1.4259,376,38,2211580.3743699994,1557459.4420199997,1987052.7585400003,1839883.7149799995,41665.39013,10552.877779999999,1243895.9934200004,991444.3159799997,1746660.78712,1236808.0167399992,2413910.1837800015,3076348.2954899995,3906040.7122500003,3428373.785039998
2026-10-08T01:44:31.024220+00:00,obs-20261007-01,LIGHT,HBARUSDT,1.0,0.09324,0.09325,0.093245,1.0725010725010087,8393485131,0.09324,0.09325,301,92,307786.5541000001,467941.85850000015,340519.0076900001,456715.08929,7041.62901,12605.870769999998,182502.20456,127908.28038000001,284633.33235000016,236460.13655,454642.9235400001,398866.46784000006,808590.2856400001,777777.6835300002
2026-10-08T01:45:31.062637+00:00,obs-20261007-01,LIGHT,PEPEUSDT,1.0,4.09e-06,4.1e-06,4.095e-06,24.449877750611915,8828064681,4.09e-06,4.1e-06,131,15,12425.237863130002,82488.08367244998,40178.165634920006,87822.21262155,515.72425959,1880.9585210999999,128652.36905412999,80468.02944859999,309357.95225557,269591.28664355,578415.95648841,737136.28427495,883805.0631840599,1720050.5483069802
2026-10-08T01:45:31.062637+00:00,obs-20261007-01,LIGHT,BNBUSDT,1.0,773.6,773.61,773.605,0.12926577042327025,20910734042,773.6,773.61,260,34,716757.9753999993,765831.4599400004,901861.7477200001,746282.1152800001,7183.04626,7500.931120000002,742130.9955699999,1141825.7680799998,1421367.6962899992,2084260.4420499983,2901864.678209995,3966847.973530001,5348424.721150002,5406710.973220003
2026-10-08T01:45:31.062637+00:00,obs-20261007-01,LIGHT,AAVEUSDT,1.0,173.82,173.83,173.825,0.5753077896675229,10440079678,173.82,173.83,391,98,2708038.705830002,752345.0051900003,2555668.956960001,761548.71542,4374.619119999999,12377.864029999997,195161.13616999995,105673.9347,319852.12763,168287.26914999995,432204.82780999976,202211.49727999995,515842.26023999957,242138.33976999996
2026-10-08T01:45:31.062637+00:00,obs-20261007-01,LIGHT,AVAXUSDT,1.0,11.111,11.112,11.1115,0.9000090000887973,10520958067,11.111,11.112,340,66,497795.72794,906597.2419699997,494516.9060799998,905377.0919600001,5922.250029999997,4858.482620000001,191758.3505,173486.03141999998,274950.08946999995,264030.64067000005,342721.99089999986,365870.47868000006,441655.11167999974,396878.99807
2026-10-08T01:45:31.062637+00:00,obs-20261007-01,LIGHT,FILUSDT,1.0,1.0681,1.0682,1.0681500000000002,0.9362419249137055,9895916102,1.0681,1.0682,287,57,800626.0203409998,193210.2693549999,701516.3499350001,276413.88402,12152.570626,32372.66885900001,97171.95848999998,92903.418419,204638.51736799994,149412.82890599995,312489.925877,202805.16250799992,397418.60530899995,273631.08178099996
2026-10-08T01:45:31.062637+00:00,obs-20261007-01,LIGHT,ALGOUSDT,1.0,0.1188,0.1189,0.11885000000000001,8.417508417508657,5664602623,0.1188,0.1189,84,3,9945.1627,65421.6573,10740.3014,62556.638699999996,0.0,57.1909,61489.841100000005,17334.8227,119712.26000000001,49026.788700000005,149581.9008,84565.89679999999,176086.82729999995,102294.98759999996
2026-10-08T01:45:31.062637+00:00,obs-20261007-01,LIGHT,XRPUSDT,1.0,1.4263,1.4264,1.4263499999999998,0.7011147724877986,26678634219,1.4263,1.4264,382,35,1849421.0190599982,1855676.0581500002,1793099.282869999,1757455.1389199994,45590.612080000006,26118.748119999993,1127198.41258,1019848.91645,1524818.7011099998,1336971.4883099997,2441144.926320001,3177170.1424600007,3897414.03018,3533865.0462399996
2026-10-08T01:45:31.062637+00:00,obs-20261007-01,LIGHT,HBARUSDT,1.0,0.09318,0.09319,0.09318499999999999,1.0731916720319035,8393487608,0.09318,0.09319,228,112,367993.4220499999,486488.67461000005,393176.02696999995,476954.0483100001,5025.360129999995,8954.13455,147402.6669,118528.32254,265968.29899000004,234158.29692,434492.70139,404746.17812000006,784779.4560199999,784082.1141700002
2026-10-08T01:46:31.066640+00:00,obs-20261007-01,LIGHT,PEPEUSDT,1.0,4.09e-06,4.1e-06,4.095e-06,24.449877750611915,8828064970,4.09e-06,4.1e-06,133,12,274282.82298861997,123583.62783062996,278740.7080350899,197425.60773535998,0.0,964.1294893999999,104615.73978365,130229.57747799999,304749.81362597004,280420.46652678994,573958.07144194,663294.3043702199,879177.58189083,1543238.24729789
2026-10-08T01:46:31.066640+00:00,obs-20261007-01,LIGHT,BNBUSDT,1.0,773.18,773.19,773.185,0.12933598903419607,20910740241,773.18,773.19,406,118,3685112.6873000013,5997129.06698,3827678.919489999,6063004.004360001,38586.58865,4106.965890000001,661232.2021900001,956093.6084000001,1446309.4278299995,2000728.1897699991,3105334.4375599986,3796863.508860002,5307725.963920004,5256718.150790003
2026-10-08T01:46:31.066640+00:00,obs-20261007-01,LIGHT,AAVEUSDT,1.0,173.56,173.57,173.565,0.5761696243378189,10440082533,173.56,173.57,358,47,2567877.296719999,421356.04949999996,2614407.8916900014,410541.75284,2347.57071,2100.54662,173640.89466,93372.40468,300051.02576,143822.55596000006,414066.4849399999,208085.59543999998,480525.07799999986,249567.84140999996
2026-10-08T01:46:31.066640+00:00,obs-20261007-01,LIGHT,AVAXUSDT,1.0,11.093,11.094,11.093499999999999,0.9014693951137076,10520964328,11.093,11.094,418,140,946594.4498599999,1908761.8154699986,946124.21552,1898503.2840299993,9488.050249999997,43361.686340000015,139801.73644000004,184857.19347999996,277200.31938999996,267523.28870999994,348720.29437,366365.26008,446701.44706999976,400665.92858999985
2026-10-08T01:46:31.066640+00:00,obs-20261007-01,LIGHT,FILUSDT,1.0,1.0673,1.0675,1.0674,1.8738873793688882,9895919062,1.0673,1.0675,336,75,569542.8523129999,213042.537457,596014.8406329997,196851.93208599993,6974.449826,18707.269123000002,63228.38754500001,83166.35778700002,157965.62713,158806.89161600004,290379.85879599984,218626.560023,380071.1964439998,289961.58137
2026-10-08T01:46:31.066640+00:00,obs-20261007-01,LIGHT,ALGOUSDT,1.0,0.1186,0.1187,0.11865,8.43170320404818,5664603363,0.1186,0.1187,186,21,95867.4636,116776.11580000006,104734.77469999998,115801.12920000001,4900.856299999999,143.0352,67211.93430000001,22977.1813,120100.17400000001,54392.858799999995,150008.6056,75711.86299999998,175285.94609999997,101492.22899999998
2026-10-08T01:46:31.066640+00:00,obs-20261007-01,LIGHT,XRPUSDT,1.0,1.4249,1.425,1.42495,0.7018036353434454,26678639238,1.4249,1.425,449,98,3774135.2477799994,3736539.1937100003,4077289.5073200017,3543735.4788200012,102530.23601,59709.610479999996,1005515.7175500003,1119732.0256199997,1392840.2622200001,1522812.6763799998,2181734.512760001,2355805.2447,3679107.40098,3721686.1706099985
2026-10-08T01:46:31.066640+00:00,obs-20261007-01,LIGHT,HBARUSDT,1.0,0.09304,0.09305,0.09304499999999999,1.0748065348242797,8393490888,0.09304,0.09305,333,118,636897.8396800001,1380285.8303500004,672433.2488900002,1370128.8770399995,4456.71887,2138.8491799999997,152006.32377,115787.16854000001,265504.23896999995,199191.21098,400007.06523,404114.96688,756025.40669,776658.7117000003
2026-10-08T01:47:31.075626+00:00,obs-20261007-01,LIGHT,PEPEUSDT,1.0,4.09e-06,4.1e-06,4.095e-06,24.449877750611915,8828065199,4.09e-06,4.1e-06,111,12,107261.35082275001,95441.0993998,103696.32319152002,98534.85150284998,54.99999688,1400.9362282999998,123779.48571232999,109130.56706389999,307685.48738512996,277294.77635677997,577523.09907317,660200.55226717,882442.6095234499,1540194.4951916402
2026-10-08T01:47:31.075626+00:00,obs-20261007-01,LIGHT,BNBUSDT,1.0,773.41,773.42,773.415,0.12929752653878523,20910742996,773.41,773.42,316,42,2248005.9756999994,1443214.6291900007,2083855.9540100007,1469492.4179299995,14668.424219999999,764.0656200000001,676453.7027800002,1014056.5837399998,1442210.3890999996,2033381.7112199985,3076190.310319998,3871884.3472500006,5547433.064730004,5242380.191950001
2026-10-08T01:47:31.075626+00:00,obs-20261007-01,LIGHT,AAVEUSDT,1.0,173.91,173.92,173.915,0.5750100626755739,10440085184,173.91,173.92,312,39,1845203.1297800008,392388.32592,1854410.73208,414513.33833000006,1307.7005399999998,9096.83006,136903.44912,97015.46804000002,233692.78034,159076.53439000004,369021.0754600001,191271.66195000004,457124.2586999999,229017.92767000003
2026-10-08T01:47:31.075626+00:00,obs-20261007-01,LIGHT,AVAXUSDT,1.0,11.107,11.108,11.1075,0.9003331232571021,10520969837,11.107,11.108,362,101,816474.8805200001,1664502.11885,769496.4891299997,1726427.1226600015,3179.2729000000018,13358.33282,190016.19971000002,164584.86694000004,270315.73070000013,252460.40499000007,391502.00099000026,305646.70186000003,488339.2272000001,341326.12249999994
2026-10-08T01:47:31.075626+00:00,obs-20261007-01,LIGHT,FILUSDT,1.0,1.0684,1.0685,1.06845,0.9359790340690566,9895922055,1.0684,1.0685,329,78,660700.8216930004,235124.23033999998,654768.8064430002,260532.04478999996,20340.220435000003,15927.336271999997,94317.951847,91320.73335099999,188122.56682199996,153250.072177,291944.95035899995,195888.5002669999,377109.57395000005,265021.8972539999
2026-10-08T01:47:31.075626+00:00,obs-20261007-01,LIGHT,ALGOUSDT,1.0,0.1186,0.1187,0.11865,8.43170320404818,5664603844,0.1186,0.1187,135,1,33251.3949,114034.89989999997,32211.092599999996,112879.93739999994,0.0,299.2427,72217.9343,13395.494,119713.18639999999,45278.0329,151048.90789999996,76866.82549999998,176002.21719999993,101521.18769999998
2026-10-08T01:47:31.075626+00:00,obs-20261007-01,LIGHT,XRPUSDT,1.0,1.426,1.4261,1.42605,0.7012622720892203,26678642594,1.426,1.4261,383,57,2653231.373519999,2065982.82582,2273863.598989999,2401418.8701199996,27579.668440000005,20920.537669999998,1193335.84165,887951.0323300001,1718195.22402,1078550.1562700002,2542341.3841500008,3039150.1423600004,3983319.17243,3395014.7350399997
2026-10-08T01:47:31.075626+00:00,obs-20261007-01,LIGHT,HBARUSDT,1.0,0.09305,0.09306,0.093055,1.0746910263303988,8393492563,0.09305,0.09306,258,12,412534.54829999997,438282.44691000006,389834.5007999999,436222.55721,406.61653,3098.67487,171586.78627999997,122972.70350999998,286975.0883499999,242444.99000999992,422336.51396999997,406687.7054400001,782678.56308,778610.5364600003
2026-10-08T01:48:31.105592+00:00,obs-20261007-01,LIGHT,PEPEUSDT,1.0,4.09e-06,4.1e-06,4.095e-06,24.449877750611915,8828065440,4.09e-06,4.1e-06,108,15,12142.943500809999,185214.44445789003,15017.620355919993,202641.28240577,60.38865368,1055.1867091999998,123724.11705511999,92104.0099757,305574.38043799996,259868.02080889998,574648.42221806,642773.71431929,879068.80701614,1537087.71218854
2026-10-08T01:48:31.105592+00:00,obs-20261007-01,LIGHT,BNBUSDT,1.0,773.25,773.26,773.255,0.1293242806332806,20910746477,773.25,773.26,350,54,1121223.3501800003,1821714.5796499988,1168778.7736299997,1801605.9530100008,12335.661120000002,1938.7943500000003,631772.6548399999,778947.0855799998,1398912.2131799993,2126953.5352699994,3030105.6604999974,3871771.655770002,5505503.805590003,5250707.001710005
2026-10-08T01:48:31.105592+00:00,obs-20261007-01,LIGHT,AAVEUSDT,1.0,174.09,174.1,174.095,0.5744155321951716,10440088405,174.09,174.1,361,82,2364176.550069997,435285.78916000016,2346885.48639,420761.73181999987,2289.9543299999996,14573.047409999996,182715.50372,102130.87954999997,254595.61957000004,164019.7603,372661.6356000001,205487.48089,447645.2940599998,246832.72516999996
2026-10-08T01:48:31.105592+00:00,obs-20261007-01,LIGHT,AVAXUSDT,1.0,11.109,11.11,11.1095,0.9001710324962886,10520974459,11.109,11.11,365,51,729674.0230499998,1363625.5643199994,752874.4539000001,1350225.3153300001,10951.409890000003,1852.8171900000004,163704.82887,171414.53496,274720.18478999997,272766.02583,368338.09166,321864.51678999997,466199.13067999994,366927.30113999994
2026-10-08T01:48:31.105592+00:00,obs-20261007-01,LIGHT,FILUSDT,1.0,1.069,1.0691,1.0690499999999998,0.9354536950412218,9895924448,1.069,1.0691,292,64,492651.26595600025,154786.48493100004,474787.07494600007,166017.56077000007,643.2716909999997,23632.798974999994,114507.78750499997,94156.95358100001,202534.07803899999,130231.71685399998,304495.53578100016,189409.05453599992,391208.5337940001,259593.68757699983
2026-10-08T01:48:31.105592+00:00,obs-20261007-01,LIGHT,ALGOUSDT,1.0,0.1186,0.1187,0.11865,8.43170320404818,5664604228,0.1186,0.1187,115,6,36993.83939999999,100360.78109999998,35887.9216,97006.68969999996,1953.3091,5.4602,71407.97290000001,19025.0245,120814.85620000001,57397.6807,152154.82570000002,80220.91690000001,176961.26149999996,104724.93519999999
2026-10-08T01:48:31.105592+00:00,obs-20261007-01,LIGHT,XRPUSDT,1.0,1.4264,1.4265,1.42645,0.7010656197437015,26678646426,1.4264,1.4265,423,53,2805071.4626399986,2055560.5998000004,2827440.904739999,1963661.2939800003,66988.78242,38498.407380000004,1146168.50637,1025180.6375300001,1573389.95121,1297913.7271399996,2490512.684060001,3134105.82477,3951722.3546499996,3490282.887799999
2026-10-08T01:48:31.105592+00:00,obs-20261007-01,LIGHT,HBARUSDT,1.0,0.09303,0.09304,0.093035,1.0749220681494087,8393494142,0.09303,0.09304,257,10,216224.56009000016,277177.58551999996,229871.82205000005,270056.43151999987,1330.03883,1787.73286,161002.30719999995,127284.64799999999,275746.0178699999,248015.80664,409059.85076999996,412327.8376700001,769047.4394200001,784791.2904600003
2026-10-08T01:49:31.126609+00:00,obs-20261007-01,LIGHT,PEPEUSDT,1.0,4.09e-06,4.1e-06,4.095e-06,24.449877750611915,8828065745,4.09e-06,4.1e-06,125,10,152477.92401365002,151541.65226041,141414.69431254998,202436.23469143,0.0,1177.428119,150586.02199792,23151.942033,317571.33813496004,212396.27840588999,585711.65191916,591879.13188827,890132.03671724,1507633.5619978001
2026-10-08T01:49:31.126609+00:00,obs-20261007-01,LIGHT,BNBUSDT,1.0,773.25,773.26,773.255,0.1293242806332806,20910749989,773.25,773.26,323,45,1677266.9236899996,1863634.9469599996,1650191.9171500006,1805288.04287,10117.703010000001,2040.5056000000004,658440.2921199998,930788.6236300003,1425495.6814299992,2183161.7033599997,3057180.667039998,3930118.5598600022,5611161.885350003,5309053.877520003
2026-10-08T01:49:31.126609+00:00,obs-20261007-01,LIGHT,AAVEUSDT,1.0,174.07,174.08,174.075,0.5744815304198347,10440090401,174.07,174.08,290,30,1293116.11953,273024.91216,1268457.6840200003,285682.9752999999,760.4795499999999,5143.3848,176400.41118000002,99935.40368000002,279989.9085000001,156126.34040000004,397320.07111000025,192829.4177500001,473620.57645999995,233533.20087000006
2026-10-08T01:49:31.126609+00:00,obs-20261007-01,LIGHT,AVAXUSDT,1.0,11.099,11.1,11.099499999999999,0.9009820704553029,10520978501,11.099,11.1,317,55,782487.1374,1243046.7362900004,770638.1472500002,1225532.0374200004,6318.4592,7172.61925,165125.66169,166085.13087999998,294139.15492000006,260282.64122999998,382148.89648,335442.29644999997,479981.92536999995,382391.3758799998
2026-10-08T01:49:31.126609+00:00,obs-20261007-01,LIGHT,FILUSDT,1.0,1.0684,1.0685,1.06845,0.9359790340690566,9895926833,1.0684,1.0685,284,48,767792.565881,237022.36635199998,793889.1754839999,220457.56484099996,938.9670370000001,4945.683001000001,74842.73536,80400.91544699999,180018.634587,145968.135028,283712.531766,201222.22593899994,368867.139668,270365.85383199994
2026-10-08T01:49:31.126609+00:00,obs-20261007-01,LIGHT,ALGOUSDT,1.0,0.1186,0.1187,0.11865,8.43170320404818,5664604775,0.1186,0.1187,143,4,28936.58859999999,134372.37219999998,36475.792799999996,134036.30759999997,471.7138,1418.6084,63294.0461,17524.425199999998,111860.21579999999,47155.1801,144615.62149999998,80556.9815,170538.15879999998,105211.2125
2026-10-08T01:49:31.126609+00:00,obs-20261007-01,LIGHT,XRPUSDT,1.0,1.4264,1.4265,1.42645,0.7010656197437015,26678649022,1.4264,1.4265,380,41,2312366.2632099986,1868710.5352200004,2362605.58816,1888098.623120001,28534.011569999995,8225.3056,1134935.8665500002,1011438.38936,1620149.60584,1411420.3216199998,2440273.359110001,3114717.6316599995,3897497.0984000005,3471399.9832499987
2026-10-08T01:49:31.126609+00:00,obs-20261007-01,LIGHT,HBARUSDT,1.0,0.09305,0.09306,0.093055,1.0746910263303988,8393495576,0.09305,0.09306,248,16,239883.35123999993,327075.3877599999,215426.47843999995,339936.6809799999,3751.0983699999997,2126.90489,181617.69350999998,122480.47155999999,297290.46576,235169.74852999998,433146.12480999995,400947.5662200001,793496.71699,770962.1287400003
2026-10-08T01:50:31.127535+00:00,obs-20261007-01,LIGHT,PEPEUSDT,1.0,4.1e-06,4.11e-06,4.105e-06,24.390243902439046,8828066467,4.1e-06,4.11e-06,143,14,460187.55633513,311642.30984478,371555.77286285994,250843.3311562801,12.9150287,3675.8249541200003,22648.3754451,138883.08733374,206964.52188421,447539.31261794,548781.59570143,1113437.10431939,924844.43650749,1670802.5109653098
2026-10-08T01:50:31.127535+00:00,obs-20261007-01,LIGHT,BNBUSDT,1.0,773.25,773.26,773.255,0.1293242806332806,20910754029,773.25,773.26,398,51,2658791.6012799996,2186008.95872,2622337.636369999,2194898.24325,15954.338529999995,3802.9112600000003,703155.3455699995,882759.4705799998,1467265.449019999,2174209.8785199993,3093634.631949997,3921229.275330002,5800136.323930003,5299821.066500002
2026-10-08T01:50:31.127535+00:00,obs-20261007-01,LIGHT,AAVEUSDT,1.0,174.48,174.49,174.485,0.5731315910151302,10440095783,174.48,174.49,401,172,2322566.4303399976,611076.7036300001,2255999.5097599993,610229.2080100004,14921.430929999999,27477.742160000016,220222.565,114854.73228000001,322038.3350000002,161048.22469,433034.2100100004,214500.07581999994,503157.77263000014,262386.1312699999
2026-10-08T01:50:31.127535+00:00,obs-20261007-01,LIGHT,AVAXUSDT,1.0,11.1,11.101,11.1005,0.9009009009020019,10520984198,11.1,11.101,405,106,1364398.1298500006,1318192.3170499986,1374203.7834300008,1357532.2422899997,30598.89837,60875.43906999999,186760.76940000002,116113.63870999997,287833.47965000017,226578.74740999992,372335.66049000015,296138.58274,469360.70063000015,343065.8328799998
2026-10-08T01:50:31.127535+00:00,obs-20261007-01,LIGHT,FILUSDT,1.0,1.0689,1.069,1.06895,0.9355412105893635,9895928918,1.0689,1.069,271,32,475776.57292799995,146956.71746699995,451756.4519449997,156745.85053400003,1628.9050410000002,4266.06815,123113.33094900001,86589.752698,200341.01323200006,135309.73229999997,303930.81812800013,196138.10153399993,395573.67919600016,266364.32392499986
2026-10-08T01:50:31.127535+00:00,obs-20261007-01,LIGHT,ALGOUSDT,1.0,0.1186,0.1187,0.11865,8.43170320404818,5664605406,0.1186,0.1187,159,2,53225.302400000015,151604.72939999998,43228.3159,153243.6199,0.0,435.3163,73028.78099999999,12919.2214,122373.45169999999,42204.0753,153198.73049999998,78918.091,178451.23519999994,103234.18929999998
2026-10-08T01:50:31.127535+00:00,obs-20261007-01,LIGHT,XRPUSDT,1.0,1.4266,1.4267,1.42665,0.7009673349211987,26678653033,1.4266,1.4267,427,63,3113234.6208,2889434.998359999,3176816.816930003,2532343.465599999,47251.60041000001,25114.515380000004,1022787.3412200001,1235544.9589699996,1595943.4189999998,1772367.203229999,2376470.431020001,3473458.442159998,3815498.8829200002,3846272.792729997
2026-10-08T01:50:31.127535+00:00,obs-20261007-01,LIGHT,HBARUSDT,1.0,0.09311,0.09312,0.093115,1.0739984964014404,8393498361,0.09311,0.09312,314,33,815378.5414899999,532900.3360100001,810009.8768099998,537584.4768899999,1049.0808700000002,2167.89951,172115.9925,130692.60625999997,292946.6926400001,230970.61559999996,438478.3871100001,399086.67636,798755.7790300002,768214.01682
2026-10-08T01:51:31.141604+00:00,obs-20261007-01,LIGHT,PEPEUSDT,1.0,4.1e-06,4.11e-06,4.105e-06,24.390243902439046,8828067296,4.1e-06,4.11e-06,162,20,250212.30246721994,639130.0847235201,203567.71953633,634697.49131249,2311.6310669599998,1878.44279238,71628.6772772,138647.50317356997,251387.76689023996,452020.39883461,562908.587815,1107903.54801896,928679.5123151799,1665508.17371834
2026-10-08T01:51:31.141604+00:00,obs-20261007-01,LIGHT,BNBUSDT,1.0,772.88,772.89,772.885,0.1293861919049455,20910758034,772.88,772.89,373,70,2505705.0430300008,3128738.6555599994,2477120.852530001,3167210.037039997,13852.396349999997,741.26188,860126.73082,900672.46677,1496896.6649499987,1939061.96394,3322325.2878699973,3877527.683160003,5835128.566130001,5245538.186910004
2026-10-08T01:51:31.141604+00:00,obs-20261007-01,LIGHT,AAVEUSDT,1.0,174.33,174.34,174.335,0.5736247346987966,10440099280,174.33,174.34,375,66,2388522.0708399997,422063.8504799997,2491578.651419999,417422.2135799999,1977.9558900000004,8901.576960000002,120380.61363,108175.05118000004,219854.41362999997,158586.33099000005,335497.35582,216714.74749000004,399979.0342499998,245797.47546
2026-10-08T01:51:31.141604+00:00,obs-20261007-01,LIGHT,AVAXUSDT,1.0,11.087,11.088,11.087499999999999,0.9019572472257487,10520989128,11.087,11.088,357,126,1573498.2336700005,683040.7623499995,1523783.6135700007,662745.0005300001,10722.346199999987,14304.034430000002,218287.06680000003,161817.14168000003,349568.842,247347.97355,431322.57450999995,314802.3657500002,519553.66213999974,361036.07181999995
2026-10-08T01:51:31.141604+00:00,obs-20261007-01,LIGHT,FILUSDT,1.0,1.0678,1.0679,1.06785,0.9365049634757483,9895931619,1.0678,1.0679,335,92,652985.7943970001,219183.041817,697527.6598790003,207811.13912299988,7060.0039419999985,3607.3386240000004,66649.092477,69325.29113700001,160956.09764900003,134409.668084,266786.41342199995,200047.052036,361658.67778499995,271629.14093299996
2026-10-08T01:51:31.141604+00:00,obs-20261007-01,LIGHT,ALGOUSDT,1.0,0.1185,0.1186,0.11854999999999999,8.438818565401629,5664606075,0.1185,0.1186,147,51,82016.86109999997,156053.61140000005,87038.77039999998,151016.51120000007,4543.430000000001,360.8998,53838.4672,18553.893,117013.5896,52764.7474,149712.648,82040.66739999999,175001.1629,97421.18499999997
2026-10-08T01:51:31.141604+00:00,obs-20261007-01,LIGHT,XRPUSDT,1.0,1.4261,1.4262,1.4261499999999998,0.7012130986616683,26678656540,1.4261,1.4262,403,66,2270311.8462300003,2230916.1141500007,2252866.166379999,2432028.801570001,87397.44142999998,8703.614669999997,1116877.27169,1095500.55899,1558593.8178,1440737.0796599998,2423585.0887800017,3272487.0238500005,3863892.5191900004,3628933.0667399997
2026-10-08T01:51:31.141604+00:00,obs-20261007-01,LIGHT,HBARUSDT,1.0,0.09309,0.0931,0.09309500000000001,1.0742292405185871,8393501058,0.09309,0.0931,297,48,408755.2900300002,438745.7980800001,406410.60114000033,437016.8457700002,824.2944100000001,3001.5895800000003,166041.66271000003,132989.24747,256178.45648000005,235316.09308999998,440830.6347600001,399832.44047,801110.3980400001,768043.76913
2026-10-08T01:52:31.162486+00:00,obs-20261007-01,LIGHT,PEPEUSDT,1.0,4.1e-06,4.11e-06,4.105e-06,24.390243902439046,8828067580,4.1e-06,4.11e-06,107,14,195104.58717479,25244.71251982999,216135.97743074998,16005.446656889999,414.7617892,987.0368979299999,46610.55463599999,138147.10744311,230839.87642421998,451552.90664779,541877.19755904,1117142.8138819002,923072.8332015099,1681875.00925232
2026-10-08T01:52:31.162486+00:00,obs-20261007-01,LIGHT,BNBUSDT,1.0,772.85,772.86,772.855,0.12939121433630518,20910760406,772.85,772.86,343,51,1708012.88953,2177617.6319200015,1928404.47624,2139262.25589,7531.5514299999995,778.2716700000002,820499.7997599998,940583.62908,1485581.757509998,1975483.891009999,3102000.2684299974,3915669.957800001,5796663.318989999,5286398.267100001
2026-10-08T01:52:31.162486+00:00,obs-20261007-01,LIGHT,AAVEUSDT,1.0,174.21,174.22,174.215,0.5740198610859615,10440101185,174.21,174.22,238,22,1072337.6002799997,274311.73568999994,1110700.8031799986,273769.84495,1053.616,3488.63395,85731.45154000002,87209.09286000003,171664.99342,150197.23330000008,303955.33997,198016.60437000007,373462.92960999976,241930.12366
2026-10-08T01:52:31.162486+00:00,obs-20261007-01,LIGHT,AVAXUSDT,1.0,11.083,11.084,11.0835,0.9022827754212592,10520992224,11.083,11.084,323,53,1162811.60293,429081.7469300003,1186659.3323900008,434496.42361999996,2994.2452499999995,261.25559,205031.07013999997,142812.92865,329112.58579999994,240045.06738999998,407504.91541999986,309355.3295500002,498954.6691999996,355716.0441399999
2026-10-08T01:52:31.162486+00:00,obs-20261007-01,LIGHT,FILUSDT,1.0,1.0679,1.068,1.0679500000000002,0.9364172675341287,9895932728,1.0679,1.068,231,25,449259.342419,80555.140159,433790.83741700003,75312.36816900001,254.86698700000002,1450.803213,100116.54800500002,77329.926856,197750.439885,140195.18719,282254.9184239999,205289.824026,377113.696763,277920.4991409999
2026-10-08T01:52:31.162486+00:00,obs-20261007-01,LIGHT,ALGOUSDT,1.0,0.1184,0.1185,0.11845,8.445945945945166,5664606449,0.1184,0.1185,118,3,42306.056599999996,134853.21619999997,41038.66820000001,137100.40729999996,222.30599999999998,6.6415999999999995,69998.9933,13557.7914,124570.029,51326.4752,152581.06410000002,78432.48729999998,177161.07959999997,83800.47999999997
2026-10-08T01:52:31.162486+00:00,obs-20261007-01,LIGHT,XRPUSDT,1.0,1.4255,1.4256,1.4255499999999999,0.701508242721971,26678658454,1.4255,1.4256,363,31,968767.7020700001,1546665.0048800004,1204145.0111099996,1255629.11049,19469.556790000002,2909.9157199999995,986124.6023799999,1288338.43261,1420901.6672699994,1594603.69056,2188880.0644600005,3548767.1279700007,3681494.835939999,3915055.14589
2026-10-08T01:52:31.162486+00:00,obs-20261007-01,LIGHT,HBARUSDT,1.0,0.09304,0.09305,0.09304499999999999,1.0748065348242797,8393502186,0.09304,0.09305,226,11,186796.29189000005,153378.81293,202819.1124400001,140041.65088,353.90125,1555.83576,178132.36487999998,135430.48687000002,290850.10381999996,206544.28157999998,425207.25659000006,410816.69084,785191.1383000001,781344.1022200002
2026-10-08T01:53:31.162537+00:00,obs-20261007-01,LIGHT,PEPEUSDT,1.0,4.1e-06,4.11e-06,4.105e-06,24.390243902439046,8828067800,4.1e-06,4.11e-06,96,12,246831.52835723993,9138.194617250001,260609.9165838,106172.77012201001,552.7767230999999,1096.67646627,57550.8348057,140185.90029105,241839.60367234,438057.11730477004,528098.8093324801,1020108.2383771401,820978.17298291,1509705.5188442
2026-10-08T01:53:31.162537+00:00,obs-20261007-01,LIGHT,BNBUSDT,1.0,772.85,772.86,772.855,0.12939121433630518,20910761589,772.85,772.86,262,35,295045.1792000001,392674.85620000004,269988.69553,394728.6066900001,14330.184700000002,2428.32612,844651.71584,912914.4323399999,1510278.6893699984,1973597.431139999,3127056.7520999974,3913616.2073100014,5832825.012939999,5284335.863610002
2026-10-08T01:53:31.162537+00:00,obs-20261007-01,LIGHT,AAVEUSDT,1.0,174.21,174.22,174.215,0.5740198610859615,10440103043,174.21,174.22,277,33,1262897.1442099987,176772.57369000002,1282450.1109899997,169286.92283999993,6617.60214,4952.599939999999,92994.53925000002,93217.83878000003,174189.07722999997,158397.39560000013,284402.3731899999,205502.25522000017,342034.13032999967,249415.7745100001
2026-10-08T01:53:31.162537+00:00,obs-20261007-01,LIGHT,AVAXUSDT,1.0,11.089,11.09,11.089500000000001,0.9017945711953246,10520994262,11.089,11.09,250,29,583661.39781,409094.91754000005,556649.9682100001,423754.65427,2917.2271199999996,1455.8730799999998,216071.37267,130552.15181000001,352296.52465999994,229209.96177000002,434310.3133399998,295892.41587000014,522523.04771999957,393517.20631000004
2026-10-08T01:53:31.162537+00:00,obs-20261007-01,LIGHT,FILUSDT,1.0,1.0674,1.0675,1.06745,0.9368559115596753,9895934191,1.0674,1.0675,240,21,436168.58809100016,147046.73869000006,452767.9885740001,126482.249365,667.228114,2641.2721619999998,77942.878957,81227.843737,181976.861819,155767.72238600004,266426.81547300005,225705.84979500002,362535.7559540001,298331.332144
2026-10-08T01:53:31.162537+00:00,obs-20261007-01,LIGHT,ALGOUSDT,1.0,0.1184,0.1185,0.11845,8.445945945945166,5664607088,0.1184,0.1185,106,4,122358.49279999998,134078.73370000004,119789.19619999998,130849.33690000004,607.2736,397.9809,56417.255900000004,20825.1178,115911.6546,42640.1916,155326.74670000002,84702.47489999999,179925.15029999995,95607.92119999998
2026-10-08T01:53:31.162537+00:00,obs-20261007-01,LIGHT,XRPUSDT,1.0,1.4257,1.4258,1.4257499999999999,0.7014098337654318,26678660134,1.4257,1.4258,322,44,740598.4467900001,1054322.7967700004,690093.0593400003,1528318.0841900005,6793.07693,62207.34558,1132122.2335600003,1034133.6963,1521848.1312700005,1256466.60713,2239290.1834500018,3089991.3747400003,3731532.126630001,3437675.0673099994
2026-10-08T01:53:31.162537+00:00,obs-20261007-01,LIGHT,HBARUSDT,1.0,0.09307,0.09308,0.09307499999999999,1.0744600838075158,8393503496,0.09307,0.09308,240,18,192814.77845,186724.63140000007,181224.4533800001,194997.96012999988,878.2624999999998,3096.48221,170954.09153,133267.12371999997,292164.51392999996,241973.00483999995,436419.4282399999,403894.7841600001,796723.7878900002,773107.6024500002
2026-10-08T01:54:31.166571+00:00,obs-20261007-01,LIGHT,PEPEUSDT,1.0,4.09e-06,4.1e-06,4.095e-06,24.449877750611915,8828068344,4.09e-06,4.1e-06,134,18,226535.54160355,371598.6530493601,248088.05177825998,179760.55999066998,7652.7496505,1039.5896327,141936.04078095,78902.87061489999,323221.78436007,281692.36436808994,599165.3610916301,741462.9674924699,902890.6204355401,1715013.1851792498
2026-10-08T01:54:31.166571+00:00,obs-20261007-01,LIGHT,BNBUSDT,1.0,772.87,772.88,772.875,0.12938786600580343,20910763790,772.87,772.88,298,43,749619.4804000001,622311.6498199999,761975.8911799993,640031.7831599999,6149.793700000001,12297.822929999998,834526.8504199998,920949.4723499999,1476974.1911599985,1959574.6996699988,3114670.5012499983,3896109.1753600016,5819846.054079999,5266847.3833500035
2026-10-08T01:54:31.166571+00:00,obs-20261007-01,LIGHT,AAVEUSDT,1.0,174.09,174.1,174.095,0.5744155321951716,10440104770,174.09,174.1,294,15,1222553.6843899998,260623.75181000002,1190390.9812900003,260236.46979000006,489.65185,1871.0496700000003,150142.52553,92217.11373999999,239126.91078999994,159039.65267999994,326664.9005499997,202334.03843000002,378826.3486699994,247796.27705999996
2026-10-08T01:54:31.166571+00:00,obs-20261007-01,LIGHT,AVAXUSDT,1.0,11.077,11.078,11.0775,0.9027715085307975,10521000708,11.077,11.078,376,151,1573231.5246600015,1405606.34645,1599263.4501200002,1380935.4324499993,71193.41294000004,57637.69679999998,185850.44146999993,156151.74462,300553.01768999983,239555.81562999994,410902.81319999974,318613.64221,503949.67386999965,396289.3422199999
2026-10-08T01:54:31.166571+00:00,obs-20261007-01,LIGHT,FILUSDT,1.0,1.0657,1.0658,1.06575,0.9383503800308723,9895937177,1.0657,1.0658,310,43,548562.1495459998,207689.27094499988,588787.7570890003,167814.582656,12189.385681000003,341.73835500000007,82144.119024,80167.74584200002,179459.40829000002,161405.50820800007,253416.96458300002,248169.58966800015,351988.73742599995,336435.49136600015
2026-10-08T01:54:31.166571+00:00,obs-20261007-01,LIGHT,ALGOUSDT,1.0,0.1183,0.1184,0.11835000000000001,8.453085376163294,5664607819,0.1183,0.1184,167,25,131634.63989999998,138529.42,138459.6969,135433.87420000005,1230.9858000000002,2281.3311999999996,70251.43299999999,17415.4222,114932.2953,51335.336500000005,152321.23770000003,81915.1359,180639.8233,97328.0726
2026-10-08T01:54:31.166571+00:00,obs-20261007-01,LIGHT,XRPUSDT,1.0,1.4255,1.4256,1.4255499999999999,0.701508242721971,26678662430,1.4255,1.4256,367,40,1658052.6667399998,1517324.6195,1569900.9435599993,1351702.2984300002,42967.928219999994,16817.49508,1243549.12458,1123455.0612799998,1688583.71642,1289511.80873,2327537.1750900014,3240898.9942700006,3793451.8482800005,3602750.4296599994
2026-10-08T01:54:31.166571+00:00,obs-20261007-01,LIGHT,HBARUSDT,1.0,0.09301,0.09302,0.093015,1.0751532093333793,8393504711,0.09301,0.09302,238,20,180538.86402000004,166268.37765999994,196067.36538000006,156301.54682999995,1470.5823300000004,466.31647999999996,174085.27641999998,130233.06636000001,293052.65496,197116.66820999995,421278.29030000017,410596.97639,781266.6074700002,782495.24542
2026-10-08T01:55:31.167408+00:00,obs-20261007-01,LIGHT,PEPEUSDT,1.0,4.09e-06,4.1e-06,4.095e-06,24.449877750611915,8828068581,4.09e-06,4.1e-06,135,13,80013.87030833997,200556.48970732006,95327.87760403,292693.00132924004,798.93172879,1103.5459099,119365.8600574,79220.1807751,307311.74410204,272654.6398759,583851.35379594,649326.45587055,887745.34021087,1538674.32726456
2026-10-08T01:55:31.167408+00:00,obs-20261007-01,LIGHT,BNBUSDT,1.0,772.77,772.78,772.775,0.12940460939248055,20910765774,772.77,772.78,272,46,493863.00523999985,905952.9058299998,502835.4107999999,874992.9234099995,7387.31733,2097.4578600000004,824327.0747599998,974235.6066100002,1490418.947179998,1987234.404199999,3122446.076729998,3926461.8734700014,5812571.7030299995,5293248.744760003
2026-10-08T01:55:31.167408+00:00,obs-20261007-01,LIGHT,AAVEUSDT,1.0,174.1,174.11,174.10500000000002,0.5743825387716228,10440106321,174.1,174.11,278,17,809923.7366000001,140541.61489000006,839466.78741,134305.15400000004,1007.86654,3598.5157200000003,121400.54755000005,99186.11527000001,203788.23970000003,165802.78720999992,294873.93099999987,208575.77452,347004.90797999955,254032.73794999995
2026-10-08T01:55:31.167408+00:00,obs-20261007-01,LIGHT,AVAXUSDT,1.0,11.079,11.08,11.0795,0.902608538675409,10521003199,11.079,11.08,299,42,274078.1375800001,1015422.8278200004,262091.82936999996,1010728.9953599996,2106.1393,2796.5340499999993,219668.29923999996,163319.64174000002,333392.88739999983,252431.84244999994,420574.0680799998,323312.6220700001,515892.1590999998,419295.47685
2026-10-08T01:55:31.167408+00:00,obs-20261007-01,LIGHT,FILUSDT,1.0,1.0662,1.0663,1.0662500000000001,0.9379103357720631,9895939526,1.0662,1.0663,295,35,345837.1801510002,110266.96878899996,333136.19305200013,123888.09841100003,1019.5912800000001,3106.2096820000006,73878.83885900001,80458.10857099999,169949.64585600002,158823.98420800004,251974.805502,243776.29411400008,355105.345816,323016.52309900004
2026-10-08T01:55:31.167408+00:00,obs-20261007-01,LIGHT,ALGOUSDT,1.0,0.1183,0.1185,0.1184,16.906170752324368,5664608459,0.1183,0.1185,140,106,66442.42959999996,136635.27019999997,67184.0028,136458.62270000004,5783.366399999998,89.7472,45501.4056,14888.202299999999,109058.8829,38222.446500000005,147760.1165,81868.4902,173130.81009999997,99075.98729999998
2026-10-08T01:55:31.167408+00:00,obs-20261007-01,LIGHT,XRPUSDT,1.0,1.4253,1.4254,1.42535,0.7016066792964182,26678664510,1.4253,1.4254,392,29,957165.50394,740575.9419600001,1103062.0133600002,686454.4235999999,20524.36664,2905.42297,1120071.58675,1174455.3509799996,1542837.8882399998,1344269.0478399994,2194191.1446300014,3294243.3246999998,3652878.8960700007,3655747.5292099984
2026-10-08T01:55:31.167408+00:00,obs-20261007-01,LIGHT,HBARUSDT,1.0,0.09301,0.09302,0.093015,1.0751532093333793,8393505957,0.09301,0.09302,228,21,279035.77244,372228.28630000004,291103.39485000004,380121.6873899999,4398.36925,1980.08959,135303.03459,132066.26588,240738.76197,238855.65626999998,410040.95325000014,402703.57529999997,770048.6431100002,772932.2098700001
2026-10-08T01:56:31.179631+00:00,obs-20261007-01,LIGHT,PEPEUSDT,1.0,4.09e-06,4.1e-06,4.095e-06,24.449877750611915,8828068756,4.09e-06,4.1e-06,94,11,9655.329735500001,147984.57582822,14568.836544440002,154966.90467276998,202.94583681,1078.7789169,119556.77057431999,74800.6160536,301891.66369304,265659.05106678995,578937.8469870001,642344.127026,882831.83340193,1531688.0589709699
2026-10-08T01:56:31.179631+00:00,obs-20261007-01,LIGHT,BNBUSDT,1.0,772.55,772.56,772.555,0.12944146009941093,20910770423,772.55,772.56,445,127,2637743.622579999,3853262.7542699976,2651090.388809999,4004192.587649998,47247.66855,5387.91294,810073.69267,824263.4878700005,1475250.6734499997,1710731.4515700005,3355985.526229998,3688727.057730002,5812226.141489999,5058442.982320009
2026-10-08T01:56:31.179631+00:00,obs-20261007-01,LIGHT,AAVEUSDT,1.0,174.01,174.02,174.015,0.5746796161143486,10440108548,174.01,174.02,282,46,1257032.7633900011,234983.44239999988,1161896.5223699997,226829.54637000008,16628.7307,1548.83956,178264.42124,97159.73236,270969.3223599998,159726.13125999997,393054.60009999987,208226.38330000004,455555.7346899996,255362.06295
2026-10-08T01:56:31.179631+00:00,obs-20261007-01,LIGHT,AVAXUSDT,1.0,11.082,11.083,11.0825,0.902364194188543,10521007676,11.082,11.083,339,81,572567.5877000004,1404469.0283399997,548112.2262599999,1428191.3314799988,4743.2009499999995,9836.961229999999,217642.25087999995,156978.44737,354190.9372499998,243133.07423999996,445248.9925299998,299626.3582400001,537423.21319,395570.87161999993
2026-10-08T01:56:31.179631+00:00,obs-20261007-01,LIGHT,FILUSDT,1.0,1.0673,1.0674,1.0673499999999998,0.9369436896844441,9895941831,1.0673,1.0674,323,16,618759.5944779998,140773.438785,590658.1513180002,167991.57716699998,325.41236100000003,2403.426329,85978.83390399998,81636.968748,179279.56182399997,151164.28314,270981.32817399997,224595.53661000007,366708.75574999995,296900.49438000005
2026-10-08T01:56:31.179631+00:00,obs-20261007-01,LIGHT,ALGOUSDT,1.0,0.1184,0.1185,0.11845,8.445945945945166,5664608921,0.1184,0.1185,126,7,55121.7403,144322.6468,51094.437399999995,148452.54439999996,744.8786,684.352,46234.9392,22108.9681,113087.11959999999,58787.827699999994,151469.80740000002,82561.58219999999,177158.2059,94875.12809999997
2026-10-08T01:56:31.179631+00:00,obs-20261007-01,LIGHT,XRPUSDT,1.0,1.425,1.4251,1.4250500000000001,0.7017543859655362,26678666877,1.425,1.4251,400,48,1452372.73194,1648281.7030800006,1439019.8100800002,1647813.3354199997,50131.80917,9721.76527,1114157.4996800001,1237364.1142399998,1479653.3833799998,1588406.1256299994,2209344.9990500007,2294331.11569,3667349.93927,3655005.3228399977
2026-10-08T01:56:31.179631+00:00,obs-20261007-01,LIGHT,HBARUSDT,1.0,0.09296,0.09297,0.09296499999999999,1.0757314974174648,8393507238,0.09296,0.09297,238,19,337103.24398999993,475067.59763999993,339812.49341000005,468996.86701,727.9519999999999,2091.7745999999997,160849.77159000002,124277.90181,279617.50549000007,231065.47226999994,417195.75309000036,406302.3073599999,767534.0667700004,777496.53138
2026-10-08T01:57:31.199102+00:00,obs-20261007-01,LIGHT,PEPEUSDT,1.0,4.09e-06,4.1e-06,4.095e-06,24.449877750611915,8828068911,4.09e-06,4.1e-06,72,11,5416.29178885,155243.18630121002,2866.3706548100004,133467.59133368998,201.27635198,939.6489059999999,119378.72952051999,110820.50200529999,304788.82501707994,287635.83564602997,581487.76812104,664119.7219935199,884560.38780282,1539113.53737597
2026-10-08T01:57:31.199102+00:00,obs-20261007-01,LIGHT,BNBUSDT,1.0,772.46,772.47,772.465,0.12945654143781127,20910773222,772.46,772.47,340,84,926838.9881300001,1538589.8324899997,957663.8446500006,1410916.43989,8113.682970000001,3800.08552,894918.40149,884630.1653700006,1453595.9303599994,1832739.5631399998,3325633.303029998,3661730.2424100023,5790549.068869997,5144819.846230006
2026-10-08T01:57:31.199102+00:00,obs-20261007-01,LIGHT,AAVEUSDT,1.0,173.88,173.89,173.885,0.5751092707617644,10440110552,173.88,173.89,284,14,1797530.9954900004,230009.08492000008,1881473.0285,224883.68941999995,380.37761,337.09757999999994,148405.93488,90108.28436999998,207852.93513999993,149323.42070999995,316897.8430099999,206302.40126,371542.3006999996,258840.40194999997
2026-10-08T01:57:31.199102+00:00,obs-20261007-01,LIGHT,AVAXUSDT,1.0,11.074,11.075,11.0745,0.9030160736855919,10521011457,11.074,11.075,350,83,739251.24396,1082007.5292,755593.1004099993,1091381.8726000001,11359.682809999997,33099.86911999999,216803.01851999995,120864.89193999996,333062.51923999994,203742.16020999989,431044.7345799999,290191.80909,525151.6871599999,367675.61409999995
2026-10-08T01:57:31.199102+00:00,obs-20261007-01,LIGHT,FILUSDT,1.0,1.0666,1.0668,1.0667,1.8751171948250267,9895943602,1.0666,1.0668,283,16,370118.3987210001,119342.50344699998,372459.18328300014,102945.54477499999,912.5669229999999,182.19057599999996,96821.84515099999,74457.004654,204113.03511699996,159478.79103800002,272246.97388799995,237080.80266600006,366875.5223609999,312703.75677100004
2026-10-08T01:57:31.199102+00:00,obs-20261007-01,LIGHT,ALGOUSDT,1.0,0.1183,0.1184,0.11835000000000001,8.453085376163294,5664609213,0.1183,0.1184,98,0,35618.2663,118821.44960000002,40961.0874,113101.66049999998,0.0,0.0,69218.4436,20793.1714,112861.4118,41615.6264,150264.14629999996,83458.3817,179059.79449999993,100502.41229999998
2026-10-08T01:57:31.199102+00:00,obs-20261007-01,LIGHT,XRPUSDT,1.0,1.4239,1.424,1.42395,0.7022965095870859,26678669860,1.4239,1.424,374,53,2324583.619180001,2037964.06861,2416257.0584700005,1881191.5339399998,52155.47885,28284.678839999997,1010005.6368899998,1439668.06261,1403443.6338899992,1612616.87947,2190846.4198999987,2448729.7512899996,3615308.9286199976,3724248.035159999
2026-10-08T01:57:31.199102+00:00,obs-20261007-01,LIGHT,HBARUSDT,1.0,0.09292,0.09293,0.09292500000000001,1.0761945759796276,8393508130,0.09292,0.09293,217,4,119427.15565999997,267491.36194,135109.4405,258783.56216999996,190.6194,160.41293,154301.07688999997,136550.14637,259479.52899000002,241926.76072000002,402261.45244000026,413431.94348000013,861475.6856500002,783595.4598900002
2026-10-08T01:58:31.261906+00:00,obs-20261007-01,LIGHT,PEPEUSDT,1.0,4.09e-06,4.1e-06,4.095e-06,24.449877750611915,8828069168,4.09e-06,4.1e-06,98,12,172745.91048153004,184528.17518078,170621.58273326,183271.20789455003,36.434538,880.9068898999999,104951.82072376,132252.3054793,306494.64478743996,289476.4157155,583612.09586931,665376.68927975,886925.2485307299,1540370.5046622
2026-10-08T01:58:31.261906+00:00,obs-20261007-01,LIGHT,BNBUSDT,1.0,772.22,772.23,772.225,0.12949677552942518,20910777109,772.22,772.23,392,148,2314864.1544899982,2956225.72313,2394486.1907599987,3003481.4238,29322.547239999985,4097.109430000001,895231.5675799998,934217.29848,1571272.5614299993,1819669.0285,3438813.961609999,3525247.9861000013,5884378.741659999,5093272.9294300005
2026-10-08T01:58:31.261906+00:00,obs-20261007-01,LIGHT,AAVEUSDT,1.0,173.8,173.81,173.805,0.5753739930947077,10440112019,173.8,173.81,245,17,1872771.1554500002,170417.97778999995,1874146.008029999,152799.5860299999,1743.4328500000001,1027.32209,113539.72136000003,106481.25108,228262.94537,163630.85489,317610.5619599999,223149.10927000004,371190.75035999966,272992.59522
2026-10-08T01:58:31.261906+00:00,obs-20261007-01,LIGHT,AVAXUSDT,1.0,11.068,11.069,11.0685,0.9035056017347998,10521014285,11.068,11.069,338,83,756997.14498,283610.10527000006,759042.1317999997,283142.3912000001,2157.5014600000013,6053.314970000001,215850.36066000003,123498.41153,352892.71299,208646.12269999995,436092.99783,289770.61201999994,523987.7601199998,367691.3836
2026-10-08T01:58:31.261906+00:00,obs-20261007-01,LIGHT,FILUSDT,1.0,1.0654,1.0656,1.0655000000000001,1.877229209688025,9895945771,1.0654,1.0656,306,25,405471.37895300006,166310.4882369999,447691.31044699973,141034.35080699998,1150.5510610000001,1883.2061919999996,90812.29524500002,71084.078789,167379.031031,158475.67653000003,249933.48257199998,248751.58082200008,348129.55490300007,337286.6582640002
2026-10-08T01:58:31.261906+00:00,obs-20261007-01,LIGHT,ALGOUSDT,1.0,0.1183,0.1184,0.11835000000000001,8.453085376163294,5664609390,0.1183,0.1184,88,2,8207.284099999997,68847.85280000001,12476.6744,67651.42710000002,0.0,13.3792,64274.0162,33774.3946,108324.5103,59484.23620000001,145994.75599999996,84654.80739999999,175277.39839999995,101698.83799999997
2026-10-08T01:58:31.261906+00:00,obs-20261007-01,LIGHT,XRPUSDT,1.0,1.4231,1.4232,1.4231500000000001,0.7026913077079477,26678672762,1.4231,1.4232,438,56,1902548.015939999,2036174.4379000037,1887243.5833199993,2130866.0972800017,63944.159810000005,31223.108200000006,998102.2919200002,1134029.88534,1504318.2323000003,1514669.4435600007,2208215.404319999,2352978.2799400007,3655826.5352599984,3598378.34045
2026-10-08T01:58:31.261906+00:00,obs-20261007-01,LIGHT,HBARUSDT,1.0,0.0929,0.09291,0.092905,1.0764262648010892,8393508751,0.0929,0.09291,179,9,118493.03857000006,221697.65379000004,123918.35792000001,220352.79416,1942.89381,166.40399000000002,149697.20058,132185.2573,253685.89696999997,245473.97684999998,401354.95704000024,413056.33439,856050.3089400003,784934.99783
2026-10-08T01:59:31.275589+00:00,obs-20261007-01,LIGHT,PEPEUSDT,1.0,4.09e-06,4.1e-06,4.095e-06,24.449877750611915,8828069424,4.09e-06,4.1e-06,105,9,31338.83037147,167442.81289845007,43187.67311229,73028.37894583003,40.9,891.2020841999998,80491.38166144,132168.2608585,292425.7290688,301309.87272844,571763.25312849,759791.12323237,875022.26753799,1709578.47038615
2026-10-08T01:59:31.275589+00:00,obs-20261007-01,LIGHT,BNBUSDT,1.0,772.26,772.27,772.265,0.129490068112581,20910781383,772.26,772.27,423,93,1719017.4373500003,2136170.1010199995,1716608.61735,2148013.962269999,11961.403329999997,5216.902580000001,906413.57043,923342.7172200001,1570738.8404299996,1804511.6627300002,3440493.4248,3516776.633100001,5886723.80182,5084217.838150003
2026-10-08T01:59:31.275589+00:00,obs-20261007-01,LIGHT,AAVEUSDT,1.0,173.77,173.78,173.775,0.5754733268115153,10440113500,173.77,173.78,261,6,2360719.5913799996,122357.66646999991,2389568.811149999,119299.30937999999,0.0,1201.55374,125410.74998,112968.16648999999,234081.51199999996,158825.8918299999,288761.34219,225428.81527999992,341731.71734999976,272909.13887999987
2026-10-08T01:59:31.275589+00:00,obs-20261007-01,LIGHT,AVAXUSDT,1.0,11.064,11.065,11.064499999999999,0.9038322487331385,10521018699,11.064,11.065,378,107,1356838.4599999993,667914.63465,1341637.10718,668730.7195799999,40774.67644999999,23425.37249,201372.41532999993,135620.21,362016.3429399999,217389.07500999994,460064.95678999985,288913.05703,549675.3430199998,365885.52172000014
2026-10-08T01:59:31.275589+00:00,obs-20261007-01,LIGHT,FILUSDT,1.0,1.0655,1.0656,1.06555,0.9385265133765586,9895947227,1.0655,1.0656,260,13,203588.74090999996,70941.26555000004,203028.2539039999,68912.28346200002,954.4196999999999,2227.181612,91947.24556199998,83991.738918,164045.27063299998,160509.78660200004,250493.96957799996,250798.8367860001,349062.175738,339315.64035200025
2026-10-08T01:59:31.275589+00:00,obs-20261007-01,LIGHT,ALGOUSDT,1.0,0.1184,0.1185,0.11845,8.445945945945166,5664609701,0.1184,0.1185,95,6,32076.9299,95073.14390000001,25768.191399999996,98977.64530000002,329.8624,407.76959999999997,43020.2612,27292.3191,108571.7398,53803.2143,148369.44210000001,85573.29559999998,173973.16549999994,97886.74859999996
2026-10-08T01:59:31.275589+00:00,obs-20261007-01,LIGHT,XRPUSDT,1.0,1.4229,1.423,1.4229500000000002,0.7027900766032324,26678675831,1.4229,1.423,436,39,1808169.8462300014,1933750.5854000004,1771501.1449400014,1882778.4250899993,31957.03135,8074.580850000001,896753.87861,1331740.1390600002,1408407.0042700006,1567836.0703300002,2245168.9766999995,2404290.8690700005,3692995.5004999987,3649583.3131700004
2026-10-08T01:59:31.275589+00:00,obs-20261007-01,LIGHT,HBARUSDT,1.0,0.09288,0.09289,0.092885,1.0766580534027348,8393510021,0.09288,0.09289,248,12,259184.54560000004,495904.3431100003,238954.60697000002,505458.6765600003,1184.53586,4846.71081,142685.1671,136004.65717,231936.26220999996,235355.96637999997,421584.89567000023,402016.85970000003,893987.2630800004,771617.6815800001
2026-10-08T02:00:31.276399+00:00,obs-20261007-01,LIGHT,PEPEUSDT,1.0,4.09e-06,4.1e-06,4.095e-06,24.449877750611915,8828069708,4.09e-06,4.1e-06,101,16,51294.234684639996,163612.46329316002,29305.53971352,164967.35683526006,998.4013600800001,1466.2502901999997,103454.57793288,132111.8912131,315060.27158088,301079.46726202,593751.9480996099,758436.2296902699,897724.99922561,1708265.1670110999
2026-10-08T02:00:31.276399+00:00,obs-20261007-01,LIGHT,BNBUSDT,1.0,772.49,772.5,772.495,0.1294515139349528,20910784257,772.49,772.5,387,103,1913537.5164800005,1506758.7336100007,2171253.08188,1495584.64017,3951.124539999999,5128.036450000001,743814.24894,970289.78132,1386723.6046700003,1824514.1242299997,3181636.9441500003,3765277.469270001,5649148.658970004,5097524.273260002
2026-10-08T02:00:31.276399+00:00,obs-20261007-01,LIGHT,AAVEUSDT,1.0,173.85,173.86,173.85500000000002,0.5752085130872331,10440115999,173.85,173.86,272,31,2630834.626539999,273624.44578999997,2602680.33976,290331.36919999996,1227.33252,19723.68686,109728.46335000002,92826.05532999997,226537.98370999997,164783.13240999996,317785.03212,210191.09687999994,381973.12368999963,254592.64643999992
2026-10-08T02:00:31.276399+00:00,obs-20261007-01,LIGHT,AVAXUSDT,1.0,11.064,11.065,11.064499999999999,0.9038322487331385,10521022982,11.064,11.065,313,51,1325241.7658400005,504997.15067000006,1296231.67971,494335.7239900001,8445.392450000001,6455.131329999998,210596.01569,150394.66408,371203.1594399999,232213.17957999994,489075.0429199998,299574.48371,578702.43115,376713.94710000005
2026-10-08T02:00:31.276399+00:00,obs-20261007-01,LIGHT,FILUSDT,1.0,1.0634,1.0636,1.0635,1.8807598269710013,9895949854,1.0634,1.0636,269,49,416054.0060090001,203309.008072,421623.9677670001,183737.64747799997,7051.860054000001,2629.3487170000003,93751.757804,84388.59714499998,163241.54022400003,158222.23887899995,267183.9168270001,248901.6019830001,347060.925445,320459.7298280001
2026-10-08T02:00:31.276399+00:00,obs-20261007-01,LIGHT,ALGOUSDT,1.0,0.1183,0.1184,0.11835000000000001,8.453085376163294,5664610578,0.1183,0.1184,151,26,118467.45559999999,121778.54920000004,113750.23049999998,119280.72499999998,4932.2865,5632.5045,33331.1981,19458.7604,95946.5349,47474.34799999999,157020.71959999995,83248.1302,186382.5480999999,100292.16079999998
2026-10-08T02:00:31.276399+00:00,obs-20261007-01,LIGHT,XRPUSDT,1.0,1.4229,1.423,1.4229500000000002,0.7027900766032324,26678677867,1.4229,1.423,337,39,1010700.0853699999,908473.7149799996,984455.7197599998,974704.6035399998,20277.54954,10277.654600000002,908787.07075,1139644.39601,1416558.10554,1377061.2594600006,2271413.342309999,2339068.7478300007,3719234.805649998,3584361.19193
2026-10-08T02:00:31.276399+00:00,obs-20261007-01,LIGHT,HBARUSDT,1.0,0.09287,0.09288,0.092875,1.0767739851424984,8393511110,0.09287,0.09288,200,10,313827.12906,174439.78938000006,312553.586,170532.52995,1273.65157,887.09007,138294.34517000002,131434.20951999997,259123.41891000007,240890.43227,422858.43873000034,403918.08609,897445.4587100005,775517.26707
2026-10-08T02:01:31.276636+00:00,obs-20261007-01,LIGHT,PEPEUSDT,1.0,4.1e-06,4.11e-06,4.105e-06,24.390243902439046,8828071083,4.1e-06,4.11e-06,221,46,565223.0173884901,345698.56870324,507377.1857931402,458837.05492693995,22515.34113647,18538.786207769997,22520.2541269,165073.94922654,207615.30082041,531340.8643193,514474.89159331995,1105537.23686268,815641.7670881699,1632168.7167750602
2026-10-08T02:01:31.276636+00:00,obs-20261007-01,LIGHT,BNBUSDT,1.0,773.19,773.2,773.195,0.12933431627448755,20910794215,773.19,773.2,440,263,9051542.243840002,8892286.479000002,8605204.260169996,9125027.152480002,15974.62205,30577.779139999995,626735.7476800001,853399.2715100002,1369844.3724800001,2040116.1794400008,3352740.915719997,3653141.935700003,5802118.16391,4849601.144100006
2026-10-08T02:01:31.276636+00:00,obs-20261007-01,LIGHT,AAVEUSDT,1.0,174.36,174.37,174.365,0.5735260380812512,10440121659,174.36,174.37,370,89,2411609.7994800005,620375.91965,2296724.2114099986,646045.2579400002,4511.06787,4678.888090000001,173989.76567,106138.7662,238807.51728000006,159150.14479999998,398319.70986000006,211156.43585999994,465356.43833999964,236288.94659999988
2026-10-08T02:01:31.276636+00:00,obs-20261007-01,LIGHT,AVAXUSDT,1.0,11.097,11.098,11.0975,0.9011444534579027,10521031815,11.094,11.096,408,181,1992175.6554000012,1832062.8238699986,1945174.0532300002,1906236.5552100004,41863.604179999995,47831.65632999999,155586.40177000003,139819.90501000002,326892.7921300001,216911.91545,464742.5546200002,228608.84953999997,600242.8467200003,324358.93669999985
2026-10-08T02:01:31.276636+00:00,obs-20261007-01,LIGHT,FILUSDT,1.0,1.0663,1.0664,1.06635,0.9378223764411331,9895953773,1.0663,1.0664,417,52,599226.2894079996,345244.6445300003,530586.3326340001,416945.45952999993,688.877118,10058.902837,110136.059925,85212.13976,206017.35604400004,164002.04517500006,299591.252041,201127.13863700008,403897.4259709999,278759.836915
2026-10-08T02:01:31.276636+00:00,obs-20261007-01,LIGHT,ALGOUSDT,1.0,0.1184,0.1185,0.11845,8.445945945945166,5664611407,0.1184,0.1185,167,12,135341.23909999998,123665.77639999999,130145.3747,124862.65150000007,487.0199,718.8537,45288.5639,20186.336,119170.91649999999,43899.195400000004,153574.3796,83762.85070000001,184303.16089999993,94601.2237
2026-10-08T02:01:31.276636+00:00,obs-20261007-01,LIGHT,XRPUSDT,1.0,1.425,1.4251,1.4250500000000001,0.7017543859655362,26678685234,1.425,1.4251,448,109,5987204.649019997,5320682.843670003,5452041.401250001,5660540.714360002,63510.93087,52701.05998000002,1249087.2881499997,854707.5720099998,1844103.9370599992,1178197.12304,2726766.9945999994,2019268.0044400007,4206121.727419999,3371344.2151699993
2026-10-08T02:01:31.276636+00:00,obs-20261007-01,LIGHT,HBARUSDT,1.0,0.09305,0.09306,0.093055,1.0746910263303988,8393514284,0.09305,0.09306,311,41,1479041.483100001,880060.1486600002,1456302.8228299997,941984.4672199998,4031.1025099999993,4546.67898,129184.72534000002,122453.31599999999,272315.17825,204885.50861,440247.32369,349308.75986999995,819117.9793600002,707547.3671800002
