timestamp_utc,session_id,mode,symbol,quote_to_usdt,best_bid,best_ask,mid_usdt,spread_bps,update_id,bookticker_bid,bookticker_ask,depth_events,agg_trades,bid_add_1pct_usd,ask_add_1pct_usd,bid_remove_1pct_usd,ask_remove_1pct_usd,taker_sell_quote_usd,taker_buy_quote_usd,bid_depth_25bps_usd,ask_depth_25bps_usd,bid_depth_50bps_usd,ask_depth_50bps_usd,bid_depth_100bps_usd,ask_depth_100bps_usd,bid_depth_200bps_usd,ask_depth_200bps_usd
2026-10-07T22:02:26.383420+00:00,obs-20261007-01,LIGHT,PEPEUSDT,1.0,4.06e-06,4.07e-06,4.065e-06,24.630541871921707,8827977580,,,0,0,0.0,0.0,0.0,0.0,0.0,0.0,122023.26998442,38439.26443819,263792.40244362,189597.93588067,592589.6698809201,513891.02323852,1000960.08325643,1179052.30027624
2026-10-07T22:02:26.383420+00:00,obs-20261007-01,LIGHT,BNBUSDT,1.0,770.02,770.03,770.025,0.12986675670845216,20910030738,770.02,770.03,0,0,0.0,0.0,0.0,0.0,0.0,0.0,825470.2367699998,941570.7502799999,1468547.244249999,1639553.3562400003,3260496.1962099965,4481321.665799999,6028965.768150003,5591043.386159996
2026-10-07T22:02:26.383420+00:00,obs-20261007-01,LIGHT,AAVEUSDT,1.0,172.84,172.85,172.845,0.5785697755134045,10439605229,,,0,0,0.0,0.0,0.0,0.0,0.0,0.0,128154.4193,64773.23482,236545.07742,107274.50704999997,320029.5323799999,174729.77751999992,843916.67101,216440.95304999987
2026-10-07T22:02:26.383420+00:00,obs-20261007-01,LIGHT,AVAXUSDT,1.0,11.001,11.002,11.0015,0.9090082719764858,10520142319,,,0,0,0.0,0.0,0.0,0.0,0.0,0.0,206105.83570999998,83810.25102,379036.36149000004,123768.76908,539866.9003500002,130762.12827000003,628168.2976500003,139455.32119000013
2026-10-07T22:02:26.383420+00:00,obs-20261007-01,LIGHT,FILUSDT,1.0,1.0396,1.0397,1.03965,0.9619084263179367,9895457258,,,0,0,0.0,0.0,0.0,0.0,0.0,0.0,82425.28618,67622.15718000001,163381.923078,116412.44325100003,270464.958135,179034.29356500012,341309.76721900015,216564.93752400024
2026-10-07T22:02:26.383420+00:00,obs-20261007-01,LIGHT,ALGOUSDT,1.0,0.1178,0.1179,0.11785000000000001,8.48896434634927,5664464591,,,0,0,0.0,0.0,0.0,0.0,0.0,0.0,56689.049499999994,24405.4836,116486.2925,70259.32,155570.3999,109672.80900000001,190532.91539999997,121344.9775
2026-10-07T22:02:26.383420+00:00,obs-20261007-01,LIGHT,XRPUSDT,1.0,1.4164,1.4165,1.4164500000000002,0.7060152499294148,26677849410,,,0,0,0.0,0.0,0.0,0.0,0.0,0.0,898811.28975,828116.1598200002,1625342.18941,1037621.2425900003,2281531.7713399995,1964274.1329199998,3805161.9354100013,2111224.316689999
2026-10-07T22:02:26.383420+00:00,obs-20261007-01,LIGHT,HBARUSDT,1.0,0.09254,0.09255,0.09254499999999999,1.0806137886310019,8393163939,,,0,0,0.0,0.0,0.0,0.0,0.0,0.0,150681.89966999998,126782.86374999999,283845.39945,180331.37562999997,440425.2565600002,359093.23117,925122.7836000003,699861.81086
2026-10-07T22:03:26.399465+00:00,obs-20261007-01,LIGHT,PEPEUSDT,1.0,4.07e-06,4.08e-06,4.075e-06,24.57002457002533,8827978961,4.07e-06,4.08e-06,211,35,729821.7496845,814800.1276283505,601641.0140568599,876555.5410855601,2483.03294191,4143.52711958,67898.16762476,152107.77846408,243754.84652868,331414.30254641,506843.92658669,542064.26695468,992138.8632099499,1183649.74334491
2026-10-07T22:03:26.399465+00:00,obs-20261007-01,LIGHT,BNBUSDT,1.0,770.16,770.17,770.165,0.1298431494745067,20910040283,770.16,770.17,483,211,6068939.814969997,6248181.007789997,6254433.886239998,7128183.429519999,32848.31826000001,10093.471020000003,650285.59303,654908.9347699998,1209145.7619499995,1841399.79458,2865756.4322499973,3710267.471380003,5388400.977350001,4866736.503330005
2026-10-07T22:03:26.399465+00:00,obs-20261007-01,LIGHT,AAVEUSDT,1.0,172.87,172.88,172.875,0.578469370047241,10439609116,172.87,172.88,401,89,1438707.7752399999,335303.1021999999,1398853.7387399995,334699.3296400001,4468.91432,8135.004450000002,165301.18821999998,58973.544610000004,245742.92446999997,100671.82524999997,359832.4013399997,173331.34985999987,923709.3355099999,232002.28818999985
2026-10-07T22:03:26.399465+00:00,obs-20261007-01,LIGHT,AVAXUSDT,1.0,11.013,11.014,11.0135,0.9080177971476644,10520151954,11.013,11.014,517,429,2658708.72532,722632.6726199999,2720851.4262599973,733671.6715899991,28779.629780000047,22845.204420000002,165892.18752,55482.98979000001,256332.28664,83112.91848999998,367717.30378,120305.04510999999,610372.94959,140310.08057000002
2026-10-07T22:03:26.399465+00:00,obs-20261007-01,LIGHT,FILUSDT,1.0,1.0403,1.0404,1.04035,0.961261174661221,9895459762,1.0403,1.0404,375,42,321489.17707500025,187250.33909699993,358067.492965,189775.99528300003,2759.7904190000004,6091.63818,74401.07043200001,62275.527061,138652.29025000002,103592.41432800001,230370.55369900013,180552.30129600002,336657.3681570003,220428.2991630001
2026-10-07T22:03:26.399465+00:00,obs-20261007-01,LIGHT,ALGOUSDT,1.0,0.1179,0.118,0.11795,8.481764206953457,5664465815,0.1179,0.118,155,0,87265.72140000005,37147.441999999995,95493.82309999998,50990.599799999996,0.0,0.0,34249.393299999996,23059.557500000003,74881.8985,57315.5483,123566.6571,100219.7963,202101.7524,113563.0757
2026-10-07T22:03:26.399465+00:00,obs-20261007-01,LIGHT,XRPUSDT,1.0,1.4172,1.4173,1.4172500000000001,0.7056167090024879,26677863140,1.4172,1.4173,601,217,9967145.939129995,8419808.030630006,9722200.221649999,8527358.872560004,39095.454430000005,130049.40656999992,1087902.4821799998,688633.5471600002,1579242.9682799994,1192855.23826,2385349.578639999,1873381.661909999,4058901.8924400005,2019234.9285199991
2026-10-07T22:03:26.399465+00:00,obs-20261007-01,LIGHT,HBARUSDT,1.0,0.0926,0.09261,0.09260499999999999,1.079913606911731,8393166768,0.0926,0.09261,341,43,651074.6995099998,691419.3721299988,660368.7219299998,725914.4360300004,2163.85103,4375.0734,123038.89508999999,94820.14105,191277.39655,174294.03182000006,425005.7182299999,336985.64287000016,947129.57316,672933.3166400001
2026-10-07T22:04:26.426544+00:00,obs-20261007-01,LIGHT,PEPEUSDT,1.0,4.06e-06,4.07e-06,4.065e-06,24.630541871921707,8827979936,4.06e-06,4.07e-06,164,23,624575.2794605702,628906.3210906201,566066.88979175,536902.1662118701,4903.653789869999,1316.2759346799999,122004.7217242,93653.32051834,295655.0697169,235510.78555257997,655250.37238222,539272.28024248,1115046.8814771299,1225632.67527411
2026-10-07T22:04:26.426544+00:00,obs-20261007-01,LIGHT,BNBUSDT,1.0,769.85,769.86,769.855,0.12989543417551985,20910045779,769.85,769.86,426,143,2804522.885080001,3283703.546399999,2646818.8319700006,2954069.668760001,7208.21218,3604.9483699999996,670926.1691400004,747250.1429300001,1320797.1250800001,1472926.109720001,3043098.8339999975,3928739.2243100004,5655314.110770001,5297273.167179998
2026-10-07T22:04:26.426544+00:00,obs-20261007-01,LIGHT,AAVEUSDT,1.0,172.56,172.57,172.565,0.5795085767257291,10439611354,172.56,172.57,277,61,956265.5286600001,247588.08082000003,1056864.5251199997,210017.65749,4734.58367,2197.55613,114215.54888000002,79987.11051000001,174347.91465,122208.96237,266057.93404,183591.82575000005,836860.6967600003,260659.57135999997
2026-10-07T22:04:26.426544+00:00,obs-20261007-01,LIGHT,AVAXUSDT,1.0,11.013,11.014,11.0135,0.9080177971476644,10520159506,11.013,11.014,427,262,1749785.5329999998,606925.1063900001,1786675.8709200008,605708.4349499999,7064.896930000002,13121.246429999997,163825.12634,58912.49319,256767.91589,90741.55469000002,330826.96585999994,120764.74674000006,553633.8404699997,148407.23611000014
2026-10-07T22:04:26.426544+00:00,obs-20261007-01,LIGHT,FILUSDT,1.0,1.0413,1.0414,1.04135,0.9603380389910932,9895461806,1.0413,1.0414,289,40,277663.24987300014,152368.118793,254474.58829599994,172821.95282100004,576.799184,5052.5634439999985,87075.23356999997,57498.966381,155784.6465939999,100893.92974799998,248038.2737619999,164328.495722,344274.62937599985,204260.59378700005
2026-10-07T22:04:26.426544+00:00,obs-20261007-01,LIGHT,ALGOUSDT,1.0,0.1178,0.1179,0.11785000000000001,8.48896434634927,5664466346,0.1178,0.1179,142,3,21134.9041,23424.4309,34902.667400000006,15770.542399999997,338.6088,39.884,33274.3211,20983.656,68372.6897,57626.183800000006,133574.5349,103483.5397,188888.1271,121164.72789999998
2026-10-07T22:04:26.426544+00:00,obs-20261007-01,LIGHT,XRPUSDT,1.0,1.4151,1.4152,1.4151500000000001,0.706663840011057,26677871277,1.4151,1.4152,506,122,4948060.632389997,4686684.293480001,5380076.9727500025,4528620.6185500035,26575.273870000005,90213.43719000001,1050142.42118,963810.7089799999,1172666.4669399995,1061454.10042,2155408.622719999,2011647.6616199997,3670070.3440600005,2156542.014940001
2026-10-07T22:04:26.426544+00:00,obs-20261007-01,LIGHT,HBARUSDT,1.0,0.09255,0.09256,0.092555,1.0804970286337756,8393168476,0.09255,0.09256,246,25,321053.6365699999,227897.06384999998,341650.17480999994,210176.90198,2440.64786,3076.52432,112703.38137999999,101310.50474,219540.92649999994,187709.79033,410484.763,342972.9695800001,926580.1206400001,690197.0818800002
2026-10-07T22:05:26.428429+00:00,obs-20261007-01,LIGHT,PEPEUSDT,1.0,4.06e-06,4.07e-06,4.065e-06,24.630541871921707,8827980168,4.06e-06,4.07e-06,124,9,43572.10518079001,132296.62709408998,45717.32620347,168131.50059428,89.76191476,603.06416291,119154.93721418,43360.18713631,294664.25476838,198374.45953759,653105.1513595401,503437.40674228995,1104789.79059051,1189961.38642318
2026-10-07T22:05:26.428429+00:00,obs-20261007-01,LIGHT,BNBUSDT,1.0,769.9,769.91,769.905,0.1298869983124007,20910049514,769.9,769.91,291,71,2193109.5148199997,2900228.4330500006,2346018.30184,3098022.719159999,1952.5795700000003,5793.122229999999,656668.2691500003,769765.3682,1225436.2687099997,1333650.102550001,2890120.6892199973,3732208.5343800033,5471524.386319999,5077441.896250007
2026-10-07T22:05:26.428429+00:00,obs-20261007-01,LIGHT,AAVEUSDT,1.0,172.51,172.53,172.51999999999998,1.1593530809816954,10439613168,172.51,172.53,277,42,1402351.4121800007,126770.03560000002,1418493.9515200001,140459.76406000002,8189.592120000003,8529.37852,111408.38595,68946.40026000001,170270.77187999996,108282.19948,269245.63268999994,165199.68769000002,841584.5964700001,226268.46654999992
2026-10-07T22:05:26.428429+00:00,obs-20261007-01,LIGHT,AVAXUSDT,1.0,11.022,11.023,11.0225,0.9072763563766628,10520163675,11.022,11.023,326,129,1039405.9655899998,328647.78053999995,1012947.5511700002,336689.1859099998,7157.054520000004,14725.973100000001,168386.75513999996,57790.79893000001,253995.99146,84419.39972000004,356677.30870999995,113400.55263000011,528014.6386,140641.5639100002
2026-10-07T22:05:26.428429+00:00,obs-20261007-01,LIGHT,FILUSDT,1.0,1.0413,1.0415,1.0413999999999999,1.9206760779821863,9895463105,1.0413,1.0415,236,34,121401.11103899994,94763.63601199993,130946.312659,93037.38299399997,1969.714661,3134.387052,77371.052944,61269.17947,146079.48194700002,101681.952635,238493.07214200002,166054.74874,334802.818192,206287.18045200003
2026-10-07T22:05:26.428429+00:00,obs-20261007-01,LIGHT,ALGOUSDT,1.0,0.1178,0.1179,0.11785000000000001,8.48896434634927,5664466496,0.1178,0.1179,63,0,12393.693000000001,7419.1474,2765.5491,5929.243799999999,0.0,0.0,38695.4249,22441.6142,73535.2251,59103.3089,143202.6788,104973.44330000001,194073.5435,122654.53820000001
2026-10-07T22:05:26.428429+00:00,obs-20261007-01,LIGHT,XRPUSDT,1.0,1.4165,1.4166,1.41655,0.7059654076946309,26677876731,1.4165,1.4166,448,61,3370429.306619999,2355108.2775499993,3141202.7225499987,2339238.9309400013,29252.030360000004,15054.60616,1038849.5747800001,928175.9609100001,1389477.0188399998,1210247.3501500005,2188599.752689999,2036251.9144199996,3884804.8922200017,2182855.9435600005
2026-10-07T22:05:26.428429+00:00,obs-20261007-01,LIGHT,HBARUSDT,1.0,0.09256,0.09257,0.09256500000000001,1.080380293863037,8393170217,0.09256,0.09257,261,27,358954.36376,212797.28420000005,357199.93731,213168.11586999995,2235.78573,5238.101570000001,113545.38441,108791.35461000001,216287.00979,187313.52023999998,412231.67579,343629.77999000007,928343.04137,689826.2502100001
2026-10-07T22:06:26.472639+00:00,obs-20261007-01,LIGHT,PEPEUSDT,1.0,4.07e-06,4.08e-06,4.075e-06,24.57002457002533,8827980703,4.07e-06,4.08e-06,175,16,254168.94301828992,162283.8659316999,261576.06363051,217765.07663907995,13.42099187,1918.75317055,64223.2912915,138582.76180704,244029.0263431,246608.84824561,497072.12441829004,544879.74342188,983681.00278903,1184877.65770768
2026-10-07T22:06:26.472639+00:00,obs-20261007-01,LIGHT,BNBUSDT,1.0,769.92,769.93,769.925,0.12988362427357458,20910052338,769.92,769.93,345,56,907812.8551600004,1206159.1284700006,910595.5792200001,1191166.05119,676.0030299999999,1220.33565,662773.53336,748600.4719599999,1222291.6814299992,1336471.2392500006,2886782.306899996,3747374.241080003,5471770.732559998,5092600.226230001
2026-10-07T22:06:26.472639+00:00,obs-20261007-01,LIGHT,AAVEUSDT,1.0,172.5,172.51,172.505,0.5797101449278586,10439614390,172.5,172.51,197,35,1099825.5621000002,157145.06840000005,1014413.1159400002,157177.54882000005,2291.23176,1985.3044899999995,196764.58267,62516.47742999999,258110.234,106094.58176999999,354757.8143700001,163569.94918999998,926922.2781400002,225893.53518999988
2026-10-07T22:06:26.472639+00:00,obs-20261007-01,LIGHT,AVAXUSDT,1.0,11.021,11.022,11.0215,0.9073586788854726,10520168045,11.021,11.022,369,120,1145120.3865599998,376255.0266299998,1166533.3234499998,369943.77163000026,21387.414090000002,16343.414960000004,155664.07294999997,55476.240999999995,236184.33388999998,90835.08306000003,335350.14014,119711.8076300001,516206.2481599999,146952.82783000017
2026-10-07T22:06:26.472639+00:00,obs-20261007-01,LIGHT,FILUSDT,1.0,1.0423,1.0424,1.0423499999999999,0.9594166746618171,9895464106,1.0423,1.0424,227,22,182935.02275699994,80427.318243,151952.063491,93083.81485000004,9512.364729,4108.444173,84581.154424,56158.926739,158031.543047,97378.00812499998,265557.1788419999,161422.08399799996,354516.0635319999,197326.44749700004
2026-10-07T22:06:26.472639+00:00,obs-20261007-01,LIGHT,ALGOUSDT,1.0,0.1178,0.1179,0.11785000000000001,8.48896434634927,5664467378,0.1178,0.1179,142,1,35947.7506,22638.349800000004,33353.173599999995,23241.9521,0.0,20.043,42657.5223,20318.625699999997,76377.208,58038.4468,145797.2558,104369.841,196128.2609,122050.9359
2026-10-07T22:06:26.472639+00:00,obs-20261007-01,LIGHT,XRPUSDT,1.0,1.4168,1.4169,1.4168500000000002,0.70581592320762,26677880380,1.4168,1.4169,420,45,2086253.7642499986,2004093.4783099997,2158662.89086,1996824.0372400004,38828.483329999995,3941.89808,872066.0939899996,856024.0835800001,1317119.8616199992,1099243.2738900005,2113460.0460199984,2055583.5519499998,3803004.2197000002,2193831.1382500003
2026-10-07T22:06:26.472639+00:00,obs-20261007-01,LIGHT,HBARUSDT,1.0,0.09261,0.09262,0.092615,1.0797969981646283,8393171471,0.09261,0.09262,222,25,378512.9133700001,126291.20345999999,368269.72095,141593.20954,1303.24986,2392.50767,112398.56993000001,98392.60316000001,216873.06203000003,175412.37784000003,416014.04174,339875.0140700001,938534.1411200002,704762.5605600002
2026-10-07T22:07:26.493610+00:00,obs-20261007-01,LIGHT,PEPEUSDT,1.0,4.07e-06,4.08e-06,4.075e-06,24.57002457002533,8827981002,4.07e-06,4.08e-06,159,8,58631.632649449995,10122.112334100004,79401.43217002001,8218.289045370002,901.31452807,771.2370633599999,55868.83052509,138780.23699352,223994.25893155002,248512.67153433998,476302.3248977201,546783.56671061,968271.9240788701,1186781.48099641
2026-10-07T22:07:26.493610+00:00,obs-20261007-01,LIGHT,BNBUSDT,1.0,769.92,769.93,769.925,0.12988362427357458,20910054676,769.92,769.93,295,71,910087.8850499999,1008473.5448200001,920063.1561599999,981247.3955800004,2355.1722500000005,2907.2382700000003,663371.70922,816824.38547,1212229.2496899993,1375675.5288200006,2876807.035789997,3774600.390320002,5462918.553959999,5120393.06099
2026-10-07T22:07:26.493610+00:00,obs-20261007-01,LIGHT,AAVEUSDT,1.0,172.5,172.51,172.505,0.5797101449278586,10439615774,172.5,172.51,252,27,916882.9074999999,144191.6881800001,912456.71091,142434.1765600001,2088.0931200000005,1761.30488,202101.43838,63737.527219999996,262649.93126999994,108020.45296,359184.01096,165327.46081,919107.0269400001,225708.11600999988
2026-10-07T22:07:26.493610+00:00,obs-20261007-01,LIGHT,AVAXUSDT,1.0,11.032,11.034,11.033000000000001,1.8129079042794594,10520171013,11.032,11.034,294,104,651377.4963599998,216797.82115000015,630068.2277699998,229498.32611,2555.377889999998,48943.75003999999,150762.82893,51256.24506,236778.7768999999,78949.59098000002,351401.60735999985,113257.05549000007,520372.0769099997,134964.79920000018
2026-10-07T22:07:26.493610+00:00,obs-20261007-01,LIGHT,FILUSDT,1.0,1.0427,1.0429,1.0428,1.9180972475307811,9895464954,1.0427,1.0429,177,30,140487.46680599998,77504.88858500004,133219.56112400003,82698.18409600004,743.7775019999999,2321.3236909999996,85280.286046,49333.11070699999,166807.16461199996,96553.172102,269206.51578499994,159596.12715599997,357131.91295999975,195844.67983700006
2026-10-07T22:07:26.493610+00:00,obs-20261007-01,LIGHT,ALGOUSDT,1.0,0.1178,0.1179,0.11785000000000001,8.48896434634927,5664467484,0.1178,0.1179,65,0,23292.001299999985,7203.1022,23625.00569999998,6815.6014000000005,0.0,0.0,42985.2889,22031.520299999996,76041.6613,58425.9476,145464.2514,104757.34180000001,195795.2565,122438.53
2026-10-07T22:07:26.493610+00:00,obs-20261007-01,LIGHT,XRPUSDT,1.0,1.417,1.4171,1.4170500000000001,0.70571630204741,26677882504,1.417,1.4171,333,34,1370601.5544100008,961021.9516300003,1110160.30023,836524.54557,2672.62609,9280.9339,991180.36519,1009835.7091499999,1573081.332329999,1223970.4734900002,2373044.5226299977,2182397.6279200003,3919806.1113400003,2317419.964410002
2026-10-07T22:07:26.493610+00:00,obs-20261007-01,LIGHT,HBARUSDT,1.0,0.09261,0.09262,0.092615,1.0797969981646283,8393172419,0.09261,0.09262,183,20,479163.97641000006,243159.41257,486954.05645999993,233163.78111999997,702.8695299999999,1728.1495499999999,109633.02468,106984.9862,209712.44643,185187.13287,408223.96169,349870.6455200001,930955.6067900001,715205.1758500001
2026-10-07T22:08:26.526444+00:00,obs-20261007-01,LIGHT,PEPEUSDT,1.0,4.06e-06,4.07e-06,4.065e-06,24.630541871921707,8827981443,4.06e-06,4.07e-06,114,20,243007.26412071998,286812.7059975,197270.88063711993,174629.15477132,6206.015346550001,1356.02306807,100773.13751792,131328.02837066,278037.00488491997,256139.6390465,603811.63621402,560696.77139022,1002465.4195446199,1213401.73509099
2026-10-07T22:08:26.526444+00:00,obs-20261007-01,LIGHT,BNBUSDT,1.0,769.63,769.64,769.635,0.12993256499838068,20910057703,769.63,769.64,344,82,2251057.7105099987,2367392.751780001,1787571.3032400003,1801337.5194400004,8564.340150000002,1291.78634,851638.5872099999,885444.0658500002,1490034.8113999998,1648203.4954100004,3370053.177219998,4337365.965949999,5946090.223210005,5701722.547299992
2026-10-07T22:08:26.526444+00:00,obs-20261007-01,LIGHT,AAVEUSDT,1.0,172.32,172.35,172.33499999999998,1.7409470752083323,10439617357,172.32,172.35,265,40,641977.4420299999,139207.23812999995,758946.27617,137258.62495,5659.70889,2928.7542200000003,132224.01077000002,67587.53496000002,212424.17584000004,111347.00823,249794.1218900001,164056.28436000002,788953.0954600001,198806.10941999994
2026-10-07T22:08:26.526444+00:00,obs-20261007-01,LIGHT,AVAXUSDT,1.0,11.005,11.006,11.005500000000001,0.9086778736921985,10520174295,11.005,11.006,347,216,1113460.8334000001,324987.6456199998,1088369.8734699998,325358.43101999996,12743.862990000032,353.31044,177496.75573999994,54971.857549999986,293110.06000999996,99342.26954,423370.1651699998,111068.72888000004,518747.7031399997,121197.5681700001
2026-10-07T22:08:26.526444+00:00,obs-20261007-01,LIGHT,FILUSDT,1.0,1.0395,1.0396,1.0395500000000002,0.9620009620014969,9895467504,1.0395,1.0396,260,53,390194.0054040002,300585.794681,467047.6366290001,200552.4310670001,11727.814065000002,2051.311455,90174.98425099999,73720.07979600002,165519.25047699997,155326.550262,208975.69131499995,236815.38078900002,282279.485451,287052.62837799994
2026-10-07T22:08:26.526444+00:00,obs-20261007-01,LIGHT,ALGOUSDT,1.0,0.1177,0.1178,0.11775,8.49617672047609,5664468532,0.1177,0.1178,138,2,49464.559,25979.447700000008,72580.41210000006,22419.9221,296.1438,0.0,25592.7548,27334.0083,66533.4164,60945.447400000005,129577.36510000001,101357.2714,179290.80600000004,125817.1815
2026-10-07T22:08:26.526444+00:00,obs-20261007-01,LIGHT,XRPUSDT,1.0,1.4153,1.4154,1.41535,0.7065639793690792,26677887203,1.4153,1.4154,347,51,3350768.899899999,3092787.5625999994,3658621.19771,2861290.401489999,21563.244500000004,60489.12443,1143317.12098,1246836.7965999998,1418783.2745399992,1579014.6173899996,2117361.5329199987,2393281.132830001,3604482.439280003,2527642.672850003
2026-10-07T22:08:26.526444+00:00,obs-20261007-01,LIGHT,HBARUSDT,1.0,0.09248,0.09249,0.09248500000000001,1.0813148788924032,8393173640,0.09248,0.09249,190,14,363714.20336,630894.06908,365072.93805,585438.05199,1702.0311600000002,341.81071000000003,134955.30122000002,122035.96581,254862.97805,194184.75325999994,409980.54801,380600.31828999997,895560.5217100001,752951.0657200001
2026-10-07T22:09:26.573550+00:00,obs-20261007-01,LIGHT,PEPEUSDT,1.0,4.06e-06,4.07e-06,4.065e-06,24.630541871921707,8827981813,4.06e-06,4.07e-06,115,8,54085.15165372001,280273.14096444997,51178.08578639,288320.3229779699,0.0,641.10604184,121091.17539148,77798.41006476,280245.39054523,241192.06185468,606718.70208135,552649.5893767,1006995.1742273401,1219840.02116747
2026-10-07T22:09:26.573550+00:00,obs-20261007-01,LIGHT,BNBUSDT,1.0,769.54,769.55,769.545,0.129947761000615,20910060288,769.54,769.55,319,43,1200911.4584299994,2030742.12923,1149414.7418900002,2028949.2417099995,1309.7123600000002,15057.352440000004,918271.2093200003,1069295.2144999995,1546251.2832100005,1606515.7372100002,3422765.1193099967,4338792.753069998,6005869.817660003,5627386.13499999
2026-10-07T22:09:26.573550+00:00,obs-20261007-01,LIGHT,AAVEUSDT,1.0,172.3,172.31,172.305,0.5803830528150478,10439619268,172.3,172.31,291,71,627114.2655099998,328507.08765999996,558321.1575399999,310166.52976,3743.11501,3302.3974,177071.66536000004,77653.27176999999,252099.4700500001,127084.11746999998,322825.01486000034,182396.84226000003,866267.6809600006,216993.43223999997
2026-10-07T22:09:26.573550+00:00,obs-20261007-01,LIGHT,AVAXUSDT,1.0,11.007,11.008,11.0075,0.9085127646035751,10520177279,11.007,11.008,351,170,925948.28746,316425.4625099999,908139.4379299995,308152.0524399999,8467.41962999999,13383.791970000002,183853.10390000005,77718.87526999999,307228.89319,113318.65065999998,441116.68652999995,119354.81119000001,545402.3554399996,129019.50563000004
2026-10-07T22:09:26.573550+00:00,obs-20261007-01,LIGHT,FILUSDT,1.0,1.0406,1.0407,1.0406499999999999,0.960984047664315,9895469938,1.0406,1.0407,329,46,326979.61648400023,227128.95147500007,289352.5969850001,238449.92619700002,694.152351,3335.157352,80155.19375600002,89903.722127,178285.51656700004,161353.268787,241328.93901600008,231571.82917600006,312666.9826669999,267023.29917300015
2026-10-07T22:09:26.573550+00:00,obs-20261007-01,LIGHT,ALGOUSDT,1.0,0.1178,0.1179,0.11785000000000001,8.48896434634927,5664469632,0.1178,0.1179,192,6,98896.16519999997,32139.329499999996,71049.7544,40356.5741,0.0,120.15599999999999,58329.2979,34207.0461,121050.5741,64563.181200000006,154177.5153,97074.28580000003,194075.8048,108746.36090000001
2026-10-07T22:09:26.573550+00:00,obs-20261007-01,LIGHT,XRPUSDT,1.0,1.4162,1.4163,1.4162499999999998,0.7061149555154245,26677891868,1.4162,1.4163,394,60,3129465.6190500003,2301919.65632,2753904.580529999,2587821.9466800005,4495.16452,32368.67062,1175511.5517499999,1071778.25069,1800539.4071699996,1588357.1014200002,2443562.4111099993,2113384.089770001,3973194.0799600026,2249539.808120003
2026-10-07T22:09:26.573550+00:00,obs-20261007-01,LIGHT,HBARUSDT,1.0,0.09253,0.09254,0.092535,1.0807305738680384,8393174727,0.09253,0.09254,204,22,250707.97148000004,120017.97175,219815.34602,144272.43511,934.35026,5357.58177,140308.94574,117403.56119999998,284282.95845999994,218444.5944299999,439764.93646000006,357842.67656999995,926439.93432,728811.53837
2026-10-07T22:10:26.626566+00:00,obs-20261007-01,LIGHT,PEPEUSDT,1.0,4.06e-06,4.07e-06,4.065e-06,24.630541871921707,8827982175,4.06e-06,4.07e-06,110,15,95219.49641544,402819.24421369,118086.34642177001,390889.43506835,37737.031817380004,2699.1633000199995,90265.11813508,103795.15734841,257475.68512258,252273.41767417,583851.85207502,564579.39852204,985196.30866787,1217284.36222281
2026-10-07T22:10:26.626566+00:00,obs-20261007-01,LIGHT,BNBUSDT,1.0,769.98,769.99,769.985,0.12987350320736724,20910063891,769.98,769.99,325,100,2838477.371049999,2459068.802380002,2809607.2097199997,2543680.55312,1505.3298699999998,59469.920339999975,799140.6828399998,989564.7725499998,1543845.5285199995,1671072.5172200003,3421087.0989199956,4258766.833979997,6024816.793900003,5621606.937469992
2026-10-07T22:10:26.626566+00:00,obs-20261007-01,LIGHT,AAVEUSDT,1.0,172.4,172.41,172.405,0.5800464037108988,10439621334,172.4,172.41,261,55,782957.9510799999,295511.60818,780173.4892,291314.41005999997,2626.56787,7641.2035399999995,177596.89368000004,90516.94876,263752.25467000005,138307.52266,319464.0288000002,187317.90128000005,859628.9722600006,221524.67470999996
2026-10-07T22:10:26.626566+00:00,obs-20261007-01,LIGHT,AVAXUSDT,1.0,11.016,11.017,11.0165,0.9077705156124161,10520181091,11.016,11.017,355,111,1277544.853929999,418541.91516000027,1249689.6965499998,419055.50578999997,8556.843060000007,23663.884589999994,200726.94648,71416.43705000001,329706.39141000004,115408.44849000004,427611.02518000006,118925.51920000007,562594.11899,128880.97223000012
2026-10-07T22:10:26.626566+00:00,obs-20261007-01,LIGHT,FILUSDT,1.0,1.0419,1.042,1.04195,0.9597850081588533,9895472208,1.0419,1.042,286,56,327658.85444499995,188265.20015100003,299353.8119390001,232394.828576,1904.062551,12759.204746999996,105140.84835399999,99597.41775300002,174555.21222100002,138327.273137,265655.06881,195680.97976800005,326357.1451329999,227584.17169400016
2026-10-07T22:10:26.626566+00:00,obs-20261007-01,LIGHT,ALGOUSDT,1.0,0.1179,0.118,0.11795,8.481764206953457,5664470314,0.1179,0.118,121,30,54611.5589,38527.8284,46723.012099999985,33208.3108,0.0,1827.6370999999997,36021.0585,38452.8535,108533.70130000002,76059.8444,159046.91640000005,103756.0692,196827.90850000005,114118.15599999999
2026-10-07T22:10:26.626566+00:00,obs-20261007-01,LIGHT,XRPUSDT,1.0,1.4164,1.4165,1.4164500000000002,0.7060152499294148,26677896313,1.4164,1.4165,413,98,3172409.8049299982,2423634.58399,3241721.5825400003,2451716.2783999993,26899.166450000004,138057.94651,1092797.9156600002,972260.2533300002,1581216.9400499999,1404947.9309400006,2371127.8373000002,2086002.9207300004,3904352.2174700038,2222143.2048600023
2026-10-07T22:10:26.626566+00:00,obs-20261007-01,LIGHT,HBARUSDT,1.0,0.09264,0.09265,0.092645,1.0794473229691626,8393176262,0.09264,0.09265,250,28,581439.52445,252007.0831099999,550524.6229500002,269677.21805000014,1059.57906,3289.13959,165138.31655000002,123048.25304000001,248786.00495,199877.62671000004,467930.00700999994,353780.23383,957170.60627,711304.02274
2026-10-07T22:11:26.626653+00:00,obs-20261007-01,LIGHT,PEPEUSDT,1.0,4.07e-06,4.08e-06,4.075e-06,24.57002457002533,8827982598,4.07e-06,4.08e-06,134,19,211183.78216238,240728.36721381004,93965.94155703,332078.4851655301,335.56517929,7847.10870654,74278.19204652,141438.38198352,246907.37617532,260545.6587521,526389.30471777,565334.6030240699,953919.47334663,1192073.1236862699
2026-10-07T22:11:26.626653+00:00,obs-20261007-01,LIGHT,BNBUSDT,1.0,770.14,770.15,770.145,0.1298465214105704,20910066025,770.14,770.15,367,58,1397057.2940000005,1373924.5955799997,1340244.2963700006,1424471.3894399987,2018.2809700000003,10799.88084,882696.3599799998,890349.3333399998,1600470.4959099996,1622330.2332300001,3477114.8755399976,4317107.598989998,6079623.593920004,5573402.123289994
2026-10-07T22:11:26.626653+00:00,obs-20261007-01,LIGHT,AAVEUSDT,1.0,172.47,172.48,172.475,0.579810981620188,10439623126,172.47,172.48,344,15,1093843.0819299999,145972.22228,1003737.30189,144034.7622,106.38289999999999,1398.36364,240918.24002,93758.08623,345731.9116499999,142778.60822999998,403464.30755,193900.05917999998,931614.0396400003,228143.3224699999
2026-10-07T22:11:26.626653+00:00,obs-20261007-01,LIGHT,AVAXUSDT,1.0,11.02,11.021,11.0205,0.9074410163356639,10520182977,11.02,11.021,262,72,962777.6145600007,217993.37392999997,804845.3315500001,222361.18968999994,5578.3987400000005,14676.16443,363261.37981,71413.41635000001,498983.78189000016,108544.39867000004,585349.0071200001,115710.10978000004,692364.2165700005,124519.4555300001
2026-10-07T22:11:26.626653+00:00,obs-20261007-01,LIGHT,FILUSDT,1.0,1.0429,1.043,1.0429499999999998,0.9588647041902654,9895473314,1.0429,1.043,180,10,182677.33350900002,66612.14717600001,169250.61166400003,100488.12866199999,0.0,755.3707599999998,93227.324081,75514.04765500002,181897.81482600002,126599.78512700001,271736.95213199995,166546.79145600006,330846.1310619997,196038.56473500014
2026-10-07T22:11:26.626653+00:00,obs-20261007-01,LIGHT,ALGOUSDT,1.0,0.1178,0.1179,0.11785000000000001,8.48896434634927,5664471517,0.1178,0.1179,184,0,77828.43530000001,36375.37280000002,80926.1369,34772.64899999999,0.0,0.0,65055.0214,23679.3546,122432.9849,68660.411,158269.911,103996.52719999998,194337.68229999996,115668.66959999996
2026-10-07T22:11:26.626653+00:00,obs-20261007-01,LIGHT,XRPUSDT,1.0,1.4171,1.4172,1.41715,0.7056665020099828,26677898380,1.4171,1.4172,344,34,1410155.2420499995,781549.4922600001,1381051.7985899998,1143728.03023,2297.13691,5555.59224,1102268.7089800003,774459.09911,1599143.05855,1202010.8654000002,2396580.25871,1738297.63276,3895806.195070002,1864766.3860199999
2026-10-07T22:11:26.626653+00:00,obs-20261007-01,LIGHT,HBARUSDT,1.0,0.09267,0.09268,0.09267500000000001,1.0790978741770374,8393176877,0.09267,0.09268,140,17,264900.83372,48789.98421,255952.09133,56667.838130000004,10.37904,2339.1925300000003,162536.14307,121695.71654000001,288414.64602999995,197051.50809000002,476863.98165999993,345921.5670999999,964458.05854,703431.6498199999
2026-10-07T22:12:26.668753+00:00,obs-20261007-01,LIGHT,PEPEUSDT,1.0,4.07e-06,4.08e-06,4.075e-06,24.57002457002533,8827983012,4.07e-06,4.08e-06,110,10,151137.61700718,275047.87322877994,145809.42928546,272231.43299586995,0.0,1209.366978,110587.96263537,116933.28743352,253361.01474629,257941.05194121,531717.49243949,568151.04325698,962196.04993154,1194889.56391918
2026-10-07T22:12:26.668753+00:00,obs-20261007-01,LIGHT,BNBUSDT,1.0,770.38,770.39,770.385,0.1298060697307868,20910068448,770.38,770.39,285,48,2526472.29274,2036193.2960899998,2508453.1878099986,1950383.5388899988,6186.201600000001,3539.3126700000007,904714.2195200002,1013098.9497799996,1574501.8412199996,2364394.2641699994,3473214.4492399986,4419798.378859997,5867535.644030004,5665979.297589993
2026-10-07T22:12:26.668753+00:00,obs-20261007-01,LIGHT,AAVEUSDT,1.0,172.6,172.61,172.60500000000002,0.5793742757842502,10439625094,172.6,172.61,208,42,1217273.4059800005,252796.90067000012,1206301.2348500004,264754.4429399999,618.4633199999998,11916.02572,185473.11623,84957.80587999999,323156.37794999994,136852.65106999996,412338.95430999994,185251.17709,948585.41772,232996.94219999987
2026-10-07T22:12:26.668753+00:00,obs-20261007-01,LIGHT,AVAXUSDT,1.0,11.037,11.038,11.037500000000001,0.9060433088703412,10520186136,11.037,11.038,294,93,1096809.1272600002,308951.7976600004,1090350.1793500006,300088.68015000003,18499.779290000028,13506.824390000003,309109.91586000007,84960.35838,449283.86045000015,121227.17010000002,586295.29077,125289.84667000004,683688.5963700002,133673.90403000015
2026-10-07T22:12:26.668753+00:00,obs-20261007-01,LIGHT,FILUSDT,1.0,1.0441,1.0442,1.0441500000000001,0.9577626664114547,9895475318,1.0441,1.0442,332,33,334950.88224,191616.51944799992,309693.84983799997,186474.63975900004,426.979836,2978.6749310000005,69294.51684999999,78729.44372200001,178463.48231199995,141906.007413,288655.0286910001,179550.119662,343857.2746389999,209198.15002200005
2026-10-07T22:12:26.668753+00:00,obs-20261007-01,LIGHT,ALGOUSDT,1.0,0.1179,0.118,0.11795,8.481764206953457,5664472140,0.1179,0.118,130,0,39656.145999999986,49086.43270000001,34124.4204,51580.164199999985,0.0,0.0,41972.038700000005,30440.4271,110390.5544,74618.91990000001,161417.33889999997,102865.0615,198880.98849999995,113227.14829999999
2026-10-07T22:12:26.668753+00:00,obs-20261007-01,LIGHT,XRPUSDT,1.0,1.4179,1.418,1.4179499999999998,0.7052683546082683,26677901709,1.4179,1.418,381,65,3037097.0452900007,2311741.38954,3028676.18068,2036562.1422900003,22221.219300000004,10758.727299999999,1248916.2682700001,887590.95109,1624340.79499,1326882.8822100004,2398521.402769999,2017998.5582599991,3886972.83396,2144045.06878
2026-10-07T22:12:26.668753+00:00,obs-20261007-01,LIGHT,HBARUSDT,1.0,0.09273,0.09274,0.09273500000000001,1.0783996549124097,8393178084,0.09273,0.09274,233,25,748740.9073800003,356327.2601999999,761148.6235,368728.7773799999,751.4570600000001,1888.98363,158104.13538999998,123393.67841999998,296638.2442,196954.46417000002,458794.45615000004,334987.59627000004,948791.7385300001,701678.7917900002
2026-10-07T22:13:26.677141+00:00,obs-20261007-01,LIGHT,PEPEUSDT,1.0,4.07e-06,4.08e-06,4.075e-06,24.57002457002533,8827983588,4.07e-06,4.08e-06,134,11,94126.10561708003,332570.35577774,96859.53787893003,332402.09719994996,554.58013732,2525.45580936,93713.11062949,125732.6248044,251332.30535479,258713.179029,528984.06017764,568319.30183477,959449.31330468,1195057.82249697
2026-10-07T22:13:26.677141+00:00,obs-20261007-01,LIGHT,BNBUSDT,1.0,769.73,769.74,769.735,0.12991568472120463,20910073943,769.73,769.74,381,130,3316430.3394100023,4162958.2182499985,3420557.2503,4001880.031739999,9760.068470000002,10324.294679999999,749099.5468999998,830524.8026599998,1536418.137569999,1679661.2689899998,3395116.697919996,4367012.476239999,5999884.385930002,5731408.424449993
2026-10-07T22:13:26.677141+00:00,obs-20261007-01,LIGHT,AAVEUSDT,1.0,172.5,172.51,172.505,0.5797101449278586,10439627438,172.5,172.51,297,43,1695010.25482,320617.21528000006,1772615.22943,333761.2937600001,7044.900090000002,1622.2870600000003,160600.40534999996,66620.22650000002,264288.4675199999,115734.95027,334537.47912,170885.95641,870365.61054,205000.91788999992
2026-10-07T22:13:26.677141+00:00,obs-20261007-01,LIGHT,AVAXUSDT,1.0,11.019,11.02,11.0195,0.9075233687272366,10520191177,11.019,11.02,357,405,1194256.6959200003,445124.02794999984,1222500.6225600017,423422.8308500001,23190.03568000009,13392.43447,358498.54694000003,88853.36072999997,493282.06809,128625.68129999995,568150.8062399997,145592.67209999985,701102.2270600001,166399.9237399999
2026-10-07T22:13:26.677141+00:00,obs-20261007-01,LIGHT,FILUSDT,1.0,1.0429,1.043,1.0429499999999998,0.9588647041902654,9895479056,1.0429,1.043,351,84,642868.3774199999,279143.45946,660001.6319120002,253063.57963100003,5474.990264000001,1678.482696,75569.88119000001,86649.06892800001,160978.674002,140587.70211600006,279860.730042,201578.84517100008,343382.71867799986,234657.45142000006
2026-10-07T22:13:26.677141+00:00,obs-20261007-01,LIGHT,ALGOUSDT,1.0,0.1177,0.1178,0.11775,8.49617672047609,5664473713,0.1177,0.1178,248,5,75846.66660000004,33900.315500000004,83995.68540000006,29735.855300000007,550.9937,5.7722,64573.7307,18117.690599999998,121838.93180000002,59928.46289999999,159566.7632,101621.9699,194844.43449999997,118831.62839999999
2026-10-07T22:13:26.677141+00:00,obs-20261007-01,LIGHT,XRPUSDT,1.0,1.4165,1.4166,1.41655,0.7059654076946309,26677907439,1.4165,1.4166,434,54,4146082.310400002,3481913.43019,4152995.8767699986,3393292.22783,10782.579330000002,29896.552090000005,1256090.11119,932748.9141100002,1498965.5239600001,1158531.6104600008,2401674.9145799996,2092542.48272,3928285.1764700008,2228053.1118200016
2026-10-07T22:13:26.677141+00:00,obs-20261007-01,LIGHT,HBARUSDT,1.0,0.0926,0.09261,0.09260499999999999,1.079913606911731,8393179545,0.0926,0.09261,218,18,380997.7440599998,1046560.2441100002,421464.87017,1019108.0182399999,2155.40744,661.0637499999999,139051.20523000002,113900.03161,261849.43670999998,214696.82396999997,425778.39687999984,360567.34234000003,911128.5281999998,729116.8435800001
2026-10-07T22:14:26.700310+00:00,obs-20261007-01,LIGHT,PEPEUSDT,1.0,4.07e-06,4.08e-06,4.075e-06,24.57002457002533,8827983982,4.07e-06,4.08e-06,132,10,116556.85153996003,106347.11009924012,115749.13192674001,107533.26083522012,0.0,814.4127086400001,92240.50663201,139574.89860984,251444.39028551,257527.02007302,529791.77979086,567133.15109879,960266.8152968601,1185311.28672569
2026-10-07T22:14:26.700310+00:00,obs-20261007-01,LIGHT,BNBUSDT,1.0,769.71,769.72,769.715,0.12991906042536527,20910077064,769.71,769.72,311,55,1202838.1189399997,1849911.1479000004,1150552.9748699989,1877766.2161399992,633.4375300000002,8191.921200000001,821429.0407199998,1000504.5520799997,1592281.436409999,1651529.0570599993,3447437.657139995,4339177.617229998,6052375.130469999,5744186.9974199915
2026-10-07T22:14:26.700310+00:00,obs-20261007-01,LIGHT,AAVEUSDT,1.0,172.44,172.45,172.445,0.5799118533977854,10439628608,172.44,172.45,195,22,670564.4726499999,247451.83276000002,592201.8999899998,240820.68466,6905.661,671.48875,244150.78072000004,67522.92205,347499.7722399999,118712.88412,417328.6427600001,174862.95112,954893.29447,208942.78155999994
2026-10-07T22:14:26.700310+00:00,obs-20261007-01,LIGHT,AVAXUSDT,1.0,11.011,11.012,11.0115,0.9081827263646147,10520196093,11.011,11.012,321,460,1257006.6411800007,511811.14974000014,1378884.2146699992,503215.69377999986,129099.24896999977,15347.942939999999,253339.14201,100506.91287000001,372943.338,144350.02707999997,446321.43627,152863.31872999997,579302.4599899999,174857.20665000004
2026-10-07T22:14:26.700310+00:00,obs-20261007-01,LIGHT,FILUSDT,1.0,1.043,1.0431,1.04305,0.9587727708537663,9895481015,1.043,1.0431,245,28,395998.95628700004,152155.84501500003,387185.0785539999,167329.14400999993,2278.24729,293.355329,90942.095248,79448.54058800002,170996.85226400004,125599.16234000002,288674.6077750001,186405.54617600006,352162.91690500005,219484.12076800005
2026-10-07T22:14:26.700310+00:00,obs-20261007-01,LIGHT,ALGOUSDT,1.0,0.1177,0.1178,0.11775,8.49617672047609,5664474335,0.1177,0.1178,132,0,18591.6907,18360.1623,18303.609099999994,14829.142199999998,0.0,0.0,62433.658800000005,25887.320699999997,121477.72420000001,71717.1541,159854.8448,105152.99,195132.5161,122586.8752
2026-10-07T22:14:26.700310+00:00,obs-20261007-01,LIGHT,XRPUSDT,1.0,1.4163,1.4164,1.41635,0.7060650992030126,26677910745,1.4163,1.4164,413,46,1936696.8119100002,1476721.4283699999,1894388.325979999,1533099.5903999999,7877.9384900000005,12472.848869999998,1255068.46518,840586.4354800001,1663250.3410700003,1221742.0303800001,2446561.0693099992,2037006.65971,3973539.3826100007,2172428.4445900014
2026-10-07T22:14:26.700310+00:00,obs-20261007-01,LIGHT,HBARUSDT,1.0,0.0926,0.09261,0.09260499999999999,1.079913606911731,8393180712,0.0926,0.09261,182,11,257083.42847999991,332335.6962800001,249779.85740999997,334005.3386499999,642.1099999999999,4920.694369999999,142167.60352,115161.75979000001,266283.90560999996,216808.82606000002,433081.9679499999,358897.69997000013,918432.9156,727447.2012100001
2026-10-07T22:15:26.723969+00:00,obs-20261007-01,LIGHT,PEPEUSDT,1.0,4.07e-06,4.08e-06,4.075e-06,24.57002457002533,8827984429,4.07e-06,4.08e-06,138,10,73882.31797068001,388020.0837669398,54331.00577324,383830.36125727993,90.8131367,996.82949232,96920.11496827,123755.46545808,267719.30252475,258391.69258268,549343.0919883001,571322.8736084499,986322.4274943001,1196199.70923535
2026-10-07T22:15:26.723969+00:00,obs-20261007-01,LIGHT,BNBUSDT,1.0,769.7,769.71,769.705,0.12992074834405898,20910079353,769.7,769.71,326,42,938187.4009700001,1184599.8928200002,934181.6947000001,1136771.9901400004,1939.0224799999999,4414.593100000001,825015.81976,1041330.4451599999,1579149.2808599991,1698838.3173999996,3451498.228129995,4386329.950619998,6048109.663410001,5791986.159419992
2026-10-07T22:15:26.723969+00:00,obs-20261007-01,LIGHT,AAVEUSDT,1.0,172.43,172.44,172.435,0.5799454851240782,10439629729,172.43,172.44,213,18,511311.1862899999,220563.77063000004,593584.60365,204873.32312000002,540.48108,317.31782,168678.15823999996,90578.36710999998,270939.55451999983,143944.51709999997,335402.29916,190532.49943,859198.64973,222228.25933999993
2026-10-07T22:15:26.723969+00:00,obs-20261007-01,LIGHT,AVAXUSDT,1.0,11.004,11.005,11.0045,0.9087604507462821,10520202233,11.004,11.005,405,531,1164365.2886700002,728610.5216499998,1202906.68859,734016.2253300002,54220.1387300002,27621.701999999994,269104.85375999997,71535.28166000001,381890.33015000005,120710.49350000004,448828.56709,147154.64848000003,542971.8323099997,168714.84459000008
2026-10-07T22:15:26.723969+00:00,obs-20261007-01,LIGHT,FILUSDT,1.0,1.0426,1.0427,1.04265,0.9591406100128985,9895482552,1.0426,1.0427,259,20,269600.514906,115255.60121799994,292327.659182,83961.22976999996,333.35580000000004,439.22243399999996,77793.66402100002,99046.492892,169935.18452600003,143592.29142000002,269453.9416,217140.60489700004,328790.26208799996,250778.51304500003
2026-10-07T22:15:26.723969+00:00,obs-20261007-01,LIGHT,ALGOUSDT,1.0,0.1177,0.1178,0.11775,8.49617672047609,5664474722,0.1177,0.1178,122,0,4053.382600000001,3661.5733000000005,3067.7787000000003,1254.0149000000001,0.0,0.0,63331.52249999999,27981.5742,122463.32809999998,73649.9649,160840.44869999995,107560.54840000001,196118.11999999994,124994.4336
2026-10-07T22:15:26.723969+00:00,obs-20261007-01,LIGHT,XRPUSDT,1.0,1.416,1.4161,1.4160499999999998,0.7062146892655718,26677913004,1.416,1.4161,371,27,1308882.5339900001,1087416.922000001,1506039.71403,833446.7413800004,14115.389819999997,6551.2465,998140.3071199999,1074215.28786,1405651.8931300002,1468225.13251,2250592.52928,2290932.4352100007,3833014.9715300016,2426303.804580002
2026-10-07T22:15:26.723969+00:00,obs-20261007-01,LIGHT,HBARUSDT,1.0,0.09258,0.09259,0.092585,1.0801468999788177,8393181431,0.09258,0.09259,151,7,130559.29436,81783.68727000001,135852.96463000003,69396.99313000002,936.69909,550.01079,145009.58471000005,121307.96183,276581.9518200001,226906.73584,437212.32057999994,370625.2882000001,913144.32584,739744.5493600002
2026-10-07T22:16:26.761833+00:00,obs-20261007-01,LIGHT,PEPEUSDT,1.0,4.07e-06,4.08e-06,4.075e-06,24.57002457002533,8827984774,4.07e-06,4.08e-06,135,11,54873.321634479995,213455.63715204003,56123.03083339001,209126.8856057301,567.80957871,905.86551288,90293.31791579,143313.82086288,266474.40498099,261369.85162679,548093.38278939,575651.62515476,987028.42953053,1201717.1337085
2026-10-07T22:16:26.761833+00:00,obs-20261007-01,LIGHT,BNBUSDT,1.0,769.67,769.68,769.675,0.12992581235993228,20910080996,769.67,769.68,251,59,607301.4724400002,832569.3944500001,628836.1443800002,871240.2746200005,4264.2341799999995,5978.118209999998,847702.3203400003,968603.5700699998,1574581.7758699995,1660378.8045399992,3455517.982139996,4347517.584529999,6031135.625520001,5753233.108539991
2026-10-07T22:16:26.761833+00:00,obs-20261007-01,LIGHT,AAVEUSDT,1.0,172.38,172.39,172.385,0.5801137022842795,10439630596,172.38,172.39,172,17,382692.07588999986,192679.29408,378634.16692,183651.37009000007,2850.4343100000006,547.02013,205733.7606,89561.14045,278870.4344599999,142549.64133,339505.60635,196987.01660000006,863058.8130400002,231193.74802999996
2026-10-07T22:16:26.761833+00:00,obs-20261007-01,LIGHT,AVAXUSDT,1.0,11.0,11.001,11.000499999999999,0.9090909090914145,10520204365,11.0,11.001,277,176,527691.8777600002,404337.3977000002,547159.0826000003,385725.94075999997,4320.900409999996,4799.71437,251038.16139,83260.45779999999,365154.83816,137535.34629999998,431422.70427999995,165657.4288199999,525420.1432499998,187234.2817499999
2026-10-07T22:16:26.761833+00:00,obs-20261007-01,LIGHT,FILUSDT,1.0,1.0422,1.0423,1.0422500000000001,0.9595087315283912,9895484084,1.0422,1.0423,252,35,276590.5913490001,93056.06136600002,276654.37951800006,89609.68826600001,861.857466,2570.844105,89001.825031,74943.03605499999,198844.970583,143414.441782,269550.28872699995,216747.658549,335386.74226799974,252189.413542
2026-10-07T22:16:26.761833+00:00,obs-20261007-01,LIGHT,ALGOUSDT,1.0,0.1178,0.1179,0.11785000000000001,8.48896434634927,5664475438,0.1178,0.1179,167,1,42842.878399999994,33701.59160000001,38025.00689999999,32482.0916,0.0,112.0278,49091.466499999995,31549.527199999997,109914.9494,76236.5086,161526.4826,112936.4804,199923.49240000002,126619.22119999999
2026-10-07T22:16:26.761833+00:00,obs-20261007-01,LIGHT,XRPUSDT,1.0,1.4146,1.4147,1.41465,0.7069136151560684,26677916470,1.4146,1.4147,385,79,2602716.1119599994,2441832.7691799994,2631198.826029999,2416578.6000099992,43860.649050000015,15464.358439999998,1188154.3613299998,968962.8710500001,1524612.75051,1604783.8083699993,2292918.2828499996,2307583.418689999,3825923.139180002,2443587.511710001
2026-10-07T22:16:26.761833+00:00,obs-20261007-01,LIGHT,HBARUSDT,1.0,0.0925,0.09251,0.092505,1.0810810810801819,8393182452,0.0925,0.09251,165,9,333996.14666999975,794630.9581200002,355056.63400999986,762796.3551000003,1806.9056399999997,25.18448,155167.77477000002,128716.52081000002,255406.88876999996,242636.66755000007,421999.59170999995,398681.33814999997,892237.41133,771287.42414
2026-10-07T22:17:26.766346+00:00,obs-20261007-01,LIGHT,PEPEUSDT,1.0,4.07e-06,4.08e-06,4.075e-06,24.57002457002533,8827985022,4.07e-06,4.08e-06,119,11,66701.43197273,4944.6506538799995,91217.71682793998,102792.99192365001,0.0,4660.26345072,77470.55811748,142073.65945248,242118.24297507998,247488.23603601998,523577.09793418,477803.28388498997,957081.72492272,1024842.9977425601
2026-10-07T22:17:26.766346+00:00,obs-20261007-01,LIGHT,BNBUSDT,1.0,769.65,769.66,769.655,0.1299291885925591,20910083569,769.65,769.66,348,49,1065778.6986000007,1201784.7460300005,1028464.7920299999,1208032.3920500004,4671.673640000001,2054.0930999999996,954247.5952300002,1038703.8028099999,1520981.4587700004,1654535.9630299998,3493089.434259997,4341096.586819996,6070126.130160005,5741842.246939988
2026-10-07T22:17:26.766346+00:00,obs-20261007-01,LIGHT,AAVEUSDT,1.0,172.46,172.47,172.465,0.5798446016469505,10439632012,172.46,172.47,222,27,1915804.6875900007,257789.28927999997,1835387.2820400002,267343.88190000004,2648.06052,3922.8331300000004,258379.77622000003,88144.65206,351391.9847399999,143937.15315000003,417590.7568600001,190070.27294000005,937875.2230500003,224326.37092999998
2026-10-07T22:17:26.766346+00:00,obs-20261007-01,LIGHT,AVAXUSDT,1.0,10.997,10.998,10.997499999999999,0.9093389106107352,10520207361,10.997,10.998,318,208,703422.3556399998,329086.6141099998,713914.1062200001,330052.56396000006,17898.351609999965,6094.761530000001,215625.17781,80744.97057,359478.82070999994,136565.88545,429836.1744299999,164678.81356999997,515555.6442899997,185201.24578999996
2026-10-07T22:17:26.766346+00:00,obs-20261007-01,LIGHT,FILUSDT,1.0,1.042,1.0421,1.0420500000000001,0.9596928982724684,9895485888,1.042,1.0421,239,31,380304.7270929999,136781.771386,397043.26870999986,123640.86539300001,1855.1725619999997,1041.6322910000001,75158.62565700001,90040.22692799997,161064.69685700003,151869.41599399995,252880.377595,229855.22942,318782.1346579999,265323.84918600006
2026-10-07T22:17:26.766346+00:00,obs-20261007-01,LIGHT,ALGOUSDT,1.0,0.1178,0.1179,0.11785000000000001,8.48896434634927,5664476268,0.1178,0.1179,149,6,53901.81159999998,25960.6603,54890.028000000006,25587.427999999996,0.0,168.35320000000002,40147.681,34240.0171,109190.8293,78872.7096,160538.2662,113309.7127,198515.96420000005,126992.45349999999
2026-10-07T22:17:26.766346+00:00,obs-20261007-01,LIGHT,XRPUSDT,1.0,1.4141,1.4142,1.4141499999999998,0.7071635669331222,26677920566,1.4141,1.4142,389,71,3264970.6891400004,2201300.891459999,3204933.8319,2279801.133899999,45389.89143,49677.958549999996,1095381.8569099999,1112063.63858,1330449.1901899993,1403661.5644099999,2408720.551489999,2227332.2631100006,3890079.3091400014,2361714.9333300036
2026-10-07T22:17:26.766346+00:00,obs-20261007-01,LIGHT,HBARUSDT,1.0,0.09249,0.0925,0.092495,1.0811979673475136,8393183437,0.09249,0.0925,182,17,146940.86981,239396.5940999999,142131.70115999994,248032.97024999993,262.20975000000004,6589.27021,158812.70261,123082.1443,260145.86841999998,231943.65704000005,426808.76035999996,390044.962,896978.3972,762623.40344
2026-10-07T22:18:26.772311+00:00,obs-20261007-01,LIGHT,PEPEUSDT,1.0,4.07e-06,4.08e-06,4.075e-06,24.57002457002533,8827985314,4.07e-06,4.08e-06,133,13,40958.86279457001,23578.352912280003,27721.447686879997,21288.938239970004,1831.81003632,1181.0436628799998,89076.73169241,143861.97597432,255333.98531655,249946.53600183,536814.51304187,480092.69855729997,969478.73411508,1027132.4124148701
2026-10-07T22:18:26.772311+00:00,obs-20261007-01,LIGHT,BNBUSDT,1.0,769.71,769.72,769.715,0.12991906042536527,20910084958,769.71,769.72,256,34,271049.61532,430502.3988000001,252044.72184999997,447944.53268,4811.08215,2329.7800699999993,872474.8239400001,989561.5650299996,1550690.5633899996,1637206.5841699992,3486227.491509996,4324644.859839996,6089751.390870002,5729957.166199991
2026-10-07T22:18:26.772311+00:00,obs-20261007-01,LIGHT,AAVEUSDT,1.0,172.48,172.49,172.485,0.5797773654925287,10439633327,172.48,172.49,244,22,2763074.579919999,156421.94963000008,2849845.958929998,147647.61796000003,925.54442,2600.4750399999994,157505.14501,94016.55435000005,260735.43602999995,150702.91117000006,324993.38695000013,198919.5095500001,848490.8348200002,235180.45973
2026-10-07T22:18:26.772311+00:00,obs-20261007-01,LIGHT,AVAXUSDT,1.0,10.999,11.0,10.999500000000001,0.9091735612321017,10520210337,10.999,11.0,298,91,813139.57823,417647.05208000034,809517.7306000002,411476.41238999995,2907.040659999999,15489.898640000001,219137.90004000004,87325.41722999999,363227.48097000003,143058.41995999997,424621.95283,170688.09249999997,517720.49695999996,191377.58219999998
2026-10-07T22:18:26.772311+00:00,obs-20261007-01,LIGHT,FILUSDT,1.0,1.0419,1.042,1.04195,0.9597850081588533,9895487066,1.0419,1.042,230,26,380939.6747199999,115545.32311400001,366487.22253699997,121063.64382100006,450.943169,3584.4876100000006,108540.743618,82987.85444599998,191948.523458,143355.56723599997,270947.82439399994,224336.90871299998,332602.0138809998,259800.522091
2026-10-07T22:18:26.772311+00:00,obs-20261007-01,LIGHT,ALGOUSDT,1.0,0.1178,0.1179,0.11785000000000001,8.48896434634927,5664477966,0.1178,0.1179,174,36,123085.81049999999,42249.26629999999,126884.86949999997,45907.602699999996,102.80879999999999,1639.8639999999978,54163.032699999996,27369.0375,109233.937,72693.1695,156739.2072,109651.3763,194658.05510000003,123334.091
2026-10-07T22:18:26.772311+00:00,obs-20261007-01,LIGHT,XRPUSDT,1.0,1.4139,1.414,1.4139499999999998,0.707263597141683,26677922834,1.4139,1.414,353,43,1333626.6461400003,887930.3882100002,1442454.69354,771039.6283699999,15344.99553,44363.377790000006,985980.0420700001,1031038.4520099999,1225978.1853899998,1518853.6425499993,3236646.45286,2343866.8306499994,3769899.826750002,2478509.1308000023
2026-10-07T22:18:26.772311+00:00,obs-20261007-01,LIGHT,HBARUSDT,1.0,0.09248,0.09249,0.09248500000000001,1.0813148788924032,8393184082,0.09248,0.09249,132,5,113679.39769,50215.81498999999,117892.26577000004,48400.177130000004,594.3125,938.298,154505.37811999998,118279.58692,260454.21064999996,232697.26655000003,423224.52032999997,391066.6148599999,892757.0345,764439.0412999999
2026-10-07T22:19:26.773245+00:00,obs-20261007-01,LIGHT,PEPEUSDT,1.0,4.07e-06,4.08e-06,4.075e-06,24.57002457002533,8827985586,4.07e-06,4.08e-06,134,7,74145.66542394999,27493.764124359994,69735.3602109,29493.720727729993,25.68959173,607.76784456,117744.69998005,116735.77628592,259805.28262151,247169.45935496,541224.8182549201,478092.74195393,971003.41102339,1025136.6265615001
2026-10-07T22:19:26.773245+00:00,obs-20261007-01,LIGHT,BNBUSDT,1.0,769.92,769.93,769.925,0.12988362427357458,20910086992,769.92,769.93,356,42,1262902.70375,959466.9781600003,1228256.5313600004,995776.6086499995,140.09297999999998,4372.5796900000005,870721.4846199999,935478.2557099998,1634327.1468799997,1693472.6289099993,3517626.257959996,4290695.892879996,6114021.120570002,5691858.96068999
2026-10-07T22:19:26.773245+00:00,obs-20261007-01,LIGHT,AAVEUSDT,1.0,172.46,172.47,172.465,0.5798446016469505,10439633949,172.46,172.47,196,8,313398.00730999996,109563.92938999998,300766.08345000003,118730.29053999997,1275.4716,6.55462,177406.83248999997,85128.57499000002,278877.8588299999,141341.64166000002,343451.3017100001,189678.24346000006,861485.8841100002,223934.34144999998
2026-10-07T22:19:26.773245+00:00,obs-20261007-01,LIGHT,AVAXUSDT,1.0,11.001,11.002,11.0015,0.9090082719764858,10520212309,11.001,11.002,249,48,480020.1174700001,266558.35506,446613.09971,270139.2822500001,640.87004,3838.7628500000005,248624.40052000008,84954.90236,386053.5430100001,142429.31832,455900.76765000005,167175.38571,549009.0746499997,188534.88338000004
2026-10-07T22:19:26.773245+00:00,obs-20261007-01,LIGHT,FILUSDT,1.0,1.0427,1.0428,1.0427499999999998,0.9590486237653906,9895488268,1.0427,1.0428,249,10,382786.35868099984,106487.61524200001,373974.00746099965,121933.64133299996,10.507392,546.5775819999999,81009.95474599999,86721.536594,171496.54590500004,149604.71144300004,272427.901889,213163.51510300004,335077.2049149999,246855.71276200007
2026-10-07T22:19:26.773245+00:00,obs-20261007-01,LIGHT,ALGOUSDT,1.0,0.1179,0.118,0.11795,8.481764206953457,5664478692,0.1179,0.118,148,5,124741.88049999998,16192.7976,136510.69109999994,16315.6961,0.0,100.232,32138.8508,41389.264299999995,89425.30279999999,84713.38919999999,142368.22,111113.10329999999,182406.60090000002,123263.40269999999
2026-10-07T22:19:26.773245+00:00,obs-20261007-01,LIGHT,XRPUSDT,1.0,1.4142,1.4143,1.41425,0.7071135624370228,26677925497,1.4142,1.4143,347,71,2039247.2473899997,1353544.9667599997,2002826.8336900002,1443288.31085,102883.50890000002,72818.03232999996,975398.6705,1051970.4036700001,1322812.2905399997,1438181.1421,2392395.7505299994,2257314.3905900004,3868372.9926100005,2390116.6455300036
2026-10-07T22:19:26.773245+00:00,obs-20261007-01,LIGHT,HBARUSDT,1.0,0.0925,0.09251,0.092505,1.0810810810801819,8393184601,0.0925,0.09251,118,10,113945.74160000002,42009.27599000001,99850.91379000002,53193.26569000001,41.70848,3095.59382,169019.37309,117706.50637999999,269107.3004700001,229379.73505,436690.7200900001,380676.61016,906860.3578600001,753282.6961500001
2026-10-07T22:20:26.866266+00:00,obs-20261007-01,LIGHT,PEPEUSDT,1.0,4.07e-06,4.08e-06,4.075e-06,24.57002457002533,8827985952,4.07e-06,4.08e-06,123,12,132310.36435548004,376793.9036876399,135020.10093739003,278044.51807859004,89.99999547,607.9874995199999,94601.0060094,128564.89008576,256102.65797405998,262553.38830711,538515.08167301,576842.12756298,975382.9365851899,1192115.9390702401
2026-10-07T22:20:26.866266+00:00,obs-20261007-01,LIGHT,BNBUSDT,1.0,770.0,770.01,770.005,0.12987012987020208,20910091076,770.0,770.01,353,101,2911248.20683,3248737.0026700017,2962247.9390900005,3286451.6929599997,10527.001659999998,8652.34041,825349.8537900001,842456.36212,1594686.9071999996,1625984.79582,3466314.749669995,4253929.940729999,6064516.853360001,5659600.7567199925
2026-10-07T22:20:26.866266+00:00,obs-20261007-01,LIGHT,AAVEUSDT,1.0,172.61,172.62,172.615,0.5793407102716586,10439635524,172.61,172.62,225,36,1226534.6529,263951.37735000014,1160402.66247,290137.96247,2688.77028,8240.17749,173028.05845,72747.20406999998,315356.72780000005,126010.48204999996,399976.3092100001,169461.10965999993,926983.0138400001,215343.0732299998
2026-10-07T22:20:26.866266+00:00,obs-20261007-01,LIGHT,AVAXUSDT,1.0,11.01,11.011,11.0105,0.9082652134417835,10520215454,11.01,11.011,281,88,825926.1444199996,385681.85349999985,813510.9545899996,394627.58622000006,14731.98073999999,9888.32097,240671.68511,83828.5334,351093.24680999987,147500.29155000002,427259.58530999994,158517.73446000004,560938.7344599997,179711.8626000001
2026-10-07T22:20:26.866266+00:00,obs-20261007-01,LIGHT,FILUSDT,1.0,1.0443,1.0444,1.0443500000000001,0.9575792396820937,9895490566,1.0443,1.0444,295,34,527656.665587,194379.11835800004,536958.8237709998,258517.6065640001,1322.6313369999998,1463.7977530000003,69261.348935,57502.540677,141656.718489,116459.39571,252644.813585,157631.19808999996,312991.94123399985,187462.38197400005
2026-10-07T22:20:26.866266+00:00,obs-20261007-01,LIGHT,ALGOUSDT,1.0,0.1179,0.118,0.11795,8.481764206953457,5664479685,0.1179,0.118,156,0,101997.42630000006,12643.614699999998,83343.53320000006,19926.378699999997,0.0,0.0,54325.548800000004,32143.6509,108461.8009,77057.12640000001,161022.1131,103830.33929999999,200622.8556,116436.92730000001
2026-10-07T22:20:26.866266+00:00,obs-20261007-01,LIGHT,XRPUSDT,1.0,1.4144,1.4145,1.41445,0.7070135746611861,26677928305,1.4144,1.4145,356,42,1657616.6658299996,1172450.3812000002,1443229.3789400004,1338227.7510200003,5058.91095,44138.08672000001,1143896.3932999996,887476.4752400002,1519311.5416499993,1401524.1214700004,2564977.5024799993,2093357.0688400005,4078952.2055500005,2225570.588720003
2026-10-07T22:20:26.866266+00:00,obs-20261007-01,LIGHT,HBARUSDT,1.0,0.09251,0.09252,0.092515,1.080964220085967,8393185717,0.09251,0.09252,174,20,136150.34081000005,147371.92946,135922.95085000005,146899.08628,5240.033129999999,2714.52685,162478.80032999994,116291.86018,268830.8293199999,229883.95695000002,436882.7601699999,381672.34358,907073.8126699999,753762.9937700001
2026-10-07T22:21:26.873200+00:00,obs-20261007-01,LIGHT,PEPEUSDT,1.0,4.07e-06,4.08e-06,4.075e-06,24.57002457002533,8827986185,4.07e-06,4.08e-06,93,9,29315.919687989994,167232.63072294,21813.780099929998,166459.80452093,0.0,616.1192332799999,96675.58116315,127948.81033056,265000.80105717,263276.54653232,546017.22126107,577614.95376499,975798.3235388598,1192923.5460847302
2026-10-07T22:21:26.873200+00:00,obs-20261007-01,LIGHT,BNBUSDT,1.0,770.02,770.03,770.025,0.12986675670845216,20910092273,770.02,770.03,277,41,457673.7122799999,377835.8632700003,444652.19685000007,316057.74759999994,872.4312,1334.46504,811201.2626299999,901145.8561299997,1588389.0414099991,1687455.5023999994,3479271.4686499955,4315912.596759998,6074033.059540002,5722332.804809992
2026-10-07T22:21:26.873200+00:00,obs-20261007-01,LIGHT,AAVEUSDT,1.0,172.61,172.62,172.615,0.5793407102716586,10439636150,172.61,172.62,160,8,669671.5586299999,101826.20773000001,700994.1425900001,83558.31195,107.53420000000001,739.1402400000001,141350.81715000002,92891.37728999997,284856.9931500001,145620.22749999995,368653.72525000013,187729.00543999998,895652.6164400002,233610.96900999986
2026-10-07T22:21:26.873200+00:00,obs-20261007-01,LIGHT,AVAXUSDT,1.0,11.004,11.005,11.0045,0.9087604507462821,10520216835,11.004,11.005,252,52,306741.00925000006,222592.50525000005,316967.22337999986,214401.96616,4292.90309,794.4557500000001,251660.20453000002,95470.98313000001,386420.5953200001,149365.74958,458081.9019200001,166634.67443999997,552030.6135899997,187640.39251
2026-10-07T22:21:26.873200+00:00,obs-20261007-01,LIGHT,FILUSDT,1.0,1.0441,1.0442,1.0441500000000001,0.9577626664114547,9895492563,1.0441,1.0442,289,33,720447.5410879999,237518.22989500003,697110.8710149998,211747.55523300002,2923.668088,1944.4323830000003,67493.97886,80704.62444500001,161727.41684900003,142215.71979600005,279487.63825,183287.754011,336424.28842,217244.74293000007
2026-10-07T22:21:26.873200+00:00,obs-20261007-01,LIGHT,ALGOUSDT,1.0,0.1179,0.118,0.11795,8.481764206953457,5664479970,0.1179,0.118,89,0,66178.46810000003,19914.412000000004,60456.6611,20041.433400000005,0.0,0.0,64999.7285,32019.8689,114882.73999999999,76930.10500000001,166743.9201,103703.3179,206344.6626,116309.8796
2026-10-07T22:21:26.873200+00:00,obs-20261007-01,LIGHT,XRPUSDT,1.0,1.4142,1.4143,1.41425,0.7071135624370228,26677929721,1.4142,1.4143,340,33,646608.60393,713720.8440599999,778816.9982199998,616386.8745500001,12773.708909999998,13499.620630000003,1062054.1339699998,978231.3031700002,1405374.9375499994,1370340.4691400006,2464567.539209999,2189878.9398800014,3939795.21921,2322681.2301000045
2026-10-07T22:21:26.873200+00:00,obs-20261007-01,LIGHT,HBARUSDT,1.0,0.09247,0.09248,0.092475,1.0814318157259528,8393186576,0.09247,0.09248,173,3,122585.44378000002,104594.59135000005,138244.00632,95530.92383000003,73.15168,59.2128,147453.20567999998,120525.43390999998,260817.28810999996,193008.50848000002,421899.2543199999,389413.8120599999,891429.1871399999,758593.73232
2026-10-07T22:22:26.939723+00:00,obs-20261007-01,LIGHT,PEPEUSDT,1.0,4.07e-06,4.08e-06,4.075e-06,24.57002457002533,8827986508,4.07e-06,4.08e-06,136,13,156602.45079367998,168897.90886713998,164685.74772352,260720.23981789994,38.83952974,2486.6017164,94749.09614621,123013.11136752,249364.05693769,255469.19894526,537933.9243312301,485792.62281423,967986.5490162801,1063505.00338104
2026-10-07T22:22:26.939723+00:00,obs-20261007-01,LIGHT,BNBUSDT,1.0,770.29,770.3,770.295,0.12982123615667973,20910094294,770.29,770.3,263,42,2119324.91728,1102139.0490900006,2025086.7861000001,1168234.4409100006,160.96557,10659.566249999998,958413.6086200005,945661.82029,1622262.1870900006,2398503.2634900003,3551957.7719699983,4359314.659199998,5750795.761390004,5662567.419939993
2026-10-07T22:22:26.939723+00:00,obs-20261007-01,LIGHT,AAVEUSDT,1.0,172.75,172.76,172.755,0.578871201157849,10439638778,172.75,172.76,254,59,1548866.3522199993,343673.96363000013,1589957.2262300008,333659.1715900001,4629.6048,9722.227529999998,114333.70426000001,102910.99135,251861.41660000006,153551.43405000007,321926.63250999997,204482.30516999995,851830.9887299999,244465.32276999988
2026-10-07T22:22:26.939723+00:00,obs-20261007-01,LIGHT,AVAXUSDT,1.0,11.012,11.013,11.0125,0.908100254266575,10520219390,11.012,11.013,304,72,768896.4135800003,390942.79133999994,736748.3531199999,398123.0102199999,780.20615,12963.141380000001,286536.44257,92049.90487000001,395096.9456,148269.7539500001,449172.92548000003,159547.1809700001,582845.7246600001,179748.41079000017
2026-10-07T22:22:26.939723+00:00,obs-20261007-01,LIGHT,FILUSDT,1.0,1.0444,1.0445,1.0444499999999999,0.9574875526618953,9895493494,1.0444,1.0445,205,13,316202.84882899997,99426.16954900004,347449.999218,129261.44211400005,361.42434000000003,870.3503479999999,72720.018077,58988.83601900001,146128.684852,112572.32579200002,244570.175429,157136.655171,308279.76799400005,187704.92636500005
2026-10-07T22:22:26.939723+00:00,obs-20261007-01,LIGHT,ALGOUSDT,1.0,0.118,0.1181,0.11804999999999999,8.474576271186862,5664480725,0.118,0.1181,161,12,83809.67819999998,35612.149000000005,80817.58930000002,38000.1762,0.0,4161.456000000001,60144.0168,32030.6991,123673.33929999999,75742.14090000001,160969.9354,101866.11390000003,205961.00059999997,114179.55560000002
2026-10-07T22:22:26.939723+00:00,obs-20261007-01,LIGHT,XRPUSDT,1.0,1.4147,1.4148,1.4147500000000002,0.7068636460028088,26677931975,1.4147,1.4148,420,37,842994.2811599997,715053.6560000002,670879.09643,854938.3915200002,4352.33018,37520.59757000001,1162633.1146000002,889383.4951300002,1558106.9741099998,1519651.613330001,2596492.96587,2051514.9740900013,4110759.89807,2187518.924240003
2026-10-07T22:22:26.939723+00:00,obs-20261007-01,LIGHT,HBARUSDT,1.0,0.09247,0.09248,0.092475,1.0814318157259528,8393187008,0.09247,0.09248,140,7,43640.95337999999,47911.88991,42379.00815000001,49405.372310000006,0.0,1735.94318,148788.89797,121773.16872,262142.86871999994,195306.97512000002,423161.19954999984,387920.3296599999,892682.6349599998,757100.24992
2026-10-07T22:23:27.001252+00:00,obs-20261007-01,LIGHT,PEPEUSDT,1.0,4.07e-06,4.08e-06,4.075e-06,24.57002457002533,8827986755,4.07e-06,4.08e-06,98,8,143443.58154436,129809.60170073001,141039.15235328,132546.53183887,8.80278322,1536.25335888,118868.35974365,112209.14857176,251550.72845457,252297.28563061997,540338.35352231,483055.69267608994,969542.4645946,1061116.4775247502
2026-10-07T22:23:27.001252+00:00,obs-20261007-01,LIGHT,BNBUSDT,1.0,770.28,770.29,770.285,0.12982292153518316,20910096507,770.28,770.29,272,42,1535836.5725100008,630736.8662199996,1613587.1583600005,587911.1447,38785.54716,566.1290900000001,926324.7984600002,989505.15448,1574982.57377,2442770.8276000004,3474213.286839998,4402152.826739997,5869520.1345700035,5698698.609039993
2026-10-07T22:23:27.001252+00:00,obs-20261007-01,LIGHT,AAVEUSDT,1.0,172.74,172.75,172.745,0.578904712282835,10439640254,172.74,172.75,182,44,449956.5255699999,138699.97918000002,432701.6226900001,142615.83294000002,2345.933,7145.6776599999985,132304.80736,97248.40857000001,269116.27320999996,148842.78298000008,340147.9694099999,200560.86804999996,859814.7130999998,240539.4256099999
2026-10-07T22:23:27.001252+00:00,obs-20261007-01,LIGHT,AVAXUSDT,1.0,11.011,11.012,11.0115,0.9081827263646147,10520221596,11.011,11.012,253,104,518158.3815599999,261198.8271599998,545180.22501,267527.0539799999,2379.0773,17498.86696,236261.54072999998,78549.70412,367645.99180999986,135843.04729000005,422160.13068999996,153211.39119000002,554629.7798699997,173315.0444500001
2026-10-07T22:23:27.001252+00:00,obs-20261007-01,LIGHT,FILUSDT,1.0,1.0446,1.0447,1.0446499999999999,0.9573042312838176,9895495047,1.0446,1.0447,196,37,503250.2550079997,125781.75151,454048.2285829998,107062.01439999997,3879.1649,2895.765472000001,95658.88695299998,73184.05259100001,188525.414765,132356.52151700002,293637.1375630001,176045.320227,357461.28758299997,206434.67404700004
2026-10-07T22:23:27.001252+00:00,obs-20261007-01,LIGHT,ALGOUSDT,1.0,0.118,0.1181,0.11804999999999999,8.474576271186862,5664481533,0.118,0.1181,129,1,84580.93339999995,13300.6833,81736.96249999998,15476.826000000003,0.0,13.5815,54729.2715,30554.6329,116593.8782,74083.8635,163813.9063,99689.97120000001,208369.85549999998,114522.9759
2026-10-07T22:23:27.001252+00:00,obs-20261007-01,LIGHT,XRPUSDT,1.0,1.4153,1.4154,1.41535,0.7065639793690792,26677935753,1.4153,1.4154,390,62,2751289.5148,1947384.2672599994,2757330.2224600003,1970666.4166400004,34490.39393,80089.49075999999,1172791.94937,1027157.9560800003,1570389.4394499997,1345378.675410001,2565292.51515,2033405.0908500012,4098923.725980001,2166244.9663100024
2026-10-07T22:23:27.001252+00:00,obs-20261007-01,LIGHT,HBARUSDT,1.0,0.0925,0.09251,0.092505,1.0810810810801819,8393188326,0.0925,0.09251,156,20,187196.34638,167909.02439999994,180162.05434000006,178382.83188,607.0775,4435.47359,153214.46490999998,119607.88240999999,261999.81439999994,233529.2997,429555.78478,378245.83098,899725.42162,746654.0869900001
2026-10-07T22:24:27.007562+00:00,obs-20261007-01,LIGHT,PEPEUSDT,1.0,4.08e-06,4.09e-06,4.085e-06,24.50980392156854,8827987378,4.08e-06,4.09e-06,158,21,348586.07090079004,384619.02709157,212864.86732614003,398100.20428004995,1488.35615951,12650.24842676,79040.87822976,145661.77067331,259165.31909821997,277159.03447391,548344.4297819199,560272.90836297,983457.5550732,1177279.7122452
2026-10-07T22:24:27.007562+00:00,obs-20261007-01,LIGHT,BNBUSDT,1.0,770.5,770.51,770.505,0.1297858533422236,20910098437,770.51,770.52,298,37,1863287.99183,1227317.67689,1830380.2945499998,1237779.2680199996,2928.9216200000005,2989.8760699999993,883860.79827,1014232.2795899999,1604013.5459600007,2352194.28263,3505716.09636,4409566.093679997,5662206.872590007,5696153.862919993
2026-10-07T22:24:27.007562+00:00,obs-20261007-01,LIGHT,AAVEUSDT,1.0,172.75,172.76,172.755,0.578871201157849,10439641497,172.75,172.76,183,13,475461.57981,191238.11169999986,470204.22113,222972.98770999987,592.35367,1759.8368000000003,134085.53187,69602.97821999999,273013.65641,120321.08196000001,342683.8187099999,170965.51796999993,862350.3780799998,210948.53556999986
2026-10-07T22:24:27.007562+00:00,obs-20261007-01,LIGHT,AVAXUSDT,1.0,11.029,11.03,11.029499999999999,0.9067005168184039,10520225425,11.029,11.03,337,113,936831.7471599999,492375.8563499998,875336.8922400001,496002.9731900004,33423.64413000001,20852.87018,238125.55514999997,86198.27517999998,377451.05137000006,137854.23523999998,479521.7888700001,150815.04218,579843.7752200003,170962.93732000003
2026-10-07T22:24:27.007562+00:00,obs-20261007-01,LIGHT,FILUSDT,1.0,1.0454,1.0455,1.0454500000000002,0.9565716472170749,9895496922,1.0454,1.0455,302,27,316223.68475400016,196417.99895900005,311379.2548250001,194697.695792,753.0098899999998,1440.598231,103854.839252,93121.575514,176219.93373800005,142605.63210299995,290419.1311340001,182205.79675699992,359886.8659400002,212339.07879899998
2026-10-07T22:24:27.007562+00:00,obs-20261007-01,LIGHT,ALGOUSDT,1.0,0.1181,0.1182,0.11815,8.467400508043177,5664482417,0.1181,0.1182,145,6,79263.02590000001,47339.453100000006,72499.63140000001,48592.812300000005,0.0,119.80409999999998,56137.1908,25203.294200000004,127130.9279,70319.1544,165745.82379999998,102394.3895,207148.51399999994,115200.2867
2026-10-07T22:24:27.007562+00:00,obs-20261007-01,LIGHT,XRPUSDT,1.0,1.417,1.4171,1.4170500000000001,0.70571630204741,26677940466,1.417,1.4171,434,50,3001017.6223400016,3132469.5824300023,2848463.725620002,3131886.523039999,24232.917139999998,34544.99165,1226485.64651,983142.8700400002,1786497.5072200003,1385886.7634100006,2598843.1308700005,2056953.18087,4240856.68748,2181828.681370001
2026-10-07T22:24:27.007562+00:00,obs-20261007-01,LIGHT,HBARUSDT,1.0,0.09255,0.09256,0.092555,1.0804970286337756,8393189191,0.09255,0.09256,158,10,298265.98652999994,102450.59511000001,270560.45709999994,117386.55433,0.0,2194.5970100000004,147291.38873,112523.27537000002,247659.22348999997,220631.03667,452061.4497200001,365545.42751,927302.3839600001,731819.7680300002
2026-10-07T22:25:27.026239+00:00,obs-20261007-01,LIGHT,PEPEUSDT,1.0,4.08e-06,4.09e-06,4.085e-06,24.50980392156854,8827987884,4.08e-06,4.09e-06,170,15,136848.89455605,438135.26323020994,95796.49857807999,424248.49286796,0.0,3638.094554389999,97017.80886984,142246.20742788998,277004.68270452,286054.85759678995,589396.82575989,574159.6787252199,1015218.7193964202,1217410.18364932
2026-10-07T22:25:27.026239+00:00,obs-20261007-01,LIGHT,BNBUSDT,1.0,770.68,770.69,770.685,0.12975554056327,20910100612,770.68,770.69,290,54,2641796.2767899996,1853417.7204799997,2721507.7561000003,1812582.2128199984,4337.675659999999,1033.3918899999999,862461.4379299998,958494.6412899999,1523173.6224700005,2460892.883699999,3425167.718439999,4453962.286859997,5577997.213020005,5763518.521079995
2026-10-07T22:25:27.026239+00:00,obs-20261007-01,LIGHT,AAVEUSDT,1.0,173.07,173.08,173.075,0.5778008898138509,10439644768,173.07,173.08,322,63,1475911.2452299998,358968.1786900001,1467220.8526800005,354041.10587000026,1620.5873200000003,12845.293249999999,119407.32693999994,94112.38226000001,192663.09582999992,137857.05998999998,324704.5279099999,189523.2227099999,863499.93056,220523.6998999998
2026-10-07T22:25:27.026239+00:00,obs-20261007-01,LIGHT,AVAXUSDT,1.0,11.032,11.033,11.032499999999999,0.9064539521386195,10520229112,11.032,11.033,349,102,1034479.4416800003,530961.7151900001,1074732.87648,504717.5820899999,7636.204240000003,14539.469089999999,193844.34950999997,99151.84805999999,350833.30984999996,156577.32292000004,437692.70633,177121.78618000008,541840.3224100001,197415.4180100001
2026-10-07T22:25:27.026239+00:00,obs-20261007-01,LIGHT,FILUSDT,1.0,1.0453,1.0454,1.04535,0.9566631589041918,9895498399,1.0453,1.0454,236,26,219630.19267600004,145056.07027899998,221513.9103769999,125180.74720200004,686.7582400000002,2526.656458,107595.534108,98820.53430100002,195985.991903,148936.39253900002,288542.91645799996,202076.11486799998,353896.489764,235919.13513700006
2026-10-07T22:25:27.026239+00:00,obs-20261007-01,LIGHT,ALGOUSDT,1.0,0.1182,0.1183,0.11825,8.460236886633776,5664483392,0.1182,0.1183,166,19,56206.49460000001,24771.134400000003,58765.84400000001,18688.790600000008,19.8576,319.5481000000001,38341.0038,42675.894499999995,109675.77049999998,79898.97329999998,160321.26139999996,109196.11829999999,197439.23669999998,121672.98689999999
2026-10-07T22:25:27.026239+00:00,obs-20261007-01,LIGHT,XRPUSDT,1.0,1.4178,1.4179,1.41785,0.7053180984617491,26677944386,1.4178,1.4179,444,39,2191658.368559999,1943371.7852399992,2247497.8808499994,1942816.3698800004,6133.46922,14043.163079999997,1275221.41583,964928.26333,1846688.5091700011,1226336.7869799999,2536638.2995800017,2061107.3321499994,4155518.217230003,2186745.0083100004
2026-10-07T22:25:27.026239+00:00,obs-20261007-01,LIGHT,HBARUSDT,1.0,0.09259,0.0926,0.09259500000000001,1.0800302408453533,8393190432,0.09259,0.0926,169,18,830189.2273300001,193928.04021000004,823351.6783,207600.59592000008,1714.0372799999998,1783.09772,146900.59801000002,113051.90705000001,272820.72884000005,167836.04656999998,448827.08187000005,352900.51388,929930.9702699999,718232.481
2026-10-07T22:26:27.026699+00:00,obs-20261007-01,LIGHT,PEPEUSDT,1.0,4.08e-06,4.09e-06,4.085e-06,24.50980392156854,8827988290,4.08e-06,4.09e-06,146,12,188455.24430567003,257626.71920184998,206061.53045016003,260352.87397876996,567.74896056,1141.95972204,95260.44586368,143239.13363584998,264518.89185944,283481.74340564996,571790.5396154,571433.5239482999,994247.2638348502,1214773.4620588
2026-10-07T22:26:27.026699+00:00,obs-20261007-01,LIGHT,BNBUSDT,1.0,770.55,770.56,770.555,0.12977743170550227,20910102051,770.55,770.56,236,57,520742.13852000015,1355498.49892,555324.0901399998,1346125.1400200003,12571.243020000004,1134.27043,805516.0582099998,1000322.0938299999,1496017.2665099998,2384771.4912199997,3391309.768509999,4460111.937569998,5544075.428490005,5728350.928239995
2026-10-07T22:26:27.026699+00:00,obs-20261007-01,LIGHT,AAVEUSDT,1.0,172.95,172.96,172.95499999999998,0.5782017924271798,10439646322,172.95,172.96,194,29,403961.93637999997,396055.7873100001,410160.46248000005,375198.94847999985,1389.2584699999998,1747.1400199999998,119981.36073,102693.11231,245163.03029999998,157854.95276999997,327208.05489999993,210114.42514999985,861596.6397900002,241348.84770999977
2026-10-07T22:26:27.026699+00:00,obs-20261007-01,LIGHT,AVAXUSDT,1.0,11.026,11.027,11.026499999999999,0.9069472156708613,10520231745,11.026,11.027,277,62,635032.3304600002,357429.0542699998,641146.19289,356074.91109999997,4229.706529999998,8716.03878,221324.62226000003,96301.85451999998,356487.29297,157246.06684999997,435134.2915800001,178014.51996999994,543524.44159,198583.62831999996
2026-10-07T22:26:27.026699+00:00,obs-20261007-01,LIGHT,FILUSDT,1.0,1.0459,1.046,1.04595,0.9561143512759607,9895499574,1.0459,1.046,208,27,283331.232716,71929.49207399998,258749.55798900008,85395.40054300003,435.1666109999999,2599.21017,108059.97409100003,102413.94492,180156.81519300002,143443.48463100003,311386.837789,192960.02011200006,374412.40499300015,222506.7049830001
2026-10-07T22:26:27.026699+00:00,obs-20261007-01,LIGHT,ALGOUSDT,1.0,0.1183,0.1184,0.11835000000000001,8.453085376163294,5664485122,0.1183,0.1184,203,18,148871.99280000015,64253.09060000002,134387.20990000002,75819.8921,1147.0124,6850.702500000003,39362.7779,28658.9502,107274.8332,66763.38470000001,163992.3277,98038.6741,211837.90920000002,116471.1542
2026-10-07T22:26:27.026699+00:00,obs-20261007-01,LIGHT,XRPUSDT,1.0,1.4179,1.418,1.4179499999999998,0.7052683546082683,26677946618,1.4179,1.418,390,51,938066.6361199998,701931.5485599997,954287.7562299998,685816.6090900003,1249.9308699999997,25454.679000000004,1225733.38791,979140.00249,1710250.385570001,1242556.2511699998,2520302.7779200017,2077854.4026499991,4125791.458390003,2203397.05005
2026-10-07T22:26:27.026699+00:00,obs-20261007-01,LIGHT,HBARUSDT,1.0,0.09259,0.0926,0.09259500000000001,1.0800302408453533,8393191118,0.09259,0.0926,130,13,123359.76198000001,197946.49231000003,124345.72290999997,196918.59213000003,25.55424,1480.77833,146599.44568,120159.02996,271844.82765,213138.78690999997,447841.12094000005,353928.4140599999,928945.00934,719260.38118
2026-10-07T22:27:27.027477+00:00,obs-20261007-01,LIGHT,PEPEUSDT,1.0,4.08e-06,4.09e-06,4.085e-06,24.50980392156854,8827988608,4.08e-06,4.09e-06,126,10,33264.17259868,221102.19902615985,26433.527552450003,219558.39157189988,79.43317728,1353.9955102299998,93527.2897464,144945.36005242,263877.6455253,285187.35256311996,578621.18466163,572977.33140256,995673.45063994,1216480.8838117402
2026-10-07T22:27:27.027477+00:00,obs-20261007-01,LIGHT,BNBUSDT,1.0,770.43,770.44,770.435,0.12979764547171868,20910104268,770.43,770.44,276,69,770490.99499,1219206.6719,785268.5186000004,1082156.0964200003,6719.020589999999,7361.38712,796334.1304199995,1036310.07085,1486769.0956299992,2518360.3069199994,3377391.1274799984,4595960.178699997,5537630.918480004,5864422.582369993
2026-10-07T22:27:27.027477+00:00,obs-20261007-01,LIGHT,AAVEUSDT,1.0,172.9,172.91,172.905,0.5783689994220964,10439647087,172.9,172.91,177,15,422296.2011300001,92129.13522999994,417705.46319999994,99609.2544,602.46702,784.10996,128332.93359999997,96783.68355999998,251133.44808000003,146840.97515999997,335999.62759999995,189465.1328399999,855900.06287,233743.13173999978
2026-10-07T22:27:27.027477+00:00,obs-20261007-01,LIGHT,AVAXUSDT,1.0,11.014,11.015,11.0145,0.9079353550034419,10520235416,11.014,11.015,312,141,972922.62397,524805.0156999999,1013156.73891,534939.4308400002,47640.86575999999,15204.593080000004,241069.31382,91242.59328,365423.87594,137916.48223,397018.7922500002,165397.78108999997,531841.7098399998,187389.66444999998
2026-10-07T22:27:27.027477+00:00,obs-20261007-01,LIGHT,FILUSDT,1.0,1.0453,1.0454,1.04535,0.9566631589041918,9895500843,1.0453,1.0454,213,22,245669.60491599998,94800.16990900002,265291.17151300004,88372.927979,2049.541827,2147.082716,89832.14856100001,89539.11715399999,178038.687693,141889.859208,293503.02458800003,195029.8662489999,358762.74693900003,228885.58453999995
2026-10-07T22:27:27.027477+00:00,obs-20261007-01,LIGHT,ALGOUSDT,1.0,0.1183,0.1184,0.11835000000000001,8.453085376163294,5664485706,0.1183,0.1184,110,2,75863.3066,16203.975900000001,83520.89310000002,11784.0734,0.0,20.0096,48558.5218,35320.4776,111773.72520000002,72271.8295,156334.74120000002,102458.57660000001,204180.11290000004,120890.96380000001
2026-10-07T22:27:27.027477+00:00,obs-20261007-01,LIGHT,XRPUSDT,1.0,1.4179,1.418,1.4179499999999998,0.7052683546082683,26677948328,1.4179,1.418,372,34,776299.8319099998,742175.9160799999,854994.6255199998,880587.9909000003,17356.38747,15283.26455,1182988.53532,952220.6186500002,1626656.5009700004,1215829.7108500001,2441607.98431,1939947.2510299995,4155805.258690001,2177960.1000300003
2026-10-07T22:27:27.027477+00:00,obs-20261007-01,LIGHT,HBARUSDT,1.0,0.09252,0.09253,0.092525,1.080847384349326,8393191993,0.09252,0.09253,125,11,126712.89795999994,312647.988,149764.25114999997,282920.41771,3026.21637,51.101659999999995,156179.43975999998,127186.32959,268995.73515,234978.66783000002,435030.05633,381610.9447599999,906063.8740099998,748888.3339900001
2026-10-07T22:28:27.086701+00:00,obs-20261007-01,LIGHT,PEPEUSDT,1.0,4.08e-06,4.09e-06,4.085e-06,24.50980392156854,8827988846,4.08e-06,4.09e-06,103,12,53315.67890062999,270619.7321873,53271.70327158,271623.68694911996,65.675148,757.17533596,116351.76753047999,121753.77068809999,264482.39354704,283579.27399129997,578665.16029068,571973.37664074,995724.88766282,1215476.92904992
2026-10-07T22:28:27.086701+00:00,obs-20261007-01,LIGHT,BNBUSDT,1.0,770.44,770.45,770.445,0.1297959607504673,20910105941,770.44,770.45,250,41,565236.8951,642459.3731500001,545249.75602,729505.31837,8098.019190000001,9806.948800000002,817953.8765999997,940763.9177500003,1502287.3397299997,2432012.18907,3397345.4687399995,4508943.802799997,5551344.698740003,5777433.912039993
2026-10-07T22:28:27.086701+00:00,obs-20261007-01,LIGHT,AAVEUSDT,1.0,172.98,172.99,172.985,0.5781015146277824,10439647643,172.98,172.99,131,12,439680.3917299998,63467.33441999999,429670.8041299999,71226.59210999998,17.290000000000003,1553.55148,131903.63232999996,95602.65231,239030.56834000003,144125.11606999996,339361.18989,194875.04828999986,864202.3345700001,226156.15384999977
2026-10-07T22:28:27.086701+00:00,obs-20261007-01,LIGHT,AVAXUSDT,1.0,11.022,11.023,11.0225,0.9072763563766628,10520237857,11.022,11.023,252,153,578361.6429200004,413880.2389200001,530160.9338800003,417410.2349300001,5152.978450000002,9729.725729999998,261451.89636999994,75376.50293999999,383777.78279999987,136379.64974,444723.04025,163046.23377999995,550524.9804300001,183898.03006999998
2026-10-07T22:28:27.086701+00:00,obs-20261007-01,LIGHT,FILUSDT,1.0,1.0457,1.0458,1.04575,0.9562972171739403,9895501543,1.0457,1.0458,196,11,148616.05140799997,31994.66756700001,130402.27940599997,40027.804208999994,591.680466,257.06473800000003,92776.57370800001,88484.460081,179011.03633499998,141520.513742,309991.602107,191216.03434199997,376241.148009,220871.70002800002
2026-10-07T22:28:27.086701+00:00,obs-20261007-01,LIGHT,ALGOUSDT,1.0,0.1183,0.1184,0.11835000000000001,8.453085376163294,5664486551,0.1183,0.1184,142,2,102549.79390000005,23278.8148,92614.2777,25730.611,671.1159,0.0,40328.182400000005,34470.5573,121485.32960000001,71710.82500000001,166270.2574,100006.78040000002,214115.83890000003,118439.19450000003
2026-10-07T22:28:27.086701+00:00,obs-20261007-01,LIGHT,XRPUSDT,1.0,1.4186,1.4187,1.41865,0.7049203440012697,26677950931,1.4186,1.4187,399,42,2046299.7157900005,1873361.2297899993,1853088.0096000002,1725036.7041100007,21513.661549999997,13600.33089,1166941.2863299996,1073702.8454499997,1705275.5589699997,1544097.29868,2610305.34686,2090247.430859999,4120110.3858500007,2240214.7174199997
2026-10-07T22:28:27.086701+00:00,obs-20261007-01,LIGHT,HBARUSDT,1.0,0.09253,0.09254,0.092535,1.0807305738680384,8393192567,0.09253,0.09254,106,11,288863.70080999995,172478.73654999997,289132.9728,175207.55661,580.55783,1750.75716,153190.43528,125950.68942000001,252775.2719799999,233475.98046000002,434642.34553999995,378882.1247,905786.1027499998,746159.51393
2026-10-07T22:29:27.088421+00:00,obs-20261007-01,LIGHT,PEPEUSDT,1.0,4.08e-06,4.09e-06,4.085e-06,24.50980392156854,8827989061,4.08e-06,4.09e-06,73,10,26678.42858678,210692.13480676,48048.25931942999,309785.9180762799,0.0,7901.6196715000015,95415.48834024,139231.9538659,265161.71077537,268417.4678691,557295.32955803,472879.59337122,903098.56207409,1047104.8829561201
2026-10-07T22:29:27.088421+00:00,obs-20261007-01,LIGHT,BNBUSDT,1.0,770.4,770.41,770.405,0.12980269989526505,20910107668,770.4,770.41,240,39,641524.1438200001,947603.98888,663815.5050500002,895187.4529700001,1359.9146000000003,1616.47897,915755.1562999998,967919.8385800001,1485523.1334099998,2488366.632779999,3375231.8216599985,4560964.270559996,5770882.847340001,5829400.656409992
2026-10-07T22:29:27.088421+00:00,obs-20261007-01,LIGHT,AAVEUSDT,1.0,172.97,172.98,172.975,0.5781349366928978,10439648828,172.97,172.98,157,29,739487.68057,285446.78890999994,745570.3889700001,283649.16526,345.29224,6399.90186,126836.47783999998,89729.33137,231745.50430000003,139166.57719999997,333278.48148999986,196672.67193999985,854026.4729999999,227953.77749999976
2026-10-07T22:29:27.088421+00:00,obs-20261007-01,LIGHT,AVAXUSDT,1.0,11.033,11.034,11.0335,0.9063717937118909,10520242504,11.033,11.034,347,185,1312769.9839099993,586903.5421099999,1330667.5853799998,551131.5659,19240.253169999996,15430.759960000001,178547.6777,128685.79283999997,311259.51282,181565.8851299999,421601.41225,199806.84060999993,525656.0860599998,219946.97058999998
2026-10-07T22:29:27.088421+00:00,obs-20261007-01,LIGHT,FILUSDT,1.0,1.0456,1.0457,1.0456500000000002,0.9563886763586105,9895503039,1.0456,1.0457,219,28,234022.80553299995,123972.81098500002,277633.368511,115349.05491299999,3295.303171,2709.2834239999997,78789.37381100001,93084.05483300002,168091.07446600002,147017.47449899997,267897.8141690001,199814.8513809999,335007.404617,227478.77875099992
2026-10-07T22:29:27.088421+00:00,obs-20261007-01,LIGHT,ALGOUSDT,1.0,0.1183,0.1184,0.11835000000000001,8.453085376163294,5664486991,0.1183,0.1184,108,3,62329.11730000003,3149.3202,73673.11750000004,9347.036799999998,0.0,120.176,40620.692599999995,31986.619599999998,110907.26599999999,65260.949799999995,154926.25720000002,93809.06379999999,202771.83870000005,112241.45099999999
2026-10-07T22:29:27.088421+00:00,obs-20261007-01,LIGHT,XRPUSDT,1.0,1.4183,1.4184,1.41835,0.7050694493426768,26677953990,1.4183,1.4184,392,60,1241771.9069700006,2015969.7160800016,1543237.5341,1685632.9879499997,77237.22449000002,4218.499099999999,1000891.4801800001,1216607.87822,1541573.5541599994,1459468.1183100005,2312864.8707099995,2421518.48522,3928490.59748,2550346.0383900004
2026-10-07T22:29:27.088421+00:00,obs-20261007-01,LIGHT,HBARUSDT,1.0,0.09258,0.09259,0.092585,1.0801468999788177,8393194191,0.09258,0.09259,184,46,457618.9927600003,297863.97291,446864.82084,318983.82906,1427.6797000000001,4199.557669999999,154171.35009000002,115346.35612,259457.58867000006,215156.9514699999,444698.69058000017,359807.3081399999,916282.5723600001,725104.23802
2026-10-07T22:30:27.166606+00:00,obs-20261007-01,LIGHT,PEPEUSDT,1.0,4.08e-06,4.09e-06,4.085e-06,24.50980392156854,8827989340,4.08e-06,4.09e-06,88,13,141065.95114406003,167427.36451353997,141045.92791785,164595.19118207003,403.8791592,624.62128669,94949.75380248,125671.01790614,264814.36461332,271412.46344143996,557315.35278424,475711.7667026899,903037.7251890401,1049956.40794381
2026-10-07T22:30:27.166606+00:00,obs-20261007-01,LIGHT,BNBUSDT,1.0,770.38,770.39,770.385,0.1298060697307868,20910108732,770.38,770.39,231,16,598243.3821899999,973696.9036999999,585106.76712,986901.2218,358.23293,531.5779,963507.6657699998,938096.1583599999,1512687.64018,2473706.8500899994,3389070.120649999,4547677.473859997,5781078.21958,5816848.098499992
2026-10-07T22:30:27.166606+00:00,obs-20261007-01,LIGHT,AAVEUSDT,1.0,172.82,172.83,172.825,0.5786367318605379,10439651090,172.82,172.83,299,41,1067014.5859300003,311065.37693999993,1075728.5503399996,259665.33495,2129.2800700000003,2366.46886,111335.57791999998,132122.84195000003,256129.78071999998,183878.41893000013,333391.5464799999,233188.31222,860442.6336,277624.29435000004
2026-10-07T22:30:27.166606+00:00,obs-20261007-01,LIGHT,AVAXUSDT,1.0,11.051,11.052,11.0515,0.9048954845702895,10520247152,11.051,11.052,317,194,1232489.7082700008,526352.6833500002,1164146.72207,520730.4638000001,36554.64456000002,39628.39506000002,215814.22554999997,135220.92919999998,357945.0199,192736.29153,488114.73563,218104.30810000005,594478.8055900002,226744.10138000018
2026-10-07T22:30:27.166606+00:00,obs-20261007-01,LIGHT,FILUSDT,1.0,1.0462,1.0463,1.0462500000000001,0.9558401835207953,9895504676,1.0462,1.0463,234,47,196112.91309599995,101195.75214500002,164942.85607399998,119740.00208399995,2437.64635,1369.1301099999998,82906.320617,85321.307706,173566.89490500005,138370.87782300002,294021.353482,181493.71960599997,358507.707128,209460.71899499997
2026-10-07T22:30:27.166606+00:00,obs-20261007-01,LIGHT,ALGOUSDT,1.0,0.1183,0.1184,0.11835000000000001,8.453085376163294,5664487521,0.1183,0.1184,100,1,36604.278499999986,14420.9378,36229.8319,6374.3675,0.0,7.104,41178.3229,36747.600399999996,111195.9196,73410.3232,155300.70380000002,101855.63409999998,203146.07550000004,120288.02129999998
2026-10-07T22:30:27.166606+00:00,obs-20261007-01,LIGHT,XRPUSDT,1.0,1.4178,1.4179,1.41785,0.7053180984617491,26677956889,1.4178,1.4179,401,59,1542861.4225199993,1320397.07419,1606347.1410300005,1327029.5378000003,49235.32113,74963.22085999999,1087414.0902,1098443.8168799998,1498346.1247200002,1444831.7495299997,2269977.41159,2414862.051929999,3869865.936790001,2542526.6753599993
2026-10-07T22:30:27.166606+00:00,obs-20261007-01,LIGHT,HBARUSDT,1.0,0.09259,0.0926,0.09259500000000001,1.0800302408453533,8393195330,0.09259,0.0926,161,12,120501.16285999995,217627.92875000005,107862.98567000002,217237.91488,0.0,1868.0913,161683.3615,122537.13455999999,271635.45199,215331.89938999995,447912.84487000015,360197.32200999995,928816.8157100001,725529.28913
2026-10-07T22:31:27.239825+00:00,obs-20261007-01,LIGHT,PEPEUSDT,1.0,4.08e-06,4.09e-06,4.085e-06,24.50980392156854,8827989517,4.08e-06,4.09e-06,122,13,147641.10266537993,16536.68054388,146979.10329821004,13808.815602660005,76.20001392,1115.75861762,94823.32082856,128398.90744735999,265456.84965762,274140.32838265994,557977.3521514101,478439.63164390996,895826.7334212902,1052682.8843365302
2026-10-07T22:31:27.239825+00:00,obs-20261007-01,LIGHT,BNBUSDT,1.0,770.31,770.32,770.315,0.1298178655351201,20910109727,770.31,770.32,197,70,248663.41817,792606.6254900002,247168.78893999994,822450.64925,24604.69406,6410.698170000002,933986.39276,879017.1270599995,1515189.5528,2445052.7610199996,3390914.0494399993,4517598.479009998,5782644.56638,5785895.493429992
2026-10-07T22:31:27.239825+00:00,obs-20261007-01,LIGHT,AAVEUSDT,1.0,172.79,172.8,172.79500000000002,0.5787371954402154,10439652520,172.79,172.8,248,117,283698.31098999997,215926.27346,288870.86525000003,242561.97656999988,1574.6561900000002,8380.179170000001,127797.62583000003,104692.85563000002,260088.98280000003,152054.4857000001,330053.82217999996,204867.96179000003,855124.1698800001,248418.09559999994
2026-10-07T22:31:27.239825+00:00,obs-20261007-01,LIGHT,AVAXUSDT,1.0,11.047,11.048,11.0475,0.9052231375039632,10520251469,11.047,11.048,313,109,1501106.8129499988,525788.1275300005,1534714.6298599998,521503.32719000033,30764.71443000001,17886.29065,207995.49876000005,129528.95716,353695.7410600001,195755.65885999997,454797.36665,209794.98304000002,562243.6393200002,230481.19355000017
2026-10-07T22:31:27.239825+00:00,obs-20261007-01,LIGHT,FILUSDT,1.0,1.0464,1.0465,1.04645,0.9556574923541561,9895506031,1.0464,1.0465,214,52,194891.27547600004,101769.09141599997,183285.06068099992,97190.054882,2391.767008,2695.32749,92918.629507,92199.71745799998,176490.24121100004,142548.84497199996,305615.0240149999,189649.41095600004,369611.3299999999,214044.80370600004
2026-10-07T22:31:27.239825+00:00,obs-20261007-01,LIGHT,ALGOUSDT,1.0,0.1183,0.1184,0.11835000000000001,8.453085376163294,5664487831,0.1183,0.1184,87,2,30503.1135,6307.535400000001,40578.168600000005,6727.121200000001,25.1979,0.0,34270.010800000004,34164.1633,100979.58880000001,72990.9378,145225.64870000002,101436.0483,193071.02040000004,119868.43549999999
2026-10-07T22:31:27.239825+00:00,obs-20261007-01,LIGHT,XRPUSDT,1.0,1.4179,1.418,1.4179499999999998,0.7052683546082683,26677959156,1.4179,1.418,362,43,1546174.8758400003,981927.7300299995,1414802.2343000004,1097712.5019399999,3085.2409700000003,51928.18329999999,1180304.7626,991419.9490300001,1489944.25708,1334035.6908000002,2401235.6515800003,2300214.2242099997,4000403.498810001,2427783.7835999997
2026-10-07T22:31:27.239825+00:00,obs-20261007-01,LIGHT,HBARUSDT,1.0,0.09259,0.0926,0.09259500000000001,1.0800302408453533,8393195547,0.09259,0.0926,68,0,12808.79176,82222.58388000002,14014.44642,82902.20300000002,0.0,0.0,159827.95286000002,122257.17905000002,270429.7973299999,214773.94789,446707.19021000003,359517.70289,927611.16105,724849.6700100001
2026-10-07T22:32:27.273508+00:00,obs-20261007-01,LIGHT,PEPEUSDT,1.0,4.08e-06,4.09e-06,4.085e-06,24.50980392156854,8827989805,4.08e-06,4.09e-06,131,11,85933.31095790003,335785.52683903987,73230.70066596003,316268.19248308,1.5096,2269.31156736,145931.2068528,12982.131953279999,279512.6157621,202997.86267488,570679.96244335,497956.96599987,915634.68134275,1181776.1001985401
2026-10-07T22:32:27.273508+00:00,obs-20261007-01,LIGHT,BNBUSDT,1.0,770.64,770.65,770.645,0.12976227551142472,20910111588,770.64,770.65,279,66,1002323.1253300004,1095727.6579399994,910755.1590599997,1169509.0838899997,612.5872499999999,19142.044949999992,889013.4251999998,995496.9619100001,1593394.7398600006,2356238.6426799996,3479932.1197399995,4448597.0074799955,5631342.829540001,5752295.129139993
2026-10-07T22:32:27.273508+00:00,obs-20261007-01,LIGHT,AAVEUSDT,1.0,172.99,173.0,172.995,0.5780680964218021,10439654234,172.99,173.0,258,36,613858.4129999997,247277.22191,548742.0181299997,276970.16481,2891.4001499999995,2344.967039999999,154033.83979999996,84004.86481000003,255837.52229999998,136697.12904,382959.1638099998,188563.64401999995,916323.2447199997,217851.25777999987
2026-10-07T22:32:27.273508+00:00,obs-20261007-01,LIGHT,AVAXUSDT,1.0,11.068,11.069,11.0685,0.9035056017347998,10520254605,11.068,11.069,288,79,1385784.6016700002,510299.9273300004,1358732.9912199997,517827.2216300001,4746.612750000002,14526.155510000008,157002.32587,135630.67654000001,295023.41747000004,190071.25586000003,480159.28494000004,216539.6515700001,572215.7387700004,224068.9063500003
2026-10-07T22:32:27.273508+00:00,obs-20261007-01,LIGHT,FILUSDT,1.0,1.0475,1.0476,1.0475500000000002,0.9546539379479135,9895507630,1.0475,1.0476,255,24,232507.66675799992,131209.56245500006,218490.23079899992,155506.56390200005,5.252928,2989.2478329999994,113445.83197099999,72219.29838600001,176411.600991,121719.11591399998,315598.71503900003,170068.64933599986,374260.812928,199982.4782349999
2026-10-07T22:32:27.273508+00:00,obs-20261007-01,LIGHT,ALGOUSDT,1.0,0.1185,0.1186,0.11854999999999999,8.438818565401629,5664488798,0.1185,0.1186,155,16,111361.21450000007,54770.0876,85920.97459999999,65994.94399999999,103.1576,2885.1118,28435.918100000003,33649.9162,74706.24250000001,67026.1791,157929.39290000004,96856.4896,201367.16220000005,109010.9628
2026-10-07T22:32:27.273508+00:00,obs-20261007-01,LIGHT,XRPUSDT,1.0,1.4191,1.4192,1.4191500000000001,0.7046719751957475,26677963435,1.4191,1.4192,428,67,3445357.0843399987,2005866.5137900002,3199576.708559997,2337058.1399600003,4549.797370000002,67463.49261999999,1259428.55821,784927.90958,1872523.2636199996,1143362.0657900001,2620793.6152899996,1973794.6559799996,4122953.005010001,2138523.06639
2026-10-07T22:32:27.273508+00:00,obs-20261007-01,LIGHT,HBARUSDT,1.0,0.09269,0.0927,0.092695,1.0788650339854655,8393197061,0.09269,0.0927,176,29,484774.3687099997,284381.2456499999,455157.86787,315977.45625999995,3151.5705799999996,4341.30011,161445.32770999998,113359.77162000001,294033.87507000007,188626.78482000003,470025.8987000001,339329.79354,954799.14939,694159.7947000001
2026-10-07T22:33:27.279112+00:00,obs-20261007-01,LIGHT,PEPEUSDT,1.0,4.08e-06,4.09e-06,4.085e-06,24.50980392156854,8827990640,4.08e-06,4.09e-06,144,23,343963.92930828,350920.67520658,349634.37535923003,277438.00154848996,3958.6254888499993,10948.832237449999,129128.75054112,97187.43322717,283262.7079007,263626.90823357,537287.4304943499,560915.05786226,883697.2667973699,1230770.20010802
2026-10-07T22:33:27.279112+00:00,obs-20261007-01,LIGHT,BNBUSDT,1.0,770.65,770.66,770.655,0.12976059170721754,20910115012,770.65,770.66,279,81,2314272.4723199992,3038992.413889999,2410887.3469100003,2981091.7164999987,20957.983350000002,35705.41202999999,849001.8815000001,974290.1272499999,1530617.076080001,2472611.488089999,3383332.506750001,4506511.715349997,5762434.625420003,5809910.625299996
2026-10-07T22:33:27.279112+00:00,obs-20261007-01,LIGHT,AAVEUSDT,1.0,172.83,172.84,172.835,0.5786032517507422,10439655981,172.83,172.84,261,29,987366.05836,298369.93184999994,1070979.4516099999,288628.09090000007,1634.6217100000001,1423.9768199999999,88300.49686000001,78284.84135000002,235805.14760999999,127558.67497999998,303581.56941999996,183015.89237,833197.71885,226905.5498699999
2026-10-07T22:33:27.279112+00:00,obs-20261007-01,LIGHT,AVAXUSDT,1.0,11.055,11.056,11.055499999999999,0.9045680687469471,10520257135,11.055,11.056,305,68,1419368.6251800004,423520.7004800002,1463504.6676999996,408122.3263300001,2007.12327,1205.7977899999998,217266.50834,135198.64772,344625.09606,202484.17905000006,439473.39230999985,229244.1346800001,535635.6239699996,237415.80399000025
2026-10-07T22:33:27.279112+00:00,obs-20261007-01,LIGHT,FILUSDT,1.0,1.0466,1.0467,1.04665,0.9554748710116634,9895510244,1.0466,1.0467,301,66,325582.70781,250442.1792840001,381540.5027399999,209450.03467900006,5170.301291000001,3696.173289,84846.80672400001,91665.765584,164544.25465600003,130215.53820999998,263463.012139,210536.88285300002,327615.60998099996,242530.65470799996
2026-10-07T22:33:27.279112+00:00,obs-20261007-01,LIGHT,ALGOUSDT,1.0,0.1184,0.1185,0.11845,8.445945945945166,5664489719,0.1184,0.1185,161,1,83520.23679999997,17693.1103,104262.41370000002,12283.7224,186.993,0.0,40289.7984,24114.6311,100110.6472,65476.9364,145067.19540000003,102023.96380000001,179945.71710000004,114377.98050000002
2026-10-07T22:33:27.279112+00:00,obs-20261007-01,LIGHT,XRPUSDT,1.0,1.4189,1.419,1.4189500000000002,0.7047713017116486,26677965839,1.4189,1.419,377,35,1477382.1018700013,1099996.5362899993,1881429.7160700015,1029095.2629599993,1904.1672,22149.696669999998,1094570.06716,977517.02193,1596464.12012,1350780.9750700002,2243864.5453899996,2044615.5573,3735677.48218,2205239.8537499993
2026-10-07T22:33:27.279112+00:00,obs-20261007-01,LIGHT,HBARUSDT,1.0,0.09266,0.09267,0.092665,1.079214331964895,8393198302,0.09266,0.09267,169,18,397035.6045699998,505419.95327999967,415981.08471,484886.6456599998,2070.67625,2878.11669,148028.21452,115840.23432999999,275920.81766999996,206430.70610999994,447391.07125,359832.8663699999,931437.98508,714694.8968
2026-10-07T22:34:27.279267+00:00,obs-20261007-01,LIGHT,PEPEUSDT,1.0,4.08e-06,4.09e-06,4.085e-06,24.50980392156854,8827990850,4.08e-06,4.09e-06,85,11,169364.22258267002,209814.83764167,143528.02200683998,236523.2591624,0.0,884.6759325599999,130262.84536248,45465.9726048,283480.57730943,236756.9002791,563123.63107018,534206.63634153,908684.95375996,1194567.82201361
2026-10-07T22:34:27.279267+00:00,obs-20261007-01,LIGHT,BNBUSDT,1.0,770.42,770.43,770.425,0.12979933023515855,20910117097,770.42,770.43,312,42,1843761.092980001,1487625.98426,1876939.41722,1414286.8918300003,4946.38457,976.9102800000001,890390.6510600003,1040353.4474600002,1508419.98349,2498452.52954,3351514.28219,4575405.417369999,5737247.160530006,5837256.447109995
2026-10-07T22:34:27.279267+00:00,obs-20261007-01,LIGHT,AAVEUSDT,1.0,172.72,172.73,172.725,0.5789717461790467,10439658448,172.72,172.73,313,47,1245804.8459899991,475713.01362999954,1244762.2898199998,496715.26963,6739.26189,2132.70214,135291.39219,60423.49232000001,223783.29614000005,106376.48097000002,312878.2574100001,159482.17500000002,835729.3884800001,205914.08426999996
2026-10-07T22:34:27.279267+00:00,obs-20261007-01,LIGHT,AVAXUSDT,1.0,11.06,11.061,11.060500000000001,0.9041591320069209,10520261271,11.06,11.061,338,119,1361552.2431200005,542689.6754799999,1348002.2209399997,558859.9770999998,14638.12600999999,21088.578849999994,191750.16595999998,127662.92087999999,319568.30937000003,188455.51193999997,450277.2622699999,213192.76836999998,550419.4566800001,222147.92013000016
2026-10-07T22:34:27.279267+00:00,obs-20261007-01,LIGHT,FILUSDT,1.0,1.0458,1.0459,1.0458500000000002,0.9562057754819442,9895511855,1.0458,1.0459,226,25,181546.16144899992,147511.17336499994,175999.92299799997,126426.91036200002,2634.021192,286.430061,88889.606767,86603.58042900001,186982.969727,146223.90921299998,272597.6745070001,227799.50863199995,342006.27603899996,263141.58110899985
2026-10-07T22:34:27.279267+00:00,obs-20261007-01,LIGHT,ALGOUSDT,1.0,0.1184,0.1185,0.11845,8.445945945945166,5664490636,0.1184,0.1185,165,0,133775.65089999995,23421.555700000004,107772.24280000002,21314.334,0.0,0.0,47754.9732,29853.8955,116069.69840000001,70781.1004,171070.6035,104131.18549999999,205949.1252,116418.0238
2026-10-07T22:34:27.279267+00:00,obs-20261007-01,LIGHT,XRPUSDT,1.0,1.4186,1.4187,1.41865,0.7049203440012697,26677968915,1.4186,1.4187,427,56,2754151.9850899987,1726587.0266500004,2522019.7567199985,1611533.0115299998,14569.418149999998,59498.61233999998,1225600.8078,957558.1318999999,1816403.4914999998,1459552.9484399993,2477244.9042299995,2159990.389909998,3959140.1241799993,2320406.092519998
2026-10-07T22:34:27.279267+00:00,obs-20261007-01,LIGHT,HBARUSDT,1.0,0.09267,0.09268,0.09267500000000001,1.0790978741770374,8393200464,0.09267,0.09268,268,88,461932.5852200005,670152.8135700002,445063.0779400003,673451.58958,2479.2244699999997,4485.670610000005,165514.8848,126968.69625000002,251315.09490000003,205222.58052000002,464260.57852999994,356545.69676,948178.10986,711396.1207900001
2026-10-07T22:35:27.298471+00:00,obs-20261007-01,LIGHT,PEPEUSDT,1.0,4.08e-06,4.09e-06,4.085e-06,24.50980392156854,8827991006,4.08e-06,4.09e-06,85,11,38566.130063729994,171744.34296722998,48927.563501369994,212457.74999128995,0.0,1135.88120085,111597.87467304,121931.21483503,271802.64424833003,279498.72239143,552762.19763254,493493.22931747,898323.5203223401,1071184.75487584
2026-10-07T22:35:27.298471+00:00,obs-20261007-01,LIGHT,BNBUSDT,1.0,770.27,770.28,770.275,0.12982460695587505,20910118401,770.27,770.28,260,26,317319.59479,1172583.50644,450109.3351300001,1167120.2841399994,604.7467600000001,1381.3500999999999,983951.0728500002,928259.6018599998,1539979.7844700005,2507698.55831,3219982.2116000005,4564194.512649996,5843111.114290006,5846038.064329992
2026-10-07T22:35:27.298471+00:00,obs-20261007-01,LIGHT,AAVEUSDT,1.0,172.66,172.67,172.665,0.5791729410398183,10439660145,172.66,172.67,282,27,384929.62480999983,327242.51232000015,383290.90069000016,252478.60702999998,1509.24467,1521.01389,118807.49222,116468.69342,242693.20229999998,174730.16280000008,316620.86318000004,226881.15133999998,839607.3738400001,275915.4898999999
2026-10-07T22:35:27.298471+00:00,obs-20261007-01,LIGHT,AVAXUSDT,1.0,11.047,11.048,11.0475,0.9052231375039632,10520265202,11.047,11.048,359,120,1206086.8344700004,503858.7747000002,1251749.0794799991,492923.0214099999,42847.74124999991,5802.645880000001,162842.16413,121830.99912000001,292645.63299,187482.29585999998,407698.3441399999,210482.251,506099.19337999966,232114.6550300001
2026-10-07T22:35:27.298471+00:00,obs-20261007-01,LIGHT,FILUSDT,1.0,1.0465,1.0466,1.0465499999999999,0.955566172957667,9895513724,1.0465,1.0466,263,36,183296.713597,118477.79063200005,166182.51481300002,132177.89444600008,2668.3997890000005,8253.909631000002,91046.33913000001,88801.296299,173630.500334,143016.11994499998,286128.45373700006,218077.02142799992,346742.568187,249934.11472499985
2026-10-07T22:35:27.298471+00:00,obs-20261007-01,LIGHT,ALGOUSDT,1.0,0.1184,0.1185,0.11845,8.445945945945166,5664491491,0.1184,0.1185,152,0,99561.1756,516.5719,101290.72279999999,965.4487,0.0,0.0,45001.658,29854.541100000002,109862.70939999999,70781.746,169341.0563,103682.3087,204219.578,115961.8453
2026-10-07T22:35:27.298471+00:00,obs-20261007-01,LIGHT,XRPUSDT,1.0,1.4176,1.4177,1.41765,0.7054176072229801,26677971850,1.4176,1.4177,390,71,1842674.4152999993,1602670.4796999984,2269861.38579,1400609.5933899998,32922.09675,42120.29685,1041070.8316100002,1109136.4919500002,1410951.0684000005,1535601.4274399993,2087793.4708,2361174.0275099995,3649334.3006999996,2498838.2492399993
2026-10-07T22:35:27.298471+00:00,obs-20261007-01,LIGHT,HBARUSDT,1.0,0.0926,0.09261,0.09260499999999999,1.079913606911731,8393201749,0.0926,0.09261,181,15,194023.58745000008,151040.90433000008,224240.07739999998,133419.09207999997,1566.0363200000002,179.59554,170992.23256,123305.16593000003,274653.77186,178295.44095999998,450806.07905999996,363756.5340600001,918132.76351,729003.7589600001
2026-10-07T22:36:27.299016+00:00,obs-20261007-01,LIGHT,PEPEUSDT,1.0,4.08e-06,4.09e-06,4.085e-06,24.50980392156854,8827991219,4.08e-06,4.09e-06,117,10,147320.75511813,238678.61883085,128193.05230776001,150952.32143753,0.0,1127.05233871,118583.8965012,111538.35399982,291093.88796336,284257.35874001996,571889.90044291,581219.52671079,910546.8855021901,1227199.97365459
2026-10-07T22:36:27.299016+00:00,obs-20261007-01,LIGHT,BNBUSDT,1.0,770.49,770.5,770.495,0.12978753780146235,20910121313,770.49,770.5,340,66,2420225.0119599993,1918614.2816899992,2191680.7182900007,2028780.6354599996,7325.9795,10717.898140000001,829203.6136800001,1020415.98106,1577531.5583300001,2394670.0825399994,3446522.8498599995,4471131.816969997,5826087.069450008,5737659.520469994
2026-10-07T22:36:27.299016+00:00,obs-20261007-01,LIGHT,AAVEUSDT,1.0,172.67,172.68,172.675,0.5791393988552329,10439661272,172.67,172.68,256,19,673531.79796,292424.3449399999,674942.5329399998,336329.70839000004,1228.0964800000002,1349.5329599999998,119501.77420999997,75712.45960999999,252111.42431999996,133091.56285000002,315210.12820000004,187595.46948999996,826464.6500200001,231797.07582999984
2026-10-07T22:36:27.299016+00:00,obs-20261007-01,LIGHT,AVAXUSDT,1.0,11.048,11.049,11.0485,0.9051412020277816,10520268481,11.048,11.049,323,93,1351094.9711700012,488901.6065599999,1334198.30576,499227.08153999975,29127.58143999998,20566.655310000006,200103.59644000005,124297.63286,333462.0454900001,183637.60028999994,424570.39905000007,199687.44446,525111.69635,221358.7910800001
2026-10-07T22:36:27.299016+00:00,obs-20261007-01,LIGHT,FILUSDT,1.0,1.0473,1.0474,1.04735,0.9548362455857884,9895515365,1.0473,1.0474,293,18,250733.17128099996,114985.96478799998,274892.919454,159209.42833599992,2167.021687,550.8012970000001,80168.213731,66274.32912,151688.202552,112905.25431799995,258433.11907599997,174021.41622199994,317410.49425899977,207736.1202829999
2026-10-07T22:36:27.299016+00:00,obs-20261007-01,LIGHT,ALGOUSDT,1.0,0.1184,0.1185,0.11845,8.445945945945166,5664491865,0.1184,0.1185,97,1,122209.8088,23799.551699999996,131984.36559999996,22595.808699999998,0.0,188.05949999999999,60973.7218,32202.6368,116410.44339999999,72237.42300000001,159566.49949999998,104886.05170000001,194872.86359999998,117172.89000000001
2026-10-07T22:36:27.299016+00:00,obs-20261007-01,LIGHT,XRPUSDT,1.0,1.418,1.4181,1.41805,0.705218617771397,26677974512,1.418,1.4181,380,65,1596022.5182000007,902499.7499799997,1263149.3506100003,1178504.9779,26131.557289999997,36031.569370000005,1224737.6304400002,1061536.48661,1606438.8130700004,1266908.9481899997,2388231.07247,2087605.5649999992,3981339.08684,2224342.20919
2026-10-07T22:36:27.299016+00:00,obs-20261007-01,LIGHT,HBARUSDT,1.0,0.09267,0.09268,0.09267500000000001,1.0790978741770374,8393203180,0.09267,0.09268,203,67,284587.84198,327371.1761700003,258086.86866000004,348862.6698400001,814.35349,4638.451280000003,161218.83988,124378.93694000001,247959.71050000007,203887.84157999998,460545.0619,352676.01534000004,944471.09901,707526.4393700002
2026-10-07T22:37:27.361544+00:00,obs-20261007-01,LIGHT,PEPEUSDT,1.0,4.08e-06,4.09e-06,4.085e-06,24.50980392156854,8827991384,4.08e-06,4.09e-06,77,10,16247.963667859998,315918.88905153994,27262.208562220003,409378.4211420901,0.0,1283.2521503799999,119334.00042119999,107420.88016511,280398.88203422,274472.33844481,560875.65554855,487759.99462024006,899513.80460437,1058232.70669589
2026-10-07T22:37:27.361544+00:00,obs-20261007-01,LIGHT,BNBUSDT,1.0,770.58,770.59,770.585,0.12977237924705065,20910123833,770.58,770.59,290,59,1662377.8197600003,1420832.0346399988,1719231.4388900003,1412351.197319999,1078.1470499999998,7173.5159,780737.1220300001,994537.3898199999,1536517.6808699998,2404666.0938599994,3389448.0105499993,4483109.373269997,5768535.963640007,5749234.271549993
2026-10-07T22:37:27.361544+00:00,obs-20261007-01,LIGHT,AAVEUSDT,1.0,172.68,172.69,172.685,0.5791058605497668,10439662420,172.68,172.69,176,18,337384.44963999995,237376.86362999995,329177.48353,233938.47843999992,391.12579000000005,1732.8099700000002,130221.09479999996,79551.93697,241601.75659999994,134773.84012000007,321313.21266000014,189122.01242,834671.6161300001,233576.1202599999
2026-10-07T22:37:27.361544+00:00,obs-20261007-01,LIGHT,AVAXUSDT,1.0,11.052,11.053,11.0525,0.9048136083977809,10520272599,11.052,11.053,313,114,1332090.4751100005,445706.8270400001,1320842.2420299998,432691.74306000007,5353.85486,5836.449400000001,207277.51183000003,131382.05771999998,334320.27922,190563.78913,435540.21209,225145.18965,533921.3972899998,234426.33882000012
2026-10-07T22:37:27.361544+00:00,obs-20261007-01,LIGHT,FILUSDT,1.0,1.0493,1.0494,1.04935,0.9530162965809552,9895518375,1.0493,1.0494,292,78,551563.6751620001,280038.70615699986,589226.6704189995,295655.408554,7201.413726000001,9867.047623999999,64435.883689,72986.037551,124065.649189,118445.75897399995,196461.16855699997,175813.667012,260402.30310799993,204923.32436700005
2026-10-07T22:37:27.361544+00:00,obs-20261007-01,LIGHT,ALGOUSDT,1.0,0.1184,0.1185,0.11845,8.445945945945166,5664492983,0.1184,0.1185,159,5,189773.20899999994,34314.5667,190224.18129999997,43460.1348,460.72799999999995,911.5993,40851.1366,23985.055800000002,103237.94949999999,61081.6813,159115.52719999998,95740.48359999999,194137.8033,108176.8272
2026-10-07T22:37:27.361544+00:00,obs-20261007-01,LIGHT,XRPUSDT,1.0,1.418,1.4181,1.41805,0.705218617771397,26677977687,1.418,1.4181,349,54,2110244.8857499994,1543932.37651,2169017.4622999993,1421036.5094999985,7705.384689999999,20148.619189999998,1155668.0418,1014940.7418700003,1435206.6487799997,1261225.03923,2329458.495919999,2209996.226729999,3922566.3837599996,2347237.935159999
2026-10-07T22:37:27.361544+00:00,obs-20261007-01,LIGHT,HBARUSDT,1.0,0.09268,0.09269,0.09268499999999999,1.0789814415179677,8393203915,0.09268,0.09269,136,11,208125.61531999995,106089.34462999999,211262.95951000004,100148.58215999999,667.31718,568.10664,152417.20808,126503.20348,284894.0705700001,210532.90117999996,456099.9132100001,358635.4062000001,938993.63794,713467.2018400002
2026-10-07T22:38:27.366175+00:00,obs-20261007-01,LIGHT,PEPEUSDT,1.0,4.08e-06,4.09e-06,4.085e-06,24.50980392156854,8827991564,4.08e-06,4.09e-06,80,11,64615.28256247999,156450.52553153003,64532.957632219994,160878.55688213996,0.0,1176.39332161,97439.37154464,120497.13593051999,280415.92493746,272846.79350111994,560957.9804788099,483331.96326963,899597.1295348,1061197.16433033
2026-10-07T22:38:27.366175+00:00,obs-20261007-01,LIGHT,BNBUSDT,1.0,770.58,770.59,770.585,0.12977237924705065,20910124781,770.58,770.59,278,23,120920.04167000005,321035.26733,94841.7205,278417.58219999995,231.94457999999997,855.3549,821636.7690500001,1036726.8775099999,1555645.2297800002,2446962.2803899995,3415526.3317200006,4525727.058399996,5789775.210400008,5792285.401369993
2026-10-07T22:38:27.366175+00:00,obs-20261007-01,LIGHT,AAVEUSDT,1.0,172.74,172.75,172.745,0.578904712282835,10439663648,172.74,172.75,214,21,2002514.3859900003,376598.89241000003,1997084.8095800017,363144.97218000004,1174.6477699999998,2751.0321599999997,132298.80183999997,96386.04651999999,241084.67050999997,152551.59115000002,326361.9714800001,207337.55562,837685.92633,249254.2307899999
2026-10-07T22:38:27.366175+00:00,obs-20261007-01,LIGHT,AVAXUSDT,1.0,11.051,11.052,11.0515,0.9048954845702895,10520274784,11.051,11.052,234,78,1099394.8586800003,220067.90271999995,1083613.9497500008,218148.93726999997,6406.323039999999,8078.923350000001,223692.25777000005,142569.51146,374581.38520000014,201590.09959999996,451338.7360300002,226741.20951000002,552872.7303600002,236333.44102000014
2026-10-07T22:38:27.366175+00:00,obs-20261007-01,LIGHT,FILUSDT,1.0,1.0492,1.0493,1.0492499999999998,0.9531071292401272,9895521319,1.0492,1.0493,288,71,701606.9626349993,248086.98379200007,663860.8256349999,227764.70395199995,6783.823673000001,4481.966395000001,66367.632141,76997.85275399999,145191.36252699993,127926.17619699995,234253.06469699994,196123.36606799994,293649.22606799984,225250.53911200003
2026-10-07T22:38:27.366175+00:00,obs-20261007-01,LIGHT,ALGOUSDT,1.0,0.1184,0.1185,0.11845,8.445945945945166,5664493214,0.1184,0.1185,83,2,106764.56110000004,8379.9829,107441.88149999996,3296.3755,38.0064,0.0,38653.9663,25926.2173,127755.92670000001,66963.3121,158438.2068,100824.09099999999,193460.48290000003,113260.4346
2026-10-07T22:38:27.366175+00:00,obs-20261007-01,LIGHT,XRPUSDT,1.0,1.4185,1.4186,1.4185500000000002,0.704970038774011,26677979745,1.4185,1.4186,346,46,811528.25174,893748.1923600001,641683.6934000003,1054343.7544200001,2227.33854,35568.97320000001,1210909.2361700002,917000.9902299999,1567663.0740099999,1386578.8955899999,2494045.2162599997,2051340.6421999992,3977962.779979999,2189691.0604299987
2026-10-07T22:38:27.366175+00:00,obs-20261007-01,LIGHT,HBARUSDT,1.0,0.09267,0.09268,0.09267500000000001,1.0790978741770374,8393204362,0.09267,0.09268,117,34,73887.05303999998,39318.00463999999,81592.07880000003,40414.222969999995,289.25249999999994,615.3025200000001,153142.39544000005,125791.45788999998,277606.7091900001,208617.44522,449702.6919500001,357520.55948000005,933520.3052800001,712370.9835100002
2026-10-07T22:39:27.366654+00:00,obs-20261007-01,LIGHT,PEPEUSDT,1.0,4.08e-06,4.09e-06,4.085e-06,24.50980392156854,8827991808,4.08e-06,4.09e-06,108,10,233240.23846312004,75834.57483963997,233233.3417164,71686.22364474,97.0379856,1056.3983126399999,96252.92996015999,124810.19086992,280103.39432277996,276995.14469602,560964.87722553,487480.31446453,899603.0262813501,1065376.59902523
2026-10-07T22:39:27.366654+00:00,obs-20261007-01,LIGHT,BNBUSDT,1.0,770.58,770.59,770.585,0.12977237924705065,20910125994,770.58,770.59,252,35,260219.69031999994,584169.7103299999,287921.65394000005,628410.6640200001,1552.7187000000001,7756.758940000001,799327.9895200003,1014360.9248799997,1534642.2901100006,2402586.3266999996,3387824.368100001,4481486.104709996,5768632.16411001,5748049.968119994
2026-10-07T22:39:27.366654+00:00,obs-20261007-01,LIGHT,AAVEUSDT,1.0,172.71,172.72,172.715,0.5790052689480518,10439664568,172.71,172.72,179,15,281868.1275400001,193843.45575999998,281368.18299,202738.68512,1125.72377,2708.85981,136158.56545999998,85237.52827,243837.53695999994,140908.57802000004,327242.73362000013,191934.74477999998,840456.17558,236230.8740999999
2026-10-07T22:39:27.366654+00:00,obs-20261007-01,LIGHT,AVAXUSDT,1.0,11.047,11.048,11.0475,0.9052231375039632,10520277890,11.047,11.048,290,159,985795.7873599994,314219.18607999996,1021367.7468499995,311725.64002999983,37460.53869999992,37050.45974,192633.60988999996,134958.92390000002,299124.11333,194655.83069999996,416052.1920700001,217107.4525,513183.14061000006,238756.47953000013
2026-10-07T22:39:27.366654+00:00,obs-20261007-01,LIGHT,FILUSDT,1.0,1.0481,1.0482,1.0481500000000001,0.9541074324959098,9895523266,1.0481,1.0482,280,33,513965.16387400025,219356.19412,535385.8794290001,198871.10597000012,3081.7838970000007,9047.158967000001,69897.113068,85556.83816999999,145042.47408400002,141031.85136700002,219977.39147499995,206938.03922000006,276904.3440539998,245339.39532100013
2026-10-07T22:39:27.366654+00:00,obs-20261007-01,LIGHT,ALGOUSDT,1.0,0.1182,0.1183,0.11825,8.460236886633776,5664494752,0.1182,0.1183,172,2,245377.58679999984,50202.2828,263675.9255000001,41098.5631,3191.6749,0.0,33153.8086,31079.7177,87886.8577,63949.706300000005,146722.16069999998,99982.3208,188528.15379999997,121726.6628
2026-10-07T22:39:27.366654+00:00,obs-20261007-01,LIGHT,XRPUSDT,1.0,1.4182,1.4183,1.41825,0.7051191651386013,26677981731,1.4182,1.4183,318,36,853718.26951,925621.0349599998,1028637.93776,798366.7993199999,9236.764540000002,23631.305969999998,1140808.0485800002,1043611.9147900002,1408769.1088300005,1388661.3813699998,2323312.7219900005,2178862.715419999,3913624.3653100003,2316608.0560499993
2026-10-07T22:39:27.366654+00:00,obs-20261007-01,LIGHT,HBARUSDT,1.0,0.09264,0.09265,0.092645,1.0794473229691626,8393204902,0.09264,0.09265,112,9,88319.87828,96256.86303999998,92399.32271999998,82937.52227999999,2377.9644900000003,212.78817999999998,157512.97843000002,127153.25276999999,275824.60222000006,216852.07669,457409.8178800001,360814.6715500001,929580.98305,725684.8432700002
2026-10-07T22:40:27.374155+00:00,obs-20261007-01,LIGHT,PEPEUSDT,1.0,4.08e-06,4.09e-06,4.085e-06,24.50980392156854,8827991989,4.08e-06,4.09e-06,80,10,28983.13332612,320385.15724098,29783.22600612,320941.8181037101,0.0,809.58264094,95452.59308016,139311.09160719,279303.30164278,276438.48383329,560164.78454553,486923.6536018,898808.3784796,1064819.9381625
2026-10-07T22:40:27.374155+00:00,obs-20261007-01,LIGHT,BNBUSDT,1.0,770.73,770.74,770.735,0.12974712285673817,20910129591,770.73,770.74,344,144,2657490.8468,3211552.7709199986,2582791.5708199996,3279939.3276999993,144984.94277000002,183000.60425,912960.6344999999,949478.4790099998,1578703.8238000004,2325660.273559999,3401651.5625199997,4415235.4601599965,5835782.472100008,5721859.630569997
2026-10-07T22:40:27.374155+00:00,obs-20261007-01,LIGHT,AAVEUSDT,1.0,172.85,172.86,172.85500000000002,0.578536303155186,10439665782,172.85,172.86,194,19,456780.76798999985,164468.59407,428441.1665499999,175619.02842000002,10.19638,3009.111500000001,141870.85706000004,87227.77884999997,283476.42586,142610.90509000001,346013.6572200001,186096.15066999997,866182.0754700002,227816.84387999988
2026-10-07T22:40:27.374155+00:00,obs-20261007-01,LIGHT,AVAXUSDT,1.0,11.055,11.056,11.055499999999999,0.9045680687469471,10520283428,11.055,11.056,364,186,2221314.5076,591398.8064700004,2206157.4954500017,601066.55285,33606.98934,45587.659219999994,160442.35727000004,130280.86052,289311.83848000003,191742.1646199999,430872.02956000017,220012.77596999993,526863.1082899999,227766.3849200001
2026-10-07T22:40:27.374155+00:00,obs-20261007-01,LIGHT,FILUSDT,1.0,1.048,1.0482,1.0481,1.9083969465638617,9895524957,1.048,1.0482,230,53,431865.20811399963,133906.48270200007,429179.80420299975,131071.37114299998,8019.161852,7157.011703,72803.31202800001,79809.470355,146682.04153100005,137161.60182700003,222662.79538600004,209773.15077900013,279360.16917599994,248048.4599900002
2026-10-07T22:40:27.374155+00:00,obs-20261007-01,LIGHT,ALGOUSDT,1.0,0.1182,0.1183,0.11825,8.460236886633776,5664495145,0.1182,0.1183,91,1,68610.98030000001,13526.0088,71706.881,14869.701100000002,0.0,19.4012,52110.8867,31562.896,101383.8278,64705.783200000005,143626.26,98638.62849999999,185520.38130000004,118765.1228
2026-10-07T22:40:27.374155+00:00,obs-20261007-01,LIGHT,XRPUSDT,1.0,1.4182,1.4183,1.41825,0.7051191651386013,26677984741,1.4182,1.4183,343,61,1688261.1086799998,1151015.2113100002,1617987.7628399995,1264239.3991100006,13552.661090000001,35510.98738000002,1213425.65235,960149.3508299998,1479052.5882699997,1276447.0772499996,2393586.067829999,2066143.4508199987,3983906.373449999,2204393.890949998
2026-10-07T22:40:27.374155+00:00,obs-20261007-01,LIGHT,HBARUSDT,1.0,0.09261,0.09262,0.092615,1.0797969981646283,8393205904,0.09261,0.09262,156,33,139272.20025999993,153319.33693999998,139586.78079000005,153699.41686000003,4005.3358000000003,5038.132309999996,179247.63348,118283.10762,285067.97552,211956.5018899999,461999.8805,360056.42211000004,929297.4183299999,725296.07027
2026-10-07T22:41:27.426757+00:00,obs-20261007-01,LIGHT,PEPEUSDT,1.0,4.08e-06,4.09e-06,4.085e-06,24.50980392156854,8827992442,4.08e-06,4.09e-06,143,11,44463.69273264,163279.83579205995,51622.29958614001,165203.94559289984,0.0,2089.1905890499997,93440.4928464,138723.45531524,272720.5788083,275708.88470923994,553006.1776920301,484999.54380095995,899018.0981727302,1055503.33937661
2026-10-07T22:41:27.426757+00:00,obs-20261007-01,LIGHT,BNBUSDT,1.0,770.64,770.65,770.645,0.12976227551142472,20910131708,770.64,770.65,303,69,764011.4524399997,1726092.40886,813683.5656699992,1681727.2416500002,3018.857249999999,568.7736,853144.3271400003,931722.55698,1558847.4179100008,2241698.481699999,3412499.0758300014,4457969.845019997,5792856.649760011,5768953.4179299995
2026-10-07T22:41:27.426757+00:00,obs-20261007-01,LIGHT,AAVEUSDT,1.0,172.79,172.8,172.79500000000002,0.5787371954402154,10439666569,172.79,172.8,165,8,196720.08305999995,242052.8391,203464.7606399999,231666.31099,31.45268,957.60353,168747.59306000007,97308.6021,279148.91689000005,150672.00649000006,344444.95062000013,196389.65386000005,859593.8880200002,238074.85506999996
2026-10-07T22:41:27.426757+00:00,obs-20261007-01,LIGHT,AVAXUSDT,1.0,11.046,11.047,11.0465,0.9053050878149449,10520286620,11.046,11.047,251,74,961332.4499799996,369857.41845000006,1008574.4704099994,375295.3912399999,31707.845859999994,8537.123100000003,163779.38014,131167.92593,311963.63826000004,187917.26400999998,383980.9719700001,201636.07111000005,480825.7979099999,222796.4959900002
2026-10-07T22:41:27.426757+00:00,obs-20261007-01,LIGHT,FILUSDT,1.0,1.0473,1.0474,1.04735,0.9548362455857884,9895526220,1.0473,1.0474,220,17,436297.2386810002,98845.07167800001,439600.03901800007,71920.75712300002,1393.755141,373.68991900000003,69615.675053,89609.84954200001,139906.44846700004,153691.53164400006,223202.327938,232867.72087000008,282347.03337899985,270648.38365300006
2026-10-07T22:41:27.426757+00:00,obs-20261007-01,LIGHT,ALGOUSDT,1.0,0.1182,0.1183,0.11825,8.460236886633776,5664495240,0.1182,0.1183,44,0,77509.7553,974.5185,72841.17559999999,936.7808,0.0,0.0,44097.5849,31600.6337,93644.76,64743.5209,148294.83969999998,98676.36619999999,190188.961,118802.8605
2026-10-07T22:41:27.426757+00:00,obs-20261007-01,LIGHT,XRPUSDT,1.0,1.4179,1.418,1.4179499999999998,0.7052683546082683,26677987597,1.4179,1.418,370,51,1569795.5402699998,1034066.2636599999,1642133.6334600002,944092.2139799995,6604.967799999999,59664.372739999984,1165720.7511700003,965474.7096100001,1424250.62795,1208120.9459499998,2352713.01436,2156934.4499899982,3916711.19706,2293845.096199998
2026-10-07T22:41:27.426757+00:00,obs-20261007-01,LIGHT,HBARUSDT,1.0,0.09266,0.09267,0.092665,1.079214331964895,8393206674,0.09266,0.09267,121,9,114335.66001999998,79692.96831000003,104317.47829999999,91582.20976000004,179.74099999999999,1816.87687,156831.76034,114031.54232,285073.91099000006,209664.49350999997,455326.8487000001,358558.97247000004,939175.15919,713421.0029000002
2026-10-07T22:42:27.480121+00:00,obs-20261007-01,LIGHT,PEPEUSDT,1.0,4.08e-06,4.09e-06,4.085e-06,24.50980392156854,8827992685,4.08e-06,4.09e-06,120,9,96351.98469380998,166716.83428377993,98001.51909141001,187988.59902273992,0.0,823.4574260599999,116928.48630168,75437.3808251,278384.5301609,253801.59084289998,551356.64329443,463727.779062,890342.18988776,1048517.8353466501
2026-10-07T22:42:27.480121+00:00,obs-20261007-01,LIGHT,BNBUSDT,1.0,771.15,771.16,771.155,0.1296764572389364,20910135095,771.15,771.16,312,97,3237955.054279999,1644227.3156699997,3156567.944620001,1764719.0369399993,17123.939800000004,17452.77502,888342.5702900002,1052401.9006999999,1517568.7848,2518528.63921,3428310.227630002,4351935.610899997,5857726.448360008,5771406.394429999
2026-10-07T22:42:27.480121+00:00,obs-20261007-01,LIGHT,AAVEUSDT,1.0,172.95,172.96,172.95499999999998,0.5782017924271798,10439668012,172.95,172.96,184,23,437661.76452999975,138697.59336000006,379514.80279999995,159703.46563999998,399.12397,2283.0319999999997,167224.39139,83329.12028,311183.90774999995,136685.10633999997,393198.4552099999,188748.8195099999,923992.78476,217776.29256999984
2026-10-07T22:42:27.480121+00:00,obs-20261007-01,LIGHT,AVAXUSDT,1.0,11.059,11.06,11.0595,0.9042408897741439,10520292013,11.059,11.06,285,144,1314568.22157,574863.89504,1244642.9014499998,537660.8656100002,33396.036920000006,34743.20610000001,193465.05581999998,143027.07145,299587.0102999999,206287.28281999996,450346.4243099999,251657.60388999997,550252.97349,261094.90917000014
2026-10-07T22:42:27.480121+00:00,obs-20261007-01,LIGHT,FILUSDT,1.0,1.0479,1.048,1.0479500000000002,0.9542895314429423,9895527621,1.0479,1.048,260,20,356702.64018900023,113326.29145799996,342924.235653,124193.06291000001,1014.3209180000001,1257.7621969999998,74480.320819,94733.83986999997,148419.18422700002,159489.861527,233148.464305,225823.115022,288491.2423799999,264100.99585700006
2026-10-07T22:42:27.480121+00:00,obs-20261007-01,LIGHT,ALGOUSDT,1.0,0.1182,0.1183,0.11825,8.460236886633776,5664495503,0.1182,0.1183,82,1,48749.875199999995,2830.6515,45328.823899999996,3828.539,322.5678,0.0,59089.6186,30195.411,108862.62630000002,63338.2132,151715.89100000003,97678.47869999999,193636.53890000004,117804.973
2026-10-07T22:42:27.480121+00:00,obs-20261007-01,LIGHT,XRPUSDT,1.0,1.4194,1.4195,1.4194499999999999,0.7045230379043588,26677990885,1.4194,1.4195,403,48,2089446.5719500002,1721228.1839200007,1623360.7518799999,1903552.8469900002,3700.985820000001,24890.017559999997,1443102.2314700007,777874.0445499998,1850364.5580000007,1319496.6894199997,2723675.2901000013,1977979.0456199993,4252572.600610001,2652185.671249999
2026-10-07T22:42:27.480121+00:00,obs-20261007-01,LIGHT,HBARUSDT,1.0,0.09277,0.09278,0.092775,1.077934677158332,8393207892,0.09277,0.09278,169,17,576215.9371099999,210425.85109999994,559300.9079100001,232310.1060700001,29.47542,1724.5571400000003,131739.45148000002,116030.92225999999,279280.748,192690.17780999996,460125.7948699999,338310.72014,936816.1638600001,691647.9774900001
2026-10-07T22:43:27.512502+00:00,obs-20261007-01,LIGHT,PEPEUSDT,1.0,4.08e-06,4.09e-06,4.085e-06,24.50980392156854,8827992884,4.08e-06,4.09e-06,93,15,19194.329303650004,386492.64963159,16986.77766311,379492.4179005699,11.000002319999998,1952.18448889,118827.3536304,94746.51125165999,280781.56150102,259586.05438135995,553564.19493497,470728.01079301996,892289.6064939,1047501.6569872001
2026-10-07T22:43:27.512502+00:00,obs-20261007-01,LIGHT,BNBUSDT,1.0,771.23,771.24,771.235,0.1296630058478243,20910137140,771.23,771.24,303,43,1862568.30611,1391616.4634099999,1695744.2627000003,1545320.2361,4377.18584,2563.4606000000003,912151.6478100001,1045421.9152399998,1588529.5288699998,2524582.118,3594697.557210002,4349904.731760005,5826282.283810006,5773443.904680006
2026-10-07T22:43:27.512502+00:00,obs-20261007-01,LIGHT,AAVEUSDT,1.0,173.02,173.03,173.025,0.5779678649853182,10439669579,173.02,173.03,236,18,1966444.739520001,232174.15132000003,1953870.6198600002,224950.57622,395.52494,1582.02887,176834.76272000003,89989.11513,268092.39515000005,141677.09880999997,399673.49126999994,196106.41116999992,934487.8513900001,225314.29960999984
2026-10-07T22:43:27.512502+00:00,obs-20261007-01,LIGHT,AVAXUSDT,1.0,11.065,11.066,11.0655,0.9037505648445965,10520295785,11.065,11.066,317,64,1424277.0301800002,443267.7680699999,1467776.59936,440662.5422099999,12565.18142,11259.755529999997,167012.18088000003,145248.11581999998,294282.95083,217538.49689999994,405800.61686,256162.23562999998,505734.5491399999,262743.4978900002
2026-10-07T22:43:27.512502+00:00,obs-20261007-01,LIGHT,FILUSDT,1.0,1.0479,1.048,1.0479500000000002,0.9542895314429423,9895529090,1.0479,1.048,222,21,196550.1940999999,98127.78901299999,198903.05928100008,103680.632222,194.03684,5983.689717,72018.10093,89169.85993299999,158519.95486500007,153126.77957400001,230795.59912400006,220270.27181300006,286046.24946599995,258553.16151200014
2026-10-07T22:43:27.512502+00:00,obs-20261007-01,LIGHT,ALGOUSDT,1.0,0.1182,0.1183,0.11825,8.460236886633776,5664496143,0.1182,0.1183,148,0,48034.8583,18263.812999999995,66775.9835,19422.6864,0.0,0.0,47890.3327,23295.568600000002,104265.82239999999,61903.1996,132815.3927,96519.6053,174696.6482,116646.1926
2026-10-07T22:43:27.512502+00:00,obs-20261007-01,LIGHT,XRPUSDT,1.0,1.4198,1.4199,1.4198499999999998,0.7043245527538211,26677993541,1.4198,1.4199,388,32,1458099.9203799998,1200359.6185100004,1537116.9296800005,1165874.1747900003,3220.90767,16219.88569,1276474.5727400007,870297.42561,1787514.2923900005,1353925.7435100002,2639146.0057100006,2025761.9145900002,4164810.6648200015,2687982.6373699997
2026-10-07T22:43:27.512502+00:00,obs-20261007-01,LIGHT,HBARUSDT,1.0,0.09278,0.09279,0.092785,1.077818495365257,8393209094,0.09278,0.09279,212,15,392091.48006000003,439783.47028000007,398975.4535100002,438980.1576699999,1046.73033,826.8952299999999,156670.83813000002,117383.49574000001,287834.15789,202162.55345999997,452601.35136999993,340502.53381999995,930392.5327300001,702899.2489
2026-10-07T22:44:27.513517+00:00,obs-20261007-01,LIGHT,PEPEUSDT,1.0,4.08e-06,4.09e-06,4.085e-06,24.50980392156854,8827993161,4.08e-06,4.09e-06,93,12,94077.00982472999,241474.92127390995,80710.45040864001,210343.99499821,2.50913472,2211.56201072,147117.4017768,12524.04254628,295399.26500069,206911.32893688,566930.75435106,501858.93706871994,905288.57640999,1172917.6256805197
2026-10-07T22:44:27.513517+00:00,obs-20261007-01,LIGHT,BNBUSDT,1.0,771.49,771.5,771.495,0.12961930809129996,20910139887,771.49,771.5,297,54,2021365.0539399998,2391102.0801199996,2027876.0339500005,2423008.89285,6946.63388,28563.556610000003,872120.8025399998,984085.3749099999,1569292.2636999988,2497421.768230001,3393570.07975,4475052.778710006,5729570.292600005,5800472.272910006
2026-10-07T22:44:27.513517+00:00,obs-20261007-01,LIGHT,AAVEUSDT,1.0,173.17,173.18,173.175,0.5774672287350846,10439671431,173.17,173.18,243,42,1672714.4814700002,281921.8578199999,1663195.9365599996,293730.7390500001,979.6903100000001,9019.58948,171927.00014000002,89626.67919000001,284049.6789300001,135009.88294,401908.8899800001,185892.08526999998,935516.2672800001,213827.89428999994
2026-10-07T22:44:27.513517+00:00,obs-20261007-01,LIGHT,AVAXUSDT,1.0,11.072,11.073,11.0725,0.9031791907521125,10520299238,11.072,11.073,259,80,1116721.4501,403959.95631000004,1063287.0276600004,401999.62685000006,10566.17864,20422.37998999999,198576.27789000003,155948.66927999997,287377.34717,219622.79339999994,453688.67087,258626.79275,551174.8675899999,265283.4584199998
2026-10-07T22:44:27.513517+00:00,obs-20261007-01,LIGHT,FILUSDT,1.0,1.0499,1.05,1.04995,0.9524716639686126,9895531462,1.0499,1.05,306,31,470829.9362980003,172343.9535529999,434547.565038,235720.36962099993,505.53931800000004,3259.2422379999994,67587.133065,70297.92207299998,139013.11524499996,117792.657671,256131.04030999995,170744.04071299994,314621.5507220002,195780.892868
2026-10-07T22:44:27.513517+00:00,obs-20261007-01,LIGHT,ALGOUSDT,1.0,0.1183,0.1184,0.11835000000000001,8.453085376163294,5664496839,0.1183,0.1184,142,0,65083.39140000001,19374.238400000002,37341.4709,21634.7111,0.0,0.0,60901.551999999996,31919.382399999995,123994.74279999999,67847.6388,156976.16100000002,96031.31760000001,201841.95160000003,114675.5411
2026-10-07T22:44:27.513517+00:00,obs-20261007-01,LIGHT,XRPUSDT,1.0,1.4205,1.4206,1.42055,0.7039774727202186,26677996304,1.4205,1.4206,379,32,1941374.5478199997,1515699.49052,1926494.37531,1559841.8168199996,853.28602,58057.93917,1486348.42087,865050.8604300001,2027050.6907300001,1156211.30682,2647488.5724200006,1986631.3975799994,4156286.9422400007,2645075.248929999
2026-10-07T22:44:27.513517+00:00,obs-20261007-01,LIGHT,HBARUSDT,1.0,0.09286,0.09287,0.092865,1.076889941846737,8393210177,0.09286,0.09287,165,25,515935.83616000024,189463.48276,503311.4095699999,191617.99512999997,5.1062,4666.3929100000005,160360.07700999998,122783.74230999999,298902.08326,202764.8884499999,458040.85832999996,339317.4382099999,941849.8614800002,700820.7811799999
2026-10-07T22:45:27.528968+00:00,obs-20261007-01,LIGHT,PEPEUSDT,1.0,4.08e-06,4.09e-06,4.085e-06,24.50980392156854,8827993611,4.08e-06,4.09e-06,152,15,367479.8143447101,220345.83045051002,299746.51637245,138444.51851904,60.823097759999996,1894.8673638599998,95980.54358688,119202.67887748999,370543.41987842997,289575.25697559,634664.0523233201,583760.2490001901,973019.50467859,1214249.47849809
2026-10-07T22:45:27.528968+00:00,obs-20261007-01,LIGHT,BNBUSDT,1.0,771.32,771.33,771.325,0.12964787636793318,20910142657,771.32,771.33,322,51,1776859.7374899995,1281905.1618699995,1783252.6609699999,1241308.4929999993,3689.672619999999,827.6285800000002,877551.13573,1056196.9294399999,1549543.763939999,2535596.8776099994,3390347.991500001,4468951.768690004,5805537.409550006,5783854.078720004
2026-10-07T22:45:27.528968+00:00,obs-20261007-01,LIGHT,AAVEUSDT,1.0,173.07,173.08,173.075,0.5778008898138509,10439673961,173.07,173.08,307,24,2674386.9204299995,299793.12469,2674096.6563500008,285689.51329000015,3927.47579,3196.52238,178970.80328999995,93708.94084999998,273864.6607199999,146328.40943999993,406332.91564999975,196358.6762699999,928413.2550399998,227914.81875999985
2026-10-07T22:45:27.528968+00:00,obs-20261007-01,LIGHT,AVAXUSDT,1.0,11.049,11.05,11.0495,0.9050592813841796,10520304199,11.049,11.05,338,115,1089261.8509899997,668350.7211000003,1145909.5903,665602.29637,6535.002529999998,14435.41259,174674.55374000003,140052.16837000003,327336.96654999995,221672.18129,405709.3043199999,246629.41688000006,503285.18227999966,267371.16311999987
2026-10-07T22:45:27.528968+00:00,obs-20261007-01,LIGHT,FILUSDT,1.0,1.0487,1.0488,1.04875,0.9535615523970087,9895534186,1.0487,1.0488,318,48,542516.7110280001,202788.4833709998,555582.860303,160535.95104599994,3136.217148,960.5570359999999,96141.83018699999,79794.937719,173909.31231699997,137087.17406299995,250429.23145499994,208845.9527839999,304854.001912,237603.066719
2026-10-07T22:45:27.528968+00:00,obs-20261007-01,LIGHT,ALGOUSDT,1.0,0.1182,0.1183,0.11825,8.460236886633776,5664497867,0.1182,0.1183,170,1,79364.66889999999,15969.038100000002,86621.8374,10451.8378,37.856,0.0,57304.9798,26208.6771,125051.3321,62218.5246,153300.1447,99783.6224,195191.6258,119910.08979999999
2026-10-07T22:45:27.528968+00:00,obs-20261007-01,LIGHT,XRPUSDT,1.0,1.4175,1.4176,1.4175499999999999,0.7054673721329507,26678002669,1.4175,1.4176,457,121,4324167.166529999,3825153.3064499986,4974813.258250003,3505666.356960001,56283.029050000005,29063.138880000002,1078451.48817,1156721.47889,1420438.4960900003,1342740.8382899994,2106304.23282,2286475.7637899993,3681902.8583800006,2423228.02225
2026-10-07T22:45:27.528968+00:00,obs-20261007-01,LIGHT,HBARUSDT,1.0,0.09275,0.09276,0.092755,1.07816711590214,8393211957,0.09275,0.09276,248,21,323108.57022000005,679750.8055599997,371207.45864,641192.6077300003,4506.162279999999,3016.8354299999996,128837.56346,123320.17043,217080.36600000004,233487.25284,419110.8942900001,375360.86831999995,896820.5100900002,739302.93436
2026-10-07T22:46:27.566743+00:00,obs-20261007-01,LIGHT,PEPEUSDT,1.0,4.08e-06,4.09e-06,4.085e-06,24.50980392156854,8827993994,4.08e-06,4.09e-06,154,10,82955.76748253999,115319.32472350996,87559.79242173002,137491.36504176998,1.6150068,14018.85858065,111329.25630215999,106148.36165531,364722.55642102,268791.29500471,630060.02738413,561588.20868193,968669.3869968001,1207886.01545471
2026-10-07T22:46:27.566743+00:00,obs-20261007-01,LIGHT,BNBUSDT,1.0,771.45,771.46,771.455,0.12962602890631558,20910146160,771.45,771.46,319,99,2600469.68285,1922207.2985100006,2538106.6511199996,1948240.0826400002,36974.40234,2798.9831500000005,869721.2085199996,1022114.3513199997,1596471.9034899988,2510737.955070001,3450003.0233400003,4489344.724060005,5783891.456410005,5813464.580130004
2026-10-07T22:46:27.566743+00:00,obs-20261007-01,LIGHT,AAVEUSDT,1.0,173.09,173.1,173.095,0.5777341267543257,10439676426,173.09,173.1,292,47,1406574.53716,366432.70122999995,1452783.9772199988,374042.6908600002,12836.890890000002,11302.03504,143590.66604000004,86253.04903000001,221034.16772000006,138982.67838000006,358329.61181000003,191433.46886000008,884646.78947,220540.34884000002
2026-10-07T22:46:27.566743+00:00,obs-20261007-01,LIGHT,AVAXUSDT,1.0,11.057,11.058,11.057500000000001,0.904404449668661,10520308035,11.057,11.058,271,64,876779.2013299998,387124.7291699999,832070.2373100003,391636.52956,2813.205389999999,6296.491039999999,195926.37698000006,146619.31533999997,307496.44212000014,228163.38132,447510.0500700002,254441.35351000002,546652.2110500002,263181.5303500002
2026-10-07T22:46:27.566743+00:00,obs-20261007-01,LIGHT,FILUSDT,1.0,1.0487,1.0488,1.04875,0.9535615523970087,9895536494,1.0487,1.0488,303,52,517323.10614400025,190215.3724959999,531624.658359,203998.048259,409.79640700000004,5096.941273000001,74430.99729500001,68988.416865,147180.68851999997,127967.840192,236127.67924,195063.27702099993,290562.4187519999,223787.25136200004
2026-10-07T22:46:27.566743+00:00,obs-20261007-01,LIGHT,ALGOUSDT,1.0,0.1183,0.1184,0.11835000000000001,8.453085376163294,5664498711,0.1183,0.1184,136,0,85670.38680000002,16539.4813,77214.29360000003,22367.5525,0.0,0.0,34887.06,35633.989499999996,101298.1421,66953.355,158175.0857,95720.4467,202965.1773,114364.6042
2026-10-07T22:46:27.566743+00:00,obs-20261007-01,LIGHT,XRPUSDT,1.0,1.4176,1.4177,1.41765,0.7054176072229801,26678007158,1.4176,1.4177,471,81,2944090.091590001,1893009.3579300013,2608300.114730001,2048846.7002700006,50522.08657000002,127267.02393,1085991.0364200003,1080694.6339500002,1579026.8644300005,1311771.5132499994,2441835.1436400004,2131710.487049999,4018267.8028400005,2268800.3322699997
2026-10-07T22:46:27.566743+00:00,obs-20261007-01,LIGHT,HBARUSDT,1.0,0.09278,0.09279,0.092785,1.077818495365257,8393213567,0.09278,0.09279,200,19,396908.9425700001,540186.4296599998,373350.85608000006,552353.70539,1874.7459999999999,2242.29123,134866.72466999997,123632.88715,263043.9262,224651.40002999996,440684.9760300001,364738.94354999997,919276.7559900002,727135.6586300001
2026-10-07T22:47:27.572277+00:00,obs-20261007-01,LIGHT,PEPEUSDT,1.0,4.08e-06,4.09e-06,4.085e-06,24.50980392156854,8827994439,4.08e-06,4.09e-06,132,11,319881.40360898,206369.59379621,395569.30943847,196955.35142996997,4298.54928,1141.04333709,68129.48358312,126872.02497863,262197.35289316,278330.94755752996,554372.12155464,571002.45104817,977429.24024312,1217547.28830283
2026-10-07T22:47:27.572277+00:00,obs-20261007-01,LIGHT,BNBUSDT,1.0,771.28,771.29,771.285,0.12965460014502384,20910149041,771.28,771.29,310,86,1655348.8451299993,999846.6571299996,1703961.1541300002,942457.5701899996,31875.29623,17393.202450000008,909486.8428200003,1086878.1893299995,1569967.0558999998,2566064.8404399995,3404308.704100001,4390448.655619998,5827276.644940008,5812393.848989999
2026-10-07T22:47:27.572277+00:00,obs-20261007-01,LIGHT,AAVEUSDT,1.0,173.01,173.02,173.015,0.5780012716050109,10439678304,173.01,173.02,261,16,3115339.1380700013,364407.67053999996,3142980.195159998,385375.2932699999,752.4309,924.89674,164749.40419000006,68527.04271000001,251348.60798,111339.35566,332653.04795,170311.84977,856921.2577099999,199323.28921999995
2026-10-07T22:47:27.572277+00:00,obs-20261007-01,LIGHT,AVAXUSDT,1.0,11.055,11.056,11.055499999999999,0.9045680687469471,10520310126,11.055,11.056,244,53,573142.4063299997,226246.74887999988,595917.68329,235217.55776000005,3413.0925,4549.575859999999,188643.05823000005,127905.23841000002,313389.34567,218645.06838000004,427371.6645099999,245370.03936000005,523942.6726499997,255008.84254000022
2026-10-07T22:47:27.572277+00:00,obs-20261007-01,LIGHT,FILUSDT,1.0,1.0473,1.0474,1.04735,0.9548362455857884,9895539336,1.0473,1.0474,286,82,373584.1478859999,191041.82204700005,393316.19206199993,151218.359583,10670.837356,7012.585631000001,77022.18890599997,67315.25767300001,159974.131575,136722.97453600002,223810.49288699997,221370.070709,281466.3552379999,259149.76137000005
2026-10-07T22:47:27.572277+00:00,obs-20261007-01,LIGHT,ALGOUSDT,1.0,0.1183,0.1184,0.11835000000000001,8.453085376163294,5664499222,0.1183,0.1184,105,0,90121.96510000003,19069.211499999994,87710.9234,16986.4595,0.0,0.0,40184.4349,33956.846099999995,103699.0005,70442.3322,160586.12740000003,97803.19870000001,205376.21900000004,116447.3293
2026-10-07T22:47:27.572277+00:00,obs-20261007-01,LIGHT,XRPUSDT,1.0,1.4168,1.4169,1.4168500000000002,0.70581592320762,26678010387,1.4168,1.4169,459,193,863116.6496300001,1061824.178899999,1155309.1948100002,956155.2494299997,84902.68819000003,3263.08338,946516.3896399998,1045284.41423,1348490.9657300003,1288981.068539999,2154931.87174,2235177.4089099984,3759412.789460001,2372281.4322499987
2026-10-07T22:47:27.572277+00:00,obs-20261007-01,LIGHT,HBARUSDT,1.0,0.09276,0.09277,0.092765,1.0780508840024794,8393215025,0.09276,0.09277,226,20,378790.1087399997,152544.78049999996,387314.37713000004,148628.95268,4077.8429899999996,2885.34244,156961.65896,126176.40095999998,279760.36457,226324.36234,434137.1823300001,367146.05319999997,910758.0356700004,731051.4864500001
2026-10-07T22:48:27.599422+00:00,obs-20261007-01,LIGHT,PEPEUSDT,1.0,4.08e-06,4.09e-06,4.085e-06,24.50980392156854,8827994787,4.08e-06,4.09e-06,133,13,93147.00826536003,94456.13684415999,70817.61746144,92349.74452894999,58.31275944,1160.5395818099998,93418.319148,108387.82110613,284651.85631883,280275.36655953,576701.51235856,573108.8433633801,994217.8486621198,1219653.68061804
2026-10-07T22:48:27.599422+00:00,obs-20261007-01,LIGHT,BNBUSDT,1.0,771.77,771.78,771.775,0.12957228189725,20910152329,771.77,771.78,296,84,2396758.35226,1810946.3128599992,2316753.8094999995,1872699.5967400004,2806.65587,39635.21834999997,934012.0664299999,1108805.7436699993,1612364.3923999988,2587248.368680001,3418240.8386500007,4487957.467630005,5794891.079270005,5866772.760760004
2026-10-07T22:48:27.599422+00:00,obs-20261007-01,LIGHT,AAVEUSDT,1.0,173.12,173.13,173.125,0.5776340110896783,10439680588,173.12,173.13,304,24,4964193.06396,309074.83397000004,4951345.202199998,286492.0998,1189.0794500000002,2850.2317000000007,131439.63244000002,83905.64773999999,204751.75756,138729.52885000003,342917.7515099999,193528.68933000002,864244.78461,222246.78782
2026-10-07T22:48:27.599422+00:00,obs-20261007-01,LIGHT,AVAXUSDT,1.0,11.096,11.097,11.096499999999999,0.9012256669072016,10520315957,11.096,11.097,322,88,1332598.6320000002,769825.1642400001,1345880.46174,791714.5061499999,28222.934450000004,24025.05017999999,147693.21367999996,112655.42384999999,263995.97407999996,181829.50479999994,388538.54302999977,229649.86722999995,486026.26290999947,252668.75445000004
2026-10-07T22:48:27.599422+00:00,obs-20261007-01,LIGHT,FILUSDT,1.0,1.0482,1.0483,1.04825,0.9540164090826586,9895541654,1.0482,1.0483,259,46,266825.4030369999,182092.07420200013,224234.867104,201647.33528999996,4034.602845,10502.854120999998,82554.77650899999,79897.47678099999,156534.70095199998,140182.39707799995,262558.695931,205945.83419299993,316951.72587599995,244049.19180300002
2026-10-07T22:48:27.599422+00:00,obs-20261007-01,LIGHT,ALGOUSDT,1.0,0.1185,0.1186,0.11854999999999999,8.438818565401629,5664501200,0.1185,0.1186,183,54,137289.92040000006,54854.576300000015,127806.14570000001,68796.9333,250.035,4573.1167,24370.407900000002,33266.1535,85038.53240000001,61370.6737,159372.20030000003,90766.60020000002,201950.87070000003,103373.1749
2026-10-07T22:48:27.599422+00:00,obs-20261007-01,LIGHT,XRPUSDT,1.0,1.4183,1.4184,1.41835,0.7050694493426768,26678014847,1.4183,1.4184,471,55,2692898.4662800007,1959961.0259500006,2328048.804470001,2143505.91128,22739.024340000004,40519.34273999999,1084959.3942,1011089.0357900001,1538772.71309,1395548.1316099993,2476785.25445,2058176.728639999,4086034.1052199984,2196350.6688799984
2026-10-07T22:48:27.599422+00:00,obs-20261007-01,LIGHT,HBARUSDT,1.0,0.09285,0.09286,0.092855,1.0770059235332141,8393216531,0.09285,0.09286,285,24,555351.6779199996,224280.77863000002,526326.7019599997,250224.20209,1041.62817,1450.62625,145034.90373000002,121353.47165000002,265900.59622000006,205168.2412,454051.7851200001,343673.16768,939642.2572900003,705184.1076400001
2026-10-07T22:49:27.602607+00:00,obs-20261007-01,LIGHT,PEPEUSDT,1.0,4.08e-06,4.09e-06,4.085e-06,24.50980392156854,8827995045,4.08e-06,4.09e-06,113,9,270032.45613153,144943.84215304992,206400.89917214,151936.05355950992,0.0,1039.4765920399998,76758.5611056,122849.15665579999,289682.02177166997,273734.8217857,640333.0693179499,566116.63195692,1056557.76949349,1212113.996452
2026-10-07T22:49:27.602607+00:00,obs-20261007-01,LIGHT,BNBUSDT,1.0,771.51,771.52,771.515,0.12961594794580478,20910154605,771.51,771.52,287,62,742332.1825700003,1470818.956670001,822675.7707600002,1606233.5834000006,15006.084580000004,3580.8669399999994,934036.4837600003,957175.5482099993,1566920.3222299991,2528314.1261000014,3400590.3621099987,4350703.543040005,5736978.580720006,5674468.789830005
2026-10-07T22:49:27.602607+00:00,obs-20261007-01,LIGHT,AAVEUSDT,1.0,173.08,173.09,173.085,0.5777675063556309,10439682279,173.08,173.09,223,32,1904065.0919499993,194474.87086999996,1915184.3808499994,198117.93310000002,1347.8855899999999,1538.0915399999997,104241.14902999996,83958.80216000002,197737.68261999992,131695.35832000006,332427.9232599999,189390.65837000005,852411.2262399999,218586.56658999997
2026-10-07T22:49:27.602607+00:00,obs-20261007-01,LIGHT,AVAXUSDT,1.0,11.105,11.106,11.1055,0.9004952724001036,10520322329,11.105,11.106,365,134,1798538.683360001,737837.4428999999,1763859.5804700009,678014.3157199998,33265.07965,19231.306159999996,157074.75551,145581.63356999998,251379.36911,225755.63446999993,420685.99728999974,290053.66303000005,512734.2521599996,313479.5433899999
2026-10-07T22:49:27.602607+00:00,obs-20261007-01,LIGHT,FILUSDT,1.0,1.0483,1.0484,1.0483500000000001,0.9539254030332955,9895543394,1.0483,1.0484,244,18,335057.20445500006,137448.31953500005,329326.8356449999,134092.86667799996,536.273966,1534.7588170000001,87848.54105,82399.25371500001,152386.110533,143021.58215600002,268260.089365,213835.502758,322677.089996,247399.65067300008
2026-10-07T22:49:27.602607+00:00,obs-20261007-01,LIGHT,ALGOUSDT,1.0,0.1184,0.1185,0.11845,8.445945945945166,5664502207,0.1184,0.1185,194,3,80556.73279999997,18131.086499999998,86665.58069999999,10694.349199999997,37.92,257.26349999999996,56884.2346,28077.2107,115533.3181,63717.6077,161143.33180000004,97708.61740000002,196051.64510000002,110767.47630000001
2026-10-07T22:49:27.602607+00:00,obs-20261007-01,LIGHT,XRPUSDT,1.0,1.4176,1.4177,1.41765,0.7054176072229801,26678017436,1.4176,1.4177,403,94,1404309.6370500005,1443682.2560499995,1597997.120170001,1280353.1061899988,3118.4625399999995,19539.94719,1168966.2743800003,1054044.42049,1627651.5023500004,1527056.987889999,2316813.4929899997,2220697.5440299986,3898326.777529999,2357787.389249999
2026-10-07T22:49:27.602607+00:00,obs-20261007-01,LIGHT,HBARUSDT,1.0,0.09286,0.09287,0.092865,1.076889941846737,8393218153,0.09286,0.09287,233,28,629566.5572399996,178120.12973999995,638920.7668399998,170200.57031999997,8804.3004,3439.9934299999995,119927.08699000001,129549.10033,251810.69907999996,214036.6142,439028.6852199999,351600.32409000007,927483.0400900001,713109.2461000001
2026-10-07T22:50:27.627557+00:00,obs-20261007-01,LIGHT,PEPEUSDT,1.0,4.08e-06,4.09e-06,4.085e-06,24.50980392156854,8827995457,4.08e-06,4.09e-06,165,19,202616.05898280002,122349.40762034999,178582.6332741,113118.58187829997,34.95718296,1065.23365334,91211.79948456,125621.75630195999,304792.92348157,283117.46155875997,664366.4950266499,575347.45769897,1080589.80117381,1221344.8221940498
2026-10-07T22:50:27.627557+00:00,obs-20261007-01,LIGHT,BNBUSDT,1.0,771.52,771.53,771.525,0.12961426793856035,20910157240,771.52,771.53,284,73,997441.6059899996,1412905.8293300008,990365.5703799999,1230545.5612700002,1950.3967299999997,3809.9571599999995,885972.36933,1007768.3781499993,1574064.226029999,2553681.870739999,3405154.259519999,4533098.097660003,5735282.0449300045,5856855.119640004
2026-10-07T22:50:27.627557+00:00,obs-20261007-01,LIGHT,AAVEUSDT,1.0,173.07,173.08,173.075,0.5778008898138509,10439684057,173.07,173.08,267,15,3778947.1492800033,178701.88871000006,3771131.2295800014,163373.70274999994,382.16376,1248.46063,113658.83224999996,91892.07093,207338.9349299999,145216.76563000004,342026.91105999984,204711.3275,860230.4754799999,233914.75254999995
2026-10-07T22:50:27.627557+00:00,obs-20261007-01,LIGHT,AVAXUSDT,1.0,11.1,11.101,11.1005,0.9009009009020019,10520328536,11.1,11.101,344,109,1700681.8427999995,857874.03823,1720407.5810299993,835805.6168899998,61424.40687000002,14836.884970000003,138752.50528999997,171128.50821,261181.14762999985,252935.93780999997,403464.6765399996,312047.06343000015,504567.87218999944,334494.45182999986
2026-10-07T22:50:27.627557+00:00,obs-20261007-01,LIGHT,FILUSDT,1.0,1.0481,1.0482,1.0481500000000001,0.9541074324959098,9895544809,1.0481,1.0482,219,27,282316.0938429999,96599.897813,291630.4764599999,84621.01175599992,718.521463,3047.0902700000006,80498.73726,93370.11860500001,153001.182124,153915.289376,258974.68212400004,221275.048999,313376.198705,259373.03035000007
2026-10-07T22:50:27.627557+00:00,obs-20261007-01,LIGHT,ALGOUSDT,1.0,0.1184,0.1185,0.11845,8.445945945945166,5664502884,0.1184,0.1185,140,10,122247.51860000002,14956.6048,125825.92430000006,17979.740999999995,89.98400000000001,222.54299999999998,35671.308999999994,31860.080199999997,110206.0509,64134.2279,157564.92609999998,94685.48120000001,192473.23939999996,107491.2311
2026-10-07T22:50:27.627557+00:00,obs-20261007-01,LIGHT,XRPUSDT,1.0,1.4172,1.4173,1.4172500000000001,0.7056167090024879,26678021015,1.4172,1.4173,377,80,2124486.436159999,1843636.7461200003,2182941.5078,1796483.5454599985,17966.205519999996,12666.867820000001,1175857.3136400003,1151986.2606499998,1576869.1787400006,1443168.8338499996,2260320.6549600004,2268186.6600499996,3841970.6630499996,2404147.3669499997
2026-10-07T22:50:27.627557+00:00,obs-20261007-01,LIGHT,HBARUSDT,1.0,0.09286,0.09287,0.092865,1.076889941846737,8393220094,0.09286,0.09287,233,30,630457.6665400001,199330.79180999994,639365.3398499998,196833.21422999995,3416.39699,5498.183880000001,120452.10671000001,131191.91660000003,243355.65931,213997.21780000004,430121.01191,354097.9016700001,919932.8761500001,716458.1112700001
2026-10-07T22:51:27.645665+00:00,obs-20261007-01,LIGHT,PEPEUSDT,1.0,4.08e-06,4.09e-06,4.085e-06,24.50980392156854,8827995619,4.08e-06,4.09e-06,123,8,8663.67522182,14616.700621839995,7560.35020204,12250.01144288,0.0,879.4004010699999,93111.30930312,128258.59408322,305896.8116741,285484.15073771996,665469.82004643,577714.1468779299,1081693.12619359,1223711.5113730098
2026-10-07T22:51:27.645665+00:00,obs-20261007-01,LIGHT,BNBUSDT,1.0,771.51,771.52,771.515,0.12961594794580478,20910158336,771.51,771.52,199,43,291375.47164000006,475697.94171,202220.45755000005,479408.12584999995,1097.08487,5024.894810000002,933383.9221200002,1003944.5697599993,1663169.4498899993,2549857.99754,3496821.4118100004,4529353.626960004,5901269.874220003,5853118.873750004
2026-10-07T22:51:27.645665+00:00,obs-20261007-01,LIGHT,AAVEUSDT,1.0,173.08,173.09,173.085,0.5777675063556309,10439685686,173.08,173.09,216,28,1102739.6134700004,385139.45334999997,1099045.7115300004,366051.11704000004,2790.7605300000005,4604.9167099999995,117250.64145999998,114418.36719000002,209237.6817699999,164305.7907,343937.7448999999,223807.18064,863933.0784299999,253003.08885999993
2026-10-07T22:51:27.645665+00:00,obs-20261007-01,LIGHT,AVAXUSDT,1.0,11.089,11.09,11.089500000000001,0.9017945711953246,10520333934,11.089,11.09,346,113,1715816.0259799997,702555.4198199998,1682665.4834200002,709134.6657500005,21657.12907999999,21100.062240000003,162068.26943,154059.54176000002,326967.63012000005,245956.93465999994,436934.3853299997,304163.6664900001,544619.9135799997,325661.5845199998
2026-10-07T22:51:27.645665+00:00,obs-20261007-01,LIGHT,FILUSDT,1.0,1.0493,1.0494,1.04935,0.9530162965809552,9895546020,1.0493,1.0494,209,27,327964.287955,78667.28826299998,301992.806407,104754.186239,482.77485199999995,1125.3279699999998,74151.769762,94639.52365300001,152267.92597999997,145827.640357,277749.8576190001,208899.92043899998,351161.72750900005,237978.4649430001
2026-10-07T22:51:27.645665+00:00,obs-20261007-01,LIGHT,ALGOUSDT,1.0,0.1184,0.1185,0.11845,8.445945945945166,5664503560,0.1184,0.1185,133,0,170170.56309999997,12647.6251,165912.99079999997,8911.9529,0.0,0.0,52677.9084,34575.1843,117262.4393,67849.9842,161822.4984,98421.15340000002,196730.8117,111226.90330000002
2026-10-07T22:51:27.645665+00:00,obs-20261007-01,LIGHT,XRPUSDT,1.0,1.417,1.4171,1.4170500000000001,0.70571630204741,26678022254,1.417,1.4171,326,39,497750.8426,502114.0664099998,382092.15661999985,530407.08343,21537.148539999995,29155.4914,1138852.9235199997,1114992.9254199995,1691865.57286,1418957.6001599994,2378449.6030400004,2239670.349099999,4005406.0544600007,2375518.7891599988
2026-10-07T22:51:27.645665+00:00,obs-20261007-01,LIGHT,HBARUSDT,1.0,0.0928,0.09281,0.092805,1.0775862068967967,8393221325,0.0928,0.09281,182,18,475196.4768500002,232973.00534,478872.61553000007,216207.85174000004,2344.5508099999997,3570.8676899999996,153659.49114000003,129304.67845,276859.77479000005,229999.17634,439950.15596000006,370737.02046,918157.9226500002,733147.2202200001
2026-10-07T22:52:27.662185+00:00,obs-20261007-01,LIGHT,PEPEUSDT,1.0,4.08e-06,4.09e-06,4.085e-06,24.50980392156854,8827995847,4.08e-06,4.09e-06,115,15,76384.39292569002,25345.223025639996,98941.44342599002,22525.038966520002,7830.3469996799995,693.0406430999999,70982.51274336,146161.81986884,282440.10201816,288304.33479684,642912.76954613,580534.3309370499,1062846.6422369,1226531.6954321298
2026-10-07T22:52:27.662185+00:00,obs-20261007-01,LIGHT,BNBUSDT,1.0,771.43,771.44,771.435,0.12962938957583603,20910160695,771.43,771.44,226,39,914427.88134,1107761.1191100003,924786.3732200001,1000896.1672100001,1204.34018,2768.2275200000004,1052215.5827200003,1079050.9708099992,1653704.4837699998,2655508.9223700003,3486933.393170001,4635011.591040005,5888655.565590003,5956277.421380004
2026-10-07T22:52:27.662185+00:00,obs-20261007-01,LIGHT,AAVEUSDT,1.0,173.04,173.05,173.04500000000002,0.5779010633388815,10439687630,173.04,173.05,256,34,2617743.990510002,396713.77621000033,2567088.277330001,425274.7884700001,7301.46189,5976.554050000001,165253.47779000006,89286.93205,260478.69307000007,139500.08326,396460.4778799999,195107.03172000003,915366.9171399999,223939.83862999995
2026-10-07T22:52:27.662185+00:00,obs-20261007-01,LIGHT,AVAXUSDT,1.0,11.081,11.082,11.0815,0.9024456276529591,10520337571,11.081,11.082,321,50,1262369.746559999,453129.28843000013,1273990.93847,446755.3661500002,5748.49829,2495.8827999999994,181463.73069000003,175425.85945,356421.89260000014,252941.05564999994,441761.5366899999,307232.2621300001,539079.0797199999,329406.1250599998
2026-10-07T22:52:27.662185+00:00,obs-20261007-01,LIGHT,FILUSDT,1.0,1.0488,1.0489,1.0488499999999998,0.9534706331049136,9895548008,1.0488,1.0489,245,38,621761.3507389998,154004.75949,627875.5695950001,168159.158162,2510.6880340000002,1868.100165,87011.25506100002,72160.41856900002,167339.74383500006,130224.73534800002,275247.86201300006,194581.456368,345274.2394080001,223486.47446800012
2026-10-07T22:52:27.662185+00:00,obs-20261007-01,LIGHT,ALGOUSDT,1.0,0.1183,0.1184,0.11835000000000001,8.453085376163294,5664504336,0.1183,0.1184,130,2,116970.61150000004,29776.0011,121128.21379999998,25469.1597,125.8592,16.2345,62653.051499999994,24061.1367,127473.2537,64377.8734,160482.61850000004,96316.9564,199770.42170000004,115213.8663
2026-10-07T22:52:27.662185+00:00,obs-20261007-01,LIGHT,XRPUSDT,1.0,1.4164,1.4165,1.4164500000000002,0.7060152499294148,26678025247,1.4164,1.4165,350,72,2318414.8171999995,1659583.615749998,2292101.6584700006,1693403.9144999993,18799.473250000003,88323.15265000002,1121892.88305,1040723.0482699998,1563631.4540500005,1261410.3895099994,2470735.1565300007,2203929.646999999,4043015.474540001,2338704.6337099993
2026-10-07T22:52:27.662185+00:00,obs-20261007-01,LIGHT,HBARUSDT,1.0,0.09276,0.09277,0.092765,1.0780508840024794,8393222840,0.09276,0.09277,226,17,536780.9852100001,259743.15130000003,553115.5443300001,249961.92977999998,1525.56497,3064.3508299999994,131633.80281000002,129295.80374999999,252813.76093000005,233381.43580999994,431039.87695000006,379003.99432999996,901836.1169100001,742928.44174
2026-10-07T22:53:27.685589+00:00,obs-20261007-01,LIGHT,PEPEUSDT,1.0,4.08e-06,4.09e-06,4.085e-06,24.50980392156854,8827996080,4.08e-06,4.09e-06,127,9,129586.51427639001,109390.35079557,206456.19281885005,111703.35048640004,284.05267632,1811.1785650499999,91883.15668728,139915.58105498,272815.65943795,285457.13924108,566043.09100367,578221.3312462199,904577.5894610301,1224752.8916036799
2026-10-07T22:53:27.685589+00:00,obs-20261007-01,LIGHT,BNBUSDT,1.0,771.56,771.57,771.565,0.12960754834479005,20910163551,771.56,771.57,292,49,1147404.5098399995,1064792.29119,1103063.32086,1539760.4649600002,573.24768,7162.491560000001,966799.8779900002,971062.8633399992,1691876.6109899995,2412885.2941600005,3528081.920180001,4161460.804030001,5922357.097430002,5424664.563490002
2026-10-07T22:53:27.685589+00:00,obs-20261007-01,LIGHT,AAVEUSDT,1.0,173.1,173.11,173.10500000000002,0.5777007510121557,10439689519,173.1,173.11,306,26,4297958.51911,168428.87107999998,4268879.39674,206848.57455,876.3022,6778.5968,189124.28526000003,67188.00229,265616.03700000007,104323.80108000003,423373.36906000006,156890.80150000003,943542.0633,186022.37312999996
2026-10-07T22:53:27.685589+00:00,obs-20261007-01,LIGHT,AVAXUSDT,1.0,11.085,11.086,11.0855,0.9021199819581049,10520340253,11.085,11.086,242,29,828217.6441700005,341448.24907,873107.1524600004,407885.0436199999,1413.09751,7578.52808,147190.09006999998,113332.82267000002,323593.59386,181714.1470099999,378245.2394799998,241660.7936999999,489049.7007099997,262591.51980000007
2026-10-07T22:53:27.685589+00:00,obs-20261007-01,LIGHT,FILUSDT,1.0,1.0487,1.0488,1.04875,0.9535615523970087,9895549597,1.0487,1.0488,212,27,381213.81941199995,127256.26792,394092.42439600005,112319.70933500002,1309.357232,1848.461404,86643.79510799999,83672.672022,161742.08555399996,138548.47976000002,262375.310318,209407.159208,332838.76276499993,238418.0206850001
2026-10-07T22:53:27.685589+00:00,obs-20261007-01,LIGHT,ALGOUSDT,1.0,0.1183,0.1184,0.11835000000000001,8.453085376163294,5664505102,0.1183,0.1184,156,0,65679.55400000002,23653.0372,82013.16340000002,26987.611899999996,0.0,0.0,45244.431500000006,22333.3367,110674.1037,60881.3227,144149.00910000002,92982.3817,183854.3293,111879.2916
2026-10-07T22:53:27.685589+00:00,obs-20261007-01,LIGHT,XRPUSDT,1.0,1.417,1.4171,1.4170500000000001,0.70571630204741,26678027728,1.417,1.4171,356,48,1348504.7205099997,906154.3497500005,1047247.9057100007,1083158.8338400002,2046.5071699999999,46185.29338999999,1322260.83264,980084.69551,1730713.3519900006,1246503.7057400006,2706019.5765700005,2041811.2352900002,4332770.241869999,2165622.5565200015
2026-10-07T22:53:27.685589+00:00,obs-20261007-01,LIGHT,HBARUSDT,1.0,0.09279,0.0928,0.09279499999999999,1.0777023386143725,8393223993,0.09279,0.0928,191,12,322558.6858199998,125955.82931000002,332565.68267000007,156992.07858000003,1161.91176,2722.8271600000003,133684.35090999998,112527.66277000002,244975.26866,208648.69742,414894.59625,349481.9927100001,891823.1834600001,711892.1924700001
2026-10-07T22:54:27.972636+00:00,obs-20261007-01,LIGHT,PEPEUSDT,1.0,4.08e-06,4.09e-06,4.085e-06,24.50980392156854,8827996289,4.08e-06,4.09e-06,119,16,67018.02851347001,20216.996267469996,69878.33217477001,15848.628405849999,12258.90715656,666.0368761799999,58610.324423519996,139808.21752429998,239477.28334067,289825.50710269995,563182.78734237,582589.69910784,899206.8668978299,1232121.3417222998
2026-10-07T22:54:27.972636+00:00,obs-20261007-01,LIGHT,BNBUSDT,1.0,771.59,771.6,771.595,0.12960250910465376,20910165683,771.59,771.6,240,55,802906.2442500003,1264506.913819999,790924.4343300003,892474.8571900004,12832.539769999998,9447.510250000003,964840.0023600002,1029181.1198799994,1702680.9581099995,2554967.879330001,3536930.375980002,4533792.109480006,5934236.072240003,5911381.924880006
2026-10-07T22:54:27.972636+00:00,obs-20261007-01,LIGHT,AAVEUSDT,1.0,173.08,173.09,173.085,0.5777675063556309,10439690655,173.08,173.09,251,9,2728293.6467200005,170719.27536999996,2813304.5558899995,132237.63872999998,925.9791800000002,1623.29184,127980.80269999999,92472.52850000001,196563.57225,140728.15029000002,338661.67127999995,195308.10155000002,858578.58884,224504.00976999995
2026-10-07T22:54:27.972636+00:00,obs-20261007-01,LIGHT,AVAXUSDT,1.0,11.072,11.073,11.0725,0.9031791907521125,10520343681,11.072,11.073,314,58,882173.8268400003,497827.11756000033,862944.1731100001,446365.6096399999,2614.55077,5039.60316,177685.53887999998,153330.27575000003,367987.35242999997,231188.70700000002,414290.85427999974,291635.4678800001,512527.0276999997,300003.20319999993
2026-10-07T22:54:27.972636+00:00,obs-20261007-01,LIGHT,FILUSDT,1.0,1.0485,1.0486,1.04855,0.953743443012911,9895550789,1.0485,1.0486,193,9,281076.08314399986,82870.05442100002,279940.786714,60822.53632200001,134.335868,197.72436299999995,77287.08462,104515.01206900002,158936.474203,152264.199792,263521.03965299996,231328.62322500002,333976.8784669999,260168.68278400012
2026-10-07T22:54:27.972636+00:00,obs-20261007-01,LIGHT,ALGOUSDT,1.0,0.1182,0.1183,0.11825,8.460236886633776,5664506264,0.1182,0.1183,157,14,125781.96019999997,32517.800800000005,119134.2409,21393.969999999998,1026.844,187.44559999999998,42953.5631,25469.2034,114852.3233,63258.2034,154841.5966,100347.4595,196752.9184,122215.4004
2026-10-07T22:54:27.972636+00:00,obs-20261007-01,LIGHT,XRPUSDT,1.0,1.4169,1.417,1.41695,0.7057661091103284,26678031003,1.4169,1.417,364,74,1638072.0719500005,1259152.9630899997,1622471.0390599996,1272100.0702100003,8115.979770000003,30077.723070000004,1341678.5561499996,879134.36146,1746412.8443299998,1075345.13657,2721738.58494,2028789.1353699998,4347779.672039999,2152755.031280001
2026-10-07T22:54:27.972636+00:00,obs-20261007-01,LIGHT,HBARUSDT,1.0,0.09281,0.09282,0.09281500000000001,1.077470100203648,8393225309,0.09281,0.09282,179,13,302043.4001899999,182159.96996999998,271685.5042299999,164722.50904000003,3212.8589300000003,2573.98037,153002.14057000002,127074.82095,274184.77277000004,227545.91848999995,443920.00466999994,366934.26456,922073.4819700002,729329.6534000001
2026-10-07T22:55:27.978913+00:00,obs-20261007-01,LIGHT,PEPEUSDT,1.0,4.07e-06,4.08e-06,4.075e-06,24.57002457002533,8827996919,4.07e-06,4.08e-06,194,26,148862.87514859997,157027.20247782997,207950.87016475003,122056.29022069999,13415.830173600001,1217.8672432699998,161259.91347741,15333.962030159999,320303.72037253005,177613.43826602,603592.1636788601,516681.48621897,1005824.26975406,1215016.1253992398
2026-10-07T22:55:27.978913+00:00,obs-20261007-01,LIGHT,BNBUSDT,1.0,771.61,771.62,771.615,0.12959914982957343,20910166923,771.61,771.62,248,48,472416.49220000004,248598.19994999995,504274.2419500001,235920.52056999996,2147.3821799999996,6375.788839999997,935560.5127300001,1043140.3885299994,1677296.7652699994,2567825.4660300007,3505072.6262300005,4546597.597540005,5892228.2142400015,5924093.447460005
2026-10-07T22:55:27.978913+00:00,obs-20261007-01,LIGHT,AAVEUSDT,1.0,173.06,173.07,173.065,0.5778342771289857,10439691503,173.06,173.07,152,29,197082.62511999987,194004.81533000004,189043.34481000004,199819.36812,8718.17105,2827.20506,136939.85659,85814.99134,212530.53564000002,134843.15180000002,348490.5309899999,189434.29113000003,866624.37871,218440.02008999995
2026-10-07T22:55:27.978913+00:00,obs-20261007-01,LIGHT,AVAXUSDT,1.0,11.064,11.065,11.064499999999999,0.9038322487331385,10520345818,11.064,11.065,238,40,501728.94241000013,331166.45124999987,507366.9601799999,318628.04163,2349.866439999999,12712.20351,211296.53363000005,170561.48005000007,371770.36848000006,235423.55768000009,415921.90815,302963.88390000013,512258.0032299998,311789.45743000007
2026-10-07T22:55:27.978913+00:00,obs-20261007-01,LIGHT,FILUSDT,1.0,1.0484,1.0485,1.0484499999999999,0.9538344143456001,9895551732,1.0484,1.0485,195,12,183722.121272,41162.95957899999,192011.58564699994,38549.394032000004,1964.188341,23.081386,73496.605895,96298.76987500001,151115.741251,153852.459084,255244.685218,228452.618702,325693.2435289999,262782.24833100004
2026-10-07T22:55:27.978913+00:00,obs-20261007-01,LIGHT,ALGOUSDT,1.0,0.1182,0.1183,0.11825,8.460236886633776,5664506866,0.1182,0.1183,142,1,48206.999,22992.581799999985,62191.70830000002,17856.7541,0.0,424.81530000000004,32876.6122,36390.0935,100072.5727,70251.6208,140856.8873,105483.28720000002,183191.9905,125609.78150000003
2026-10-07T22:55:27.978913+00:00,obs-20261007-01,LIGHT,XRPUSDT,1.0,1.417,1.4171,1.4170500000000001,0.70571630204741,26678033027,1.417,1.4171,352,56,732210.3217699999,933820.1726699999,674421.27253,920195.83746,24964.826889999993,17714.931940000002,1401283.7878,971121.7315799999,1805825.5980900002,1245863.3264000006,2779409.6587000005,2042992.8929400004,4391638.790770001,2166804.214170002
2026-10-07T22:55:27.978913+00:00,obs-20261007-01,LIGHT,HBARUSDT,1.0,0.09276,0.09277,0.092765,1.0780508840024794,8393226367,0.09276,0.09277,154,13,227501.76084000006,130591.15399999995,250455.55542000002,114535.13717999999,1672.3298699999998,3191.89547,136870.18375,134773.86069,250795.61758,241842.28544999997,428436.98147999996,381461.22281,899249.44013,745385.6702200001
2026-10-07T22:56:27.979124+00:00,obs-20261007-01,LIGHT,PEPEUSDT,1.0,4.08e-06,4.09e-06,4.085e-06,24.50980392156854,8827997461,4.08e-06,4.09e-06,112,27,215660.54557536,110175.66159866998,116562.22284949999,140708.30685653,0.0,8490.46808232,33119.168052,143093.08699969,228230.2689928,294891.95918848994,575959.14445484,581929.32781519,922950.57378301,1200696.37588317
2026-10-07T22:56:27.979124+00:00,obs-20261007-01,LIGHT,BNBUSDT,1.0,771.86,771.87,771.865,0.12955717358043017,20910168799,771.86,771.87,212,53,1231620.5735600004,832738.21897,1198135.5412899996,894197.17849,926.81566,10390.151160000003,937917.4243000002,1068032.44508,1661961.41204,2592853.8069300014,3461949.2451600023,4486932.128960007,5927930.783310003,5865900.3976200055
2026-10-07T22:56:27.979124+00:00,obs-20261007-01,LIGHT,AAVEUSDT,1.0,173.28,173.29,173.285,0.5771006463528572,10439693041,173.28,173.29,180,28,748489.1510699997,139155.89101,564461.9161299998,177687.99353,1930.79551,4014.5085399999994,330597.50185,67001.16874000001,396485.38328000024,101577.5586,501175.49813000025,154600.64727999998,1054019.0117600006,179923.74556999994
2026-10-07T22:56:27.979124+00:00,obs-20261007-01,LIGHT,AVAXUSDT,1.0,11.082,11.083,11.0825,0.902364194188543,10520349289,11.082,11.083,253,40,738818.0282,442581.45331000024,713376.3188199998,476702.8589000003,1658.5976400000004,2314.777279999999,163742.99739,137872.2618,334404.1839100001,203836.97210999994,421370.03146,270449.4301600001,524851.7782299998,291785.8411599997
2026-10-07T22:56:27.979124+00:00,obs-20261007-01,LIGHT,FILUSDT,1.0,1.0486,1.0487,1.0486499999999999,0.9536524890330078,9895553744,1.0486,1.0487,239,38,279224.98938399996,131766.357309,285730.396451,157604.588216,10684.272495000001,929.7938750000002,62962.675254999995,79917.15741700001,144878.201518,132533.822434,248715.735306,208230.01194699996,319190.48057799984,236747.22362900013
2026-10-07T22:56:27.979124+00:00,obs-20261007-01,LIGHT,ALGOUSDT,1.0,0.1184,0.1185,0.11845,8.445945945945166,5664507438,0.1184,0.1185,106,4,55573.329399999995,24268.324599999996,38232.65099999999,46048.320400000004,0.0,178.3288,17458.1989,31553.3958,86286.04740000001,64562.8893,149778.20750000002,91879.22530000002,187307.9709,104432.22280000002
2026-10-07T22:56:27.979124+00:00,obs-20261007-01,LIGHT,XRPUSDT,1.0,1.4178,1.4179,1.41785,0.7053180984617491,26678035344,1.4178,1.4179,300,30,1419145.3037,949663.6608899999,1307426.80862,1001179.8369299999,5898.395330000001,19021.414960000002,1266826.4878099998,925141.1402100001,2016090.9028099997,1158806.2655600002,2884763.5368599994,1993662.3865800002,4486659.737390001,2118635.9579499997
2026-10-07T22:56:27.979124+00:00,obs-20261007-01,LIGHT,HBARUSDT,1.0,0.09287,0.09288,0.092875,1.0767739851424984,8393227719,0.09287,0.09288,174,9,502217.50226000004,181162.45739000003,466311.6360299999,214130.57413000005,974.17101,2688.32212,124704.81959999999,131630.65971,254413.5347400001,214413.81898999997,443385.6109300001,350138.73513,933144.7283700003,712493.59813
2026-10-07T22:57:27.998412+00:00,obs-20261007-01,LIGHT,PEPEUSDT,1.0,4.08e-06,4.09e-06,4.085e-06,24.50980392156854,8827997662,4.08e-06,4.09e-06,84,10,88498.24224407002,187642.59134552002,85450.27729996001,176334.32517763,182.88411096,605.4511253999999,43199.98090104,150056.34450700998,231540.05987864,302952.37152160995,579007.10939895,593237.5939830799,918444.2085562001,1212004.6420510598
2026-10-07T22:57:27.998412+00:00,obs-20261007-01,LIGHT,BNBUSDT,1.0,771.86,771.87,771.865,0.12955717358043017,20910169538,771.86,771.87,259,28,997148.1895700003,589157.1949999995,1009184.4127000005,591782.3650399995,639.10008,992.62482,925226.9774000001,1063603.38905,1647834.4321199998,2590065.1364500015,3449913.0220300015,4484306.958920007,5915284.246690003,5863124.803220005
2026-10-07T22:57:27.998412+00:00,obs-20261007-01,LIGHT,AAVEUSDT,1.0,173.28,173.29,173.285,0.5771006463528572,10439694490,173.28,173.29,263,9,2429038.419069999,224130.22022000002,2573720.818259999,192451.46465000007,932.1120800000001,269.98676,133726.09889000002,88531.08282999998,230306.34761000008,132721.23588999998,356493.09893999994,186279.40285,906236.9117700001,211742.74698
2026-10-07T22:57:27.998412+00:00,obs-20261007-01,LIGHT,AVAXUSDT,1.0,11.079,11.08,11.0795,0.902608538675409,10520352719,11.079,11.08,296,42,940046.18776,431874.5486200001,917830.5351099996,397654.2889499998,3173.05193,17159.45038,189494.42902,156604.43926,392878.15014000004,218626.46467999998,458133.11688,304398.61998000025,550112.7677299998,325971.8976999999
2026-10-07T22:57:27.998412+00:00,obs-20261007-01,LIGHT,FILUSDT,1.0,1.0493,1.0494,1.04935,0.9530162965809552,9895555832,1.0493,1.0494,251,32,403457.1997849999,162846.9013589999,376118.42992999975,155301.14749300005,1751.7139589999997,1439.5943499999998,86322.57158799999,93860.512875,172211.65321299998,150953.33651099997,272436.228622,216050.68695700003,346288.6536249999,244951.9000460001
2026-10-07T22:57:27.998412+00:00,obs-20261007-01,LIGHT,ALGOUSDT,1.0,0.1183,0.1184,0.11835000000000001,8.453085376163294,5664507952,0.1183,0.1184,141,0,41171.27880000002,32325.278,45734.36250000003,20464.553299999996,0.0,0.0,51333.0511,29007.2911,113967.7468,67608.3314,149589.6138,97328.91159999999,189857.97079999995,115973.13509999998
2026-10-07T22:57:27.998412+00:00,obs-20261007-01,LIGHT,XRPUSDT,1.0,1.4175,1.4176,1.4175499999999999,0.7054673721329507,26678037073,1.4175,1.4176,346,38,497760.55708000023,576301.1840199999,646213.7179299998,370436.2700399999,47563.03327000001,3423.549789999999,1255156.46071,1083567.4350799995,1875440.22121,1370091.0639399998,2738500.58286,2198675.134239999,4340559.513749999,2323894.6902
2026-10-07T22:57:27.998412+00:00,obs-20261007-01,LIGHT,HBARUSDT,1.0,0.09285,0.09286,0.092855,1.0770059235332141,8393228579,0.09285,0.09286,164,13,232584.75139000008,104115.91023,241215.27447,102165.04908000001,1371.7745100000002,2476.65475,138622.2512,128873.74783000001,248101.96983000002,215411.4405,434833.78293999995,352076.65269,926304.8617300001,714444.4592800001
2026-10-07T22:58:28.026547+00:00,obs-20261007-01,LIGHT,PEPEUSDT,1.0,4.08e-06,4.09e-06,4.085e-06,24.50980392156854,8827997858,4.08e-06,4.09e-06,120,9,189538.05380822,26908.733417609998,171962.73225737002,126224.12250910002,1999.99999824,639.14908939,89190.05481216,143293.22413125,288238.58969505003,285699.88714755,596582.4309498001,493922.20489159,925420.8739502602,1044686.5578489101
2026-10-07T22:58:28.026547+00:00,obs-20261007-01,LIGHT,BNBUSDT,1.0,771.88,771.89,771.885,0.12955381665458177,20910170834,771.88,771.89,226,47,860672.3327599998,792374.9121800006,832823.4752500001,766758.0425200003,639.13648,4527.97013,962518.1299599998,1091441.0642000001,1669098.7313699992,2616261.6988300025,3477469.2094500014,4510404.837150008,5942077.527200005,5888977.868710006
2026-10-07T22:58:28.026547+00:00,obs-20261007-01,LIGHT,AAVEUSDT,1.0,173.38,173.39,173.385,0.5767677932855264,10439696631,173.38,173.39,301,34,1872565.0715199988,233980.58047999992,1888850.0449399997,232047.71249999985,1081.26714,4304.6417200000005,126765.70628,84360.53648999998,225069.92008,127663.25540999995,333125.13742999994,192281.90095000004,871854.1178700001,213949.69514
2026-10-07T22:58:28.026547+00:00,obs-20261007-01,LIGHT,AVAXUSDT,1.0,11.074,11.075,11.0745,0.9030160736855919,10520355137,11.074,11.075,270,35,551447.9378800001,370963.78628999984,574126.2754599999,380831.9189200002,27617.60923,19242.674580000003,178846.27627,167500.63961999997,378690.669,226389.62616,435793.24357999995,293990.9371600002,525430.9272799998,303101.9875899999
2026-10-07T22:58:28.026547+00:00,obs-20261007-01,LIGHT,FILUSDT,1.0,1.0498,1.0499,1.0498500000000002,0.9525623928374749,9895556754,1.0498,1.0499,164,20,107664.05181399998,53633.132646000005,86935.813852,74144.88227399999,1095.832527,5135.145337,100208.14641800002,90110.677299,166598.48156599997,146101.49414000002,289425.9071710001,199409.15417100003,363528.77613300004,224506.94193000012
2026-10-07T22:58:28.026547+00:00,obs-20261007-01,LIGHT,ALGOUSDT,1.0,0.1183,0.1184,0.11835000000000001,8.453085376163294,5664508191,0.1183,0.1184,63,1,8548.130299999997,7146.5908,7068.871,8443.3486,0.0,12.1952,52878.1147,27269.584499999997,115466.7629,66352.472,151068.8731,96032.1538,191337.23009999996,114676.28439999999
2026-10-07T22:58:28.026547+00:00,obs-20261007-01,LIGHT,XRPUSDT,1.0,1.4175,1.4176,1.4175499999999999,0.7054673721329507,26678038675,1.4175,1.4176,314,52,680194.45989,492741.2412699999,660520.51131,768775.6630700001,5724.00409,21867.23867,1249872.9985000002,936081.3402599999,1878287.4098900002,1222359.9796800003,2758174.53144,1923145.52986,4473778.575029998,2158804.3182700006
2026-10-07T22:58:28.026547+00:00,obs-20261007-01,LIGHT,HBARUSDT,1.0,0.09289,0.0929,0.092895,1.0765421466252256,8393229324,0.09289,0.0929,131,5,364151.69364,142474.89615000004,409724.0966399998,174934.33292999995,0.0,1443.45019,119712.29585,110903.56086999999,230454.77324000004,186026.95686999994,388551.4481,319630.1595,878925.7434400002,683326.58775
2026-10-07T22:59:28.055678+00:00,obs-20261007-01,LIGHT,PEPEUSDT,1.0,4.08e-06,4.09e-06,4.085e-06,24.50980392156854,8827997972,4.08e-06,4.09e-06,65,7,20781.54940484999,104631.93462998,17510.554920480005,5116.747713480003,0.0,623.35408608,92429.54694983999,142508.64724315,289979.86690848,301552.47441915,599853.4254341699,593437.3918080899,928691.8684346301,1212221.9769202098
2026-10-07T22:59:28.055678+00:00,obs-20261007-01,LIGHT,BNBUSDT,1.0,771.99,772.0,771.995,0.1295353566765911,20910172182,771.99,772.0,297,44,1015377.20066,580422.8246199997,1004229.4045200003,562977.8183100001,10064.404809999998,6438.6453200000005,1002818.6324199997,1039038.6412500006,1716125.0589999994,2615009.6034600036,3488390.030150002,4528965.495230009,5952483.829210003,5907384.031370004
2026-10-07T22:59:28.055678+00:00,obs-20261007-01,LIGHT,AAVEUSDT,1.0,173.51,173.52,173.515,0.576335657889171,10439698304,173.51,173.52,281,29,1497790.9372800002,151662.88613000003,1474834.0834899999,149669.09191000002,225.17237999999998,6555.1408,133692.03795,87925.24007999999,233396.54382999992,134676.16089999996,348780.2509299999,194528.29624000005,404348.9222600001,216017.75773000004
2026-10-07T22:59:28.055678+00:00,obs-20261007-01,LIGHT,AVAXUSDT,1.0,11.082,11.083,11.0825,0.902364194188543,10520357940,11.082,11.083,264,32,626701.4115699999,319888.99565000006,605756.82857,312768.48584,1370.06661,491.15028000000007,192908.73527000003,163229.83457,357700.0634000001,235275.25449999995,441851.9295300001,301910.8770100003,546302.1658299998,324245.22383999993
2026-10-07T22:59:28.055678+00:00,obs-20261007-01,LIGHT,FILUSDT,1.0,1.0502,1.0503,1.0502500000000001,0.9521995810324313,9895558304,1.0502,1.0503,209,16,191116.207038,115373.26495399997,188753.66401200005,127443.77102300002,857.0956469999999,1410.497853,89333.41530499999,84419.10165700002,181208.23042999997,138211.165424,291775.88287699997,191396.618851,366251.9033210001,220968.40494200014
2026-10-07T22:59:28.055678+00:00,obs-20261007-01,LIGHT,ALGOUSDT,1.0,0.1184,0.1185,0.11845,8.445945945945166,5664508602,0.1184,0.1185,95,0,30859.743900000005,45045.6296,27907.8046,39254.97689999999,0.0,0.0,26252.8523,41282.0205,100479.70229999999,76469.2237,145192.7224,103689.04490000001,185448.24089999998,116461.0085
2026-10-07T22:59:28.055678+00:00,obs-20261007-01,LIGHT,XRPUSDT,1.0,1.4178,1.4179,1.41785,0.7053180984617491,26678039841,1.4178,1.4179,252,27,948415.9503499999,554824.78293,811193.7090599998,447709.2458400001,733.6980000000001,12033.34572,1331881.7574599998,1089707.2560199997,1907454.6582499996,1328212.2395700002,2893206.565879999,2030608.31007,4493353.870229998,2156086.839900001
2026-10-07T22:59:28.055678+00:00,obs-20261007-01,LIGHT,HBARUSDT,1.0,0.09289,0.0929,0.092895,1.0765421466252256,8393229697,0.09289,0.0929,110,2,268324.39119,78716.83986000001,203302.80811,48740.20767,0.0,59.455999999999996,157124.75646000003,131567.49942999997,295641.14438,212392.61231999993,453573.03118,349606.79169,943938.7965600003,713303.21994
2026-10-07T23:00:28.065021+00:00,obs-20261007-01,LIGHT,PEPEUSDT,1.0,4.08e-06,4.09e-06,4.085e-06,24.50980392156854,8827998177,4.08e-06,4.09e-06,94,9,55541.74039361999,10531.192371849998,41056.142147039995,15166.336739369995,129.65143296,626.5009320799999,104774.75609016,137832.40947353,302224.69187568,296917.33005163,614339.0236807499,588802.2474405699,1022899.4985172302,1207585.82029382
2026-10-07T23:00:28.065021+00:00,obs-20261007-01,LIGHT,BNBUSDT,1.0,771.99,772.0,771.995,0.1295353566765911,20910173074,771.99,772.0,234,44,489409.85184,210272.78392999998,514793.8258400002,232145.89273000002,682.4391599999999,1168.808,965148.2274799995,1040092.3298900006,1686505.8199299993,2612744.874520004,3463006.056150002,4507092.386430008,5927488.001520003,5893672.894880002
2026-10-07T23:00:28.065021+00:00,obs-20261007-01,LIGHT,AAVEUSDT,1.0,173.64,173.65,173.64499999999998,0.5759041695463374,10439700265,173.64,173.65,269,45,1367448.8772600002,205039.42934,1302192.6830200003,206358.64937999996,3059.9747199999997,5996.480009999999,168527.77249,89570.65713999998,259021.22204000002,143115.33987,398042.15030999994,195466.4982300001,458472.95541,221140.4149800001
2026-10-07T23:00:28.065021+00:00,obs-20261007-01,LIGHT,AVAXUSDT,1.0,11.086,11.087,11.086500000000001,0.9020386072511322,10520359951,11.086,11.087,256,25,749503.7238299999,164687.08796999996,743796.97388,181022.95256999988,6160.35033,7258.473699999999,185778.29075999997,165620.30060000002,353628.62304000003,219995.02967000002,445633.53143999993,286418.06308000034,551479.51328,306954.2710299999
2026-10-07T23:00:28.065021+00:00,obs-20261007-01,LIGHT,FILUSDT,1.0,1.0508,1.0509,1.05085,0.9516558812339149,9895560196,1.0508,1.0509,254,30,212332.26595300008,111968.06673999995,200227.84942500005,120750.31368099994,2496.8331510000003,957.5866360000001,88982.378605,92040.86799800002,180027.066497,143415.63369600003,281143.4658649999,183145.41144400003,376567.91883300024,210232.76117700012
2026-10-07T23:00:28.065021+00:00,obs-20261007-01,LIGHT,ALGOUSDT,1.0,0.1183,0.1184,0.11835000000000001,8.453085376163294,5664508904,0.1183,0.1184,96,1,11678.5532,32277.858400000005,16548.102600000002,30020.0366,230.5248,0.0,52388.2285,26131.1509,113552.9528,68014.4369,147594.4954,104080.62829999998,188185.0034,118398.85899999997
2026-10-07T23:00:28.065021+00:00,obs-20261007-01,LIGHT,XRPUSDT,1.0,1.4176,1.4177,1.41765,0.7054176072229801,26678042460,1.4176,1.4177,334,68,1292190.4517300008,1364930.1166400001,1411817.4983500005,1168917.8151500009,16350.599750000003,48710.50776,1205804.7501599998,1097239.3725500002,1790400.7121599999,1396163.4002900005,2775527.36193,2226840.93396,4374212.796749999,2352403.634020001
2026-10-07T23:00:28.065021+00:00,obs-20261007-01,LIGHT,HBARUSDT,1.0,0.09286,0.09287,0.092865,1.076889941846737,8393230787,0.09286,0.09287,172,7,405038.5023000001,191203.62561999995,413082.91561000014,180023.65138000002,1392.61991,322.53751,159895.76066,140328.13551999998,290489.9310700001,226043.04246000003,446187.52856,360781.41933000006,935940.0711900003,723141.6289300001
2026-10-07T23:01:28.072505+00:00,obs-20261007-01,LIGHT,PEPEUSDT,1.0,4.08e-06,4.09e-06,4.085e-06,24.50980392156854,8827998881,4.08e-06,4.09e-06,236,10,93694.36996257999,87421.04379434005,96048.84430543,85707.45372087006,0.0,1651.35747147,102862.36374911999,142366.76313496,298745.21902602,295346.10753696,611984.5493379,590515.83751404,1019777.3706689801,1209300.4226261599
2026-10-07T23:01:28.072505+00:00,obs-20261007-01,LIGHT,BNBUSDT,1.0,772.15,772.16,772.155,0.12950851518533923,20910175878,772.15,772.16,335,78,2132908.2208,1181336.7356599993,2163334.37269,1245877.4051200002,2226.8527899999995,31465.172839999985,1029673.1101199999,1767680.3396200007,1649515.3919700005,2746366.9013600033,3430141.435860003,4444140.122570007,5884218.291510005,5940598.967189997
2026-10-07T23:01:28.072505+00:00,obs-20261007-01,LIGHT,AAVEUSDT,1.0,173.67,173.68,173.675,0.5758046870507627,10439702513,173.67,173.68,239,39,1599535.6857699994,243084.29281,1563011.0577599998,259359.672,4883.82018,2818.86414,201339.98624999993,82661.61649999999,300793.86211999995,129431.34460999999,434326.7851000001,179283.90827000004,496922.4546100001,204593.01648000002
2026-10-07T23:01:28.072505+00:00,obs-20261007-01,LIGHT,AVAXUSDT,1.0,11.086,11.087,11.086500000000001,0.9020386072511322,10520362324,11.086,11.087,266,31,690859.261,259304.04430999997,694320.7113599998,235054.2531,9216.73341,1098.12425,182595.87360999995,178363.05836999998,351663.24289000005,232842.99984999996,442172.08107999986,310667.8542900002,549008.76606,331220.62110999983
2026-10-07T23:01:28.072505+00:00,obs-20261007-01,LIGHT,FILUSDT,1.0,1.0507,1.0508,1.0507499999999999,0.9517464547448284,9895561965,1.0507,1.0508,232,16,136855.300333,70956.31321800001,138758.7499369999,73424.46550699997,515.062586,803.886113,88508.38175599999,88769.97397900002,178020.82268299995,137146.67393800002,279240.0162609999,180341.64425600003,374672.9683490002,207746.51690400013
2026-10-07T23:01:28.072505+00:00,obs-20261007-01,LIGHT,ALGOUSDT,1.0,0.1183,0.1184,0.11835000000000001,8.453085376163294,5664509178,0.1183,0.1184,80,2,12073.698299999996,30614.108299999996,8443.631800000001,31091.106599999996,99.2537,99.2192,55939.941300000006,26719.930699999997,116950.3264,68230.075,151224.56190000003,103603.62999999999,191394.7611,117921.95359999998
2026-10-07T23:01:28.072505+00:00,obs-20261007-01,LIGHT,XRPUSDT,1.0,1.4173,1.4174,1.4173499999999999,0.7055669230227046,26678043992,1.4173,1.4174,292,46,551021.7473100001,562349.6416500002,583680.0982100002,535812.3865700001,8859.647880000004,1119.86118,1251450.05528,1123524.90905,1920693.6220700003,1417243.13519,2744756.60261,2253231.00915,4344071.162489999,2377702.58374
2026-10-07T23:01:28.072505+00:00,obs-20261007-01,LIGHT,HBARUSDT,1.0,0.09282,0.09283,0.09282499999999999,1.0773540185304853,8393231606,0.09282,0.09283,159,7,274854.11963000015,222508.88167999996,286983.52457999997,201361.83664999998,1533.30982,621.83796,162991.36049000002,148060.29058,281009.6905600001,244206.39675999997,435112.3164,381817.2404700001,925577.4310900003,744212.6293100001
2026-10-07T23:02:28.079508+00:00,obs-20261007-01,LIGHT,PEPEUSDT,1.0,4.08e-06,4.09e-06,4.085e-06,24.50980392156854,8827999496,4.08e-06,4.09e-06,256,10,22414.44115801,80570.55426346,17233.089708689997,74080.55757143002,93.83776824,1191.30220597,92656.02757848,148210.66498009,306195.04068557,301836.10422899,617165.90078722,597005.8342060699,1025727.3756247002,1215802.7316781897
2026-10-07T23:02:28.079508+00:00,obs-20261007-01,LIGHT,BNBUSDT,1.0,772.38,772.39,772.385,0.12946995002538486,20910178643,772.38,772.39,287,81,3135344.647990002,1815884.5120599996,2956544.4891700004,1775005.5322600002,1350.8330400000004,14400.595359999994,903636.6412399997,1835685.7206000006,1634880.5586999997,2791997.432700001,3607243.6345700016,4665342.051780001,5901481.949450004,5983674.114889995
2026-10-07T23:02:28.079508+00:00,obs-20261007-01,LIGHT,AAVEUSDT,1.0,173.72,173.73,173.725,0.5756389592437294,10439705097,173.72,173.73,296,33,2267426.944569999,393420.9580699999,2364080.167030001,377338.84105999995,2643.356210000001,2054.25362,127216.28637999996,90131.28228000001,220449.33583999999,133136.32969,335628.9881800003,195379.35872000005,406039.7926800001,221123.24463000006
2026-10-07T23:02:28.079508+00:00,obs-20261007-01,LIGHT,AVAXUSDT,1.0,11.094,11.095,11.0945,0.9013881377328836,10520364792,11.094,11.095,244,42,708448.9321899996,228992.7642700001,700417.6784099998,240154.58065999992,14066.684609999997,15635.173770000001,174249.96470999997,155584.35771999997,321739.8936400001,226696.6446,449921.32950999984,301775.2363000003,555027.2463199999,322727.0766799999
2026-10-07T23:02:28.079508+00:00,obs-20261007-01,LIGHT,FILUSDT,1.0,1.0514,1.0515,1.05145,0.9511128019812354,9895563882,1.0514,1.0515,240,52,209182.0166049999,119614.66829900004,201556.36537300004,111438.25898299998,2894.2969089999997,5470.572601,78557.615904,101522.58669199998,171415.01081199996,148714.20109200003,273455.3359219999,192913.54581900005,378066.53807800007,218139.0109010001
2026-10-07T23:02:28.079508+00:00,obs-20261007-01,LIGHT,ALGOUSDT,1.0,0.1183,0.1184,0.11835000000000001,8.453085376163294,5664509368,0.1183,0.1184,61,1,8529.186499999998,8598.498,9161.442500000001,9358.3289,269.8423,0.0,55147.2234,27863.2525,116318.07040000001,66497.6903,150592.30590000004,102843.79909999999,190762.5051,117162.12269999998
2026-10-07T23:02:28.079508+00:00,obs-20261007-01,LIGHT,XRPUSDT,1.0,1.4174,1.4175,1.41745,0.7055171440661923,26678045109,1.4174,1.4175,301,56,365437.21387,427759.04797,292852.83389,484397.82667,1830.3166300000007,18430.343399999994,1293936.60606,1053686.6288599998,1992608.39609,1365012.82188,2817256.50995,2196638.7574499995,4401655.589009997,2321208.2304700003
2026-10-07T23:02:28.079508+00:00,obs-20261007-01,LIGHT,HBARUSDT,1.0,0.09278,0.09279,0.092785,1.077818495365257,8393232763,0.09278,0.09279,172,15,484808.4913600001,194211.41556,500943.31988000026,194586.89178000006,2363.29998,5360.726729999999,152797.99937,132731.03016,250341.14706000008,197476.22208999994,436876.3832400001,375969.91889,909572.3593400003,743837.15309
2026-10-07T23:03:28.083308+00:00,obs-20261007-01,LIGHT,PEPEUSDT,1.0,4.08e-06,4.09e-06,4.085e-06,24.50980392156854,8828000217,4.08e-06,4.09e-06,278,11,24482.342601849996,66473.12626879006,24940.74446351,65330.29114269012,2.08952304,725.36212168,103375.81829328,145493.23486131,305742.09350922,303140.15414101,616707.49892556,598148.66933217,1024500.3202566402,1216945.5370642901
2026-10-07T23:03:28.083308+00:00,obs-20261007-01,LIGHT,BNBUSDT,1.0,772.58,772.59,772.585,0.12943643376672753,20910183348,772.58,772.59,359,133,5054764.203830002,3283320.2148000016,5106830.25311,3322793.4110599975,9719.526759999999,24174.89233999999,831424.1495299998,1631892.6662000008,1558101.1497600002,2769949.22224,3554172.731390001,4630609.5452,5790772.038400003,5991782.038629995
2026-10-07T23:03:28.083308+00:00,obs-20261007-01,LIGHT,AAVEUSDT,1.0,173.58,173.59,173.585,0.5761032376994102,10439708137,173.58,173.59,309,31,2759182.3749199994,239177.35843,2721686.507510001,229722.51100999987,4489.4828,1092.02003,147355.27787000002,98258.16478,228374.04164999997,144230.78216000003,381384.27601000015,202866.61211000013,444091.93208000006,227683.4544900001
2026-10-07T23:03:28.083308+00:00,obs-20261007-01,LIGHT,AVAXUSDT,1.0,11.1,11.101,11.1005,0.9009009009020019,10520368911,11.1,11.101,356,68,1223260.000950001,458337.66594,1231725.52382,466353.5928900001,5234.435720000001,10290.34749,143269.68653,148804.10117,280264.3552799999,219443.23101999998,441372.6420699997,294748.5722800001,537803.6789299997,315296.7222299998
2026-10-07T23:03:28.083308+00:00,obs-20261007-01,LIGHT,FILUSDT,1.0,1.051,1.0511,1.05105,0.9514747859173944,9895565805,1.051,1.0511,200,50,250328.5688410001,123360.04720300002,259684.9607230001,124157.44536900001,4599.833982000001,3632.6425729999996,94577.21617399999,82632.596933,178868.01497199995,138916.480505,275979.4301979998,192105.90176700003,360429.54643800005,215175.4643500001
2026-10-07T23:03:28.083308+00:00,obs-20261007-01,LIGHT,ALGOUSDT,1.0,0.1184,0.1185,0.11845,8.445945945945166,5664509741,0.1184,0.1185,95,1,29487.660600000014,19180.841099999998,25834.3034,21947.118599999998,0.0,27.3504,38256.7006,36927.6896,103237.0201,73957.0462,146974.3407,101943.76000000001,187229.83519999997,114715.7236
2026-10-07T23:03:28.083308+00:00,obs-20261007-01,LIGHT,XRPUSDT,1.0,1.4174,1.4175,1.41745,0.7055171440661923,26678047632,1.4174,1.4175,367,48,1029592.0642100001,923301.4846199992,1067040.99053,957250.6251799992,3786.66918,18888.860819999998,1246293.2357200002,1048810.8006799999,1955696.0090300008,1328416.83814,2779807.583630001,2163699.1812099996,4364673.498359999,2288268.65423
2026-10-07T23:03:28.083308+00:00,obs-20261007-01,LIGHT,HBARUSDT,1.0,0.09276,0.09277,0.092765,1.0780508840024794,8393234129,0.09276,0.09277,219,10,415739.4271499998,191298.2492300001,415552.86012,178884.35598999998,1260.3815800000002,3092.25486,161281.96385,143072.41965999999,261211.83332000006,250374.49605,439039.4249600001,386875.09395999997,909755.9499700003,756251.04633
2026-10-07T23:04:28.118258+00:00,obs-20261007-01,LIGHT,PEPEUSDT,1.0,4.08e-06,4.09e-06,4.085e-06,24.50980392156854,8828000892,4.08e-06,4.09e-06,248,13,32194.744480459998,135970.10998647995,41865.78990323,137975.08233168995,0.0,870.79968322,95258.28340656,147009.44009056,296070.41693692,300795.46266595996,607036.4535027901,596143.69698696,1015597.9283402702,1214940.56471908
2026-10-07T23:04:28.118258+00:00,obs-20261007-01,LIGHT,BNBUSDT,1.0,772.79,772.8,772.795,0.12940126036919963,20910185721,772.79,772.8,293,55,919224.8515499992,1349562.6787200002,849278.4508599996,1328477.2608899986,10736.052880000001,9481.47258,823259.52979,1843908.6470600008,1610861.11091,2914815.1506600007,3356192.732790001,4762414.052289999,5629764.515960002,6014756.018259997
2026-10-07T23:04:28.118258+00:00,obs-20261007-01,LIGHT,AAVEUSDT,1.0,173.72,173.73,173.725,0.5756389592437294,10439710687,173.72,173.73,294,17,5666308.818569995,208353.49554999993,5703165.950449998,247833.6883099999,101.5985,1115.2083400000001,135661.65206999995,69982.65356,196183.36297,112470.56870000002,330310.56825000024,165431.49178000007,401320.1661600001,190922.2290200001
2026-10-07T23:04:28.118258+00:00,obs-20261007-01,LIGHT,AVAXUSDT,1.0,11.111,11.112,11.1115,0.9000090000887973,10520373055,11.111,11.112,314,47,1105460.5695599997,427919.24926000036,1058310.34995,466703.4519000002,1429.43317,6909.282560000001,141758.97073,124254.03866000002,306560.04492,194050.31526000012,485169.58134999976,256961.99890000006,559547.8989199997,277513.9629700001
2026-10-07T23:04:28.118258+00:00,obs-20261007-01,LIGHT,FILUSDT,1.0,1.0507,1.0508,1.0507499999999999,0.9517464547448284,9895567486,1.0507,1.0508,209,31,178869.15194800004,65405.52753199998,178835.33190700004,53312.12510399998,4051.4166729999997,1585.620224,96956.38741999998,96707.51685600002,186488.32212699993,144175.71648099998,277543.09565199976,199806.47872399996,364633.26347,227234.19095400005
2026-10-07T23:04:28.118258+00:00,obs-20261007-01,LIGHT,ALGOUSDT,1.0,0.1184,0.1185,0.11845,8.445945945945166,5664510160,0.1184,0.1185,73,2,28328.74900000001,16674.569499999994,24942.3972,15336.6231,0.0,78.2904,36405.017,39070.4743,106890.6651,75275.172,150360.69249999998,103281.7064,190616.18699999995,116053.66999999998
2026-10-07T23:04:28.118258+00:00,obs-20261007-01,LIGHT,XRPUSDT,1.0,1.4178,1.4179,1.41785,0.7053180984617491,26678049324,1.4178,1.4179,331,31,648439.9681799999,589062.7605700002,508605.76656,668271.1203500003,50356.94645,19553.754859999997,1348166.51479,972579.22028,1936694.2026099998,1249448.6995199998,2915890.8236399996,2085885.70996,4501730.174699999,2211364.2397900005
2026-10-07T23:04:28.118258+00:00,obs-20261007-01,LIGHT,HBARUSDT,1.0,0.09287,0.09288,0.092875,1.0767739851424984,8393235640,0.09287,0.09288,215,17,469512.54404,186592.72249999997,450151.41318000003,226307.0715700001,262.9746,2543.7788499999997,124143.39121000002,135743.07233999996,262771.26000000007,219554.67124999993,437443.31904,354257.87890999997,927195.0152900002,716612.74191
2026-10-07T23:05:28.130445+00:00,obs-20261007-01,LIGHT,PEPEUSDT,1.0,4.08e-06,4.09e-06,4.085e-06,24.50980392156854,8828001569,4.08e-06,4.09e-06,268,10,34918.69444377,66947.18000473997,37968.331749,67514.31503387002,0.0,907.8556476399999,92749.28626824,146520.37769843,293016.81038391,300228.46636683,603986.81619756,595576.56195783,1012548.2910350403,1214373.4296899498
2026-10-07T23:05:28.130445+00:00,obs-20261007-01,LIGHT,BNBUSDT,1.0,772.85,772.86,772.855,0.12939121433630518,20910188748,772.85,772.86,307,80,1817854.8312499996,1447988.60596,1873690.8690999995,1471228.6467999998,7409.5326300000015,50356.610759999974,858131.4181899998,1844524.036830001,1557827.9668199995,2892194.8847900014,3284782.31888,4890326.37441,5580133.7512799995,5992314.423609997
2026-10-07T23:05:28.130445+00:00,obs-20261007-01,LIGHT,AAVEUSDT,1.0,173.68,173.69,173.685,0.5757715338550184,10439713408,173.68,173.69,334,28,3650522.6427699975,305407.56649999996,3635681.02484,281238.60078999994,1099.0751500000001,12210.97789,121520.44981999997,82949.57944,212480.94291999997,130589.7401,345499.74496000004,189587.12405000007,402450.15427999996,214701.05785000007
2026-10-07T23:05:28.130445+00:00,obs-20261007-01,LIGHT,AVAXUSDT,1.0,11.1,11.101,11.1005,0.9009009009020019,10520376399,11.1,11.101,279,68,1116854.0740900002,483377.62099,1146993.4181899999,432561.41034999985,14429.520380000007,16341.08819,167747.23629,164851.39912,320222.18529,241379.01107999997,458383.51757999987,306780.58028,540147.61594,327745.83906999964
2026-10-07T23:05:28.130445+00:00,obs-20261007-01,LIGHT,FILUSDT,1.0,1.0508,1.0509,1.05085,0.9516558812339149,9895568514,1.0508,1.0509,177,5,120264.834782,40072.547686000005,121015.62473500003,47215.57756700003,503.885532,41.08919,96201.912636,89465.23046500002,190292.08442299993,140363.27262600002,276792.3056989998,192999.063742,363882.471956,220109.25305700008
2026-10-07T23:05:28.130445+00:00,obs-20261007-01,LIGHT,ALGOUSDT,1.0,0.1184,0.1185,0.11845,8.445945945945166,5664510530,0.1184,0.1185,82,3,26848.9153,29755.935699999998,29278.123699999996,29629.6844,119.8208,14.451699999999999,34695.340800000005,41012.715299999996,104872.11200000001,75298.9286,147931.4841,103407.9577,188186.88569999998,116179.92129999999
2026-10-07T23:05:28.130445+00:00,obs-20261007-01,LIGHT,XRPUSDT,1.0,1.4171,1.4172,1.41715,0.7056665020099828,26678052054,1.4171,1.4172,363,69,1259550.9053300002,1406453.7124300005,1415415.1402399994,1276908.36786,24884.503409999998,18348.14459,1354773.0331300003,1076635.3043399996,2013842.2730100001,1242751.2753299994,2766329.6257900004,2215328.3868199987,4364546.69934,2339224.605139999
2026-10-07T23:05:28.130445+00:00,obs-20261007-01,LIGHT,HBARUSDT,1.0,0.09285,0.09286,0.092855,1.0770059235332141,8393236174,0.09285,0.09286,135,6,263798.80117,74408.17913000003,263309.29336000007,71906.39385000002,1295.7684,50.23726,157635.57906000002,137132.40386,280190.99554,220061.69187,438011.5219399999,356746.72060000006,929482.8766400001,719114.52719
2026-10-07T23:06:28.162413+00:00,obs-20261007-01,LIGHT,PEPEUSDT,1.0,4.08e-06,4.09e-06,4.085e-06,24.50980392156854,8828002232,4.08e-06,4.09e-06,240,6,35675.12012194,85576.00505149,38655.60769336,82340.98147202004,0.0,622.2066611199999,59470.35067536,153910.3580551,260008.48976665002,303463.4899463,601006.32862614,598811.5855373,1009561.14407803,1217608.45326942
2026-10-07T23:06:28.162413+00:00,obs-20261007-01,LIGHT,BNBUSDT,1.0,772.85,772.86,772.855,0.12939121433630518,20910189894,772.85,772.86,279,34,550349.1232700001,514425.73541000014,536346.66987,505161.20041,2943.7856500000003,10721.113919999998,873231.3449799998,1852276.8987000012,1571886.7827999995,2901424.375990001,3298784.7722799997,4899590.909409999,5584887.382109999,6001578.958609996
2026-10-07T23:06:28.162413+00:00,obs-20261007-01,LIGHT,AAVEUSDT,1.0,173.78,173.79,173.785,0.5754402117608137,10439715616,173.78,173.79,249,16,3673675.8491399977,221293.91470000008,3601491.961339999,222660.00927,509.27803,955.84052,184962.25595999998,86743.88418000001,279924.19911999995,140024.28614000004,399869.25791,188629.75013000012,481612.06328999996,214222.23735000013
2026-10-07T23:06:28.162413+00:00,obs-20261007-01,LIGHT,AVAXUSDT,1.0,11.101,11.102,11.101500000000001,0.9008197459681178,10520381876,11.101,11.102,325,176,1595229.3888500002,521229.0495600002,1576700.4822000004,530790.1614800004,61431.36299000001,67022.0291,170343.93892000007,162551.73541000002,367738.1602599999,230506.21007000006,474445.6088299997,297239.31360000005,558264.6239899996,317773.1611899997
2026-10-07T23:06:28.162413+00:00,obs-20261007-01,LIGHT,FILUSDT,1.0,1.0506,1.0507,1.05065,0.9518370454975056,9895569839,1.0506,1.0507,193,23,158663.761728,44219.58339199999,153902.25618300008,46449.29856800001,2672.349823,5860.0943609999995,100036.99173299999,87198.948611,195179.41070499996,134373.966021,285074.0872899998,190433.733667,369044.135088,217848.9070070001
2026-10-07T23:06:28.162413+00:00,obs-20261007-01,LIGHT,ALGOUSDT,1.0,0.1183,0.1184,0.11835000000000001,8.453085376163294,5664511266,0.1183,0.1184,169,0,39541.6147,25057.147699999994,41512.945000000014,23415.3871,0.0,0.0,59492.344600000004,26894.840399999997,119615.39880000001,66308.0131,153231.47619999998,103183.47989999998,192982.99539999996,117501.80349999997
2026-10-07T23:06:28.162413+00:00,obs-20261007-01,LIGHT,XRPUSDT,1.0,1.4171,1.4172,1.41715,0.7056665020099828,26678053898,1.4171,1.4172,318,56,808159.3228900001,677093.06843,835130.17674,637204.68814,1968.2263699999999,19459.639320000006,1315702.8470200005,1103969.5221,1984575.53312,1282691.85379,2739358.77194,2255216.76711,4326400.209919998,2378852.88543
2026-10-07T23:06:28.162413+00:00,obs-20261007-01,LIGHT,HBARUSDT,1.0,0.09285,0.09286,0.092855,1.0770059235332141,8393236733,0.09285,0.09286,127,13,255843.8804000001,71885.11473,249573.71272000007,72012.19899000002,545.4009,2496.6532800000004,164545.82140000002,135932.45604999998,286461.18133,219959.52671999997,444281.68961999984,356619.63634,935744.5171500001,718987.44293
2026-10-07T23:07:28.166638+00:00,obs-20261007-01,LIGHT,PEPEUSDT,1.0,4.08e-06,4.09e-06,4.085e-06,24.50980392156854,8828002564,4.08e-06,4.09e-06,140,17,171556.86963635994,18727.70329036,186185.56657874,15751.407623849998,17939.898719999997,618.2366535399999,84984.75876696,156885.10377947,275531.72984373,306438.23250956996,586377.63168376,601787.88120381,998465.82019428,1220584.74893593
2026-10-07T23:07:28.166638+00:00,obs-20261007-01,LIGHT,BNBUSDT,1.0,772.76,772.77,772.765,0.12940628396851395,20910193343,772.76,772.77,369,177,1950123.2733600002,2784904.6939099994,1974932.879539998,2773370.57129,31255.380219999985,23204.108270000004,1014904.39321,1833821.8700300015,1555176.0084199999,2914392.1323100002,3290697.1324000005,4756774.179909999,5550147.093219999,6013500.612569996
2026-10-07T23:07:28.166638+00:00,obs-20261007-01,LIGHT,AAVEUSDT,1.0,173.71,173.72,173.715,0.5756720971739071,10439718174,173.71,173.72,308,41,2489840.81223,335123.7751500002,2561734.104219999,319452.6094999999,20212.243100000003,2678.46846,137672.11148999998,96569.51372,209573.30741000004,141444.78008,347156.56651000003,203905.52857000005,407195.05429,229396.26581000007
2026-10-07T23:07:28.166638+00:00,obs-20261007-01,LIGHT,AVAXUSDT,1.0,11.103,11.104,11.1035,0.9006574799608202,10520386639,11.103,11.104,319,141,1270720.7237500001,542758.8164100001,1340469.5622299996,532407.1712899999,69802.07960000004,61467.194049999984,128496.32164999998,135102.15874,276446.28833999985,222852.60344000004,404677.20504999964,307626.2821,491220.5763499994,327104.8974199997
2026-10-07T23:07:28.166638+00:00,obs-20261007-01,LIGHT,FILUSDT,1.0,1.0514,1.0515,1.05145,0.9511128019812354,9895573255,1.0514,1.0515,297,98,333597.1240129999,123433.51496999993,314440.177128,129445.81063799995,7651.032278000001,3210.381177999999,102741.54182799999,97814.861316,183689.10096599997,144950.598677,287300.42655799986,188824.509356,380723.81680200004,214049.97443800003
2026-10-07T23:07:28.166638+00:00,obs-20261007-01,LIGHT,ALGOUSDT,1.0,0.1186,0.1187,0.11865,8.43170320404818,5664512396,0.1186,0.1187,122,8,158038.73050000006,59754.08579999999,137653.65670000002,74371.91270000003,48.270199999999996,2396.1189,52101.8189,34570.9239,118637.0192,65662.2026,156922.68639999995,91517.79609999999,191817.40029999995,115702.05339999998
2026-10-07T23:07:28.166638+00:00,obs-20261007-01,LIGHT,XRPUSDT,1.0,1.4169,1.417,1.41695,0.7057661091103284,26678056158,1.4169,1.417,323,54,767537.7149299998,980560.2205700001,880062.7382900002,967189.9437400001,9489.171189999997,65228.53589,1238371.86654,1051119.7256099998,1945501.5325800003,1294011.1421599998,2626951.7240600004,2267943.53669,4219642.37847,2391649.3678599996
2026-10-07T23:07:28.166638+00:00,obs-20261007-01,LIGHT,HBARUSDT,1.0,0.09277,0.09278,0.092775,1.077934677158332,8393237885,0.09277,0.09278,168,17,257429.73784000002,206225.91227,281121.48481000005,178386.83980000002,2090.9254,1479.97416,156639.06947,137971.66892,259400.15155,241973.25563999993,441050.9797,377494.73548000003,912193.5328000002,746750.4707500001
2026-10-07T23:08:28.166677+00:00,obs-20261007-01,LIGHT,PEPEUSDT,1.0,4.07e-06,4.08e-06,4.075e-06,24.57002457002533,8828003568,4.07e-06,4.08e-06,181,35,502767.88212977,372126.80947495,485300.96745351003,270194.41459596984,15516.881645189998,9899.18051226,122026.32008996,105969.13424976,342737.62747688,268242.18250665,640672.49762486,597668.87832803,1115091.94273598,1276779.19567437
2026-10-07T23:08:28.166677+00:00,obs-20261007-01,LIGHT,BNBUSDT,1.0,772.5,772.51,772.505,0.1294498381865239,20910197658,772.5,772.51,299,154,1239015.0309599992,2071669.7138100003,1276503.0887200006,2022825.3851299998,6554.8857499999995,14544.062570000002,931692.95834,1666552.8367600008,1609862.5407200006,2840630.643659999,3520849.854570001,4694731.101120001,5742607.209450003,6014743.205819992
2026-10-07T23:08:28.166677+00:00,obs-20261007-01,LIGHT,AAVEUSDT,1.0,173.5,173.52,173.51,1.1527377521614035,10439721657,173.5,173.52,293,50,3007588.542430002,274316.1952099998,3040437.478719999,271137.90923,5169.7952799999985,3693.567989999999,102697.08102,89821.11649999999,194746.95066999996,139382.05407999997,326684.2258799999,203215.98113,384558.77109000005,227791.45987999998
2026-10-07T23:08:28.166677+00:00,obs-20261007-01,LIGHT,AVAXUSDT,1.0,11.092,11.093,11.092500000000001,0.9015506671472551,10520390954,11.092,11.093,304,128,1468572.12312,481490.34978999983,1426214.42542,483269.63197000005,25541.51646000001,47500.88634999999,183628.23145,157134.30161999998,348949.68923,227145.17609999998,451346.64061999985,304778.2902900001,543078.2657299996,325090.40147999965
2026-10-07T23:08:28.166677+00:00,obs-20261007-01,LIGHT,FILUSDT,1.0,1.0507,1.0508,1.0507499999999999,0.9517464547448284,9895574854,1.0507,1.0508,247,19,283830.749018,56056.27362900002,306165.27216600004,54350.747378000015,9730.06565,451.00025099999993,84100.462197,83184.577663,179756.23762599996,130899.91548499998,278376.2349809998,186126.96424999996,362522.683087,213554.67648000005
2026-10-07T23:08:28.166677+00:00,obs-20261007-01,LIGHT,ALGOUSDT,1.0,0.1187,0.1188,0.11875,8.424599831509116,5664513748,0.1187,0.1188,183,7,210219.8531000002,82117.02469999998,212665.6885000001,86223.7751,352.89509999999996,7094.4832,27915.1035,25359.1463,84593.8415,60942.384,145544.14849999998,93702.0788,182617.47269999998,113621.181
2026-10-07T23:08:28.166677+00:00,obs-20261007-01,LIGHT,XRPUSDT,1.0,1.416,1.4161,1.4160499999999998,0.7062146892655718,26678059835,1.416,1.4161,382,98,2487612.01966,2032851.23808,2600217.9569900003,1981019.6672999996,26180.289569999997,39801.8879,1084699.31145,1130376.06151,1717047.04451,1464449.36116,2583680.457560001,2305282.4927300005,4130812.9544499996,2440633.1896100002
2026-10-07T23:08:28.166677+00:00,obs-20261007-01,LIGHT,HBARUSDT,1.0,0.09277,0.09279,0.09278,2.155869354316664,8393239418,0.09277,0.09279,222,67,307324.5449100001,319094.77867,304065.9554700001,320664.8024900001,2142.34713,6960.261170000002,140283.60806,138392.47790999996,246844.35596,243319.87461999993,442750.59909000003,375924.71166,915446.5668200003,745174.46787
2026-10-07T23:09:28.167142+00:00,obs-20261007-01,LIGHT,PEPEUSDT,1.0,4.07e-06,4.08e-06,4.075e-06,24.57002457002533,8828003746,4.07e-06,4.08e-06,88,10,7414.0657222400005,188205.57841730997,7947.15879135,185262.25127927,0.0,1111.30105272,119844.27024922,107308.87200144,341775.03681232,270606.70139039,640139.4045557501,600612.20546607,1113715.8912220101,1279722.52281241
2026-10-07T23:09:28.167142+00:00,obs-20261007-01,LIGHT,BNBUSDT,1.0,772.65,772.66,772.655,0.12942470717591803,20910199644,772.65,772.66,311,48,1359799.6173200007,1417000.9457400003,1286081.9811600011,1466235.8243200004,3594.83844,6429.561819999999,894975.0777699997,1827450.5075800011,1595961.8481400004,2895564.314449999,3593556.3711599996,4754537.880899999,5799232.7017399985,6011884.551969993
2026-10-07T23:09:28.167142+00:00,obs-20261007-01,LIGHT,AAVEUSDT,1.0,173.51,173.52,173.515,0.576335657889171,10439723635,173.51,173.52,250,23,1728224.5103599995,152702.24754000007,1730454.5092199994,148459.35894000003,662.6257499999999,1216.5054999999998,98354.5703,95187.63558,184899.80564000006,143621.39149999997,324454.22702000005,207458.86973,381075.0311800001,232034.34848
2026-10-07T23:09:28.167142+00:00,obs-20261007-01,LIGHT,AVAXUSDT,1.0,11.105,11.106,11.1055,0.9004952724001036,10520395031,11.105,11.106,284,94,1548863.3188800002,537446.4825599998,1524125.9204499999,570375.3054999999,40432.84137000002,29210.514889999995,220331.16796999998,122361.34598,393722.03932,209974.42274,471711.61981999973,272938.0293,558308.8250799999,293416.7217999997
2026-10-07T23:09:28.167142+00:00,obs-20261007-01,LIGHT,FILUSDT,1.0,1.0507,1.0508,1.0507499999999999,0.9517464547448284,9895576027,1.0507,1.0508,186,27,205807.5789769999,24286.353156000005,206800.09540000002,23330.443604,2674.472381,1940.3866890000004,83102.559359,84036.60537500001,178763.721203,131780.97251700002,277383.7185579998,187082.873802,360765.6878320001,214510.58603200008
2026-10-07T23:09:28.167142+00:00,obs-20261007-01,LIGHT,ALGOUSDT,1.0,0.1187,0.1188,0.11875,8.424599831509116,5664514588,0.1187,0.1188,137,1,103988.6711,26110.3977,98791.89459999999,25382.0182,67.3029,0.0,24207.587699999996,25666.894500000002,86766.2938,58885.4467,150740.925,94430.4583,185304.26549999998,114349.56049999999
2026-10-07T23:09:28.167142+00:00,obs-20261007-01,LIGHT,XRPUSDT,1.0,1.4167,1.4168,1.41675,0.7058657443348437,26678062692,1.4167,1.4168,353,48,1475617.5928199987,1018646.1467700006,1240928.7888499997,1216933.2286300012,410.19715,26827.335699999992,1259916.7477900002,975047.96412,1702036.60313,1286234.4794300003,2750903.1729300003,2120816.914649999,4376964.817259999,2246533.0406899997
2026-10-07T23:09:28.167142+00:00,obs-20261007-01,LIGHT,HBARUSDT,1.0,0.09276,0.09277,0.092765,1.0780508840024794,8393240623,0.09276,0.09277,190,24,213136.20413000003,123938.01258999998,231786.1926,124628.72105999998,15638.00088,5058.516250000001,131872.07928,132877.46082,236127.13640000002,239349.75885000004,426077.08531000005,375113.78609,896802.1291200003,744483.7594000001
2026-10-07T23:10:28.188807+00:00,obs-20261007-01,LIGHT,PEPEUSDT,1.0,4.07e-06,4.08e-06,4.075e-06,24.57002457002533,8828003909,4.07e-06,4.08e-06,83,11,92599.96215651002,46344.008074749996,98258.13496635002,25733.088112569996,8246.69616518,2181.75547512,130812.78193434,121485.32659535999,336376.42751828,292289.32705689996,634481.23174591,621223.1254282498,1108902.8815731,1288613.3740471697
2026-10-07T23:10:28.188807+00:00,obs-20261007-01,LIGHT,BNBUSDT,1.0,772.55,772.56,772.555,0.12944146009941093,20910202047,772.55,772.56,283,62,564418.79908,671787.57713,572923.69736,637951.7410500001,3550.8961400000007,4488.25744,880568.2548600001,1660095.5702300007,1595856.6199300003,2826043.4190899995,3585893.5718,4682574.017900002,5796430.222409998,6044266.499769996
2026-10-07T23:10:28.188807+00:00,obs-20261007-01,LIGHT,AAVEUSDT,1.0,173.58,173.59,173.585,0.5761032376994102,10439725426,173.58,173.59,225,23,1362715.6232099999,120545.64783999999,1195689.5897500003,129943.29026000004,1933.49653,2358.70591,289763.52141000004,94923.02927,376272.12898000015,140832.97442999997,489287.05543000024,200560.19674000004,535512.68353,227008.57646
2026-10-07T23:10:28.188807+00:00,obs-20261007-01,LIGHT,AVAXUSDT,1.0,11.111,11.112,11.1115,0.9000090000887973,10520397378,11.111,11.112,246,47,1179303.3747699996,382251.8669900001,1199438.7935,375830.22721000004,23729.483139999997,15874.36594,157596.43629000004,134414.96665,328953.88376000006,217528.28089999998,450714.3582399998,280282.27739999985,528247.5191299998,300845.54146999953
2026-10-07T23:10:28.188807+00:00,obs-20261007-01,LIGHT,FILUSDT,1.0,1.0511,1.0512,1.0511499999999998,0.9513842641051262,9895577379,1.0511,1.0512,219,26,238394.06588600003,44025.58639599999,231086.0537080001,45354.74058400001,81.043784,1268.91517,91660.78305800003,87283.37392300002,176095.67100099998,138480.97602500004,283161.88532299985,190151.67261300003,367026.764899,213342.1544650001
2026-10-07T23:10:28.188807+00:00,obs-20261007-01,LIGHT,ALGOUSDT,1.0,0.1186,0.1187,0.11865,8.43170320404818,5664515681,0.1186,0.1187,149,1,86565.7801,32811.5191,93348.5407,26752.227499999997,104.456,0.0,30619.747600000002,24833.341099999998,108130.92180000001,63665.69879999999,151000.0569,93932.77859999999,186711.55969999998,120107.5089
2026-10-07T23:10:28.188807+00:00,obs-20261007-01,LIGHT,XRPUSDT,1.0,1.4169,1.417,1.41695,0.7057661091103284,26678064851,1.4169,1.417,363,42,1032275.2686800004,643111.5542800002,1000527.2843400002,675340.0144399998,19443.701620000003,10926.611649999999,1250842.0705599997,946718.7540900003,1733526.1082899994,1255965.5433300005,2780815.6622399995,2091781.9953300005,4405944.379729997,2215563.400840002
2026-10-07T23:10:28.188807+00:00,obs-20261007-01,LIGHT,HBARUSDT,1.0,0.09279,0.0928,0.09279499999999999,1.0777023386143725,8393241424,0.09279,0.0928,140,21,198200.89705000003,59876.996889999995,178985.18706000003,69233.85208999999,2104.33083,4995.223480000001,139634.16331,136551.81259,244650.25957000002,234001.89248999997,439154.51144999993,372722.6835,915994.8630500002,735126.9042000001
2026-10-07T23:11:28.198339+00:00,obs-20261007-01,LIGHT,PEPEUSDT,1.0,4.07e-06,4.08e-06,4.075e-06,24.57002457002533,8828004086,4.07e-06,4.08e-06,91,10,193740.43855522003,9786.94449178,224565.82988179004,104788.67123740997,0.0,1123.54308864,110129.14246741,126556.33137767999,325516.41429385,280652.52001837,603655.8404193401,526221.3986826199,997505.9447967501,1117738.0695912899
2026-10-07T23:11:28.198339+00:00,obs-20261007-01,LIGHT,BNBUSDT,1.0,772.49,772.5,772.495,0.1294515139349528,20910203447,772.49,772.5,278,48,303304.85868000006,475686.79146000004,347079.59417999996,424096.59793000016,38353.22760999998,10320.628620000001,848476.3426000001,1770443.1162400008,1617401.3401500008,2945033.3776599993,3542287.8569500013,4730922.252150002,5750667.182000001,6050407.245789994
2026-10-07T23:11:28.198339+00:00,obs-20261007-01,LIGHT,AAVEUSDT,1.0,173.48,173.49,173.485,0.5764353239579023,10439728332,173.48,173.49,285,33,3586808.375389999,177526.28454999998,3645396.1807499956,171164.31689999992,3312.8760599999996,879.2798399999999,211277.20106000005,88104.29448,300322.08083000005,138478.44636999996,432900.35653999995,204411.27999999997,490833.18446000014,229211.78974999994
2026-10-07T23:11:28.198339+00:00,obs-20261007-01,LIGHT,AVAXUSDT,1.0,11.107,11.108,11.1075,0.9003331232571021,10520400213,11.107,11.108,280,68,1153543.2019699998,401958.0162100001,1153248.8342699998,390612.06755,51932.49435999998,14796.004780000001,169562.99812999996,134169.51304999998,324857.6283,211024.74919999996,451863.5319899995,291492.3360799999,537416.1205399996,312284.48997999966
2026-10-07T23:11:28.198339+00:00,obs-20261007-01,LIGHT,FILUSDT,1.0,1.0507,1.0508,1.0507499999999999,0.9517464547448284,9895579147,1.0507,1.0508,267,30,156357.5932969999,51870.51428099999,165611.559785,50224.80882900002,1774.715787,615.5580259999999,81670.98237499999,79034.16585800001,189043.68537,132172.57609500003,275437.76424799993,187399.425066,362042.57145700016,214827.1372960001
2026-10-07T23:11:28.198339+00:00,obs-20261007-01,LIGHT,ALGOUSDT,1.0,0.1185,0.1186,0.11854999999999999,8.438818565401629,5664516072,0.1185,0.1186,103,1,71719.52540000001,27933.678200000002,76814.26700000004,27299.154899999994,136.15279999999998,0.0,47670.263,24355.5901,114773.7772,57924.7788,149129.8237,91188.1033,185312.41389999999,111555.1111
2026-10-07T23:11:28.198339+00:00,obs-20261007-01,LIGHT,XRPUSDT,1.0,1.4167,1.4168,1.41675,0.7058657443348437,26678066516,1.4167,1.4168,338,47,620146.8833800001,353740.55811999994,645973.6263,346852.68437999993,19122.30199000001,32718.215280000008,1269641.5011100003,950961.2615600001,1707963.0276200003,1262153.3288200006,2756824.4143500007,2096485.4694300008,4382606.3807999985,2222277.2050700015
2026-10-07T23:11:28.198339+00:00,obs-20261007-01,LIGHT,HBARUSDT,1.0,0.09273,0.09274,0.09273500000000001,1.0783996549124097,8393242264,0.09273,0.09274,157,12,221286.65986000016,119683.51891999999,237740.90386999995,98313.31064,2131.5534000000002,1609.0097099999998,144021.07153000002,132651.55617,257762.42144,242812.09912,434021.42383000004,386575.13404,900667.5793200001,756391.45488
2026-10-07T23:12:28.199157+00:00,obs-20261007-01,LIGHT,PEPEUSDT,1.0,4.07e-06,4.08e-06,4.075e-06,24.57002457002533,8828004351,4.07e-06,4.08e-06,92,9,20633.29331263,297532.77171119,23012.00300606,309064.25477682,2277.95518643,1668.4297691999998,91430.5505718,141730.37637984,321313.46105112,269189.52528794,601277.1307259101,514689.91561698995,995127.2351033201,1106206.58652566
2026-10-07T23:12:28.199157+00:00,obs-20261007-01,LIGHT,BNBUSDT,1.0,772.2,772.21,772.205,0.1295001294998599,20910206316,772.2,772.21,298,62,1400612.21469,2038298.9744599997,1452775.5931300006,2036779.4872899984,6824.0304,8572.795950000002,855046.0781500002,1901400.8207,1581033.8863800003,2796262.759680002,3491958.769360001,4622543.514120005,5752027.678579999,6047065.700739994
2026-10-07T23:12:28.199157+00:00,obs-20261007-01,LIGHT,AAVEUSDT,1.0,173.42,173.43,173.425,0.576634759543726,10439730054,173.42,173.43,253,22,934164.2846900001,188580.24112000005,1030742.5015400004,162491.06572000007,416.26088000000004,964.75363,116433.09842000004,112213.44030999999,225749.2968800001,155543.22110999995,338182.17975000007,227229.66429,863818.9289300003,254996.2033299999
2026-10-07T23:12:28.199157+00:00,obs-20261007-01,LIGHT,AVAXUSDT,1.0,11.091,11.092,11.0915,0.9016319538379669,10520402841,11.091,11.092,313,72,1040009.692920001,343988.4917,1083556.4571100003,307212.2231600001,5529.8442499999965,3328.04236,180103.14993999997,146386.14714999998,352534.09230999986,229886.68132,439511.3961799995,326848.0656900002,530448.4970299994,347171.88450999977
2026-10-07T23:12:28.199157+00:00,obs-20261007-01,LIGHT,FILUSDT,1.0,1.0477,1.0478,1.0477500000000002,0.954471699914361,9895582853,1.0477,1.0478,351,92,362419.49773000006,286585.2025789998,416729.81484100025,200555.57210099997,4846.933615999999,8602.215825,109912.11391400002,100875.81178199998,189143.0704100001,169718.69648499996,256647.36099600003,251596.8947339999,323919.92703600007,295806.0820799999
2026-10-07T23:12:28.199157+00:00,obs-20261007-01,LIGHT,ALGOUSDT,1.0,0.1184,0.1185,0.11845,8.445945945945166,5664517051,0.1184,0.1185,163,6,94872.5855,32686.8497,81949.64549999998,28671.556800000002,166.49249999999998,115.06349999999999,55750.202900000004,18253.2661,120720.46199999998,54463.118500000004,165475.3431,91539.97770000002,198481.3708,103570.8923
2026-10-07T23:12:28.199157+00:00,obs-20261007-01,LIGHT,XRPUSDT,1.0,1.4165,1.4166,1.41655,0.7059654076946309,26678068305,1.4165,1.4166,315,61,750500.12403,671464.8313900002,878489.95135,647698.8156800003,26519.834410000003,1363.6263499999998,1190836.3278700002,931602.3559999998,1594989.5322099999,1280625.9703799998,2692789.846860001,2108664.351819999,4261997.277259998,2244224.8375899997
2026-10-07T23:12:28.199157+00:00,obs-20261007-01,LIGHT,HBARUSDT,1.0,0.09265,0.09266,0.092655,1.0793308148948633,8393243426,0.09265,0.09266,169,21,284169.6258399999,507869.75263999996,313049.06005,477897.7547300001,6756.11372,2029.0251300000002,128012.53688,136794.50664999997,242924.86700000006,217427.03475999998,410747.7173300002,414986.43927,874577.0048100003,775830.29298
2026-10-07T23:13:28.212623+00:00,obs-20261007-01,LIGHT,PEPEUSDT,1.0,4.07e-06,4.08e-06,4.075e-06,24.57002457002533,8828004532,4.07e-06,4.08e-06,91,8,118331.10219550002,76394.25367459,118331.33971996,72351.53407065001,0.0,791.3765431200001,91430.5505718,128882.48309976,321473.31329556,273063.36685538,601276.89320145,518732.63522093,995975.51119162,1110249.3061296
2026-10-07T23:13:28.212623+00:00,obs-20261007-01,LIGHT,BNBUSDT,1.0,772.36,772.37,772.365,0.12947330260582035,20910208343,772.36,772.37,320,50,1218662.2152999998,570261.7154199999,1308044.7400900007,607365.5653799997,1290.47001,13206.008830000004,841069.8755900002,1861421.4966400003,1649265.1044700004,2861573.4309499995,3401551.0101700006,4693903.147420002,5656624.0049600005,6012205.4378799945
2026-10-07T23:13:28.212623+00:00,obs-20261007-01,LIGHT,AAVEUSDT,1.0,173.41,173.42,173.415,0.5766680122243351,10439731056,173.41,173.42,221,8,566547.2150199997,119146.16938999997,559543.5500399998,124888.45965,169.95918,688.5188600000001,126677.68089000002,102826.60331999995,243839.35653000008,148945.75637999995,345185.8447300001,219895.08537999997,859345.5252000001,249481.0964999999
2026-10-07T23:13:28.212623+00:00,obs-20261007-01,LIGHT,AVAXUSDT,1.0,11.091,11.092,11.0915,0.9016319538379669,10520404961,11.091,11.092,261,65,831731.6197599996,202708.35177,828179.0401900001,203271.5287,8686.256029999999,10136.457550000003,181119.00592999993,145088.62641000003,380827.2682999998,229579.65414000006,443063.9757499996,326284.88876000023,535789.8006099992,347195.6769499998
2026-10-07T23:13:28.212623+00:00,obs-20261007-01,LIGHT,FILUSDT,1.0,1.0473,1.0474,1.04735,0.9548362455857884,9895584654,1.0473,1.0474,255,61,135988.64314699997,178955.03272299987,141895.76503300003,177259.83076100002,1964.3686069999999,4880.670777,108234.715181,100138.70575100003,177697.10934599998,170990.75011500006,254547.33899399993,249505.04880400002,321976.785353,299197.18977200007
2026-10-07T23:13:28.212623+00:00,obs-20261007-01,LIGHT,ALGOUSDT,1.0,0.1186,0.1187,0.11865,8.43170320404818,5664518753,0.1186,0.1187,205,11,176211.86580000015,37869.86039999999,177614.77590000012,42832.5661,173.156,183.82709999999994,29050.7666,35428.1734,94610.4314,63549.6135,155729.737,92510.7807,191507.20139999996,114098.2321
2026-10-07T23:13:28.212623+00:00,obs-20261007-01,LIGHT,XRPUSDT,1.0,1.4168,1.4169,1.4168500000000002,0.70581592320762,26678070208,1.4168,1.4169,347,39,739687.5405200004,722073.59153,660620.70153,758992.2106799996,3186.0188,24142.09454000001,1193230.01057,941800.6202700001,1675810.53539,1251579.6414400004,2706804.7330800006,2084286.7705900006,4331685.662679999,2209169.2552200016
2026-10-07T23:13:28.212623+00:00,obs-20261007-01,LIGHT,HBARUSDT,1.0,0.09266,0.09267,0.092665,1.079214331964895,8393244413,0.09266,0.09267,174,13,148108.78119999985,470258.6194400002,147406.51216,482758.99578,1951.3149999999998,2068.8654500000002,130048.31691999997,133298.56861999998,252759.43471999993,259064.78293,411442.46451000014,402493.64371999976,885951.4167200002,762814.5385399999
2026-10-07T23:14:28.226456+00:00,obs-20261007-01,LIGHT,PEPEUSDT,1.0,4.07e-06,4.08e-06,4.075e-06,24.57002457002533,8828004650,4.07e-06,4.08e-06,67,15,54969.03764686001,141035.50629447,43161.28541320001,57070.893548119995,3.98316655,2356.5424221599997,105811.31492525,121306.23564,333345.19892757,272590.99658763,613084.6454351101,602697.24796728,1007783.2634252801,1283046.0994464702
2026-10-07T23:14:28.226456+00:00,obs-20261007-01,LIGHT,BNBUSDT,1.0,772.63,772.64,772.635,0.12942805741378294,20910210762,772.63,772.64,274,66,1861892.4186500008,1466660.8827699993,1848476.18822,1488452.32295,2051.8329400000002,12187.534059999998,806388.5339399996,1921480.010880001,1584600.1491600003,2984075.18173,3413193.7240899997,4782598.204780002,5610442.592369999,6038596.009609996
2026-10-07T23:14:28.226456+00:00,obs-20261007-01,LIGHT,AAVEUSDT,1.0,173.4,173.41,173.405,0.5767012687418749,10439731906,173.4,173.41,187,12,239490.79952,108746.61940999996,239679.06922999996,113426.44054999997,616.11073,2602.62759,125602.48279000004,95560.06468999996,242784.4579000001,140557.14416999999,344997.5750200001,215215.26423999996,859165.8162400002,243209.10649999988
2026-10-07T23:14:28.226456+00:00,obs-20261007-01,LIGHT,AVAXUSDT,1.0,11.093,11.094,11.093499999999999,0.9014693951137076,10520407446,11.093,11.094,277,66,933807.8753700004,260292.99188000007,942756.5370700002,289546.7885,6794.187180000002,7089.893170000001,164423.68581000002,160130.34415999998,361267.19594999996,227744.45557999998,434120.9138499996,297044.98464,522992.1366399995,317959.0809699996
2026-10-07T23:14:28.226456+00:00,obs-20261007-01,LIGHT,FILUSDT,1.0,1.0464,1.0465,1.04645,0.9556574923541561,9895586223,1.0464,1.0465,211,50,148979.561057,113122.77643900002,163803.646665,106378.102463,7644.340946999999,3988.448839999999,84362.65534499999,81356.53643299999,182460.83686500002,151234.59546699995,243324.82512899998,247586.10822499995,311955.74740500003,295418.8853119999
2026-10-07T23:14:28.226456+00:00,obs-20261007-01,LIGHT,ALGOUSDT,1.0,0.1186,0.1187,0.11865,8.43170320404818,5664519887,0.1186,0.1187,157,3,168910.14669999992,52088.8993,168913.99729999993,53150.70590000001,11.86,310.7566,33849.1412,25144.5671,97475.7023,60859.5785,155725.8864,91448.97410000002,191065.66059999994,117592.59810000002
2026-10-07T23:14:28.226456+00:00,obs-20261007-01,LIGHT,XRPUSDT,1.0,1.4169,1.417,1.41695,0.7057661091103284,26678072521,1.4169,1.417,361,49,1220648.79342,1091306.01209,1292904.68638,1044707.5591999998,211241.48625999998,26653.851420000003,1121734.3058900002,934855.20262,1606868.9890600003,1294950.6608900002,2633810.0380300004,2132620.2891200003,4260021.200879998,2256402.1592800003
2026-10-07T23:14:28.226456+00:00,obs-20261007-01,LIGHT,HBARUSDT,1.0,0.09263,0.09264,0.092635,1.0795638562011156,8393245140,0.09263,0.09264,151,11,70940.45602,101935.57994,74252.14127000001,98869.84029000001,979.4209799999999,876.2897200000001,152039.47401,123911.25122999997,252758.62806000005,253491.96786999996,408775.13615000027,405036.4575199998,882748.4273100003,765866.1041099998
2026-10-07T23:15:28.267620+00:00,obs-20261007-01,LIGHT,PEPEUSDT,1.0,4.07e-06,4.08e-06,4.075e-06,24.57002457002533,8828004880,4.07e-06,4.08e-06,95,8,29695.353313959997,187155.26534478998,36341.98865928001,186811.19415722002,0.0,6436.8331833600005,119048.63404852,117658.116492,325599.1826623,273043.275418,606438.01008979,603041.31915485,1000287.1144670299,1272285.0786215998
2026-10-07T23:15:28.267620+00:00,obs-20261007-01,LIGHT,BNBUSDT,1.0,772.74,772.75,772.745,0.1294096332538075,20910212487,772.74,772.75,366,39,1030674.0591599995,367410.26675000007,829029.8535600003,386457.51585000014,1275.6325299999999,8996.7894,853635.1391399994,1887186.973880001,1597128.8871299997,2970683.61849,3349228.80861,4765430.252990001,5579621.493619997,6021039.175889997
2026-10-07T23:15:28.267620+00:00,obs-20261007-01,LIGHT,AAVEUSDT,1.0,173.42,173.43,173.425,0.576634759543726,10439732521,173.42,173.43,156,8,286570.1060399998,38529.13405999999,280777.22334,48493.80303999998,628.37698,593.54879,130112.89869000003,93246.34797999998,248270.08664000008,133841.64141999997,350790.45772000006,205256.37520999994,864941.6525000001,233250.09767999986
2026-10-07T23:15:28.267620+00:00,obs-20261007-01,LIGHT,AVAXUSDT,1.0,11.094,11.095,11.0945,0.9013881377328836,10520410096,11.094,11.095,284,87,941404.4006899999,303489.0024999998,932897.0917300001,300794.14096000016,6034.59659,9159.824510000002,172691.81495,163236.91113999998,348661.86179,239356.51012999998,442462.15984999953,299745.00048,532513.2427299994,319724.0443099996
2026-10-07T23:15:28.267620+00:00,obs-20261007-01,LIGHT,FILUSDT,1.0,1.0477,1.0478,1.0477500000000002,0.954471699914361,9895588183,1.0477,1.0478,246,44,237029.04068999994,200195.48337600002,215366.54119199998,230273.6454850001,1051.505204,11758.063476999998,104978.53199000002,88978.545724,179657.01736500004,151602.087521,257573.16008000006,221786.30008999998,329159.5622880002,259263.974774
2026-10-07T23:15:28.267620+00:00,obs-20261007-01,LIGHT,ALGOUSDT,1.0,0.1186,0.1187,0.11865,8.43170320404818,5664520127,0.1186,0.1187,86,0,147579.8007,8180.9208,155262.05400000006,6222.2845,0.0,0.0,31395.912299999996,29697.1867,90925.5027,64519.1774,148043.6331,93407.6104,183833.94969999997,119298.6051
2026-10-07T23:15:28.267620+00:00,obs-20261007-01,LIGHT,XRPUSDT,1.0,1.4171,1.4172,1.41715,0.7056665020099828,26678073770,1.4171,1.4172,299,39,568705.2351700001,227443.76577,414150.1469700001,288776.4460899999,2261.4888200000005,71932.35731000002,1251554.84232,951916.5936100001,1698161.5508800002,1392512.5059100005,2788247.150750001,2071931.5454400007,4400263.649729999,2195643.273360002
2026-10-07T23:15:28.267620+00:00,obs-20261007-01,LIGHT,HBARUSDT,1.0,0.09266,0.09267,0.092665,1.079214331964895,8393246122,0.09266,0.09267,138,22,91015.45676000002,158768.77480999994,82352.38146000006,171201.73812999995,1918.8719199999998,11094.31995,135499.0324,121478.73405999999,258110.95375000002,249699.32374999998,416793.8545600002,393126.42004999984,891310.5870600002,753447.31487
2026-10-07T23:16:28.272813+00:00,obs-20261007-01,LIGHT,PEPEUSDT,1.0,4.08e-06,4.09e-06,4.085e-06,24.50980392156854,8828005427,4.08e-06,4.09e-06,154,16,181411.79130485,130530.12105688,72180.14538539003,234735.7855175599,24.42,16133.427584309999,89331.59200727999,172841.20903608,264851.69200186,388633.26102428,594939.88118001,599547.70574437,924451.7009139301,1232921.39093559
2026-10-07T23:16:28.272813+00:00,obs-20261007-01,LIGHT,BNBUSDT,1.0,772.99,773.0,772.995,0.12936777965988355,20910214943,772.99,773.0,304,64,2367359.3424700014,2162381.329659998,2357845.67003,2377141.6888699993,199.42928999999998,43204.12568999999,892891.7209500003,1862567.9638000005,1560361.1940800007,2909786.9276700006,3337676.7918700017,4706270.549299997,5812679.491670002,5961516.447189995
2026-10-07T23:16:28.272813+00:00,obs-20261007-01,LIGHT,AAVEUSDT,1.0,173.62,173.63,173.625,0.5759705103103308,10439734605,173.62,173.63,232,31,1065951.2108999996,160964.97633999994,1053534.7232399997,177010.72918000002,407.46462999999994,3917.8002700000006,145205.85905,98962.26645999997,216819.10889000003,135992.83193999992,354651.1180400002,197158.11297999992,411304.03298000025,222087.40330999988
2026-10-07T23:16:28.272813+00:00,obs-20261007-01,LIGHT,AVAXUSDT,1.0,11.118,11.119,11.118500000000001,0.8994423457453493,10520413198,11.118,11.119,320,56,969251.0312900002,415940.00091999973,925633.6529399998,437464.82547999994,15965.89052,4970.27522,157396.92033999998,134834.88543000002,332936.57158000005,235963.21092,453409.41229999973,279385.6778699999,567894.0794499995,300693.20856999967
2026-10-07T23:16:28.272813+00:00,obs-20261007-01,LIGHT,FILUSDT,1.0,1.0507,1.0508,1.0507499999999999,0.9517464547448284,9895591949,1.0506,1.0507,371,73,558412.9077199997,268393.42414500006,495582.9165060001,325303.77247600025,2745.096229,2181.6598369999992,83791.108598,87624.067852,191552.648999,142695.877151,278214.12784499995,187102.24516199995,373486.49449600023,216114.27219300004
2026-10-07T23:16:28.272813+00:00,obs-20261007-01,LIGHT,ALGOUSDT,1.0,0.1187,0.1188,0.11875,8.424599831509116,5664521314,0.1187,0.1188,179,6,122917.79369999997,36011.847700000006,108546.84259999997,46667.7726,1102.9332,138.6705,31186.6471,17880.583700000003,95850.9105,53635.4175,153966.80419999998,90487.03400000001,194132.02430000002,110646.29329999999
2026-10-07T23:16:28.272813+00:00,obs-20261007-01,LIGHT,XRPUSDT,1.0,1.4185,1.4186,1.4185500000000002,0.704970038774011,26678077662,1.4185,1.4186,410,37,2712644.60042,2253036.4889300023,2768986.4030299988,2365505.397220002,1135.68365,28144.684170000008,1177897.1772499997,812563.58947,1733780.5137999996,1302706.38231,2701009.806649999,1962219.1176599998,4219342.583689999,2088782.7205700004
2026-10-07T23:16:28.272813+00:00,obs-20261007-01,LIGHT,HBARUSDT,1.0,0.09277,0.09278,0.092775,1.077934677158332,8393247695,0.09277,0.09278,210,18,906924.65466,233421.0472500001,870907.7193100002,262916.05839,2375.7823700000004,1662.6971600000002,144086.37222,135076.70008,249947.88338999994,227797.20189999996,441612.20687999995,364825.99259,923633.7026000001,724063.5403700001
2026-10-07T23:17:28.298475+00:00,obs-20261007-01,LIGHT,PEPEUSDT,1.0,4.08e-06,4.09e-06,4.085e-06,24.50980392156854,8828005663,4.08e-06,4.09e-06,94,9,38092.761384829995,166100.02097653996,35582.380878419994,169172.33279209997,779.5591699199999,824.15597352,103551.87971808,153937.35027186,281021.91222752,301739.55646215996,597450.2616864201,596475.3939288099,926258.9023072402,1229451.87088327
2026-10-07T23:17:28.298475+00:00,obs-20261007-01,LIGHT,BNBUSDT,1.0,773.19,773.2,773.195,0.12933431627448755,20910216809,773.19,773.2,290,76,2501604.540520001,1004027.2515399997,2528834.07901,1043692.1342200002,1723.4164100000003,71885.96968000001,815479.4493699999,1964016.6935300005,1595759.7340400012,2905110.0834299983,3306553.584799999,4670925.433139998,5776736.986229998,5929563.218759994
2026-10-07T23:17:28.298475+00:00,obs-20261007-01,LIGHT,AAVEUSDT,1.0,173.65,173.66,173.655,0.575871004895312,10439736969,173.65,173.66,284,30,1513372.2718100005,222409.73219,1512154.0421299995,217251.52677999996,1291.91472,1911.78109,144519.20079000003,91901.34416,217797.84910000008,142459.33483999997,352919.7054600002,202316.31838999997,412476.66701000015,227435.04730999997
2026-10-07T23:17:28.298475+00:00,obs-20261007-01,LIGHT,AVAXUSDT,1.0,11.122,11.123,11.122499999999999,0.8991188635132374,10520416285,11.122,11.123,322,73,918423.1391199998,496619.8235299997,934079.0286099998,450273.63699000026,7802.159289999999,12392.72534,161244.10468999998,169749.26373,338241.32256000006,275579.9871900001,435652.08348000003,325862.49001,510402.5065999998,346076.0491599997
2026-10-07T23:17:28.298475+00:00,obs-20261007-01,LIGHT,FILUSDT,1.0,1.0515,1.0516,1.0515500000000002,0.9510223490249992,9895594360,1.0515,1.0516,314,41,330915.7877600001,169894.37405699995,306776.66323500004,179091.76745699992,2089.9945829999997,2597.1174089999995,80681.290506,86150.88912500002,168744.26125699995,137101.56845700002,288937.8615389999,182054.78907099995,387791.47647900006,211026.765236
2026-10-07T23:17:28.298475+00:00,obs-20261007-01,LIGHT,ALGOUSDT,1.0,0.1188,0.1189,0.11885000000000001,8.417508417508657,5664522180,0.1188,0.1189,195,1,87745.308,13970.014200000001,94645.97189999997,12574.1209,0.0,118.8,43155.2083,28965.841200000003,97825.04690000002,61810.57340000001,142881.5795,92443.2073,185187.02919999996,112279.13259999997
2026-10-07T23:17:28.298475+00:00,obs-20261007-01,LIGHT,XRPUSDT,1.0,1.4192,1.4193,1.41925,0.7046223224360659,26678081009,1.4192,1.4193,404,38,2209031.01887,1995252.1382699998,2089835.6546300012,1921263.926739999,7474.152379999999,13650.64148,1304068.6224,831308.3217,1970977.1671299997,1336852.4748300002,2786206.3913599993,2038566.3884100001,4324010.372969999,2200818.0840900014
2026-10-07T23:17:28.298475+00:00,obs-20261007-01,LIGHT,HBARUSDT,1.0,0.09278,0.09279,0.092785,1.077818495365257,8393249160,0.09278,0.09279,181,21,499395.1420299998,195051.21058999997,505342.7802899999,199227.84028999996,3277.1011499999995,1878.5779799999998,153310.19208999997,126546.54639000002,258653.62260999996,220335.72457999998,434105.59857,362037.86396000005,917672.0046400002,719886.9106700001
2026-10-07T23:18:28.301608+00:00,obs-20261007-01,LIGHT,PEPEUSDT,1.0,4.08e-06,4.09e-06,4.085e-06,24.50980392156854,8828005906,4.08e-06,4.09e-06,130,14,17296.250957149998,12361.284633980005,32200.681203819997,12077.539686740007,783.63058968,751.78699,88400.23835088,156918.8834044,266137.81803681,302023.27674939996,582545.83143975,596759.1388760499,910513.2396334701,1229735.6158305097
2026-10-07T23:18:28.301608+00:00,obs-20261007-01,LIGHT,BNBUSDT,1.0,772.81,772.82,772.815,0.1293979115191135,20910221356,772.81,772.82,347,113,1562875.957619999,2554872.5527599985,1663183.5278599993,2428883.2760599996,24694.663289999997,4221.42808,961399.4688899997,1863100.0099900004,1583990.9822399993,2976670.310109999,3229191.061709999,4791029.005239998,5690188.38041,6039021.458829997
2026-10-07T23:18:28.301608+00:00,obs-20261007-01,LIGHT,AAVEUSDT,1.0,173.49,173.5,173.495,0.576402098102502,10439739014,173.53,173.55,232,37,585397.3214599995,171543.74729999996,597346.9544500002,161944.61789000002,2116.23736,1634.2910100000004,126879.30519000001,94990.42594999999,239379.64344000004,142446.22348999995,354288.7849900001,211465.49185,411829.5711100002,234413.82302999994
2026-10-07T23:18:28.301608+00:00,obs-20261007-01,LIGHT,AVAXUSDT,1.0,11.13,11.131,11.130500000000001,0.8984725965843765,10520420406,11.13,11.131,352,107,1625660.145849999,549365.1448499997,1606209.7742699995,585867.4166199999,12028.485560000001,13752.391890000003,191990.16004000002,152393.02177999998,356000.6603,245351.05382000003,455002.21758,289878.7320399999,530346.9637099997,389324.8428399996
2026-10-07T23:18:28.301608+00:00,obs-20261007-01,LIGHT,FILUSDT,1.0,1.0518,1.052,1.0519,1.9015021867274662,9895596655,1.0518,1.052,316,36,273916.2053510002,182451.149557,268278.98561800004,186015.36320199998,403.238676,480.1459840000001,84646.558199,87583.621522,158541.839942,138136.06429299997,294527.3341379998,178626.74916199993,393236.35052199994,207468.056935
2026-10-07T23:18:28.301608+00:00,obs-20261007-01,LIGHT,ALGOUSDT,1.0,0.1187,0.1188,0.11875,8.424599831509116,5664523154,0.1187,0.1188,143,1,58218.04109999998,18842.2054,58116.74509999999,14891.173300000004,0.0,664.8048,55442.12179999999,24827.7657,103453.96669999999,61338.2002,147484.83869999996,95833.95939999999,186204.59669999994,115993.12609999998
2026-10-07T23:18:28.301608+00:00,obs-20261007-01,LIGHT,XRPUSDT,1.0,1.4185,1.4186,1.4185500000000002,0.704970038774011,26678084087,1.4185,1.4186,394,57,1561019.9278900018,1504070.1105400003,1772032.1275600006,1238634.4704499994,21763.089630000002,13083.859140000002,1246371.88715,1225662.6348400002,1908409.3376100003,1466389.9381,2609192.97122,2303160.156959999,4115188.71384,2429723.795159999
2026-10-07T23:18:28.301608+00:00,obs-20261007-01,LIGHT,HBARUSDT,1.0,0.09278,0.09279,0.092785,1.077818495365257,8393250818,0.09278,0.09279,218,19,265678.2425599999,212339.10419000007,261056.53151999993,219024.25803,1029.57947,2478.5338500000007,143467.51384999996,125870.36172000002,248700.32312999995,218720.40118999998,438727.30961,355352.71012000006,922286.0212800002,722827.9375900001
2026-10-07T23:19:28.366457+00:00,obs-20261007-01,LIGHT,PEPEUSDT,1.0,4.08e-06,4.09e-06,4.085e-06,24.50980392156854,8828006167,4.08e-06,4.09e-06,142,11,24634.829863789997,13484.48913324,27544.3868878,12970.581287710002,489.35132808,5101.65684967,85769.24370864,156956.35076147,262645.48303491,302861.20205097,579636.27441574,597273.04672158,907564.51684723,1227364.8586036197
2026-10-07T23:19:28.366457+00:00,obs-20261007-01,LIGHT,BNBUSDT,1.0,773.06,773.07,773.065,0.12935606550801282,20910224640,773.06,773.07,345,74,1307758.998419999,1997372.5172999997,1176136.2965699988,2101389.51558,696.44284,13131.49764,916793.5210800001,1804805.20964,1636513.0546400007,2906626.1854899996,3341585.6045499993,4688955.049959999,5815966.47607,5943854.537989996
2026-10-07T23:19:28.366457+00:00,obs-20261007-01,LIGHT,AAVEUSDT,1.0,173.54,173.55,173.54500000000002,0.5762360262773214,10439740889,173.54,173.55,287,12,2236530.382830001,122688.81972999997,2242144.0550400005,124351.94353,308.13373,896.1621699999998,121865.76458,97608.79833999998,218911.47603000005,144378.44916999995,346825.89520000014,210174.82762999999,396993.97989000013,234471.23131999993
2026-10-07T23:19:28.366457+00:00,obs-20261007-01,LIGHT,AVAXUSDT,1.0,11.135,11.136,11.1355,0.8980691513249539,10520423302,11.135,11.136,318,66,1000803.22474,366817.9705400002,993907.19883,348468.79252000013,24353.529309999998,10147.526210000002,209722.99954000005,177674.26051000005,377193.93538999994,264563.75153000007,461866.61133,308397.92092999985,518224.5519999997,406708.67076999956
2026-10-07T23:19:28.366457+00:00,obs-20261007-01,LIGHT,FILUSDT,1.0,1.0518,1.0519,1.05185,0.9507510933626229,9895598313,1.0518,1.0519,260,25,179913.75289499984,138419.1271150001,179961.10171899985,131377.14328699998,2112.969701,2085.0478810000004,86095.182349,78660.24030499998,171281.37075899992,132979.45197299996,294479.98531399976,185663.72908599992,386275.6313859999,214526.352288
2026-10-07T23:19:28.366457+00:00,obs-20261007-01,LIGHT,ALGOUSDT,1.0,0.1187,0.1188,0.11875,8.424599831509116,5664523874,0.1187,0.1188,143,0,30434.7742,23296.282,23741.7702,21952.778599999998,0.0,0.0,61320.5216,25056.3329,110207.7071,62230.1131,154177.84269999998,97177.4628,192902.03529999996,117336.72209999997
2026-10-07T23:19:28.366457+00:00,obs-20261007-01,LIGHT,XRPUSDT,1.0,1.419,1.4191,1.41905,0.7047216349542751,26678086960,1.419,1.4191,390,38,1440879.03293,1017316.7377799999,1264836.5307300002,1266351.08237,1608.50128,21596.940239999996,1190540.57185,891191.79916,1805209.3422099994,1226086.21541,2779547.63307,2055869.7337899997,4280580.986969999,2204352.1651700013
2026-10-07T23:19:28.366457+00:00,obs-20261007-01,LIGHT,HBARUSDT,1.0,0.09277,0.09278,0.092775,1.077934677158332,8393251577,0.09277,0.09278,132,13,81605.28092000005,114934.41458999999,83720.27918000004,107808.19087000006,1331.6446700000001,1672.9919499999999,143152.74576999998,131638.57964,248005.8504299999,225459.15555,438171.2813999999,361090.4327700001,920185.09166,729954.1613100002
2026-10-07T23:20:28.379241+00:00,obs-20261007-01,LIGHT,PEPEUSDT,1.0,4.08e-06,4.09e-06,4.085e-06,24.50980392156854,8828006387,4.08e-06,4.09e-06,158,13,23925.64075275999,9910.497852339997,13625.196107740003,10235.190885249996,1785.5854596,653.7217103099999,84056.20529616,156507.07019606,272950.52056934,302374.70226366003,589936.71906076,596948.35368867,918713.47510677,1226794.1473476999
2026-10-07T23:20:28.379241+00:00,obs-20261007-01,LIGHT,BNBUSDT,1.0,773.0,773.01,773.005,0.12936610608083043,20910225824,773.0,773.01,297,27,318039.35285,646148.9820999999,382626.39810999995,585147.6037000002,446.8136999999999,1744.71297,868185.7303900003,1849180.3153000008,1589649.7984300002,2953516.100739999,3277143.9639399997,4749632.413079997,5745841.504960002,6001074.363019995
2026-10-07T23:20:28.379241+00:00,obs-20261007-01,LIGHT,AAVEUSDT,1.0,173.57,173.58,173.575,0.5761364291068105,10439742162,173.57,173.58,227,8,1875778.3884199995,96743.66275,1873295.1906299992,97764.40994000004,381.7556,1019.0707200000002,116860.47540000001,97394.51942000001,217444.18694000004,146437.44017999995,348962.8748200001,209177.22097,394899.19350000005,233746.27356999996
2026-10-07T23:20:28.379241+00:00,obs-20261007-01,LIGHT,AVAXUSDT,1.0,11.141,11.142,11.1415,0.8975854950188378,10520426749,11.141,11.142,277,97,1464191.9073000005,466175.16432999977,1428562.3579899995,475025.8462899998,25038.12939,17719.936550000002,211150.60718999998,167735.88974,359644.73705,245642.81241,493909.6292700001,299760.3006799998,554599.12015,399579.3712299995
2026-10-07T23:20:28.379241+00:00,obs-20261007-01,LIGHT,FILUSDT,1.0,1.0535,1.0536,1.05355,0.94921689606009,9895599819,1.0535,1.0536,163,33,186607.09468399998,177977.086145,161775.23675000004,203170.69065700003,59.98985700000001,4332.472975000001,73878.78487999999,78290.678464,171462.76201399998,128174.028939,298107.55914199987,168672.77432099995,376923.10001299996,197596.37006600003
2026-10-07T23:20:28.379241+00:00,obs-20261007-01,LIGHT,ALGOUSDT,1.0,0.1187,0.1188,0.11875,8.424599831509116,5664524425,0.1187,0.1188,129,0,10476.235900000003,14829.552499999998,17520.755499999992,9786.207900000001,0.0,0.0,53496.2737,29926.9966,102475.643,67726.7664,147133.32309999998,102220.80739999999,186287.78859999994,122295.27229999998
2026-10-07T23:20:28.379241+00:00,obs-20261007-01,LIGHT,XRPUSDT,1.0,1.4192,1.4193,1.41925,0.7046223224360659,26678088343,1.4192,1.4193,328,31,657086.15813,583622.6212199997,660603.4886999999,600967.28207,1553.1724800000002,14750.076319999998,1217140.36918,787550.8796300001,1950840.2824699997,1313386.08174,2747968.80252,2039645.9164400003,4271012.293189999,2201911.9588300018
2026-10-07T23:20:28.379241+00:00,obs-20261007-01,LIGHT,HBARUSDT,1.0,0.09275,0.09276,0.092755,1.07816711590214,8393252019,0.09275,0.09276,108,6,78246.45406,116561.15875999999,92271.92848,111367.69987000003,842.59355,468.81734000000006,139552.27711999998,126066.40001000003,257810.68018,228383.41616000002,424570.84168,366127.0417700001,907255.0752200001,735147.6202000002
2026-10-07T23:21:28.379585+00:00,obs-20261007-01,LIGHT,PEPEUSDT,1.0,4.08e-06,4.09e-06,4.085e-06,24.50980392156854,8828006659,4.08e-06,4.09e-06,119,10,152693.15141041996,327720.4225955799,135452.80685168004,328662.8430761399,0.0,1895.61918766,130829.26040376,133780.46070673,291754.4860148,302063.78938183,607177.0636195,596005.93320811,1011981.2477940702,1225851.72686714
2026-10-07T23:21:28.379585+00:00,obs-20261007-01,LIGHT,BNBUSDT,1.0,773.19,773.2,773.195,0.12933431627448755,20910228167,773.19,773.2,314,50,1419737.54838,2439460.26587,1361647.3638900004,2524072.88323,4549.999360000001,7604.790019999999,900565.5335899998,1931339.0775900006,1661353.3858100004,2820110.8960499982,3331371.8556399993,4669286.472599997,5794133.505549995,5926823.911019995
2026-10-07T23:21:28.379585+00:00,obs-20261007-01,LIGHT,AAVEUSDT,1.0,173.76,173.77,173.765,0.5755064456725023,10439744857,173.76,173.77,260,30,3306984.2959399996,237781.61961999995,3298655.908640002,259444.92070000008,413.59299000000004,6611.95666,111578.73781000002,87066.75403999997,168282.31605000005,135486.10585999995,331210.4569900002,185953.72199999992,405080.2951800001,213326.77680999995
2026-10-07T23:21:28.379585+00:00,obs-20261007-01,LIGHT,AVAXUSDT,1.0,11.158,11.159,11.1585,0.8962179602090004,10520430369,11.158,11.159,335,74,1397160.3746299988,528945.8029199998,1423842.1803900003,531624.8222499999,9583.833239999998,24880.707510000007,130614.58125000002,191794.99952999997,305894.32201999996,256756.42357999997,466682.61587,298270.10777999985,504946.93409999984,412695.1967999997
2026-10-07T23:21:28.379585+00:00,obs-20261007-01,LIGHT,FILUSDT,1.0,1.0535,1.0536,1.05355,0.94921689606009,9895602972,1.0535,1.0536,380,65,432008.78252900013,310856.77750899986,431991.33963200013,273787.1778660001,8259.839949,5561.612861,87715.799295,98005.08263799999,190238.94988399997,147976.98209900004,298130.45797499985,205742.37396400003,379094.89879499987,242653.43196900003
2026-10-07T23:21:28.379585+00:00,obs-20261007-01,LIGHT,ALGOUSDT,1.0,0.1187,0.1188,0.11875,8.424599831509116,5664524633,0.1187,0.1188,67,1,13465.275399999997,10975.4228,12703.909700000004,10353.976700000001,957.0781,0.0,57140.822499999995,30395.0469,105132.6525,67588.9273,147894.68879999997,102842.2535,186244.18249999994,122663.8784
2026-10-07T23:21:28.379585+00:00,obs-20261007-01,LIGHT,XRPUSDT,1.0,1.4206,1.4207,1.4206500000000002,0.7039279177800672,26678092347,1.4206,1.4207,430,48,2955495.3566599987,2439402.019930001,2984743.958759999,2473963.95377,3570.8532800000003,16719.03684,1199789.20401,798430.5920599997,1920536.4421499993,1482560.0105499995,2707641.3398499996,2024338.1891899994,4209825.662629999,2686183.9292499986
2026-10-07T23:21:28.379585+00:00,obs-20261007-01,LIGHT,HBARUSDT,1.0,0.09284,0.09285,0.09284500000000001,1.0771219302019297,8393253228,0.09284,0.09285,175,21,370905.10916999995,333020.0252599999,336210.05710999994,353849.5105900001,691.17084,5203.52964,157589.83298,135213.57943999997,238987.43556,218706.33321999997,450791.43051000003,353153.26133999997,940713.9076100002,714388.9704700001
2026-10-07T23:22:28.426746+00:00,obs-20261007-01,LIGHT,PEPEUSDT,1.0,4.08e-06,4.09e-06,4.085e-06,24.50980392156854,8828006888,4.08e-06,4.09e-06,96,9,148414.11502796,37891.64722220999,174197.06104415,37654.60706772999,550.9798708799999,637.3177264499999,85830.73129152,154868.64611441,265906.22819183,302904.89168630994,581394.1176033099,596242.97336259,986204.58296296,1226088.76702162
2026-10-07T23:22:28.426746+00:00,obs-20261007-01,LIGHT,BNBUSDT,1.0,772.94,772.95,772.945,0.12937614821240118,20910230993,772.94,772.95,320,78,1446565.6806199993,2101144.1798099997,1529528.20156,2033378.6898200007,11094.82075,470.8055499999999,927739.15209,1789327.237640001,1610914.2302799998,2798442.9245799994,3252469.82786,4732611.970449998,5722233.6767799985,5983415.823419998
2026-10-07T23:22:28.426746+00:00,obs-20261007-01,LIGHT,AAVEUSDT,1.0,173.71,173.72,173.715,0.5756720971739071,10439746830,173.71,173.72,315,17,2078926.1266200007,167958.65868,2067109.9110100002,163422.38981999992,616.29838,3534.52357,161291.88095999998,92761.85906000002,240907.21535,134019.37984,361043.21294000006,190190.60757999998,420158.5122699999,217987.32968000005
2026-10-07T23:22:28.426746+00:00,obs-20261007-01,LIGHT,AVAXUSDT,1.0,11.134,11.135,11.1345,0.8981498113880271,10520434640,11.134,11.135,398,138,2056164.6073800004,655324.1336299996,2101308.4292699997,623647.2824999996,17086.38933,11364.491610000003,182288.78783,165359.23567,343306.62869,266852.78740000003,425684.9937199999,325975.0240299998,484809.22640999965,427596.30691999965
2026-10-07T23:22:28.426746+00:00,obs-20261007-01,LIGHT,FILUSDT,1.0,1.0528,1.0529,1.0528499999999998,0.9498480243164131,9895605256,1.0528,1.0529,300,47,283314.04806099995,182110.160137,304044.413351,175155.90164299996,6316.868791,10223.615872,110440.98955200001,90408.71752399998,195222.97327899997,136461.74989599994,281136.90318599984,212348.32893299992,372757.896859,249121.77400499993
2026-10-07T23:22:28.426746+00:00,obs-20261007-01,LIGHT,ALGOUSDT,1.0,0.1186,0.1187,0.11865,8.43170320404818,5664525594,0.1186,0.1187,139,12,111400.75530000002,47773.1409,113503.10019999997,47872.5829,6121.8495,1222.0324,31089.328,22106.6819,103422.049,67492.46489999999,152339.5128,96438.4695,184817.2169,122515.9964
2026-10-07T23:22:28.426746+00:00,obs-20261007-01,LIGHT,XRPUSDT,1.0,1.4197,1.4198,1.41975,0.7043741635559542,26678096209,1.4197,1.4198,464,93,1632696.8254600007,1314224.0495700017,1890343.5228800005,1064590.70438,30647.209980000007,17605.022599999997,1097135.64566,1017075.26818,1806238.2297999994,1415262.64206,2456932.7685499988,2258174.6295599984,3970607.7609099993,2932330.9338299995
2026-10-07T23:22:28.426746+00:00,obs-20261007-01,LIGHT,HBARUSDT,1.0,0.09274,0.09275,0.092745,1.0782833728706365,8393254680,0.09274,0.09275,192,17,246964.30441000004,902898.8782500001,276779.31511,892986.3071100003,1049.7913999999998,2592.66603,143730.12883,116049.86872,282095.77846000006,216483.32569999996,434308.7346400001,354846.43907,911826.1482200002,724225.3138100002
2026-10-07T23:23:28.449782+00:00,obs-20261007-01,LIGHT,PEPEUSDT,1.0,4.08e-06,4.09e-06,4.085e-06,24.50980392156854,8828007155,4.08e-06,4.09e-06,150,10,244195.88539282003,105168.15779124995,233153.84020412006,102174.44317402996,157.36786848,1384.8223432999998,85160.18482968,156808.81976205998,275121.25313053,305054.42665975995,592436.16279201,599236.6879798099,920364.4052235,1228852.9147223998
2026-10-07T23:23:28.449782+00:00,obs-20261007-01,LIGHT,BNBUSDT,1.0,772.9,772.91,772.905,0.12938284383423593,20910232675,772.9,772.91,307,32,491349.6626400001,564176.6710699999,450058.29995000013,591842.4057600006,2525.05532,745.8581799999998,960923.4386099998,1816644.4444200015,1640265.7298399997,2766328.82637,3297196.8618699997,4704765.125299998,5761679.476529996,5958920.094539997
2026-10-07T23:23:28.449782+00:00,obs-20261007-01,LIGHT,AAVEUSDT,1.0,173.86,173.87,173.865,0.5751754285054922,10439748472,173.86,173.87,275,33,1614404.7437000005,177969.73995000005,1607355.4507499994,184680.06208000003,131.59084000000001,10775.372200000003,128229.46940000002,92994.07054999999,238670.23311000006,154812.04496,340327.5188800001,188516.13804000002,415740.12697,214405.4461500001
2026-10-07T23:23:28.449782+00:00,obs-20261007-01,LIGHT,AVAXUSDT,1.0,11.136,11.137,11.1365,0.8979885057480708,10520437152,11.136,11.137,270,63,1088962.4529,267728.7536200001,1076035.9077799998,285160.20083,3016.753479999998,9849.65188,178040.26994,161373.57679999998,323168.92804999993,264720.89217999997,438598.5298399999,308568.4322299997,498947.02737999964,410559.0921499995
2026-10-07T23:23:28.449782+00:00,obs-20261007-01,LIGHT,FILUSDT,1.0,1.053,1.0531,1.0530499999999998,0.9496676163345263,9895607236,1.053,1.0531,262,40,227358.92073100008,135268.89690200004,229958.33157000013,140126.257107,2677.271242,349.714524,83121.427145,82697.711107,196723.57108199992,138701.53618500003,275002.27565299976,207632.48671199998,366882.56664499984,244448.670097
2026-10-07T23:23:28.449782+00:00,obs-20261007-01,LIGHT,ALGOUSDT,1.0,0.1185,0.1186,0.11854999999999999,8.438818565401629,5664525924,0.1185,0.1186,102,1,27207.321099999997,52898.60260000001,23839.0516,45902.43270000001,37.952,0.0,51736.8336,19919.3138,124535.11119999998,65090.7925,158136.0839,99289.20000000001,191780.48439999996,119558.9121
2026-10-07T23:23:28.449782+00:00,obs-20261007-01,LIGHT,XRPUSDT,1.0,1.42,1.4201,1.4200499999999998,0.7042253521127861,26678098246,1.42,1.4201,368,32,841482.4667499998,475348.14690000017,711742.8315400003,595763.5006900001,929.0631700000001,22803.429260000004,1197775.6163200003,933248.50289,1806032.3487700003,1322798.6204199994,2585675.75175,2153876.6380399982,4084897.1587099996,2812753.267099999
2026-10-07T23:23:28.449782+00:00,obs-20261007-01,LIGHT,HBARUSDT,1.0,0.09272,0.09273,0.092725,1.0785159620363416,8393255703,0.09272,0.09273,169,18,251124.43653,520712.59381000005,254671.91467000003,518093.61779000005,2914.66588,1431.60701,158798.10962,107559.19191000001,224970.89919999999,216593.00045999998,434201.6451000001,356465.50093,908293.9304800002,717117.84367
2026-10-07T23:24:28.524853+00:00,obs-20261007-01,LIGHT,PEPEUSDT,1.0,4.08e-06,4.09e-06,4.085e-06,24.50980392156854,8828007362,4.08e-06,4.09e-06,115,13,61797.60353022001,17069.047049070003,27194.31678085999,20121.317891500003,5.17441104,1382.4655871399998,101085.2302788,155202.72127352998,279310.86585437,302002.13115733,627039.44954137,596184.41713738,954967.6919728599,1225800.6438799698
2026-10-07T23:24:28.524853+00:00,obs-20261007-01,LIGHT,BNBUSDT,1.0,772.99,773.0,772.995,0.12936777965988355,20910235506,772.99,773.0,320,48,850086.9609299997,2040742.0461099995,885946.7909600007,2006972.9801499988,2742.2660900000005,10263.23986,858773.3292499998,1858665.582580001,1610004.2549599998,2801198.04866,3257745.25,4738835.527339996,5725873.589119998,5993763.628679997
2026-10-07T23:24:28.524853+00:00,obs-20261007-01,LIGHT,AAVEUSDT,1.0,174.05,174.06,174.055,0.5745475438079239,10439751418,174.05,174.06,371,45,3804647.002130001,298754.2494800001,3756013.6096800016,323259.65951,1505.6067699999999,2277.3428800000006,187368.35360000012,81439.99143999997,255659.87228000019,130557.88297999997,353177.6326100002,166625.62069999997,453171.89021000004,191709.58213
2026-10-07T23:24:28.524853+00:00,obs-20261007-01,LIGHT,AVAXUSDT,1.0,11.133,11.134,11.1335,0.8982304859439516,10520440957,11.133,11.134,320,125,1307490.9806999993,402395.35105000006,1325365.6756600002,389238.3030700001,14918.281050000001,15538.847000000003,177962.47132999997,157987.90706,367131.54763999995,259328.86965999997,420742.35637999995,321656.9941999997,481355.31536999985,423684.7563399996
2026-10-07T23:24:28.524853+00:00,obs-20261007-01,LIGHT,FILUSDT,1.0,1.0518,1.052,1.0519,1.9015021867274662,9895609656,1.0518,1.052,265,60,284359.15200300026,181806.449956,302542.04718800006,150680.17597100002,2419.5302329999995,2214.4348069999996,114005.17439100001,78555.706256,191511.04879700005,150455.98873299995,264965.646169,226447.19266100004,357436.69531299995,275055.5483079999
2026-10-07T23:24:28.524853+00:00,obs-20261007-01,LIGHT,ALGOUSDT,1.0,0.1185,0.1186,0.11854999999999999,8.438818565401629,5664526464,0.1185,0.1186,108,2,29540.0656,47123.7527,27782.989500000003,51573.01080000001,19.9248,221.9006,53485.976200000005,16748.9209,126291.8593,56910.0798,159893.16,94839.9419,193505.28999999995,115109.654
2026-10-07T23:24:28.524853+00:00,obs-20261007-01,LIGHT,XRPUSDT,1.0,1.42,1.4201,1.4200499999999998,0.7042253521127861,26678100904,1.42,1.4201,405,47,1078150.83511,997117.30761,1106405.6916899998,945741.6425700003,17832.063410000002,6975.485639999999,1174889.7049000002,934118.2641599998,1799609.41019,1374675.311649999,2557420.8951699995,2205758.467549998,4056642.304569999,2864635.0966099985
2026-10-07T23:24:28.524853+00:00,obs-20261007-01,LIGHT,HBARUSDT,1.0,0.09271,0.09272,0.09271499999999999,1.0786322942513138,8393256441,0.09271,0.09272,146,7,249872.24270000003,211369.81957000002,320471.2543099999,220737.05984999996,569.13494,1277.91035,119973.93112,105826.76847,210940.38077000002,205805.29060999997,363726.6417800001,347098.26065,837743.3792800002,707750.6033900001
2026-10-07T23:25:28.566305+00:00,obs-20261007-01,LIGHT,PEPEUSDT,1.0,4.08e-06,4.09e-06,4.085e-06,24.50980392156854,8828007688,4.08e-06,4.09e-06,155,11,17636.558559119996,224232.02722058998,5499.914847539999,228045.00331638998,0.0,1077.95386418,113729.88141888,149848.94141683,291447.50956595,298189.01219152997,639176.09325295,592371.4410415799,967102.41597022,1221987.6677841698
2026-10-07T23:25:28.566305+00:00,obs-20261007-01,LIGHT,BNBUSDT,1.0,773.19,773.2,773.195,0.12933431627448755,20910237308,773.19,773.2,276,34,862989.0764599998,1118089.3675899997,789048.8092300001,1165711.7542599998,3556.1984,1506.8170599999996,871891.0258299999,1958529.1873900006,1661579.8943300005,2828293.9820999987,3327781.134589998,4696046.649329998,5784877.061879996,5953639.865939998
2026-10-07T23:25:28.566305+00:00,obs-20261007-01,LIGHT,AAVEUSDT,1.0,174.09,174.1,174.095,0.5744155321951716,10439752891,174.09,174.1,275,30,2268230.8132600007,164191.26409000004,2261759.892300002,160102.17195000008,2072.23129,30254.903159999998,147975.69187000004,77726.21703,262774.57083000004,141364.32024000003,351634.06400000013,170802.97242,455741.9589199999,195923.50053000005
2026-10-07T23:25:28.566305+00:00,obs-20261007-01,LIGHT,AVAXUSDT,1.0,11.129,11.13,11.1295,0.8985533291405723,10520443433,11.129,11.13,298,84,921796.6934599997,306464.6480800001,921495.48728,308655.61825999984,8094.60941,4740.441489999999,184137.35742,163866.96175999998,372080.44632,271841.45762999996,421068.57727,319302.99670999986,480838.00079999986,423026.9566499998
2026-10-07T23:25:28.566305+00:00,obs-20261007-01,LIGHT,FILUSDT,1.0,1.0521,1.0522,1.0521500000000001,0.9504799923965024,9895611188,1.0521,1.0522,226,31,136316.34544599996,115123.38802799997,129698.99840400001,128506.331976,461.05293800000004,967.1672810000001,108726.17162099999,77323.28394999998,197925.125777,140210.9634639999,267142.2684589999,213076.945588,363167.739946,261954.455184
2026-10-07T23:25:28.566305+00:00,obs-20261007-01,LIGHT,ALGOUSDT,1.0,0.1186,0.1187,0.11865,8.43170320404818,5664527024,0.1186,0.1187,147,2,44150.36219999999,72159.3741,35721.201100000006,72943.8309,0.0,54.6813,48333.2543,21293.6457,117052.45730000001,65722.8541,165894.01950000002,96325.57530000001,197914.18520000004,122403.25
2026-10-07T23:25:28.566305+00:00,obs-20261007-01,LIGHT,XRPUSDT,1.0,1.4204,1.4205,1.4204500000000002,0.7040270346370114,26678103180,1.4204,1.4205,383,38,972279.2678200002,718995.8908000004,804225.1876600003,930815.1429500005,1252.5183399999999,60249.350580000006,1269162.1500000006,810799.4579200002,1967093.2618000004,1296806.87503,2720117.6863499996,1995814.58072,4215371.399819998,2654786.160059999
2026-10-07T23:25:28.566305+00:00,obs-20261007-01,LIGHT,HBARUSDT,1.0,0.09274,0.09275,0.092745,1.0782833728706365,8393257198,0.09274,0.09275,147,7,267942.2917199999,152391.06777000002,246859.28588,162382.07008,347.2912,1956.50104,133620.92263,102842.52953000001,189228.40511000005,199022.66761999996,381245.2507300001,338107.1725,858754.1417900003,697859.8664800001
2026-10-07T23:26:28.572450+00:00,obs-20261007-01,LIGHT,PEPEUSDT,1.0,4.08e-06,4.09e-06,4.085e-06,24.50980392156854,8828008081,4.08e-06,4.09e-06,112,11,46015.36037469,195321.27136836003,57971.150484540005,206536.88399065,1.09999656,857.0348454800001,117626.02091496,118945.50448323999,279491.7194561,286973.42016924,627220.3031431,581155.82841929,954368.16558005,1225092.74059548
2026-10-07T23:26:28.572450+00:00,obs-20261007-01,LIGHT,BNBUSDT,1.0,773.33,773.34,773.335,0.1293109022015848,20910239877,773.33,773.34,291,67,1524469.4544399995,855272.1046899995,1568748.3101500005,853405.6807900002,12539.491549999997,4609.99978,878015.5995599997,1977916.2361200002,1638543.1588,2840395.2985999975,3282838.5752099976,4708781.4369699955,5746115.934250001,5956412.414119995
2026-10-07T23:26:28.572450+00:00,obs-20261007-01,LIGHT,AAVEUSDT,1.0,174.22,174.23,174.225,0.5739869130971798,10439755775,174.22,174.23,343,36,3006476.861130002,222249.17879000006,2895722.3572099986,222699.52466000002,4312.818920000001,1244.52828,263068.87117,99474.99638000003,348347.4123,141167.50106000004,455235.2317400002,173517.48019999996,561753.3223700004,198016.42351999998
2026-10-07T23:26:28.572450+00:00,obs-20261007-01,LIGHT,AVAXUSDT,1.0,11.14,11.141,11.1405,0.8976660682225024,10520446902,11.14,11.141,291,106,986288.7551000004,425844.48518000013,974135.0441899995,476418.5490999998,37627.955659999985,17093.493039999998,166412.40929999997,145851.71386,308757.71623,239765.12326999998,429682.44148,269911.9927499999,492354.63792999985,371795.1374799997
2026-10-07T23:26:28.572450+00:00,obs-20261007-01,LIGHT,FILUSDT,1.0,1.0529,1.053,1.05295,0.9497578117589889,9895612601,1.0529,1.053,217,25,118673.32044100005,144364.544539,104131.66604799998,160547.482777,134.51387699999998,1449.087704,96936.098377,87243.880998,195148.746285,141552.781056,277983.4484529998,209482.91839100004,370334.80343699997,245865.42714700013
2026-10-07T23:26:28.572450+00:00,obs-20261007-01,LIGHT,ALGOUSDT,1.0,0.1186,0.1187,0.11865,8.43170320404818,5664527986,0.1186,0.1187,161,5,52232.94440000001,77909.74360000002,56960.57139999998,74526.32429999996,221.4262,830.1755999999999,39797.1654,25111.1647,112180.108,69845.927,160919.03070000003,99708.99459999999,192939.19640000004,125786.66929999998
2026-10-07T23:26:28.572450+00:00,obs-20261007-01,LIGHT,XRPUSDT,1.0,1.4211,1.4212,1.42115,0.7036802476956261,26678106844,1.4211,1.4212,381,57,2211953.351790001,1528315.6012699995,2116912.8367600003,1635489.99915,40771.877960000005,43065.57023,1238271.9305900002,733306.65159,1915408.9541900004,1218634.0892000003,2811255.7200900004,1892153.0332300002,4291751.01439,2551506.65601
2026-10-07T23:26:28.572450+00:00,obs-20261007-01,LIGHT,HBARUSDT,1.0,0.09279,0.0928,0.09279499999999999,1.0777023386143725,8393258250,0.09279,0.0928,157,14,464301.6948500001,220648.15907,398708.62626000005,219585.45591000002,474.49514999999997,2455.4871499999995,159073.51072000002,114750.45722999997,263199.5394900001,204990.67137999999,435834.6538100001,346535.94957,923237.2904900004,708967.84946
2026-10-07T23:27:28.592688+00:00,obs-20261007-01,LIGHT,PEPEUSDT,1.0,4.08e-06,4.09e-06,4.085e-06,24.50980392156854,8828008249,4.08e-06,4.09e-06,99,8,77032.29862080999,95637.81533225,65379.49193917,102080.58313268,0.0,700.41070449,129828.34123368,112648.34416323999,291247.47414079995,267421.91295163997,638873.10982474,574713.06061886,966789.6257680899,1219701.6572657698
2026-10-07T23:27:28.592688+00:00,obs-20261007-01,LIGHT,BNBUSDT,1.0,773.33,773.34,773.335,0.1293109022015848,20910242277,773.33,773.34,293,29,906731.5629000003,399401.41518,964911.5666300001,349820.2625199999,2542.6918800000003,5770.773920000001,820908.7953999998,2028628.9677900008,1581605.78431,2890073.8886199994,3224658.571479998,4758362.589629999,5687497.1661300035,6006292.7127399985
2026-10-07T23:27:28.592688+00:00,obs-20261007-01,LIGHT,AAVEUSDT,1.0,174.23,174.24,174.235,0.5739539688920381,10439758955,174.23,174.24,347,35,3959502.1164999995,267765.94778999995,4070600.7162000015,258606.8848799999,14322.776950000001,4725.324189999999,130817.86457,103662.63804999998,238991.61115000004,147165.98531000002,345538.58884000016,182676.54310999994,449004.1563099999,207477.46156999993
2026-10-07T23:27:28.592688+00:00,obs-20261007-01,LIGHT,AVAXUSDT,1.0,11.13,11.131,11.130500000000001,0.8984725965843765,10520448689,11.13,11.131,267,57,590970.5046300001,279635.85301000014,605630.8372399999,239596.77414,11487.720490000002,186.7615,175295.71813999998,146931.15618,357626.3302700001,263087.14400000003,418554.35245999997,307901.87956000003,478260.39394999994,410590.84580999985
2026-10-07T23:27:28.592688+00:00,obs-20261007-01,LIGHT,FILUSDT,1.0,1.0527,1.0528,1.05275,0.9499382540134604,9895614166,1.0527,1.0528,248,26,145428.02234200007,137931.43471999996,159422.89045400004,127678.57813699999,318.503014,294.09391500000004,97546.663488,88121.82077800001,181418.45995300004,143372.170573,267518.730485,219567.729079,356638.17649500014,256058.4626580001
2026-10-07T23:27:28.592688+00:00,obs-20261007-01,LIGHT,ALGOUSDT,1.0,0.1186,0.1187,0.11865,8.43170320404818,5664528485,0.1186,0.1187,119,1,23546.13439999999,40808.7506,19430.694,42230.3153,39.3752,0.0,48891.312300000005,23889.374499999998,116257.91260000001,72202.31940000001,165034.47110000005,98287.42990000002,196614.35520000005,124365.07710000001
2026-10-07T23:27:28.592688+00:00,obs-20261007-01,LIGHT,XRPUSDT,1.0,1.4211,1.4212,1.42115,0.7036802476956261,26678108975,1.4211,1.4212,368,39,1251412.1210600007,1150739.8710799995,1290655.8161299997,964515.3652799999,2076.0454200000004,14412.063369999998,1231538.0579200003,855154.5694000002,1876426.9002200002,1248494.01813,2772012.025020001,2078377.5390299999,4252546.379620001,2738236.170709999
2026-10-07T23:27:28.592688+00:00,obs-20261007-01,LIGHT,HBARUSDT,1.0,0.09283,0.09284,0.092835,1.0772379618662065,8393259223,0.09283,0.09284,153,13,294751.17421,210429.40398000006,269607.2803500001,210219.3905500001,1196.4179,1111.2998400000001,162549.13973,129694.58573,286152.01930000004,216887.86328,458271.48919000005,347599.28250000003,948268.8658900002,709177.8628900001
2026-10-07T23:28:28.617200+00:00,obs-20261007-01,LIGHT,PEPEUSDT,1.0,4.08e-06,4.09e-06,4.085e-06,24.50980392156854,8828008470,4.08e-06,4.09e-06,98,8,11156.52877423,263701.00047812006,10882.85314468,244340.81731199007,0.0,618.46596757,133815.85299071998,118783.00495908999,293591.93165567,285394.01777038997,639146.78545429,594073.2437849899,966807.260879,1270075.6076433198
2026-10-07T23:28:28.617200+00:00,obs-20261007-01,LIGHT,BNBUSDT,1.0,773.31,773.32,773.315,0.1293142465508268,20910244063,773.31,773.32,328,26,352059.0100900001,198942.11286999992,340379.05164000014,215994.08627999996,13857.16454,1151.4805600000002,847982.7866999999,2011220.054120001,1593333.54722,2870410.435559999,3236363.028889998,4741298.11926,5699446.918700002,5988514.531640002
2026-10-07T23:28:28.617200+00:00,obs-20261007-01,LIGHT,AAVEUSDT,1.0,174.24,174.25,174.245,0.5739210284660956,10439760491,174.24,174.25,282,17,2913013.0892000007,131299.85502000005,2937335.2209400027,132265.38176999995,3668.4295700000002,958.6873100000001,141448.10938999994,103448.43159000001,251614.20138999994,146556.44017000002,321216.4571000002,181718.75947999998,424866.9438099999,206569.44349999996
2026-10-07T23:28:28.617200+00:00,obs-20261007-01,LIGHT,AVAXUSDT,1.0,11.143,11.144,11.1435,0.8974243919945835,10520452141,11.143,11.144,254,93,884520.7664900002,379784.73815999995,852842.93122,399866.52274000016,11894.903480000003,13792.972619999999,209434.88924999995,159234.72099999996,338645.08621999994,255598.49273999993,446592.5118599999,289882.1161399999,506013.64996999985,391765.79600999964
2026-10-07T23:28:28.617200+00:00,obs-20261007-01,LIGHT,FILUSDT,1.0,1.0532,1.0533,1.0532499999999998,0.9494872768711637,9895614991,1.0532,1.0533,189,14,121098.28836099994,102289.55926400001,108705.97240399996,120305.15749000001,0.0,6353.344079999999,71138.64985499998,85355.55592599999,184736.82495999997,130031.15596799999,276370.8247879998,201737.88592899998,360735.95578199986,238805.03032800005
2026-10-07T23:28:28.617200+00:00,obs-20261007-01,LIGHT,ALGOUSDT,1.0,0.1186,0.1187,0.11865,8.43170320404818,5664529061,0.1186,0.1187,140,0,17338.56390000001,60439.655900000005,16258.053900000008,59560.169299999994,0.0,0.0,49167.6782,24314.6766,119578.5226,70498.2649,166114.98110000003,99166.91649999999,197694.86520000003,125244.56369999998
2026-10-07T23:28:28.617200+00:00,obs-20261007-01,LIGHT,XRPUSDT,1.0,1.4211,1.4212,1.42115,0.7036802476956261,26678110244,1.4211,1.4212,343,24,218127.84496999998,137813.27776000006,249409.0249899999,134141.85528000005,25721.05734,3239.1990399999995,1213616.30122,858586.1738900001,1862824.3860999998,1252165.4406100002,2740730.845000001,2082048.96151,4221233.482329999,2741907.593189999
2026-10-07T23:28:28.617200+00:00,obs-20261007-01,LIGHT,HBARUSDT,1.0,0.09281,0.09282,0.09281500000000001,1.077470100203648,8393260199,0.09281,0.09282,154,17,172569.25043000001,255131.77754000004,184913.99171000003,246748.17653999993,3418.5494899999994,1889.8015599999999,167727.18502,122939.44648,275514.5693400001,220042.12685,447301.31885000004,355982.88350000005,935929.6741000003,717561.4638900001
2026-10-07T23:29:28.666489+00:00,obs-20261007-01,LIGHT,PEPEUSDT,1.0,4.08e-06,4.09e-06,4.085e-06,24.50980392156854,8828008634,4.08e-06,4.09e-06,84,9,256817.89484608997,108300.16153092998,258790.14980945,106772.62536621,7.4908187999999996,673.47422216,120198.50457096,121115.60730506999,281924.93817607,299892.24868436996,637174.53049093,595600.77994971,964835.0059156399,1271603.1438080398
2026-10-07T23:29:28.666489+00:00,obs-20261007-01,LIGHT,BNBUSDT,1.0,773.32,773.33,773.325,0.12931257435511156,20910245091,773.32,773.33,234,20,268970.81268000003,167143.36177,222462.31526999996,189368.56105999995,5767.347950000001,6210.531599999999,869559.2767999998,1988085.5775800007,1639723.75999,2850455.576799998,3282853.1521399976,4719072.919969997,5821081.5762,5966683.929249999
2026-10-07T23:29:28.666489+00:00,obs-20261007-01,LIGHT,AAVEUSDT,1.0,174.46,174.47,174.465,0.573197294508887,10439763709,174.46,174.47,275,100,2114097.5969,272999.43944,2093690.8450699996,273115.29977,4305.924030000001,15452.92012000001,138337.78548000002,96051.62986,226895.47405000002,143313.3643,332974.70695,196978.32548999996,441434.9644799999,212858.25201999999
2026-10-07T23:29:28.666489+00:00,obs-20261007-01,LIGHT,AVAXUSDT,1.0,11.154,11.155,11.154499999999999,0.8965393580773195,10520455960,11.154,11.155,276,102,1294169.8934300004,508090.53078000003,1272749.0012399994,524523.50789,42217.275989999995,21838.245249999993,173187.31306000001,156786.94369000004,330519.55968000006,223925.36086000004,467496.4445300001,274590.06755000004,526446.87243,388803.53159999993
2026-10-07T23:29:28.666489+00:00,obs-20261007-01,LIGHT,FILUSDT,1.0,1.0536,1.0537,1.0536500000000002,0.949126803340139,9895615980,1.0536,1.0537,178,17,116782.39968999999,58371.14705699998,110926.40958500002,57989.058692999984,919.0718980000001,477.58980099999997,81167.10826400001,92749.07836299998,186018.096256,149022.26081,278500.15659499983,206038.65303499997,371415.22710799985,239526.915073
2026-10-07T23:29:28.666489+00:00,obs-20261007-01,LIGHT,ALGOUSDT,1.0,0.1186,0.1187,0.11865,8.43170320404818,5664529324,0.1186,0.1187,90,0,9060.6039,70679.815,15021.585600000002,67856.9947,0.0,0.0,44436.5615,37863.8054,113223.8058,77036.41519999999,160153.9994,101989.73679999997,192562.0933,128067.38399999996
2026-10-07T23:29:28.666489+00:00,obs-20261007-01,LIGHT,XRPUSDT,1.0,1.4211,1.4212,1.42115,0.7036802476956261,26678111212,1.4211,1.4212,261,9,379127.92016999994,227631.6003,278207.97072,242745.17139000012,639.77922,401.63112,1232755.1447900003,843472.99454,1881963.3451700003,1237051.86952,2841650.7944500013,2066935.3904199998,4364989.211619999,2726794.022099999
2026-10-07T23:29:28.666489+00:00,obs-20261007-01,LIGHT,HBARUSDT,1.0,0.09282,0.09283,0.09282499999999999,1.0773540185304853,8393260881,0.09282,0.09283,136,6,35573.44616,94196.98864999998,34970.580700000006,94744.55047,543.9402,2333.21178,166558.73178,131495.59456,276018.3984700001,219508.23406000005,447267.75417000003,355435.3216800001,936526.9937900002,717013.9020700002
2026-10-07T23:30:28.666577+00:00,obs-20261007-01,LIGHT,PEPEUSDT,1.0,4.09e-06,4.1e-06,4.095e-06,24.449877750611915,8828009221,4.09e-06,4.1e-06,113,25,347787.9448016899,217888.88684138,233536.41315318996,321247.30590871,285.17623159999994,19322.194248919997,49280.54932585,165274.05281899997,238893.47843665,298836.1585571,594717.49322513,588662.40211066,956328.87193283,1239054.9821485798
2026-10-07T23:30:28.666577+00:00,obs-20261007-01,LIGHT,BNBUSDT,1.0,773.46,773.47,773.465,0.12928916815369007,20910249068,773.46,773.47,362,59,2214128.8328299997,3393609.7632299997,2178630.5902399984,3386530.65791,764.2089400000001,9377.644360000002,911290.0599999998,2021134.1431800013,1647592.70658,2859989.306339999,3317292.5003699968,4742905.748579999,5844370.138459996,5985944.873310001
2026-10-07T23:30:28.666577+00:00,obs-20261007-01,LIGHT,AAVEUSDT,1.0,174.42,174.43,174.425,0.5733287467046821,10439766052,174.42,174.43,301,40,2579964.562240001,271127.3347899999,2568290.03449,293372.58175000007,4838.24619,4582.8137,186811.66361000005,78045.56294,266026.04764000006,118287.06841000002,350131.7627200001,174455.23102,449367.9968699999,190102.01634
2026-10-07T23:30:28.666577+00:00,obs-20261007-01,LIGHT,AVAXUSDT,1.0,11.176,11.177,11.1765,0.8947745168219612,10520461394,11.176,11.177,393,146,1700384.2028800012,731567.3326599997,1657183.5572499994,720445.27741,30288.80817,43188.12660999999,182578.40796999997,155261.50199000002,372979.2748,236065.15746000007,477182.05934999994,286850.0421800001,537337.1736999998,463548.74179000006
2026-10-07T23:30:28.666577+00:00,obs-20261007-01,LIGHT,FILUSDT,1.0,1.0537,1.054,1.0538500000000002,2.84711018316397,9895618124,1.0537,1.054,291,43,222985.42612099985,145755.66636500004,230039.47666699995,155748.90674999997,2569.8500320000003,1840.442957,87013.01369200001,81089.618044,184236.31769000003,143459.14416999999,271164.3581079999,196545.91424099996,364667.6527809997,229844.815805
2026-10-07T23:30:28.666577+00:00,obs-20261007-01,LIGHT,ALGOUSDT,1.0,0.1186,0.1187,0.11865,8.43170320404818,5664529588,0.1186,0.1187,92,1,10632.822100000001,47043.309100000006,6525.109999999999,50831.08689999999,602.1322,0.0,47298.258,24767.7046,117708.62909999999,66081.25570000001,164261.71150000003,98201.959,196259.60660000003,124279.51349999999
2026-10-07T23:30:28.666577+00:00,obs-20261007-01,LIGHT,XRPUSDT,1.0,1.4212,1.4213,1.4212500000000001,0.7036307345908988,26678115018,1.4212,1.4213,425,48,2071467.2193000002,2374906.1908799997,2306993.1896500005,2123377.903779999,4069.90378,35375.511679999996,1136550.5020900003,1048813.9923699996,1513742.4635900005,1367942.7049799995,2605293.14894,2319518.979719999,4128573.1965799984,2979561.7198399995
2026-10-07T23:30:28.666577+00:00,obs-20261007-01,LIGHT,HBARUSDT,1.0,0.09283,0.09284,0.092835,1.0772379618662065,8393261876,0.09283,0.09284,140,19,496806.4178799999,173933.58780000007,503586.14690000005,172535.14213999998,717.70089,2793.7478800000004,141198.95601,125683.40355,263615.77725,221458.83384000004,439749.88434999995,356833.7673400001,925227.4382900002,718415.5006100001
2026-10-07T23:31:28.667658+00:00,obs-20261007-01,LIGHT,PEPEUSDT,1.0,4.09e-06,4.1e-06,4.095e-06,24.449877750611915,8828009479,4.09e-06,4.1e-06,134,13,381699.88613959,173950.21012898,351554.2143291301,175355.39542077997,2050.21244324,2881.1083842,103668.73645561,161334.5528663,280658.60257537,297266.57222137996,624863.16503559,587257.21681886,963438.5475096599,1237650.8090826399
2026-10-07T23:31:28.667658+00:00,obs-20261007-01,LIGHT,BNBUSDT,1.0,773.88,773.89,773.885,0.12921900036211298,20910252270,773.88,773.89,321,111,3700994.4578099996,2809657.90198,3567827.5100600002,2976458.9758900004,4468.01447,115367.7109,899716.7078499998,2052887.2428600017,1555729.0239299992,2819905.805110001,3436499.3022199976,4687573.198990002,5607503.758319997,5994356.619110007
2026-10-07T23:31:28.667658+00:00,obs-20261007-01,LIGHT,AAVEUSDT,1.0,174.63,174.64,174.635,0.5726392945071268,10439768007,174.63,174.64,297,51,1167844.2215499994,278060.5071900001,1114009.1621699997,261882.86837,6397.3877600000005,7483.56986,177468.04007999995,96498.96094000003,288488.12804,142877.06288,385768.43106,193256.36887000003,496906.30888999987,210428.41191
2026-10-07T23:31:28.667658+00:00,obs-20261007-01,LIGHT,AVAXUSDT,1.0,11.18,11.181,11.180499999999999,0.8944543828248719,10520465387,11.18,11.181,373,97,1242157.09073,523828.69275000016,1267600.5383900006,518718.06393000006,31893.62085,10450.66271,166960.40036,164082.41228000002,334702.90368000005,237465.17422000002,451720.90541000006,292050.5412700001,518352.03215999994,537603.5776900001
2026-10-07T23:31:28.667658+00:00,obs-20261007-01,LIGHT,FILUSDT,1.0,1.0536,1.0537,1.0536500000000002,0.949126803340139,9895619499,1.0536,1.0537,217,23,147041.19196300002,109791.59855299997,152614.64072899998,98486.28481099998,2027.2691719999998,827.757256,81259.00108,93007.474418,189741.50835600003,149220.39032399998,265872.65728299995,207343.14715199993,360412.0595789997,241479.01164799999
2026-10-07T23:31:28.667658+00:00,obs-20261007-01,LIGHT,ALGOUSDT,1.0,0.1186,0.1187,0.11865,8.43170320404818,5664530116,0.1186,0.1187,114,3,18826.1416,67646.3035,17382.526800000003,67704.98610000001,9.7252,40.1206,49654.120800000004,26420.0833,119152.15120000002,72112.14469999999,165705.32630000002,98143.27639999999,197285.2104,124240.96359999997
2026-10-07T23:31:28.667658+00:00,obs-20261007-01,LIGHT,XRPUSDT,1.0,1.4213,1.4214,1.42135,0.7035812284517107,26678117919,1.4213,1.4214,391,53,1146147.73387,1135399.1878599992,1135140.8563500002,1207774.6309000002,14194.372749999999,12843.486419999997,1288652.4571900002,1051162.9452399998,1656676.9570700002,1429072.93417,2616168.884739999,2248737.0852299994,4126977.9176899977,2908771.2184699997
2026-10-07T23:31:28.667658+00:00,obs-20261007-01,LIGHT,HBARUSDT,1.0,0.0929,0.09291,0.092905,1.0764262648010892,8393263386,0.0929,0.09291,241,27,555909.5370200002,268136.95814000006,535957.8245700002,295619.19610999984,1178.29185,2622.0942599999994,161451.04911999998,120711.52426,287958.66218999994,191912.77338,458026.1723199999,329822.00909000007,940597.8995500001,693195.67496
2026-10-07T23:32:28.669671+00:00,obs-20261007-01,LIGHT,PEPEUSDT,1.0,4.09e-06,4.1e-06,4.095e-06,24.449877750611915,8828009879,4.09e-06,4.1e-06,124,10,24646.960213420003,105455.36458021004,24951.88480349,108239.31036017004,499.99999692,1166.3754456,103041.72386043999,156617.63402529998,283536.01010836,294319.98653571995,624558.24044552,584473.2710388999,963131.5229197701,1234865.8510768197
2026-10-07T23:32:28.669671+00:00,obs-20261007-01,LIGHT,BNBUSDT,1.0,773.6,773.61,773.605,0.12926577042327025,20910256774,773.6,773.61,333,98,2341820.89751,2312749.2059799996,2412898.2323900014,2274742.55671,27760.18869000001,12903.18111,768533.1583399998,2037396.5288400007,1541436.2321099993,2796472.574990001,3378679.157469997,4616834.729880004,5546945.50635,6027642.238940008
2026-10-07T23:32:28.669671+00:00,obs-20261007-01,LIGHT,AAVEUSDT,1.0,174.44,174.45,174.445,0.5732630130705907,10439770314,174.44,174.45,353,37,1338987.801350001,339613.78577999986,1460752.6442900011,333299.01060999994,6013.912020000001,14600.02939,98831.07464,69822.69499999999,186335.57953000005,118871.51704000005,275740.57013000007,197067.67891,369276.6177299999,212766.66473999995
2026-10-07T23:32:28.669671+00:00,obs-20261007-01,LIGHT,AVAXUSDT,1.0,11.163,11.164,11.163499999999999,0.895816536772287,10520469386,11.163,11.164,365,117,1091568.9481899997,553799.3934700001,1175034.0042599998,520571.4892800005,15627.372439999997,15763.278699999999,137419.66546000002,160081.23061,321102.6572599999,245775.75060999996,372509.9986699997,323512.04336000007,449333.3692699998,438129.2189
2026-10-07T23:32:28.669671+00:00,obs-20261007-01,LIGHT,FILUSDT,1.0,1.0544,1.0545,1.05445,0.948406676783975,9895621559,1.0544,1.0545,256,40,259018.86045700003,176887.50063300005,249496.65889800005,198520.86800200003,13700.604871000003,4109.288503,90015.22221099999,88832.98585600001,185577.42405400003,145761.357617,271560.602871,190272.64457199996,361941.7293209997,225446.126941
2026-10-07T23:32:28.669671+00:00,obs-20261007-01,LIGHT,ALGOUSDT,1.0,0.1188,0.1189,0.11885000000000001,8.417508417508657,5664530871,0.1188,0.1189,178,5,78034.10040000001,59219.09640000001,75948.35469999998,64626.33779999999,5.1041,140.4614,46391.0036,31835.169499999996,108800.9562,67716.4136,155783.44379999998,99620.457,197989.12009999994,119371.70819999998
2026-10-07T23:32:28.669671+00:00,obs-20261007-01,LIGHT,XRPUSDT,1.0,1.421,1.4211,1.4210500000000001,0.7037297677681131,26678120695,1.421,1.4211,312,47,1543242.9644500003,1389180.5452899996,1687247.5767499995,1221312.6180699999,4751.295369999999,12243.70223,1053161.3438199998,1211573.5666599998,1545203.68106,1592339.38694,2473182.9483299996,2416326.4089099993,3985435.3991399985,3076294.5782999992
2026-10-07T23:32:28.669671+00:00,obs-20261007-01,LIGHT,HBARUSDT,1.0,0.0929,0.09291,0.092905,1.0764262648010892,8393264918,0.0929,0.09291,188,22,368109.8996599999,619919.03262,364834.1247899999,593711.9457399999,512.70996,2476.1185400000004,178519.23046000005,129022.43370999997,299532.52024,176961.20640999996,461301.9471900001,356029.09596999997,944683.2333500003,723608.0732800001
2026-10-07T23:33:28.680253+00:00,obs-20261007-01,LIGHT,PEPEUSDT,1.0,4.09e-06,4.1e-06,4.095e-06,24.449877750611915,8828010368,4.09e-06,4.1e-06,112,13,50665.858135739996,256937.41407255994,41552.90605011999,268335.47854811995,0.0,1475.2411802000001,127684.25548557,120399.17480719999,291653.08664637,282029.87286908,633671.19253114,573075.20656334,970468.34418329,1279002.71972695
2026-10-07T23:33:28.680253+00:00,obs-20261007-01,LIGHT,BNBUSDT,1.0,773.72,773.73,773.725,0.12924572196704176,20910260379,773.72,773.73,402,39,985188.9921899993,1763754.7992300016,877489.9454400002,1754231.9497900011,2574.9401599999997,2959.4060199999985,964364.4324300004,2074575.6071100007,1641585.89622,2866791.88756,3485645.9791999976,4627961.874890001,5652183.8894799985,6034293.605010008
2026-10-07T23:33:28.680253+00:00,obs-20261007-01,LIGHT,AAVEUSDT,1.0,174.27,174.28,174.275,0.573822229872345,10439772351,174.27,174.28,277,24,2182729.30002,227558.04866,2139059.80271,202938.15989000007,17810.80175,398.1053,152682.38943999997,95662.09061999997,223856.41246999992,144296.45289000004,329323.22649999993,214963.27719000002,421461.07590999966,232836.8406999999
2026-10-07T23:33:28.680253+00:00,obs-20261007-01,LIGHT,AVAXUSDT,1.0,11.172,11.173,11.1725,0.8950948800556802,10520471336,11.172,11.173,279,26,729866.2364800004,240379.23973000006,660910.1990899998,260839.83369000003,4939.24896,2823.264,162221.15659,158820.91082999998,360375.78495,238500.81252000004,438687.0057700001,304691.64236000023,514970.54843000014,428233.13429000013
2026-10-07T23:33:28.680253+00:00,obs-20261007-01,LIGHT,FILUSDT,1.0,1.0545,1.0546,1.0545499999999999,0.9483167377899449,9895623368,1.0545,1.0546,263,67,156670.70925,103380.64521199996,143355.49963399992,111246.45266400001,4315.327937,8200.93953,103111.865504,81112.77710200002,198692.265159,138756.61490800002,284870.310607,186512.45471999995,375143.54067399976,217575.30963099998
2026-10-07T23:33:28.680253+00:00,obs-20261007-01,LIGHT,ALGOUSDT,1.0,0.1188,0.1189,0.11885000000000001,8.417508417508657,5664531162,0.1188,0.1189,120,0,27761.98919999999,24471.0366,25767.3954,26981.945500000005,0.0,0.0,62856.8918,25804.875399999997,114434.6703,67814.9614,157778.03759999998,97109.54810000001,197876.67629999996,117113.6448
2026-10-07T23:33:28.680253+00:00,obs-20261007-01,LIGHT,XRPUSDT,1.0,1.4217,1.4218,1.4217499999999998,0.70338327354591,26678122995,1.4217,1.4218,361,28,1346865.19968,599818.9162199999,1026215.1569900002,952392.2429199996,2234.34372,18878.691280000003,1243257.28369,996581.5185100001,1699864.8341599999,1366907.49713,2792554.3773099994,2066305.2846800003,4289862.760379998,2784340.08584
2026-10-07T23:33:28.680253+00:00,obs-20261007-01,LIGHT,HBARUSDT,1.0,0.09294,0.09295,0.092945,1.0759629868739573,8393265885,0.09294,0.09295,167,30,114745.94910999999,115168.40150999997,107031.85888999997,127788.1908300001,2124.3547900000003,1633.4663899999998,152888.09415,126718.35900999999,263785.75898,210905.6372599999,467818.33635,357205.40981,952491.6796900003,711109.23679
2026-10-07T23:34:28.717621+00:00,obs-20261007-01,LIGHT,PEPEUSDT,1.0,4.09e-06,4.1e-06,4.095e-06,24.449877750611915,8828010574,4.09e-06,4.1e-06,93,10,54175.21640018999,176925.52223072,47095.66541931999,163280.96013046996,6.5523640499999996,624.0354652,107838.13215728999,132269.6693032,296548.47323961,296304.50364508,640750.74351201,586719.7686635901,975035.10210801,1278317.80720076
2026-10-07T23:34:28.717621+00:00,obs-20261007-01,LIGHT,BNBUSDT,1.0,773.86,773.87,773.865,0.12922233995737997,20910263557,773.86,773.87,367,54,1429335.9250699994,2058261.1712099987,1434951.3131299997,2057779.6949300016,591.25608,13314.16033,883120.6754100003,2048211.4682200006,1628689.2886499993,2867902.38791,3467774.538139997,4735208.21948,5621629.167589998,6041365.309970008
2026-10-07T23:34:28.717621+00:00,obs-20261007-01,LIGHT,AAVEUSDT,1.0,174.27,174.28,174.275,0.573822229872345,10439774220,174.27,174.28,240,29,718880.6855499998,165806.84451000002,730813.9215999998,171746.52059999996,683.12843,4879.23777,139849.46553,87746.04201,233837.18882999988,140205.67250000004,319462.04643000005,206872.70154,411637.06200999976,224493.4221699999
2026-10-07T23:34:28.717621+00:00,obs-20261007-01,LIGHT,AVAXUSDT,1.0,11.166,11.167,11.1665,0.8955758552753323,10520476021,11.166,11.167,387,106,1814622.0575700013,634199.5449499997,1837873.94505,616898.3341599999,21151.699179999996,14901.20326,190464.15235000002,153282.92658999996,363232.89433000004,242748.79597,418214.14858,321232.2367200001,492519.01541,435107.02679
2026-10-07T23:34:28.717621+00:00,obs-20261007-01,LIGHT,FILUSDT,1.0,1.0547,1.0548,1.0547499999999999,0.9481369109698434,9895626470,1.0547,1.0548,338,114,309389.8588159998,273680.61179600016,318489.092818,274472.0216150001,2144.999534,7224.5667109999995,103195.80207100001,74772.271391,187082.44639000006,129281.312353,275615.12782900006,185711.01354799996,368687.60223599995,218861.63905499998
2026-10-07T23:34:28.717621+00:00,obs-20261007-01,LIGHT,ALGOUSDT,1.0,0.1188,0.1189,0.11885000000000001,8.417508417508657,5664532212,0.1188,0.1189,161,7,94549.90860000005,85916.32029999999,98914.85850000005,77907.59369999997,1580.5609000000004,4156.0594,71852.3551,20471.324,119629.3842,67312.7582,150762.7134,97474.4335,184430.89359999998,123493.57589999998
2026-10-07T23:34:28.717621+00:00,obs-20261007-01,LIGHT,XRPUSDT,1.0,1.422,1.4221,1.42205,0.7032348804503208,26678128077,1.422,1.4221,423,59,3967636.5974500002,3741833.9974700017,4185103.7120599994,3485604.5645399992,15820.342450000002,27783.15161999999,1277091.35213,990896.19382,1905928.34078,1511953.1863900002,2573782.1294700005,2325196.183519999,4056027.794779999,3054602.5398900006
2026-10-07T23:34:28.717621+00:00,obs-20261007-01,LIGHT,HBARUSDT,1.0,0.09293,0.09294,0.09293499999999999,1.076078768964539,8393267226,0.09293,0.09294,238,22,487693.3937000001,272764.2539499999,494533.22599000024,271413.86339,2667.72775,1613.5398599999999,153542.83386,123000.94325999999,297401.61578,206482.67092,460978.50406,348864.0983500001,945864.3877900004,712452.1381500001
2026-10-07T23:35:28.727718+00:00,obs-20261007-01,LIGHT,PEPEUSDT,1.0,4.09e-06,4.1e-06,4.095e-06,24.449877750611915,8828010873,4.09e-06,4.1e-06,102,10,80790.67449655,240022.47595743003,81112.20926901,239759.07129377002,752.95309399,829.6202892,105375.73132183,152263.8038453,296227.14979783,296567.90830874,640429.20873955,586983.17332725,974714.5673372499,1277057.9082912002
2026-10-07T23:35:28.727718+00:00,obs-20261007-01,LIGHT,BNBUSDT,1.0,773.95,773.96,773.955,0.1292073131331506,20910265991,773.95,773.96,328,33,717519.2158200003,1271666.4704199994,747513.0418900003,1415450.84917,1463.4354099999998,5751.5004,863603.5809500003,1849310.0905000002,1593078.6214799995,2647101.227280002,3436638.3539399975,4592565.8180800015,5597531.001169995,5898417.61014001
2026-10-07T23:35:28.727718+00:00,obs-20261007-01,LIGHT,AAVEUSDT,1.0,174.27,174.28,174.275,0.573822229872345,10439775026,174.27,174.28,203,11,293594.5040700001,117339.50576999999,278484.86933,119545.34133999996,1475.87039,4440.278020000001,156308.33193,83594.56094999997,250065.56033999997,136428.67227000004,334571.68117000005,204666.86597,414573.5259499998,221711.9311299999
2026-10-07T23:35:28.727718+00:00,obs-20261007-01,LIGHT,AVAXUSDT,1.0,11.165,11.166,11.1655,0.8956560680717374,10520478071,11.165,11.166,290,59,745861.6736899997,316535.5101600003,741377.5634299999,307832.25341000006,2480.6034899999995,4699.0745700000025,194038.89921999993,178199.47095000002,367680.9772099998,259849.87672000003,422698.25883999973,329849.3295500002,497088.17859999987,443360.1533000002
2026-10-07T23:35:28.727718+00:00,obs-20261007-01,LIGHT,FILUSDT,1.0,1.0556,1.0557,1.05565,0.9473285335359627,9895628327,1.0556,1.0557,265,44,190002.18242400006,100027.23083500004,169477.97172400006,102767.93242599998,2246.62792,1816.600077,86279.20413799999,90518.82956099999,181285.03807599994,140029.241738,291218.08457500004,183157.17392599996,382294.6383279998,218336.79116699996
2026-10-07T23:35:28.727718+00:00,obs-20261007-01,LIGHT,ALGOUSDT,1.0,0.1188,0.1189,0.11885000000000001,8.417508417508657,5664532522,0.1188,0.1189,113,1,3390.145,28126.10160000001,6120.694100000001,23545.554200000006,380.16,0.0,69220.7298,30376.8153,117323.6597,73671.423,148032.1643,102054.9809,182132.97229999996,127821.37009999999
2026-10-07T23:35:28.727718+00:00,obs-20261007-01,LIGHT,XRPUSDT,1.0,1.4222,1.4223,1.42225,0.7031359864995146,26678129778,1.4222,1.4223,366,23,549428.88198,407878.0432999999,498318.82084,540827.43627,2465.3321600000004,4700.50664,1259069.1886799997,1146764.63001,1823059.3363499998,1381315.0796199997,2623578.8101900006,2192864.26069,4106777.71596,2923901.2856200016
2026-10-07T23:35:28.727718+00:00,obs-20261007-01,LIGHT,HBARUSDT,1.0,0.09292,0.09293,0.09292500000000001,1.0761945759796276,8393268067,0.09292,0.09293,159,10,140079.15294999996,181781.92336000002,141688.48412000007,172331.64914000005,1679.5239199999999,1088.09406,154220.95914000005,132403.29703000002,296198.04613000003,212555.59172000005,460027.80089000013,354223.10903000017,944255.0566200005,721788.9487400003
2026-10-07T23:36:28.738739+00:00,obs-20261007-01,LIGHT,PEPEUSDT,1.0,4.09e-06,4.1e-06,4.095e-06,24.449877750611915,8828011183,4.09e-06,4.1e-06,116,10,51098.67201970999,96999.04472159,50669.02655795,108149.04858117002,16.76096315,8861.5754629,120646.20845911,123124.5330515,296656.79525959,285417.91270915995,640858.8542013101,575833.1694676699,975181.85580767,1266670.0623311598
2026-10-07T23:36:28.738739+00:00,obs-20261007-01,LIGHT,BNBUSDT,1.0,773.89,773.9,773.895,0.12921733062887242,20910267667,773.89,773.9,300,122,639855.4855699998,1471789.155480001,593428.9764599998,1328037.6271199998,7388.798750000003,2134.5258000000003,877415.9220399997,2008147.442080001,1624653.7940399991,2787523.3879100014,3483921.4537699968,4735699.83329,5639063.534339995,6041899.1653100075
2026-10-07T23:36:28.738739+00:00,obs-20261007-01,LIGHT,AAVEUSDT,1.0,174.13,174.14,174.135,0.5742835812316827,10439776043,174.13,174.14,228,23,295257.45862000005,165527.63758999997,323174.42887,163377.28900000002,8560.486880000002,428.85823,126599.38233,80122.51993000001,265404.20351,132542.43565000003,313055.5482200001,184238.38177,389414.59304999985,221621.60250999988
2026-10-07T23:36:28.738739+00:00,obs-20261007-01,LIGHT,AVAXUSDT,1.0,11.161,11.162,11.1615,0.8959770629890507,10520481375,11.161,11.162,338,91,470496.5745300001,1073752.1853499995,503907.22179000004,1036749.7551599995,18936.54027,4371.008180000001,169227.05773,207237.22947,342734.8988,277045.3731600001,420416.73136,366459.5482800001,461991.49062,480179.91087
2026-10-07T23:36:28.738739+00:00,obs-20261007-01,LIGHT,FILUSDT,1.0,1.0554,1.0555,1.05545,0.9475080538212666,9895630608,1.0554,1.0555,268,56,266970.707417,156635.776109,270132.090311,162221.400029,3530.0533100000002,1989.43334,95588.53517399999,81791.142628,194226.02807199996,134835.573696,289102.98631300003,177560.483888,380748.8380679998,210474.127403
2026-10-07T23:36:28.738739+00:00,obs-20261007-01,LIGHT,ALGOUSDT,1.0,0.1187,0.1188,0.11875,8.424599831509116,5664533239,0.1187,0.1188,152,4,62545.00419999999,58767.5314,60241.677999999985,53951.02470000001,4737.9816,0.0,58378.84910000001,18951.9142,117662.15900000001,55637.1796,153481.87850000002,103115.8476,184690.6563,127813.2908
2026-10-07T23:36:28.738739+00:00,obs-20261007-01,LIGHT,XRPUSDT,1.0,1.4221,1.4222,1.4221499999999998,0.7031854299976992,26678131778,1.4221,1.4222,414,42,582024.9230199998,498877.1439700003,584381.3286099999,518754.99090000003,24844.802580000007,8418.932499999997,1327524.5679400002,936528.93795,1817215.5839200004,1360838.4992699996,2622507.9086000007,2173423.187819999,4103435.09696,2903990.729830001
2026-10-07T23:36:28.738739+00:00,obs-20261007-01,LIGHT,HBARUSDT,1.0,0.09288,0.09289,0.092885,1.0766580534027348,8393268889,0.09288,0.09289,128,12,141310.86363999997,394478.30525000003,155206.97679999997,385126.0483599999,2672.2775500000007,81.67411,166668.20455,128376.2495,286270.81778,218793.06514000005,447789.3432700002,363556.50469000003,930457.9139400005,729801.0630600002
2026-10-07T23:37:28.762548+00:00,obs-20261007-01,LIGHT,PEPEUSDT,1.0,4.09e-06,4.1e-06,4.095e-06,24.449877750611915,8828011298,4.09e-06,4.1e-06,74,8,10797.71290001,19784.85920644,18823.790496629998,125086.63347112,0.0,946.8332909,121145.25505249,116126.6242367,285518.36623657,262383.81300548,632832.7766046899,470531.39520299,968024.2918214799,1093581.60864491
2026-10-07T23:37:28.762548+00:00,obs-20261007-01,LIGHT,BNBUSDT,1.0,773.89,773.9,773.895,0.12921733062887242,20910268532,773.89,773.9,302,32,242118.78449999995,141473.01264000003,239587.73357,158523.71690000003,4715.31177,21017.576200000007,904093.1462899997,1982142.5175100008,1647818.7621699988,2762022.8654800006,3486452.5046999967,4718649.1290299995,5651113.136839997,6019301.866350006
2026-10-07T23:37:28.762548+00:00,obs-20261007-01,LIGHT,AAVEUSDT,1.0,174.12,174.13,174.125,0.5743165632887681,10439777521,174.12,174.13,206,30,387822.70667000004,275016.57149999996,396264.43131000013,272496.34153000003,17090.15231,2473.7523599999995,114454.88289000001,88214.91011000003,256067.14882,141999.48557000005,304722.95224000013,186696.00202000004,381578.72273999994,222470.25469999993
2026-10-07T23:37:28.762548+00:00,obs-20261007-01,LIGHT,AVAXUSDT,1.0,11.15,11.151,11.150500000000001,0.8968609865456223,10520482961,11.15,11.151,256,41,258944.8159100001,485376.19528999995,294809.72839,469082.4318299997,4962.900099999998,806.90464,179414.36026,197414.29254000002,330942.6232300001,279030.25624,385025.46308000013,381543.91692999983,436768.18369000015,496083.32169999985
2026-10-07T23:37:28.762548+00:00,obs-20261007-01,LIGHT,FILUSDT,1.0,1.0552,1.0553,1.05525,0.9476876421521396,9895631450,1.0552,1.0553,184,35,176846.82086200002,43790.326234999986,164429.79807000008,37163.82155,1945.6429930000004,226.22382999999996,105852.35378499998,84347.160664,214743.841046,132057.74930799997,301823.69019,184099.03338299997,392873.4594059998,218399.43658399992
2026-10-07T23:37:28.762548+00:00,obs-20261007-01,LIGHT,ALGOUSDT,1.0,0.1187,0.1188,0.11875,8.424599831509116,5664533640,0.1187,0.1188,85,0,25641.0674,69618.4266,26237.503299999997,63791.326799999995,0.0,0.0,56426.4825,28245.8672,117065.72309999999,71906.94290000001,152885.4426,108942.94740000002,184519.5919,131640.6184
2026-10-07T23:37:28.762548+00:00,obs-20261007-01,LIGHT,XRPUSDT,1.0,1.4222,1.4223,1.42225,0.7031359864995146,26678133454,1.4222,1.4223,395,43,553463.4167700001,416622.3055399997,606703.3135500001,409903.14640999975,7490.186839999999,33658.93959,1196020.6315799996,1128703.53986,1764469.5833799993,1368656.6782099993,2567982.5078199995,2180210.8632299993,4050086.3182999995,2911247.888160001
2026-10-07T23:37:28.762548+00:00,obs-20261007-01,LIGHT,HBARUSDT,1.0,0.09286,0.09287,0.092865,1.076889941846737,8393269649,0.09286,0.09287,136,12,105645.51893,280903.92344,114422.23775,269563.17960000003,1076.66099,927.42239,158930.95831,135585.13014999998,280087.79750000004,195912.53423,439671.5351400001,374543.71632999997,921726.8830600004,741143.1980600001
2026-10-07T23:38:28.762994+00:00,obs-20261007-01,LIGHT,PEPEUSDT,1.0,4.09e-06,4.1e-06,4.095e-06,24.449877750611915,8828011632,4.09e-06,4.1e-06,130,12,101831.13920954998,141934.3215462599,102173.55831657002,33740.13409199998,25.65718759,744.0864459,103953.03731678,146174.6024952,285164.88973358,286942.53313278,632490.35749767,578725.58265725,966063.1141754701,1271244.0583344402
2026-10-07T23:38:28.762994+00:00,obs-20261007-01,LIGHT,BNBUSDT,1.0,773.89,773.9,773.895,0.12921733062887242,20910271431,773.89,773.9,347,56,919711.84252,1865304.2316499995,864344.3973599995,1908511.7610299997,6267.565999999999,9845.896919999997,954622.8537499999,1947904.33741,1703170.8865899993,2726897.518779999,3541819.949859997,4675441.59965,5693191.613359996,5981541.335230007
2026-10-07T23:38:28.762994+00:00,obs-20261007-01,LIGHT,AAVEUSDT,1.0,174.08,174.09,174.085,0.5744485294112422,10439779030,174.08,174.09,287,26,502111.4281600001,175689.15702000007,503534.4125599999,171751.68384999997,525.66008,623.68112,131777.04974000002,86314.17198000001,256847.75943000006,138370.29946,303479.58331000013,188153.51843,379663.89633999986,226119.17724999986
2026-10-07T23:38:28.762994+00:00,obs-20261007-01,LIGHT,AVAXUSDT,1.0,11.143,11.144,11.1435,0.8974243919945835,10520485604,11.143,11.144,333,59,411858.97810999997,1062480.2892300007,399783.44075000007,1067013.83095,6725.390350000001,5651.5754400000005,174539.77292999998,207245.37003999995,339142.8985299999,294406.50014,397278.23046999995,376296.9305799999,459569.54845,478097.12902999984
2026-10-07T23:38:28.762994+00:00,obs-20261007-01,LIGHT,FILUSDT,1.0,1.0548,1.0549,1.05485,0.9480470231326699,9895632972,1.0548,1.0549,229,45,181314.09539400003,109276.92079499994,199376.79114799996,93009.52531900004,16713.498257,1183.348874,100544.18455599998,88857.21591500002,198618.09625099998,143287.88865800004,287332.282673,200304.05952100005,378973.16645599983,234462.591829
2026-10-07T23:38:28.762994+00:00,obs-20261007-01,LIGHT,ALGOUSDT,1.0,0.1188,0.1189,0.11885000000000001,8.417508417508657,5664534377,0.1188,0.1189,156,2,70836.6024,67691.103,63087.50060000001,79388.20959999997,0.0,1402.7657,45905.3313,28110.4091,108634.72260000001,68235.8904,157488.1564,99234.2408,190678.15799999997,120433.05779999998
2026-10-07T23:38:28.762994+00:00,obs-20261007-01,LIGHT,XRPUSDT,1.0,1.4218,1.4219,1.42185,0.703333802223316,26678136415,1.4218,1.4219,398,79,1260304.8759600006,1392407.8426500007,1273849.1482299995,1393511.2533000002,55489.456480000015,8971.139200000001,1291981.91871,884912.3111399999,1884644.8859500005,1482558.5611599996,2555937.29356,2179348.335539999,4023740.738329999,2908849.1289000004
2026-10-07T23:38:28.762994+00:00,obs-20261007-01,LIGHT,HBARUSDT,1.0,0.0928,0.09281,0.092805,1.0775862068967967,8393270946,0.0928,0.09281,177,14,428064.6282799999,660515.1241400003,435454.80697999994,645982.0465000003,8810.53199,2499.53573,167016.28193,130106.81435,260981.94564000002,207453.79715000003,442439.1125600001,388435.3054699999,916208.6977700003,755585.8610700001
2026-10-07T23:39:28.772231+00:00,obs-20261007-01,LIGHT,PEPEUSDT,1.0,4.09e-06,4.1e-06,4.095e-06,24.449877750611915,8828011887,4.09e-06,4.1e-06,87,11,36164.413566999996,178097.49956092998,35548.80805968,177444.63176086,24.373561539999997,634.7327547,123539.21054367999,125762.96182889999,285697.8825844,286844.42346440995,633105.96300499,579378.45045732,967443.50576031,1271896.9261345102
2026-10-07T23:39:28.772231+00:00,obs-20261007-01,LIGHT,BNBUSDT,1.0,773.98,773.99,773.985,0.12920230496815677,20910272997,773.98,773.99,257,40,656415.6545500006,697953.3547499997,697358.55502,716505.5113299995,5908.199640000001,9762.71846,930939.3465700003,1928080.69132,1651040.1879899993,2712112.47493,3307506.7154699974,4657530.407520001,5648086.691579997,5963051.759650011
2026-10-07T23:39:28.772231+00:00,obs-20261007-01,LIGHT,AAVEUSDT,1.0,174.22,174.23,174.225,0.5739869130971798,10439781408,174.22,174.23,291,19,2185658.4223200013,176306.04838999998,2173591.132640002,192611.04746000003,789.11154,2319.6198,110844.98300999998,80667.34495,219450.21959999995,132919.48986000006,308449.5772500001,178107.62993999998,400300.89309999975,210130.53672999985
2026-10-07T23:39:28.772231+00:00,obs-20261007-01,LIGHT,AVAXUSDT,1.0,11.15,11.151,11.150500000000001,0.8968609865456223,10520487364,11.15,11.151,276,31,301848.05062000005,731583.6249800001,286368.65831999993,757671.4531199998,1008.56556,14527.115469999999,175980.79086,193622.96774,323640.52238000004,285863.34798,412580.39274000016,350928.0664299999,467044.8588600003,465355.4515499999
2026-10-07T23:39:28.772231+00:00,obs-20261007-01,LIGHT,FILUSDT,1.0,1.055,1.0551,1.05505,0.9478672985774317,9895633568,1.055,1.0551,152,11,69510.84574000002,25181.625262000005,66544.44745600002,27927.019299999996,33.11067,657.526783,100170.92118299998,86082.76734099998,201465.62480899997,145384.34901600002,290262.20006500004,197615.90832300004,376404.83397599985,231955.157843
2026-10-07T23:39:28.772231+00:00,obs-20261007-01,LIGHT,ALGOUSDT,1.0,0.1188,0.1189,0.11885000000000001,8.417508417508657,5664534724,0.1188,0.1189,112,2,15924.585799999997,39622.66340000001,21035.310100000006,41071.425299999995,810.6912,124.1316,43035.2034,22112.4245,106475.7815,64762.108400000005,152377.4321,97785.47890000002,186000.29449999996,118984.38850000002
2026-10-07T23:39:28.772231+00:00,obs-20261007-01,LIGHT,XRPUSDT,1.0,1.4226,1.4227,1.42265,0.7029382820178398,26678139176,1.4226,1.4227,386,42,1554106.67008,1199515.1372,1327917.6334799996,1493171.1293099995,39.121500000000005,12452.320319999997,1233962.51989,824431.7806600003,1815091.9080200004,1198547.4816500004,2753045.4436400007,1887828.5412100002,4245483.47704,2740080.0914100003
2026-10-07T23:39:28.772231+00:00,obs-20261007-01,LIGHT,HBARUSDT,1.0,0.09286,0.09287,0.092865,1.076889941846737,8393272647,0.09286,0.09287,175,87,342902.7834,396915.2231600001,336227.96598,413310.27307,12222.095440000001,6912.359789999988,142196.69507,129968.12803,263818.14493,235063.31749,438956.17386000004,372681.74405999994,921020.0433700003,739266.85581
2026-10-07T23:40:28.772778+00:00,obs-20261007-01,LIGHT,PEPEUSDT,1.0,4.09e-06,4.1e-06,4.095e-06,24.449877750611915,8828012186,4.09e-06,4.1e-06,149,14,122677.99941714999,122956.96624295,123201.36323934999,120953.95768125998,450.23773174999997,647.9215075999999,105907.81650167,147905.1865627,285120.72987935,289461.37461814,632582.59918279,581381.45901901,966929.0218377002,1273899.9346962
2026-10-07T23:40:28.772778+00:00,obs-20261007-01,LIGHT,BNBUSDT,1.0,773.64,773.65,773.645,0.1292590869139687,20910277287,773.64,773.65,349,78,957837.5727600002,1734194.0438199996,1003965.0468000001,1611274.9263800008,8147.90557,2412.8358200000002,909488.6030600006,2050914.5722300021,1619713.9795600004,2809286.9317,3468046.684689998,4671006.352440001,5605022.652439999,6082307.8293300085
2026-10-07T23:40:28.772778+00:00,obs-20261007-01,LIGHT,AAVEUSDT,1.0,174.13,174.14,174.135,0.5742835812316827,10439782566,174.13,174.14,208,9,871177.5334199995,195261.52154999992,876657.5676200002,133392.93651999996,302.72654,430.26570000000004,118147.73182,132289.61053,247648.98293,190162.75529999996,311778.79666000005,236212.9000899999,388146.4055399998,271965.89885999967
2026-10-07T23:40:28.772778+00:00,obs-20261007-01,LIGHT,AVAXUSDT,1.0,11.153,11.154,11.153500000000001,0.8966197435666956,10520488736,11.153,11.154,262,20,126010.83778000005,668072.9961800004,129212.31069999999,682270.4254299997,5689.96592,4694.80402,137478.56707,191788.17096000008,315820.1690200001,272666.03216000006,404103.7857500003,336795.29095999995,463482.0983900004,451214.11675999995
2026-10-07T23:40:28.772778+00:00,obs-20261007-01,LIGHT,FILUSDT,1.0,1.0546,1.0547,1.05465,0.9482268158533813,9895634469,1.0546,1.0547,162,16,151927.81340600003,47823.429031,154393.937622,45940.702090000006,1329.0120889999998,91.827478,106539.776586,81854.939496,216151.92925599997,142070.28424000007,287853.44074100006,199410.79748900005,410112.2644779999,233651.918429
2026-10-07T23:40:28.772778+00:00,obs-20261007-01,LIGHT,ALGOUSDT,1.0,0.1187,0.1188,0.11875,8.424599831509116,5664535311,0.1187,0.1188,154,0,29403.047399999996,69793.3144,41894.855,56828.753900000025,0.0,0.0,51721.942500000005,26540.305999999997,107781.9597,68780.1599,143032.0125,108761.6394,174661.49630000003,131459.40300000002
2026-10-07T23:40:28.772778+00:00,obs-20261007-01,LIGHT,XRPUSDT,1.0,1.4221,1.4222,1.4221499999999998,0.7031854299976992,26678141781,1.4221,1.4222,351,70,1363681.1622300001,1160003.929230001,1554409.0248499997,886806.75346,30778.941420000014,6938.30791,1297981.90082,904563.7125100001,1783885.1768000005,1472035.8176000002,2591184.91353,2160601.2109599994,4058303.344649999,2891674.1136700013
2026-10-07T23:40:28.772778+00:00,obs-20261007-01,LIGHT,HBARUSDT,1.0,0.09282,0.09283,0.09282499999999999,1.0773540185304853,8393273687,0.09282,0.09283,184,9,212727.78649000003,205790.39258999997,224158.61355,199739.40777999998,4203.6059000000005,76.81496000000001,159379.14945,122369.50588000001,255921.88754999998,234708.48182999998,428914.46586,378106.0512899999,911355.7145500004,745241.7959700001
2026-10-07T23:41:28.979123+00:00,obs-20261007-01,LIGHT,PEPEUSDT,1.0,4.09e-06,4.1e-06,4.095e-06,24.449877750611915,8828012465,4.09e-06,4.1e-06,128,17,23487.127176470003,123026.62327128003,26993.58312986001,125323.20320592001,3621.9734635600003,2707.4423758999997,101082.75003699,144932.84728679998,281759.14539579,287311.32111053995,629076.1432294,579084.87908437,963424.1573036601,1271603.3547615602
2026-10-07T23:41:28.979123+00:00,obs-20261007-01,LIGHT,BNBUSDT,1.0,773.5,773.51,773.505,0.12928248222410232,20910279100,773.5,773.51,318,42,902930.6670699999,1992800.1994800002,861445.4156300001,2036572.046200001,1800.80016,2856.6130099999996,1040813.8821500007,1955715.4394500006,1668949.69131,2708080.7978699985,3510226.5595299983,4625361.03531,5649051.661619999,5967306.195840004
2026-10-07T23:41:28.979123+00:00,obs-20261007-01,LIGHT,AAVEUSDT,1.0,174.01,174.02,174.015,0.5746796161143486,10439783732,174.01,174.02,204,19,299419.4098699999,272405.65977,312094.62351999985,314817.53835000005,4375.67506,1658.2199999999998,128973.63967,81947.13588000002,249356.79652000003,137341.59756,301284.98478,186023.02465999997,386937.43401999987,225467.4596199998
2026-10-07T23:41:28.979123+00:00,obs-20261007-01,LIGHT,AVAXUSDT,1.0,11.152,11.153,11.1525,0.8967001434734279,10520491006,11.152,11.153,251,49,355365.59515999997,705775.4327999997,345544.62125,716487.31605,13252.348410000004,19520.057530000005,149080.77285,172469.91939000002,327212.60345000005,262775.75201999996,413938.7817300002,326072.2553599999,473301.68446000037,440429.3990999999
2026-10-07T23:41:28.979123+00:00,obs-20261007-01,LIGHT,FILUSDT,1.0,1.0546,1.0547,1.05465,0.9482268158533813,9895635326,1.0546,1.0547,158,13,66857.97806100002,51074.593439,74892.76743699997,42559.96592000001,331.14182500000004,366.821782,98499.29257500001,92346.40872699999,207755.52216800002,151091.19923100006,279818.6513650001,207925.42500800002,402082.48439699993,242161.558228
2026-10-07T23:41:28.979123+00:00,obs-20261007-01,LIGHT,ALGOUSDT,1.0,0.1187,0.1188,0.11875,8.424599831509116,5664535631,0.1187,0.1188,117,0,20463.729900000002,64477.59540000002,20116.775500000003,60288.33020000001,0.0,0.0,47502.409100000004,29869.7434,107881.1556,73724.8396,143378.9669,112950.90460000002,175453.5686,135648.5756
2026-10-07T23:41:28.979123+00:00,obs-20261007-01,LIGHT,XRPUSDT,1.0,1.4225,1.4226,1.4225500000000002,0.7029876977160399,26678144899,1.4225,1.4226,360,66,1855256.4296700002,1204444.6492699995,1726079.2350600006,1280689.4700499987,8812.080229999996,40218.62183999999,1291425.4886400003,995446.7444399999,1744454.7006000003,1396092.9804499997,2691540.4077900006,2086241.6614999997,4180179.1435099994,2817039.806190001
2026-10-07T23:41:28.979123+00:00,obs-20261007-01,LIGHT,HBARUSDT,1.0,0.0928,0.09281,0.092805,1.0775862068967967,8393274602,0.0928,0.09281,146,13,162615.59037000008,337834.90704000014,169553.70406000002,331615.06358,1206.6316899999997,1010.3580700000001,152591.35752,125103.35906,263360.99870999996,243111.68760999996,430744.98922999995,384311.08382999996,904514.5744400002,751461.6394300001
2026-10-07T23:42:28.998422+00:00,obs-20261007-01,LIGHT,PEPEUSDT,1.0,4.09e-06,4.1e-06,4.095e-06,24.449877750611915,8828012807,4.09e-06,4.1e-06,97,16,34369.899171439996,540888.61235353,38102.35889818,543339.2914842399,287.24940352,1365.6482580999998,98803.42403101,144292.18805179998,276927.04178701,286452.44296678994,625343.68350266,576634.19995366,959694.4676284301,1268246.8804213603
2026-10-07T23:42:28.998422+00:00,obs-20261007-01,LIGHT,BNBUSDT,1.0,773.54,773.55,773.545,0.1292757969850733,20910279976,773.54,773.55,275,24,163879.39166000002,118903.16439000002,175885.65714000002,320126.35675,4150.81532,7815.556659999999,1016487.3587800008,2006028.3760800003,1651577.2685300005,2716925.532739998,3498077.858729999,4425762.847170001,5627866.784399999,6071924.316720004
2026-10-07T23:42:28.998422+00:00,obs-20261007-01,LIGHT,AAVEUSDT,1.0,174.06,174.07,174.065,0.5745145352165082,10439785048,174.06,174.07,217,17,1077476.3434799998,184206.9589999998,1072844.0192000004,188623.04121999998,67.16011,3910.71591,135125.56766000003,79380.69761999999,257176.30872000006,139586.39186,305654.72410000005,184815.64044999995,380209.9898099999,222455.0956399998
2026-10-07T23:42:28.998422+00:00,obs-20261007-01,LIGHT,AVAXUSDT,1.0,11.15,11.151,11.150500000000001,0.8968609865456223,10520492711,11.15,11.151,240,32,256543.84702999992,473954.55033000006,266774.5700999999,451688.0926099999,3685.78381,9518.76693,173329.86537,188017.25671,343724.0217200001,286722.88188,408969.1706600002,348285.21164999995,464001.88356000034,462712.6036299999
2026-10-07T23:42:28.998422+00:00,obs-20261007-01,LIGHT,FILUSDT,1.0,1.0547,1.0548,1.0547499999999999,0.9481369109698434,9895636027,1.0547,1.0548,162,10,71734.41655100003,47180.39772899998,65589.175005,56211.46334099997,10.504812000000001,1900.561368,104530.154568,84222.61142700001,202037.57555799998,142380.36931700006,285943.00891100004,198899.48300800007,408252.7246229999,233130.49261600006
2026-10-07T23:42:28.998422+00:00,obs-20261007-01,LIGHT,ALGOUSDT,1.0,0.1187,0.1188,0.11875,8.424599831509116,5664535864,0.1187,0.1188,78,2,13908.382800000003,57998.1843,12967.082200000003,59145.19869999999,0.0,101.09880000000001,48443.789099999995,28286.7734,108822.4562,69114.27,144320.26750000002,111803.89020000002,176416.1086,134501.56120000003
2026-10-07T23:42:28.998422+00:00,obs-20261007-01,LIGHT,XRPUSDT,1.0,1.4224,1.4225,1.42245,0.7030371203597952,26678147026,1.4224,1.4225,332,45,691457.4923600003,540843.4012200006,737817.6856100004,397550.91552000056,2289.65145,10654.045230000002,1239834.52816,1169599.4733600002,1701780.7554499998,1539085.9883700002,2645841.4113900005,2228985.6151399994,4133818.95148,2959950.328570001
2026-10-07T23:42:28.998422+00:00,obs-20261007-01,LIGHT,HBARUSDT,1.0,0.09276,0.09277,0.092765,1.0780508840024794,8393275284,0.09276,0.09277,112,4,211173.04180999994,364100.74495,221439.74231999993,357231.46668000007,1294.96483,5.19512,162550.74026000002,120485.51132000002,268252.16368000006,197439.28192,426666.57795000006,383335.55469999986,902311.7321700003,757818.3486900001
2026-10-07T23:43:28.998488+00:00,obs-20261007-01,LIGHT,PEPEUSDT,1.0,4.09e-06,4.1e-06,4.095e-06,24.449877750611915,8828013043,4.09e-06,4.1e-06,90,13,11155.946283139998,36133.673450849994,9352.606669769999,33744.92340188,264.99999984,1607.0658111,100084.24478682,146704.87406819998,279430.69176234,288819.91898319,627147.02311603,579022.95000263,961497.8072418001,1270664.6804703302
2026-10-07T23:43:28.998488+00:00,obs-20261007-01,LIGHT,BNBUSDT,1.0,773.3,773.31,773.305,0.1293159187887305,20910283249,773.3,773.31,346,44,1779616.99331,1894121.6077699994,1985718.0010600013,1803619.3283899997,5917.79323,397.54699999999997,1001825.9914399999,1967327.8048300007,1650750.9811700003,2832812.19989,3329370.3375699986,4496937.227900005,5787331.489149997,6082051.511320011
2026-10-07T23:43:28.998488+00:00,obs-20261007-01,LIGHT,AAVEUSDT,1.0,173.94,173.95,173.945,0.5749108888108978,10439786013,173.94,173.95,200,12,387615.4335500001,289675.9678000001,397473.73468,272810.1325800001,1640.2236300000002,10.61339,129051.11863000003,86111.3384,248370.01357999997,142790.8609,296161.33582999994,198358.90115999992,375880.3975799998,238035.1989699998
2026-10-07T23:43:28.998488+00:00,obs-20261007-01,LIGHT,AVAXUSDT,1.0,11.141,11.142,11.1415,0.8975854950188378,10520494832,11.141,11.142,245,47,318454.50679000013,781541.0732499998,338255.36837999994,772980.1821000002,6076.322419999999,2328.40188,170566.4811900001,173202.79835,335246.81251000013,266941.5564499999,389365.6160800003,356119.8290699999,454982.4694300004,457823.42229999986
2026-10-07T23:43:28.998488+00:00,obs-20261007-01,LIGHT,FILUSDT,1.0,1.0539,1.054,1.05395,0.9488566277626731,9895637394,1.0539,1.054,183,21,126220.44531299997,100249.12519800004,147441.28857300003,75079.621693,5147.228024,125.93572400000001,83489.399249,90009.21953199999,205039.103718,157878.58529599998,268428.622291,219893.53082299998,393652.13677699986,258289.01502099997
2026-10-07T23:43:28.998488+00:00,obs-20261007-01,LIGHT,ALGOUSDT,1.0,0.1187,0.1188,0.11875,8.424599831509116,5664536172,0.1187,0.1188,115,0,23495.810499999996,35040.6829,23242.200599999996,34775.460699999996,0.0,0.0,48760.782,32091.9796,109076.0661,78624.7897,144573.8774,112069.1124,176203.2686,134766.7834
2026-10-07T23:43:28.998488+00:00,obs-20261007-01,LIGHT,XRPUSDT,1.0,1.4221,1.4222,1.4221499999999998,0.7031854299976992,26678149176,1.4221,1.4222,339,117,603160.2294499999,524575.8180699996,711125.9999300003,430486.8396199997,80866.90060999985,5177.14705,1248796.1720499997,1120757.1716599998,1767669.6399499997,1632583.82277,2566036.1444099993,2322748.505369999,4028990.704749998,3053817.868930001
2026-10-07T23:43:28.998488+00:00,obs-20261007-01,LIGHT,HBARUSDT,1.0,0.09272,0.09273,0.092725,1.0785159620363416,8393276089,0.09272,0.09273,128,7,378785.12165000016,557539.19734,398692.70981000015,529187.88873,3285.0250800000003,20.03616,155421.6383,129689.76962000004,259944.38534000004,211758.45946,411691.1787500001,410134.94401999994,883523.3923500002,775877.7308800002
2026-10-07T23:44:29.012448+00:00,obs-20261007-01,LIGHT,PEPEUSDT,1.0,4.09e-06,4.1e-06,4.095e-06,24.449877750611915,8828013150,4.09e-06,4.1e-06,71,10,28550.035838289998,7838.9476396599985,16766.25984813,3453.5934992400003,3.1109807899999997,741.5211456,111868.02077697999,145505.82125769998,291214.4677525,287953.18306680996,638930.79910619,583408.30414305,973281.5832319601,1275050.0346107502
2026-10-07T23:44:29.012448+00:00,obs-20261007-01,LIGHT,BNBUSDT,1.0,773.39,773.4,773.395,0.12930087019524805,20910285694,773.39,773.4,287,86,1034685.3714100003,1015398.85452,1009091.1273800002,1105777.8994700003,9311.79111,24019.31249999999,1028853.0172200004,1971008.2208700005,1681058.7722500006,2755218.799499999,3328924.098519999,4406776.1105400035,5816503.7708899975,5997939.655320007
2026-10-07T23:44:29.012448+00:00,obs-20261007-01,LIGHT,AAVEUSDT,1.0,173.99,174.0,173.995,0.5747456750393454,10439786526,173.99,174.0,155,9,773823.4640099994,67670.6347,771040.8302999996,76174.68024999999,0.0,1465.0786699999999,128376.44394000003,81389.90136000003,247727.14828000005,138630.78419,298927.77897999994,189884.90201999998,373305.1877899998,229545.45561999985
2026-10-07T23:44:29.012448+00:00,obs-20261007-01,LIGHT,AVAXUSDT,1.0,11.149,11.15,11.1495,0.8969414297266276,10520497129,11.149,11.15,267,62,369979.18181999994,668214.6826599998,334738.91364999994,698885.4450200003,2181.59073,34299.115439999994,190000.56627999997,180735.0197,358442.91457,267978.1863,422569.59230000013,326033.90182,476132.5733000003,440555.29533
2026-10-07T23:44:29.012448+00:00,obs-20261007-01,LIGHT,FILUSDT,1.0,1.0539,1.054,1.05395,0.9488566277626731,9895637883,1.0539,1.054,128,13,37580.391038,16942.113430000005,39084.698314999994,16337.702222000004,524.81142,1647.73928,80603.65620499999,90613.93059599998,203318.328664,159056.747558,266924.315014,220497.942031,390245.3981539999,258893.426229
2026-10-07T23:44:29.012448+00:00,obs-20261007-01,LIGHT,ALGOUSDT,1.0,0.1187,0.1188,0.11875,8.424599831509116,5664536402,0.1187,0.1188,89,1,11050.8094,40446.11469999999,12792.194,39224.0466,1204.2115,0.0,46654.921,33339.0481,107314.9501,77909.76329999999,142832.49280000004,113291.1805,175417.19690000007,135988.8515
2026-10-07T23:44:29.012448+00:00,obs-20261007-01,LIGHT,XRPUSDT,1.0,1.4221,1.4222,1.4221499999999998,0.7031854299976992,26678151042,1.4221,1.4222,337,70,507040.4936200001,405105.1926199998,464230.08651999995,465057.5054999998,13540.66736000001,2759.779099999999,1301932.5739699998,1060809.38862,1819277.6457199997,1572631.5098900006,2608846.5515099997,2262796.1924899993,4074175.539299998,2993815.444050001
2026-10-07T23:44:29.012448+00:00,obs-20261007-01,LIGHT,HBARUSDT,1.0,0.09269,0.0927,0.092695,1.0788650339854655,8393277608,0.09269,0.0927,156,25,340375.54871999996,747106.9512400001,387707.77418,765581.6521199999,11252.285339999999,1480.8994599999996,123602.8631,109850.75235,204300.89393,234590.33272,366126.4660400001,391652.65829999984,837288.5909300002,756859.14023
2026-10-07T23:45:29.026270+00:00,obs-20261007-01,LIGHT,PEPEUSDT,1.0,4.09e-06,4.1e-06,4.095e-06,24.449877750611915,8828013326,4.09e-06,4.1e-06,117,10,21717.082679350002,14128.778669000007,21050.036823670005,14445.291974300006,473.36024,848.5487181999998,98972.66041093,145234.5220724,291881.95463173,287636.67388151,639597.84496187,583091.79083775,973943.6166172901,1274733.5213054502
2026-10-07T23:45:29.026270+00:00,obs-20261007-01,LIGHT,BNBUSDT,1.0,773.33,773.34,773.335,0.1293109022015848,20910289757,773.33,773.34,364,67,1651269.7365000008,880140.9250299998,1731578.9377099986,828292.8768500003,5808.295220000001,17542.417490000003,950604.8754399997,1908524.3224700007,1606972.4965699997,2792780.3470299984,3249598.7739099977,4458418.728090004,5727910.166749999,6046180.742870009
2026-10-07T23:45:29.026270+00:00,obs-20261007-01,LIGHT,AAVEUSDT,1.0,173.99,174.0,173.995,0.5747456750393454,10439787674,173.99,174.0,220,34,495307.24790999986,96910.70251999995,495273.19363000005,97301.74389000003,340.91616,6149.45578,128934.82601000003,81034.11472000003,248180.0344,138131.26964999997,298961.83325999987,189493.86064999996,373589.2220999997,229004.65134999983
2026-10-07T23:45:29.026270+00:00,obs-20261007-01,LIGHT,AVAXUSDT,1.0,11.141,11.142,11.1415,0.8975854950188378,10520500568,11.141,11.142,358,95,520530.91967999993,1230457.0520499996,557294.4395800001,1208126.0837899998,6337.0609399999985,11445.83501,173859.96874999997,164859.46059999996,332304.7035499999,259360.46197999996,386003.3794100001,347780.0349699999,451004.47075000015,448458.52453999984
2026-10-07T23:45:29.026270+00:00,obs-20261007-01,LIGHT,FILUSDT,1.0,1.0536,1.0537,1.0536500000000002,0.949126803340139,9895639316,1.0536,1.0537,202,45,143925.69381800003,90196.67390100006,153012.42547300004,89157.266906,1539.1203719999999,3862.135131000001,84759.073428,90909.38468499998,203000.125037,154051.818485,258126.83334600003,221527.22706299997,379839.96935699997,258347.26174399996
2026-10-07T23:45:29.026270+00:00,obs-20261007-01,LIGHT,ALGOUSDT,1.0,0.1187,0.1188,0.11875,8.424599831509116,5664536647,0.1187,0.1188,83,0,21466.264799999997,24220.348299999998,18627.72,30031.427499999994,0.0,0.0,56383.47409999999,29526.1833,110401.16079999998,74673.1626,145671.0376,107480.10129999998,177764.20130000004,130430.37229999996
2026-10-07T23:45:29.026270+00:00,obs-20261007-01,LIGHT,XRPUSDT,1.0,1.4219,1.422,1.4219499999999998,0.7032843378573794,26678153826,1.4219,1.422,368,95,1417970.6014700017,1005785.1298900004,1487564.3546799994,986885.4780800001,22394.61026,49791.73340000001,1289857.35003,964182.4594299999,1867878.8128600006,1583148.79824,2539308.2676,2281596.599839999,4004673.973499998,3010967.1756800003
2026-10-07T23:45:29.026270+00:00,obs-20261007-01,LIGHT,HBARUSDT,1.0,0.09277,0.09278,0.092775,1.077934677158332,8393278685,0.09277,0.09278,184,10,513332.05822000006,213655.58941000002,446447.76776,233181.62965000002,0.0,5855.16882,151922.48634,118297.77166999997,248619.71276000002,230413.21290999991,427031.2690900002,373290.9669499999,902778.6872100005,737444.33663
2026-10-07T23:46:29.028160+00:00,obs-20261007-01,LIGHT,PEPEUSDT,1.0,4.09e-06,4.1e-06,4.095e-06,24.449877750611915,8828013588,4.09e-06,4.1e-06,119,6,2791.90925475,33278.27850394997,14193.4766277,127904.78749484998,0.0,623.3527291,98882.05392518,143416.1451313,280460.87618917995,275206.53863233,628196.27758892,488465.28184685,962542.04924434,1097224.49034399
2026-10-07T23:46:29.028160+00:00,obs-20261007-01,LIGHT,BNBUSDT,1.0,773.43,773.44,773.435,0.1292941830555172,20910291536,773.43,773.44,299,55,458630.35845000006,593684.4422200001,438699.40806000005,653093.7466700001,450.84877,19644.15015000001,883738.3026400001,1946719.1334700005,1622642.0904600006,2748284.741789999,3268233.4946699976,4414911.662860003,5731454.6363699995,6001038.612620008
2026-10-07T23:46:29.028160+00:00,obs-20261007-01,LIGHT,AAVEUSDT,1.0,174.11,174.12,174.115,0.574349549136155,10439788985,174.11,174.12,191,24,680424.4441499999,254574.49313000005,632025.4109,263327.9792500001,341.70761999999996,2953.2269499999998,150999.1215,81851.52815000003,288351.47848,140832.81705,345221.21455,184147.02278999996,421803.33329999977,219772.14155999987
2026-10-07T23:46:29.028160+00:00,obs-20261007-01,LIGHT,AVAXUSDT,1.0,11.136,11.137,11.1365,0.8979885057480708,10520503910,11.136,11.137,309,84,730799.9201999999,1275591.3689800003,722404.8134500002,1280603.0256100004,23994.126700000004,20256.776439999998,147878.13083,188900.01145000002,293565.25839,285601.0581,394540.65108000016,340914.0507199998,458511.2904900003,443995.08153999975
2026-10-07T23:46:29.028160+00:00,obs-20261007-01,LIGHT,FILUSDT,1.0,1.0542,1.0543,1.0542500000000001,0.9485866059577575,9895641098,1.0542,1.0543,216,62,235694.3501459999,150338.20095099995,211970.94654899996,161189.77757700006,3069.4298570000005,10006.582815,95293.537786,91076.813007,193441.92640800003,147568.508601,281555.92549600004,210719.699907,395715.7195029999,249106.82196499998
2026-10-07T23:46:29.028160+00:00,obs-20261007-01,LIGHT,ALGOUSDT,1.0,0.1187,0.1188,0.11875,8.424599831509116,5664537064,0.1187,0.1188,154,1,14791.561899999999,11437.3746,16945.9092,6819.3552,4.9854,0.0,47988.0992,37714.2476,107835.9436,79291.2746,143516.69030000002,112098.1207,175609.85400000005,134795.7917
2026-10-07T23:46:29.028160+00:00,obs-20261007-01,LIGHT,XRPUSDT,1.0,1.4214,1.4215,1.42145,0.7035317292802823,26678156579,1.4214,1.4215,366,71,1528969.7211399998,1469219.6693600004,1629622.3269699996,1484033.5478100006,101428.46922,374.19079999999997,1267659.3136800004,1248622.18069,1630391.0517700012,1439811.1456500005,2440206.1126799993,2265058.1387,3934395.517189998,2941363.5569500006
2026-10-07T23:46:29.028160+00:00,obs-20261007-01,LIGHT,HBARUSDT,1.0,0.09272,0.09273,0.092725,1.0785159620363416,8393279426,0.09272,0.09273,140,4,298707.07798000006,184162.33171000006,310767.46046000003,158555.72541999997,2585.08064,0.0,155856.14114999998,125689.22561,262897.62252000003,242794.35313999988,419182.86127000017,397740.8091899998,891829.0352000004,762945.28532
2026-10-07T23:47:29.061607+00:00,obs-20261007-01,LIGHT,PEPEUSDT,1.0,4.09e-06,4.1e-06,4.095e-06,24.449877750611915,8828013830,4.09e-06,4.1e-06,95,8,181149.4296455,256541.34469986003,166016.58580568997,184667.51282485996,4.32224656,616.0132001999999,134598.81111747999,82247.99800379999,295251.56814891996,262997.85259701,643329.12142873,560339.11372185,977666.6641840499,1266865.2946168901
2026-10-07T23:47:29.061607+00:00,obs-20261007-01,LIGHT,BNBUSDT,1.0,773.83,773.84,773.835,0.12922734967668603,20910294813,773.83,773.84,368,63,2377794.5331999995,1566469.3335200008,2380733.54552,1586379.8595700006,4294.50963,3113.059010000001,815068.0080000001,2020859.5002700011,1577650.9377099997,2751636.1037899987,3251584.963389997,4401071.991360001,5551708.377339998,6050516.947950008
2026-10-07T23:47:29.061607+00:00,obs-20261007-01,LIGHT,AAVEUSDT,1.0,174.38,174.39,174.385,0.5734602592033511,10439792470,174.38,174.39,378,51,2819312.0614600014,337894.3342900001,2794015.0794900004,356467.0855499999,3798.648379999999,4052.2258299999994,164786.60412999996,85022.8502,238929.57143999997,126884.42342999998,353386.9857700001,186988.63280000002,453712.48809999996,205941.00528999994
2026-10-07T23:47:29.061607+00:00,obs-20261007-01,LIGHT,AVAXUSDT,1.0,11.155,11.156,11.1555,0.8964589870030792,10520507793,11.155,11.156,345,79,740276.1869300004,1236370.20463,695879.9021400003,1288633.5481099994,5258.435630000002,14390.029459999998,183535.90608999997,180300.36083999995,341551.81732999993,259276.45339999997,429683.27842,292319.2113999999,489949.9670800001,404470.8466599998
2026-10-07T23:47:29.061607+00:00,obs-20261007-01,LIGHT,FILUSDT,1.0,1.0556,1.0557,1.05565,0.9473285335359627,9895642446,1.0556,1.0557,227,24,231484.54506300009,106988.92131599996,200906.16888500008,137341.94083900005,709.165476,2983.720446,100787.615699,89461.57787399998,184780.15684999997,138765.011658,302911.36273999995,184752.12868299996,387726.49482899974,220965.26800299992
2026-10-07T23:47:29.061607+00:00,obs-20261007-01,LIGHT,ALGOUSDT,1.0,0.1188,0.1189,0.11885000000000001,8.417508417508657,5664537514,0.1188,0.1189,130,1,44787.1989,35702.371900000006,32807.80989999999,48837.6458,0.0,158.7168,41925.0175,27995.2018,104558.7727,69629.8955,152349.6913,100951.24679999998,186436.2336,122402.84439999996
2026-10-07T23:47:29.061607+00:00,obs-20261007-01,LIGHT,XRPUSDT,1.0,1.4225,1.4226,1.4225500000000002,0.7029876977160399,26678159900,1.4225,1.4226,388,71,2384243.1260200003,1633533.3286999997,1934100.5106800005,1839422.1150500001,3708.18037,26346.021619999996,1492986.5542700002,914057.6715699999,1944666.5837900005,1240420.4165299993,2860021.0754600014,2063381.0914399992,4350829.385580001,2794631.0510999993
2026-10-07T23:47:29.061607+00:00,obs-20261007-01,LIGHT,HBARUSDT,1.0,0.09289,0.0929,0.092895,1.0765421466252256,8393281220,0.09289,0.0929,208,24,1248069.48321,332889.7446899998,1192405.3811600003,397689.68737,0.0,3663.5612199999996,145558.50049,118798.20186999999,278280.6717,205057.73924999993,456474.07452000014,342637.95864,939093.2423000004,709674.7351700001
2026-10-07T23:48:29.061616+00:00,obs-20261007-01,LIGHT,PEPEUSDT,1.0,4.09e-06,4.1e-06,4.095e-06,24.449877750611915,8828014020,4.09e-06,4.1e-06,99,10,151052.30681881998,109557.56502540997,149672.34770851998,84922.59820550997,1512.6409783,1630.7396046999997,99767.43679788,122923.81145479999,297472.35522588,288268.42400387,644709.08053903,584974.0805417501,979046.62329435,1277180.2064920103
2026-10-07T23:48:29.061616+00:00,obs-20261007-01,LIGHT,BNBUSDT,1.0,773.64,773.65,773.645,0.1292590869139687,20910296922,773.64,773.65,294,56,498249.29879000003,1146367.43422,545533.5588200002,1080116.8371800005,5000.64962,5155.052299999999,842437.0481300001,2025389.4143900005,1564129.9551,2756873.6363799986,3216683.095669997,4465245.439990001,5507843.80301,6111836.389820008
2026-10-07T23:48:29.061616+00:00,obs-20261007-01,LIGHT,AAVEUSDT,1.0,174.24,174.25,174.245,0.5739210284660956,10439794296,174.24,174.25,288,16,1106760.11655,335227.12499000016,1164491.30459,317254.10451,537.3205,574.7380699999999,102054.52132,93536.39564999996,214084.07836999992,142462.81321000002,302216.84485000017,184923.65087000007,398789.72009,219454.52828999993
2026-10-07T23:48:29.061616+00:00,obs-20261007-01,LIGHT,AVAXUSDT,1.0,11.142,11.143,11.1425,0.8975049362791587,10520510660,11.142,11.143,298,66,383083.9389900001,1054107.87466,418345.82926999993,1028617.2378399997,8043.339389999999,2881.57465,171000.8051,167690.65157999998,315971.84135999996,272775.3122299999,403518.9816099999,316000.8490399997,467125.4972099999,416451.93569999957
2026-10-07T23:48:29.061616+00:00,obs-20261007-01,LIGHT,FILUSDT,1.0,1.0539,1.054,1.05395,0.9488566277626731,9895644683,1.0539,1.054,248,47,291141.5358959999,170936.237633,322990.617392,131781.44870399992,22811.137777999997,1067.940969,95554.91544099998,88447.887644,218303.604805,155532.596422,280290.28163800004,219487.54180600002,399547.1792309999,257876.689497
2026-10-07T23:48:29.061616+00:00,obs-20261007-01,LIGHT,ALGOUSDT,1.0,0.1189,0.119,0.11895,8.41042893187538,5664538253,0.1189,0.119,186,5,49991.551400000004,49310.13099999995,44852.68890000001,51102.39619999998,0.0,7720.4262,47849.3598,31312.2463,104143.1816,76274.0142,153117.9997,100855.7544,188665.05419999993,121180.75309999999
2026-10-07T23:48:29.061616+00:00,obs-20261007-01,LIGHT,XRPUSDT,1.0,1.422,1.4221,1.42205,0.7032348804503208,26678162619,1.422,1.4221,380,102,802482.6122199998,1098896.8154199994,1136786.1604900002,934612.2879599988,33383.845830000006,11531.333950000002,1323445.8142700002,1060653.83463,1896847.5560400004,1398074.6747100002,2554458.4038799996,2227252.766159999,4019761.728049998,2956597.568510001
2026-10-07T23:48:29.061616+00:00,obs-20261007-01,LIGHT,HBARUSDT,1.0,0.09293,0.09294,0.09293499999999999,1.076078768964539,8393283356,0.09293,0.09294,192,34,816102.4199699997,667379.3799799997,803220.02749,669515.1849199996,4999.993960000001,2963.2611500000007,144715.42629,126019.99828,288965.07442,207893.63858,467139.1539400002,354618.4035,952006.7773600005,708486.3931800001
2026-10-07T23:49:29.073343+00:00,obs-20261007-01,LIGHT,PEPEUSDT,1.0,4.09e-06,4.1e-06,4.095e-06,24.449877750611915,8828014188,4.09e-06,4.1e-06,72,8,98128.73612775998,74337.42511717998,116349.71961294,189162.98369361,7.49084318,637.1239320999999,114173.25627037999,100147.61290909999,279315.14587310003,256286.03808079998,626488.0970538501,470148.52196532,960056.98630241,1093227.7854072398
2026-10-07T23:49:29.073343+00:00,obs-20261007-01,LIGHT,BNBUSDT,1.0,773.58,773.59,773.585,0.12926911243882344,20910299566,773.58,773.59,321,53,1224213.8192500002,1568369.5709199996,1156550.3642000007,1631423.2681399991,2224.6590000000006,13365.449229999998,809509.3113000002,2037156.1351900015,1638118.9828699995,2691448.5771800005,3284743.2756299973,4401692.455140005,5570878.344490001,6051924.61409001
2026-10-07T23:49:29.073343+00:00,obs-20261007-01,LIGHT,AAVEUSDT,1.0,174.32,174.33,174.325,0.5736576411208283,10439795611,174.32,174.33,214,23,1629946.8022800004,173939.61044000008,1531609.23873,184963.73149,1048.98872,1115.7323800000001,192491.86695999998,91015.86667999999,289675.92871,136280.0889099999,394201.00084000017,193321.36847,496927.95095,210904.38514999984
2026-10-07T23:49:29.073343+00:00,obs-20261007-01,LIGHT,AVAXUSDT,1.0,11.148,11.149,11.148499999999999,0.8970218873338709,10520512497,11.148,11.149,272,21,272134.0787399999,698852.8348500003,241167.39628000002,719717.2250799998,454.78309,1546.98028,188692.45487999998,168710.99325,321921.4312899999,253269.03539000003,430967.7115100001,295657.5655399999,486792.03711000027,409852.86171999987
2026-10-07T23:49:29.073343+00:00,obs-20261007-01,LIGHT,FILUSDT,1.0,1.0546,1.0547,1.05465,0.9482268158533813,9895646038,1.0546,1.0547,204,44,174633.78076099997,92303.50853400002,162610.51456600009,109612.32111799998,1683.068888,289.57769699999994,95140.65775000001,87920.54228800001,205365.16473500003,147847.95408200007,288627.9751930001,206349.06130000003,404320.55582999985,240578.879895
2026-10-07T23:49:29.073343+00:00,obs-20261007-01,LIGHT,ALGOUSDT,1.0,0.1189,0.119,0.11895,8.41042893187538,5664538434,0.1189,0.119,81,0,12176.632400000004,10059.102800000002,13450.122,11950.104800000001,0.0,0.0,49385.9689,31105.7477,102865.3149,76086.3286,151844.51009999998,98964.75239999998,187391.56459999995,119289.75109999996
2026-10-07T23:49:29.073343+00:00,obs-20261007-01,LIGHT,XRPUSDT,1.0,1.4224,1.4225,1.42245,0.7030371203597952,26678165227,1.4224,1.4225,383,46,1238400.680680001,762726.6554599995,1018974.8207300002,946226.63372,9733.80944,15503.77996,1409607.7935700002,904355.3757399998,1860406.08473,1220094.2215999993,2745762.6254700003,2045132.041559999,4235909.760549999,2776027.8725399994
2026-10-07T23:49:29.073343+00:00,obs-20261007-01,LIGHT,HBARUSDT,1.0,0.09299,0.093,0.092995,1.0753844499400422,8393284472,0.09299,0.093,166,17,316075.8620500002,143281.66015000013,313827.5213400001,155721.71347,1221.2329,2344.4749899999997,153328.55999999997,124686.23835,259592.08481999993,198391.47700000004,464215.75685,342697.33025000006,831481.7444300003,696087.3057500002
2026-10-07T23:50:29.073514+00:00,obs-20261007-01,LIGHT,PEPEUSDT,1.0,4.09e-06,4.1e-06,4.095e-06,24.449877750611915,8828014315,4.09e-06,4.1e-06,57,12,146446.70848283003,132986.80487871,145542.81053558,115185.51331560004,0.0,785.5350884000001,103525.69553591,132733.8421932,280465.14452038996,274087.39556391,627391.9950011,487949.81352843007,960960.88424966,1096709.0220255703
2026-10-07T23:50:29.073514+00:00,obs-20261007-01,LIGHT,BNBUSDT,1.0,773.32,773.33,773.325,0.12931257435511156,20910304027,773.32,773.33,331,112,3621577.4493199987,3095574.996680001,3733004.6940199994,3082176.1207299996,7565.367970000001,7823.0886800000035,756891.4077500002,1914001.25345,1542940.278340001,2745323.2027099966,3175562.5711399987,4395682.176400001,5640918.611290005,5984136.208870004
2026-10-07T23:50:29.073514+00:00,obs-20261007-01,LIGHT,AAVEUSDT,1.0,174.16,174.17,174.165,0.5741846577844711,10439798220,174.16,174.17,269,74,1101780.8611100002,402007.51366999996,1223166.0331899994,362089.47753,2906.387550000001,3154.56797,83680.77417999998,113568.11477000001,215792.55589999995,166562.32898999995,281381.6494599999,208923.33309999996,369849.5468099996,246439.2194199998
2026-10-07T23:50:29.073514+00:00,obs-20261007-01,LIGHT,AVAXUSDT,1.0,11.143,11.144,11.1435,0.8974243919945835,10520516492,11.143,11.144,322,85,637979.6719400004,1099289.9951799992,712664.9152900001,1098096.6281500002,1841.88263,7411.1224999999995,163181.25194,159882.69722000003,299202.18014000007,260105.68134000004,357956.09096000006,296337.47855999996,420877.6159900002,396772.1420799999
2026-10-07T23:50:29.073514+00:00,obs-20261007-01,LIGHT,FILUSDT,1.0,1.054,1.0541,1.0540500000000002,0.9487666034146969,9895647529,1.054,1.0541,200,57,152372.38491599998,115416.03714599997,170845.46292600007,97868.16982200001,5310.193378000001,201.440124,91210.273239,87419.26572000001,209031.39602900005,155666.74034200003,273840.4698230001,219740.38182100008,387282.19008499983,258116.11494900004
2026-10-07T23:50:29.073514+00:00,obs-20261007-01,LIGHT,ALGOUSDT,1.0,0.119,0.1191,0.11904999999999999,8.403361344537785,5664539281,0.119,0.1191,109,7,82452.77310000002,64854.59660000002,79736.45700000001,72884.50960000002,742.6664999999999,2509.8588,55969.12460000001,25789.3191,115763.07590000003,69229.8941,147361.71480000002,97621.92599999999,188880.9215,118232.00839999998
2026-10-07T23:50:29.073514+00:00,obs-20261007-01,LIGHT,XRPUSDT,1.0,1.422,1.4221,1.42205,0.7032348804503208,26678168545,1.422,1.4221,360,84,1477947.1609200002,1126889.58119,1793334.6273800004,917026.2712300002,33228.54913000002,7481.4166700000005,1258063.66899,1020001.34663,1800600.94482,1423159.6863000002,2458463.570929999,2255130.385879999,3924720.561189997,2484475.2216500007
2026-10-07T23:50:29.073514+00:00,obs-20261007-01,LIGHT,HBARUSDT,1.0,0.09292,0.09293,0.09292500000000001,1.0761945759796276,8393286177,0.09292,0.09293,187,42,252634.87932,235383.53855000008,277794.26370999997,209169.76502000005,4569.9035699999995,3728.37218,135764.49564000004,131391.69823,284834.28081,216140.43671000004,455613.20226000017,364300.86017000006,918735.5679400004,722146.6497600001
2026-10-07T23:51:29.074277+00:00,obs-20261007-01,LIGHT,PEPEUSDT,1.0,4.09e-06,4.1e-06,4.095e-06,24.449877750611915,8828015379,4.09e-06,4.1e-06,216,24,291454.0289962801,409889.59350139956,246898.59014121,314257.74764363986,28316.754597379997,8923.329962189999,110807.07044976,144395.6164107,322185.46793424,286568.70068247,644366.02465952,583581.65938619,979457.2624542601,1281790.06473503
2026-10-07T23:51:29.074277+00:00,obs-20261007-01,LIGHT,BNBUSDT,1.0,772.81,772.82,772.815,0.1293979115191135,20910308841,772.81,772.82,342,135,3331909.7757899994,3661743.180039998,3478681.460990001,3658601.845980002,20901.46610000001,1802.9875000000004,988587.8892199999,1738349.159130001,1599410.0582399985,2692265.698529997,3243485.2011499987,4301847.7302600015,5698665.531449998,5970582.015630008
2026-10-07T23:51:29.074277+00:00,obs-20261007-01,LIGHT,AAVEUSDT,1.0,174.02,174.03,174.025,0.5746465923461841,10439799701,174.02,174.03,254,29,605760.56276,328854.6016799999,589649.4433799998,321919.60604,1339.8963899999999,0.0,132500.74881,105095.80594999997,240079.24745000002,158240.2366999999,302981.31075000006,210483.8293899999,389881.4097999999,249827.88818999974
2026-10-07T23:51:29.074277+00:00,obs-20261007-01,LIGHT,AVAXUSDT,1.0,11.142,11.143,11.1425,0.8975049362791587,10520520100,11.142,11.143,319,61,608008.9321399996,1022254.48533,599135.5228599998,1034572.3499800002,11766.53373,14203.088050000002,151742.18018000002,143658.30532,313246.52694000007,248057.15643,368673.83000000013,284006.44966999994,433886.1391400003,384435.35353999987
2026-10-07T23:51:29.074277+00:00,obs-20261007-01,LIGHT,FILUSDT,1.0,1.0549,1.055,1.0549499999999998,0.9479571523374197,9895648823,1.0549,1.055,183,32,117692.84881799997,95214.93289100003,99741.37620700007,109089.044122,200.80783599999998,3018.370818,85573.79781300001,96036.59132500003,188841.45908899998,155701.0364480001,288049.0049020001,210053.4123280001,364609.2397579999,244424.87972300005
2026-10-07T23:51:29.074277+00:00,obs-20261007-01,LIGHT,ALGOUSDT,1.0,0.119,0.1191,0.11904999999999999,8.403361344537785,5664539694,0.119,0.1191,115,2,44386.9049,34199.402800000025,40843.7409,38120.5242,285.59999999999997,3394.35,53604.5815,32835.0429,113699.92480000001,67678.9524,150904.8788,93700.80459999997,191979.0175,114057.74759999996
2026-10-07T23:51:29.074277+00:00,obs-20261007-01,LIGHT,XRPUSDT,1.0,1.4214,1.4215,1.42145,0.7035317292802823,26678173013,1.4214,1.4215,382,153,2310130.6075900006,1935218.0006400004,2239604.582860001,2052323.1697099996,31607.745799999986,64218.04080999999,1394962.39252,988860.6474799998,1804605.0433899998,1189502.0457699993,2527074.8826399976,2136749.4175999984,4033140.0704499953,3313553.639209999
2026-10-07T23:51:29.074277+00:00,obs-20261007-01,LIGHT,HBARUSDT,1.0,0.09291,0.09292,0.092915,1.0763104079214436,8393287032,0.09291,0.09292,148,9,126327.83724999994,92629.83772000003,126763.20474999998,81130.13441999997,779.8775600000001,1167.42965,143011.47547000003,141664.08501999997,284074.14548,226510.23224000004,455177.83476000006,375800.56347000005,918291.6619000003,733646.3530600001
2026-10-07T23:52:29.083684+00:00,obs-20261007-01,LIGHT,PEPEUSDT,1.0,4.09e-06,4.1e-06,4.095e-06,24.449877750611915,8828015953,4.09e-06,4.1e-06,225,10,17421.46631887,256406.67639994994,18660.08232505,248941.09263353993,80.01534894999999,2150.7495624000003,122899.58478523999,131669.2191864,320937.84581876,294021.62519679,643127.40865334,591047.2431526,977160.13283676,1289255.6485014402
2026-10-07T23:52:29.083684+00:00,obs-20261007-01,LIGHT,BNBUSDT,1.0,772.81,772.82,772.815,0.1293979115191135,20910310747,772.81,772.82,330,46,547589.9237800001,609574.8372300002,598423.5341099999,512010.82852000004,1321.52827,2806.20579,943681.37201,1756221.304810001,1552467.7027499988,2789830.416609998,3192651.590819999,4399411.7389699975,5647138.671749999,5987901.407100003
2026-10-07T23:52:29.083684+00:00,obs-20261007-01,LIGHT,AAVEUSDT,1.0,173.94,173.95,173.945,0.5749108888108978,10439800744,173.94,173.95,230,17,293380.74062999996,153881.45614000002,297865.2071699999,170476.77883999998,1126.66985,49.94087,130949.49752999998,82751.17449999995,247361.75896999988,136258.89284999995,298813.7324699999,193774.63018999988,378535.3314199997,229451.84335999974
2026-10-07T23:52:29.083684+00:00,obs-20261007-01,LIGHT,AVAXUSDT,1.0,11.14,11.141,11.1405,0.8976660682225024,10520521974,11.14,11.141,280,22,304190.35508999985,662249.7202299999,311557.1634100001,635954.4814999998,457.2731499999999,689.6001699999999,153253.40955000004,160985.54025000002,315550.38802,254172.99916,361398.1307400001,310296.5120199998,426536.16144000017,411778.3126099997
2026-10-07T23:52:29.083684+00:00,obs-20261007-01,LIGHT,FILUSDT,1.0,1.0539,1.054,1.05395,0.9488566277626731,9895650441,1.0539,1.054,206,61,126954.13527799999,141070.13528500005,154161.40024199992,125538.408982,3616.406965,190.77387699999997,81751.107509,90817.217057,202850.03812800001,157174.20765000003,264584.67747000005,221384.21161800003,378852.3522459999,259772.90612899998
2026-10-07T23:52:29.083684+00:00,obs-20261007-01,LIGHT,ALGOUSDT,1.0,0.119,0.1191,0.11904999999999999,8.403361344537785,5664540010,0.119,0.1191,124,0,29535.000899999995,15634.240899999995,28083.403,12099.620799999997,0.0,0.0,56348.15900000001,33552.2663,116785.2866,71213.7198,152356.4767,97235.42469999999,193918.53,117339.64809999998
2026-10-07T23:52:29.083684+00:00,obs-20261007-01,LIGHT,XRPUSDT,1.0,1.4216,1.4217,1.42165,0.7034327518296024,26678175268,1.4216,1.4217,380,37,680462.7462300003,813047.6531999996,619371.2819200003,845804.7715599996,707.81464,2346.99321,1501697.6931300003,955563.1605999997,1888430.7088500003,1157385.3683999993,2587230.4646799983,2105050.86227,4080997.0795799973,3336003.3586200015
2026-10-07T23:52:29.083684+00:00,obs-20261007-01,LIGHT,HBARUSDT,1.0,0.09291,0.09292,0.092915,1.0763104079214436,8393287705,0.09291,0.09292,146,6,81695.19690999998,85443.11012000003,82366.17124,89131.38479000001,648.8288399999999,1561.43408,143591.24545000002,137988.17424999998,283909.63846,222821.96723,454506.8604300001,372112.28880000004,917629.2236800004,729958.07839
2026-10-07T23:53:29.162173+00:00,obs-20261007-01,LIGHT,PEPEUSDT,1.0,4.09e-06,4.1e-06,4.095e-06,24.449877750611915,8828016142,4.09e-06,4.1e-06,108,17,42102.81301241,22643.218492479977,49874.67897339001,25275.946835179988,33.16313923,1619.3861512,111103.89792162,144097.6666637,322873.34857937996,291389.03932409,635355.54269236,588414.5148099,969394.1440740201,1286622.92015874
2026-10-07T23:53:29.162173+00:00,obs-20261007-01,LIGHT,BNBUSDT,1.0,772.72,772.73,772.725,0.1294129827100754,20910312134,772.72,772.73,202,33,399999.39946999995,739021.9899799998,434623.04893,719381.6873100001,2101.14307,3165.9595,903663.00395,1867888.8829800002,1517911.777189999,2789609.077659998,3296838.850240001,4263998.810849999,5614367.223540001,6006257.665770004
2026-10-07T23:53:29.162173+00:00,obs-20261007-01,LIGHT,AAVEUSDT,1.0,174.02,174.03,174.025,0.5746465923461841,10439802934,174.02,174.03,281,37,785396.2827699997,270729.50009000005,771241.0744099997,282299.52082999994,1960.4957699999998,3799.1940600000007,135064.4476,79060.38887000002,252236.16453,136432.19940000004,311109.3884600001,182318.48595000003,396312.08615999995,215257.7667699999
2026-10-07T23:53:29.162173+00:00,obs-20261007-01,LIGHT,AVAXUSDT,1.0,11.129,11.13,11.1295,0.8985533291405723,10520524541,11.129,11.13,276,40,575522.85748,891651.5413999995,599103.6343599998,865813.9494699998,4014.3891700000013,657.4434,184656.22391,162423.82262,301817.58361,260375.90195999996,340761.3790200001,334048.26300999976,406131.3077900001,437322.37900999957
2026-10-07T23:53:29.162173+00:00,obs-20261007-01,LIGHT,FILUSDT,1.0,1.0539,1.054,1.05395,0.9488566277626731,9895651849,1.0539,1.054,203,37,177813.87116899987,93473.25759600005,168435.89988000004,88779.81604600002,995.9230360000003,1064.5558050000002,85474.05845799997,99139.64115600003,207522.137921,165466.8821690001,273962.648759,226077.65316800014,388151.9590909998,264461.32616300014
2026-10-07T23:53:29.162173+00:00,obs-20261007-01,LIGHT,ALGOUSDT,1.0,0.1189,0.119,0.11895,8.41042893187538,5664540366,0.1189,0.119,113,2,44119.8392,20246.716199999995,52121.99880000001,12147.067399999996,370.804,200.99099999999999,51999.2183,31049.822,103007.947,72952.7638,151729.30390000003,98661.32909999999,187213.2949,125007.99169999998
2026-10-07T23:53:29.162173+00:00,obs-20261007-01,LIGHT,XRPUSDT,1.0,1.4216,1.4217,1.42165,0.7034327518296024,26678177900,1.4216,1.4217,340,73,780511.7815400001,629558.3800400001,808122.2540600005,633044.2732799998,37041.41972000002,40106.12150000001,1474262.7306199998,1009542.2009999999,1861240.5622,1156236.8939999996,2559619.992159998,2102573.97899,4053647.433659998,3333021.9000800014
2026-10-07T23:53:29.162173+00:00,obs-20261007-01,LIGHT,HBARUSDT,1.0,0.0929,0.09291,0.092905,1.0764262648010892,8393288931,0.0929,0.09291,165,16,303209.9316000001,306926.32101000013,300911.6691099999,310999.59057999996,3521.6673499999997,3583.80483,144725.72855000003,123893.21943999999,295299.68057,223030.14707999997,457444.1079800001,368025.88162999996,919927.4802000005,725884.80882
2026-10-07T23:54:29.172692+00:00,obs-20261007-01,LIGHT,PEPEUSDT,1.0,4.09e-06,4.1e-06,4.095e-06,24.449877750611915,8828016329,4.09e-06,4.1e-06,80,12,97765.28109237,169661.87369640995,116522.90352729999,171526.07775926997,115.72616962999999,3111.2243036,92833.24895738,144611.69522979998,303674.3824457,291469.99682850996,616597.92025743,586550.31074704,951192.63930998,1284756.47384258
2026-10-07T23:54:29.172692+00:00,obs-20261007-01,LIGHT,BNBUSDT,1.0,772.72,772.73,772.725,0.1294129827100754,20910313210,772.72,772.73,299,47,309509.1974799999,161516.55178000007,295575.4507099999,175394.25082000002,550.9493599999998,8448.257090000001,892103.3188700003,1853735.7951400005,1509622.6250099991,2775872.4611699968,3310772.5970100015,4250121.111809998,5618468.377700001,5992589.086830003
2026-10-07T23:54:29.172692+00:00,obs-20261007-01,LIGHT,AAVEUSDT,1.0,174.04,174.05,174.04500000000002,0.574580556194082,10439805160,174.04,174.05,286,31,789520.6149999999,329660.47784,780242.5200500002,330135.91161000007,1436.9825,10835.664899999998,143143.79692000002,79301.81775,261971.8623,134623.12771,320387.48341000016,184963.49859000003,404620.03955000004,217479.2968799999
2026-10-07T23:54:29.172692+00:00,obs-20261007-01,LIGHT,AVAXUSDT,1.0,11.128,11.129,11.128499999999999,0.8986340762029421,10520525520,11.128,11.129,210,8,338747.61873999995,416243.33040999994,346459.2626399999,423585.3588000001,3328.62723,2778.42524,177719.38049,151958.91999,294115.09965000005,243195.26054999992,333055.68484000006,325680.58461999963,398407.79496,429596.15101999947
2026-10-07T23:54:29.172692+00:00,obs-20261007-01,LIGHT,FILUSDT,1.0,1.0534,1.0535,1.05345,0.9493070058885777,9895652578,1.0534,1.0535,147,15,83810.75643700002,45460.106951000016,101575.35959199998,35507.693207000004,496.98839200000003,213.23263900000003,85354.661554,87697.755357,208570.07056,162410.87433700007,261929.43541199996,232101.26620700007,369914.19644299976,272784.23352600005
2026-10-07T23:54:29.172692+00:00,obs-20261007-01,LIGHT,ALGOUSDT,1.0,0.1189,0.119,0.11895,8.41042893187538,5664540653,0.1189,0.119,117,0,15290.1465,5767.253500000003,17882.641200000002,4289.5401,0.0,0.0,46263.995899999994,36532.644700000004,100462.0258,74533.65860000001,149136.80920000002,100139.04250000001,184793.7852,126232.92450000001
2026-10-07T23:54:29.172692+00:00,obs-20261007-01,LIGHT,XRPUSDT,1.0,1.4213,1.4214,1.42135,0.7035812284517107,26678180275,1.4213,1.4214,366,74,755333.0990100002,555612.2761800004,958039.3355900003,501810.7899100004,29657.06612,6485.908109999998,1325522.42136,990740.2967699999,1666266.4020900005,1205016.97135,2357153.9879699987,2154662.6290299995,3864120.319679998,3326865.52856
2026-10-07T23:54:29.172692+00:00,obs-20261007-01,LIGHT,HBARUSDT,1.0,0.09287,0.09288,0.092875,1.0767739851424984,8393289824,0.09287,0.09288,155,13,132402.92851999993,116964.40536999996,142954.00189999994,100839.98528999998,360.4132,2744.800669999999,160055.76709,127616.18841000002,285896.66819,231841.45071000003,448443.9713500001,374138.45305,909381.3033400004,740667.6636500001
2026-10-07T23:55:29.174142+00:00,obs-20261007-01,LIGHT,PEPEUSDT,1.0,4.09e-06,4.1e-06,4.095e-06,24.449877750611915,8828016492,4.09e-06,4.1e-06,96,10,248909.78388201998,7860.703577900002,163240.55498879994,4721.695236660001,538.33490843,1038.1047726,93971.31666405,147631.6781047,299534.57074485,294619.00517179,702267.1491506499,589689.3190882801,1036855.9740478599,1287951.9815454204
2026-10-07T23:55:29.174142+00:00,obs-20261007-01,LIGHT,BNBUSDT,1.0,772.72,772.73,772.725,0.1294129827100754,20910314728,772.72,772.73,218,31,360803.3288900001,435125.63779000007,378396.67023,434868.17347000004,1246.4224499999998,850.0193400000002,888045.9854600003,1854149.0264800005,1514219.7922799988,2776124.4654899966,3293179.2556700013,4250378.576129998,5610838.48121,5992846.570870004
2026-10-07T23:55:29.174142+00:00,obs-20261007-01,LIGHT,AAVEUSDT,1.0,173.87,173.88,173.875,0.5751423477295958,10439807713,173.87,173.88,284,56,1176100.5309199993,511172.6518399997,1195476.2725799999,454953.3617300001,16627.663350000003,1754.4817200000002,156997.33231000003,125857.57686999999,248906.25026,178806.82400000005,333789.2008599999,231471.69936000003,400976.2918599997,265955.16553
2026-10-07T23:55:29.174142+00:00,obs-20261007-01,LIGHT,AVAXUSDT,1.0,11.134,11.135,11.1345,0.8981498113880271,10520527085,11.134,11.135,249,14,240383.17285999988,615850.2026099993,204411.10755999995,642535.8323199996,2477.7972,646.6728399999998,200984.31792000003,144742.7296,305065.68131,238419.62157999995,366463.85997999995,300227.26281999965,431404.56752,402949.8804499995
2026-10-07T23:55:29.174142+00:00,obs-20261007-01,LIGHT,FILUSDT,1.0,1.0532,1.0533,1.0532499999999998,0.9494872768711637,9895653077,1.0532,1.0533,142,15,64099.61639500002,35571.96094699999,66679.90184600001,38076.84578800001,2682.3309699999995,1441.167907,84225.367255,83288.278414,205896.012419,148182.35696000006,261748.64390800003,229596.38136600005,370846.42529499985,269978.208685
2026-10-07T23:55:29.174142+00:00,obs-20261007-01,LIGHT,ALGOUSDT,1.0,0.1189,0.119,0.11895,8.41042893187538,5664540994,0.1189,0.119,107,0,23828.954099999995,16383.559099999999,23180.1234,8780.865200000002,0.0,0.0,49647.9613,36497.785,101704.9591,76976.5074,149785.6399,107741.73639999998,185442.7084,134088.15859999997
2026-10-07T23:55:29.174142+00:00,obs-20261007-01,LIGHT,XRPUSDT,1.0,1.4214,1.4215,1.42145,0.7035317292802823,26678182171,1.4214,1.4215,359,27,443969.42048999993,367741.9481400003,290910.7120500001,450899.28757000016,4968.90164,2855.7951700000012,1463955.90414,943953.7712500001,1817933.86785,1122124.3037699996,2510159.7856899984,2072159.4925199996,4003135.1583199976,3248956.202729998
2026-10-07T23:55:29.174142+00:00,obs-20261007-01,LIGHT,HBARUSDT,1.0,0.09289,0.0929,0.092895,1.0765421466252256,8393290237,0.09289,0.0929,121,7,67188.37675,38391.86396,67595.12471999999,43471.45206,0.0,1413.4737300000002,147598.45844000002,132853.38802000004,284827.41499,229556.35168000002,447405.98663,369058.86495,909122.3606600004,736929.6408
2026-10-07T23:56:29.198509+00:00,obs-20261007-01,LIGHT,PEPEUSDT,1.0,4.09e-06,4.1e-06,4.095e-06,24.449877750611915,8828016691,4.09e-06,4.1e-06,119,11,203941.27117706998,25185.722544079978,198116.38063539998,23415.227302579977,68.12999709,1062.4764723,114650.76657203,146871.38726979998,375844.95288970997,296379.35381124995,708092.0396923199,591459.8143297799,1042601.0044834099,1288670.7923162
2026-10-07T23:56:29.198509+00:00,obs-20261007-01,LIGHT,BNBUSDT,1.0,772.41,772.42,772.415,0.12946492147891675,20910318292,772.41,772.42,381,92,2483252.011790001,2411822.590789998,2681671.955820001,2426694.1133600003,14891.087849999994,1379.58673,825179.4439500005,1707703.2158200007,1507477.2173299997,2705550.7171500004,3435008.656590002,4229941.354760003,5679213.96511,5928895.336660004
2026-10-07T23:56:29.198509+00:00,obs-20261007-01,LIGHT,AAVEUSDT,1.0,173.76,173.77,173.765,0.5755064456725023,10439809172,173.76,173.77,249,36,464951.13725,177619.94985999996,472797.92468000005,220886.66129000002,3161.2020100000004,676.2573,159296.75620000003,82466.06010000002,250254.89394999997,133313.2438,326093.86150999984,183861.81448,382051.27268999966,221199.7635699999
2026-10-07T23:56:29.198509+00:00,obs-20261007-01,LIGHT,AVAXUSDT,1.0,11.135,11.136,11.1355,0.8980691513249539,10520528300,11.135,11.136,207,5,188448.84274,495190.6627099999,208126.77903,476919.4414599998,55.563649999999996,31.8461,189301.64573,163720.44444000002,274316.1876599999,256695.34227,346477.8028899999,318503.6572299997,411665.9877999999,421238.90116999956
2026-10-07T23:56:29.198509+00:00,obs-20261007-01,LIGHT,FILUSDT,1.0,1.0524,1.0525,1.0524499999999999,0.95020904598897,9895654711,1.0524,1.0525,219,32,170976.15603599997,183441.08455200004,192065.22517500003,163218.13830700002,2201.740921,688.069114,127507.904591,82801.216224,207912.24247699996,157339.460747,244362.58261,241109.37581700002,356448.63814,289981.16000999993
2026-10-07T23:56:29.198509+00:00,obs-20261007-01,LIGHT,ALGOUSDT,1.0,0.1188,0.1189,0.11885000000000001,8.417508417508657,5664541327,0.1188,0.1189,84,1,48928.37780000001,31700.101500000004,60443.89470000001,40536.7347,719.1072,0.0,34246.9347,19581.8546,99292.5789,64178.9325,141514.0527,93559.6924,175233.1323,124429.02449999998
2026-10-07T23:56:29.198509+00:00,obs-20261007-01,LIGHT,XRPUSDT,1.0,1.4218,1.4219,1.42185,0.703333802223316,26678184446,1.4218,1.4219,348,36,1120154.82955,663362.5413600003,1034056.4313000004,717242.0227300005,1429.07718,15258.317590000002,1497811.15045,931671.7451300002,1933175.1832500002,1355063.01201,2594865.817739999,2019908.0879199996,4059813.4924799977,3250351.0623699995
2026-10-07T23:56:29.198509+00:00,obs-20261007-01,LIGHT,HBARUSDT,1.0,0.09287,0.09288,0.092875,1.0767739851424984,8393291175,0.09287,0.09288,142,11,154444.40764999995,127531.52891000001,153319.94459,117984.00727,1632.76967,1218.1553999999999,160245.42306000003,135133.71081,286614.48713,236309.38424999997,449161.6864400001,378606.38658999995,910238.9605100005,745135.59719
2026-10-07T23:57:29.200796+00:00,obs-20261007-01,LIGHT,PEPEUSDT,1.0,4.09e-06,4.1e-06,4.095e-06,24.449877750611915,8828016905,4.09e-06,4.1e-06,67,9,5154.297138590001,18044.715951780003,5581.86593954,15327.990741260002,11.573926989999999,617.6366115999999,116054.00699924,152737.69418219998,375417.38408876,299096.23386176996,707664.47089137,594176.5395402999,1042173.43568246,1291387.51752672
2026-10-07T23:57:29.200796+00:00,obs-20261007-01,LIGHT,BNBUSDT,1.0,772.41,772.42,772.415,0.12946492147891675,20910319086,772.41,772.42,212,27,382994.00142,474609.38379,384647.30308999977,472763.36991999985,105.82016999999999,426.3758399999999,853077.9618800004,1705805.3110400008,1516026.5844899998,2703317.1636900003,3433355.3549200026,4231787.368630003,5677569.023440001,5930814.765030004
2026-10-07T23:57:29.200796+00:00,obs-20261007-01,LIGHT,AAVEUSDT,1.0,173.94,173.95,173.945,0.5749108888108978,10439810587,173.94,173.95,250,25,468820.05993000016,326556.9566300001,455672.14315000013,302012.80360000004,811.98715,9617.92907,132759.53376,117683.18002999999,226505.32078999994,169208.57851,308430.73847000004,214727.99349000002,400981.6408299998,245910.3003699999
2026-10-07T23:57:29.200796+00:00,obs-20261007-01,LIGHT,AVAXUSDT,1.0,11.125,11.126,11.125499999999999,0.8988764044937092,10520530294,11.125,11.126,207,40,353457.16117000027,553484.2233099999,356765.16193000006,557373.9398399999,5649.774969999998,49.85395,166073.60903999998,142223.31855,280353.10193999996,238109.53366999995,348058.00029,313366.1206699998,408946.6485799999,339691.83750999963
2026-10-07T23:57:29.200796+00:00,obs-20261007-01,LIGHT,FILUSDT,1.0,1.0518,1.052,1.0519,1.9015021867274662,9895656389,1.0518,1.052,196,57,168896.520911,189685.50137199994,159584.60295300008,167917.85592699997,1217.6044669999999,23120.101750999987,141395.69656399998,102934.15874999997,195819.099895,173311.08864899995,257229.54602799995,250753.77457299994,366301.3281609999,302949.69156299974
2026-10-07T23:57:29.200796+00:00,obs-20261007-01,LIGHT,ALGOUSDT,1.0,0.1188,0.1189,0.11885000000000001,8.417508417508657,5664542012,0.1188,0.1189,151,0,33721.59920000004,26442.2613,22839.168700000002,18938.3548,0.0,0.0,45518.1955,25093.4829,110175.0094,71682.7296,152396.4832,101063.5989,185676.97879999998,132185.71159999998
2026-10-07T23:57:29.200796+00:00,obs-20261007-01,LIGHT,XRPUSDT,1.0,1.4219,1.422,1.4219499999999998,0.7032843378573794,26678185999,1.4219,1.422,322,32,732771.49353,348408.65608,704880.4658500002,309719.46001999994,5411.80211,3958.557080000001,1512463.66286,967883.3085300003,1959146.01625,1395738.979669999,2622598.760709999,2059198.435439999,4086114.5749699986,3289060.1275399984
2026-10-07T23:57:29.200796+00:00,obs-20261007-01,LIGHT,HBARUSDT,1.0,0.09291,0.09292,0.092915,1.0763104079214436,8393291613,0.09291,0.09292,95,7,59418.58206,41810.52098999999,49086.203450000015,65444.10861,0.0,1017.79702,142803.71995000003,134035.46537,246738.29026,220222.24470999997,457304.14324000006,364997.78523,920570.6697600004,722843.5748200001
2026-10-07T23:58:29.212482+00:00,obs-20261007-01,LIGHT,PEPEUSDT,1.0,4.09e-06,4.1e-06,4.095e-06,24.449877750611915,8828017146,4.09e-06,4.1e-06,115,10,20501.67789997,73679.08781137,108806.46116395999,170730.95751377,0.0,619.9585892,103243.55517634,148907.0402054,286726.61011186,284138.33934341,619359.68762738,497124.6698379,953867.65241677,1110584.29344161
2026-10-07T23:58:29.212482+00:00,obs-20261007-01,LIGHT,BNBUSDT,1.0,772.49,772.5,772.495,0.1294515139349528,20910321692,772.49,772.5,349,73,1063078.0956899996,865040.6123800002,1033518.3103700001,873936.0283599993,6535.18982,10230.947519999998,892111.7463200003,1702425.1841800006,1541671.1585,2692346.18527,3462421.8947300017,4224297.822760003,5642324.052079999,5919601.459020001
2026-10-07T23:58:29.212482+00:00,obs-20261007-01,LIGHT,AAVEUSDT,1.0,174.07,174.08,174.075,0.5744815304198347,10439812304,174.07,174.08,207,17,1240759.98034,303135.20192999986,1153647.3509900002,358144.1908700001,57.41413,683.30269,192994.28894000006,72649.71978,294169.0255000001,123370.77516999998,389353.62558000034,166586.28796000002,480308.5550200001,196005.2362999999
2026-10-07T23:58:29.212482+00:00,obs-20261007-01,LIGHT,AVAXUSDT,1.0,11.138,11.139,11.1385,0.897827258035111,10520533157,11.136,11.137,276,45,446159.4583300001,1033071.5801500002,417549.17941000016,1039490.2928700004,4466.8049599999995,12750.090120000004,211544.43919,167312.76325,312819.97241,264109.33151,372064.60835000005,308265.3012699997,438130.45304000005,411117.45346999966
2026-10-07T23:58:29.212482+00:00,obs-20261007-01,LIGHT,FILUSDT,1.0,1.0528,1.0529,1.0528499999999998,0.9498480243164131,9895658110,1.0528,1.0529,221,36,225326.96883100003,276830.8745769999,196781.15543599997,317227.298266,471.58878100000004,13942.577227999998,117259.387777,84935.622192,215485.89676599993,145360.72426,282067.5314559997,222825.04093599995,394470.2822129997,262875.28803099995
2026-10-07T23:58:29.212482+00:00,obs-20261007-01,LIGHT,ALGOUSDT,1.0,0.1189,0.119,0.11895,8.41042893187538,5664542422,0.1189,0.119,124,1,14543.118899999998,18883.730100000004,14874.290099999995,25852.1463,0.0,118.9,22964.8339,37282.9812,86072.163,75970.1379,148821.3823,99440.59349999999,184918.1361,125787.28409999998
2026-10-07T23:58:29.212482+00:00,obs-20261007-01,LIGHT,XRPUSDT,1.0,1.4222,1.4223,1.42225,0.7031359864995146,26678189207,1.4222,1.4223,341,78,1368855.8471600001,1043439.58976,1246679.2728,1097854.5759599998,17406.84004,27486.767549999993,1516836.8618,886038.19016,1908213.0444600002,1187035.7499399998,2743524.33652,2020308.0720399998,4207784.682349999,3251782.4917999995
2026-10-07T23:58:29.212482+00:00,obs-20261007-01,LIGHT,HBARUSDT,1.0,0.09289,0.0929,0.092895,1.0765421466252256,8393292151,0.09289,0.0929,93,11,39165.95085,71731.93442,45083.76749,58917.79701999999,1448.1761,2483.6309400000005,154239.89219,134298.77771999998,290947.63334,228284.5198399999,452945.0116600001,367786.9363699999,914661.3874600005,735657.71222
2026-10-07T23:59:29.279526+00:00,obs-20261007-01,LIGHT,PEPEUSDT,1.0,4.09e-06,4.1e-06,4.095e-06,24.449877750611915,8828017319,4.09e-06,4.1e-06,132,9,5133.22534438,225176.67201743962,6104.1984827199985,223211.86100475964,0.0,1252.614452,103208.69405724999,154798.8494827,286918.20454165,286138.68743542,618388.71448904,499089.48085058003,952641.7744006299,1112316.30171097
2026-10-07T23:59:29.279526+00:00,obs-20261007-01,LIGHT,BNBUSDT,1.0,772.5,772.51,772.505,0.1294498381865239,20910323397,772.5,772.51,285,26,608806.84015,383565.46270999993,723176.0655700003,445739.42643999995,1770.5744800000002,4750.108709999999,852125.8775000003,1712527.0240000007,1477064.1274599999,2677022.9474299997,3348052.6693100017,4162123.8590300023,5536030.536360001,5857681.000250002
2026-10-07T23:59:29.279526+00:00,obs-20261007-01,LIGHT,AAVEUSDT,1.0,174.08,174.09,174.085,0.5744485294112422,10439813777,174.08,174.09,231,10,1378734.1829,169876.46305000005,1464567.7267200002,156625.88876000003,82.86908,210.48929,106013.61417999999,82490.69888000003,201640.82444999996,133071.87147,303520.08176000015,179836.86225000003,386245.93217999995,206197.52038999993
2026-10-07T23:59:29.279526+00:00,obs-20261007-01,LIGHT,AVAXUSDT,1.0,11.13,11.131,11.130500000000001,0.8984725965843765,10520535605,11.13,11.131,272,30,430875.60759999993,671075.5357700001,454604.9763600002,649810.3894600003,4008.6167700000005,2779.2995,188200.53820000004,161303.19397999998,300727.67014,258671.26701999994,350909.1699200001,329280.0180199997,413935.26472000015,431120.82597999956
2026-10-07T23:59:29.279526+00:00,obs-20261007-01,LIGHT,FILUSDT,1.0,1.0534,1.0535,1.05345,0.9493070058885777,9895660268,1.0534,1.0535,259,72,194463.77637299997,210407.89651199998,189797.94809699987,235380.94773899997,1840.7005740000002,63221.85415,74853.068666,74687.23773999998,195976.57936699997,138863.44723899994,283151.93825099984,197998.6347269999,389179.50720099977,238377.83176899987
2026-10-07T23:59:29.279526+00:00,obs-20261007-01,LIGHT,ALGOUSDT,1.0,0.1187,0.1188,0.11875,8.424599831509116,5664542878,0.1187,0.1188,124,2,37533.95610000001,77857.31700000002,58686.5035,59248.80069999999,166.6764,123.1956,45387.4072,31132.906799999997,101368.1165,71183.6123,134059.1526,110715.299,169238.6571,133754.3482
2026-10-07T23:59:29.279526+00:00,obs-20261007-01,LIGHT,XRPUSDT,1.0,1.4215,1.4216,1.4215499999999999,0.7034822370743932,26678192299,1.4215,1.4216,437,78,848871.28187,826773.8010699996,1214442.5393400006,627988.7504000003,21405.826699999998,4052.04888,1378310.3562399999,986609.18099,1724252.9941999998,1252407.0314399994,2380708.5097999983,2203100.116709999,3860453.7036299976,3382609.9083
2026-10-07T23:59:29.279526+00:00,obs-20261007-01,LIGHT,HBARUSDT,1.0,0.09288,0.09289,0.092885,1.0766580534027348,8393293183,0.09288,0.09289,146,9,248373.9125099999,182829.45137000002,253031.59092,176028.39452,1795.35662,643.99642,158499.48890000003,135890.62175000002,286685.09574,234716.31194000007,448287.33325000014,374587.99322000006,909158.6043700004,740283.2045000001
