timestamp_utc,session_id,mode,symbol,quote_to_usdt,best_bid,best_ask,mid_usdt,spread_bps,update_id,bookticker_bid,bookticker_ask,depth_events,agg_trades,bid_add_1pct_usd,ask_add_1pct_usd,bid_remove_1pct_usd,ask_remove_1pct_usd,taker_sell_quote_usd,taker_buy_quote_usd,bid_depth_25bps_usd,ask_depth_25bps_usd,bid_depth_50bps_usd,ask_depth_50bps_usd,bid_depth_100bps_usd,ask_depth_100bps_usd,bid_depth_200bps_usd,ask_depth_200bps_usd
2026-10-07T14:01:53.195243+00:00,obs-20261007-01,LIGHT,PEPEUSDT,1.0,4.03e-06,4.04e-06,4.035e-06,24.81389578163684,8827678192,,,0,0,0.0,0.0,0.0,0.0,0.0,0.0,130510.61268245001,83840.16024044,285997.35410015,260042.82969869004,729194.03014907,531708.5039574801,1044581.5690307999,1016904.8695155
2026-10-07T14:01:53.195243+00:00,obs-20261007-01,LIGHT,BNBUSDT,1.0,767.21,767.22,767.215,0.1303424095100425,20907524450,,,0,0,0.0,0.0,0.0,0.0,0.0,0.0,999275.23445,784433.75756,1540426.1692200003,1533722.4007699993,3678465.710120002,3544513.2456,6129532.159330008,5175151.159420005
2026-10-07T14:01:53.195243+00:00,obs-20261007-01,LIGHT,AAVEUSDT,1.0,171.75,171.76,171.755,0.5822416302758704,10438373234,,,0,0,0.0,0.0,0.0,0.0,0.0,0.0,86903.72735999999,89246.13031,187139.56459999998,138898.0666,277824.7649,222202.1840000001,1238113.7655900004,255976.2489600001
2026-10-07T14:01:53.195243+00:00,obs-20261007-01,LIGHT,AVAXUSDT,1.0,11.281,11.282,11.281500000000001,0.8864462370361537,10517253726,,,0,0,0.0,0.0,0.0,0.0,0.0,0.0,84441.85009,130390.27485999999,205744.72212000008,236985.26163,256777.14608000012,322732.63194000005,294664.89516,435301.85276000027
2026-10-07T14:01:53.195243+00:00,obs-20261007-01,LIGHT,FILUSDT,1.0,1.0567,1.0568,1.05675,0.9463423866762355,9894135991,,,0,0,0.0,0.0,0.0,0.0,0.0,0.0,84818.60984599999,62623.341111999995,187905.20695499997,150826.497279,240029.824687,249669.22910999996,329307.3434250001,317033.6312610002
2026-10-07T14:01:53.195243+00:00,obs-20261007-01,LIGHT,ALGOUSDT,1.0,0.1162,0.1163,0.11624999999999999,8.60585197934638,5663999112,,,0,0,0.0,0.0,0.0,0.0,0.0,0.0,26464.0282,25697.829400000002,82266.7059,62708.6946,148066.33510000003,94576.7722,179299.91729999994,114507.10860000002
2026-10-07T14:01:53.195243+00:00,obs-20261007-01,LIGHT,XRPUSDT,1.0,1.4325,1.4326,1.43255,0.698080279231128,26675281493,,,0,0,0.0,0.0,0.0,0.0,0.0,0.0,1168805.53234,942563.4389699999,1788575.68297,1148030.5880999996,3366144.8627100023,2083535.3344099987,3954290.4607200017,2290311.164169998
2026-10-07T14:01:53.195243+00:00,obs-20261007-01,LIGHT,HBARUSDT,1.0,0.09347,0.09348,0.093475,1.0698619878035664,8392080034,,,1,0,0.0,0.0,0.0,0.0,0.0,0.0,114123.71847,99776.32242000001,232073.44705,197351.90547,401501.31619000004,340684.9438800001,779053.6162400001,705918.1694800002
2026-10-07T14:02:53.198556+00:00,obs-20261007-01,LIGHT,PEPEUSDT,1.0,4.03e-06,4.04e-06,4.035e-06,24.81389578163684,8827680309,4.03e-06,4.04e-06,390,31,981820.2659781505,790185.99683707,847670.36282588,769525.3348059602,3990.3636184100005,2942.421736480001,216880.02760866002,100057.15573628001,366008.81483346,259388.08445498004,820437.8452133399,535401.20328555,1139271.41267814,1015024.1993266899
2026-10-07T14:02:53.198556+00:00,obs-20261007-01,LIGHT,BNBUSDT,1.0,767.04,767.05,767.045,0.13037129745541165,20907541237,767.04,767.05,636,263,7228963.7769,5124324.931069997,7231898.377540007,5120043.562849998,32897.975829999996,29100.881199999996,971667.3527500003,775864.5048499999,1609388.4436500005,1542986.5860599994,3676427.9885700042,3547394.523760001,5837929.968970014,5175056.901870004
2026-10-07T14:02:53.198556+00:00,obs-20261007-01,LIGHT,AAVEUSDT,1.0,171.64,171.65,171.64499999999998,0.5826147751109012,10438378937,171.64,171.65,524,98,1769454.6302900002,678898.8923799997,1767124.9398700006,656672.8138099996,13525.786210000004,12750.94456,92587.99924,92059.73707999999,203179.71953000006,145148.63214999996,1168028.41575,235511.72676999995,1245377.349510001,274044.20487999986
2026-10-07T14:02:53.198556+00:00,obs-20261007-01,LIGHT,AVAXUSDT,1.0,11.28,11.281,11.2805,0.8865248226963551,10517265578,11.28,11.281,623,704,2012989.6557400008,3510254.237949998,1921901.373910001,3465692.86446,39291.7188,39567.61079000015,112974.40698,183982.22441,241831.71169000003,294768.17584,350076.02183000004,367269.85465,386081.2684900002,480857.51025000017
2026-10-07T14:02:53.198556+00:00,obs-20261007-01,LIGHT,FILUSDT,1.0,1.0546,1.0547,1.05465,0.9482268158533813,9894143007,1.0546,1.0547,592,251,712775.5989439995,606501.6240840005,717491.5588140005,601137.4213440003,9887.03602599999,14218.961549,95989.64456099998,70360.048484,150521.33418300006,145586.54592399998,258556.7496000001,235280.78103599985,341685.01460600016,315140.95272899995
2026-10-07T14:02:53.198556+00:00,obs-20261007-01,LIGHT,ALGOUSDT,1.0,0.1161,0.1162,0.11615,8.613264427217437,5664001147,0.1161,0.1162,213,3,145505.36380000002,79056.19890000002,148382.47699999998,73717.55179999997,757.3916,987.7,42277.8205,30983.503800000002,104949.74369999999,59999.70250000001,157138.1819,98013.42190000002,182176.52499999997,115884.37140000002
2026-10-07T14:02:53.198556+00:00,obs-20261007-01,LIGHT,XRPUSDT,1.0,1.4319,1.432,1.43195,0.6983727913967286,26675295390,1.4319,1.432,655,204,8576919.067010008,7994426.945069995,8749346.861240001,7996159.339170002,98028.95380999998,46732.06979000001,962187.8515499998,923638.5927999999,1766482.6886799992,1396976.3943399999,3214682.81438,2072124.5253999997,3814745.7289299998,2287249.6103799995
2026-10-07T14:02:53.198556+00:00,obs-20261007-01,LIGHT,HBARUSDT,1.0,0.09338,0.09339,0.093385,1.070893124865968,8392084363,0.09338,0.09339,540,58,736586.6557299999,838217.6027400002,755051.1751499997,826387.7107100001,7260.081500000001,3820.5090899999996,126439.46001,98824.34964,222935.3392,195014.96965,390333.1496000002,350786.22745000006,772504.64167,714932.9118400001
2026-10-07T14:03:53.224068+00:00,obs-20261007-01,LIGHT,PEPEUSDT,1.0,4.03e-06,4.04e-06,4.035e-06,24.81389578163684,8827681811,4.03e-06,4.04e-06,289,32,931059.8811069097,292417.32433513,890071.16994783,320235.48776883,1828.2067834299999,13690.17971155,233220.65529438003,43346.65552316,371581.14040884003,215988.99245081,814594.09775642,487928.02450609003,1132241.06621212,967741.12222307
2026-10-07T14:03:53.224068+00:00,obs-20261007-01,LIGHT,BNBUSDT,1.0,766.76,766.77,766.765,0.13041890552401014,20907556942,766.76,766.77,546,286,6854952.2986499965,5992711.401819999,6699701.968869998,6024924.296740002,28069.067760000013,44873.69394,1031509.57019,764868.7739200002,1644212.2427600005,1505208.4288500003,4054990.137060003,3508933.5102000013,6399205.8780700145,5142180.364990001
2026-10-07T14:03:53.224068+00:00,obs-20261007-01,LIGHT,AAVEUSDT,1.0,171.6,171.61,171.60500000000002,0.58275058275159,10438384124,171.6,171.61,427,78,724113.5652299997,535741.4592099994,730745.4960300003,527913.2506999999,13074.631669999999,10783.235429999999,102513.40650999999,101827.62409999999,204659.92919,158183.20888,1166082.50328,230561.52637,1246526.939140001,275402.61067999987
2026-10-07T14:03:53.224068+00:00,obs-20261007-01,LIGHT,AVAXUSDT,1.0,11.278,11.279,11.278500000000001,0.8866820358210958,10517278805,11.277,11.278,535,556,2240012.9864600017,3762530.05349,2312729.0154199996,3708903.4592400016,37147.04859999998,27514.084069999964,88097.75709999999,193606.41061999998,256655.98842,328834.5184599999,277383.10764999996,419343.85016999993,322956.36945,531875.6788600001
2026-10-07T14:03:53.224068+00:00,obs-20261007-01,LIGHT,FILUSDT,1.0,1.0523,1.0524,1.0523500000000001,0.9502993442933594,9894148870,1.0523,1.0524,497,104,505321.42008799984,558073.8305530001,564465.1948739999,516372.99575500004,5405.952304000001,2542.394257,68327.06936899999,72529.288752,159568.62536600002,145909.65083699994,231194.46557299988,258978.06296599982,290048.89210499986,350474.28157199983
2026-10-07T14:03:53.224068+00:00,obs-20261007-01,LIGHT,ALGOUSDT,1.0,0.1162,0.1163,0.11624999999999999,8.60585197934638,5664003766,0.1162,0.1163,196,4,184644.5978,76458.73949999995,183883.32210000002,71724.06539999999,730.0846,372.15999999999997,22722.793,37601.8679,87538.6473,73638.7983,145750.51260000002,104650.09339999998,182515.83209999997,120892.188
2026-10-07T14:03:53.224068+00:00,obs-20261007-01,LIGHT,XRPUSDT,1.0,1.4321,1.4322,1.43215,0.6982752601070175,26675308952,1.4321,1.4322,569,153,7508857.876240006,6735609.751999996,7526499.786540001,6763600.298779995,16756.72624,29700.425559999996,1233272.1214700001,951231.3805600001,1766658.14275,1127070.1113899997,3196286.685360002,2044976.7575799995,3782927.5205200026,2259978.4683199995
2026-10-07T14:03:53.224068+00:00,obs-20261007-01,LIGHT,HBARUSDT,1.0,0.09333,0.09334,0.093335,1.0714668381028858,8392088851,0.09333,0.09334,452,66,923431.7029800003,1115320.2496599995,949816.7074100001,1099353.6535399987,3257.32742,1906.1400400000002,104249.42510999998,92983.40168999998,199072.70406999995,202522.75732999996,364183.4904699999,364303.2051700001,747430.9171499999,725361.0817000002
2026-10-07T14:04:53.230925+00:00,obs-20261007-01,LIGHT,PEPEUSDT,1.0,4.03e-06,4.04e-06,4.035e-06,24.81389578163684,8827683244,4.03e-06,4.04e-06,308,30,740700.3503740801,767086.5338007201,685134.8043667802,646884.52208217,17770.42428103,1633.8975023199998,189630.39504188002,117289.55816612001,347282.00230844005,298777.57247537,801282.1783197201,568919.672634,1121940.69896625,1043795.82769072
2026-10-07T14:04:53.230925+00:00,obs-20261007-01,LIGHT,BNBUSDT,1.0,766.46,766.47,766.465,0.13046995277044005,20907572247,766.46,766.47,552,225,7707063.469180005,5630663.006839997,7566637.521679995,5552686.609849997,8363.95099,18720.692910000005,1041321.6548400003,773853.90172,1702792.121320001,1526448.9774999993,4056986.4244400044,3584546.8347700015,6384055.739340014,5205058.564310001
2026-10-07T14:04:53.230925+00:00,obs-20261007-01,LIGHT,AAVEUSDT,1.0,171.51,171.52,171.515,0.5830563815534262,10438389794,171.51,171.52,421,127,1046729.7981499997,829510.7056899997,1052952.9537300009,811787.0563800002,12344.380659999999,16189.25272000001,116256.74467,105229.88378999999,201629.75876000003,161506.22361,1165409.4093000002,237788.07002000007,1240329.7936300016,287198.14389
2026-10-07T14:04:53.230925+00:00,obs-20261007-01,LIGHT,AVAXUSDT,1.0,11.273,11.274,11.273499999999999,0.8870753126943853,10517289522,11.273,11.274,538,433,1488736.8812700007,3197982.728020003,1437524.0568500005,3202741.2750799996,28351.406260000007,22537.569110000008,116902.29241999997,175791.11084999997,296621.59911000007,300035.2367099999,328159.58056000003,413236.7272699999,374047.2191600001,507006.8124200001
2026-10-07T14:04:53.230925+00:00,obs-20261007-01,LIGHT,FILUSDT,1.0,1.052,1.0521,1.05205,0.9505703422041378,9894162722,1.052,1.0521,505,93,555037.057565,589443.357424,535271.2783810002,584981.337366,9345.018804000001,3300.3687059999993,103347.97757500003,81082.40564699998,173541.68597700007,155881.25050299996,250962.19919699998,262984.22937200003,313155.7144699999,343407.9884630001
2026-10-07T14:04:53.230925+00:00,obs-20261007-01,LIGHT,ALGOUSDT,1.0,0.1161,0.1162,0.11615,8.613264427217437,5664006277,0.1161,0.1162,226,4,150835.01169999994,89000.71749999997,155605.1913,83488.14939999998,15.106,2745.9593,36705.591700000004,33686.84910000001,100820.08850000001,69920.85880000002,153129.27800000002,108260.66410000001,179157.3412,126131.61360000001
2026-10-07T14:04:53.230925+00:00,obs-20261007-01,LIGHT,XRPUSDT,1.0,1.4311,1.4312,1.4311500000000001,0.6987631891552937,26675320058,1.4311,1.4312,562,154,7500440.8192700045,6861415.720180002,7700519.919149999,6791784.045470003,60086.46534000004,33436.21824000001,1147207.78821,810787.0419099998,1589753.12843,1189503.9557199993,3003799.6366900015,2113498.140639999,3604823.3470800025,2284668.3113599983
2026-10-07T14:04:53.230925+00:00,obs-20261007-01,LIGHT,HBARUSDT,1.0,0.0933,0.09331,0.093305,1.0718113612018243,8392093309,0.0933,0.09331,478,43,1329652.7336499996,889837.7703199999,1307850.4052800003,886774.8963199992,4929.137559999999,6122.87393,127504.08324,101239.85304,221108.26341999994,208720.46175000002,387067.6339,366958.3026900001,765338.7875899998,729407.7190600001
2026-10-07T14:05:53.233573+00:00,obs-20261007-01,LIGHT,PEPEUSDT,1.0,4.04e-06,4.05e-06,4.045e-06,24.752475247524774,8827684184,4.04e-06,4.05e-06,245,28,510298.24214476993,383571.9553795999,425990.2996167299,493911.59582801,2087.27082729,18479.729128950003,50203.4758574,152538.5909043,304502.04790466005,295497.0385223,593599.91105976,557481.8488527901,1122725.4097553098,998149.2232735101
2026-10-07T14:05:53.233573+00:00,obs-20261007-01,LIGHT,BNBUSDT,1.0,766.8,766.81,766.805,0.1304121022438487,20907586742,766.8,766.81,527,246,9580379.791049998,6545325.17165,9535917.803039996,6647592.378890001,34661.95384000002,37407.23967000001,1029989.4217200006,801444.2595900001,1867151.3641500003,1474265.05182,4045073.3361900025,3485318.017160002,6421161.279690015,5114205.4195300015
2026-10-07T14:05:53.233573+00:00,obs-20261007-01,LIGHT,AAVEUSDT,1.0,171.63,171.64,171.635,0.5826487210858211,10438395555,171.63,171.64,447,98,1031079.6348999991,984073.5984699997,1021293.9908300005,999746.3675299998,12542.23875,21069.867190000008,90926.78666000003,92782.68780000001,199617.30824000007,153021.87354,1164265.9011300004,235216.74909000003,1236536.896150002,263039.02573999995
2026-10-07T14:05:53.233573+00:00,obs-20261007-01,LIGHT,AVAXUSDT,1.0,11.287,11.288,11.287500000000001,0.8859750155032486,10517297715,11.287,11.288,498,316,1026494.3458000007,2701809.97981,1013790.1726200004,2782890.5599900004,2340.6349699999996,13856.235869999997,101983.02920999998,180204.42591000002,255790.06883000003,279718.43736,337790.60735,412571.93877,377588.4988200002,453763.7439900002
2026-10-07T14:05:53.233573+00:00,obs-20261007-01,LIGHT,FILUSDT,1.0,1.0545,1.0547,1.0546,1.8966334755798897,9894168244,1.0545,1.0546,467,60,573478.8100609998,559473.8594710001,517493.1004179999,620843.1164970002,1978.223692,3423.72074,100972.84788199999,91699.541533,185484.22841199997,157204.07656500002,289236.65348000004,220906.84263499995,362653.4396100001,298417.8296480001
2026-10-07T14:05:53.233573+00:00,obs-20261007-01,LIGHT,ALGOUSDT,1.0,0.1161,0.1162,0.11615,8.613264427217437,5664007824,0.1161,0.1162,168,6,74303.1833,38930.092399999994,74055.85420000003,40267.95120000001,424.2462,238.5674,41483.0394,28788.8465,112947.613,69484.05840000001,153376.60710000002,106922.8053,179364.4719,124793.75480000001
2026-10-07T14:05:53.233573+00:00,obs-20261007-01,LIGHT,XRPUSDT,1.0,1.4314,1.4315,1.43145,0.6986167388567388,26675330738,1.4314,1.4315,544,122,6774868.09701,7447852.797649998,6804203.532269997,7400533.231730004,21646.810590000005,109047.73887999996,1001971.6090000002,981634.7882099998,1572486.80687,1364825.9575000003,2968609.5752200014,2162232.28927,3570734.0250700023,2364971.6119299997
2026-10-07T14:05:53.233573+00:00,obs-20261007-01,LIGHT,HBARUSDT,1.0,0.09328,0.09329,0.093285,1.0720411663811547,8392098153,0.09328,0.09329,439,96,907699.2452499997,941903.4262099992,884137.4354200002,947719.9662199998,6820.030470000001,5723.91553,128991.28541,92227.46429999999,246272.51870999992,163708.89104999995,410636.00199999986,360628.96301999997,789204.3026999998,718319.7891200001
2026-10-07T14:06:53.235162+00:00,obs-20261007-01,LIGHT,PEPEUSDT,1.0,4.04e-06,4.05e-06,4.045e-06,24.752475247524774,8827685345,4.04e-06,4.05e-06,274,17,275696.73713933,295565.3768920399,240563.59426943,284791.7628119699,7.4907296400000005,9208.6233885,108242.87333316001,130305.55297050001,338478.68517725007,305337.93201104,628733.05392966,568255.46293286,1141721.8852896101,1008922.8373535799
2026-10-07T14:06:53.235162+00:00,obs-20261007-01,LIGHT,BNBUSDT,1.0,767.03,767.04,767.035,0.13037299714468986,20907602341,767.03,767.04,536,321,9881548.842020009,7268715.840889996,9930935.80547,7316005.071519996,15373.84276,19204.609230000002,973745.1650400002,811827.1310200002,1634482.8878800003,1440304.0815999997,3800683.839030002,3443598.4842200014,6358426.614840012,5076110.771400001
2026-10-07T14:06:53.235162+00:00,obs-20261007-01,LIGHT,AAVEUSDT,1.0,171.75,171.76,171.755,0.5822416302758704,10438399205,171.75,171.76,346,64,890227.7233200002,506511.35145999945,773743.4882699996,524026.2171399997,6158.368719999999,11584.094639999994,93139.82902,91956.47353999998,294035.6418,146725.62373,389523.94664000004,217981.90634,1353475.912250002,246022.87596999996
2026-10-07T14:06:53.235162+00:00,obs-20261007-01,LIGHT,AVAXUSDT,1.0,11.29,11.291,11.2905,0.8857395925598865,10517306329,11.29,11.291,495,354,1010330.5340100003,2531185.776139999,1010368.9407499998,2473695.78123,34247.5929,28627.389069999972,104239.08079999998,232885.94921,241098.53829000005,344007.59067,337691.62669000006,470531.19884,377142.3517900002,510390.61455000023
2026-10-07T14:06:53.235162+00:00,obs-20261007-01,LIGHT,FILUSDT,1.0,1.0557,1.056,1.05585,2.8417163967042747,9894173254,1.0557,1.056,468,54,541368.1953839998,544146.9291420005,506717.2617089998,583168.427674,747.001217,3119.5852889999987,107397.83653600002,72988.044133,176632.98418800003,158864.949702,297993.34522300004,197054.487792,381756.6144230002,269191.75657100015
2026-10-07T14:06:53.235162+00:00,obs-20261007-01,LIGHT,ALGOUSDT,1.0,0.1163,0.1164,0.11635000000000001,8.598452278589797,5664009764,0.1163,0.1164,204,10,127497.53779999998,68796.33589999999,113601.48919999997,84133.63139999998,20.218799999999998,3159.9485999999997,43837.413,35330.1446,102761.88709999999,70954.3806,150928.43079999997,95270.0997,190274.75519999996,114633.07080000002
2026-10-07T14:06:53.235162+00:00,obs-20261007-01,LIGHT,XRPUSDT,1.0,1.4313,1.4314,1.4313500000000001,0.6986655488017135,26675340600,1.4313,1.4314,536,135,6082653.7081699995,4724076.028530001,5664472.185880002,4804161.892110002,84143.33515999997,29495.54277,1319325.23057,843428.8137200003,1853892.4868899996,1170606.6065699998,3387786.708050001,2083494.9261899998,3988992.2824200015,2255025.4410899994
2026-10-07T14:06:53.235162+00:00,obs-20261007-01,LIGHT,HBARUSDT,1.0,0.09335,0.09336,0.093355,1.0712372790577795,8392100883,0.09335,0.09336,353,33,481287.98008999997,389657.2587400001,464219.65466,415808.12823,179.33554,4185.24522,111908.98794000002,90213.99294000001,248157.87573000003,191158.49987000003,426562.35331000003,335729.49712000013,805826.0170900001,691716.7162600002
2026-10-07T14:07:53.240126+00:00,obs-20261007-01,LIGHT,PEPEUSDT,1.0,4.04e-06,4.05e-06,4.045e-06,24.752475247524774,8827687291,4.04e-06,4.05e-06,283,54,944119.2370813102,852002.19097577,819713.6592491403,828883.5746082801,730.42690686,20528.653144439995,76166.72526472001,115446.0327597,305317.3471436,285799.5339867,606342.8647378499,565977.41864488,1103254.5643426299,1012927.7186011899
2026-10-07T14:07:53.240126+00:00,obs-20261007-01,LIGHT,BNBUSDT,1.0,767.14,767.15,767.145,0.1303543029962384,20907617497,767.14,767.15,551,289,9254969.410460008,6798991.138140001,8735721.13586999,6738140.247220001,15196.096589999997,13229.526739999998,1012067.44244,718853.90507,1608670.9591700004,1465222.2032800005,4129277.3898600014,3505049.040330002,6400513.471440013,5150610.646070001
2026-10-07T14:07:53.240126+00:00,obs-20261007-01,LIGHT,AAVEUSDT,1.0,171.64,171.65,171.64499999999998,0.5826147751109012,10438405374,171.64,171.65,404,138,788238.0852599998,908088.75773,891086.6186799997,898315.2874000003,18044.59521,15445.56673,102924.84027999999,80697.84467000002,215728.99136999995,141117.81472,1176755.8515700002,221620.21262000015,1250794.9723700017,251507.2843000001
2026-10-07T14:07:53.240126+00:00,obs-20261007-01,LIGHT,AVAXUSDT,1.0,11.283,11.284,11.2835,0.8862891075089863,10517319534,11.285,11.286,533,724,1967563.4340699997,3546098.6599299964,1991666.8710999992,3580550.9119999986,99101.47937999992,80534.98907000004,125848.33255999997,137583.3868,268004.3436099999,259297.82302000004,314427.44902999984,354593.13523000013,353738.21802999993,472607.6136100003
2026-10-07T14:07:53.240126+00:00,obs-20261007-01,LIGHT,FILUSDT,1.0,1.055,1.0551,1.05505,0.9478672985774317,9894179098,1.055,1.0551,512,90,498051.1636790001,680526.63827,523771.53668300004,634078.4982089999,1496.163666,1791.41406,107663.49236300001,68070.827978,189107.39840900002,161622.781284,273014.16221000004,239677.61257299996,342570.364372,314237.31731600006
2026-10-07T14:07:53.240126+00:00,obs-20261007-01,LIGHT,ALGOUSDT,1.0,0.1163,0.1164,0.11635000000000001,8.598452278589797,5664013624,0.1163,0.1164,255,14,198924.42089999997,132697.19109999997,198746.81409999993,120574.77169999998,1937.7996000000003,3656.3381,63942.9589,29419.5902,110609.2538,65502.237,149055.52860000002,106055.9951,182822.03699999998,120961.732
2026-10-07T14:07:53.240126+00:00,obs-20261007-01,LIGHT,XRPUSDT,1.0,1.4329,1.433,1.43295,0.6978854072170471,26675353972,1.4329,1.433,554,165,8405770.968300004,9532253.967469996,8664258.20396,9464874.430700002,185257.11135999998,83050.25591000002,1066727.93097,1091771.11824,1694429.1194700003,1489565.7504800006,3065414.8982900023,2170443.504080001,3666609.035120003,2361831.35638
2026-10-07T14:07:53.240126+00:00,obs-20261007-01,LIGHT,HBARUSDT,1.0,0.09337,0.09338,0.093375,1.0710078183584493,8392105458,0.09337,0.09338,452,80,1181098.0064200014,1512758.7634800004,1072956.4638300005,1509315.2014200003,4337.44345,3065.70444,119765.35007,106319.95197999998,254043.07280000002,202744.8346599999,421610.4239,340800.30276999995,809227.4308099999,693776.32755
2026-10-07T14:08:53.244906+00:00,obs-20261007-01,LIGHT,PEPEUSDT,1.0,4.04e-06,4.05e-06,4.045e-06,24.752475247524774,8827688294,4.04e-06,4.05e-06,269,15,479729.75684663997,498602.9699601897,438678.7596181902,421538.7620050899,188.11148192000005,2524.85653635,111220.43647232001,112546.146357,353025.72683467006,302510.60137104,647393.8619663,643041.62659998,1130767.79436819,1000412.9980283801
2026-10-07T14:08:53.244906+00:00,obs-20261007-01,LIGHT,BNBUSDT,1.0,767.66,767.67,767.665,0.13026600317767034,20907632007,767.66,767.67,543,243,6928050.736009998,3843394.441920002,6712339.39327,3945484.2331299987,17983.847040000004,17093.08647999999,874977.7407600001,876894.01728,1622121.916179999,1526533.6027399988,3764647.823950001,3611639.3116100016,5581961.532440007,5069216.389759998
2026-10-07T14:08:53.244906+00:00,obs-20261007-01,LIGHT,AAVEUSDT,1.0,171.88,171.89,171.885,0.5818012566893849,10438410809,171.88,171.89,414,174,949107.21241,830607.2926899994,935218.6338899999,833535.1067200002,14241.512119999998,23337.98995999998,93679.61623999997,106430.36421999997,186184.90781,149394.22410000002,285738.3305100002,220468.25846000004,1258152.0308900014,248433.27161
2026-10-07T14:08:53.244906+00:00,obs-20261007-01,LIGHT,AVAXUSDT,1.0,11.307,11.308,11.307500000000001,0.8844078889169715,10517328893,11.307,11.308,509,462,1470061.0288099987,2639358.557930001,1461201.7242700015,2665842.9534799983,30677.678479999988,16631.044049999975,110351.26514,182734.11945,232129.92941999994,306319.26910000003,320053.74587999994,409602.1443799999,360205.78315000015,465319.7726000001
2026-10-07T14:08:53.244906+00:00,obs-20261007-01,LIGHT,FILUSDT,1.0,1.0561,1.0562,1.0561500000000001,0.9468800302991909,9894183342,1.0561,1.0562,424,73,440361.7875279997,436946.2544979995,429695.01154799986,454501.7995779998,3566.8415010000003,1594.4520980000002,101202.450046,81001.880754,178577.05353100004,169805.40840500002,269413.9055180001,226160.89404,350969.064942,305648.0428110001
2026-10-07T14:08:53.244906+00:00,obs-20261007-01,LIGHT,ALGOUSDT,1.0,0.1164,0.1165,0.11645,8.59106529209619,5664015664,0.1164,0.1165,165,8,88311.07109999996,53779.40199999999,85756.50989999998,56713.561300000016,522.5196000000001,930.1524000000001,43523.0844,33546.822199999995,96943.3623,71848.5478,144010.6914,104875.9574,184723.4089,118298.4461
2026-10-07T14:08:53.244906+00:00,obs-20261007-01,LIGHT,XRPUSDT,1.0,1.4354,1.4355,1.43545,0.6966699177923807,26675363829,1.4354,1.4355,539,148,6763936.97389,6485672.788350004,6295842.380599998,6653040.147399997,96989.38235,155569.56380000006,1058136.3251599998,919366.2191699999,1823100.0354699993,1391183.5387899997,3200886.3271000003,2020681.63251,4063954.190739999,2216394.4750900003
2026-10-07T14:08:53.244906+00:00,obs-20261007-01,LIGHT,HBARUSDT,1.0,0.09345,0.09346,0.09345500000000001,1.0700909577310291,8392109394,0.09345,0.09346,418,87,1020198.6141800001,1126703.6631799995,1008780.69686,1148293.9369500007,2547.0330799999997,4983.586110000001,113669.36217,95980.08558,203579.52723999994,188965.29770999993,416880.86022000003,329284.92458999995,817018.75442,668132.4641000001
2026-10-07T14:09:53.247401+00:00,obs-20261007-01,LIGHT,PEPEUSDT,1.0,4.04e-06,4.05e-06,4.045e-06,24.752475247524774,8827689186,4.04e-06,4.05e-06,225,17,425090.83553176,372891.1462307698,427104.2511594999,376159.7726809497,904.19240404,1722.3698736000001,59748.18199032,121780.30095765,341574.71365791,369370.35769335,645380.44633856,639773.0001498,1148842.03688379,997157.76093724
2026-10-07T14:09:53.247401+00:00,obs-20261007-01,LIGHT,BNBUSDT,1.0,767.6,767.61,767.605,0.13027618551264553,20907644262,767.6,767.61,513,163,6852880.217279999,4521421.6403800035,6718778.557839998,4396253.778650002,9080.809900000002,25151.159999999993,933884.2913299997,913005.1957,1569765.5088299983,1535261.6216899988,3712201.358059999,3736003.902890001,5600535.905180006,5186027.689939995
2026-10-07T14:09:53.247401+00:00,obs-20261007-01,LIGHT,AAVEUSDT,1.0,171.97,171.98,171.975,0.58149677269137,10438415716,171.97,171.98,415,63,1662335.420340001,849031.1232699996,1665207.9058299996,861588.5971699997,13286.990990000002,10724.200119999998,104520.48968000003,94221.67884000001,178594.39247000005,148293.99333000008,281992.3940700001,211726.2625200001,1237093.871790001,238098.53137
2026-10-07T14:09:53.247401+00:00,obs-20261007-01,LIGHT,AVAXUSDT,1.0,11.303,11.304,11.3035,0.8847208705642373,10517336601,11.303,11.304,509,364,1299778.0363199997,2546641.331890002,1278442.1147099985,2500816.6182899997,13835.56826,10880.38694,124790.68194999998,210612.05347999997,265751.59318999987,342309.07832000003,342111.7217099999,455369.1919999999,382765.8657200001,510737.03749000013
2026-10-07T14:09:53.247401+00:00,obs-20261007-01,LIGHT,FILUSDT,1.0,1.0553,1.0554,1.0553499999999998,0.9475978394757334,9894187628,1.0553,1.0554,484,79,431219.67768400017,378521.193523,433086.4803450003,366692.6242649998,4954.1082,2094.0492340000005,89391.56451400001,74854.297838,182593.22831,165184.122645,278342.51990599994,237798.764134,349216.902899,313676.3431510001
2026-10-07T14:09:53.247401+00:00,obs-20261007-01,LIGHT,ALGOUSDT,1.0,0.1162,0.1163,0.11624999999999999,8.60585197934638,5664018169,0.1162,0.1163,180,3,93396.76389999995,84823.80660000004,102991.18299999998,75460.87329999999,67.5653,9.8855,56411.5266,19514.8414,108943.11469999999,67098.1059,146210.95059999998,104485.0166,177402.00099999996,125203.48800000001
2026-10-07T14:09:53.247401+00:00,obs-20261007-01,LIGHT,XRPUSDT,1.0,1.4351,1.4352,1.4351500000000001,0.6968155529230025,26675372043,1.4351,1.4352,529,112,4277985.217930003,4572424.849199998,4353818.9266099995,4569718.075120003,111772.80531000001,36972.426179999995,1089670.0887799999,966698.8401299996,1827794.6009499994,1390647.3320899992,3246599.3741100016,2012959.1000999992,3989713.772430001,2217605.4942599996
2026-10-07T14:09:53.247401+00:00,obs-20261007-01,LIGHT,HBARUSDT,1.0,0.09336,0.09337,0.093365,1.0711225364179455,8392112522,0.09336,0.09337,390,57,668235.8689,545085.78816,684145.1905500002,527993.3322199999,102.43872999999999,4090.644470000003,115209.91731000002,91772.62579,249290.44144000002,192983.29572000002,417216.7286500002,335538.0891400001,803173.7004000002,703350.6815800002
2026-10-07T14:10:53.280540+00:00,obs-20261007-01,LIGHT,PEPEUSDT,1.0,4.03e-06,4.04e-06,4.035e-06,24.81389578163684,8827690047,4.03e-06,4.04e-06,214,21,380359.4622899398,374357.92321893014,453719.31540800986,260495.88110970004,8003.9861640300005,2564.51102148,208197.31432591003,97907.46660548,357801.80293627,279349.63248878,801608.25846049,621707.87511207,1122460.52363404,1017690.77090692
2026-10-07T14:10:53.280540+00:00,obs-20261007-01,LIGHT,BNBUSDT,1.0,767.26,767.27,767.265,0.13033391549122086,20907655687,767.26,767.27,528,174,6513679.779949996,4502903.459999996,6370942.102749996,4451365.159979999,22166.991810000003,13003.65503999999,903649.3339300001,826223.0597599997,1532086.9280899996,1607293.9650999997,3671366.663950001,3584409.238590001,5687464.8643100085,5237490.696269998
2026-10-07T14:10:53.280540+00:00,obs-20261007-01,LIGHT,AAVEUSDT,1.0,171.85,171.86,171.85500000000002,0.5819028222298073,10438419000,171.85,171.86,343,43,912493.3712,447999.55372999987,912872.3956700002,432202.8193900002,10119.821689999999,5391.96658,93106.19111000003,99995.90371,195772.76760000002,150238.71347000005,287840.47985000006,223329.10244000005,1259888.9416100008,251613.78146000003
2026-10-07T14:10:53.280540+00:00,obs-20261007-01,LIGHT,AVAXUSDT,1.0,11.289,11.29,11.2895,0.8858180529713877,10517342457,11.289,11.29,455,176,953033.8837499995,2029402.5496100015,985727.0615099998,1966283.6880700006,17972.250389999997,8483.674780000003,128829.65121999999,233231.6021700001,302487.00580999994,366875.75953000004,311075.14369999996,516373.0975200001,350229.75041000015,555688.5683500001
2026-10-07T14:10:53.280540+00:00,obs-20261007-01,LIGHT,FILUSDT,1.0,1.0547,1.0548,1.0547499999999999,0.9481369109698434,9894190990,1.0547,1.0548,454,44,304497.06374200014,359463.4131579998,319537.131441,344686.1334669996,2227.151849,3722.146975,90741.14386500003,68953.99922499999,195961.968521,170432.20756900002,266594.75346700003,248644.275018,340364.1349700001,320348.92969199986
2026-10-07T14:10:53.280540+00:00,obs-20261007-01,LIGHT,ALGOUSDT,1.0,0.1162,0.1163,0.11624999999999999,8.60585197934638,5664019675,0.1162,0.1163,162,3,66242.33530000002,63254.61489999997,70118.36159999999,64280.48889999996,3583.3239,0.0,40406.9127,27294.8223,101159.98439999999,71356.9729,142334.92429999998,103459.14259999999,174055.43539999996,124177.614
2026-10-07T14:10:53.280540+00:00,obs-20261007-01,LIGHT,XRPUSDT,1.0,1.4349,1.435,1.4349500000000002,0.6969126768407996,26675379676,1.4349,1.435,511,135,4131199.932700002,3805421.7120100018,4343099.207740001,3846832.829219998,76390.58432,115594.14298999996,1057197.39407,903225.1836999998,1834792.6702399997,1235489.9049499996,3035565.5895100012,1969482.627169999,3782436.07964,2176500.4994699997
2026-10-07T14:10:53.280540+00:00,obs-20261007-01,LIGHT,HBARUSDT,1.0,0.09327,0.09328,0.093275,1.0721561059279239,8392116232,0.09327,0.09328,386,77,779970.6673199994,856717.5618,815350.5537999999,845518.12035,2020.2814399999995,4383.419250000004,127133.18046999999,89953.56697,220175.70229999992,194566.00552,383029.8235199999,339695.88998999994,768153.2045999998,714534.0961799999
2026-10-07T14:11:53.281019+00:00,obs-20261007-01,LIGHT,PEPEUSDT,1.0,4.04e-06,4.05e-06,4.045e-06,24.752475247524774,8827690721,4.04e-06,4.05e-06,216,36,583520.0014510399,255310.51549180006,507596.2706998802,333355.9870548301,2061.3552614100004,3151.53269608,12894.629793920001,135992.36360115002,292471.79056501004,370548.12874191,587179.62259165,652125.6081551199,1127485.3406073898,1004361.8639219899
2026-10-07T14:11:53.281019+00:00,obs-20261007-01,LIGHT,BNBUSDT,1.0,767.59,767.6,767.595,0.13027788272390595,20907664635,767.59,767.6,492,137,5101136.650580002,3764223.30474,4895339.1552,3812107.563670001,10004.253840000003,14821.409630000006,875320.1864599999,921972.8485100002,1540741.8377199995,1539406.721189999,3871576.2022599997,3739640.8878200008,6175984.623510004,5186604.248909995
2026-10-07T14:11:53.281019+00:00,obs-20261007-01,LIGHT,AAVEUSDT,1.0,171.9,171.92,171.91,1.1634671320526202,10438422276,171.89,171.9,335,93,1016850.8558999997,340474.12600000016,1012236.8648999996,339294.62837000017,8519.299179999998,18752.41543000001,106420.89525999999,104084.92489,190117.39800000007,157375.60761,289812.3768900001,224727.51177999997,1262311.9439900003,252891.6518199999
2026-10-07T14:11:53.281019+00:00,obs-20261007-01,LIGHT,AVAXUSDT,1.0,11.3,11.301,11.3005,0.8849557522117024,10517349597,11.3,11.301,461,234,968094.9758100002,1974745.6734200015,926677.0493999994,2024043.0915799986,20993.19774,31315.02109999999,124721.78472999998,232041.17530000003,280373.47265999985,355935.4551700001,350846.5404599999,468497.34219999996,390417.2387900001,519268.9849400002
2026-10-07T14:11:53.281019+00:00,obs-20261007-01,LIGHT,FILUSDT,1.0,1.056,1.0562,1.0561,1.8939393939398919,9894194169,1.056,1.0562,388,35,297543.6095760001,291229.019404,280485.37933100015,315453.393151,3068.3264529999997,1454.6576670000002,90339.827998,87679.32038899999,167926.59683999995,174308.32443,269242.52406699996,228453.483469,349594.38042599993,305273.0543160001
2026-10-07T14:11:53.281019+00:00,obs-20261007-01,LIGHT,ALGOUSDT,1.0,0.1162,0.1163,0.11624999999999999,8.60585197934638,5664021511,0.1162,0.1163,169,6,90923.34180000001,77476.35339999999,80058.86229999998,81656.2794,2046.1919000000003,625.1584,45208.7824,20898.4053,115766.29239999999,66179.4284,153199.4038,99279.21660000001,185365.9718,119997.68800000002
2026-10-07T14:11:53.281019+00:00,obs-20261007-01,LIGHT,XRPUSDT,1.0,1.4354,1.4355,1.43545,0.6966699177923807,26675387462,1.4353,1.4354,509,97,4166716.4466699995,3540767.7325900015,4147658.6873399983,3492375.997959998,72482.61539,34914.68762999999,1076952.4953800002,952937.24432,1685213.9855700003,1407369.08602,2931956.373790001,2032650.16693,3792895.15171,2228868.6245100005
2026-10-07T14:11:53.281019+00:00,obs-20261007-01,LIGHT,HBARUSDT,1.0,0.09332,0.09333,0.09332499999999999,1.0715816545214807,8392120128,0.09332,0.09333,370,60,1464969.0887400003,934224.5387200003,1436737.33905,930003.9639999992,2848.4776899999997,4494.318119999998,112993.3209,92827.46273000001,230983.25004999997,199690.6189,411235.89228,344465.40816,796030.1038799997,716381.0893799999
2026-10-07T14:12:53.290949+00:00,obs-20261007-01,LIGHT,PEPEUSDT,1.0,4.04e-06,4.05e-06,4.045e-06,24.752475247524774,8827691702,4.04e-06,4.05e-06,232,16,386574.63177474006,270416.90805019985,370797.60925582994,264600.07777690986,75.77616708000001,975.9139848000002,14675.582630320001,131205.85445565,297326.64026836003,293395.53756019,602956.64511056,657942.43842841,1137753.53810519,1010324.32252253
2026-10-07T14:12:53.290949+00:00,obs-20261007-01,LIGHT,BNBUSDT,1.0,767.65,767.66,767.655,0.13026770012469768,20907675143,767.65,767.66,516,159,6550104.966870003,3761340.648530001,6709226.358840005,3920509.415979999,29704.482719999996,36217.53323000002,964103.7674299997,791529.2220899998,1559321.3286799986,1388176.8027599996,3712287.65914,3580838.06831,5607920.366470007,5138237.009049998
2026-10-07T14:12:53.290949+00:00,obs-20261007-01,LIGHT,AAVEUSDT,1.0,171.84,171.85,171.845,0.5819366852888308,10438426015,171.84,171.85,374,47,705613.0766500003,748330.32884,706024.48055,723150.9061300003,7020.817150000001,3964.953089999999,92144.48995,122220.81579,214835.71647,182058.19913,293411.72213,247948.83592999997,1263793.1951200003,278419.58265999996
2026-10-07T14:12:53.290949+00:00,obs-20261007-01,LIGHT,AVAXUSDT,1.0,11.309,11.31,11.3095,0.8842514811213675,10517357510,11.309,11.31,492,382,1101343.6098300004,2348709.036670001,1179816.3788100001,2388283.4779800004,57413.65183,44118.94266000004,128887.01067000002,177691.36233000003,258271.82291999995,298213.00196,271606.26855,429681.51278999995,311768.9710000002,484613.8278700002
2026-10-07T14:12:53.290949+00:00,obs-20261007-01,LIGHT,FILUSDT,1.0,1.0563,1.0564,1.0563500000000001,0.9467007478924927,9894200837,1.0562,1.0564,462,521,665702.6815810007,614876.0197710003,652993.0649039997,583271.0990969996,287959.84347600053,159965.12702300004,118899.16022899997,47538.172036,209618.77649199995,130821.01871699998,276312.68460299994,240328.1210589999,354413.4595959998,312371.25351699995
2026-10-07T14:12:53.290949+00:00,obs-20261007-01,LIGHT,ALGOUSDT,1.0,0.1163,0.1164,0.11635000000000001,8.598452278589797,5664023850,0.1163,0.1164,167,3,112731.03309999996,108568.391,109370.77169999997,112250.83979999999,680.0061000000001,49.9356,52555.6786,18179.9544,115606.5825,64377.68259999999,152364.38530000002,101844.36029999999,187654.3199,116750.09719999999
2026-10-07T14:12:53.290949+00:00,obs-20261007-01,LIGHT,XRPUSDT,1.0,1.435,1.4351,1.43505,0.6968641114979413,26675395269,1.435,1.4351,526,92,4035549.447680001,4142559.2702899985,4073413.8953400017,4122688.6984900013,43968.44568999999,66369.294,1046609.7726699999,967549.7938600001,1666590.7930200002,1181990.90208,3016254.646340001,2040553.4299799989,3757872.7083599996,2245809.1514699995
2026-10-07T14:12:53.290949+00:00,obs-20261007-01,LIGHT,HBARUSDT,1.0,0.09339,0.0934,0.093395,1.0707784559360611,8392124678,0.09339,0.0934,411,79,1149489.80467,929798.4667700004,1179409.28222,950306.1872899998,5471.62615,5562.54606,110860.77809,93239.51894000002,205915.6644699999,185653.84092,374129.38125999994,331505.03603,736127.2548299998,698685.15669
2026-10-07T14:13:53.290991+00:00,obs-20261007-01,LIGHT,PEPEUSDT,1.0,4.03e-06,4.04e-06,4.035e-06,24.81389578163684,8827692555,4.03e-06,4.04e-06,229,24,406116.74495726,344294.8446165001,357227.17219794996,237620.09447846006,4550.75407392,6545.573223680001,171923.94391601003,115092.9219002,378574.32676145004,351690.35834165,898749.77104587,632120.3662462101,1150390.3062515398,1026918.84973538
2026-10-07T14:13:53.290991+00:00,obs-20261007-01,LIGHT,BNBUSDT,1.0,767.26,767.27,767.265,0.13033391549122086,20907685374,767.26,767.27,508,117,6163579.80504,4385256.302290001,5825054.367199997,4265412.0201200005,6459.291639999998,12420.406669999998,975221.3947399999,795250.2660000003,1536101.3148599996,1476474.9443400009,3866829.522080001,3602217.8344100025,6313845.297860009,5247857.157829999
2026-10-07T14:13:53.290991+00:00,obs-20261007-01,LIGHT,AAVEUSDT,1.0,171.67,171.68,171.675,0.582512960913828,10438430445,171.67,171.68,413,67,686588.1216100001,888339.0838500003,695573.7732999997,894992.4801000003,12360.536769999999,13662.759150000002,117307.72257999999,104132.76831000003,217260.8089999999,154626.07067000002,1182429.9848500001,235861.09692,1257723.6213800006,269536.1589299999
2026-10-07T14:13:53.290991+00:00,obs-20261007-01,LIGHT,AVAXUSDT,1.0,11.275,11.276,11.275500000000001,0.8869179600878851,10517365306,11.275,11.276,469,185,1448715.47842,2267778.086880001,1414269.0902099996,2129692.5738900015,23938.655600000013,54347.44723999998,145416.1719,158606.33338999999,275508.22386,359346.29216,311521.3182200001,482587.49401,356032.92358000006,589412.7089800001
2026-10-07T14:13:53.290991+00:00,obs-20261007-01,LIGHT,FILUSDT,1.0,1.0541,1.0544,1.0542500000000001,2.8460297884458363,9894205309,1.0541,1.0543,459,55,506827.8851620002,314069.678947,549656.9332929999,274245.78680000006,2164.955794,4856.65237,122380.31799199998,73062.562218,196247.43620099997,140551.489317,261435.48124099997,257101.91358099994,323011.5801909998,328693.04493399995
2026-10-07T14:13:53.290991+00:00,obs-20261007-01,LIGHT,ALGOUSDT,1.0,0.1163,0.1164,0.11635000000000001,8.598452278589797,5664026295,0.1163,0.1164,164,8,143197.3051,84157.53819999998,137413.0858,84501.5513,301.6961,9593.656700000001,54394.245800000004,26787.708700000003,120514.1428,60735.972499999996,158148.60460000002,99796.44080000001,192946.35080000001,116405.98960000003
2026-10-07T14:13:53.290991+00:00,obs-20261007-01,LIGHT,XRPUSDT,1.0,1.4336,1.4337,1.43365,0.6975446428580945,26675402129,1.4336,1.4337,499,111,3268132.950590003,4367336.427959999,3708416.2842500005,4364337.957480001,80980.68311000003,30444.174030000002,873867.89367,876850.51096,1337193.07864,1154859.6617,2743641.6247,2040216.4027599993,3376223.9031099984,2244930.448649999
2026-10-07T14:13:53.290991+00:00,obs-20261007-01,LIGHT,HBARUSDT,1.0,0.09322,0.09324,0.09323000000000001,2.1454623471361955,8392128079,0.09322,0.09323,390,53,788895.2401399993,1795708.8725700001,825492.2601499999,1767592.6611800008,2715.5444199999993,5219.600189999999,116083.09808,102927.05275999998,143626.83305,191352.05567,352689.67607,350502.60886,705837.5027399998,718295.49605
2026-10-07T14:14:53.297771+00:00,obs-20261007-01,LIGHT,PEPEUSDT,1.0,4.03e-06,4.04e-06,4.035e-06,24.81389578163684,8827693743,4.03e-06,4.04e-06,232,18,307514.9707884699,327516.6886137899,304542.58751253993,310921.14211252,1022.4836891100001,2054.382622,175797.33770092,118594.86157020001,381495.95290396,369288.77116035006,901722.1543218,648715.9127474801,1141137.5211174898,1033934.1109032001
2026-10-07T14:14:53.297771+00:00,obs-20261007-01,LIGHT,BNBUSDT,1.0,767.21,767.22,767.215,0.1303424095100425,20907696178,767.21,767.22,492,135,5191287.175969999,3444540.131829998,5192738.042430004,3456640.18909,6955.072129999999,21070.21563999999,973039.1183699998,826042.76745,1521116.8154799999,1526553.7101200006,3866312.236330001,3586625.302560002,6315063.005360007,5240142.618229997
2026-10-07T14:14:53.297771+00:00,obs-20261007-01,LIGHT,AAVEUSDT,1.0,171.69,171.7,171.695,0.5824451045488566,10438434676,171.69,171.7,424,36,1448942.2215099994,458478.3047100005,1451453.8700100004,460234.8222500002,5060.94665,4181.69161,114825.23573,95657.09851,216017.99257999993,148760.57786000005,1179918.33635,233644.10822000002,1254151.072410001,265407.81270999997
2026-10-07T14:14:53.297771+00:00,obs-20261007-01,LIGHT,AVAXUSDT,1.0,11.282,11.283,11.282499999999999,0.8863676653070307,10517373241,11.282,11.283,478,218,1202700.7406199996,2576742.907899999,1136294.2548199994,2597189.5620499984,25821.77373,7693.844919999996,159988.67468999999,272051.9492900001,286427.64145,386087.0862600001,375556.78594999993,462409.27278000006,414381.95320000005,581675.4504000003
2026-10-07T14:14:53.297771+00:00,obs-20261007-01,LIGHT,FILUSDT,1.0,1.0533,1.0534,1.05335,0.9493971328211614,9894209708,1.0533,1.0534,426,79,395704.4409500001,310763.37798100006,408772.5636959998,295797.2652680001,17584.282220999998,5830.868333999999,131606.577693,74852.94926700002,190552.037929,146447.541089,252299.077708,263969.390885,312654.44688799983,341467.27175300004
2026-10-07T14:14:53.297771+00:00,obs-20261007-01,LIGHT,ALGOUSDT,1.0,0.1163,0.1164,0.11635000000000001,8.598452278589797,5664027955,0.1163,0.1164,150,7,110865.94669999997,58284.011899999976,113454.16469999994,48850.369099999996,4885.8793,585.8886,36520.2012,38571.7261,104916.48139999999,71725.87400000001,155560.3866,107526.21610000002,191716.63119999997,122431.85850000003
2026-10-07T14:14:53.297771+00:00,obs-20261007-01,LIGHT,XRPUSDT,1.0,1.4336,1.4337,1.43365,0.6975446428580945,26675410123,1.4336,1.4337,559,121,3521840.108429998,2756370.9187699975,3146884.0060500023,2776147.380199999,96142.52761000002,89364.36249000001,1037754.1442800001,926902.1363100002,1548180.2201699996,1260105.32162,3118597.727080001,2021437.7281699998,3750680.8713600016,2237323.3746799994
2026-10-07T14:14:53.297771+00:00,obs-20261007-01,LIGHT,HBARUSDT,1.0,0.09327,0.09328,0.093275,1.0721561059279239,8392131942,0.09327,0.09328,410,112,990904.6345800002,311833.4628399998,935964.7163499998,316471.67721,15066.379459999998,4665.402520000003,128001.72237999999,99765.79003999999,220261.87427999996,194933.52720999997,394839.4734099999,347193.36647,760648.7998399998,713547.1127100001
2026-10-07T14:15:53.316685+00:00,obs-20261007-01,LIGHT,PEPEUSDT,1.0,4.03e-06,4.04e-06,4.035e-06,24.81389578163684,8827694863,4.03e-06,4.04e-06,235,17,336826.7708669602,176619.34108717006,402033.72063519014,188356.40320887003,171.56495850000002,101719.16185036,125281.70649449,108886.33247980001,304783.33795306995,358086.79668865004,836515.2045535699,636978.8506257801,1108512.1368350997,1022247.1725894702
2026-10-07T14:15:53.316685+00:00,obs-20261007-01,LIGHT,BNBUSDT,1.0,767.2,767.21,767.205,0.1303441084465895,20907705194,767.2,767.21,470,143,3797039.1922500003,1957606.37066,4004032.1024999996,2030520.6895,9991.068440000001,63818.199819999994,996805.1577099998,759146.5424400003,1481769.2356199997,1454262.7955900002,3659319.3260800014,3513680.7634,6327743.466180007,5163110.438249999
2026-10-07T14:15:53.316685+00:00,obs-20261007-01,LIGHT,AAVEUSDT,1.0,171.59,171.6,171.595,0.5827845445538493,10438438129,171.59,171.6,407,47,3035999.8618000005,886739.7445200003,2946374.11746,880066.1566199996,3428.73373,1238.74282,104286.44347000003,92937.10429999998,277201.98419999995,154489.14716000002,1270564.58427,225582.90832999998,1352957.9256700012,267376.05841999984
2026-10-07T14:15:53.316685+00:00,obs-20261007-01,LIGHT,AVAXUSDT,1.0,11.276,11.277,11.276499999999999,0.88683930471678,10517380263,11.276,11.277,456,215,1141362.0829800004,2179975.887749999,1193681.13849,2170494.0322800013,25160.721960000003,16152.299280000016,120315.31013000001,181837.94909999997,243307.62748999998,382185.32224999997,325497.45340000006,471650.3710499999,370371.2666400001,579202.8688000002
2026-10-07T14:15:53.316685+00:00,obs-20261007-01,LIGHT,FILUSDT,1.0,1.0533,1.0534,1.05335,0.9493971328211614,9894213700,1.0533,1.0534,444,88,456618.28116500005,224002.93660399958,442961.0650379997,243850.0512230002,2848.079555,6171.251939999999,106926.74495499997,69807.83176200002,181339.47579099998,142278.743284,269910.038751,244420.140266,329218.6558470001,321296.1492950001
2026-10-07T14:15:53.316685+00:00,obs-20261007-01,LIGHT,ALGOUSDT,1.0,0.1162,0.1163,0.11624999999999999,8.60585197934638,5664030008,0.1162,0.1163,156,2,124646.75650000002,71940.84809999996,131931.9736,69788.36860000002,443.7987,0.0,37132.894,36536.8155,90438.50799999999,72127.2226,152470.44939999995,103431.10309999998,186074.83179999996,124149.59769999998
2026-10-07T14:15:53.316685+00:00,obs-20261007-01,LIGHT,XRPUSDT,1.0,1.4336,1.4337,1.43365,0.6975446428580945,26675417524,1.4336,1.4337,496,86,3449227.130079999,3513657.335620001,3419052.7908000015,3547801.8999699987,29792.50915,46661.50001000001,1068292.29864,959693.10813,1580399.9627099992,1225039.2331099997,3148772.0663600005,1987780.3395299993,3769947.7149900002,2204218.555999999
2026-10-07T14:15:53.316685+00:00,obs-20261007-01,LIGHT,HBARUSDT,1.0,0.09323,0.09324,0.093235,1.0726161106955345,8392134778,0.09323,0.09324,363,93,382138.62589,319396.41847000015,397094.56581000006,315690.73576000007,2967.1885899999997,4399.895130000004,117853.65141000002,94698.73565999999,222027.1115400001,196071.43063,379926.00908000005,349935.58978000004,745821.4631099997,717362.9022300001
2026-10-07T14:16:53.316712+00:00,obs-20261007-01,LIGHT,PEPEUSDT,1.0,4.03e-06,4.04e-06,4.035e-06,24.81389578163684,8827697985,4.03e-06,4.04e-06,354,51,1164300.2812428707,841020.1868954005,1220205.3675405087,811239.6838678995,38958.650000270005,36186.34859011001,92790.38779972,94813.9659582,219762.49020171998,335709.5644446,681666.5406791,597410.8415244501,1040529.8679976,924364.5110190401
2026-10-07T14:16:53.316712+00:00,obs-20261007-01,LIGHT,BNBUSDT,1.0,767.18,767.19,767.185,0.13034750645291027,20907723092,767.18,767.19,555,250,12816977.987029988,10481878.942270003,12237614.417329988,10580901.104789998,31313.199699999997,10391.491769999999,822417.7954400002,776684.80273,1434223.1932900003,1352619.9243799995,3855162.9896200015,3408411.5217999993,6280052.636010005,5058724.038699996
2026-10-07T14:16:53.316712+00:00,obs-20261007-01,LIGHT,AAVEUSDT,1.0,171.54,171.55,171.54500000000002,0.5829544129665187,10438444888,171.54,171.55,472,121,954337.9277700003,965756.50221,1068559.1569500007,1007394.0486700003,9219.22775,16291.791650000003,85062.66169999998,58321.74959999999,163077.38848999998,105580.18167000002,1160588.0927400002,176145.5881000001,1240532.8739900012,214724.6416200001
2026-10-07T14:16:53.316712+00:00,obs-20261007-01,LIGHT,AVAXUSDT,1.0,11.282,11.283,11.282499999999999,0.8863676653070307,10517392254,11.282,11.283,527,243,1803019.7299699995,3568750.31435,1797395.6067499993,3619850.5753599987,20702.536620000003,29523.09963999999,106480.48647000002,253311.35066,210271.22058000005,365698.72907,328861.8536600001,420790.86723999993,391022.9363900002,539852.9745199999
2026-10-07T14:16:53.316712+00:00,obs-20261007-01,LIGHT,FILUSDT,1.0,1.0533,1.0534,1.05335,0.9493971328211614,9894220064,1.0533,1.0534,502,82,796154.3575410001,457570.0479879998,787456.7228090005,470389.38995400013,2067.6026289999986,5898.962363,80317.36944099999,58803.069453000004,168688.672937,134481.29069000005,278604.95095299993,231595.68046,338932.67123100004,305083.088172
2026-10-07T14:16:53.316712+00:00,obs-20261007-01,LIGHT,ALGOUSDT,1.0,0.1161,0.1162,0.11615,8.613264427217437,5664032556,0.1161,0.1162,236,9,228205.69369999986,88279.47139999998,221427.67919999996,87696.50289999998,1296.3773999999999,138.5116,46211.413700000005,28529.4566,109901.6683,61550.16530000001,168143.21730000002,98310.2639,198410.8679,114662.643
2026-10-07T14:16:53.316712+00:00,obs-20261007-01,LIGHT,XRPUSDT,1.0,1.4339,1.434,1.4339499999999998,0.6973987028380257,26675432651,1.4339,1.434,562,304,9412989.572870001,8207782.035549996,8997168.068589998,8251601.983209996,174817.32717000047,91819.42009000003,1124833.9942899996,837726.7551099997,2004064.0941799993,1311914.6293699997,3563261.6382699986,1960057.6464999996,4173248.672039999,2165706.6699899994
2026-10-07T14:16:53.316712+00:00,obs-20261007-01,LIGHT,HBARUSDT,1.0,0.09325,0.09326,0.093255,1.0723860589800793,8392140536,0.09325,0.09326,469,122,1031564.7366800006,986427.9002200002,1047612.90684,1003507.9813899996,4846.56365,7888.950859999992,89637.48799000001,88203.23814,199266.13366999995,186574.61844999998,364619.63258,333284.06771000003,738997.30716,699634.20267
2026-10-07T14:17:53.316858+00:00,obs-20261007-01,LIGHT,PEPEUSDT,1.0,4.03e-06,4.04e-06,4.035e-06,24.81389578163684,8827698826,4.03e-06,4.04e-06,210,21,105580.10603836001,70233.02755979,101117.01353530999,70325.44820269,1082.7239155200002,4979.225890240001,98090.28433984001,91053.15255796001,226461.24838852,337664.53331356007,686129.63318215,597318.4208815501,1044996.44735221,924369.81493529
2026-10-07T14:17:53.316858+00:00,obs-20261007-01,LIGHT,BNBUSDT,1.0,767.44,767.45,767.445,0.13030334619079653,20907734247,767.44,767.45,505,164,6002423.028769998,3744075.8571199984,5585556.158489999,3734816.4272600026,17970.88822,21047.98389,851337.1642499999,802504.8993299997,1539567.1347499995,1366183.370049999,3697219.698440002,3605218.19687,6178397.566240005,5075335.490519999
2026-10-07T14:17:53.316858+00:00,obs-20261007-01,LIGHT,AAVEUSDT,1.0,171.5,171.51,171.505,0.5830903790071673,10438448793,171.5,171.51,392,96,657517.0955200002,438970.2033899998,665825.82512,358243.16604999994,10802.206419999999,15945.855280000007,82020.32797000001,129986.58979999996,154913.93372000003,181588.83290999994,1156116.5635699998,257670.98198999994,1230024.122300001,298067.3158199998
2026-10-07T14:17:53.316858+00:00,obs-20261007-01,LIGHT,AVAXUSDT,1.0,11.295,11.296,11.2955,0.8853474988934629,10517401398,11.295,11.296,486,199,1347145.6941699993,2675363.147629999,1367964.9848200008,2681774.295460001,30451.746010000003,20794.779379999996,109313.10268999999,273899.52694999997,211085.5563799999,392926.54504000023,305781.3132799999,493867.21918000013,369683.8282300001,544529.9143000003
2026-10-07T14:17:53.316858+00:00,obs-20261007-01,LIGHT,FILUSDT,1.0,1.0534,1.0535,1.05345,0.9493070058885777,9894224470,1.0534,1.0535,447,53,480509.9195219998,362769.4443179998,442609.993398,356889.3363699999,3209.242281,2809.209335,112732.34191500003,67285.69127200001,199858.77177700007,140712.653429,315870.9503120002,237475.78840799993,374579.38350800035,310965.7962900002
2026-10-07T14:17:53.316858+00:00,obs-20261007-01,LIGHT,ALGOUSDT,1.0,0.1162,0.1163,0.11624999999999999,8.60585197934638,5664034231,0.1162,0.1163,172,7,157201.90759999998,57360.43290000002,162147.3766,60264.518700000015,963.9952,870.9644000000001,50443.9501,33984.851,104408.6081,70868.842,151308.47329999998,97308.17549999998,191690.91989999998,112031.69969999998
2026-10-07T14:17:53.316858+00:00,obs-20261007-01,LIGHT,XRPUSDT,1.0,1.4341,1.4342,1.4341499999999998,0.6973014434130675,26675442495,1.4341,1.4342,515,139,4484974.97394,5065000.93978,4747955.590620002,4974029.892959996,35453.11441,36895.52908,1114322.11752,911237.25462,1751676.52838,1283307.98868,3295098.821040001,2052111.01124,3906625.9648100026,2259470.3978899997
2026-10-07T14:17:53.316858+00:00,obs-20261007-01,LIGHT,HBARUSDT,1.0,0.09322,0.09323,0.093225,1.0727311735680978,8392144404,0.09322,0.09323,438,64,489100.1080599998,447308.13614000025,480299.37260000006,430808.60532000026,2304.1680799999995,4793.338310000001,123129.03531,93426.11483000002,223076.79811,198041.68538000004,385426.21968,349783.5985300001,747790.29554,716126.1089300001
2026-10-07T14:18:53.317292+00:00,obs-20261007-01,LIGHT,PEPEUSDT,1.0,4.03e-06,4.04e-06,4.035e-06,24.81389578163684,8827700144,4.03e-06,4.04e-06,283,22,416067.00970788987,487877.35556511994,425439.8333608601,468830.16277320014,12134.36280017,2458.6082606400005,33793.34564307,109303.53371308,200162.37429729,347735.97870913,651577.8070545399,607916.58198006,949636.2887885999,934650.01387118
2026-10-07T14:18:53.317292+00:00,obs-20261007-01,LIGHT,BNBUSDT,1.0,766.94,766.95,766.945,0.1303882963465952,20907745046,766.94,766.95,524,161,6179778.038010002,5207325.550710001,6455268.3832600005,5176662.167039997,24614.76826,29401.567230000004,909587.1006700001,760845.09865,1278949.0400700006,1376787.7506999997,3619489.6917300043,3446705.730490001,6085871.407350013,5095847.11104
2026-10-07T14:18:53.317292+00:00,obs-20261007-01,LIGHT,AAVEUSDT,1.0,171.55,171.56,171.555,0.5829204313601011,10438452334,171.55,171.56,354,120,1321091.08767,267842.55290999997,1070609.8314699992,335740.11267999996,9705.99025,78792.60628000007,336093.94567000004,71312.11473,406314.58078000013,122194.40434000004,1399767.4730800001,191261.1098500001,1477467.159260001,229763.6078100001
2026-10-07T14:18:53.317292+00:00,obs-20261007-01,LIGHT,AVAXUSDT,1.0,11.281,11.282,11.281500000000001,0.8864462370361537,10517411149,11.281,11.282,478,226,1249607.2532799991,2675188.4587699994,1248936.94735,2484671.7949900003,20520.134750000005,32563.332500000008,122646.26750999999,335213.9588500001,262550.29134999996,538539.5859200001,308712.8689399999,604725.3442400004,371102.66327,716525.0058600006
2026-10-07T14:18:53.317292+00:00,obs-20261007-01,LIGHT,FILUSDT,1.0,1.0536,1.0537,1.0536500000000002,0.949126803340139,9894228165,1.0536,1.0537,438,29,480961.3719150002,273041.7001870001,483120.9933430002,272972.236218,978.1704930000002,2594.055977,110459.02750799998,74943.93576200001,197549.77513999995,143615.453851,310235.948584,237847.5572629999,371516.77483400004,311079.2074360002
2026-10-07T14:18:53.317292+00:00,obs-20261007-01,LIGHT,ALGOUSDT,1.0,0.1161,0.1162,0.11615,8.613264427217437,5664036595,0.1161,0.1162,177,1,213040.97210000004,53230.73669999999,217891.30660000004,45701.92740000001,0.0,116.1,52241.0541,29682.9246,116323.80689999998,68222.1558,156647.4838,102934.9874,188273.455,119287.36649999999
2026-10-07T14:18:53.317292+00:00,obs-20261007-01,LIGHT,XRPUSDT,1.0,1.4324,1.4325,1.43245,0.6981290142427099,26675454553,1.4324,1.4325,559,163,5651089.4245399935,5839834.596779997,5760430.310430007,5910910.043629996,37508.966339999984,190041.69677000004,1135740.9520900003,910254.9578800001,1686169.8214800006,1202969.5054900001,3224871.792880001,1978188.9327800004,3843000.4852100005,2200812.1511100004
2026-10-07T14:18:53.317292+00:00,obs-20261007-01,LIGHT,HBARUSDT,1.0,0.09323,0.09324,0.093235,1.0726161106955345,8392150319,0.09323,0.09324,452,321,1240894.501829999,1194375.190999999,1284035.588549998,1251255.2937200004,77026.9713,190685.5315800001,102210.22675,71960.3499,194865.99511,149666.7578,341553.65546,292390.63592999993,740261.3844299999,661892.46193
2026-10-07T14:19:53.344210+00:00,obs-20261007-01,LIGHT,PEPEUSDT,1.0,4.02e-06,4.03e-06,4.025e-06,24.875621890549926,8827701578,4.02e-06,4.03e-06,311,22,337438.26625183993,683450.8648504197,377234.83087977004,546650.4207564,1283.8843503700002,7285.724853159999,115593.34239971999,108825.72038117002,315799.84328171995,320241.65619241004,697725.3496496399,619788.5330743301,972795.07080241,978963.7843890501
2026-10-07T14:19:53.344210+00:00,obs-20261007-01,LIGHT,BNBUSDT,1.0,766.66,766.67,766.665,0.13043591683414846,20907755786,766.66,766.67,544,147,6481736.084540002,4790334.674949997,6430961.0565899955,4719577.757929999,6676.823589999998,10288.388680000002,985655.1586800002,767932.8516299996,1587263.1366299996,1489909.91683,3903440.0248500025,3510486.063590002,6327619.669770012,5150858.1265899995
2026-10-07T14:19:53.344210+00:00,obs-20261007-01,LIGHT,AAVEUSDT,1.0,171.57,171.58,171.575,0.5828524800377544,10438456018,171.57,171.58,358,320,1619845.0372999993,418774.6531200002,1521920.79657,399782.97874,257317.1458399997,73217.90501999995,429425.986,88830.51128000002,517890.65327,143411.49596000006,1490980.7405200002,208025.99871000007,1572449.114290001,247797.02198000005
2026-10-07T14:19:53.344210+00:00,obs-20261007-01,LIGHT,AVAXUSDT,1.0,11.254,11.255,11.2545,0.8885729518404162,10517421205,11.254,11.255,502,181,1362649.5598399993,2408152.4131000014,1364986.9906400007,2341504.4940500003,34805.21682000001,19989.56625000001,171688.52373000002,192567.11853999997,258922.55722000002,515454.8465,309907.7970800002,669701.5780000003,378186.69458000024,761638.4263200008
2026-10-07T14:19:53.344210+00:00,obs-20261007-01,LIGHT,FILUSDT,1.0,1.0519,1.052,1.0519500000000002,0.9506607091935848,9894233653,1.0519,1.052,441,79,544953.1073880004,482020.2689369997,584473.6022689997,466804.827268,1563.5071629999995,1766.901382,97781.88473499999,70305.005528,186072.13338500002,151565.23105,285870.28457099997,241644.305971,333981.1398949999,320684.11667600006
2026-10-07T14:19:53.344210+00:00,obs-20261007-01,LIGHT,ALGOUSDT,1.0,0.116,0.1161,0.11605,8.620689655172153,5664037507,0.116,0.1161,161,4,103636.30539999998,59225.54019999999,112936.88859999998,51755.531399999985,991.9584,169.652,31855.475700000003,31077.5127,98123.7144,71729.7939,154535.50420000002,108867.5451,180798.07730000003,119731.1641
2026-10-07T14:19:53.344210+00:00,obs-20261007-01,LIGHT,XRPUSDT,1.0,1.4316,1.4317,1.4316499999999999,0.6985191394237589,26675465526,1.4316,1.4317,531,231,4049174.065339999,4476616.850260002,4226136.464619998,4528461.948510001,90796.85159999997,79529.74560000004,1073046.3449900004,850179.0907099999,1689775.65122,1264399.32877,3096175.2697100015,1914277.1651900003,3702670.139770002,2174189.2513000006
2026-10-07T14:19:53.344210+00:00,obs-20261007-01,LIGHT,HBARUSDT,1.0,0.09311,0.09312,0.093115,1.0739984964014404,8392154118,0.09311,0.09312,437,59,617128.3593700003,1503126.0180199996,570520.9565999997,1463865.4495900008,4750.40067,7425.8260500000015,144116.85813,108632.02667999998,228006.79120000004,187500.46309999994,408981.4434300001,329345.73094999976,792677.8095899998,689561.8412399996
2026-10-07T14:20:53.344874+00:00,obs-20261007-01,LIGHT,PEPEUSDT,1.0,4.02e-06,4.03e-06,4.025e-06,24.875621890549926,8827703162,4.02e-06,4.03e-06,284,77,560595.3439043701,954858.9192971102,527067.31624335,977105.2380383905,28347.487589360004,53970.01645679001,142544.76299333997,61302.51803208001,314564.08864778996,259353.62270252002,706191.4953887999,592770.8192591101,961783.0763850899,997195.5345885502
2026-10-07T14:20:53.344874+00:00,obs-20261007-01,LIGHT,BNBUSDT,1.0,767.08,767.09,767.085,0.13036449914016757,20907766908,767.08,767.09,502,195,6240368.769849997,4418936.922359999,6208884.661989998,4468495.345630003,16979.070079999998,11318.37255,990575.8598400002,841829.4315500003,1549828.087340001,1481314.3177600005,3510075.1586100054,3468470.5280500026,5748335.958170012,5115337.825720001
2026-10-07T14:20:53.344874+00:00,obs-20261007-01,LIGHT,AAVEUSDT,1.0,171.62,171.63,171.625,0.5826826710175759,10438458612,171.62,171.63,333,149,552461.1949500007,264732.8459,545330.0048100001,264429.60904,4186.891390000001,92071.18988000005,445147.89210999984,93235.63288000002,538745.9507799998,145148.29420000003,1497415.3669200004,222808.94996,1573269.7916700009,248226.29558
2026-10-07T14:20:53.344874+00:00,obs-20261007-01,LIGHT,AVAXUSDT,1.0,11.272,11.273,11.2725,0.8871540099364417,10517432242,11.272,11.273,513,322,1319487.032760001,3207292.2093099975,1319440.2371599982,3283661.6124400008,12391.360620000001,68691.40396999993,134068.53082,318663.11428,258498.85725000006,519061.42027999996,308882.7280000001,594806.4904300001,376502.5407300002,686774.6201400006
2026-10-07T14:20:53.344874+00:00,obs-20261007-01,LIGHT,FILUSDT,1.0,1.0535,1.0536,1.05355,0.94921689606009,9894238460,1.0535,1.0536,427,85,507448.87804399966,395670.568852,466482.46899800014,435606.636429,7056.651942999999,7450.173014,114941.10589100001,63476.095291000005,202425.90588400007,140925.28608400002,311974.44000600005,217031.239893,376634.9278860002,292335.08169500023
2026-10-07T14:20:53.344874+00:00,obs-20261007-01,LIGHT,ALGOUSDT,1.0,0.1161,0.1162,0.11615,8.613264427217437,5664039485,0.1161,0.1162,176,8,126553.24889999995,63770.014099999986,114003.31159999997,79317.19720000001,493.6585,681.8967,49427.4031,29618.6193,112855.4469,64333.7947,158429.3351,94857.8131,190117.93230000001,111462.9547
2026-10-07T14:20:53.344874+00:00,obs-20261007-01,LIGHT,XRPUSDT,1.0,1.4317,1.4318,1.43175,0.6984703499335332,26675473882,1.4317,1.4318,507,221,3580791.708860002,3931310.82754,3447335.229280003,3893859.193529999,57654.80077999996,43012.54036,1158706.0291,952310.6908399999,1822006.5506100005,1305907.0771499998,3229545.996590001,1953125.6403200005,3836074.6581600015,2185836.798980001
2026-10-07T14:20:53.344874+00:00,obs-20261007-01,LIGHT,HBARUSDT,1.0,0.09317,0.09318,0.09317500000000001,1.0733068584301009,8392158405,0.09317,0.09318,404,99,646675.5609000002,375663.3006000001,622062.2426900007,381270.83018999995,12249.43033,7457.819080000001,138788.49420000002,109519.60084999999,235103.67111000002,183936.30100999997,419593.6471000002,324291.8920799998,812871.2304299999,684123.3598399997
2026-10-07T14:21:53.377660+00:00,obs-20261007-01,LIGHT,PEPEUSDT,1.0,4.03e-06,4.04e-06,4.035e-06,24.81389578163684,8827704440,4.03e-06,4.04e-06,275,108,311136.4203520698,415710.1503194601,204928.93945982994,512123.75706084,21022.59660033,61722.90740756003,51645.21414039,143998.86603892,216366.01283355,375125.51566237,648481.19102198,617238.51025251,937401.5381991001,942103.5343398398
2026-10-07T14:21:53.377660+00:00,obs-20261007-01,LIGHT,BNBUSDT,1.0,767.45,767.46,767.455,0.13030164831562274,20907776802,767.45,767.46,526,165,6726300.585399997,4197960.642020002,6514215.297939997,4234705.95722,3870.09862,10555.631060000002,986694.4714199998,821740.0056199997,1553991.81478,1381398.873919999,3716467.8340700036,3620465.7428100007,6182328.623640009,5091192.28552
2026-10-07T14:21:53.377660+00:00,obs-20261007-01,LIGHT,AAVEUSDT,1.0,171.65,171.66,171.655,0.5825808330905957,10438461659,171.65,171.66,312,152,548924.0660600002,379139.6901699999,548469.9089499998,376004.07263999997,13934.76651,7894.7319800000005,441384.39482999995,96280.64484000002,519390.89329,150559.83617000005,1497738.17141,225952.19533000002,1576731.1777600003,253429.31474000003
2026-10-07T14:21:53.377660+00:00,obs-20261007-01,LIGHT,AVAXUSDT,1.0,11.281,11.282,11.281500000000001,0.8864462370361537,10517439403,11.281,11.282,441,172,794012.7148200008,2170000.800379999,766815.8964299995,2187906.81636,6822.15164,15985.461500000005,118369.46508,328311.2282299999,237772.68900000004,539375.63464,333119.08343,577097.8441800005,395844.2500700001,688020.8924500009
2026-10-07T14:21:53.377660+00:00,obs-20261007-01,LIGHT,FILUSDT,1.0,1.0541,1.0542,1.05415,0.9486765961486121,9894241472,1.0541,1.0542,359,30,282760.1308230001,234668.15232299978,267131.9376800001,246732.41891899987,2323.3696419999997,1764.8285890000002,117765.39070999999,83005.574257,191254.35956,142698.86139499996,318867.83006200014,212982.38575199994,388837.7511610002,281918.27342400013
2026-10-07T14:21:53.377660+00:00,obs-20261007-01,LIGHT,ALGOUSDT,1.0,0.1162,0.1163,0.11624999999999999,8.60585197934638,5664042461,0.1162,0.1163,224,8,123583.68359999995,67426.4368,121844.27739999999,62347.657899999984,378.1576,242.9742,40316.809,39706.474500000004,102638.39910000001,75762.2378,149979.39630000002,102091.2342,190888.17190000002,116814.87610000001
2026-10-07T14:21:53.377660+00:00,obs-20261007-01,LIGHT,XRPUSDT,1.0,1.4323,1.4324,1.43235,0.698177756055518,26675481067,1.4323,1.4324,493,112,2706287.552870001,3333658.7559100036,2652759.9418800003,3381638.9080400006,44000.12570000001,62308.94571000001,1105762.74932,870083.73014,1691946.6420800001,1145161.1936100002,3234892.4208500003,1907119.0556400004,3884679.9486599998,2144414.5270300005
2026-10-07T14:21:53.377660+00:00,obs-20261007-01,LIGHT,HBARUSDT,1.0,0.09319,0.0932,0.093195,1.0730765103561524,8392161534,0.09319,0.0932,365,114,401453.6606000003,287693.78567000007,388930.17684999993,296225.84644,3775.5877699999996,8975.655000000002,146387.26171000002,107462.58949999999,247158.36026000002,177471.1291199999,432117.13085000025,317211.95915999974,825420.7800900001,676108.9641699998
2026-10-07T14:22:53.382397+00:00,obs-20261007-01,LIGHT,PEPEUSDT,1.0,4.02e-06,4.03e-06,4.025e-06,24.875621890549926,8827705751,4.02e-06,4.03e-06,264,152,355959.9015323701,391354.36607502005,399643.98463784996,424132.11696684,56608.33900328,49163.22504231002,108085.33962809999,40792.3279322,287665.3846443,204669.37996987998,681570.98486081,463579.46162591,921628.5067516501,867910.17553185
2026-10-07T14:22:53.382397+00:00,obs-20261007-01,LIGHT,BNBUSDT,1.0,767.39,767.4,767.395,0.1303118362239175,20907789671,767.39,767.4,546,255,6829389.021609998,5989081.309260003,7392959.796390001,5937688.224629999,10163.69017,10445.868940000004,956913.1883200002,816218.2169100002,1532781.70085,1425681.3359099992,3345353.383910003,3671575.14246,5330028.230300008,5139846.4378499985
2026-10-07T14:22:53.382397+00:00,obs-20261007-01,LIGHT,AAVEUSDT,1.0,171.55,171.56,171.555,0.5829204313601011,10438464772,171.55,171.56,327,71,574808.3067800005,510404.8658099999,605670.12249,495635.62062000006,16384.17239,6335.91581,427544.53851999994,107934.05799,518377.9728699998,160000.92434000006,1473952.1032499995,226228.55333000005,1555043.2990099997,265750.81631
2026-10-07T14:22:53.382397+00:00,obs-20261007-01,LIGHT,AVAXUSDT,1.0,11.275,11.276,11.275500000000001,0.8869179600878851,10517446424,11.275,11.276,458,148,901240.4376800001,1822615.436990001,932566.4017899998,1810311.2470300002,11781.909839999998,10275.370470000009,130994.20629999999,325394.85164,254641.12173999997,529974.14601,304552.8109799999,588534.9039700005,372459.5238099999,694636.9850000009
2026-10-07T14:22:53.382397+00:00,obs-20261007-01,LIGHT,FILUSDT,1.0,1.0544,1.0546,1.0545,1.8968133535657294,9894246187,1.0544,1.0545,449,56,530342.2966920001,340559.48211200006,530561.6856810001,348163.3317900002,2490.844832,4856.079604999999,100101.270304,77522.49489500001,193345.112627,146207.85596199997,318648.44107300014,207760.97953700004,379697.3368470002,281773.3260120002
2026-10-07T14:22:53.382397+00:00,obs-20261007-01,LIGHT,ALGOUSDT,1.0,0.1161,0.1162,0.11615,8.613264427217437,5664044673,0.1161,0.1162,168,4,89602.2952,54131.09040000001,101281.12000000002,48269.64849999999,99.93199999999999,116.2,39926.832200000004,29701.2625,109305.9433,68435.2859,148489.91650000002,105798.03390000001,179829.7421,122403.17550000001
2026-10-07T14:22:53.382397+00:00,obs-20261007-01,LIGHT,XRPUSDT,1.0,1.4333,1.4334,1.43335,0.6976906439692954,26675494115,1.4333,1.4334,533,260,7341839.824870001,8776690.355209991,7112063.512170001,8815629.860719996,128361.03762999993,85705.37888,1272500.5876500001,806483.3506999998,2046504.2984700003,1241129.12763,3438810.0376200005,1886276.8786200003,4076506.9537900006,2110827.5856200005
2026-10-07T14:22:53.382397+00:00,obs-20261007-01,LIGHT,HBARUSDT,1.0,0.09314,0.09315,0.093145,1.0736525660282048,8392165807,0.09314,0.09315,449,141,818791.0106499994,632335.9484000001,834733.4247300003,623000.6313700001,2888.05617,21356.537029999963,162089.71467999998,98833.49046000002,263283.70183000003,182550.39038000006,416363.5146400001,325056.8516199999,808510.61316,684926.4251399998
2026-10-07T14:23:53.388689+00:00,obs-20261007-01,LIGHT,PEPEUSDT,1.0,4.03e-06,4.04e-06,4.035e-06,24.81389578163684,8827707163,4.03e-06,4.04e-06,274,33,491020.01850829,367272.35865798994,364983.55894063,419827.98473454994,3046.4424919500007,5516.056336040001,26043.668156220003,143655.80621096,186216.49053353997,275917.04494211,624900.91880426,528386.5977754,920394.98227651,853572.9587119999
2026-10-07T14:23:53.388689+00:00,obs-20261007-01,LIGHT,BNBUSDT,1.0,767.49,767.5,767.495,0.13029485726123724,20907798742,767.49,767.5,506,138,4832518.240879999,3067369.3689000015,4632497.129000002,3051213.1982200006,15833.574109999998,8647.512579999995,972108.0663899999,899267.1708499999,1570921.5199999998,1442516.172149999,3544494.6827100017,3688116.5421400005,5607371.287080008,5156479.785320003
2026-10-07T14:23:53.388689+00:00,obs-20261007-01,LIGHT,AAVEUSDT,1.0,171.47,171.48,171.475,0.5831923951715723,10438467217,171.47,171.48,319,112,507467.58725000016,346219.60552000004,574786.36204,334614.4324499999,72735.97648,16220.874850000002,384968.58968000015,106216.88359999999,456968.8229900002,160253.55307000002,1410470.3590999998,231734.6214100001,1476780.1333100002,275490.00145000004
2026-10-07T14:23:53.388689+00:00,obs-20261007-01,LIGHT,AVAXUSDT,1.0,11.283,11.284,11.2835,0.8862891075089863,10517456046,11.283,11.284,472,151,1156017.6815300004,2320306.90377,1131243.4699,2329431.121139999,10717.16078,43107.50347,160094.09275999997,401356.70751000004,264009.5883800001,542492.0418799999,326567.33095,580479.0524700007,389236.52036000014,696626.245180001
2026-10-07T14:23:53.388689+00:00,obs-20261007-01,LIGHT,FILUSDT,1.0,1.0544,1.0545,1.05445,0.948406676783975,9894248817,1.0544,1.0546,351,27,265971.489903,197465.479579,267857.83995499986,189717.3180370001,1644.536725,1381.1966859999998,99114.13039,81267.31349900003,191661.39870999995,154207.532216,316762.0910210001,215433.98402900004,379177.80998400017,289526.48907000024
2026-10-07T14:23:53.388689+00:00,obs-20261007-01,LIGHT,ALGOUSDT,1.0,0.1161,0.1163,0.1162,17.226528854437095,5664047429,0.1161,0.1163,177,1,125376.22000000006,62574.956699999995,114347.68699999998,66556.29319999999,0.0,216.9454,36274.8994,23506.484300000004,99122.2824,64454.124200000006,149329.1045,101816.69740000002,191304.1823,118694.74670000002
2026-10-07T14:23:53.388689+00:00,obs-20261007-01,LIGHT,XRPUSDT,1.0,1.4331,1.4332,1.43315,0.6977880120029312,26675503344,1.4331,1.4332,563,145,3945282.2817499978,4816094.354610005,4236986.717869999,4631220.882389996,42908.187979999995,51870.560079999996,1130548.0643,990585.7169799999,1757579.5691199997,1298269.23126,3148402.2817599997,2072477.0912100004,3785253.53043,2280031.0798899997
2026-10-07T14:23:53.388689+00:00,obs-20261007-01,LIGHT,HBARUSDT,1.0,0.09311,0.09312,0.093115,1.0739984964014404,8392170718,0.09311,0.09312,449,135,978241.0145799994,580535.5004799997,999686.2949000007,562771.4959600002,2530.91465,4375.57534,146261.51295000003,105934.28250999999,247031.01012000008,196954.98726000002,407730.4575900001,342305.4621399999,797299.8204399997,702542.5154599998
2026-10-07T14:24:53.389523+00:00,obs-20261007-01,LIGHT,PEPEUSDT,1.0,4.03e-06,4.04e-06,4.035e-06,24.81389578163684,8827708339,4.03e-06,4.04e-06,239,13,351897.7236110402,433938.5595968397,309669.5740976099,431817.5081752298,901.83705924,2204.10092544,90736.0975001,118511.83222548002,230399.05217059999,272340.75503328,667129.0683176899,530507.64919701,915748.9473469899,855858.1841814698
2026-10-07T14:24:53.389523+00:00,obs-20261007-01,LIGHT,BNBUSDT,1.0,767.99,768.0,767.995,0.13021002877700028,20907808089,767.99,768.0,510,155,7136222.88565,4148949.851060002,7100928.873689993,4212371.236640002,4433.511479999999,22742.908479999995,961909.2886899998,814673.4850899997,1592627.1183799992,1484010.9198499992,3112308.1168300007,3726351.1380500006,5615043.123280002,5106920.052519997
2026-10-07T14:24:53.389523+00:00,obs-20261007-01,LIGHT,AAVEUSDT,1.0,171.79,171.8,171.79500000000002,0.582106059725529,10438470464,171.79,171.8,317,50,1141332.10724,545206.3571700001,654059.1683899999,541637.2524199998,9994.12569,21333.019940000006,820465.21849,139850.73634000006,917062.2897400004,194840.84717000002,995299.7013200006,257076.61408,1964736.4727200014,284813.24897
2026-10-07T14:24:53.389523+00:00,obs-20261007-01,LIGHT,AVAXUSDT,1.0,11.293,11.294,11.2935,0.8855042946964709,10517462516,11.293,11.294,420,88,872573.25814,1356095.4679299998,888144.8750399994,1471180.4416999994,18190.51915,6011.587030000001,122782.22970999999,329742.5553600001,225894.69607,430397.4871200001,310252.73231000005,544845.6452799999,372072.64447000023,582974.1631600001
2026-10-07T14:24:53.389523+00:00,obs-20261007-01,LIGHT,FILUSDT,1.0,1.0552,1.0554,1.0553,1.8953752843064997,9894251447,1.0552,1.0554,354,26,218379.30489400006,200401.28036700006,205266.421757,208873.1288619999,1531.710334,1027.785673,107278.30409299998,89162.119147,197430.533863,161201.43673699998,321472.455914,211643.35640600006,385994.2548640001,284639.51089600025
2026-10-07T14:24:53.389523+00:00,obs-20261007-01,LIGHT,ALGOUSDT,1.0,0.1162,0.1163,0.11624999999999999,8.60585197934638,5664049395,0.1162,0.1163,172,5,88319.89890000004,45216.21890000001,88159.89380000002,45855.134399999995,65.5368,1304.583,43099.9436,38295.226500000004,101864.3468,77074.5783,149489.1096,103332.42409999999,190501.8299,118056.06599999999
2026-10-07T14:24:53.389523+00:00,obs-20261007-01,LIGHT,XRPUSDT,1.0,1.4346,1.4347,1.43465,0.6970584134946556,26675510733,1.4346,1.4347,495,82,3505603.8521899977,4529437.864310001,3186007.9634699994,4672061.928579999,13618.107259999999,50703.06708,1089768.2988299998,818691.33198,1914973.1586800003,1172145.8371599999,3295004.3010900007,1934771.0185800001,4044565.5675599994,2144877.6112400005
2026-10-07T14:24:53.389523+00:00,obs-20261007-01,LIGHT,HBARUSDT,1.0,0.09314,0.09315,0.093145,1.0736525660282048,8392174427,0.09314,0.09315,424,126,500127.3284800001,317292.92496,485784.5498399998,335025.6118399999,3557.13217,5365.165399999999,161768.56730000002,93684.50972,259137.09982000006,179139.75472000003,409261.01296000025,325088.16925999994,807554.66635,683577.8582599999
2026-10-07T14:25:53.392450+00:00,obs-20261007-01,LIGHT,PEPEUSDT,1.0,4.03e-06,4.04e-06,4.035e-06,24.81389578163684,8827709003,4.03e-06,4.04e-06,187,21,178137.75728430995,417272.9894246699,209512.00689938,412187.04916792,4795.559183740001,1537.1900797600001,16212.623629930002,125447.13817300001,192024.92525370998,292104.19980505004,635754.81870262,535593.5894537601,916455.4731833999,871629.89789623
2026-10-07T14:25:53.392450+00:00,obs-20261007-01,LIGHT,BNBUSDT,1.0,767.9,767.91,767.905,0.13022528975170644,20907816578,767.9,767.91,525,191,7523116.874110001,6527499.024459998,7566289.88497,6595416.064729991,11346.605019999999,15972.291499999996,1156695.1737600006,963778.0461999999,1644249.6018599996,1582164.8495500002,3069799.3788000033,3657283.8578600003,5568919.731000007,5134007.683549996
2026-10-07T14:25:53.392450+00:00,obs-20261007-01,LIGHT,AAVEUSDT,1.0,171.9,171.91,171.905,0.5817335660251999,10438474021,171.9,171.91,345,63,853565.1123899999,808576.2632600002,1296692.71497,849748.8832200003,14066.654169999996,9161.951729999999,123692.26422999999,100388.31681000002,468650.86889,155798.75,542219.8524599997,216160.72033999997,1520111.4330200003,246443.70883999995
2026-10-07T14:25:53.392450+00:00,obs-20261007-01,LIGHT,AVAXUSDT,1.0,11.283,11.284,11.2835,0.8862891075089863,10517471668,11.283,11.284,462,376,1133525.9271300002,2356341.8820899995,1214474.8224100007,2434621.591990001,102440.99103000005,146046.0727500001,95265.15109,164132.60282000003,217623.63781000004,288554.8916,230041.78642000005,384659.98251999984,292392.83109000005,502292.4559100001
2026-10-07T14:25:53.392450+00:00,obs-20261007-01,LIGHT,FILUSDT,1.0,1.0554,1.0555,1.05545,0.9475080538212666,9894254455,1.0554,1.0555,402,50,420881.55930100003,264687.6637569999,446738.97625600005,264091.7792229999,7659.568233999999,6683.933603,106206.006121,68168.50727800002,187551.088278,156517.99579199997,291097.87502700003,219860.70698199997,355379.8363930001,290059.7582560002
2026-10-07T14:25:53.392450+00:00,obs-20261007-01,LIGHT,ALGOUSDT,1.0,0.1161,0.1162,0.11615,8.613264427217437,5664051216,0.1161,0.1162,159,3,87492.24720000001,62824.030099999996,93537.81219999997,59026.2454,316.1034,116.3,51850.3291,25690.9376,110153.48790000001,64881.6843,153632.8896,100510.56659999999,181361.6559,121327.94569999998
2026-10-07T14:25:53.392450+00:00,obs-20261007-01,LIGHT,XRPUSDT,1.0,1.4336,1.4337,1.43365,0.6975446428580945,26675519663,1.4336,1.4337,526,150,4143276.569259998,5768692.9296,4853904.717080002,5634761.689869992,68050.78211,72567.44979,837307.4564799999,940166.3080799998,1262528.8258399996,1188981.8795800004,2753038.5555400006,2069058.2478900005,3384578.1731499997,2289406.1035399996
2026-10-07T14:25:53.392450+00:00,obs-20261007-01,LIGHT,HBARUSDT,1.0,0.09307,0.09308,0.09307499999999999,1.0744600838075158,8392178383,0.09307,0.09308,427,56,474957.3728500002,566756.3941999996,514229.69323,540902.48997,2624.6193399999993,4070.75915,133657.89672,101497.21346000003,226641.33117999998,201725.09921000004,382880.08291,344299.00773,772416.1717499996,694525.23289
2026-10-07T14:26:53.412414+00:00,obs-20261007-01,LIGHT,PEPEUSDT,1.0,4.02e-06,4.03e-06,4.025e-06,24.875621890549926,8827710110,4.02e-06,4.03e-06,240,54,429784.00564239983,395429.02197266,431861.65815625,342669.39900056,16194.08966164,21674.598394549997,128067.69667577998,48380.058720500005,299851.0081542,207396.03261158,697627.25320147,468286.46061239,933146.60499632,847298.44343055
2026-10-07T14:26:53.412414+00:00,obs-20261007-01,LIGHT,BNBUSDT,1.0,767.6,767.61,767.605,0.13027618551264553,20907824941,767.6,767.61,515,143,5165304.461920002,3515918.2735799984,5104375.226269999,3780857.531559999,23216.179960000005,16487.24963,809718.5843099998,673782.7724799998,1239729.942359999,1316827.2689899993,3588258.2549800007,3311547.7242199993,5864293.983760009,4863009.832469998
2026-10-07T14:26:53.412414+00:00,obs-20261007-01,LIGHT,AAVEUSDT,1.0,171.98,171.99,171.985,0.5814629608114075,10438475768,171.98,171.99,207,52,557580.8097300002,315325.48090000014,342504.44990999997,315481.81784,18445.120510000004,16197.802640000002,324754.0522900001,110393.48574,649892.3530600001,157260.42187000008,753350.0983900004,217567.36997000003,1712571.059570001,243744.62287
2026-10-07T14:26:53.412414+00:00,obs-20261007-01,LIGHT,AVAXUSDT,1.0,11.276,11.277,11.276499999999999,0.88683930471678,10517477149,11.276,11.277,426,195,637490.8009200002,1735301.4496200006,591527.6416300004,1743449.0645700004,12874.241689999997,13896.685509999996,116745.34595,146079.36161999998,250698.53158000004,261860.79091999997,278764.6373700001,375267.39761999977,347195.6154200002,480729.07353999995
2026-10-07T14:26:53.412414+00:00,obs-20261007-01,LIGHT,FILUSDT,1.0,1.0544,1.0546,1.0545,1.8968133535657294,9894256810,1.0544,1.0546,365,47,328873.0149400001,237266.11804399983,338935.68408500013,202978.42771000002,4192.858291,852.4022299999999,98224.477288,69127.54561,203639.95981700005,143404.31925600002,289443.8153100002,246420.0418259999,350451.42480000015,318733.0836150001
2026-10-07T14:26:53.412414+00:00,obs-20261007-01,LIGHT,ALGOUSDT,1.0,0.1159,0.116,0.11595,8.628127696290733,5664052441,0.1159,0.116,221,18,97874.973,84045.74870000005,106711.7224,74749.40060000005,4946.4753,296.966,47648.2414,28919.5149,109607.5856,64257.16559999999,156206.2986,100843.4372,179591.05760000003,117372.1825
2026-10-07T14:26:53.412414+00:00,obs-20261007-01,LIGHT,XRPUSDT,1.0,1.4332,1.4333,1.4332500000000001,0.6977393245888308,26675526284,1.4332,1.4333,480,158,3167357.6629999983,3781393.6816400005,2870154.7983700014,3908535.008299997,82941.2773700001,77036.76911,1126711.1925800003,873382.62168,1676070.9823200002,1180219.3081400006,3052045.457350001,1942682.5389200014,3685015.3878599997,2162071.136880002
2026-10-07T14:26:53.412414+00:00,obs-20261007-01,LIGHT,HBARUSDT,1.0,0.09297,0.09298,0.092975,1.0756157900404517,8392182575,0.09297,0.09298,413,94,689875.9406600001,1142100.3130299998,672065.3722699996,1129940.3146699995,8033.1389899999995,5963.730200000011,129633.00246,107379.41602,245228.12931,198809.91012,406292.4648400001,353772.01281,814133.85729,693366.8198799998
2026-10-07T14:27:53.414069+00:00,obs-20261007-01,LIGHT,PEPEUSDT,1.0,4.02e-06,4.03e-06,4.025e-06,24.875621890549926,8827710905,4.02e-06,4.03e-06,226,23,418611.2990258201,756145.48656682,474682.49335442024,614752.7365562803,6.770258879999999,1483.9076751200002,49180.41981353999,126700.46934857001,251991.44437105,376848.18446321005,641556.05887287,609679.2106229301,1015438.29843998,971414.08874645
2026-10-07T14:27:53.414069+00:00,obs-20261007-01,LIGHT,BNBUSDT,1.0,766.99,767.0,766.995,0.13037979634589192,20907835030,766.99,767.0,515,154,5865364.935410002,6225191.496800003,6217843.390860003,5875620.760509999,24417.371229999997,37984.03754999999,872287.3567499999,800645.2893800003,1443290.85812,1568483.6681700007,3243602.965510003,3557353.195240001,5331098.443990012,5204027.263500001
2026-10-07T14:27:53.414069+00:00,obs-20261007-01,LIGHT,AAVEUSDT,1.0,171.79,171.8,171.79500000000002,0.582106059725529,10438478715,171.79,171.8,294,185,876544.2161500005,452418.8701599999,1017068.71394,438453.6319900001,242120.91005999997,19797.948129999997,432169.31826,100624.17883999996,507181.58264000004,155901.58979999993,625216.8689200002,227188.8765399999,1589057.118650001,255056.2283499999
2026-10-07T14:27:53.414069+00:00,obs-20261007-01,LIGHT,AVAXUSDT,1.0,11.258,11.259,11.2585,0.8882572392976407,10517482946,11.258,11.259,438,200,812597.99881,1740689.4349499992,764553.5645000003,1680760.5108999987,18274.292740000004,22657.668849999995,166060.35048000002,169487.41205999997,231855.66791000008,264946.7633199999,328034.79740000033,434119.64530999976,395843.06888000027,524557.6671499998
2026-10-07T14:27:53.414069+00:00,obs-20261007-01,LIGHT,FILUSDT,1.0,1.0532,1.0533,1.0532499999999998,0.9494872768711637,9894259576,1.0532,1.0533,363,26,295056.3578990001,241606.9206289999,331069.6542280002,214643.098172,7851.145801000002,2135.6178760000003,83666.88989100001,72032.163124,183187.28773000004,150828.796894,262742.955649,262631.372581,318828.87623199995,340676.21773799986
2026-10-07T14:27:53.414069+00:00,obs-20261007-01,LIGHT,ALGOUSDT,1.0,0.1157,0.1158,0.11574999999999999,8.643042350908736,5664054041,0.1157,0.1158,243,4,109944.93130000003,78774.11830000002,116347.02100000001,71455.60050000003,1076.3063,0.0,43161.590899999996,22348.716200000003,105242.55729999999,60453.6387,160180.3835,101418.13230000001,180009.65080000003,123591.76699999999
2026-10-07T14:27:53.414069+00:00,obs-20261007-01,LIGHT,XRPUSDT,1.0,1.4318,1.4319,1.4318499999999998,0.6984215672578564,26675533008,1.4318,1.4319,496,146,3155118.0696000014,3770656.806670001,3368408.5881700027,3686393.7550500007,62034.249480000006,16252.06114,855654.2236499997,908919.98007,1490069.5558499997,1255589.21249,2921130.2714400003,2023060.118930001,3512914.5036799996,2242609.1674400014
2026-10-07T14:27:53.414069+00:00,obs-20261007-01,LIGHT,HBARUSDT,1.0,0.09288,0.09289,0.092885,1.0766580534027348,8392187112,0.09288,0.09289,432,50,721790.5196499999,994460.692220001,687824.0245500002,1002066.1653300002,5098.49146,4595.679819999999,149660.75594999996,105682.47274,264685.38855,193602.50410999995,470975.72694000014,344320.2184799999,970874.5698300004,682017.42835
2026-10-07T14:28:53.420426+00:00,obs-20261007-01,LIGHT,PEPEUSDT,1.0,4.02e-06,4.03e-06,4.025e-06,24.875621890549926,8827711643,4.02e-06,4.03e-06,201,16,317391.78587227996,81532.75180454002,282094.14420422004,70237.31647417998,130.89214872,1004.1571150000001,108954.45220727999,105338.86222067001,291465.55687116,388300.28417383006,676853.7005409299,620974.64595329,1039091.1064789998,977928.12900066
2026-10-07T14:28:53.420426+00:00,obs-20261007-01,LIGHT,BNBUSDT,1.0,766.82,766.83,766.825,0.13040870086911127,20907842542,766.82,766.83,480,117,4888924.27161,3594322.3499000003,4797462.528620002,3562910.13191,15033.085949999999,23950.758849999995,785694.9942900003,938133.7127000001,1461144.0051300004,1597703.1241000013,3337122.341570004,3583896.742130003,5504963.1416000165,5230609.864840003
2026-10-07T14:28:53.420426+00:00,obs-20261007-01,LIGHT,AAVEUSDT,1.0,171.99,172.0,171.995,0.5814291528571935,10438482438,171.99,172.0,377,138,1411553.5094200019,537324.9860799991,1326947.1200200003,564901.9437199999,43154.611940000024,98762.37547999999,465661.15300999995,98958.39524,547050.5122199997,141228.73767,671973.8375700001,201937.09864999997,1632660.3725100006,228146.6626499999
2026-10-07T14:28:53.420426+00:00,obs-20261007-01,LIGHT,AVAXUSDT,1.0,11.267,11.268,11.2675,0.887547705690217,10517490362,11.267,11.268,437,366,983899.4885399994,1911973.4855700012,962690.2602100007,1962124.2018400002,17280.62653,26124.222100000068,139763.22812,183359.70193999994,205053.32140000002,284214.0733599999,349061.50029000005,384306.69223999983,407041.60049000004,476319.7382299999
2026-10-07T14:28:53.420426+00:00,obs-20261007-01,LIGHT,FILUSDT,1.0,1.0532,1.0533,1.0532499999999998,0.9494872768711637,9894261643,1.0532,1.0533,345,32,275513.108111,142255.30100399998,276458.55464999983,154578.28170900003,1680.9156629999998,5693.509408999999,84588.99979900001,59833.656603,169320.89476100006,139127.92694,261797.50911000007,250308.39187600004,320812.55498300015,328126.103323
2026-10-07T14:28:53.420426+00:00,obs-20261007-01,LIGHT,ALGOUSDT,1.0,0.1157,0.1158,0.11574999999999999,8.643042350908736,5664054604,0.1157,0.1158,124,4,39750.286100000005,23957.1042,41032.00470000001,22837.127800000002,22.561500000000002,69.8274,41728.6942,25181.509700000002,106971.1179,63977.040400000005,158898.66489999997,102538.10870000001,181155.5423,120169.88729999999
2026-10-07T14:28:53.420426+00:00,obs-20261007-01,LIGHT,XRPUSDT,1.0,1.432,1.4321,1.4320499999999998,0.6983240223457088,26675539065,1.432,1.4321,479,144,2550861.343779999,3440570.0038200007,2075753.3624000007,3568139.467409998,41722.11045000001,97207.32269000002,1230078.02167,796269.2147499998,1955825.9883899994,1259294.7338899998,3394156.31286,1895540.2663100003,3971905.9442699975,2118484.932100001
2026-10-07T14:28:53.420426+00:00,obs-20261007-01,LIGHT,HBARUSDT,1.0,0.09294,0.09295,0.092945,1.0759629868739573,8392189985,0.09294,0.09295,359,57,488604.2937700002,305737.46470999985,474927.6312299999,327740.46481,1573.52838,7662.714749999998,148620.15985,103340.19188,226153.04890000002,184654.17865,464490.57495000015,323784.89975,984571.1856500003,659809.6459699998
2026-10-07T14:29:53.424397+00:00,obs-20261007-01,LIGHT,PEPEUSDT,1.0,4.02e-06,4.03e-06,4.025e-06,24.875621890549926,8827712153,4.02e-06,4.03e-06,170,11,232436.87639515,483341.52080616,232408.81613544014,474084.94940372993,3846.6195225599995,855.2564493200001,87659.98758923999,127149.71053577,291648.58063852997,311942.51964513,676881.76080064,630231.2173557201,1039564.88589211,986736.3880569302
2026-10-07T14:29:53.424397+00:00,obs-20261007-01,LIGHT,BNBUSDT,1.0,766.55,766.56,766.555,0.1304546344016444,20907849736,766.55,766.56,458,131,4020187.777839996,3322578.09538,3609464.1716699987,3301476.88015,43421.159089999994,8675.092190000001,836117.8358599999,772129.5863300001,1504307.2105100001,1572564.5411400006,3870245.345560002,3603096.801210002,6133222.391600024,5247103.306060002
2026-10-07T14:29:53.424397+00:00,obs-20261007-01,LIGHT,AAVEUSDT,1.0,171.91,171.92,171.915,0.5816997266006041,10438483908,171.91,171.92,254,37,184427.31641999984,257293.69104999988,228668.83987999996,244063.15828,6140.10011,5965.504040000001,423897.11387000006,88541.49597999999,532069.9930400001,144818.98449000003,632586.6531200007,213106.81760999997,1611454.9463400012,241087.45706999995
2026-10-07T14:29:53.424397+00:00,obs-20261007-01,LIGHT,AVAXUSDT,1.0,11.268,11.269,11.2685,0.8874689385862666,10517497659,11.268,11.269,440,235,896750.63944,1816865.256140002,920946.5041099997,1822345.9871700015,24403.983020000003,22850.13691999999,129802.28114,164348.39728000003,248823.60365,281212.1603,324046.4124200001,378825.9612099999,383985.2087600002,469995.67868000007
2026-10-07T14:29:53.424397+00:00,obs-20261007-01,LIGHT,FILUSDT,1.0,1.0529,1.0531,1.053,1.8995156235157573,9894263249,1.0529,1.0531,301,19,134618.131751,123735.39405400006,144564.41067799987,112429.90565900013,602.73282,1428.82317,86753.119656,71475.119049,163127.294382,136386.607103,252383.58126300003,252830.35190999997,311250.0969240001,335933.11227599997
2026-10-07T14:29:53.424397+00:00,obs-20261007-01,LIGHT,ALGOUSDT,1.0,0.1158,0.1159,0.11585000000000001,8.635578583764403,5664055544,0.1158,0.1159,166,3,38352.6937,54425.86919999999,38386.13820000002,51185.27520000002,0.0,180.10739999999998,28209.7126,38091.9847,84761.469,73604.0793,150607.6028,107518.37569999999,180870.94480000003,123863.63099999996
2026-10-07T14:29:53.424397+00:00,obs-20261007-01,LIGHT,XRPUSDT,1.0,1.4316,1.4317,1.4316499999999999,0.6985191394237589,26675545178,1.4316,1.4317,497,134,2058751.926249999,3672373.987330002,2407455.815360001,3650390.023819999,38735.21199999997,50363.84175999999,964072.01204,749371.62552,1621945.8111999994,1146747.03713,3047507.19446,1917909.2688400007,3623573.2018999984,2152572.5022400008
2026-10-07T14:29:53.424397+00:00,obs-20261007-01,LIGHT,HBARUSDT,1.0,0.09295,0.09296,0.09295500000000001,1.0758472296923394,8392192568,0.09295,0.09296,361,56,347230.29138,425961.5898300002,355419.0595199999,418555.99523000006,1070.6077699999998,3125.381859999999,138927.03395999997,110801.06203000002,254734.57220999995,190015.35046000007,456280.91827000014,331190.4943500001,980666.9652000002,667349.3967200001
2026-10-07T14:30:53.430430+00:00,obs-20261007-01,LIGHT,PEPEUSDT,1.0,4.02e-06,4.03e-06,4.025e-06,24.875621890549926,8827713365,4.02e-06,4.03e-06,250,20,516589.60187264025,413467.56501075014,513677.92933013017,505283.12571881025,6628.3235862599995,11686.366020550002,92272.85946456,105937.46647575001,295546.65402598,296403.37128951005,679793.43334315,538415.6566476601,1042166.4586347999,984054.9011762802
2026-10-07T14:30:53.430430+00:00,obs-20261007-01,LIGHT,BNBUSDT,1.0,766.47,766.48,766.475,0.13046825055207378,20907859801,766.47,766.48,519,159,5980235.550949996,3524283.7737199976,6213072.852390005,3491268.0522099966,14897.406369999995,9655.782410000002,869097.98885,884096.7874399998,1520581.54289,1640904.1705899998,3453046.41952,3635510.2208200023,5563228.430000013,5281328.796780001
2026-10-07T14:30:53.430430+00:00,obs-20261007-01,LIGHT,AAVEUSDT,1.0,171.83,171.84,171.835,0.5819705522891461,10438488036,171.83,171.84,367,590,972926.1917499995,566730.1725500001,1277179.0208900007,574827.13399,352806.73574000015,16743.57143,102377.01269,79624.26721000002,198680.16301999995,141348.61983,332766.68803000014,201683.00076,1301037.637810001,229697.37036000003
2026-10-07T14:30:53.430430+00:00,obs-20261007-01,LIGHT,AVAXUSDT,1.0,11.262,11.263,11.2625,0.8879417510199161,10517505653,11.262,11.263,459,302,750873.0242699998,1788204.9640599992,767536.20675,1745510.6680700008,15444.23496,18668.259390000007,122920.09527999998,201656.7176,241984.33061000003,298406.32147,308362.1251800002,420805.99320999987,367594.9920000002,512716.78805999993
2026-10-07T14:30:53.430430+00:00,obs-20261007-01,LIGHT,FILUSDT,1.0,1.0528,1.053,1.0529,1.8996960486328263,9894266193,1.0528,1.053,372,29,317440.17396800016,289246.6925149998,307256.139941,298760.816081,1114.291207,737.259927,91818.41687200003,63492.692096,153534.21817800004,135978.04877100003,262567.61529000005,243311.21925900003,319648.7905680001,317590.98006400006
2026-10-07T14:30:53.430430+00:00,obs-20261007-01,LIGHT,ALGOUSDT,1.0,0.1157,0.1158,0.11574999999999999,8.643042350908736,5664058760,0.1157,0.1158,281,23,212119.74770000024,121499.64290000005,204695.58330000003,123097.88129999996,623.5957000000001,5315.8466,32130.9079,28619.802,91375.74119999999,61375.7972,164826.99079999997,102460.9822,188707.70549999992,118573.59769999997
2026-10-07T14:30:53.430430+00:00,obs-20261007-01,LIGHT,XRPUSDT,1.0,1.4302,1.4303,1.43025,0.6992029086849705,26675561774,1.4302,1.4303,516,220,5265777.3286,7125835.997260005,5425163.930259999,7037120.553350001,81718.85634,60778.74605,903505.3196800003,914245.9158700005,1506575.6826399995,1236343.0722800007,2900767.908140001,2001695.9885200006,3536163.5395099986,2197246.9736799994
2026-10-07T14:30:53.430430+00:00,obs-20261007-01,LIGHT,HBARUSDT,1.0,0.09285,0.09286,0.092855,1.0770059235332141,8392196704,0.09285,0.09286,395,53,844996.4965300001,585676.4958700002,873969.3346199999,556103.0380500001,3461.8316700000005,4389.381579999999,152256.6477,109871.36795999999,246499.57387000005,167423.80641,447591.8256900001,353246.6796000001,971644.6436100003,696605.9632100001
2026-10-07T14:31:53.444493+00:00,obs-20261007-01,LIGHT,PEPEUSDT,1.0,4.02e-06,4.03e-06,4.025e-06,24.875621890549926,8827714009,4.02e-06,4.03e-06,156,12,268177.21818053,325534.87880954007,231211.08826054996,328477.08368274,4.568303879999999,1146.6567906300002,116117.04743741998,104538.74658890002,300162.52277809,298193.00174382003,716759.5632631299,535473.45177446,1079664.9818581298,981331.32229234
2026-10-07T14:31:53.444493+00:00,obs-20261007-01,LIGHT,BNBUSDT,1.0,766.53,766.54,766.535,0.1304580381722431,20907869679,766.53,766.54,507,158,6337515.162319999,3826586.3026899965,6188487.706890007,3909422.068239999,60472.28020999999,7271.818169999999,852559.6213400004,787430.9102200001,1496292.28448,1570798.52459,3411587.3853700003,3553200.109390002,5377050.075550014,5200436.963209998
2026-10-07T14:31:53.444493+00:00,obs-20261007-01,LIGHT,AAVEUSDT,1.0,171.87,171.88,171.875,0.5818351079289741,10438491838,171.87,171.88,359,50,859371.0100400003,837357.9527199998,850608.1368799995,855415.5250900005,1768.75611,8079.67098,107988.28061,63782.21714000002,197640.02635,118925.12539000003,341078.91120000015,179747.46698999996,1312079.064560001,207813.16171999995
2026-10-07T14:31:53.444493+00:00,obs-20261007-01,LIGHT,AVAXUSDT,1.0,11.263,11.264,11.2635,0.8878629139652539,10517514760,11.263,11.264,469,223,1056461.6521599994,2437764.5272200014,1068339.5408100006,2472296.510970001,25826.560740000008,20765.96264,108450.25031,183070.78302000003,203378.19933,278192.44171000004,296344.3040300002,386429.86066,354558.6756600002,478047.05231000006
2026-10-07T14:31:53.444493+00:00,obs-20261007-01,LIGHT,FILUSDT,1.0,1.0521,1.0522,1.0521500000000001,0.9504799923965024,9894269353,1.0521,1.0522,350,48,380445.92865900014,346320.7460219999,401737.2179130003,338264.3363159996,5842.653655000001,771.800707,91187.53921700001,54449.274771000004,155962.43912000005,125896.32424800002,241471.20196799998,247509.01566800004,298646.23523299996,321931.35790600005
2026-10-07T14:31:53.444493+00:00,obs-20261007-01,LIGHT,ALGOUSDT,1.0,0.1158,0.1159,0.11585000000000001,8.635578583764403,5664060783,0.1158,0.1159,274,5,125261.82040000001,71746.30520000002,118974.98250000004,80771.61790000003,283.71000000000004,381.7024,22944.3216,32279.3238,92565.2494,63715.405099999996,160921.5339,95175.34249999997,194119.58810000002,109996.23829999995
2026-10-07T14:31:53.444493+00:00,obs-20261007-01,LIGHT,XRPUSDT,1.0,1.4304,1.4305,1.43045,0.6991051454163788,26675572805,1.4304,1.4305,532,215,5762342.633739996,6299263.808479999,5356917.2071699975,6436526.338989995,185092.01736,66075.80067,1186991.1574,797670.8907099998,1888867.6930999993,1225287.4714099998,3299880.00428,1865614.1100900006,3919747.2791899983,2061058.6468600002
2026-10-07T14:31:53.444493+00:00,obs-20261007-01,LIGHT,HBARUSDT,1.0,0.09292,0.09293,0.09292500000000001,1.0761945759796276,8392200355,0.09292,0.09293,402,141,753244.83621,511570.9655399999,718421.8139699998,539171.02987,1432.49355,6390.2496599999995,147174.45060999997,105288.54807999996,268490.78861000005,194124.62161000003,477909.52719000017,332894.4850800001,986825.0050500003,661472.1064800001
2026-10-07T14:32:53.444499+00:00,obs-20261007-01,LIGHT,PEPEUSDT,1.0,4.02e-06,4.03e-06,4.025e-06,24.875621890549926,8827714886,4.02e-06,4.03e-06,195,34,495060.77175091003,465007.7620409803,443731.2686783299,503492.3404883803,12348.898809220002,12935.14194206,119071.26807251999,41877.25768434,288570.91116932,246787.41097526002,713300.54493768,496978.87332485005,1076355.59212899,969817.22444804
2026-10-07T14:32:53.444499+00:00,obs-20261007-01,LIGHT,BNBUSDT,1.0,766.78,766.79,766.785,0.13041550379400135,20907879476,766.78,766.79,492,142,4917172.88563,4303778.357869999,4906539.015449996,4329832.821569999,5774.35572,11115.258639999998,871798.4613800002,928823.5336300003,1531036.8810300005,1524426.8950700008,3105397.845160003,3529001.8509800024,5185056.187890013,5183186.082219996
2026-10-07T14:32:53.444499+00:00,obs-20261007-01,LIGHT,AAVEUSDT,1.0,171.94,171.95,171.945,0.5815982319412605,10438496254,171.94,171.95,343,79,949219.8589199992,811909.4361200004,934326.9866800007,797349.7790199999,1501.19827,10947.330849999998,103240.57803,69501.37497000002,204080.57861000006,128522.83585000006,330581.36795000016,190373.44149000003,1291497.1982000007,218731.90651
2026-10-07T14:32:53.444499+00:00,obs-20261007-01,LIGHT,AVAXUSDT,1.0,11.272,11.273,11.2725,0.8871540099364417,10517525684,11.272,11.273,475,374,1135908.7435500005,2598592.9352199994,1109585.2370099996,2620545.7699000016,27319.790539999987,20106.764130000032,116403.30854,172509.70870000002,184517.17029,280797.51323,321770.1564300001,365174.55681,380462.1992600001,457142.7102500002
2026-10-07T14:32:53.444499+00:00,obs-20261007-01,LIGHT,FILUSDT,1.0,1.0536,1.0537,1.0536500000000002,0.949126803340139,9894272494,1.0536,1.0537,357,32,315746.47224000003,291278.8563310002,268849.62595900014,309336.31257999997,537.7833610000001,889.9780239999999,101942.41281699999,72061.86215700001,164717.387137,147862.699751,278449.84549200005,240859.74218999996,345119.5466590001,311335.5078610001
2026-10-07T14:32:53.444499+00:00,obs-20261007-01,LIGHT,ALGOUSDT,1.0,0.116,0.1161,0.11605,8.620689655172153,5664063449,0.116,0.1161,218,3,145467.99549999993,127671.5754,132241.94959999996,135679.35470000008,0.0,4001.809,29870.5551,32271.251,88514.19879999998,72894.9008,160840.8777,96905.9072,196566.46229999998,113427.76479999999
2026-10-07T14:32:53.444499+00:00,obs-20261007-01,LIGHT,XRPUSDT,1.0,1.4316,1.4317,1.4316499999999999,0.6985191394237589,26675582216,1.4316,1.4317,498,107,4946352.60997,6249672.775940005,4922934.720650007,6221102.730420005,18916.45964,96406.49734999999,1072170.85126,764124.95818,1838541.1276099996,1247467.58124,3312643.4977300004,1900899.0535200005,3922866.0285099987,2135640.3809100003
2026-10-07T14:32:53.444499+00:00,obs-20261007-01,LIGHT,HBARUSDT,1.0,0.09307,0.09308,0.09307499999999999,1.0744600838075158,8392205023,0.09307,0.09308,411,167,1052084.528,893851.18576,1032160.9612600004,919495.6486800001,88.60523999999998,7534.249650000006,144329.42279999997,93934.78299999998,276014.31242999993,185349.84485,470887.57293,309383.96246999997,890365.48652,647482.8716499998
2026-10-07T14:33:53.479730+00:00,obs-20261007-01,LIGHT,PEPEUSDT,1.0,4.02e-06,4.03e-06,4.025e-06,24.875621890549926,8827716183,4.02e-06,4.03e-06,255,46,542737.1361257301,556454.3547067101,401830.4478611501,507878.02930245997,541.7025681000001,5377.794226460001,104801.15191775998,106244.28983259002,288880.16481323,297259.31819719,728646.483103,545510.20965728,1078356.78619301,991667.37844397
2026-10-07T14:33:53.479730+00:00,obs-20261007-01,LIGHT,BNBUSDT,1.0,766.8,766.81,766.805,0.1304121022438487,20907889818,766.8,766.81,512,160,6569870.895839997,5236866.194580001,6097258.5647899965,5146541.483109999,13363.064250000001,28640.64248000001,812406.0913100005,967284.0128700003,1477020.278290001,1636585.0743700014,3198520.1288300026,3619376.9027700024,5377038.214960013,5279097.448039997
2026-10-07T14:33:53.479730+00:00,obs-20261007-01,LIGHT,AAVEUSDT,1.0,171.82,171.83,171.825,0.582004423235194,10438500814,171.82,171.83,363,83,2287768.152840002,929444.2784100007,2313545.72075,915782.8837600003,4438.90659,4478.2259,106700.62118,80155.81876000002,185536.16453999994,141642.66052000003,312910.49551000004,201938.38144,1281460.0316900008,231923.66804000005
2026-10-07T14:33:53.479730+00:00,obs-20261007-01,LIGHT,AVAXUSDT,1.0,11.269,11.27,11.2695,0.887390185464465,10517532704,11.269,11.27,438,181,805055.4682700003,2175552.99904,813291.2157399994,2222251.0280299997,11482.197579999995,36752.93200000002,106461.18768999999,106753.26255000001,195702.17956000002,226779.35324000003,313577.1472800002,318362.67782,373487.3066000002,409609.9212300001
2026-10-07T14:33:53.479730+00:00,obs-20261007-01,LIGHT,FILUSDT,1.0,1.0527,1.0528,1.05275,0.9499382540134604,9894275148,1.0527,1.0528,344,37,303890.05783899996,269792.6075729999,336635.1691320002,257216.16517499997,1211.308738,1100.953982,95417.492694,62118.93805800001,176712.761625,137093.04461900005,255435.47177699994,248761.31802800004,314277.0235379999,323242.620435
2026-10-07T14:33:53.479730+00:00,obs-20261007-01,LIGHT,ALGOUSDT,1.0,0.1159,0.116,0.11595,8.628127696290733,5664064562,0.1159,0.116,252,2,86569.83949999999,43848.65810000001,97793.40860000005,37562.70870000001,50.808,847.2977999999999,26313.3499,32226.9309,90812.53530000002,72219.3081,153845.04820000005,100026.63620000001,184123.94950000008,119201.8567
2026-10-07T14:33:53.479730+00:00,obs-20261007-01,LIGHT,XRPUSDT,1.0,1.4314,1.4315,1.43145,0.6986167388567388,26675591865,1.4314,1.4315,510,108,4940556.176010004,6240399.593080004,5243467.793279999,6100004.976589998,24409.327359999996,103307.89211999996,993009.1636900002,934149.5050900001,1590401.1726000002,1144138.10445,3010395.7243300006,2042679.0482600005,3627156.372609999,2277881.32221
2026-10-07T14:33:53.479730+00:00,obs-20261007-01,LIGHT,HBARUSDT,1.0,0.09299,0.093,0.092995,1.0753844499400422,8392209942,0.09299,0.093,437,195,970219.1508800003,1173301.2570499994,1000358.2544000004,1146596.8708700004,4887.053480000001,8949.087560000007,148550.99581000002,96866.14198999999,257427.80995000002,198839.23556999996,445835.3733900001,334307.02790999995,860078.63976,667945.9089199997
2026-10-07T14:34:53.484197+00:00,obs-20261007-01,LIGHT,PEPEUSDT,1.0,4.02e-06,4.03e-06,4.025e-06,24.875621890549926,8827718134,4.02e-06,4.03e-06,290,69,734048.61836329,691909.36344674,620291.2111845799,779496.8864501903,15302.970839120002,8046.371563630001,135390.46872551998,4061.3037504000004,288121.7063017,198687.89025640002,718977.68031381,446971.50395423,1066230.49457321,924815.90273233
2026-10-07T14:34:53.484197+00:00,obs-20261007-01,LIGHT,BNBUSDT,1.0,767.08,767.09,767.085,0.13036449914016757,20907901310,767.08,767.09,499,199,5319374.063889998,4778619.529999999,5177904.099200001,4908738.428090001,14937.925119999998,9252.584539999998,859363.7308400004,718661.2810900002,1460278.2139900008,1507225.9026600004,3337588.011000005,3494630.992850001,5427443.0803000145,5071723.394980002
2026-10-07T14:34:53.484197+00:00,obs-20261007-01,LIGHT,AAVEUSDT,1.0,171.72,171.73,171.725,0.5823433496376929,10438504895,171.72,171.73,385,76,669183.3869899993,925881.3951100003,678044.2373899999,915676.19784,5509.016490000001,11280.904489999999,118787.52126000001,83901.82556999999,201477.64239000002,142234.49194999994,320733.22763000027,209661.8243399999,1279337.083630001,239589.66468
2026-10-07T14:34:53.484197+00:00,obs-20261007-01,LIGHT,AVAXUSDT,1.0,11.274,11.275,11.2745,0.8869966294144938,10517544700,11.274,11.275,496,472,1143379.7766600014,2670544.990339999,1087359.1717399997,2581259.590010001,57057.22797000001,22851.47592999997,156337.02972,203747.51927000002,233000.93898000004,337536.3390499999,369361.83274000016,407859.9688499999,428427.98681000015,501341.0435
2026-10-07T14:34:53.484197+00:00,obs-20261007-01,LIGHT,FILUSDT,1.0,1.053,1.0531,1.0530499999999998,0.9496676163345263,9894278207,1.053,1.0531,381,31,372094.5709719998,341676.78325399995,351935.552192,351359.4045090003,1898.951128,2022.0130399999998,99621.970688,64949.143808,177068.345892,129539.93296500001,275259.35857399995,239125.42030399997,334966.3644240002,317105.683072
2026-10-07T14:34:53.484197+00:00,obs-20261007-01,LIGHT,ALGOUSDT,1.0,0.116,0.1161,0.11605,8.620689655172153,5664067072,0.116,0.1161,190,3,139285.98890000003,89877.62309999998,126939.72959999998,97758.7098,0.0,244.822,37829.118,26828.1444,91154.7379,69466.7256,161963.56789999997,95310.7699,194823.07369999998,111832.39289999999
2026-10-07T14:34:53.484197+00:00,obs-20261007-01,LIGHT,XRPUSDT,1.0,1.4319,1.432,1.43195,0.6983727913967286,26675601977,1.4319,1.432,521,115,4385599.793499999,5653792.21189,4364618.233239999,5537655.761159998,118320.66128999997,72956.99877,1013179.0742100003,881245.3060100002,1581602.8112499998,1396569.1933000004,3029566.8465700005,2160998.1241100007,3638098.7166399998,2395804.8775
2026-10-07T14:34:53.484197+00:00,obs-20261007-01,LIGHT,HBARUSDT,1.0,0.09302,0.09303,0.093025,1.0750376263168882,8392214374,0.09302,0.09303,437,116,729982.9441199995,559204.48469,730759.9791699998,550166.0702100002,2294.85518,6123.51458,144461.3284,109488.29633999997,260345.30476999996,170593.99601999996,440549.3757899999,344374.16455,859217.23292,676991.4393999998
2026-10-07T14:35:53.484915+00:00,obs-20261007-01,LIGHT,PEPEUSDT,1.0,4.02e-06,4.03e-06,4.025e-06,24.875621890549926,8827718706,4.02e-06,4.03e-06,233,10,302039.8377091601,427761.4794436801,302040.72806193004,343409.62461096,4.99999962,736.77579131,106048.4577072,89563.43571591,287885.75241901,295663.30128431,718976.78996104,531323.35878695,1074214.30581792,977033.01132871
2026-10-07T14:35:53.484915+00:00,obs-20261007-01,LIGHT,BNBUSDT,1.0,766.96,766.97,766.965,0.13038489621308713,20907911712,766.96,766.97,513,203,4941926.100839999,4282970.567850002,4778372.407530001,4202240.066809997,38959.95455000002,20278.634929999997,874113.9599900004,964477.9325000002,1446590.942520001,1587420.1547500007,3312241.939800004,3574781.240400003,5405166.481530016,5230774.006700001
2026-10-07T14:35:53.484915+00:00,obs-20261007-01,LIGHT,AAVEUSDT,1.0,171.63,171.64,171.635,0.5826487210858211,10438508969,171.63,171.64,387,75,486680.6528299999,1003922.4986299998,487086.46016,1002067.1184400001,5387.84885,10079.688,124502.14406999998,81047.0097,186271.14008,144681.58479999998,1201886.7983499998,209751.3161999999,1285082.830450001,235330.85466999997
2026-10-07T14:35:53.484915+00:00,obs-20261007-01,LIGHT,AVAXUSDT,1.0,11.277,11.278,11.2775,0.8867606632989578,10517554101,11.278,11.279,453,303,894414.7713099993,2173452.9665800002,883922.3864099995,2254989.2300899993,21948.924939999997,37086.57815000002,165881.23637000003,147677.28868000003,232149.61498000004,273533.85909000004,379835.3518400001,326635.39947999985,448582.92304000014,432102.73497000005
2026-10-07T14:35:53.484915+00:00,obs-20261007-01,LIGHT,FILUSDT,1.0,1.0525,1.0527,1.0526,1.900237529690596,9894281024,1.0525,1.0527,361,42,289849.7249269998,317186.554474,308146.32995200006,304266.36401,1833.7951300000002,1315.1788679999997,97552.62750399999,83350.41881800002,163256.164659,159830.529404,257422.88542699997,251998.88723699996,315866.031182,326162.6440239999
2026-10-07T14:35:53.484915+00:00,obs-20261007-01,LIGHT,ALGOUSDT,1.0,0.1159,0.116,0.11595,8.628127696290733,5664067995,0.1159,0.116,164,3,60394.66199999998,70416.3736,66187.81539999999,60148.8138,159.616,88.81649999999999,38374.8497,35235.788400000005,97103.9379,72253.38330000002,160398.1541,102413.10930000001,190712.114,120182.77249999999
2026-10-07T14:35:53.484915+00:00,obs-20261007-01,LIGHT,XRPUSDT,1.0,1.4309,1.431,1.4309500000000002,0.6988608568025967,26675610294,1.4311,1.4312,515,108,4232942.123479997,5810021.870310003,4334443.960339998,5906608.453559999,83233.02691000002,159337.65366999997,1026733.8950999997,912386.12423,1389538.9174099998,1296293.0874999997,2935870.2745400006,2062750.6806,3557492.641159999,2261535.6480799997
2026-10-07T14:35:53.484915+00:00,obs-20261007-01,LIGHT,HBARUSDT,1.0,0.09289,0.0929,0.092895,1.0765421466252256,8392218818,0.09289,0.0929,395,122,1105668.4249899997,1260284.3702800006,1119206.2577299993,1245049.613750001,5580.829859999999,4844.302349999999,157309.87696,120885.58181999998,250008.25995000007,212089.35583999997,447629.72562000004,356944.10300000006,956206.2175900001,690597.2498499999
2026-10-07T14:36:53.497709+00:00,obs-20261007-01,LIGHT,PEPEUSDT,1.0,4.03e-06,4.04e-06,4.035e-06,24.81389578163684,8827719451,4.03e-06,4.04e-06,222,29,336263.52044174005,171906.85261603005,272134.23904790997,256020.12642019993,9465.64438196,20116.87885467001,14191.432175700002,151420.99385696,193887.65563367997,302179.12068731,616503.5904164099,547722.42376623,1031925.81484495,961370.92545359
2026-10-07T14:36:53.497709+00:00,obs-20261007-01,LIGHT,BNBUSDT,1.0,767.24,767.25,767.245,0.13033731296685502,20907921342,767.24,767.25,514,206,4989668.430219998,4425280.645490003,4798106.250480004,4460788.672269998,19832.66878,23036.330550000006,769529.3473800003,857529.3497700002,1395318.4840000009,1524045.4515300004,3312395.670730002,3544457.0521500013,5334996.736120011,5196997.609559997
2026-10-07T14:36:53.497709+00:00,obs-20261007-01,LIGHT,AAVEUSDT,1.0,171.74,171.75,171.745,0.582275532781118,10438512380,171.74,171.75,324,43,582003.3334799997,737730.62099,574111.6164699998,743808.5937899998,2130.20075,5992.18174,119910.31222000002,83597.34361,183500.79531999998,142112.54545000003,325910.99255000014,203915.78871,1289989.829960001,231431.33845000007
2026-10-07T14:36:53.497709+00:00,obs-20261007-01,LIGHT,AVAXUSDT,1.0,11.288,11.289,11.288499999999999,0.8858965272851016,10517563844,11.288,11.289,455,396,990857.3709899997,2352225.921580001,1044165.4501899994,2316633.7628100007,46784.19291999997,31642.20319000001,134061.59187000003,178706.44303,239915.27413000003,316491.14768999995,323129.5403800001,441867.41447999986,386908.1500300003,478964.37809000013
2026-10-07T14:36:53.497709+00:00,obs-20261007-01,LIGHT,FILUSDT,1.0,1.0523,1.0524,1.0523500000000001,0.9502993442933594,9894283489,1.0523,1.0524,336,21,330536.03657800023,280343.84680300014,339256.8743130002,275748.0691530001,962.0642089999998,825.7368639999999,87341.316011,67153.47593599999,172314.77199400004,148114.59238999998,248757.09607199996,256589.55137599996,307145.166616,330721.7472019998
2026-10-07T14:36:53.497709+00:00,obs-20261007-01,LIGHT,ALGOUSDT,1.0,0.116,0.1161,0.11605,8.620689655172153,5664070090,0.116,0.1161,168,8,120063.61870000002,92772.8138,118789.91120000003,97341.91349999997,1458.6462999999999,4612.1855,38877.7486,27842.2051,87624.6666,72819.7602,157444.12200000003,98105.612,190760.36930000005,116125.36779999999
2026-10-07T14:36:53.497709+00:00,obs-20261007-01,LIGHT,XRPUSDT,1.0,1.4321,1.4322,1.43215,0.6982752601070175,26675618495,1.4321,1.4322,489,87,4598803.115999996,4831495.679580005,4589622.664069999,4673266.592899997,76645.96567000002,46293.176810000004,1043367.7000900002,988687.57699,1384345.80175,1347003.0814299998,2935540.3067100015,2225461.88025,3543844.47649,2460091.86545
2026-10-07T14:36:53.497709+00:00,obs-20261007-01,LIGHT,HBARUSDT,1.0,0.09294,0.09295,0.092945,1.0759629868739573,8392222759,0.09294,0.09295,411,166,1778228.3482600006,538006.6968899999,1801260.4925600016,545683.0947899999,4482.61481,5940.58989,140059.94475,112513.46175000002,237380.84936999995,165278.15720000005,408597.69246999995,349718.9029200001,933194.7699400001,683029.7623799999
2026-10-07T14:37:53.517474+00:00,obs-20261007-01,LIGHT,PEPEUSDT,1.0,4.02e-06,4.03e-06,4.025e-06,24.875621890549926,8827720316,4.02e-06,4.03e-06,230,22,406538.72864051996,605593.8060603404,396940.9179131103,504080.10005088017,9010.989362140002,3673.2204488200005,105514.14601206,104235.92825815002,298364.61016682,301384.84563715005,735336.53698554,538923.3192908901,1082743.50644105,984749.2898108201
2026-10-07T14:37:53.517474+00:00,obs-20261007-01,LIGHT,BNBUSDT,1.0,766.64,766.65,766.645,0.1304393196277509,20907929744,766.64,766.65,473,153,4396306.554140002,3896467.7931900024,4355889.415700001,3983371.666479999,23674.79257,6716.1521999999995,899589.9623800005,855598.22228,1528330.29077,1585688.3236500004,3588635.401700003,3445432.2679400016,5790868.39795002,5012727.11641
2026-10-07T14:37:53.517474+00:00,obs-20261007-01,LIGHT,AAVEUSDT,1.0,171.62,171.63,171.625,0.5826826710175759,10438515380,171.62,171.63,285,49,747169.5062499996,576695.6661800001,764646.9694400005,563363.4388800001,4056.164170000001,2116.93741,114534.47262000002,80920.20832000002,174905.21069000004,148137.85291000002,1192326.02894,212370.32759999996,1276080.816840001,240189.97645000002
2026-10-07T14:37:53.517474+00:00,obs-20261007-01,LIGHT,AVAXUSDT,1.0,11.287,11.288,11.287500000000001,0.8859750155032486,10517570731,11.287,11.288,441,315,865488.5266099989,1470821.3379999998,821752.3502699995,1458370.0617999989,14264.788970000003,7087.230519999998,137971.02738000004,170970.87555,267281.09894000005,328537.14878,366876.77997000015,453849.42551999993,426717.9699000003,491279.5548500002
2026-10-07T14:37:53.517474+00:00,obs-20261007-01,LIGHT,FILUSDT,1.0,1.0515,1.0516,1.0515500000000002,0.9510223490249992,9894285700,1.0515,1.0516,315,30,290425.84899999993,272827.5551589999,284815.12100600015,256976.58033100006,1896.150928,187.60750199999998,98701.008165,73364.00863799998,183858.89990700004,156510.29319800003,258701.872213,268219.361275,313479.316029,342915.41052399995
2026-10-07T14:37:53.517474+00:00,obs-20261007-01,LIGHT,ALGOUSDT,1.0,0.1159,0.116,0.11595,8.628127696290733,5664071116,0.1159,0.116,159,4,82406.53300000001,52545.5463,82266.64799999999,48252.7819,4908.076,0.0,40617.0395,31386.7091,98019.0191,68595.26980000001,161811.74659999998,100638.6184,191622.6924,120159.21849999999
2026-10-07T14:37:53.517474+00:00,obs-20261007-01,LIGHT,XRPUSDT,1.0,1.4313,1.4314,1.4313500000000001,0.6986655488017135,26675627743,1.4313,1.4314,504,112,4453811.459759998,6264131.170460001,4470220.187699999,6316754.568870001,108362.76964,60086.60240000002,986797.2888300002,1030363.7508600001,1495207.3733600006,1284450.2573099998,2927136.3820200018,2173141.45859,3540873.02611,2377185.2240199996
2026-10-07T14:37:53.517474+00:00,obs-20261007-01,LIGHT,HBARUSDT,1.0,0.09286,0.09287,0.092865,1.076889941846737,8392226477,0.09286,0.09287,369,125,706304.2283299996,594554.3007700001,672001.44065,590683.1602700003,3338.5336199999997,4524.047519999997,166402.10217000003,116118.05146999999,263808.06922,206358.82056,474771.57122000004,352378.11517,967494.4097100002,686718.1676999999
2026-10-07T14:38:53.517553+00:00,obs-20261007-01,LIGHT,PEPEUSDT,1.0,4.02e-06,4.03e-06,4.025e-06,24.875621890549926,8827721064,4.02e-06,4.03e-06,218,16,449816.89362168993,482867.47918652004,391493.4964777298,381396.5321104301,6.636827039999999,2269.7232669800005,86935.47305531999,108234.29884748001,291437.92554961,409011.17285908,793659.9341295001,640394.2663669799,1051717.7909397,996709.0649086799
2026-10-07T14:38:53.517553+00:00,obs-20261007-01,LIGHT,BNBUSDT,1.0,766.38,766.39,766.385,0.13048357211831174,20907936139,766.38,766.39,477,141,4756836.124390002,3681313.676590002,4621907.215520002,3467619.186230001,12792.641860000005,7923.934709999997,895843.5577800005,801180.0659299999,1510357.7732900004,1655039.201259999,3812473.369850003,3657873.387570001,6005950.669040024,5300745.005209997
2026-10-07T14:38:53.517553+00:00,obs-20261007-01,LIGHT,AAVEUSDT,1.0,171.49,171.5,171.495,0.5831243804288455,10438517734,171.49,171.5,238,42,375251.02028000006,446008.7562400001,383993.36109000025,444286.62934000016,10633.56547,3372.69856,120147.13779000001,71127.30430000002,199354.86761000007,140213.23359000008,1192099.35246,199609.6371300001,1270197.4431400008,238025.0745300001
2026-10-07T14:38:53.517553+00:00,obs-20261007-01,LIGHT,AVAXUSDT,1.0,11.275,11.276,11.275500000000001,0.8869179600878851,10517577650,11.275,11.276,411,270,682475.1848300002,1692861.9360099994,692915.51289,1665544.0072899999,39209.245330000005,11277.940159999996,165609.01721000002,203659.73119999995,263813.81784000015,332434.08676999994,359834.3965600003,401183.9319799999,425871.0500400004,507293.85329000006
2026-10-07T14:38:53.517553+00:00,obs-20261007-01,LIGHT,FILUSDT,1.0,1.0509,1.051,1.0509499999999998,0.951565324960324,9894288890,1.0509,1.051,366,76,266090.8049729999,389241.2592330003,267180.19906699995,390168.45216600015,2661.645112,1413.0288820000003,100665.02493700001,81644.47797500002,203874.82756900002,154981.24346100003,257642.28284099995,263214.121573,320687.4696249999,338200.749035
2026-10-07T14:38:53.517553+00:00,obs-20261007-01,LIGHT,ALGOUSDT,1.0,0.1159,0.116,0.11595,8.628127696290733,5664072501,0.1159,0.116,154,3,76354.72520000003,72758.7304,70448.1487,74557.4547,340.6301,122.72800000000001,43905.2718,31544.3573,100222.3187,68784.4082,167718.3231,98839.8941,197529.38340000002,113903.09419999999
2026-10-07T14:38:53.517553+00:00,obs-20261007-01,LIGHT,XRPUSDT,1.0,1.4301,1.4302,1.4301499999999998,0.6992518005732862,26675634588,1.4301,1.4302,458,84,3719780.8860099968,4270460.015470002,3615405.271009999,4313041.06077,57057.436569999976,23410.460249999993,1053536.7679799995,1071982.5582200002,1678922.0863499998,1224794.0173200006,3039380.4726300016,2127153.821130001,3706976.693489999,2322129.049160001
2026-10-07T14:38:53.517553+00:00,obs-20261007-01,LIGHT,HBARUSDT,1.0,0.09286,0.09287,0.092865,1.076889941846737,8392228988,0.09286,0.09287,347,132,738431.7350699998,534425.0748200002,747358.5766299997,548743.2937300002,3380.4288300000003,6407.601279999992,154865.64176,110209.68086999998,254378.61690000002,197020.19421000002,465844.72966000007,338222.90328000014,958567.5681500003,653081.3691500002
2026-10-07T14:39:53.544342+00:00,obs-20261007-01,LIGHT,PEPEUSDT,1.0,4.02e-06,4.03e-06,4.025e-06,24.875621890549926,8827721619,4.02e-06,4.03e-06,205,16,427145.8926982699,256779.97535079,500952.80880498,263963.62755365,2669.8689902999995,773.2245177800002,105092.41733141999,102322.33408826002,289211.78186642,323983.71541006,719853.01802279,633210.61416412,1067346.63024848,989521.31270582
2026-10-07T14:39:53.544342+00:00,obs-20261007-01,LIGHT,BNBUSDT,1.0,766.14,766.15,766.145,0.13052444722827516,20907945738,766.14,766.15,508,159,4640170.15782,2783508.487839998,4663053.50371,2817798.3724599974,24285.90741,19819.54788,903343.21628,861886.6924799999,1604523.1988499998,1501487.2505299998,3812899.914310002,2959829.083300002,6193576.838460017,5268875.289699996
2026-10-07T14:39:53.544342+00:00,obs-20261007-01,LIGHT,AAVEUSDT,1.0,171.55,171.56,171.555,0.5829204313601011,10438520128,171.55,171.56,266,38,353339.8075999998,363067.6690599998,371967.7594100002,360941.8745300001,1662.54616,1731.3271599999998,95240.34248,82191.43701000002,154694.59539000003,152629.42600000004,1169632.10398,203644.05125000005,1251035.0130200007,240376.72983000005
2026-10-07T14:39:53.544342+00:00,obs-20261007-01,LIGHT,AVAXUSDT,1.0,11.284,11.285,11.284500000000001,0.8862105636286977,10517586329,11.284,11.285,414,331,956476.1045799999,1924095.3553199999,954399.6941600001,1964787.56819,32736.871359999997,28093.326439999993,150335.92687999998,167142.77472,259377.97026000003,312350.01427000016,359151.11532000016,360785.22328000003,418962.75590000034,477725.45445000025
2026-10-07T14:39:53.544342+00:00,obs-20261007-01,LIGHT,FILUSDT,1.0,1.0506,1.0508,1.0507,1.9036740909950112,9894291483,1.0506,1.0508,346,50,275106.207443,295968.2601959998,278987.0323730001,302958.5554939999,2451.9313429999997,1900.2745169999998,107357.851588,56505.351590000006,201520.67485900005,133877.50296300006,260405.91004599998,256201.293225,318819.3438459999,327796.244153
2026-10-07T14:39:53.544342+00:00,obs-20261007-01,LIGHT,ALGOUSDT,1.0,0.1159,0.116,0.11595,8.628127696290733,5664075241,0.1159,0.116,176,6,105186.05099999998,104249.08149999994,112402.94940000001,98731.25850000001,322.132,3439.9929,41940.340000000004,26695.699,98222.9351,69641.9791,160501.4247,104357.7171,190380.6565,119420.91719999998
2026-10-07T14:39:53.544342+00:00,obs-20261007-01,LIGHT,XRPUSDT,1.0,1.4295,1.4296,1.4295499999999999,0.6995452955571579,26675643281,1.4295,1.4296,487,138,4142199.866649998,4503462.163419999,4631631.909350003,4325787.684750002,223827.04422000004,17342.32895,637807.4309899999,1170595.54205,1330690.1404900001,1401815.8865300003,2618891.719710002,2305747.663690001,3281352.7006800002,2500483.4953200007
2026-10-07T14:39:53.544342+00:00,obs-20261007-01,LIGHT,HBARUSDT,1.0,0.09288,0.09289,0.092885,1.0766580534027348,8392231142,0.09288,0.09289,335,74,213622.70881999997,130306.79624,207202.6519400001,129390.23299999993,1140.7308199999998,3801.157329999998,160701.7074,119082.54962999996,259570.61975,199760.94080999994,460555.51,339144.81312,964978.6589500002,654005.61159
2026-10-07T14:40:53.590599+00:00,obs-20261007-01,LIGHT,PEPEUSDT,1.0,4.02e-06,4.03e-06,4.025e-06,24.875621890549926,8827721921,4.02e-06,4.03e-06,142,21,217884.44571228005,164648.79016068002,215516.4662869999,163524.87872087004,445.62263604,946.3372340500001,86545.61459298,106224.83411293001,291529.7612917,325683.33841113,722220.99744807,634334.52560393,1069714.60967376,990635.22414342
2026-10-07T14:40:53.590599+00:00,obs-20261007-01,LIGHT,BNBUSDT,1.0,766.08,766.09,766.085,0.13053467000867514,20907952470,766.08,766.09,480,111,3507279.629900002,2784280.8105599983,3495026.1362099973,2880489.1526799994,12225.966520000004,12258.658299999997,905764.75561,852232.32644,1615228.6115899996,1553968.9579199993,3825832.9788600015,2862139.6953400006,6210082.083730016,5090183.932879994
2026-10-07T14:40:53.590599+00:00,obs-20261007-01,LIGHT,AAVEUSDT,1.0,171.47,171.48,171.475,0.5831923951715723,10438522729,171.47,171.48,275,55,299264.7690899999,404988.1182900002,289949.07534,402111.54073,1216.83615,14565.540209999997,114591.55536999999,71152.59929999999,188608.59992000004,139269.02660000004,1181831.9833199999,202469.52522000007,1252741.7306400007,241172.54073000007
2026-10-07T14:40:53.590599+00:00,obs-20261007-01,LIGHT,AVAXUSDT,1.0,11.274,11.275,11.2745,0.8869966294144938,10517591938,11.274,11.275,378,155,671696.7043299994,1247403.6468199994,685222.8230099997,1217450.9607799998,6089.145050000002,17603.373900000002,160079.82243,177608.379,261330.16965000005,313491.9934999999,348392.2784600002,390222.9095099999,414436.0422900002,484433.67029000004
2026-10-07T14:40:53.590599+00:00,obs-20261007-01,LIGHT,FILUSDT,1.0,1.0491,1.0492,1.04915,0.9531979792209988,9894294383,1.0491,1.0492,371,54,403641.02812200016,337564.943388,420308.7067660003,317342.38368099974,4816.5809450000015,999.653811,108035.86723899998,60182.468876,194582.04508299995,130226.28453100003,256145.24088400003,241577.102765,302651.5761150002,340733.45621400006
2026-10-07T14:40:53.590599+00:00,obs-20261007-01,LIGHT,ALGOUSDT,1.0,0.1159,0.116,0.11595,8.628127696290733,5664076643,0.1159,0.116,158,4,93143.8249,51660.74380000001,94433.96520000002,50950.91490000001,177.91410000000002,0.0,38064.2926,29699.9284,96216.7607,70351.808,159211.28439999997,105067.546,189080.1422,120130.74609999999
2026-10-07T14:40:53.590599+00:00,obs-20261007-01,LIGHT,XRPUSDT,1.0,1.4284,1.4285,1.42845,0.7000840100834793,26675649835,1.4284,1.4285,461,103,3360546.360989999,3763380.660579997,2960543.7466500006,3900693.9973400016,55553.6083,99743.78287,951711.8036799998,1050163.49708,1915097.8260699997,1248309.4872800005,3037058.536300001,2164220.760330002,4469498.214479998,2353396.290310001
2026-10-07T14:40:53.590599+00:00,obs-20261007-01,LIGHT,HBARUSDT,1.0,0.09283,0.09284,0.092835,1.0772379618662065,8392232978,0.09283,0.09284,326,28,218551.98571000004,130860.9131,241151.03220999995,126012.58579000004,2619.47218,3170.7838199999997,145165.19969,107506.83976,256330.74577000004,201421.98689,449698.7395800001,338948.0568800001,943813.7120500002,654670.17325
2026-10-07T14:41:53.590680+00:00,obs-20261007-01,LIGHT,PEPEUSDT,1.0,4.02e-06,4.03e-06,4.025e-06,24.875621890549926,8827722281,4.02e-06,4.03e-06,196,18,113004.68837761997,165970.61227013005,175621.00848438003,329956.5605228501,0.0,2151.2510598800004,93843.99457314,67980.01744846,248410.36457941998,241449.03311506,659604.67734131,470348.57735121006,918072.7749241599,826644.8682107001
2026-10-07T14:41:53.590680+00:00,obs-20261007-01,LIGHT,BNBUSDT,1.0,766.6,766.61,766.605,0.1304461257500833,20907961545,766.57,766.58,462,164,2389437.0774700013,2294474.5529000005,2470690.797389999,2541714.8799799983,11497.822049999995,97554.74075000003,831958.7128000006,789936.1581099998,1516312.1386100012,1400354.4032199995,3442394.639850003,3281972.447020001,6036621.805480023,4932870.926979999
2026-10-07T14:41:53.590680+00:00,obs-20261007-01,LIGHT,AAVEUSDT,1.0,171.53,171.54,171.535,0.5829883985297712,10438525041,171.53,171.54,291,35,1160166.8981399995,502083.4526099999,1175571.4167000004,519063.0969800001,1748.01036,5514.21281,90305.49325,57216.87448999999,146213.21137000006,127814.81717,1163166.3611999997,185071.51075,1236589.3175200005,224374.18241
2026-10-07T14:41:53.590680+00:00,obs-20261007-01,LIGHT,AVAXUSDT,1.0,11.281,11.282,11.281500000000001,0.8864462370361537,10517598045,11.281,11.282,391,181,716410.1593499996,1656149.1700000002,713256.9233800002,1656656.9596999988,9672.407669999997,26638.480710000003,155092.48327000003,189705.45688,252690.16160000005,342826.8488300001,348778.2326100002,390028.88392,408659.2837500003,500714.70597000024
2026-10-07T14:41:53.590680+00:00,obs-20261007-01,LIGHT,FILUSDT,1.0,1.0498,1.0499,1.0498500000000002,0.9525623928374749,9894296307,1.0498,1.0499,310,46,193887.67565800005,319285.28907900007,194598.25773100002,338800.5357829999,6380.046093999999,3830.690049,92171.28231499999,58644.88356500001,170017.584121,138187.513218,251482.65677300002,245778.0848629999,298473.0821860002,321363.76431699994
2026-10-07T14:41:53.590680+00:00,obs-20261007-01,LIGHT,ALGOUSDT,1.0,0.1159,0.1161,0.11599999999999999,17.256255392579245,5664078032,0.1159,0.1161,121,1,55609.14530000002,50620.1161,52011.9729,55755.0107,0.0,341.968,30922.065300000002,26367.4437,79386.76920000001,66913.03390000001,158580.7172,99932.6514,192685.27540000004,115254.81019999999
2026-10-07T14:41:53.590680+00:00,obs-20261007-01,LIGHT,XRPUSDT,1.0,1.4297,1.4298,1.4297499999999999,0.699447436525169,26675656186,1.4297,1.4298,477,74,2673743.8534299983,2771783.7249600017,2873222.7822699975,2954229.1326100007,12918.95418,67987.81264000003,831875.9661900001,976899.85868,1377883.9551799996,1313462.4321400006,2814247.811470002,1999832.7912000022,3476866.386969999,2179845.6613100017
2026-10-07T14:41:53.590680+00:00,obs-20261007-01,LIGHT,HBARUSDT,1.0,0.09286,0.09287,0.092865,1.076889941846737,8392234404,0.09286,0.09287,286,75,173566.22729999994,91809.28558000005,182362.88680000004,110956.55206000003,887.0942399999999,4506.5522400000045,132785.2705,98392.90682000002,228882.19678000003,184728.55174999998,440869.08054,324840.52735000005,933553.07209,639654.4025
2026-10-07T14:42:53.597181+00:00,obs-20261007-01,LIGHT,PEPEUSDT,1.0,4.02e-06,4.03e-06,4.025e-06,24.875621890549926,8827722754,4.02e-06,4.03e-06,158,23,140424.14721623997,118123.87883422998,142798.51691471,41303.672885430016,3026.9702575199994,1781.7241391300001,50268.123173039996,147859.26797174002,245799.84974373996,318206.66790386004,657230.30764284,547168.78330001,952065.3516816901,903469.4818395
2026-10-07T14:42:53.597181+00:00,obs-20261007-01,LIGHT,BNBUSDT,1.0,766.56,766.57,766.565,0.13045293258295843,20907972555,766.56,766.57,518,163,3419736.553429998,3277433.1072799987,3393325.571829999,3245138.440329998,20352.046739999994,35122.15160999999,884078.342060001,719603.3438500001,1544367.2704600012,1434957.0753200003,3547120.5798200034,3314188.9142500004,6065839.337890023,4963849.284069998
2026-10-07T14:42:53.597181+00:00,obs-20261007-01,LIGHT,AAVEUSDT,1.0,171.22,171.23,171.225,0.5840439201021397,10438529202,171.22,171.23,386,86,507921.75954,804287.1792900005,513691.27902,758275.3712800004,13380.973790000002,1931.9062299999998,116033.92403999995,83923.14624000002,225613.08952999994,141517.94306000002,1176121.8706300005,219429.61806000007,1243630.7923700006,246868.70131999996
2026-10-07T14:42:53.597181+00:00,obs-20261007-01,LIGHT,AVAXUSDT,1.0,11.269,11.27,11.2695,0.887390185464465,10517603754,11.269,11.27,409,143,494269.70033,1521675.86416,520119.04079000006,1494629.3855399997,17612.095719999998,6485.2182299999995,157222.83018,190757.46084999997,264465.79228,311670.03539999994,325932.0934300002,416549.7077299999,391494.83444000024,507928.5787
2026-10-07T14:42:53.597181+00:00,obs-20261007-01,LIGHT,FILUSDT,1.0,1.0484,1.0487,1.04855,2.8615032430368004,9894299072,1.0484,1.0487,369,63,352845.40224100015,321542.4067520004,350245.836845,290857.4172819999,5786.722443,1848.867459,100072.44592700002,84840.320079,178229.795141,147306.02529299998,258257.01291800005,252114.07432899997,302028.59866100014,347904.7131739999
2026-10-07T14:42:53.597181+00:00,obs-20261007-01,LIGHT,ALGOUSDT,1.0,0.1158,0.1159,0.11585000000000001,8.635578583764403,5664080012,0.1158,0.1159,136,4,79201.9575,55297.51600000001,91473.57289999998,48228.421900000016,185.67180000000002,6.612,38751.3068,22646.4438,88804.22469999999,63854.22260000001,154221.1201,104898.2782,182219.6516,114734.5854
2026-10-07T14:42:53.597181+00:00,obs-20261007-01,LIGHT,XRPUSDT,1.0,1.4284,1.4285,1.42845,0.7000840100834793,26675662540,1.4284,1.4285,479,76,2159577.6466899994,2841254.226469997,2389849.7597699985,2706572.829989997,29615.331089999996,13930.191589999999,811622.5816200002,1049864.81186,1609461.6105800006,1306139.3725300007,2613232.0288200015,2118431.128020002,4040817.290779998,2308057.4029100006
2026-10-07T14:42:53.597181+00:00,obs-20261007-01,LIGHT,HBARUSDT,1.0,0.09268,0.09269,0.09268499999999999,1.0789814415179677,8392237943,0.09268,0.09269,367,71,632030.1512300003,979466.17993,660200.9831799999,932968.4648299997,12397.616819999997,4086.6253500000003,131551.08254999996,122289.78467,236915.65546,177482.93878000003,427028.03528,362629.65411000006,919480.4857000001,666489.0514200001
2026-10-07T14:43:53.679766+00:00,obs-20261007-01,LIGHT,PEPEUSDT,1.0,4.02e-06,4.03e-06,4.025e-06,24.875621890549926,8827723363,4.02e-06,4.03e-06,167,15,279983.39381966996,213516.2530315601,243683.72663319993,213702.7023385902,8.1788508,890.6810278600001,87660.77807399999,147690.5531179,282719.08393643,317182.93452406,693529.97482931,546982.33399298,951990.92761824,913057.04655855
2026-10-07T14:43:53.679766+00:00,obs-20261007-01,LIGHT,BNBUSDT,1.0,766.75,766.76,766.755,0.13042060645673814,20907986514,766.75,766.76,516,137,2689491.304200002,1311373.1062,2446353.6578800026,1294788.6323700012,10410.601879999998,28581.52074000001,905204.1427400007,857941.1610700004,1590741.3615000008,1452879.8849900006,3670126.9187600026,3331976.76247,6115616.394680024,4995327.612989998
2026-10-07T14:43:53.679766+00:00,obs-20261007-01,LIGHT,AAVEUSDT,1.0,171.04,171.05,171.04500000000002,0.5846585594015963,10438533326,171.04,171.05,377,102,652614.3168099998,678635.7496199997,660941.8152099996,674792.6045599995,15860.438669999998,22116.370450000002,109341.09808999997,75622.39675999997,194843.53450999994,135171.16823,1167172.6016500005,213343.77321999994,1246416.1062200002,240236.63963
2026-10-07T14:43:53.679766+00:00,obs-20261007-01,LIGHT,AVAXUSDT,1.0,11.269,11.27,11.2695,0.887390185464465,10517609534,11.269,11.27,411,268,477477.8874200005,1341010.3422100004,467865.5134200009,1335712.2929700003,44440.99014000001,7893.931439999999,162412.32420999996,203964.57230000003,273510.01879000006,322800.78589,335544.46743000014,421847.75697,400808.9655400002,514154.7967400002
2026-10-07T14:43:53.679766+00:00,obs-20261007-01,LIGHT,FILUSDT,1.0,1.0484,1.0485,1.0484499999999999,0.9538344143456001,9894300629,1.0484,1.0485,301,23,168097.64436999997,233826.32271,169275.95396699998,229286.57550000006,3855.448155,2513.246788,98814.82226899998,86093.393845,177175.48028599998,148581.692776,265403.8466669999,256653.82153900008,300926.2964489999,349169.79143199994
2026-10-07T14:43:53.679766+00:00,obs-20261007-01,LIGHT,ALGOUSDT,1.0,0.1159,0.116,0.11595,8.628127696290733,5664080820,0.1159,0.116,115,6,74754.45019999996,36721.397999999994,68655.35509999999,40414.291800000006,361.0285,670.032,34824.7445,31315.9108,90463.9587,70602.1504,156635.9365,103308.8517,187573.6588,117998.13760000002
2026-10-07T14:43:53.679766+00:00,obs-20261007-01,LIGHT,XRPUSDT,1.0,1.4287,1.4288,1.42875,0.6999370056703924,26675666727,1.4287,1.4288,426,70,1316446.327520001,1557116.5931499999,1178898.5197200007,1647426.3950200002,33047.85011000001,58419.48509,886217.1432100004,1030464.6809899999,1596084.4206100001,1223124.9061000003,2747881.160260002,2032024.903160001,3417297.556699999,2221359.59162
2026-10-07T14:43:53.679766+00:00,obs-20261007-01,LIGHT,HBARUSDT,1.0,0.09268,0.09269,0.09268499999999999,1.0789814415179677,8392239715,0.09268,0.09269,328,70,216706.11128000007,162236.41967999996,213028.6109099999,175155.72131999995,5946.99756,9209.776369999989,138728.38182,116131.56645000001,243638.61019000004,166030.26287,430705.53565000003,349710.35247,927341.3311600002,656923.0889999999
2026-10-07T14:44:53.679790+00:00,obs-20261007-01,LIGHT,PEPEUSDT,1.0,4.02e-06,4.03e-06,4.025e-06,24.875621890549926,8827724027,4.02e-06,4.03e-06,169,13,334132.9389438499,426947.04338723025,347977.97616779007,428411.53784156014,9601.32696384,742.4256135400001,77363.72700017999,146149.97068633002,271013.43903579994,311832.59182985005,679684.9376053698,545517.83953865,940999.0102836,911604.7309925
2026-10-07T14:44:53.679790+00:00,obs-20261007-01,LIGHT,BNBUSDT,1.0,766.87,766.88,766.875,0.1304001982083136,20908003280,766.87,766.88,496,123,3507798.9168000007,2316412.3007800016,3553747.319499999,2363780.64197,8944.25848,9329.29224,1010509.0407200006,739002.5170000001,1604626.0575500012,1405707.2043899999,3432664.183230005,3289805.3657799982,5412543.063230017,4940226.168569994
2026-10-07T14:44:53.679790+00:00,obs-20261007-01,LIGHT,AAVEUSDT,1.0,171.12,171.13,171.125,0.5843852267406469,10438535989,171.12,171.13,343,68,579562.9952300001,689214.3287899998,582906.7761799999,701350.6164099997,3533.99512,17960.504050000003,116577.92121,74081.89576999999,202718.40892,135296.55958,1160322.3684900003,203133.71537000002,1243469.74982,230181.80615000005
2026-10-07T14:44:53.679790+00:00,obs-20261007-01,LIGHT,AVAXUSDT,1.0,11.27,11.271,11.2705,0.8873114463181508,10517614204,11.27,11.271,390,266,475931.16550000006,1147009.477380001,478097.3481300002,1151177.9310000003,19038.39181,11353.610320000013,176671.00926999998,206554.39758000002,288326.9394600001,318569.4992099999,333378.28480000026,417679.3033499999,387483.2202000002,510614.0579800001
2026-10-07T14:44:53.679790+00:00,obs-20261007-01,LIGHT,FILUSDT,1.0,1.0488,1.0489,1.0488499999999998,0.9534706331049136,9894302622,1.0487,1.0489,308,58,313021.7046520001,210166.082691,306735.222618,231115.09042500006,1793.1092999999998,6230.623540999998,105505.79371699996,67940.46648499998,183579.36669599998,135918.03787199996,263346.35305499996,236079.567567,306697.7525119999,327761.01365799975
2026-10-07T14:44:53.679790+00:00,obs-20261007-01,LIGHT,ALGOUSDT,1.0,0.1159,0.116,0.11595,8.628127696290733,5664081864,0.1159,0.116,120,6,130869.70179999998,28369.48250000001,128700.18609999999,29732.0985,18.560000000000002,221.49210000000002,39184.5589,27964.8399,107830.10270000002,67411.7984,158805.45220000003,101946.23569999999,189349.19700000004,116704.52999999997
2026-10-07T14:44:53.679790+00:00,obs-20261007-01,LIGHT,XRPUSDT,1.0,1.4284,1.4285,1.42845,0.7000840100834793,26675671637,1.4284,1.4285,430,85,1854450.8700200003,2011011.9239299987,2026751.2363500004,1835628.738059999,38563.23217,31788.961270000003,800743.40581,1173881.7539499996,1597540.49772,1418283.61392,2578229.9348500003,2204476.4768000008,4026807.561199998,2393876.5355599993
2026-10-07T14:44:53.679790+00:00,obs-20261007-01,LIGHT,HBARUSDT,1.0,0.09266,0.09267,0.092665,1.079214331964895,8392242892,0.09266,0.09267,449,142,776918.1961099999,385183.6873,776129.8118699993,390563.9719100001,5821.967030000001,7485.764699999979,161044.64202000003,100911.19927000003,261056.29112000007,158019.35745,431884.2243900001,344069.17803000007,929984.3215400001,649274.28281
2026-10-07T14:45:53.680496+00:00,obs-20261007-01,LIGHT,PEPEUSDT,1.0,4.02e-06,4.03e-06,4.025e-06,24.875621890549926,8827724809,4.02e-06,4.03e-06,229,19,253684.02628129994,578906.7954512099,243565.68579718,581164.0227547,2686.17720168,852.6446506500001,83936.35089756,126675.53101944001,280405.50603536,311059.19963684,689803.27808949,543260.6122351601,948781.53200042,909347.5036890102
2026-10-07T14:45:53.680496+00:00,obs-20261007-01,LIGHT,BNBUSDT,1.0,766.99,767.0,766.995,0.13037979634589192,20908020070,766.99,767.0,521,133,4455020.718819999,2304849.236869999,3724858.2339100027,2284099.2739999974,37867.049580000006,10215.801050000002,979873.3722000004,817276.8123600001,1602983.934190001,1427393.48502,3781488.102090003,3311050.2983499994,6253782.307460017,4969562.424729995
2026-10-07T14:45:53.680496+00:00,obs-20261007-01,LIGHT,AAVEUSDT,1.0,171.22,171.23,171.225,0.5840439201021397,10438538583,171.22,171.23,334,48,371183.8744999998,570137.1220699999,357481.4038000002,584861.4503099999,1587.8680200000001,13153.764499999997,124239.90806999998,67076.97102,212096.33171999993,126340.19704999997,1172796.77074,190742.66890999995,1252348.8860300002,217851.30005999998
2026-10-07T14:45:53.680496+00:00,obs-20261007-01,LIGHT,AVAXUSDT,1.0,11.258,11.259,11.2585,0.8882572392976407,10517620384,11.258,11.259,389,220,564827.9423,1362244.4526699998,610328.3351399999,1329730.9863099991,14854.734639999997,12864.692539999995,158708.22702000002,203572.14300000004,246764.89823999995,313375.86913,288895.3719600002,449357.5948299999,343413.11892000004,540493.5925199998
2026-10-07T14:45:53.680496+00:00,obs-20261007-01,LIGHT,FILUSDT,1.0,1.0474,1.0476,1.0475,1.909490166125405,9894305391,1.0474,1.0476,361,69,360926.6422359999,398327.17566199973,387853.23712600017,375771.63148700004,6835.472788,35338.08086600001,93065.371479,83954.04178400003,183854.76954299997,142503.72244500005,248405.83198099994,253912.25053100017,292294.6347769998,343324.7691410002
2026-10-07T14:45:53.680496+00:00,obs-20261007-01,LIGHT,ALGOUSDT,1.0,0.1159,0.116,0.11595,8.628127696290733,5664083619,0.1159,0.116,181,5,201176.60030000002,74965.26199999999,202330.76589999997,76433.80669999996,253.692,1089.1085,42995.168300000005,26482.472499999996,106682.3018,65943.2758,157651.2866,100477.69099999999,188195.0314,115488.67169999998
2026-10-07T14:45:53.680496+00:00,obs-20261007-01,LIGHT,XRPUSDT,1.0,1.4286,1.4287,1.4286500000000002,0.6999860002809832,26675677260,1.4286,1.4287,465,78,2259656.4471399994,2107889.356110001,2197644.611890001,2171729.9373200005,59186.85824,56061.415610000004,839840.12888,1131122.3159299998,1683713.5082800004,1356338.0504100004,2638667.9975000005,2143944.2807200016,3375738.880399998,2333045.9598
2026-10-07T14:45:53.680496+00:00,obs-20261007-01,LIGHT,HBARUSDT,1.0,0.09265,0.09266,0.092655,1.0793308148948633,8392244820,0.09265,0.09266,325,135,173874.1945100001,337696.1366400001,175993.74606,329781.4059200003,2130.19772,6327.0651099999795,158329.22207,111085.34453000003,261738.73763000005,205972.14472,429772.1029700001,351832.38654000004,927972.8899900002,654662.0267700001
2026-10-07T14:46:53.683588+00:00,obs-20261007-01,LIGHT,PEPEUSDT,1.0,4.01e-06,4.02e-06,4.015e-06,24.937655860348684,8827725957,4.01e-06,4.02e-06,228,34,418021.1199717699,383792.8431021101,520105.23606608,282059.02353348007,27660.80229918,18271.243778440003,123058.87897343999,107637.8462127,428140.51290144,284128.63560905,689782.0098109399,536305.64431707,898973.6698352199,907945.66604528
2026-10-07T14:46:53.683588+00:00,obs-20261007-01,LIGHT,BNBUSDT,1.0,766.74,766.75,766.745,0.13042230743165462,20908036949,766.74,766.75,498,128,3502053.1765700025,3616747.8784699994,4121247.648349999,3564458.731420001,14935.628490000005,36266.31443999999,925540.9814100005,839878.8536300001,1577905.238240001,1433918.2599600006,3355528.482190004,3357669.9919800004,5496307.092050021,5020922.967679996
2026-10-07T14:46:53.683588+00:00,obs-20261007-01,LIGHT,AAVEUSDT,1.0,170.89,170.9,170.89499999999998,0.5851717479088414,10438542933,170.89,170.9,364,95,1119807.3894200013,875316.3944699999,1135861.9948900004,816194.29955,3969.4343200000003,8103.720870000001,121959.23083,100311.09005,187382.54604000002,161610.72811999999,1179502.4216399998,235931.14735999997,1250132.5285299993,260855.73551
2026-10-07T14:46:53.683588+00:00,obs-20261007-01,LIGHT,AVAXUSDT,1.0,11.232,11.233,11.2325,0.8903133903137572,10517628704,11.232,11.233,421,262,1100081.0523700002,1730802.1671399993,1177526.70936,1739206.2892299998,56320.14332,42483.827630000014,97815.72387999998,155615.69956000004,170167.3979,297142.5348300001,211959.12004000004,427235.44765000016,311878.35005999997,526167.2967499997
2026-10-07T14:46:53.683588+00:00,obs-20261007-01,LIGHT,FILUSDT,1.0,1.0463,1.0464,1.04635,0.955748829207792,9894308315,1.0463,1.0464,365,82,563268.992952,329472.22704299993,553029.8725189999,319664.752471,9946.159581,4900.125797000001,90803.939393,86555.677443,182131.51442500003,164609.994487,265408.36274300015,252752.50907,312109.2036510001,352394.466125
2026-10-07T14:46:53.683588+00:00,obs-20261007-01,LIGHT,ALGOUSDT,1.0,0.1159,0.116,0.11595,8.628127696290733,5664084462,0.1159,0.116,158,3,89152.30870000002,53946.911400000005,92284.26470000001,47073.954900000004,0.0,244.7856,29983.777,36792.816000000006,100213.2248,73335.1024,154271.8218,107350.64749999999,185758.50519999999,122108.72939999998
2026-10-07T14:46:53.683588+00:00,obs-20261007-01,LIGHT,XRPUSDT,1.0,1.4272,1.4273,1.42725,0.7006726457392531,26675683417,1.4272,1.4273,469,89,2977535.521459999,3363779.8255499993,3106780.0150700016,3312233.76917,72518.69257,75975.44911000003,757506.6373400004,1081842.4389999998,1701966.0405500003,1396585.5464799993,2525730.9491900005,2185021.492890001,4011691.416669997,2377757.104170001
2026-10-07T14:46:53.683588+00:00,obs-20261007-01,LIGHT,HBARUSDT,1.0,0.09255,0.09256,0.092555,1.0804970286337756,8392248925,0.09255,0.09256,341,111,691160.1167300004,998078.0826899997,676466.3107099999,995395.76297,9834.299619999998,7900.473309999999,149602.25134000002,112287.02737,251876.07688,200528.16959,459165.79177000007,347391.39376999997,951404.0472400003,647034.0478899999
2026-10-07T14:47:53.685016+00:00,obs-20261007-01,LIGHT,PEPEUSDT,1.0,4.01e-06,4.02e-06,4.015e-06,24.937655860348684,8827726480,4.01e-06,4.02e-06,226,17,198190.35183749994,183807.7150397999,201036.06271745986,182821.2350742899,181.26914676,950.5297517399998,130263.94748934999,108015.16990097999,424332.84482934995,284896.24450628,686936.2989309799,537292.12428258,895279.2792215598,908932.14601079
2026-10-07T14:47:53.685016+00:00,obs-20261007-01,LIGHT,BNBUSDT,1.0,766.51,766.52,766.515,0.1304614421204775,20908053285,766.51,766.52,526,138,4747171.805489999,2966608.238019999,4730991.787780003,2715277.968529998,8342.090649999998,10369.937890000003,835755.6733200005,768108.4296200002,1495772.5161300008,1561719.6251699997,3417430.5535600027,3607568.4942000015,5516447.042870017,5250205.833849995
2026-10-07T14:47:53.685016+00:00,obs-20261007-01,LIGHT,AAVEUSDT,1.0,170.53,170.54,170.535,0.5864070837979796,10438550306,170.53,170.54,502,184,1083023.8334800007,1362503.3487000002,1094425.5091899994,1366255.9255500003,23562.608840000004,20030.01215,107260.57365999998,82715.12223000001,1062082.7578800002,145493.06870000003,1183479.9254500004,222963.95759000012,1255325.38841,252047.74275000003
2026-10-07T14:47:53.685016+00:00,obs-20261007-01,LIGHT,AVAXUSDT,1.0,11.188,11.189,11.188500000000001,0.8938148015724678,10517641095,11.189,11.19,525,496,1086888.9469600003,3055545.2854999993,1039075.2661100003,3108670.519329997,53553.27500999998,78040.64962999999,91355.46294000003,136581.94164,180655.00089000005,240002.52795,294078.12304,340727.54072999995,406184.8887199999,468345.22802999977
2026-10-07T14:47:53.685016+00:00,obs-20261007-01,LIGHT,FILUSDT,1.0,1.0463,1.0465,1.0464,1.911497658415584,9894311629,1.0464,1.0465,397,66,450413.1454659998,365862.01318700006,452133.52392299986,376153.0532789998,2519.323098,5383.054484,92554.175838,91451.75075899997,184048.14627499998,162757.24123799993,265294.99314900005,242461.468978,313118.334287,342419.061212
2026-10-07T14:47:53.685016+00:00,obs-20261007-01,LIGHT,ALGOUSDT,1.0,0.1159,0.116,0.11595,8.628127696290733,5664086146,0.1159,0.116,217,4,82739.78850000001,68333.7782,78049.79829999998,69791.12520000001,596.6532,115.9,23706.7519,42545.3976,90423.8835,76067.3895,158961.812,105893.4176,190456.68399999998,120651.49949999998
2026-10-07T14:47:53.685016+00:00,obs-20261007-01,LIGHT,XRPUSDT,1.0,1.4269,1.427,1.4269500000000002,0.7008199593516728,26675691220,1.4272,1.4273,501,139,3665108.1183000007,3833039.40809,3501712.055430003,3667098.81203,62586.22426000001,103696.76899,904224.52145,1111310.41727,2019267.4630900002,1458533.86974,2723416.65026,2351230.12333,4184584.406989997,2544431.1628199997
2026-10-07T14:47:53.685016+00:00,obs-20261007-01,LIGHT,HBARUSDT,1.0,0.09254,0.09255,0.09254499999999999,1.0806137886310019,8392252741,0.09257,0.09258,426,95,1015594.9239200009,641983.4644000006,1014335.7927300002,645595.05978,4584.38815,6900.055859999988,154325.98437999998,102912.10859,259767.52363999994,195426.10857,460474.85586000007,342853.13115,961013.8958300002,634609.9408599999
2026-10-07T14:48:53.686542+00:00,obs-20261007-01,LIGHT,PEPEUSDT,1.0,4.01e-06,4.02e-06,4.015e-06,24.937655860348684,8827726871,4.01e-06,4.02e-06,160,24,51265.83475745,411129.9949291301,51561.59911123999,424221.03791698,1081.86498968,40786.5271455,128917.87232542998,79618.33058142,424248.48429343,270625.39038407,686640.53457719,524201.08129472996,904139.8324606299,897043.4757088
2026-10-07T14:48:53.686542+00:00,obs-20261007-01,LIGHT,BNBUSDT,1.0,766.55,766.56,766.555,0.1304546344016444,20908060368,766.55,766.56,501,91,3994659.0688199997,1582041.2515500004,3644046.13266,1574777.3740800007,12169.918499999996,42959.60398,940309.5194499999,867380.56035,1622307.91752,1636202.4192699995,3762763.9778800034,3614962.4383300007,6088774.828070022,5263609.210759994
2026-10-07T14:48:53.686542+00:00,obs-20261007-01,LIGHT,AAVEUSDT,1.0,170.48,170.49,170.485,0.5865790708603491,10438555094,170.48,170.49,391,112,651910.2981299997,763137.1307599999,660629.44345,772189.2773900005,41543.6861,45681.45641999999,110750.37599,82172.50967999997,1074380.9629600001,128225.74758999998,1176620.34327,213804.80474000002,1243391.5879699998,240470.93475999995
2026-10-07T14:48:53.686542+00:00,obs-20261007-01,LIGHT,AVAXUSDT,1.0,11.185,11.186,11.185500000000001,0.894054537325939,10517649809,11.185,11.186,457,357,895810.01367,1950394.75156,861296.2597699998,1885887.0045900003,24559.99730999999,29419.918870000038,108911.94134,172012.34006999998,250138.94528000013,286527.006,330825.91582000005,403845.53440000006,442725.13437000016,527004.7917899999
2026-10-07T14:48:53.686542+00:00,obs-20261007-01,LIGHT,FILUSDT,1.0,1.0457,1.0459,1.0458,1.9125944343501011,9894314703,1.0457,1.0459,357,90,374693.0602449999,343990.3954250001,375513.6620929998,335864.5837579998,14370.462829999999,19323.745728999995,113762.70934899997,72619.51389000002,194994.95186199993,152324.43384700004,266062.193027,246537.30393300008,318139.87217799993,327268.9395720001
2026-10-07T14:48:53.686542+00:00,obs-20261007-01,LIGHT,ALGOUSDT,1.0,0.1159,0.116,0.11595,8.628127696290733,5664087026,0.1159,0.116,211,2,60121.890900000006,24419.958799999975,65891.4698,22339.951699999987,464.8749,0.0,21470.0829,44940.8316,86748.3282,78225.8509,153192.2331,107973.42469999999,184687.1051,122731.52919999999
2026-10-07T14:48:53.686542+00:00,obs-20261007-01,LIGHT,XRPUSDT,1.0,1.4272,1.4273,1.42725,0.7006726457392531,26675696116,1.4272,1.4273,451,98,1867005.7994800007,1907977.0523400009,1803002.3273299998,2001204.7808500011,31419.357699999997,74117.88781999999,897978.3647,1069959.4139599998,1924467.2017500002,1370166.2380699997,2753130.484210001,2258220.9053599993,4233863.925659998,2448363.7108899993
2026-10-07T14:48:53.686542+00:00,obs-20261007-01,LIGHT,HBARUSDT,1.0,0.09258,0.09259,0.092585,1.0801468999788177,8392254387,0.09258,0.09259,314,19,560766.89998,111825.65875999996,572049.3301499999,126368.21180000003,366.06132,1204.87298,150117.88488,98914.45769000001,260789.02179,185574.89668,449123.79904000007,330067.96416000003,926056.6822000002,620131.96806
2026-10-07T14:49:53.688641+00:00,obs-20261007-01,LIGHT,PEPEUSDT,1.0,4.01e-06,4.02e-06,4.015e-06,24.937655860348684,8827727572,4.01e-06,4.02e-06,200,20,259295.33296119992,313280.10055061005,261683.56730957,303962.9023231101,10969.43044414,804.8547645599999,126001.18252076999,88777.01163479999,421893.55858077,280268.75015561003,684252.30022882,533518.27952223,901543.3659044498,906366.64034278
2026-10-07T14:49:53.688641+00:00,obs-20261007-01,LIGHT,BNBUSDT,1.0,766.51,766.52,766.515,0.1304614421204775,20908066751,766.51,766.52,455,102,3559660.6777600003,1664830.1068099993,3877462.015930001,1680931.34002,7516.265200000002,17672.36902,851143.8622200006,870131.2406,1511902.2869700007,1619850.7404899993,3450242.1515500024,3598731.1384600005,5465759.405680017,5249379.964869993
2026-10-07T14:49:53.688641+00:00,obs-20261007-01,LIGHT,AAVEUSDT,1.0,170.46,170.47,170.465,0.5866478939342556,10438558395,170.46,170.47,352,54,609911.3265000001,557801.5738499999,608389.8422,563246.6715900002,6007.016820000001,2379.0836600000002,112839.35012999999,84855.64479000002,1077235.1401300002,125258.50966000004,1177944.6598699999,208345.58906000006,1244059.7971099997,234498.47192999994
2026-10-07T14:49:53.688641+00:00,obs-20261007-01,LIGHT,AVAXUSDT,1.0,11.196,11.197,11.1965,0.8931761343333733,10517661985,11.198,11.199,478,527,1322648.5175099995,2644302.6307500014,1240080.9898500005,2747743.9952699947,38571.687690000006,61083.55160000005,161763.37821999996,135570.94976999998,265038.0133499999,239581.2366399999,385867.44211999973,302358.2211899998,518457.8962599998,422862.5789399996
2026-10-07T14:49:53.688641+00:00,obs-20261007-01,LIGHT,FILUSDT,1.0,1.0455,1.0458,1.0456500000000002,2.869440459110084,9894318186,1.0456,1.0458,389,122,323493.48121000023,307270.91509300016,331656.8659609999,307238.75846000033,9782.433134000004,21544.950145000003,94605.47692999999,61629.177402,176309.784559,146869.00817900003,261310.806772,243420.674878,309881.6767289998,326893.31427999993
2026-10-07T14:49:53.688641+00:00,obs-20261007-01,LIGHT,ALGOUSDT,1.0,0.1158,0.1159,0.11585000000000001,8.635578583764403,5664088175,0.1158,0.1159,125,2,37097.6137,29189.594900000004,33228.356400000004,31442.51099999999,24.905,0.0,41448.4718,32070.1135,105168.9002,68877.5565,161439.1306,103624.5357,189822.5336,113408.71649999998
2026-10-07T14:49:53.688641+00:00,obs-20261007-01,LIGHT,XRPUSDT,1.0,1.427,1.4271,1.42705,0.7007708479322972,26675700416,1.427,1.4271,392,88,1406849.6162200004,2494423.92324,1423556.24204,2438774.5062699984,44981.915080000006,38293.78023,892696.66618,1076623.68755,2070709.4367700003,1423856.6592200003,2736651.7456200006,2313244.6091499995,4221527.956199998,2504120.6159199993
2026-10-07T14:49:53.688641+00:00,obs-20261007-01,LIGHT,HBARUSDT,1.0,0.09253,0.09254,0.092535,1.0807305738680384,8392256730,0.09253,0.09254,308,50,441604.7762700001,433876.07641,436271.5007299998,403508.9629199999,2292.6206,7624.203749999994,133465.85497000001,116922.19846,252637.90906999997,209204.18533000004,454525.7012300001,357913.107,931512.8871000002,650434.50131
2026-10-07T14:50:53.689652+00:00,obs-20261007-01,LIGHT,PEPEUSDT,1.0,4.01e-06,4.02e-06,4.015e-06,24.937655860348684,8827728634,4.01e-06,4.02e-06,262,36,326586.19260978996,290461.15052614996,317357.26326452993,314858.66996568005,17842.848069759995,7454.551098999999,158579.85704213,48448.34880923999,414782.42549413,253851.86667086004,667437.76281832,504358.7741381801,882030.02114385,997836.5423721301
2026-10-07T14:50:53.689652+00:00,obs-20261007-01,LIGHT,BNBUSDT,1.0,766.87,766.88,766.875,0.1304001982083136,20908075334,766.87,766.88,505,184,5163221.711259997,2764207.612350003,4724328.522920002,2798865.5016100034,3925.10921,23568.85211000001,785142.3998200004,912692.91053,1503397.929180001,1588260.9382499994,3841722.000400005,3571149.57618,6202512.561530022,5229280.513859992
2026-10-07T14:50:53.689652+00:00,obs-20261007-01,LIGHT,AAVEUSDT,1.0,170.54,170.55,170.54500000000002,0.5863726984878248,10438561222,170.54,170.55,372,43,395890.91907999985,350299.72810000007,407378.3148399996,368973.4906000001,5790.31339,6980.7198499999995,102360.29616,64920.69517,1061648.4001699998,119683.74092,1163729.11132,189808.72686000005,1222361.9024999992,216598.57546
2026-10-07T14:50:53.689652+00:00,obs-20261007-01,LIGHT,AVAXUSDT,1.0,11.221,11.222,11.221499999999999,0.8911861687899147,10517672163,11.221,11.222,474,358,1096122.2608800002,2401854.0159299974,1150496.7211899995,2354225.34033,50419.909320000006,30095.53604000001,135241.76131,178773.93376000004,292041.63019999996,287193.16625999997,329677.59541000007,369835.60631999996,435168.8066100001,470228.92246
2026-10-07T14:50:53.689652+00:00,obs-20261007-01,LIGHT,FILUSDT,1.0,1.0466,1.0467,1.04665,0.9554748710116634,9894321219,1.0466,1.0467,380,58,360920.2684899999,297172.03351000004,352386.605049,305630.09799700027,7463.947263,1478.900866,87143.95342899999,85286.558824,162347.29589799998,163807.64321299997,262300.433531,253093.46381699992,307162.4429989998,326435.81212199986
2026-10-07T14:50:53.689652+00:00,obs-20261007-01,LIGHT,ALGOUSDT,1.0,0.1159,0.116,0.11595,8.628127696290733,5664090156,0.1159,0.116,166,15,137544.3803000001,80564.77979999997,130356.45000000001,84064.25639999998,2644.8348,3736.6544000000004,51722.700899999996,21033.7878,110734.73760000001,66716.9188,162521.7955,102221.03199999999,193065.2215,116979.20869999996
2026-10-07T14:50:53.689652+00:00,obs-20261007-01,LIGHT,XRPUSDT,1.0,1.4273,1.4274,1.4273500000000001,0.7006235549633644,26675705403,1.4272,1.4273,457,81,2670864.8521599993,2373469.3530300003,2716483.7222499996,2337396.7265300015,8631.1118,61442.19204999997,842775.6628700001,1117796.9455699997,1878973.0013700004,1469417.16798,2683960.275000001,2350970.16576,4173069.922199998,2540922.3694499996
2026-10-07T14:50:53.689652+00:00,obs-20261007-01,LIGHT,HBARUSDT,1.0,0.09261,0.09262,0.092615,1.0797969981646283,8392259436,0.0926,0.09261,324,139,860966.2513400001,674810.5529899998,833453.8537300007,702842.2927800001,13011.924140000001,7170.27632999999,159316.82541,109756.48303000002,293219.7748099999,191000.82384000003,477594.77323000005,333503.09011999995,959321.4895100002,698590.1490699999
2026-10-07T14:51:53.703696+00:00,obs-20261007-01,LIGHT,PEPEUSDT,1.0,4.02e-06,4.03e-06,4.025e-06,24.875621890549926,8827729596,4.02e-06,4.03e-06,293,99,576551.3378498198,350656.60362214997,364268.3394156198,418287.13416893984,570.29553067,8791.622414719997,37305.11085444,154786.29388547002,280000.87967059,317309.1933236701,731450.89746094,539142.4085503701,1048978.89653636,995839.2507962501
2026-10-07T14:51:53.703696+00:00,obs-20261007-01,LIGHT,BNBUSDT,1.0,766.85,766.86,766.855,0.13040359913896182,20908081224,766.85,766.86,445,108,2686321.7582900003,1252358.7322900007,2589838.380829999,1313860.1381600015,3278.1817200000005,9542.816159999998,774347.4175700002,968182.37476,1449944.1344800016,1447271.3423799998,3558663.913060005,3509604.02193,5894964.188300022,5247795.427609995
2026-10-07T14:51:53.703696+00:00,obs-20261007-01,LIGHT,AAVEUSDT,1.0,170.55,170.56,170.555,0.5863383172077796,10438563710,170.55,170.56,326,37,735316.8313199999,467682.8009100003,711117.1374300001,454256.30698999984,2685.0580100000006,3431.2796799999996,104269.24873999998,79009.17072000001,1085724.1886399998,132333.03877,1187928.8052100001,203235.22078000006,1245798.6430999995,230200.94293999998
2026-10-07T14:51:53.703696+00:00,obs-20261007-01,LIGHT,AVAXUSDT,1.0,11.229,11.23,11.2295,0.8905512512247249,10517680476,11.229,11.23,431,301,955579.8132800007,1951261.0282700001,915053.1387099995,1986386.0513400007,18167.57161,14994.341859999982,149189.52967000002,175049.22932999994,288650.94325,275027.46686999995,367855.36253000004,336728.29677999986,451414.10545000003,435477.34771999996
2026-10-07T14:51:53.703696+00:00,obs-20261007-01,LIGHT,FILUSDT,1.0,1.0463,1.0464,1.04635,0.955748829207792,9894323263,1.0463,1.0464,336,41,289241.9799480001,205225.71745900015,265530.62459200004,202509.7710799999,12155.89429,4286.66007,98271.00639899998,79747.57504299999,187550.32933299997,165441.06562000004,290078.04572999995,248774.47543,336391.8187069998,328823.83562899986
2026-10-07T14:51:53.703696+00:00,obs-20261007-01,LIGHT,ALGOUSDT,1.0,0.1159,0.116,0.11595,8.628127696290733,5664091343,0.1159,0.116,159,2,35675.82259999999,34708.918000000005,34165.486899999996,31779.334099999996,60.268,29.696,51305.990399999995,30443.9195,111264.4085,71597.8661,164032.1312,105150.61589999999,194575.4624,119908.79259999996
2026-10-07T14:51:53.703696+00:00,obs-20261007-01,LIGHT,XRPUSDT,1.0,1.4272,1.4273,1.42725,0.7006726457392531,26675709585,1.4272,1.4273,445,59,1737561.8202499994,1858184.261570001,1588942.88504,2001269.80833,5482.463500000001,30152.827230000006,980324.0864100002,1010555.74524,2009591.4491200002,1320760.22732,2839423.92351,2208797.52594,4322192.642379998,2398225.96507
2026-10-07T14:51:53.703696+00:00,obs-20261007-01,LIGHT,HBARUSDT,1.0,0.09259,0.0926,0.09259500000000001,1.0800302408453533,8392262159,0.09259,0.0926,350,143,326540.31231999956,676844.9989399998,320560.92115999985,674080.3035100002,365.35514,5170.346679999988,156839.52052000002,109692.56771999999,285474.00197999994,190556.44004000004,487948.86335000006,335168.03329,965300.8711900002,701268.11091
2026-10-07T14:52:53.717059+00:00,obs-20261007-01,LIGHT,PEPEUSDT,1.0,4.02e-06,4.03e-06,4.025e-06,24.875621890549926,8827730307,4.02e-06,4.03e-06,214,22,187279.36745877992,93056.04082311998,179193.1401818699,86612.31993339,4504.73518986,861.9474623500001,76176.2175168,150692.31773622002,281823.50467637996,317831.9096287,739537.1247378499,545586.1294400999,1036574.53954647,1002306.97167777
2026-10-07T14:52:53.717059+00:00,obs-20261007-01,LIGHT,BNBUSDT,1.0,766.63,766.64,766.635,0.1304410210911655,20908087569,766.63,766.64,474,108,2298127.1051899996,1386663.5915000003,2240954.3182000015,1358209.4351799993,8581.858540000001,4189.019000000001,919609.9170499999,881760.0012799997,1578325.6067100004,1433769.1631899993,3847173.1855800035,3531735.2625299995,5959440.705430025,5262609.490459992
2026-10-07T14:52:53.717059+00:00,obs-20261007-01,LIGHT,AAVEUSDT,1.0,170.4,170.41,170.405,0.5868544600939885,10438568744,170.4,170.41,394,146,957944.5719700002,984057.401579999,979939.2233399998,951000.6895799997,113279.89192999997,12961.555039999997,1004901.3797499998,95281.13761000002,1069131.3318999996,144617.20287,1172519.4460099998,232429.98868000004,1240934.5266299986,262513.33628
2026-10-07T14:52:53.717059+00:00,obs-20261007-01,LIGHT,AVAXUSDT,1.0,11.239,11.24,11.2395,0.8897588753442598,10517688764,11.239,11.24,441,417,687545.9694599998,1939950.9364600016,683067.3187299998,1942481.4846499995,36670.05290000001,18219.767059999962,154375.13781,179574.23168,304613.61792,267189.82830999995,366885.60491000017,346237.8992199999,433248.72877000005,435256.9442299999
2026-10-07T14:52:53.717059+00:00,obs-20261007-01,LIGHT,FILUSDT,1.0,1.0468,1.047,1.0469,1.910584638900037,9894325135,1.0468,1.047,335,26,347058.9099499999,233424.2166270001,330269.080485,256335.59685099995,2032.9788979999998,444.33222099999995,99565.519462,77829.091926,202307.25349099998,156465.797667,296333.00715200003,233061.43080400003,347536.96308699995,308265.1778129999
2026-10-07T14:52:53.717059+00:00,obs-20261007-01,LIGHT,ALGOUSDT,1.0,0.116,0.1161,0.11605,8.620689655172153,5664091916,0.116,0.1161,93,3,23105.804000000004,40972.00970000001,21253.389400000004,43189.16830000001,92.68400000000001,110.9216,42096.6143,32699.5711,90656.7892,77422.4417,161656.80620000002,104685.5973,195724.91340000002,117950.69799999996
2026-10-07T14:52:53.717059+00:00,obs-20261007-01,LIGHT,XRPUSDT,1.0,1.427,1.4271,1.42705,0.7007708479322972,26675712856,1.427,1.4271,405,72,1552252.1326699995,1274066.5782500007,1786822.9587200002,1241373.5749799996,31009.630949999995,23827.13558999999,890361.9540300003,994526.9787299999,1927707.89807,1351274.25158,2605080.98469,2241380.8347699996,4029974.8633599975,2431341.9445099994
2026-10-07T14:52:53.717059+00:00,obs-20261007-01,LIGHT,HBARUSDT,1.0,0.09264,0.09265,0.092645,1.0794473229691626,8392264425,0.09264,0.09265,314,106,397695.58871000016,239730.9906,385518.35083999985,239645.56679999994,1389.3931200000002,5220.438309999988,150972.60859999998,113306.12362,286194.32949,157725.26824999994,478883.82916000014,336731.3417499998,979446.0421800002,701416.5365399998
2026-10-07T14:53:53.762640+00:00,obs-20261007-01,LIGHT,PEPEUSDT,1.0,4.02e-06,4.03e-06,4.025e-06,24.875621890549926,8827730944,4.02e-06,4.03e-06,185,23,72924.84933437,453460.4983078601,38719.48645354999,458351.6306113401,1534.7914503599998,1979.1540567500006,77064.31802729999,143900.08974497003,288305.65424591,311045.68163537,773742.48761867,540694.99713662,1045136.4925575501,997415.83937429
2026-10-07T14:53:53.762640+00:00,obs-20261007-01,LIGHT,BNBUSDT,1.0,766.74,766.75,766.745,0.13042230743165462,20908093002,766.74,766.75,406,83,1359440.5765399996,1383309.9830500009,1364067.5431199996,1370812.4128899998,10422.72479,4297.588309999999,922813.1005600002,945412.9804099996,1569541.172930001,1488005.2958199997,3802530.195100004,3545275.1579899993,5952494.373160025,5288939.903779993
2026-10-07T14:53:53.762640+00:00,obs-20261007-01,LIGHT,AAVEUSDT,1.0,170.0,170.01,170.005,0.588235294116668,10438577865,170.0,170.01,510,326,957608.2400100005,1303400.8657400003,1091608.6863999998,1224774.827290001,125378.89658000002,21065.024019999997,859544.5484100003,162520.77905,952728.7104600006,207961.52771000005,1070424.648090001,291084.2869500002,1113943.0187999988,334389.2842700001
2026-10-07T14:53:53.762640+00:00,obs-20261007-01,LIGHT,AVAXUSDT,1.0,11.243,11.244,11.243500000000001,0.8894423196648127,10517696433,11.243,11.244,408,354,668944.9230000002,1841189.413619999,675265.7524899999,1824041.3107100008,30439.977639999983,24635.562800000018,156666.49008999995,174923.82260999997,249034.65684999997,280070.03515999997,362743.3786200002,362640.3628799999,429620.07403,452599.69036
2026-10-07T14:53:53.762640+00:00,obs-20261007-01,LIGHT,FILUSDT,1.0,1.0468,1.0469,1.04685,0.9552923194489082,9894326809,1.0468,1.0469,278,22,251653.15515400004,223702.85855800012,255243.7415070001,225072.70619200004,1385.050037,373.913687,97279.195025,66321.198502,188069.72931199992,151304.06307599993,292933.108035,231691.5831699999,343841.5464289999,306895.34274499974
2026-10-07T14:53:53.762640+00:00,obs-20261007-01,LIGHT,ALGOUSDT,1.0,0.116,0.1161,0.11605,8.620689655172153,5664092932,0.116,0.1161,165,10,30838.142200000006,60763.83260000005,32661.287499999995,62428.01440000001,425.9709,1407.0927000000001,44842.171,29273.706299999998,93781.17450000001,71528.8878,159833.66090000002,98564.0155,193306.28720000002,116286.51619999997
2026-10-07T14:53:53.762640+00:00,obs-20261007-01,LIGHT,XRPUSDT,1.0,1.4271,1.4272,1.4271500000000001,0.7007217433963042,26675717007,1.4271,1.4272,412,71,1612505.205190001,2226874.8729900005,1599121.349499999,2148132.81219,19232.563830000003,26403.641120000004,895923.6770500003,1066821.47874,1776630.4550900003,1410617.4279399998,2618273.5472600004,2322169.7089999993,4030262.520179998,2501577.8284299993
2026-10-07T14:53:53.762640+00:00,obs-20261007-01,LIGHT,HBARUSDT,1.0,0.09262,0.09263,0.092625,1.0796804145973837,8392266511,0.09262,0.09263,326,120,281397.50886000023,241331.50908999992,288531.4521699999,236738.41294,4745.29172,3141.7909300000033,153349.33971,114522.58809000002,279956.47071,199490.00005,488617.45895000023,341293.56309999985,972304.3283000004,706000.9396099999
2026-10-07T14:54:53.777798+00:00,obs-20261007-01,LIGHT,PEPEUSDT,1.0,4.01e-06,4.02e-06,4.015e-06,24.937655860348684,8827731915,4.01e-06,4.02e-06,195,22,382568.52751256013,659045.7848625396,589950.5040744598,559674.6435597301,2773.4633973999994,2519.79293526,105406.05919899,127650.65642063999,401083.87199499,284944.87157521,668463.06869767,532824.06426033,903627.89258913,905590.55345398
2026-10-07T14:54:53.777798+00:00,obs-20261007-01,LIGHT,BNBUSDT,1.0,766.65,766.66,766.655,0.13043761820874522,20908099040,766.65,766.66,473,120,2142911.6678199987,1394033.5486799984,2338837.437789999,1645148.0038499997,8902.6774,12056.699010000002,845541.7900600001,743662.5418099995,1481842.5537500004,1293516.3753899992,3646580.2230900032,3293128.443549998,5679998.590460021,5026726.217709995
2026-10-07T14:54:53.777798+00:00,obs-20261007-01,LIGHT,AAVEUSDT,1.0,170.03,170.04,170.035,0.5881315062050696,10438582881,170.03,170.04,483,1313,319492.6134299995,378014.4378199998,586495.9708700012,406960.36973000003,287861.5045500004,32918.327040000004,578409.0151300001,145569.00594000012,647469.4637200002,198163.76083000013,803268.9643300007,262192.1055900002,846437.8020900008,305712.3321000002
2026-10-07T14:54:53.777798+00:00,obs-20261007-01,LIGHT,AVAXUSDT,1.0,11.236,11.237,11.2365,0.8899964400144178,10517701785,11.236,11.237,382,172,592682.8461900004,1211163.5385699999,600402.3109800003,1200655.7681399998,17388.813309999998,15556.405759999996,165555.85426000002,179694.66050999996,311887.41287000006,268850.2223899999,355089.6739700002,361160.94033999986,422123.88677000016,461356.0689599999
2026-10-07T14:54:53.777798+00:00,obs-20261007-01,LIGHT,FILUSDT,1.0,1.0457,1.0458,1.04575,0.9562972171739403,9894328460,1.0457,1.0458,310,29,148020.64797800005,241199.67561300012,175271.525208,226943.9691740001,3910.4661359999996,245.233164,104010.258898,57151.880421,173209.94521099995,134142.92593499998,276092.1929549998,234683.12679899996,328465.6434079997,315020.4634859999
2026-10-07T14:54:53.777798+00:00,obs-20261007-01,LIGHT,ALGOUSDT,1.0,0.1159,0.116,0.11595,8.628127696290733,5664094796,0.1159,0.116,160,6,111209.60060000003,85530.34919999998,125802.35550000002,79599.3554,124.2704,181.9552,28412.4349,30517.992599999998,85857.0403,70411.9307,149715.7094,102742.8693,180601.22339999996,121966.0503
2026-10-07T14:54:53.777798+00:00,obs-20261007-01,LIGHT,XRPUSDT,1.0,1.4263,1.4264,1.4263499999999998,0.7011147724877986,26675722674,1.4263,1.4264,421,103,2497409.0906999987,3333390.6159000015,2391881.41222,3667584.0225100005,33643.68560999999,27428.04631,1018850.54306,907420.77209,1911057.0099600004,1318661.59549,2772258.8705700007,1996608.4263900009,4148324.887279999,2161771.64599
2026-10-07T14:54:53.777798+00:00,obs-20261007-01,LIGHT,HBARUSDT,1.0,0.0926,0.09261,0.09260499999999999,1.079913606911731,8392269479,0.0926,0.09261,305,141,360845.89205,421430.59679000016,331598.79413999995,415873.35350000014,4753.899409999999,9926.130179999982,180291.03321000005,115105.5523,318981.96707,203841.75673999998,518077.43782,346255.48070999986,1001576.6135700004,711550.9171799998
2026-10-07T14:55:53.780280+00:00,obs-20261007-01,LIGHT,PEPEUSDT,1.0,4.01e-06,4.02e-06,4.015e-06,24.937655860348684,8827732438,4.01e-06,4.02e-06,172,18,382313.25160198996,261179.92996851995,378216.98566411017,264300.15315166983,569.89868573,780.76887426,120368.67416125999,108983.58489803999,405438.11262526,281697.77342830005,672559.33463555,529703.8410771801,907982.28664683,897705.59618133
2026-10-07T14:55:53.780280+00:00,obs-20261007-01,LIGHT,BNBUSDT,1.0,766.42,766.43,766.425,0.1304767620879943,20908105535,766.42,766.43,465,118,3398935.661769999,1996550.3660300018,3424267.322489999,2063866.8786800008,19945.21924,6237.894030000001,845452.5641400003,689931.1125599998,1465359.8614400004,1259490.4191799993,3630239.4735600026,3224837.235969999,5666373.814710018,4808730.566709994
2026-10-07T14:55:53.780280+00:00,obs-20261007-01,LIGHT,AAVEUSDT,1.0,170.16,170.17,170.165,0.5876821814765343,10438586103,170.16,170.17,388,156,427570.93026000005,396164.02272000024,432733.62324999965,454787.7666599999,39649.24583,69736.40465999997,570382.0215599999,93148.94688999999,628138.1386099997,140957.29412,792373.6531499999,207659.1916100001,828907.1245300003,247563.26362
2026-10-07T14:55:53.780280+00:00,obs-20261007-01,LIGHT,AVAXUSDT,1.0,11.245,11.246,11.2455,0.8892841262797546,10517708984,11.245,11.246,408,154,819433.9856599999,2027880.6479999989,794123.3529299999,2048872.2408399999,8254.13315,29583.0573,169145.29470000003,179165.78771,264920.90705000004,278542.92799999996,380312.7258800001,352177.7773899998,438681.5113,442112.6380399998
2026-10-07T14:55:53.780280+00:00,obs-20261007-01,LIGHT,FILUSDT,1.0,1.0458,1.046,1.0459,1.9124115509661088,9894330751,1.0458,1.046,354,33,285931.0842090001,235190.94879700008,288418.25911600003,235403.80022700003,7719.282158999999,3712.6380649999996,95398.31300899998,57320.794011,171044.17515299996,142390.323583,273597.5838759999,234475.35617199997,325947.3210449998,314869.5822619999
2026-10-07T14:55:53.780280+00:00,obs-20261007-01,LIGHT,ALGOUSDT,1.0,0.1159,0.116,0.11595,8.628127696290733,5664095968,0.1159,0.116,165,0,76006.29260000004,47343.2978,75116.04489999998,47647.74749999998,0.0,0.0,36783.19070000001,29929.136,98813.47270000001,69469.07329999999,150605.9571,102438.4196,181564.7088,121661.69549999997
2026-10-07T14:55:53.780280+00:00,obs-20261007-01,LIGHT,XRPUSDT,1.0,1.4261,1.4262,1.4261499999999998,0.7012130986616683,26675729498,1.4261,1.4262,477,114,2513972.3941799975,3552377.2882599984,2745168.69102,3436568.5109599987,55558.45764000001,39247.676650000016,934919.7383600002,1070079.69554,1802618.5051100005,1433533.79233,2549822.714330001,2114378.7772000013,3894604.211019999,2279134.793310001
2026-10-07T14:55:53.780280+00:00,obs-20261007-01,LIGHT,HBARUSDT,1.0,0.09263,0.09264,0.092635,1.0795638562011156,8392271977,0.09263,0.09264,342,89,321796.34897000017,208373.07304000008,312190.55257,215163.94513999994,2859.20217,6188.692819999989,178374.203,120595.60452000001,319650.56484999997,199914.50647,510602.78016,340090.80908999994,1011112.2423300003,704760.0775699998
2026-10-07T14:56:53.784129+00:00,obs-20261007-01,LIGHT,PEPEUSDT,1.0,4.01e-06,4.02e-06,4.015e-06,24.937655860348684,8827732681,4.01e-06,4.02e-06,127,19,42175.798238290015,191643.97122375,33507.20393573,190537.72126235996,5.24570957,2303.2421843399998,131182.58688065,105375.05458289999,411789.31124065,281793.94075149,681227.92893811,530810.09103857,918330.25959841,899767.7024540601
2026-10-07T14:56:53.784129+00:00,obs-20261007-01,LIGHT,BNBUSDT,1.0,766.35,766.36,766.355,0.1304886801078986,20908111462,766.35,766.36,490,96,3100284.0554200024,2135396.398900001,3400470.511560002,1749231.51716,16320.13151,1499.0358300000003,847823.5186100006,877870.9805300001,1442537.63791,1565005.2081499996,3332414.970420001,3610460.288430001,5425425.138270014,5106516.06471
2026-10-07T14:56:53.784129+00:00,obs-20261007-01,LIGHT,AAVEUSDT,1.0,170.29,170.3,170.29500000000002,0.5872335427814512,10438590062,170.29,170.3,382,92,1085555.42687,545636.51433,1038017.6321400005,555352.9103799998,20880.71425,6010.3137400000005,609331.5679,99900.46935000003,688407.70009,147135.82559000005,809290.7331200003,209845.32330000008,879216.9271000003,240269.00736999998
2026-10-07T14:56:53.784129+00:00,obs-20261007-01,LIGHT,AVAXUSDT,1.0,11.248,11.249,11.2485,0.889046941678906,10517715656,11.248,11.249,393,204,770659.8333899995,1716009.1535500004,785534.4687199995,1701893.9671900002,12958.630890000002,13428.152989999982,146438.6433,192011.79184000002,245537.75659,289105.44587000005,365426.28695000004,366423.48801,415655.56889,456098.66854000004
2026-10-07T14:56:53.784129+00:00,obs-20261007-01,LIGHT,FILUSDT,1.0,1.0473,1.0475,1.0474,1.9096724911693563,9894333054,1.0473,1.0475,315,37,372508.4940069999,311172.9622420001,273383.868256,340347.05122900003,2078.853008,2662.9439439999996,160518.359436,84327.59883699998,248059.42914499994,149628.53537499998,358565.15336699993,224315.607505,412838.35861899995,298849.9912059999
2026-10-07T14:56:53.784129+00:00,obs-20261007-01,LIGHT,ALGOUSDT,1.0,0.1159,0.116,0.11595,8.628127696290733,5664096401,0.1159,0.116,138,1,48089.6032,17084.8587,45580.42830000001,19390.0234,0.0,19.952,35906.6848,30125.270599999996,100983.0488,69668.6869,153115.132,100133.2549,184073.8837,119356.53079999998
2026-10-07T14:56:53.784129+00:00,obs-20261007-01,LIGHT,XRPUSDT,1.0,1.426,1.4261,1.42605,0.7012622720892203,26675734891,1.426,1.4261,440,93,2428882.7662499985,2423081.160190002,2473535.6413800004,2309643.815370001,67255.89530000002,26554.33166999999,959550.81967,1147727.96474,1758616.2874600003,1429481.65483,2506217.818340001,2217797.996369999,3875474.9281599997,2396553.833519999
2026-10-07T14:56:53.784129+00:00,obs-20261007-01,LIGHT,HBARUSDT,1.0,0.09261,0.09262,0.092615,1.0797969981646283,8392272964,0.09261,0.09262,255,36,146205.49066000004,88328.28189,144596.71988,83817.33014999998,1103.57758,1021.3164199999997,192099.29236999998,114006.72725,329751.19157,202369.45809999996,529079.1240400001,344223.62842999987,1012743.5240700004,709271.0293099998
2026-10-07T14:57:53.797297+00:00,obs-20261007-01,LIGHT,PEPEUSDT,1.0,4.01e-06,4.02e-06,4.015e-06,24.937655860348684,8827732953,4.01e-06,4.02e-06,144,36,175512.25426956997,161239.77807519,44354.78303012999,166320.70866381994,3347.5968016999996,976.2786074999997,136435.84761348,89539.17041352,515486.08150947996,277658.7429175,812385.40017755,525729.16044994,1131825.5874761601,983799.2761268701
2026-10-07T14:57:53.797297+00:00,obs-20261007-01,LIGHT,BNBUSDT,1.0,766.39,766.4,766.395,0.1304818695446741,20908116975,766.39,766.4,480,143,2618191.5572699984,2020390.2024699985,2010310.1199499995,1903025.78431,22579.013019999995,7224.301570000001,989651.9915800003,928146.4529999997,1581852.2176400002,1602212.2655899986,3939747.8671300025,3728146.7006899994,6261668.793230021,5231157.540209991
2026-10-07T14:57:53.797297+00:00,obs-20261007-01,LIGHT,AAVEUSDT,1.0,170.36,170.37,170.365,0.5869922517010018,10438594062,170.36,170.37,346,67,1287228.158960001,820389.5116999999,1244884.9951600006,833550.6294399997,2405.5242900000003,12378.911519999996,659806.10201,73692.45503,740695.06821,131015.34355999998,848249.7061200005,198551.40905000002,920620.6278900004,229305.9552499999
2026-10-07T14:57:53.797297+00:00,obs-20261007-01,LIGHT,AVAXUSDT,1.0,11.233,11.234,11.2335,0.8902341315764062,10517721942,11.233,11.234,426,162,595979.0970600002,1541395.3409099998,627212.9735400004,1531967.1905400003,10875.79194,5618.036469999996,157456.2056,190228.29276999997,295546.36880999996,278387.49262999994,334401.4601500001,363678.7577999998,419673.70473000006,464931.1864199998
2026-10-07T14:57:53.797297+00:00,obs-20261007-01,LIGHT,FILUSDT,1.0,1.0474,1.0475,1.04745,0.9547450830638127,9894335346,1.0474,1.0475,330,35,414637.51626699965,238127.69995600003,471379.66230800014,235782.5002889999,1961.1753820000001,6164.215722000002,98395.84929399999,81079.60765399999,183201.45652099996,151409.16300699994,301823.00732599996,226665.88509199995,356285.7560730001,301492.3196769999
2026-10-07T14:57:53.797297+00:00,obs-20261007-01,LIGHT,ALGOUSDT,1.0,0.1159,0.116,0.11595,8.628127696290733,5664096731,0.1159,0.116,72,0,19987.7804,29377.528800000004,22282.2574,25740.631100000002,0.0,0.0,37319.4793,34431.496199999994,95759.00959999999,73305.48969999999,150820.65499999997,103770.15259999999,181694.43729999996,122993.42849999998
2026-10-07T14:57:53.797297+00:00,obs-20261007-01,LIGHT,XRPUSDT,1.0,1.4265,1.4266,1.4265500000000002,0.701016473887428,26675738872,1.4265,1.4266,448,55,2076598.7405599991,1796925.1391600003,1552790.5892500004,1813420.9224900003,18132.34165,30669.66943999999,987013.7360700001,1105686.9923099997,1994908.8315,1437635.01468,3022564.676520001,2215005.1600599987,4388253.022209997,2384156.221079998
2026-10-07T14:57:53.797297+00:00,obs-20261007-01,LIGHT,HBARUSDT,1.0,0.09263,0.09264,0.092635,1.0795638562011156,8392273959,0.09263,0.09264,224,149,90705.55789999999,66845.85541,94939.94781000004,75656.87913999999,45.480599999999995,6348.007879999976,182886.00339,114708.68413000001,319210.46423,195420.71846999996,507977.16103000013,335790.7370999999,1012996.3887200004,700434.8832599998
2026-10-07T14:58:53.816186+00:00,obs-20261007-01,LIGHT,PEPEUSDT,1.0,4.01e-06,4.02e-06,4.015e-06,24.937655860348684,8827733334,4.01e-06,4.02e-06,167,26,359782.27792516,204104.68604930994,340385.48286715,197318.31839562996,1993.12280105,1612.8370569600002,121748.03883340998,97631.84918093999,445444.21596541,284440.82429682,831782.19523556,532515.52810362,1151998.42193264,990798.08025308
2026-10-07T14:58:53.816186+00:00,obs-20261007-01,LIGHT,BNBUSDT,1.0,766.24,766.25,766.245,0.13050741282105704,20908122882,766.24,766.25,500,139,2353036.331270001,1475941.2043199998,2374018.7433099984,1415908.6140599998,14291.533109999984,7442.574700000002,1002853.6238700002,804644.6391899999,1756652.7043800007,1642140.2012499992,3937267.826390004,3124678.6740300013,6457563.121690021,5286203.8027699925
2026-10-07T14:58:53.816186+00:00,obs-20261007-01,LIGHT,AAVEUSDT,1.0,170.44,170.45,170.445,0.5867167331596868,10438596489,170.44,170.45,333,38,266980.2998600002,510593.0440799997,248472.41818999997,510664.5804199998,1573.01178,1156.2222199999997,213458.54267999998,94408.32638000001,737058.24459,137749.35983000003,857889.5510900003,200844.81876000005,933067.2426100003,229636.06945999994
2026-10-07T14:58:53.816186+00:00,obs-20261007-01,LIGHT,AVAXUSDT,1.0,11.226,11.227,11.226500000000001,0.8907892392651107,10517727182,11.226,11.227,402,103,625383.5092599998,1405035.23212,635979.7193700001,1365554.8568200006,8776.47834,5269.428339999998,169229.60549000002,204953.14507999996,285601.8248600001,297909.56574999983,329134.15963000024,402038.1616599997,409679.9893400002,502368.2889399997
2026-10-07T14:58:53.816186+00:00,obs-20261007-01,LIGHT,FILUSDT,1.0,1.047,1.0471,1.04705,0.9551098376303635,9894336301,1.047,1.0471,263,16,182985.97820399996,98912.19774900003,156019.81912499992,82174.550477,15935.027684999997,131.357237,138431.875235,88222.475285,219784.194662,166030.85142799997,328931.717886,239612.0920379999,383086.33434,318141.3530539998
2026-10-07T14:58:53.816186+00:00,obs-20261007-01,LIGHT,ALGOUSDT,1.0,0.1159,0.116,0.11595,8.628127696290733,5664097572,0.1159,0.116,102,1,36258.4582,38291.25590000001,37366.3847,34779.5547,0.0,29.696,36467.4318,38948.720199999996,94996.40659999999,77279.27669999999,149712.72849999997,107281.85379999998,180649.95309999996,126505.12969999996
2026-10-07T14:58:53.816186+00:00,obs-20261007-01,LIGHT,XRPUSDT,1.0,1.4263,1.4264,1.4263499999999998,0.7011147724877986,26675745256,1.4263,1.4264,528,78,2205000.603120001,3158634.5686999997,2359780.026400001,2998060.9228899996,38439.5943,36714.16721000001,891137.2860600003,1254240.14439,1855544.0349700009,1596396.4696000004,2868182.9133600015,2375932.093019999,4233961.098879998,2540772.507769998
2026-10-07T14:58:53.816186+00:00,obs-20261007-01,LIGHT,HBARUSDT,1.0,0.09258,0.09259,0.092585,1.0801468999788177,8392276346,0.09258,0.09259,257,104,269964.81621999975,256807.65539999996,283890.01630999986,226882.64339999997,3980.4767699999998,7156.568249999993,190596.46012999996,123853.00820000003,315277.4359499999,219660.17877000006,515294.23299999983,364237.86444,999107.2868100002,730270.5492699998
2026-10-07T14:59:53.817187+00:00,obs-20261007-01,LIGHT,PEPEUSDT,1.0,4.01e-06,4.02e-06,4.015e-06,24.937655860348684,8827733876,4.01e-06,4.02e-06,180,24,228717.34180151994,144896.32524510994,234022.61087288,155663.88891504996,768.7999267999999,958.75112208,142069.94275405,83360.47796609999,440138.98669405,273427.63199558,826476.9261642001,521747.96443368006,1147693.15285907,1004192.0858581101
2026-10-07T14:59:53.817187+00:00,obs-20261007-01,LIGHT,BNBUSDT,1.0,766.49,766.5,766.495,0.13046484624634758,20908128700,766.49,766.5,476,184,1823482.5322199997,1445097.6362899998,1541335.3804000004,1524026.4242399991,20114.718850000005,6961.095059999998,966030.7239500002,942277.9013699999,1731986.0327499995,1583027.5971799989,4195989.642850003,3710270.0262,6480553.888650021,5212164.8524799915
2026-10-07T14:59:53.817187+00:00,obs-20261007-01,LIGHT,AAVEUSDT,1.0,170.51,170.52,170.515,0.5864758665197201,10438598145,170.51,170.52,258,26,269606.7662900002,441831.48901999963,276446.6234900002,442984.27687000006,619.15834,2223.04929,132044.19656999997,102468.20328000002,762856.3484499999,148840.89998000005,842064.0725100004,203810.19985000006,912208.7664500005,229271.45776999995
2026-10-07T14:59:53.817187+00:00,obs-20261007-01,LIGHT,AVAXUSDT,1.0,11.217,11.218,11.217500000000001,0.8915039671930636,10517731859,11.217,11.218,355,80,546708.0734099998,1269906.7212400003,555210.7693099999,1267325.4544700002,9119.949400000001,27862.86433,145272.91402000003,184961.72605000003,283810.2953500001,293903.5854199999,322967.6776400003,388591.74496999994,425743.7503000003,504763.2561199998
2026-10-07T14:59:53.817187+00:00,obs-20261007-01,LIGHT,FILUSDT,1.0,1.0466,1.0467,1.04665,0.9554748710116634,9894337374,1.0466,1.0467,235,29,169610.51698999997,98290.337547,168612.39453,88451.089828,22783.157464,152.469238,166130.552115,85353.872071,255528.36868699995,161905.327271,339819.741111,249438.68148199993,383528.8464829998,322620.3256449998
2026-10-07T14:59:53.817187+00:00,obs-20261007-01,LIGHT,ALGOUSDT,1.0,0.1159,0.116,0.11595,8.628127696290733,5664098267,0.1159,0.116,106,4,64833.6079,38173.459999999985,51975.0589,42354.77640000001,349.2067,1041.1,62771.975000000006,33281.06419999999,123190.5341,72384.65019999999,162571.27750000003,103100.53739999999,193004.9502,122323.81329999998
2026-10-07T14:59:53.817187+00:00,obs-20261007-01,LIGHT,XRPUSDT,1.0,1.4268,1.4269,1.42685,0.7008690776566517,26675749444,1.4268,1.4269,422,58,1582422.5110800003,1846932.9422700005,1477298.5355100005,1983953.307610001,23172.69862,95962.40666,943263.53532,1137292.1618000004,1991425.0781200002,1586158.6622400002,2955393.2397600017,2241419.9155099983,4337929.84648,2411002.704839998
2026-10-07T14:59:53.817187+00:00,obs-20261007-01,LIGHT,HBARUSDT,1.0,0.09257,0.09258,0.09257499999999999,1.0802635843143449,8392277485,0.09257,0.09258,340,12,183722.07037000003,91085.04016,176472.25807,98306.00263999999,782.76041,2183.8746699999997,210934.67490000004,116851.68927999998,339787.23751,212004.05167,522544.0453000002,355680.83107999986,1006356.9404900005,723049.5867899999
2026-10-07T15:00:53.819507+00:00,obs-20261007-01,LIGHT,PEPEUSDT,1.0,4.01e-06,4.02e-06,4.015e-06,24.937655860348684,8827734835,4.01e-06,4.02e-06,267,91,365922.31782747,544159.28266743,516406.28063372034,527966.8195644399,4983.32429463,10579.71502614,92515.91239849999,142961.95493916,394821.3500185,296170.07004349004,675992.96335795,537940.4275366701,1012574.8954305201,993831.1801785402
2026-10-07T15:00:53.819507+00:00,obs-20261007-01,LIGHT,BNBUSDT,1.0,766.34,766.35,766.345,0.13049038285917192,20908137608,766.34,766.35,493,259,3315109.5284899953,2512393.556200001,3856133.1164200017,2476743.093110002,38056.04074999999,13779.212609999999,920884.6879400006,915474.9966899998,1578565.0902200008,1599506.647959999,3660645.440650004,3744578.9719899995,5721500.17739002,5243459.762709991
2026-10-07T15:00:53.819507+00:00,obs-20261007-01,LIGHT,AAVEUSDT,1.0,170.61,170.62,170.615,0.5861321141775733,10438603203,170.61,170.62,402,94,631591.9608700005,885408.15138,704746.9997299999,890606.3085700008,4426.8785400000015,25098.40402000001,150633.47254,100945.69055000003,678525.6124000002,149932.89911000003,753810.0554500005,199017.2632000001,837492.9767800003,227587.41071
2026-10-07T15:00:53.819507+00:00,obs-20261007-01,LIGHT,AVAXUSDT,1.0,11.204,11.205,11.2045,0.8925383791491548,10517739219,11.204,11.205,448,173,794289.2535499997,2043254.5622599977,782139.96315,2041481.5788699994,11772.904879999998,8005.591500000004,195933.67499000006,186399.84323000003,289462.18273000006,296513.57756999996,338126.53490000014,387829.45339999994,453948.2548100001,505938.5954099998
2026-10-07T15:00:53.819507+00:00,obs-20261007-01,LIGHT,FILUSDT,1.0,1.0459,1.046,1.04595,0.9561143512759607,9894339956,1.0459,1.046,338,107,428653.3263190003,207076.13261899998,442390.4915410004,176961.01940200003,60275.30045000002,6058.165739999999,156544.12535600003,105455.82586199998,250051.31249,177137.30226899998,330212.19027099985,272233.8794879999,375002.0312819997,351594.3630169997
2026-10-07T15:00:53.819507+00:00,obs-20261007-01,LIGHT,ALGOUSDT,1.0,0.1159,0.116,0.11595,8.628127696290733,5664099559,0.1159,0.116,178,1,62641.828099999984,26841.4005,70860.97899999999,25151.711199999994,0.0,29.928,53172.971999999994,36489.4658,113938.4248,74787.6496,154352.12660000002,104790.2267,183579.99430000005,124013.50259999998
2026-10-07T15:00:53.819507+00:00,obs-20261007-01,LIGHT,XRPUSDT,1.0,1.4249,1.425,1.42495,0.7018036353434454,26675757222,1.4249,1.425,485,209,3831239.0519599994,4292502.373170005,4160704.76447,4168686.917049998,169107.27982,92542.09972999997,886480.2582600003,1241018.6137599996,1725978.5986300004,1556707.7196,2686872.337050001,2346084.8408699995,4039286.1424800013,2498132.577419999
2026-10-07T15:00:53.819507+00:00,obs-20261007-01,LIGHT,HBARUSDT,1.0,0.09251,0.09252,0.092515,1.080964220085967,8392280466,0.09251,0.09252,314,109,474325.09427000006,552413.06179,560633.7189199997,531626.1986800001,44879.276450000005,11340.264349999992,121122.96044,118221.53094999999,255356.45217000003,223175.90314000004,447553.0073700001,369312.96378,920211.1336000003,733875.9132399998
2026-10-07T15:01:53.844707+00:00,obs-20261007-01,LIGHT,PEPEUSDT,1.0,3.99e-06,4e-06,3.995e-06,25.062656641603454,8827739383,3.99e-06,4e-06,416,221,1426173.7516755506,1461703.3990338186,1637465.4771527594,1266437.3623940395,242118.98882990007,43046.79656408,115645.92184088999,112503.38988799999,310267.48243694997,286016.04295495996,680794.92791477,506538.4027147499,925468.1381966001,952504.2348184099
2026-10-07T15:01:53.844707+00:00,obs-20261007-01,LIGHT,BNBUSDT,1.0,765.48,765.49,765.485,0.130636985944399,20908151271,765.48,765.49,555,327,7043289.892270001,6094278.807540002,6890869.265690001,6108103.391299999,118382.6944499999,21231.448180000007,964896.8408799998,800278.0785899995,1557007.7738099995,1521569.7798899992,4036187.4324199995,2958676.5714200013,6469877.09830002,5194854.112919993
2026-10-07T15:01:53.844707+00:00,obs-20261007-01,LIGHT,AAVEUSDT,1.0,170.18,170.19,170.185,0.5876131155235775,10438609936,170.18,170.19,483,150,1371648.4014000008,846213.3767600001,1417253.02661,817142.4031300008,11834.240010000003,12050.38477,575130.45451,96340.90773000004,625265.1438699999,143781.16317000007,764066.92567,205808.0915000001,824485.36158,242817.56474000003
2026-10-07T15:01:53.844707+00:00,obs-20261007-01,LIGHT,AVAXUSDT,1.0,11.17,11.171,11.1705,0.8952551477170445,10517755164,11.17,11.171,535,373,2008511.1856000018,4727929.535560004,2015782.92298,4754765.954260002,41241.71233,56758.11100999995,134817.29849999998,146029.48417,230460.91002999997,236324.35593999998,368241.95244,354353.18739,477670.12532,396533.36656999955
2026-10-07T15:01:53.844707+00:00,obs-20261007-01,LIGHT,FILUSDT,1.0,1.0426,1.0427,1.04265,0.9591406100128985,9894348601,1.0426,1.0427,496,406,1063543.1519310009,537926.1218759997,1177180.3154559997,538015.662678,130540.02843700003,26812.929581000015,69913.004283,52243.809091,140162.86528900004,136275.19419799995,231487.3865600001,251373.373181,282244.1773759999,324969.700595
2026-10-07T15:01:53.844707+00:00,obs-20261007-01,LIGHT,ALGOUSDT,1.0,0.1154,0.1155,0.11545,8.665511265164572,5664104054,0.1154,0.1155,291,24,370807.6012000002,181225.72049999988,389616.1382999999,143531.92130000005,8396.5187,176.9887,23412.3182,27559.1049,94564.97330000001,63751.0518,158234.64630000002,109728.2428,187681.53759999995,123836.7982
2026-10-07T15:01:53.844707+00:00,obs-20261007-01,LIGHT,XRPUSDT,1.0,1.4241,1.4242,1.42415,0.7021978793630979,26675770958,1.4241,1.4242,558,448,7760238.745049999,6655116.570299995,7485498.742140005,6764344.247229995,196694.37928999995,154850.38472000015,1237907.81798,1102668.82807,1975223.0482500002,1448333.34268,3157590.59953,2232821.216009999,4354307.9261599975,2371622.26302
2026-10-07T15:01:53.844707+00:00,obs-20261007-01,LIGHT,HBARUSDT,1.0,0.09236,0.09237,0.092365,1.0827197921181586,8392286143,0.09236,0.09237,472,91,1380065.43694,1710452.2569100014,1371159.2191599996,1600021.5957499999,8388.32967,15342.184669999997,146054.59124000004,113595.16724000001,267539.78903000004,215233.96656000003,477365.1132900002,363419.48121000006,951984.2904300002,712289.34897
2026-10-07T15:02:53.849506+00:00,obs-20261007-01,LIGHT,PEPEUSDT,1.0,4e-06,4.01e-06,4.005e-06,24.999999999999467,8827741253,4e-06,4.01e-06,350,84,767273.7232408298,496065.7406331497,713415.7029471302,613056.49944929,1305.7895724300004,25488.962460389994,77524.181792,132523.15993159,246022.66370831,295298.69197320996,593152.08367443,512218.29647117,994838.48163833,912496.5150428001
2026-10-07T15:02:53.849506+00:00,obs-20261007-01,LIGHT,BNBUSDT,1.0,765.82,765.83,765.825,0.1305789872296792,20908165516,765.82,765.83,554,329,6969440.595410005,5339926.343839999,6715135.040000002,5467730.905719998,45913.01829999997,12035.911499999997,920638.1324700007,829215.3479699997,1688235.5827800003,1449692.63833,3717466.848450001,2832893.6033400022,6586943.319880019,5089141.228930003
2026-10-07T15:02:53.849506+00:00,obs-20261007-01,LIGHT,AAVEUSDT,1.0,170.45,170.46,170.45499999999998,0.586682311529696,10438614267,170.45,170.46,430,101,961681.5395699992,559306.13735,922799.7664499996,597437.5862699999,6015.327190000002,11978.54049,131319.77658,85334.3837,660567.0604899998,125349.67882999999,772183.8924100001,180641.6665000001,1361611.798519999,209175.98693000004
2026-10-07T15:02:53.849506+00:00,obs-20261007-01,LIGHT,AVAXUSDT,1.0,11.187,11.188,11.1875,0.893894699205422,10517769956,11.187,11.188,532,280,1531287.66008,4356930.117340004,1470563.1042199996,4417930.377989999,35838.438610000005,40681.48669999998,160531.44872,135875.87815,245052.9038000001,239612.40522000002,427900.53440000024,295458.04534999985,521532.04382000025,413188.3693399995
2026-10-07T15:02:53.849506+00:00,obs-20261007-01,LIGHT,FILUSDT,1.0,1.0444,1.0445,1.0444499999999999,0.9574875526618953,9894356534,1.0444,1.0445,508,145,803828.3413069999,589243.1875730001,767882.9375890001,638269.1087089997,8308.420054999999,8460.254231,63283.54162900001,74780.596577,130590.84886799999,145329.23222900004,258939.43616100005,214598.121519,318501.82801199984,294517.109786
2026-10-07T15:02:53.849506+00:00,obs-20261007-01,LIGHT,ALGOUSDT,1.0,0.1156,0.1157,0.11565,8.650519031141446,5664107839,0.1156,0.1157,240,11,155542.54340000005,69607.30680000002,142920.529,95111.5442,831.1108000000002,1336.6185000000003,23808.2669,24683.571200000002,71094.58050000001,56569.6174,158194.60210000005,86554.30219999999,198552.53320000006,98007.91369999999
2026-10-07T15:02:53.849506+00:00,obs-20261007-01,LIGHT,XRPUSDT,1.0,1.4258,1.4259,1.42585,0.7013606396411021,26675782879,1.4258,1.4259,548,180,7285792.797599998,7570535.650379992,7052301.166220001,7779279.838119995,46928.890820000015,199009.02375999987,1136311.38949,1000661.8326699999,2182116.0559000005,1390038.55265,3156015.9119699993,2035974.56395,4597283.740929996,2211499.109539999
2026-10-07T15:02:53.849506+00:00,obs-20261007-01,LIGHT,HBARUSDT,1.0,0.09245,0.09246,0.09245500000000001,1.0816657652790163,8392291723,0.09245,0.09246,481,71,1001874.9030500005,701652.2766199996,984263.9021000008,739106.64998,3932.73061,9605.23078,121487.73757000001,99592.21098000002,275764.42504,184386.33593,488243.9880400001,329197.0225900001,971937.9014500001,677011.8518700001
2026-10-07T15:03:53.880387+00:00,obs-20261007-01,LIGHT,PEPEUSDT,1.0,4e-06,4.01e-06,4.005e-06,24.999999999999467,8827744199,4e-06,4.01e-06,346,60,1622814.5373992408,894595.2962996103,1462785.33233068,887382.2443799601,13942.06634669,20290.555551700003,93327.00633999999,124125.10130199,266633.13450958,298270.44033957,615084.36275927,519381.34838122,997485.50464665,909635.84182861
2026-10-07T15:03:53.880387+00:00,obs-20261007-01,LIGHT,BNBUSDT,1.0,765.49,765.5,765.495,0.13063527936285624,20908177087,765.49,765.5,543,236,7280615.957360002,4824712.292780001,7410525.277569999,4887270.708859995,15860.811600000008,6091.39564,860988.3505499997,834889.8037199999,1498745.6101499994,1385396.1381999997,3592191.0915199993,2688690.4811500004,6213368.339870014,4925564.503009998
2026-10-07T15:03:53.880387+00:00,obs-20261007-01,LIGHT,AAVEUSDT,1.0,170.61,170.62,170.615,0.5861321141775733,10438618076,170.61,170.62,404,93,885056.7989100001,308462.60484000004,774897.84688,324750.2082999998,30527.45568,13273.355480000002,149279.83778,78379.59126,760824.9157900001,124914.72479,871389.0019800003,164535.07506000006,1465160.06646,194878.7708
2026-10-07T15:03:53.880387+00:00,obs-20261007-01,LIGHT,AVAXUSDT,1.0,11.161,11.162,11.1615,0.8959770629890507,10517782654,11.161,11.162,504,266,1427067.2810300007,3428528.7995199985,1478727.0246400011,3410808.406450004,57554.23447000002,41355.93160000001,149924.36364999998,108026.27291999999,270680.98364,188280.60656999995,377635.57292999997,304027.6916300001,506173.56101999996,344622.53035999974
2026-10-07T15:03:53.880387+00:00,obs-20261007-01,LIGHT,FILUSDT,1.0,1.0442,1.0443,1.04425,0.9576709442637998,9894361330,1.0442,1.0443,462,53,546403.8704740001,462557.9105510002,544442.4837329998,458343.51151600014,6228.244813,2136.187899,85934.54694,71929.93152299999,133414.649128,138693.431818,264768.26579599996,218401.1038700001,320229.7601119998,292642.41033200023
2026-10-07T15:03:53.880387+00:00,obs-20261007-01,LIGHT,ALGOUSDT,1.0,0.1155,0.1156,0.11555,8.65800865800681,5664110565,0.1155,0.1156,200,3,134904.2764,109559.66930000001,143282.90399999998,100082.48719999999,1019.172,115.5,28197.8895,19747.9558,96113.8982,60633.768299999996,155145.8069,94289.06190000002,191330.47860000003,107227.7936
2026-10-07T15:03:53.880387+00:00,obs-20261007-01,LIGHT,XRPUSDT,1.0,1.4255,1.4256,1.4255499999999999,0.701508242721971,26675791289,1.4255,1.4256,508,91,4692926.264020004,4932078.193249995,4813795.999760002,4864797.84969,33935.767940000005,32916.17507999999,1086231.78699,1055729.80812,2107367.55759,1446926.0395700003,3037882.1112099993,2098278.5500999996,4478069.487309996,2278262.169889999
2026-10-07T15:03:53.880387+00:00,obs-20261007-01,LIGHT,HBARUSDT,1.0,0.09233,0.09234,0.092335,1.0830715910326028,8392295061,0.09233,0.09234,384,50,493044.94049,580069.69761,515143.93591,538543.0511199996,2548.55893,5620.496069999999,141585.60517000002,102017.04093999999,267114.77362,209541.63745000004,473245.04088,365938.23472000007,952906.5161099999,714291.9650900001
2026-10-07T15:04:53.886486+00:00,obs-20261007-01,LIGHT,PEPEUSDT,1.0,4.01e-06,4.02e-06,4.015e-06,24.937655860348684,8827745835,4.01e-06,4.02e-06,279,35,824422.46292502,611925.0566767001,782070.8781051401,607811.6325955302,17804.70423281,55917.83274808001,19092.950655279998,151550.40690389997,213296.49780728,302502.02273489,473198.16474236996,621818.5174938401,985623.7637525998,895744.1055390602
2026-10-07T15:04:53.886486+00:00,obs-20261007-01,LIGHT,BNBUSDT,1.0,765.38,765.39,765.385,0.1306540541956558,20908186708,765.38,765.39,517,217,3482720.0502500013,2145225.220649998,3343455.2161499998,1861190.4903800003,36226.747939999994,10006.188959999992,879479.6959299999,908647.4935899996,1519175.08596,1662539.6427999993,3922701.5403599986,2972057.2667700006,6456185.85017001,5200426.166369992
2026-10-07T15:04:53.886486+00:00,obs-20261007-01,LIGHT,AAVEUSDT,1.0,170.57,170.58,170.575,0.5862695667468998,10438621449,170.57,170.58,339,59,811931.2381000002,471839.1034400001,851760.8990000002,438181.0483300002,21408.78182,2751.2503100000004,173042.25979,94477.05278,724120.99945,146610.92281,834342.3779500001,198180.00587000008,1422706.4092299999,226983.34957000002
2026-10-07T15:04:53.886486+00:00,obs-20261007-01,LIGHT,AVAXUSDT,1.0,11.158,11.159,11.1585,0.8962179602090004,10517791634,11.158,11.159,468,202,908229.3074899998,2420577.531769999,944631.48091,2371181.5605499996,15944.380090000002,17699.866650000014,128981.81035,141543.68244000003,268663.33693000005,237975.85208,341240.91283000004,353137.93811000016,469788.27933000005,392897.20811999985
2026-10-07T15:04:53.886486+00:00,obs-20261007-01,LIGHT,FILUSDT,1.0,1.043,1.0431,1.04305,0.9587727708537663,9894364812,1.043,1.0431,394,57,417393.9800350001,346678.9734890002,446584.722119,312345.598127,9102.419746999998,842.3018639999999,72714.03014999999,70418.56911,146500.726815,147620.921965,235963.81500900004,244764.98391700003,292943.9574839998,322484.6180630002
2026-10-07T15:04:53.886486+00:00,obs-20261007-01,LIGHT,ALGOUSDT,1.0,0.1153,0.1154,0.11535000000000001,8.673026886383273,5664112498,0.1153,0.1154,122,4,78167.3566,85798.80190000002,84173.20550000001,69231.8116,41.544000000000004,455.76250000000005,36781.510299999994,14920.9428,99182.4902,53166.46860000001,159332.7294,101441.44120000003,187888.2113,122933.81510000004
2026-10-07T15:04:53.886486+00:00,obs-20261007-01,LIGHT,XRPUSDT,1.0,1.425,1.4251,1.4250500000000001,0.7017543859655362,26675796902,1.425,1.4251,448,83,2345536.81251,3096011.4874499985,2561741.6084800023,2901557.4470699993,46482.87445999999,39365.71002,974593.1280400001,1126129.6903100002,1900338.8392999996,1472216.8064500005,2884664.278699999,2291575.86327,4263097.691649998,2483723.27225
2026-10-07T15:04:53.886486+00:00,obs-20261007-01,LIGHT,HBARUSDT,1.0,0.0923,0.09231,0.092305,1.0834236186352264,8392298048,0.0923,0.09231,328,144,478989.94539999973,359881.33781,493665.9843799998,348820.47681999987,3952.65733,6617.238620000007,143389.66884,111436.14885000001,259378.68703000003,179454.62409000003,458821.9949400002,369928.8305500001,938243.8769500001,725352.82608
2026-10-07T15:05:53.897189+00:00,obs-20261007-01,LIGHT,PEPEUSDT,1.0,4.01e-06,4.02e-06,4.015e-06,24.937655860348684,8827747510,4.01e-06,4.02e-06,293,25,483052.7499528399,356042.89474306,433547.85662722006,454230.42429014,38426.21392625,29596.955305859996,141116.86023767,102986.23768571999,254055.80282166996,279974.30362456,486840.23496347,517850.7478148,860798.8378032501,952363.22524831
2026-10-07T15:05:53.897189+00:00,obs-20261007-01,LIGHT,BNBUSDT,1.0,765.56,765.57,765.565,0.13062333455327035,20908195972,765.56,765.57,517,195,3233326.7528400025,1686091.9446600003,3265892.57146,1672221.8567999988,15128.87662,5722.654810000003,1002892.0347199999,959842.0618799999,1633780.57368,1683731.8157699995,3698539.828729999,2986770.0429600016,5973030.10769001,5222575.013519995
2026-10-07T15:05:53.897189+00:00,obs-20261007-01,LIGHT,AAVEUSDT,1.0,170.84,170.85,170.845,0.5853430110036584,10438625790,170.84,170.85,374,81,739846.1119900004,502705.97297000006,715648.0990900003,506875.0710399999,15522.512050000001,12281.131319999999,101362.89838999997,104993.24972999998,720395.80533,160649.52179999996,834856.5483599997,194763.07288,1429390.5749800003,226099.54471
2026-10-07T15:05:53.897189+00:00,obs-20261007-01,LIGHT,AVAXUSDT,1.0,11.17,11.171,11.1705,0.8952551477170445,10517799870,11.17,11.171,483,167,840754.1182500003,2393924.3888600017,783813.9779399998,2399663.0934900003,11822.378659999995,17390.076749999997,162022.07081999996,171704.02949999998,255051.30270000003,260291.8192499999,397844.7315800001,349189.4312399997,524264.26886,387493.5589799994
2026-10-07T15:05:53.897189+00:00,obs-20261007-01,LIGHT,FILUSDT,1.0,1.0437,1.0438,1.0437500000000002,0.958129730765922,9894368089,1.0437,1.0438,378,80,357622.60017300013,392986.80030499987,330838.04103499977,407364.336341,2913.2700640000003,13187.530058,97133.844064,68805.815016,156404.625332,142696.067642,262369.51299600006,234570.85458200006,318109.91796799976,312468.7103360002
2026-10-07T15:05:53.897189+00:00,obs-20261007-01,LIGHT,ALGOUSDT,1.0,0.1154,0.1155,0.11545,8.665511265164572,5664116158,0.1154,0.1155,216,14,257307.51939999996,244594.785,254710.7918,237785.27,9700.874500000002,788.5938,35837.480599999995,23090.3068,104129.01509999999,58477.434,154968.43219999998,112704.16629999998,188498.1935,126812.86059999999
2026-10-07T15:05:53.897189+00:00,obs-20261007-01,LIGHT,XRPUSDT,1.0,1.4255,1.4256,1.4255499999999999,0.701508242721971,26675802653,1.4255,1.4256,490,99,2611492.842069998,3076015.584900002,2601085.13338,2914532.3772400003,62925.699590000004,53758.48804,875397.8706399999,1289194.9129299999,2020143.8551400003,1540847.9891999997,2832085.0239299997,2455112.741569999,4265752.216169996,2647749.379099999
2026-10-07T15:05:53.897189+00:00,obs-20261007-01,LIGHT,HBARUSDT,1.0,0.09233,0.09234,0.092335,1.0830715910326028,8392301699,0.09233,0.09234,381,144,520208.2258700003,343899.15098999994,512384.92966999975,340402.2468300001,4634.86313,6574.036989999994,137171.85295,112959.07170999999,260767.60916,224623.45451000004,466392.29810000013,380495.99987000006,946152.55789,728849.73024
2026-10-07T15:06:53.897260+00:00,obs-20261007-01,LIGHT,PEPEUSDT,1.0,4.01e-06,4.02e-06,4.015e-06,24.937655860348684,8827748069,4.01e-06,4.02e-06,245,23,291266.6320266301,66972.00291178001,275616.69999903004,82319.17275067003,2318.9607685599995,4765.928651819999,139804.36510246998,87017.96616078,248478.50707447,267221.04250758,502490.16699107,502503.57797591004,863773.01095151,932185.60739106
2026-10-07T15:06:53.897260+00:00,obs-20261007-01,LIGHT,BNBUSDT,1.0,766.01,766.02,766.015,0.13054659860900486,20908205067,766.01,766.02,527,209,4811809.697929998,3499620.0310000004,4297746.3842400005,3529397.645719998,8034.2851900000005,17976.691220000004,929789.84387,896843.5007099999,1664991.7127600003,1551356.2394900003,3825926.5922200023,3055734.661840001,6583746.103970015,5211282.879879994
2026-10-07T15:06:53.897260+00:00,obs-20261007-01,LIGHT,AAVEUSDT,1.0,170.86,170.87,170.865,0.5852744937362431,10438628424,170.86,170.87,377,47,332430.70524999994,396565.7334199998,328365.33840000007,387907.0749799998,7143.7773400000015,2506.88935,109461.58588999999,99062.836,261573.57032999993,161746.49143,838916.3335899997,203434.84587999998,1427512.2749,234953.54110999996
2026-10-07T15:06:53.897260+00:00,obs-20261007-01,LIGHT,AVAXUSDT,1.0,11.188,11.189,11.188500000000001,0.8938148015724678,10517808088,11.188,11.189,466,121,801251.2316299995,2504392.00826,766907.7265000002,2558012.9555699993,2438.5769099999993,15579.214330000003,150620.71132,149687.05202999996,265568.12062,251673.76101999998,430485.35359,297776.30973999994,529865.78174,414819.8391899997
2026-10-07T15:06:53.897260+00:00,obs-20261007-01,LIGHT,FILUSDT,1.0,1.0439,1.044,1.0439500000000002,0.9579461634245945,9894370646,1.0439,1.044,352,48,300786.90841499984,225274.30517,297319.0838450001,236496.04969699986,3358.58316,786.8957929999999,90918.52358199998,68790.89372000001,153449.90655999992,140196.97575600003,265829.90742,227122.58732900006,321326.3694419997,301275.96706800023
2026-10-07T15:06:53.897260+00:00,obs-20261007-01,LIGHT,ALGOUSDT,1.0,0.1154,0.1155,0.11545,8.665511265164572,5664117522,0.1154,0.1155,152,4,78353.6689,98018.45919999998,73845.62539999998,102334.2847,0.0,271.6259,37480.2188,19383.9486,95200.88990000001,56042.233199999995,157306.6757,108388.34079999998,192507.87419999996,122497.03509999998
2026-10-07T15:06:53.897260+00:00,obs-20261007-01,LIGHT,XRPUSDT,1.0,1.4263,1.4264,1.4263499999999998,0.7011147724877986,26675808764,1.4263,1.4264,474,105,2605216.3790600006,3313743.903039999,2473321.0914999996,3631740.007289999,98983.67047000001,49939.48779,975296.1376600001,982894.7024700001,2002771.54949,1378653.0956300003,2953293.4924300006,2155537.9151000003,4382463.678829996,2331673.37039
2026-10-07T15:06:53.897260+00:00,obs-20261007-01,LIGHT,HBARUSDT,1.0,0.09236,0.09237,0.092365,1.0827197921181586,8392305197,0.09236,0.09237,382,146,515485.0376299997,309836.04724000004,495037.2504299997,326876.7619399999,3060.70314,14659.023799999994,154300.17032,109575.89544000002,277612.9775899999,210972.77473,486472.1632400001,364274.19577000005,965552.59372,711869.8736900002
2026-10-07T15:07:53.944122+00:00,obs-20261007-01,LIGHT,PEPEUSDT,1.0,4.01e-06,4.02e-06,4.015e-06,24.937655860348684,8827748658,4.01e-06,4.02e-06,205,15,170972.90166002003,223437.04624638997,158867.31127546998,114504.08935166,1474.3371271899998,1007.2435378800001,131156.77159939,110649.69900293999,260245.33855939,383429.99314397,514595.75737561996,611436.53487064,814694.02091868,954278.12594449
2026-10-07T15:07:53.944122+00:00,obs-20261007-01,LIGHT,BNBUSDT,1.0,765.79,765.8,765.795,0.13058410269106702,20908218471,765.79,765.8,533,337,7114927.4845400015,4129423.30515,7316247.694189998,4167704.7749700034,27002.265639999994,17228.758139999994,731623.8286400001,887798.2707799999,1538433.8493499998,1538470.51462,3626607.88554,2920442.540580001,5933673.682950011,5163051.607189994
2026-10-07T15:07:53.944122+00:00,obs-20261007-01,LIGHT,AAVEUSDT,1.0,170.83,170.84,170.835,0.5853772756525544,10438632309,170.83,170.84,347,55,580748.7907999998,594766.9501099999,624048.7152499995,593244.6942300001,2822.99413,3936.4825400000013,80560.66837,97098.88855,697395.8973500001,151882.29029999996,791977.86868,207475.02811999994,1384449.75086,236855.1874999999
2026-10-07T15:07:53.944122+00:00,obs-20261007-01,LIGHT,AVAXUSDT,1.0,11.172,11.173,11.1725,0.8950948800556802,10517816818,11.172,11.173,472,132,1002974.1613300001,2595991.2881200006,1068538.5894699998,2554327.5832500015,14735.94269,36881.235830000005,194176.97300000003,162985.11174999998,292509.68692000007,258111.46706000005,366013.4071700001,337213.78346000006,498086.39299000014,375629.9989899999
2026-10-07T15:07:53.944122+00:00,obs-20261007-01,LIGHT,FILUSDT,1.0,1.0435,1.0436,1.0435500000000002,0.9583133684709644,9894374399,1.0435,1.0436,361,86,394067.5177099998,359518.98225500016,420521.18158599985,353936.0947859999,6454.189182999998,2282.011635,85269.02051700001,67878.40077899999,157248.98760600004,139453.81628799997,239394.86379600014,228776.82622399993,295328.7137799999,316635.7115360001
2026-10-07T15:07:53.944122+00:00,obs-20261007-01,LIGHT,ALGOUSDT,1.0,0.1153,0.1154,0.11535000000000001,8.673026886383273,5664119446,0.1153,0.1154,172,11,158020.60919999998,164973.42210000003,160863.44969999997,169897.11699999994,5491.9664999999995,9100.8888,49071.541099999995,16470.244,109589.49319999998,49315.7595,159642.69099999993,97152.38830000002,191160.97099999993,117401.52190000004
2026-10-07T15:07:53.944122+00:00,obs-20261007-01,LIGHT,XRPUSDT,1.0,1.4247,1.4248,1.42475,0.7019021548404503,26675818691,1.4247,1.4248,479,123,4864761.496969999,5700372.399940002,5092583.106150004,5528342.768030001,84914.68877999998,28201.069269999993,1044924.29479,1153008.2169599999,1947963.83542,1636955.7689400003,2792744.03467,2309650.7805199996,4186256.8011999987,2493282.997809999
2026-10-07T15:07:53.944122+00:00,obs-20261007-01,LIGHT,HBARUSDT,1.0,0.09234,0.09235,0.09234500000000001,1.0829542993273655,8392309873,0.09234,0.09235,399,156,596180.5711400004,754399.4198300003,611265.9410699997,758106.5284499998,4793.7898700000005,11485.631809999999,139187.74658,103027.03038,266991.58303999994,204580.48950000003,467027.8884300001,359748.1765500001,952874.74322,708102.1774599999
2026-10-07T15:08:53.978438+00:00,obs-20261007-01,LIGHT,PEPEUSDT,1.0,4.01e-06,4.02e-06,4.015e-06,24.937655860348684,8827749998,4.01e-06,4.02e-06,313,19,816541.6147253399,373868.25510894996,844071.0380565699,415474.87335023977,36.130188219999994,899.07712452,87825.55454951,146369.98159565998,227020.15273351,335817.58395396,487066.33404439,569829.91662935,808397.90679569,1001603.44208274
2026-10-07T15:08:53.978438+00:00,obs-20261007-01,LIGHT,BNBUSDT,1.0,765.47,765.48,765.475,0.1306386925681302,20908231425,765.47,765.48,568,330,8429031.953070011,7306815.466979998,8261780.144980002,7169602.102379995,245614.34858000002,49719.623159999996,828249.27221,894551.64349,1477609.4383499995,1661629.7829800001,3989125.6588999997,3055778.192940002,6425380.538440012,5287733.557619997
2026-10-07T15:08:53.978438+00:00,obs-20261007-01,LIGHT,AAVEUSDT,1.0,170.73,170.74,170.735,0.5857201429160241,10438636170,170.73,170.74,360,58,715605.0022199998,480026.70133,677345.7237500002,478756.66639999975,3627.40882,4704.27153,101274.86701000002,103995.15727,721788.6789200001,157302.43321999992,835811.64212,203957.15025999994,1424051.2745,235940.07361999986
2026-10-07T15:08:53.978438+00:00,obs-20261007-01,LIGHT,AVAXUSDT,1.0,11.161,11.162,11.1615,0.8959770629890507,10517830762,11.161,11.162,518,359,1432671.171359999,3871427.1576099982,1369248.33497,3899396.841089997,58582.158260000004,62782.931940000046,164921.58178000004,162008.37759000002,271891.3575500001,260621.10789999997,432094.44965,307233.28575999977,584657.9484599996,345868.0963999995
2026-10-07T15:08:53.978438+00:00,obs-20261007-01,LIGHT,FILUSDT,1.0,1.0426,1.0427,1.04265,0.9591406100128985,9894381069,1.0426,1.0427,463,118,557641.4072130001,497428.0740950001,556403.8259840002,470300.16652100004,9237.042884000004,2338.5066070000003,80615.89409299998,87879.36821500001,159997.830613,159780.47788000002,243350.47897700008,252150.17616799998,297908.4568079998,339146.660774
2026-10-07T15:08:53.978438+00:00,obs-20261007-01,LIGHT,ALGOUSDT,1.0,0.1154,0.1155,0.11545,8.665511265164572,5664121160,0.1154,0.1155,247,4,164413.8771,119507.38970000004,128808.34869999996,108927.41000000005,738.0984,2585.3362,58121.41190000001,34001.2306,126849.0812,72245.5319,189814.35499999998,114044.6256,225494.33099999995,126778.33240000001
2026-10-07T15:08:53.978438+00:00,obs-20261007-01,LIGHT,XRPUSDT,1.0,1.4241,1.4242,1.42415,0.7021978793630979,26675829853,1.4241,1.4242,536,151,5305316.0896000005,6508537.352210006,5346828.410590002,6460310.578800003,89896.39228,64591.578669999995,1154208.8791099999,1200699.6942100003,1815817.6974099998,1552880.7810500008,2945572.215219999,2357817.0271600005,4175636.3281199974,2542350.1510500014
2026-10-07T15:08:53.978438+00:00,obs-20261007-01,LIGHT,HBARUSDT,1.0,0.09226,0.09227,0.092265,1.083893344895337,8392313658,0.09226,0.09227,390,101,701927.5773700007,718593.4105800003,717245.9139500001,699503.9681900003,5564.69639,5116.125470000002,142495.19921,118550.93586,277489.72304,221854.37071000002,470273.20023,371378.2424500001,937781.78219,709272.9714200001
2026-10-07T15:09:53.979916+00:00,obs-20261007-01,LIGHT,PEPEUSDT,1.0,4.01e-06,4.02e-06,4.015e-06,24.937655860348684,8827750538,4.01e-06,4.02e-06,230,21,92234.22736329999,202292.98418069998,41054.85770649,228906.97543503004,648.8145153099999,1249.0371712799997,125717.50179554,87885.50169798,260671.42230753996,308244.97275477,538245.7037012,543215.92537502,818069.9425131399,975193.33198038
2026-10-07T15:09:53.979916+00:00,obs-20261007-01,LIGHT,BNBUSDT,1.0,765.88,765.89,765.885,0.13056875750816488,20908240304,765.88,765.89,530,202,4523628.104720004,4379808.338440002,4532359.145080002,4445614.3355399985,33874.20524000001,26684.52372999998,661525.7910899998,913581.0089399996,1394153.0870599996,1605843.8588100006,3593164.6287900005,2992186.3852900025,6364674.772630012,5253355.45453
2026-10-07T15:09:53.979916+00:00,obs-20261007-01,LIGHT,AAVEUSDT,1.0,170.83,170.84,170.835,0.5853772756525544,10438639432,170.83,170.84,348,40,800309.77888,528844.4629399999,806260.3458399998,536509.6971799997,2972.72696,6838.14495,174350.27917,100002.53551999999,710862.34022,149069.37482999996,825314.74141,202899.15771,1415585.3772000002,232531.97718999998
2026-10-07T15:09:53.979916+00:00,obs-20261007-01,LIGHT,AVAXUSDT,1.0,11.16,11.161,11.160499999999999,0.8960573476701761,10517838495,11.16,11.161,443,166,723154.7922800004,2295686.122910001,749044.87481,2224132.2864900003,14688.073980000005,7612.0816200000045,164713.37203000003,223257.65089000008,274442.4483200001,323693.1503400001,406211.88044,378769.7617600003,558691.6095899999,416401.7934
2026-10-07T15:09:53.979916+00:00,obs-20261007-01,LIGHT,FILUSDT,1.0,1.0435,1.0436,1.0435500000000002,0.9583133684709644,9894384321,1.0435,1.0436,381,34,333562.89672699966,279763.69786100014,311292.9082279998,312012.947788,701.406041,1372.2471260000002,74364.965111,68318.30153999999,153964.198752,148605.18307299993,261376.00735000003,224159.53864099996,318382.15460199973,308132.2583820001
2026-10-07T15:09:53.979916+00:00,obs-20261007-01,LIGHT,ALGOUSDT,1.0,0.1155,0.1156,0.11555,8.65800865800681,5664121973,0.1155,0.1156,182,1,82930.0455,52594.11260000001,76336.0638,60973.4829,0.0,464.77200000000005,68286.05990000001,32543.2929,128293.63939999999,75793.67,190932.56659999996,107407.58630000001,231015.52179999993,118966.16910000001
2026-10-07T15:09:53.979916+00:00,obs-20261007-01,LIGHT,XRPUSDT,1.0,1.4265,1.4266,1.4265500000000002,0.701016473887428,26675836533,1.4265,1.4266,484,85,4073621.969710001,3729782.046939998,3882119.3339000023,3880698.0334099974,49182.726520000004,101665.34876,794061.6719400001,1094072.02838,1898361.4572699997,1460737.8954500002,2894990.6977000004,2229298.7763200006,4346794.039669996,2407101.4842600008
2026-10-07T15:09:53.979916+00:00,obs-20261007-01,LIGHT,HBARUSDT,1.0,0.09242,0.09243,0.09242500000000001,1.08201687946341,8392316865,0.09242,0.09243,402,166,653114.9332399996,269594.13280000014,605024.26662,316730.84662000014,194.45785,12863.478119999976,152974.0215,102779.13224,285807.5898,190929.38283,497998.7891499999,335746.9283700001,979582.84083,666481.49659
2026-10-07T15:10:53.995270+00:00,obs-20261007-01,LIGHT,PEPEUSDT,1.0,4.01e-06,4.02e-06,4.015e-06,24.937655860348684,8827751099,4.01e-06,4.02e-06,232,40,54049.90468526998,227686.00206153007,56802.864684229986,297954.3414876001,560.25964823,2540.5111067399994,131042.60276909,16491.696372659997,257968.29676109,221360.46845245,535492.74370224,472947.58594895,815316.9825174101,930918.7458193401
2026-10-07T15:10:53.995270+00:00,obs-20261007-01,LIGHT,BNBUSDT,1.0,766.28,766.29,766.285,0.13050060030161958,20908250447,766.28,766.29,511,255,4004515.592130001,3496262.68155,3877225.8743499992,3495084.709500002,8560.721800000003,21479.34127,628484.2032599997,941169.5317700001,1357756.0469399998,1629490.5969,3519525.144040002,3199045.3230400006,6245524.137370015,5262016.639989996
2026-10-07T15:10:53.995270+00:00,obs-20261007-01,LIGHT,AAVEUSDT,1.0,170.89,170.9,170.89499999999998,0.5851717479088414,10438642439,170.89,170.9,322,37,858263.5289000003,498329.92221999983,757645.5442299998,501507.1038400001,3727.4458200000004,3074.8661199999997,261743.75219000006,101475.02648999999,323460.2223200002,147114.10613000003,917056.4702700003,201920.16991000003,1511681.9702000003,231085.02009
2026-10-07T15:10:53.995270+00:00,obs-20261007-01,LIGHT,AVAXUSDT,1.0,11.13,11.131,11.130500000000001,0.8984725965843765,10517847238,11.13,11.131,462,221,1037744.6981600007,2497589.0190200005,1101227.3482100002,2479723.9206299987,21502.29519999999,43257.19225000003,176155.68570000003,164166.8545,272901.46297,277653.37315,354657.0780599998,393980.3428200001,500722.44096000004,434020.95587000006
2026-10-07T15:10:53.995270+00:00,obs-20261007-01,LIGHT,FILUSDT,1.0,1.0428,1.0429,1.04285,0.9589566551593265,9894386839,1.0428,1.0429,386,31,312844.063192,239596.46181900002,328212.399257,217090.387833,3123.6260410000004,1070.661365,80163.41305300001,81084.016131,166081.02064600002,152938.223635,250239.6909910001,242412.002452,304904.5707479998,326266.943973
2026-10-07T15:10:53.995270+00:00,obs-20261007-01,LIGHT,ALGOUSDT,1.0,0.1156,0.1157,0.11565,8.650519031141446,5664123497,0.1156,0.1157,173,1,134047.27859999993,62876.349100000014,111262.62839999999,68596.288,0.0,1004.9108,46763.259000000005,33205.1428,137936.11870000002,76444.3244,206645.58080000003,101938.30019999998,242863.62660000002,117921.73249999998
2026-10-07T15:10:53.995270+00:00,obs-20261007-01,LIGHT,XRPUSDT,1.0,1.4279,1.428,1.42795,0.7003291547036383,26675845470,1.4279,1.428,497,120,4397582.214689994,4465384.343010002,4318959.221350005,4629171.256480001,54786.130950000006,45268.95960000003,978547.3973,970817.9886500001,1731308.1263800003,1439221.3065300002,2944802.4703000016,2075146.23089,4406155.579329998,2250029.6847399995
2026-10-07T15:10:53.995270+00:00,obs-20261007-01,LIGHT,HBARUSDT,1.0,0.09238,0.09239,0.092385,1.082485386447729,8392320970,0.09237,0.09238,419,127,647748.0026000001,457807.54644999997,667848.6739300004,443344.1109400001,25435.874629999995,13295.452110000002,136963.04108,102411.5666,286709.39230999997,199680.92816000007,479368.69448,348210.8467200002,959942.6442500001,680849.3727400003
2026-10-07T15:11:53.996829+00:00,obs-20261007-01,LIGHT,PEPEUSDT,1.0,4.02e-06,4.03e-06,4.025e-06,24.875621890549926,8827752181,4.02e-06,4.03e-06,261,68,315266.2750833599,473842.51038412034,199598.46697784995,597912.6417645399,190.90141025999998,9149.2168127,143491.5487623,110679.71856045001,261424.08860363,311876.25047489,502782.82225517,536898.97526757,831907.1191231301,968483.15903543
2026-10-07T15:11:53.996829+00:00,obs-20261007-01,LIGHT,BNBUSDT,1.0,766.65,766.66,766.655,0.13043761820874522,20908259137,766.65,766.66,493,259,3715821.6299700006,3988580.572240001,3593213.27331,4123750.4477100023,66186.83363000002,77977.89966999996,740444.6256899997,853926.4446600002,1398366.6411099993,1495781.8347199997,3589122.3439400005,3728795.1409299974,6148783.5468000155,5130650.708589998
2026-10-07T15:11:53.996829+00:00,obs-20261007-01,LIGHT,AAVEUSDT,1.0,171.28,171.29,171.285,0.5838393274171239,10438651985,171.28,171.29,412,271,2989747.0226999987,1275022.7341500004,3015376.9872599994,1267962.6258200018,84683.71508000002,26665.66734999999,183672.52833000003,94944.46448,278114.80050000007,155936.71175999995,840783.7869900002,210975.0916899999,1428109.1695000003,256846.68969999993
2026-10-07T15:11:53.996829+00:00,obs-20261007-01,LIGHT,AVAXUSDT,1.0,11.17,11.171,11.1705,0.8952551477170445,10517859219,11.17,11.171,499,384,1523530.909340001,3398205.519479999,1515301.418569999,3498919.3609,55014.484300000004,61445.50878999993,119349.29871999999,143921.54732,215435.72073000003,270888.31166999997,342219.5163999999,296987.6934500001,475076.51454,334222.6366499999
2026-10-07T15:11:53.996829+00:00,obs-20261007-01,LIGHT,FILUSDT,1.0,1.044,1.0441,1.04405,0.9578544061294991,9894389906,1.044,1.0441,379,60,314593.8806160001,271820.02807099995,288810.213169,317306.2161159999,3731.2163,6937.772252999999,81178.933156,72394.556663,163859.248292,149654.457551,271772.71848000004,208858.13457599995,328595.7108279998,296681.88295999996
2026-10-07T15:11:53.996829+00:00,obs-20261007-01,LIGHT,ALGOUSDT,1.0,0.1158,0.1159,0.11585000000000001,8.635578583764403,5664124999,0.1158,0.1159,197,8,100859.7115,72544.68809999998,122167.5693,81804.85640000002,438.18719999999996,938.7828999999999,29985.8344,36816.4252,104605.86250000002,72781.9578,171290.96200000003,99130.6576,206468.00130000006,111695.0628
2026-10-07T15:11:53.996829+00:00,obs-20261007-01,LIGHT,XRPUSDT,1.0,1.4292,1.4293,1.4292500000000001,0.6996921354596175,26675852970,1.4292,1.4293,483,88,3668371.3672499997,5023818.526709999,3936605.2849100013,4768219.267980001,38758.05674999999,40856.84778999999,789931.8857699999,1130392.3646399998,1279724.4495800007,1589954.2231500002,2663442.6551400023,2348907.5998,3353100.5976199987,2533498.3078399985
2026-10-07T15:11:53.996829+00:00,obs-20261007-01,LIGHT,HBARUSDT,1.0,0.0926,0.09261,0.09260499999999999,1.079913606911731,8392325189,0.0926,0.09261,400,121,1553603.0017500008,725675.3353700001,1545273.2550999997,757417.7461600001,7648.823979999999,24916.68166999998,115857.83199,96335.03372000004,242004.60341999997,186814.23232,465872.3892900001,327405.4000699999,957641.1612100004,658306.5435799998
2026-10-07T15:12:53.997218+00:00,obs-20261007-01,LIGHT,PEPEUSDT,1.0,4.01e-06,4.02e-06,4.015e-06,24.937655860348684,8827752997,4.01e-06,4.02e-06,220,24,532319.24504034,517982.16584443,587464.6210059397,339517.53376465006,10830.775537099998,1485.0634707699999,163876.81608028998,86516.15364107999,287375.62707229,283563.16731953004,564694.15664641,606237.64668937,848835.64122321,958814.6970367201
2026-10-07T15:12:53.997218+00:00,obs-20261007-01,LIGHT,BNBUSDT,1.0,766.31,766.32,766.315,0.13049549138166583,20908269437,766.31,766.32,548,263,3510582.758889998,4316104.556970002,3206568.848340001,4111248.313409996,15339.64051999999,15037.04991,949467.89493,985959.3289399999,1613088.6452700002,1699365.0219299996,4119762.040690004,3268854.750899999,6590448.698910017,5330935.883729992
2026-10-07T15:12:53.997218+00:00,obs-20261007-01,LIGHT,AAVEUSDT,1.0,171.42,171.43,171.425,0.583362501460627,10438656415,171.42,171.43,441,81,891190.9618900007,678082.4299100004,872588.45398,683487.9242300001,5803.392109999999,10703.97984,65171.38864999999,105378.87482,282780.0781299999,157369.91594,847731.8235000003,210851.2104199999,1432068.4711800003,250837.00270999997
2026-10-07T15:12:53.997218+00:00,obs-20261007-01,LIGHT,AVAXUSDT,1.0,11.147,11.148,11.1475,0.8971023593784544,10517867022,11.147,11.148,477,147,1131749.4572499997,2362127.8489099983,1100201.3456900003,2294415.44933,15490.928870000003,38049.55452999999,189732.34073,157384.96358999997,312338.84226,285415.8397299999,376165.8957899999,360220.5093099998,521469.9762300001,399921.8792999998
2026-10-07T15:12:53.997218+00:00,obs-20261007-01,LIGHT,FILUSDT,1.0,1.0416,1.0417,1.0416500000000002,0.9600614439331245,9894394021,1.0416,1.0417,451,83,623293.0408289995,317727.4811149998,647610.5822630004,265006.328862,5987.522954000001,2091.687237,97681.92349899998,70089.234192,195910.30337900002,145183.71837399996,257199.875383,244942.92146,303158.7785709998,338071.91133100004
2026-10-07T15:12:53.997218+00:00,obs-20261007-01,LIGHT,ALGOUSDT,1.0,0.1158,0.1159,0.11585000000000001,8.635578583764403,5664126353,0.1158,0.1159,146,13,87152.31159999997,48866.32250000001,89761.9716,41684.644700000004,3644.805,89.0112,43191.0415,44059.3293,102784.0917,79458.31699999998,168681.30200000003,106312.3354,204371.73370000004,118876.7183
2026-10-07T15:12:53.997218+00:00,obs-20261007-01,LIGHT,XRPUSDT,1.0,1.428,1.4281,1.4280499999999998,0.7002801120448154,26675863142,1.428,1.4281,540,122,5700679.10374,5700592.03899,5841269.421179998,5601823.788819993,122996.28047999996,27077.517340000002,1020036.3548500001,1307303.7409199998,1390184.3017800006,1769660.1839400006,2534961.3596500005,2433130.4800100005,4001491.8258499964,2629871.682039999
2026-10-07T15:12:53.997218+00:00,obs-20261007-01,LIGHT,HBARUSDT,1.0,0.09245,0.09246,0.09245500000000001,1.0816657652790163,8392328734,0.09245,0.09246,403,57,671487.3741499996,1014541.9207799999,682971.0230599997,959630.3531399998,3677.7102400000003,3310.5567299999993,157318.03087000002,112294.64233,269066.44027,203418.39376999994,482159.83547000017,373436.3041499999,942287.6447600003,707786.5298899998
2026-10-07T15:13:54.028284+00:00,obs-20261007-01,LIGHT,PEPEUSDT,1.0,4.02e-06,4.03e-06,4.025e-06,24.875621890549926,8827754259,4.02e-06,4.03e-06,272,43,371682.2744658001,451062.00543848006,273494.72794584004,658142.3181118598,1.0580680199999999,11399.873003649996,116602.20967992,28423.39496412,253793.31728276997,208586.31440168002,513817.5556781499,502983.07961257,801307.2453801498,872275.7945098501
2026-10-07T15:13:54.028284+00:00,obs-20261007-01,LIGHT,BNBUSDT,1.0,767.16,767.17,767.165,0.13035090463464627,20908285716,767.16,767.17,553,491,10213931.899420006,9790297.080960004,10415834.219870003,10432183.430180011,208707.85861,115595.60266999996,733443.1799499999,829999.7354700002,1495647.1709800016,1483537.5054099993,3567960.4265000043,3300095.1266699997,5705869.555700014,4969939.023579995
2026-10-07T15:13:54.028284+00:00,obs-20261007-01,LIGHT,AAVEUSDT,1.0,171.82,171.83,171.825,0.582004423235194,10438664470,171.82,171.83,482,178,1209708.80786,1112626.7206499998,1158697.43575,1146853.1111200005,9145.7627,17414.054190000017,92080.26854,85308.45675,303199.90397,139627.03621999998,408244.81724999996,196577.37485,946341.7832099998,225437.5776900001
2026-10-07T15:13:54.028284+00:00,obs-20261007-01,LIGHT,AVAXUSDT,1.0,11.168,11.169,11.1685,0.8954154727813801,10517881035,11.168,11.169,526,229,1744456.3599000024,3927540.7576599997,1745047.3357800015,3989647.6397299976,10335.930100000003,75511.61385999995,154039.55129,145447.05001,253998.97116000007,276044.50708,372317.00046999985,300503.9100399999,508605.23498000007,337548.0020499996
2026-10-07T15:13:54.028284+00:00,obs-20261007-01,LIGHT,FILUSDT,1.0,1.0436,1.0437,1.04365,0.9582215408210359,9894402917,1.0436,1.0437,512,291,1020391.6955260006,692586.7877630005,974766.2697110003,770371.5615779997,27808.438479000004,32223.330324000017,73296.073536,79616.14228399999,164207.091503,137934.46946899997,283640.9322370001,188564.57893199997,348469.4396259997,283222.5250320001
2026-10-07T15:13:54.028284+00:00,obs-20261007-01,LIGHT,ALGOUSDT,1.0,0.1161,0.1162,0.11615,8.613264427217437,5664129017,0.1161,0.1162,284,17,208152.74890000012,155540.11400000006,197975.3788,164366.9859,4482.991599999999,10313.715600000001,22892.4606,38599.0494,92163.0599,72268.6778,160200.3713,99515.9477,200796.3572,112387.7127
2026-10-07T15:13:54.028284+00:00,obs-20261007-01,LIGHT,XRPUSDT,1.0,1.4323,1.4324,1.43235,0.698177756055518,26675880164,1.4323,1.4324,569,221,10570196.954229992,10884003.250540009,10284961.889530001,11276194.31634,96792.09232,123532.99425000003,860265.90133,946493.74225,1370287.9066799993,1322619.4096000001,2724429.484159999,2067866.52608,3414317.4216399984,2303937.9976099995
2026-10-07T15:13:54.028284+00:00,obs-20261007-01,LIGHT,HBARUSDT,1.0,0.09271,0.09272,0.09271499999999999,1.0786322942513138,8392337221,0.09271,0.09272,466,195,2292554.3053799993,1823309.7847699989,2286589.5407100013,1890738.387320001,12192.385269999999,32209.718229999995,117177.08347000003,96327.07452000001,224865.9975,173044.22538000002,430353.7933999999,310037.92073999986,933613.9306100002,639856.9902799998
2026-10-07T15:14:54.063425+00:00,obs-20261007-01,LIGHT,PEPEUSDT,1.0,4.02e-06,4.03e-06,4.025e-06,24.875621890549926,8827755290,4.02e-06,4.03e-06,280,55,361481.9485893501,484497.4155872803,298887.51685944013,372174.7609369001,9.870607499999998,9501.310035100005,170795.00211869998,93802.60715943002,304817.04533785,306625.44018607005,576411.98740806,615305.73426295,874283.5132809,958348.98108098
2026-10-07T15:14:54.063425+00:00,obs-20261007-01,LIGHT,BNBUSDT,1.0,766.81,766.82,766.815,0.13041040153538574,20908297606,766.81,766.82,551,259,5611664.450149998,6922043.7708600005,5318576.659009993,6590364.916590004,28814.276910000004,35264.17131000001,788704.6928700001,1008498.5594100001,1606687.227430001,1561170.01049,4055001.129200003,3625440.315909999,6416206.91327002,5293815.838709999
2026-10-07T15:14:54.063425+00:00,obs-20261007-01,LIGHT,AAVEUSDT,1.0,171.7,171.71,171.70499999999998,0.5824111822949618,10438670551,171.7,171.71,445,125,819337.0323599995,908619.46837,973789.5376700001,871303.5705700001,11454.412489999999,8608.242990000004,72013.75263999998,117378.51464999997,169600.11082000003,169167.41739999995,732022.4872900001,233100.06250999993,804675.9582000001,265641.38892
2026-10-07T15:14:54.063425+00:00,obs-20261007-01,LIGHT,AVAXUSDT,1.0,11.161,11.162,11.1615,0.8959770629890507,10517890677,11.161,11.162,516,119,1538044.8286000015,2964575.1771300007,1421598.7496299993,2938214.498140001,12633.80084,37356.703799999996,284041.38096,171663.14361000006,416054.20030999987,275377.4899800001,490716.8675799997,324124.1654100001,634288.6133099992,362739.18060999986
2026-10-07T15:14:54.063425+00:00,obs-20261007-01,LIGHT,FILUSDT,1.0,1.0433,1.0434,1.04335,0.958497076586351,9894408055,1.0433,1.0434,482,97,655091.4626989998,452698.41062699986,687035.7436289999,444495.32230199984,10889.466479999995,3250.5589990000003,70614.832488,70723.316596,162062.311848,136215.93863699998,251722.06417300005,196700.08006200005,315317.83016299974,287848.20691600017
2026-10-07T15:14:54.063425+00:00,obs-20261007-01,LIGHT,ALGOUSDT,1.0,0.116,0.1161,0.11605,8.620689655172153,5664130851,0.116,0.1161,194,8,143723.09900000005,70281.25799999997,157987.58389999997,65338.06090000001,65.01599999999999,175.8132,34971.9609,24865.7163,83021.9721,69693.0324,153318.0965,102924.27429999998,185543.06210000007,117027.92419999998
2026-10-07T15:14:54.063425+00:00,obs-20261007-01,LIGHT,XRPUSDT,1.0,1.4301,1.4302,1.4301499999999998,0.6992518005732862,26675892207,1.4301,1.4302,563,152,6998865.064279998,7438655.573659996,7311093.846370001,6982678.43057,108082.07515999992,79059.52641999998,840566.69039,1305005.93651,1291371.49006,1612777.4982599996,2447460.5444700005,2518587.79336,3175554.9186700005,2717175.8867599987
2026-10-07T15:14:54.063425+00:00,obs-20261007-01,LIGHT,HBARUSDT,1.0,0.09261,0.09262,0.092615,1.0797969981646283,8392343088,0.09261,0.09262,480,200,869305.6787100008,853686.6042399999,853175.9171999999,807569.7565800005,5815.851720000001,10112.80654999997,147399.48904999995,112722.35434,270402.91679,213651.44191000005,466468.40830000007,355746.77424999996,952378.6729000004,681293.6346199998
2026-10-07T15:15:54.079204+00:00,obs-20261007-01,LIGHT,PEPEUSDT,1.0,4.02e-06,4.03e-06,4.025e-06,24.875621890549926,8827756289,4.02e-06,4.03e-06,317,14,327408.75634850026,256649.7813174603,325667.0094447303,264052.91209425026,386.15962013999996,3797.791254920001,128738.69208941999,110328.72924476,298215.61477483995,303551.32746868,578153.7343118299,607902.6034861599,876035.2601824199,950925.85030739
2026-10-07T15:15:54.079204+00:00,obs-20261007-01,LIGHT,BNBUSDT,1.0,766.61,766.62,766.615,0.13044442415344193,20908307521,766.61,766.62,511,202,5215706.243049998,3970447.7965899976,5580637.93906,3936955.532599998,41783.47659999999,8937.835689999994,675863.0303400003,921577.6418499995,1431749.4683200005,1580568.7547199992,3542824.5106700025,3657084.0573499985,5639939.761350018,5306713.488489999
2026-10-07T15:15:54.079204+00:00,obs-20261007-01,LIGHT,AAVEUSDT,1.0,171.86,171.87,171.865,0.581868963109855,10438675445,171.86,171.87,450,121,1021493.17593,754969.14386,1015894.3660599998,774031.54161,5953.9177,22392.033720000007,56573.038970000016,118980.22496999998,157096.79051,158652.92985,268377.83484,216802.96123,804204.5840599998,246173.20277000003
2026-10-07T15:15:54.079204+00:00,obs-20261007-01,LIGHT,AVAXUSDT,1.0,11.139,11.14,11.1395,0.8977466558945935,10517898915,11.139,11.14,473,124,1076548.8314100006,2436442.879800001,1250656.9259899994,2399494.9574599997,17909.265829999997,40235.70657999999,150610.31291,146867.03298000005,270242.7602800001,264753.73227000004,318368.52914000006,357084.84517000004,464127.49508000014,396284.80330999993
2026-10-07T15:15:54.079204+00:00,obs-20261007-01,LIGHT,FILUSDT,1.0,1.0429,1.043,1.0429499999999998,0.9588647041902654,9894411035,1.0429,1.043,359,57,308053.9781240001,276666.7833149999,292935.5322969998,262965.92202600004,2880.340211,2615.51841,87153.714193,71304.26235900001,199787.26415600005,145573.91953600003,270975.88226900005,206617.3487760001,330525.9706069998,301227.45083600015
2026-10-07T15:15:54.079204+00:00,obs-20261007-01,LIGHT,ALGOUSDT,1.0,0.1159,0.116,0.11595,8.628127696290733,5664133299,0.1159,0.116,222,5,201605.05519999997,96763.6463,200831.74830000006,89969.5829,826.8027,97.67200000000001,34743.3212,26657.6455,118726.23879999999,68443.426,159312.27779999998,103487.1653,188597.7721,123571.19159999999
2026-10-07T15:15:54.079204+00:00,obs-20261007-01,LIGHT,XRPUSDT,1.0,1.4285,1.4286,1.42855,0.7000350017505319,26675899305,1.4285,1.4286,481,87,3503494.998930002,4878596.55102,3695123.8288300005,4808848.850099998,38434.32208000001,48747.961480000005,745071.8135899999,1079143.7202200003,1125369.7604599996,1665847.80987,2323900.241,2587543.09576,3747826.2571699987,2779504.3634999995
2026-10-07T15:15:54.079204+00:00,obs-20261007-01,LIGHT,HBARUSDT,1.0,0.09254,0.09256,0.09255,2.161227577264224,8392347026,0.09254,0.09256,389,71,938711.0506900006,634248.6838600002,942336.4339400005,620496.2547099999,5688.926739999999,5383.449459999999,165247.02946,106942.23836000002,275184.07863,217638.2668,468022.7747600001,368603.4649299999,948931.6699700003,691400.0710299999
2026-10-07T15:16:54.079964+00:00,obs-20261007-01,LIGHT,PEPEUSDT,1.0,4.02e-06,4.03e-06,4.025e-06,24.875621890549926,8827757658,4.02e-06,4.03e-06,267,55,242938.28192134996,550037.6356137203,250438.04703697,578486.4577552801,10352.443086820002,8054.554547130001,157879.47108942,94977.01723016001,278520.82395144,291149.71646296,539964.06228015,586182.18801871,818403.3949902101,929264.8959401599
2026-10-07T15:16:54.079964+00:00,obs-20261007-01,LIGHT,BNBUSDT,1.0,767.08,767.09,767.085,0.13036449914016757,20908316215,767.08,767.09,484,177,3944615.606540002,3849698.3648599996,3590103.54062,3924575.126399999,4387.580620000003,5790.1082000000015,560705.5154399999,946022.6752299999,1319771.3370400008,1600504.9334800006,3662556.6121300035,3589789.008850001,6111168.752670017,5248722.257739997
2026-10-07T15:16:54.079964+00:00,obs-20261007-01,LIGHT,AAVEUSDT,1.0,171.91,171.92,171.915,0.5816997266006041,10438678556,171.91,171.92,394,80,1381531.6823999996,462544.17300000007,1299361.3631600002,478668.91182000027,3366.4548000000004,14069.021360000002,204948.14211999997,93331.07794999998,272171.72976,145794.3381399999,348532.0615999999,200849.5701399999,880921.3551599999,230116.36211999995
2026-10-07T15:16:54.079964+00:00,obs-20261007-01,LIGHT,AVAXUSDT,1.0,11.153,11.154,11.153500000000001,0.8966197435666956,10517905095,11.153,11.154,413,93,933839.9252700006,1806584.4391100006,883871.2073000002,1865412.3542099996,8070.335550000001,12947.549320000004,164826.31251999998,141609.44619000002,260842.19849999997,261615.35964,369189.60685,298567.99747999996,514204.67516,338337.34888999973
2026-10-07T15:16:54.079964+00:00,obs-20261007-01,LIGHT,FILUSDT,1.0,1.0427,1.0428,1.0427499999999998,0.9590486237653906,9894413232,1.0427,1.0428,355,43,200266.62093699997,187420.68700199996,200235.00411700006,169795.76586500002,3280.234633,1205.025142,109820.32198999998,78252.63866299999,203854.306112,153657.63474500002,271146.678884,224242.269913,331004.05989799974,315020.885565
2026-10-07T15:16:54.079964+00:00,obs-20261007-01,LIGHT,ALGOUSDT,1.0,0.1161,0.1162,0.11615,8.613264427217437,5664134815,0.1161,0.1162,156,6,129046.31210000002,57730.44919999999,111949.69869999994,67242.39919999997,774.8535,371.05989999999997,29366.403399999996,31929.0829,88746.2793,73876.2632,161749.59199999998,101741.2582,201504.77199999994,114613.0232
2026-10-07T15:16:54.079964+00:00,obs-20261007-01,LIGHT,XRPUSDT,1.0,1.4298,1.4299,1.42985,0.6993985172742967,26675907531,1.4298,1.4299,517,110,5773033.280750003,5523008.962589999,5293327.542279999,5964231.4874100005,51916.49735,109015.43614,953897.6571300002,1012629.4907500001,1471004.58254,1388060.9577099998,2744185.869370001,2161884.6650499995,3474809.809990001,2347008.2385399984
2026-10-07T15:16:54.079964+00:00,obs-20261007-01,LIGHT,HBARUSDT,1.0,0.09266,0.09267,0.092665,1.079214331964895,8392350687,0.09266,0.09267,415,44,1161200.8379800005,579883.7895099997,1130147.0012899998,610833.29337,144.98011,6885.989689999998,134800.14613,122759.22472999999,262760.71749000007,201265.1557399999,476227.65503000014,339268.2785099998,979689.8115700004,658325.6338999997
2026-10-07T15:17:54.083909+00:00,obs-20261007-01,LIGHT,PEPEUSDT,1.0,4.03e-06,4.04e-06,4.035e-06,24.81389578163684,8827759367,4.03e-06,4.04e-06,265,57,753946.04415439,550660.5947214699,634288.1635041302,734580.3347378502,5835.1336273100005,15972.02214459,17948.49955119,131219.4161602,217745.36346753,281009.43066655,500446.71875734,505616.60898262,815153.34293971,941021.0095537701
2026-10-07T15:17:54.083909+00:00,obs-20261007-01,LIGHT,BNBUSDT,1.0,767.4,767.41,767.405,0.13031013812891956,20908327820,767.4,767.41,541,270,6361089.689989996,4501957.984519996,6249730.182120003,4422468.538860003,18464.62608000001,28258.938229999992,716854.0761100003,1042269.63162,1384022.4894200012,1687460.4330799996,3576186.6892200033,3759855.8783200006,5853275.130580013,5341171.164089998
2026-10-07T15:17:54.083909+00:00,obs-20261007-01,LIGHT,AAVEUSDT,1.0,171.87,171.88,171.875,0.5818351079289741,10438683987,171.87,171.88,472,113,976518.4759400001,909102.9456000003,971945.1406000002,909471.4736700004,20952.425129999996,12197.329039999999,145135.01770000003,82784.68689999997,288736.12631,122313.49891999994,352756.6330799999,200323.9366999999,887650.6322999999,229663.25062999997
2026-10-07T15:17:54.083909+00:00,obs-20261007-01,LIGHT,AVAXUSDT,1.0,11.15,11.151,11.150500000000001,0.8968609865456223,10517915454,11.15,11.151,494,133,1345759.4938599989,3151896.0034100018,1321874.1283000002,3141086.20579,13887.886940000004,6138.81827,192314.19623999996,154230.75256000002,314454.52946999995,264146.62057,393187.58167999994,309357.96995999996,539417.9771199998,347971.4303199998
2026-10-07T15:17:54.083909+00:00,obs-20261007-01,LIGHT,FILUSDT,1.0,1.0423,1.0424,1.0423499999999999,0.9594166746618171,9894417719,1.0423,1.0424,429,95,554610.0625000001,421072.66898099985,564850.09808,424316.64302400005,5855.819207,4510.717798000001,103726.54016599998,68960.08290299999,213967.88475499998,147341.22778,261031.640935,217152.43388499995,322906.07967299974,309756.96109100006
2026-10-07T15:17:54.083909+00:00,obs-20261007-01,LIGHT,ALGOUSDT,1.0,0.1161,0.1162,0.11615,8.613264427217437,5664136860,0.1161,0.1162,203,5,113308.29289999997,53611.68840000001,109178.0103,52534.88179999999,240.3016,114.83109999999999,34837.0675,25353.0594,98621.0546,66470.67979999998,163220.8446,101318.63199999997,195612.99500000005,120183.78469999996
2026-10-07T15:17:54.083909+00:00,obs-20261007-01,LIGHT,XRPUSDT,1.0,1.4283,1.4284,1.42835,0.7001330252753846,26675917778,1.4283,1.4284,539,177,5617853.328530006,6633625.865069998,6114303.384119992,6158613.263120006,45548.77702999999,47203.494,644281.6371299999,1275660.4142099998,1117724.9331099996,1712999.16777,2308164.838299999,2620751.16167,3748869.4972399985,2815196.3098299988
2026-10-07T15:17:54.083909+00:00,obs-20261007-01,LIGHT,HBARUSDT,1.0,0.09268,0.09269,0.09268499999999999,1.0789814415179677,8392354992,0.09268,0.09269,399,79,1428726.9354700001,1078942.3672200001,1454066.9286300011,1048325.4023200003,8402.900789999998,15307.210140000001,137736.00131,132899.9246,257916.67278999998,224163.3377699999,449579.85737000016,369905.46192999976,943764.9939200005,689779.3582599995
2026-10-07T15:18:54.117291+00:00,obs-20261007-01,LIGHT,PEPEUSDT,1.0,4.01e-06,4.02e-06,4.015e-06,24.937655860348684,8827761597,4.01e-06,4.02e-06,260,55,603563.5741231999,1065156.9333559298,719401.7684735502,753385.2977098702,39006.93664576,4435.831256099999,177754.47999296998,75236.48363183999,306276.51229297,280643.96223791,553584.18888014,597366.78311849,814283.49255665,943351.02560427
2026-10-07T15:18:54.117291+00:00,obs-20261007-01,LIGHT,BNBUSDT,1.0,766.48,766.49,766.485,0.130466548375896,20908338599,766.48,766.49,490,265,5653883.898840002,6802008.165910004,5806715.617459997,6703077.258560001,16069.510219999995,17710.267369999998,817345.4908500005,1017527.4957499999,1557326.11286,1689863.5471599996,3692404.3392400024,3759039.903760001,5760191.5683800215,5416671.2847499885
2026-10-07T15:18:54.117291+00:00,obs-20261007-01,LIGHT,AAVEUSDT,1.0,171.64,171.65,171.64499999999998,0.5826147751109012,10438687688,171.64,171.65,379,66,1340436.4225499998,449900.43742999993,1337785.489,402014.94198999985,2588.5632099999993,1908.01181,225095.00097,101596.09234000003,287050.40001000004,155493.1825400001,817650.6591000002,236715.19764999996,901721.7109899999,274883.70035000006
2026-10-07T15:18:54.117291+00:00,obs-20261007-01,LIGHT,AVAXUSDT,1.0,11.104,11.105,11.1045,0.9005763688763047,10517926222,11.104,11.105,477,237,1788861.1145899992,1860299.2775400006,1811254.885519999,1845063.47537,50863.716290000004,39433.39338999998,191892.15825000004,121247.06058,305016.8343800001,233460.44713,453626.16052000015,322121.92151,566138.44749,332964.5267200002
2026-10-07T15:18:54.117291+00:00,obs-20261007-01,LIGHT,FILUSDT,1.0,1.0395,1.0396,1.0395500000000002,0.9620009620014969,9894423599,1.0395,1.0396,457,229,653695.0137740001,521028.8187639996,699665.3200649997,481501.31027700024,18466.455851999996,4416.783365999998,107540.10843699999,52376.30136500001,176997.53745800004,124059.57845400002,235806.91441099998,225002.52194999994,293150.5789599999,325249.282556
2026-10-07T15:18:54.117291+00:00,obs-20261007-01,LIGHT,ALGOUSDT,1.0,0.1157,0.1158,0.11574999999999999,8.643042350908736,5664139825,0.1157,0.1158,211,5,233542.651,112174.65279999997,278793.46319999994,102198.13310000004,3371.4091999999996,0.0,45929.330500000004,21198.5191,95385.4644,56098.713899999995,139720.87819999998,94913.81509999999,164554.6596,112685.32029999999
2026-10-07T15:18:54.117291+00:00,obs-20261007-01,LIGHT,XRPUSDT,1.0,1.4264,1.4265,1.42645,0.7010656197437015,26675927822,1.4264,1.4265,536,177,5784614.32168,5726686.912199992,5608241.322669998,5963885.894610001,70402.81182999996,76978.35689000001,848068.8429300002,942866.8176199999,1564701.2368100006,1586423.87065,2551194.5574100018,2376412.571710001,3939280.0791700017,2569795.1355400016
2026-10-07T15:18:54.117291+00:00,obs-20261007-01,LIGHT,HBARUSDT,1.0,0.09251,0.09252,0.092515,1.080964220085967,8392359382,0.09251,0.09252,391,44,917535.26451,2216313.0433300007,932649.7540400004,2260907.2910000007,4775.627869999999,3735.03142,150347.49216999998,93840.25459999999,250286.2573799999,179803.60827,455392.95919,320744.75869,932138.3833900002,641980.2514199999
2026-10-07T15:19:54.122547+00:00,obs-20261007-01,LIGHT,PEPEUSDT,1.0,4.01e-06,4.02e-06,4.015e-06,24.937655860348684,8827762944,4.01e-06,4.02e-06,259,187,385530.87540032,650051.7309179797,346645.99228686997,645463.2618367497,11034.784714409998,20047.98166748,176148.79535186998,88907.3498838,304877.99987586995,278568.12587056,567967.87034989,601955.25219972,841803.5431669699,947573.9964539
2026-10-07T15:19:54.122547+00:00,obs-20261007-01,LIGHT,BNBUSDT,1.0,766.11,766.12,766.115,0.13052955841752478,20908346398,766.11,766.12,466,211,2913441.3888100027,3127566.3388999994,2598683.790349998,3089502.192409999,27116.14246,22412.236079999988,1082737.58397,890247.3834800001,1654518.808580001,1623260.2275299998,4035661.792580004,3028837.66794,6607271.706910021,5424472.182839991
2026-10-07T15:19:54.122547+00:00,obs-20261007-01,LIGHT,AAVEUSDT,1.0,171.49,171.5,171.495,0.5831243804288455,10438691023,171.49,171.5,333,56,541906.7617600003,448218.9221300002,662226.7466699998,440538.98889,7892.017110000001,5256.0626600000005,88009.1693,109075.38262,157885.17515,159031.38934000002,705987.01376,223860.91212999995,787570.9253199998,272609.23318000004
2026-10-07T15:19:54.122547+00:00,obs-20261007-01,LIGHT,AVAXUSDT,1.0,11.087,11.088,11.087499999999999,0.9019572472257487,10517933733,11.087,11.088,476,208,2521855.408269999,994712.2219699994,2552101.84829,989712.0080500002,29351.564679999992,46394.16673,182682.95039999997,108733.91764000003,295672.35623,211936.59183,451700.94252,323458.54480999993,544844.4260900003,335310.95774000004
2026-10-07T15:19:54.122547+00:00,obs-20261007-01,LIGHT,FILUSDT,1.0,1.039,1.0391,1.03905,0.9624639076033503,9894427791,1.039,1.0391,384,78,521088.7974280006,375028.7180920001,518875.6123440001,346809.9050010001,4014.3275710000003,1653.071762,88926.57057500002,65540.29322299999,164368.88789700007,141417.066508,242930.309097,249539.0604799999,295372.07617899985,331215.59266399976
2026-10-07T15:19:54.122547+00:00,obs-20261007-01,LIGHT,ALGOUSDT,1.0,0.1157,0.1158,0.11574999999999999,8.643042350908736,5664141931,0.1157,0.1158,191,3,124147.37709999998,68990.19690000001,97526.9955,58214.601999999984,286.7208,0.0,45796.852,20922.6915,109768.6057,61656.214100000005,166341.2598,105689.41000000002,191229.63600000003,117472.78460000001
2026-10-07T15:19:54.122547+00:00,obs-20261007-01,LIGHT,XRPUSDT,1.0,1.4263,1.4264,1.4263499999999998,0.7011147724877986,26675934624,1.4263,1.4264,487,98,3479880.6338700033,3037394.3165399963,3433628.4744600034,2970163.3871599957,31477.149429999994,56716.45528000002,900906.6977400001,973440.16346,1700340.2315000007,1656434.8183000002,2597972.0180200012,2445027.8956600013,3983065.315770002,2638486.242740001
2026-10-07T15:19:54.122547+00:00,obs-20261007-01,LIGHT,HBARUSDT,1.0,0.0925,0.09251,0.092505,1.0810810810801819,8392362349,0.0925,0.09251,352,74,594857.0500600005,558676.9088500008,599965.1322700001,502482.5168600002,18781.104189999995,14066.916699999994,125658.71095000001,140777.08952999997,232364.37692,235540.82523,454762.13160000014,376568.94139999995,927044.2326100004,698167.1346099998
2026-10-07T15:20:54.129519+00:00,obs-20261007-01,LIGHT,PEPEUSDT,1.0,4.02e-06,4.03e-06,4.025e-06,24.875621890549926,8827764043,4.02e-06,4.03e-06,247,98,314192.69888232,304392.96462661994,201788.29531276008,412223.08622672997,1395.61598891,27488.211727699992,108716.70935502,147375.37891193002,275195.48477597,389053.27848677,546241.16649291,595670.27958601,843573.7183410602,938578.6754786299
2026-10-07T15:20:54.129519+00:00,obs-20261007-01,LIGHT,BNBUSDT,1.0,766.17,766.18,766.175,0.13051933643870584,20908354364,766.17,766.18,467,179,2429374.3951899987,1999397.22029,2506734.7020999994,1976910.883110001,16098.743709999993,21231.135430000006,988557.4839700003,891908.18119,1578817.6895699995,1682530.5148,3954857.144740002,3052879.346700001,6520976.06060002,5371304.175319994
2026-10-07T15:20:54.129519+00:00,obs-20261007-01,LIGHT,AAVEUSDT,1.0,171.53,171.54,171.535,0.5829883985297712,10438693300,171.53,171.54,248,24,452640.79161000013,371536.5153700002,377375.7077599999,370537.19382,4023.08872,1960.4552299999998,143119.77753,111711.02779000004,229647.32340999998,167730.28911000013,781172.80139,224867.33693000008,860812.6285299998,275988.5570800002
2026-10-07T15:20:54.129519+00:00,obs-20261007-01,LIGHT,AVAXUSDT,1.0,11.081,11.082,11.0815,0.9024456276529591,10517940874,11.081,11.082,472,176,2181882.057789999,1280140.2394599996,2176859.6126899994,1020608.0776400007,37767.53088000001,42099.00394,171670.07482999997,376221.54947000014,267897.75237000006,478367.0329600001,459158.54880000016,581937.4745999996,557927.4414900003,594994.0142599997
2026-10-07T15:20:54.129519+00:00,obs-20261007-01,LIGHT,FILUSDT,1.0,1.0392,1.0393,1.03925,0.9622786759044821,9894430521,1.0392,1.0393,367,75,272129.75351100013,266296.1113750002,259353.69750300006,265480.730029,8197.268776,2020.749787,97696.67661200001,77654.45964600003,168940.85713500003,147944.23621600005,250980.63590999992,254541.807162,307544.09033499967,345841.75932799984
2026-10-07T15:20:54.129519+00:00,obs-20261007-01,LIGHT,ALGOUSDT,1.0,0.1158,0.1159,0.11585000000000001,8.635578583764403,5664143432,0.1158,0.1159,154,3,92638.6181,43458.8032,86556.51040000003,46999.738,125.5272,295.869,31374.3505,38632.4709,79404.5395,72763.97750000001,163544.15949999998,103970.28220000002,192997.25280000002,121110.2544
2026-10-07T15:20:54.129519+00:00,obs-20261007-01,LIGHT,XRPUSDT,1.0,1.427,1.4271,1.42705,0.7007708479322972,26675940788,1.427,1.4271,494,88,2991473.629529999,2102630.5806299997,2777597.21726,2527503.674769999,32535.380809999995,57202.32642,1056619.9234099996,856133.6004199998,2026719.2351899997,1357966.35274,2782786.9045100017,2021654.1342299997,4185588.2897700015,2220028.4563499996
2026-10-07T15:20:54.129519+00:00,obs-20261007-01,LIGHT,HBARUSDT,1.0,0.09256,0.09257,0.09256500000000001,1.080380293863037,8392365441,0.09256,0.09257,385,70,353957.1533899997,273818.2160799999,334650.3725699997,298582.9419400001,614.6988999999999,7599.968149999986,124593.75467000001,136864.41921000002,247138.45513000005,216407.89790000004,469468.9929900001,353696.8894899999,946222.4491300004,673429.5910799998
2026-10-07T15:21:54.144498+00:00,obs-20261007-01,LIGHT,PEPEUSDT,1.0,4.01e-06,4.02e-06,4.015e-06,24.937655860348684,8827764940,4.01e-06,4.02e-06,236,26,632109.53082053,410751.0173931301,741866.1840253102,404791.96572154004,11532.42288257,1589.1928166300002,160377.16406853998,87688.31697947999,289032.61688054,255939.39532846998,539543.50659167,495769.91350470006,799607.81160662,840452.7578672201
2026-10-07T15:21:54.144498+00:00,obs-20261007-01,LIGHT,BNBUSDT,1.0,765.68,765.69,765.685,0.13060286281563194,20908361746,765.68,765.69,438,170,3427138.6442300025,4282439.723679999,3697430.330809999,4193640.999790001,32785.37606,5465.666179999999,743555.5333599998,950414.7247799998,1356527.113619999,1727966.8015799993,3716361.9421099992,3040028.295850003,6302134.429590014,5431792.460299997
2026-10-07T15:21:54.144498+00:00,obs-20261007-01,LIGHT,AAVEUSDT,1.0,171.28,171.29,171.285,0.5838393274171239,10438697475,171.28,171.29,386,72,1950429.8111400001,760400.3489399998,2025788.8238099993,770891.6107000004,7764.706120000001,6328.752779999999,136698.53311,80898.52824,201339.50892,132645.19585999998,717469.7777399998,195524.20133,1298109.48249,252839.64284000004
2026-10-07T15:21:54.144498+00:00,obs-20261007-01,LIGHT,AVAXUSDT,1.0,11.071,11.072,11.0715,0.9032607713832519,10517946761,11.071,11.072,432,178,1710584.185159999,837319.4502600003,1739341.5779399988,1158119.4649700003,23213.789220000002,73098.98991000002,137815.13692,84610.91538,240677.35593999992,167523.18529000005,431055.29600000015,258738.18513000006,549103.0129500004,271578.19499
2026-10-07T15:21:54.144498+00:00,obs-20261007-01,LIGHT,FILUSDT,1.0,1.0396,1.0397,1.03965,0.9619084263179367,9894433169,1.0396,1.0397,327,35,410748.24827099993,208373.36097900016,292771.74589799996,226941.63972299997,2001.9409540000001,6425.103273,220262.30781499998,66579.417013,289514.4244869999,135890.927754,368765.2328279997,236294.29414299998,425392.94197599945,327753.80703799997
2026-10-07T15:21:54.144498+00:00,obs-20261007-01,LIGHT,ALGOUSDT,1.0,0.1157,0.1158,0.11574999999999999,8.643042350908736,5664145338,0.1157,0.1158,181,13,122853.33010000002,53224.1282,130323.57849999999,51019.48819999999,7384.444799999999,726.8620000000001,28647.6729,35004.0174,88606.4633,70774.7025,163243.51959999997,104353.11519999999,189734.34459999998,113133.97089999997
2026-10-07T15:21:54.144498+00:00,obs-20261007-01,LIGHT,XRPUSDT,1.0,1.4242,1.4243,1.4242499999999998,0.7021485746383505,26675948043,1.4242,1.4243,505,116,3612403.574160001,4182020.423039998,4178045.293259998,3761716.338809998,118138.44654000003,33561.70738,826709.2796900002,1137490.33401,1542518.15438,1575903.5424600001,2355594.19178,2427017.3878700007,3663699.4871899984,2622296.0099
2026-10-07T15:21:54.144498+00:00,obs-20261007-01,LIGHT,HBARUSDT,1.0,0.09248,0.09249,0.09248500000000001,1.0813148788924032,8392368293,0.09248,0.09249,326,49,453151.93177999987,335083.4893600001,495719.90002999996,310357.6495199999,1542.6776200000004,8718.412550000001,107878.45370999999,132585.73991999996,209655.07743999996,230603.32306999998,431500.94417,375968.69459999993,903783.0535500002,698100.6040399999
2026-10-07T15:22:54.144595+00:00,obs-20261007-01,LIGHT,PEPEUSDT,1.0,4.01e-06,4.02e-06,4.015e-06,24.937655860348684,8827765431,4.01e-06,4.02e-06,184,22,241491.98744939,276660.1762311899,235749.24327856002,155057.41221567002,1737.99264224,2883.43029636,152068.93014068998,106402.46739342,293813.73608468997,295768.30946233,545286.2507625,617372.67752022,830962.09315135,957303.40625252
2026-10-07T15:22:54.144595+00:00,obs-20261007-01,LIGHT,BNBUSDT,1.0,765.69,765.7,765.695,0.1306011571267085,20908370952,765.69,765.7,457,185,4448872.130160001,3514478.821559999,4096007.03384,3560475.2482800004,24290.272529999995,9559.520329999994,1078635.49219,960126.0689200002,1703579.3365300007,1733471.7696199997,4069227.0384300007,2994147.871630003,6654934.241200016,5391935.628039998
2026-10-07T15:22:54.144595+00:00,obs-20261007-01,LIGHT,AAVEUSDT,1.0,171.32,171.33,171.325,0.5837030119093534,10438701061,171.32,171.33,366,53,1690726.7435599996,676578.3118500002,1587569.8065199994,659135.9300100004,2089.18698,3914.39828,195895.47648999997,100426.27099,267751.14491,161977.45479999998,815451.78172,215140.33683999992,1400977.57421,272538.73256
2026-10-07T15:22:54.144595+00:00,obs-20261007-01,LIGHT,AVAXUSDT,1.0,11.07,11.071,11.0705,0.9033423667559326,10517953667,11.07,11.071,455,236,2128257.926060002,1212695.202730001,2081736.2807300007,1049771.83459,169442.1798300003,32643.586390000008,189596.85401,250134.19764,286129.539,344437.96407000005,496187.90008000017,422332.07562,604194.5370800002,435467.92124999996
2026-10-07T15:22:54.144595+00:00,obs-20261007-01,LIGHT,FILUSDT,1.0,1.04,1.0401,1.04005,0.9615384615391243,9894435738,1.04,1.0401,318,40,249878.220516,198635.03116600003,231845.09053100002,208002.68825500004,1387.777664,8421.216615000003,213039.29234200003,70173.48892300001,307365.9954710001,136908.31210100002,386580.4183369999,230691.23736499995,443243.01592299977,321841.20931299997
2026-10-07T15:22:54.144595+00:00,obs-20261007-01,LIGHT,ALGOUSDT,1.0,0.1158,0.1159,0.11585000000000001,8.635578583764403,5664146343,0.1158,0.1159,161,2,145769.1233,44961.98099999999,130861.98849999998,53678.816699999996,0.0,1064.1023,39978.3906,34361.4379,87499.26340000001,66516.7647,166009.93040000004,97458.08649999999,190914.59090000007,111602.90729999998
2026-10-07T15:22:54.144595+00:00,obs-20261007-01,LIGHT,XRPUSDT,1.0,1.4245,1.4246,1.42455,0.702000701999772,26675955612,1.4245,1.4246,525,129,3945555.600470001,3146851.8951700022,3596187.5185100017,3314975.0412,139106.59325000003,107158.05039,1164580.77394,1088814.5682900003,1890159.98261,1582382.7146200004,2666502.0642699995,2261510.882290001,4021996.133919998,2462126.749220001
2026-10-07T15:22:54.144595+00:00,obs-20261007-01,LIGHT,HBARUSDT,1.0,0.09248,0.09249,0.09248500000000001,1.0813148788924032,8392370709,0.09248,0.09249,325,93,391966.9747300002,447896.2453,372451.31836000003,454914.69569999987,2898.1037799999995,7061.008679999999,115161.88737000001,126606.76690000002,227799.04833000002,225553.99294999999,451016.60054,368950.24419999996,923290.2097200003,684781.1229799999
2026-10-07T15:23:54.144613+00:00,obs-20261007-01,LIGHT,PEPEUSDT,1.0,4.01e-06,4.02e-06,4.015e-06,24.937655860348684,8827765664,4.01e-06,4.02e-06,131,17,128396.01095496005,42068.39780725998,115641.41902038002,52395.97378443999,680.6004379499999,6769.217092979999,151967.83613995,98913.98472473999,306441.44360795,287458.14139691,558040.84269708,607045.10154304,842187.14198885,946970.9924969401
2026-10-07T15:23:54.144613+00:00,obs-20261007-01,LIGHT,BNBUSDT,1.0,765.84,765.85,765.845,0.13057557714413193,20908376223,765.84,765.85,424,88,2100751.7330400012,1410066.2848899993,2174713.9131300016,1426149.0978600006,3409.47244,18349.875690000004,924634.9024299999,1033252.5366999998,1597333.4456700007,1720205.8631399996,3783761.556670001,2978678.391060003,6566332.42482002,5392669.6765899975
2026-10-07T15:23:54.144613+00:00,obs-20261007-01,LIGHT,AAVEUSDT,1.0,171.36,171.37,171.365,0.5835667600373462,10438703026,171.36,171.37,293,32,290140.77156999987,457747.3154199998,289959.58484,458978.9724299999,690.7819799999999,8241.084450000002,186870.6246,99353.51468999998,269468.40287999995,163964.46168999994,813354.02768,216821.98444999987,1400346.91491,271340.58014
2026-10-07T15:23:54.144613+00:00,obs-20261007-01,LIGHT,AVAXUSDT,1.0,11.062,11.063,11.0625,0.9039956608214439,10517959413,11.062,11.063,401,95,1240090.0183900008,1026504.9683399999,1290893.15549,876457.2030499997,18818.974060000004,12423.791989999998,161724.41857999997,386602.60712,293871.98837,461611.26033000014,462583.95691,567099.4243200001,555779.5867100001,585602.1056199999
2026-10-07T15:23:54.144613+00:00,obs-20261007-01,LIGHT,FILUSDT,1.0,1.0386,1.0387,1.03865,0.9628345850187792,9894438544,1.0386,1.0387,348,153,278384.05761399993,241300.76565800008,418334.2012170001,218641.762718,125912.91225300003,1849.578384,107141.38522499999,76778.566284,186665.965596,138510.42584700003,251864.69588399984,244518.00720199998,304784.9070269998,329854.92139499984
2026-10-07T15:23:54.144613+00:00,obs-20261007-01,LIGHT,ALGOUSDT,1.0,0.1158,0.1159,0.11585000000000001,8.635578583764403,5664147683,0.1158,0.1159,136,4,105988.54779999999,64814.3484,109958.83,54863.1023,888.7897,121.4632,35470.766899999995,41814.0391,86274.66799999999,72435.52230000001,162039.6482,107409.3326,188455.7435,121554.15339999998
2026-10-07T15:23:54.144613+00:00,obs-20261007-01,LIGHT,XRPUSDT,1.0,1.4242,1.4243,1.4242499999999998,0.7021485746383505,26675959485,1.4242,1.4243,460,64,1617124.8957999996,1837572.645390001,1913322.7186400003,1608736.9562100002,23311.007099999995,9116.204389999999,940691.41849,1269807.51542,1622325.2372300003,1666893.31545,2408779.680379999,2490712.1805,3750822.9684899976,2691228.8268
2026-10-07T15:23:54.144613+00:00,obs-20261007-01,LIGHT,HBARUSDT,1.0,0.09243,0.09244,0.09243499999999999,1.0818998160755378,8392372586,0.09243,0.09244,341,36,244204.73486000014,365708.82459000003,266663.31046999997,347321.21125000005,50.48348,2347.45493,113488.15192000002,139409.30646,227716.974,237233.42080999995,441049.1561500001,384725.74407,900987.8929600003,701531.4282499998
2026-10-07T15:24:54.179988+00:00,obs-20261007-01,LIGHT,PEPEUSDT,1.0,4.01e-06,4.02e-06,4.015e-06,24.937655860348684,8827766083,4.01e-06,4.02e-06,156,74,73752.87799278002,321772.33957834,81692.67274521002,407486.0164137601,171.09424092999998,8005.696182240001,165741.78442215998,10881.57879996,299282.06173015997,196739.32960557,550101.0479446499,521331.42470762006,834484.2810187901,892346.06775559
2026-10-07T15:24:54.179988+00:00,obs-20261007-01,LIGHT,BNBUSDT,1.0,766.47,766.48,766.475,0.13046825055207378,20908384690,766.47,766.48,450,150,4503969.876279999,4512363.67533,4282714.48839,4641400.349059999,12474.76181,34667.186719999976,882674.6872300005,942521.0948599997,1531229.7010400007,1633856.5245799997,3970172.8606500016,3719627.2276700013,6331023.8122400185,5268913.6349
2026-10-07T15:24:54.179988+00:00,obs-20261007-01,LIGHT,AAVEUSDT,1.0,171.47,171.48,171.475,0.5831923951715723,10438706635,171.47,171.48,315,63,1815897.0599199994,792613.9931600002,1842293.5902499997,811380.9222399998,6021.290220000001,9534.074219999999,170633.13325,88453.94573999998,237259.60375999994,151279.85706000004,779702.8278899998,207440.74265999993,853500.5624799996,256137.94041000004
2026-10-07T15:24:54.179988+00:00,obs-20261007-01,LIGHT,AVAXUSDT,1.0,11.072,11.073,11.0725,0.9031791907521125,10517964855,11.072,11.073,382,85,1420237.6625500007,694028.26485,1373381.9472200007,725640.57211,3199.59742,13882.76419,178257.00875,371703.45680000004,287979.9813,467218.10013000004,482118.67407,541611.0651199998,591996.2481800002,554204.5981299998
2026-10-07T15:24:54.179988+00:00,obs-20261007-01,LIGHT,FILUSDT,1.0,1.039,1.0391,1.03905,0.9624639076033503,9894440926,1.039,1.0391,299,36,229888.91330699998,170489.004412,227325.57131299985,179266.03588200014,2095.302487,10250.683915,99812.958442,78123.88860099998,168934.774724,146752.370527,254339.21831399988,236527.37745499998,306718.2947089998,321758.5647899999
2026-10-07T15:24:54.179988+00:00,obs-20261007-01,LIGHT,ALGOUSDT,1.0,0.1158,0.1159,0.11585000000000001,8.635578583764403,5664149073,0.1158,0.1159,144,4,85210.44440000001,31999.313099999996,78163.96820000002,38286.0742,498.75059999999996,29.6704,40606.754799999995,32498.3323,92603.95749999999,65665.40239999999,169086.12439999997,101122.57149999999,194883.6692,115267.39229999998
2026-10-07T15:24:54.179988+00:00,obs-20261007-01,LIGHT,XRPUSDT,1.0,1.4246,1.4247,1.4246500000000002,0.7019514249617664,26675966964,1.4246,1.4247,496,121,3538488.564269999,3428548.2783000013,3077880.23416,3862133.643660001,158797.05930000002,72978.43900999999,1161224.0562999998,1012736.5943600002,1939987.17392,1388724.6886100003,2828925.89454,2054956.49908,4201780.54332,2255155.549349999
2026-10-07T15:24:54.179988+00:00,obs-20261007-01,LIGHT,HBARUSDT,1.0,0.09244,0.09245,0.092445,1.081782778018514,8392374934,0.09244,0.09245,346,55,253663.8569299999,501822.42103999987,242386.74555999992,472715.3513699997,5259.450269999999,15195.43081,111295.45397000002,141439.74753999998,236504.83988999997,268010.93061999994,452296.06592,415332.72221999994,912250.6250800001,729125.5451199999
2026-10-07T15:25:54.190661+00:00,obs-20261007-01,LIGHT,PEPEUSDT,1.0,4.02e-06,4.03e-06,4.025e-06,24.875621890549926,8827767192,4.02e-06,4.03e-06,183,34,349864.71007902996,244672.36396525992,227174.79265894007,278712.40062667,11628.591742039998,11129.72353488,30046.696898219998,163750.76508973,235679.46782972998,386954.64185161004,499513.95102228003,583355.2591012501,847118.48662773,926140.07916632
2026-10-07T15:25:54.190661+00:00,obs-20261007-01,LIGHT,BNBUSDT,1.0,766.48,766.49,766.485,0.130466548375896,20908391552,766.48,766.49,434,104,2676104.867969997,2225681.6228300007,2665849.361509998,2219553.87194,13153.006139999998,16474.944640000005,927657.2846500003,948751.20922,1612874.22059,1640378.1502299998,3980299.367710001,3725754.978560001,6324528.949980018,5278956.397470001
2026-10-07T15:25:54.190661+00:00,obs-20261007-01,LIGHT,AAVEUSDT,1.0,171.28,171.29,171.285,0.5838393274171239,10438710551,171.28,171.29,374,66,2792749.71608,824542.9122800005,2712896.0736499997,801292.6514400003,3189.4652299999993,3251.512460000001,261195.01574,103150.74641,338573.6941299999,162176.25522999995,866315.3629299996,217891.9820799999,1457167.3793699993,271035.30913999997
2026-10-07T15:25:54.190661+00:00,obs-20261007-01,LIGHT,AVAXUSDT,1.0,11.068,11.069,11.0685,0.9035056017347998,10517968773,11.068,11.069,375,54,1088821.628100001,510252.5536900002,1122685.9350000008,508855.9217499999,17123.579530000003,31501.31764,168639.98933,369776.5396400001,290996.31052999996,462275.6556100001,466958.6026700001,541120.0968600002,566394.8135300002,555274.3539399998
2026-10-07T15:25:54.190661+00:00,obs-20261007-01,LIGHT,FILUSDT,1.0,1.0357,1.0358,1.0357500000000002,0.9655305590428043,9894451303,1.0357,1.0358,471,492,1184763.7972910008,580400.9754099997,1107025.616276001,541844.772715,78073.28693000009,55614.07159300002,132450.036246,63290.274125,233060.9161090001,134169.36024500002,344511.92433100013,210275.37916599994,423102.9245090002,293278.17802799994
2026-10-07T15:25:54.190661+00:00,obs-20261007-01,LIGHT,ALGOUSDT,1.0,0.1157,0.1159,0.1158,17.286084701815252,5664151450,0.1157,0.1159,218,14,137546.39579999994,70055.51809999999,142129.2306,62228.095799999996,1863.7227000000003,0.0,36882.8083,27859.0672,71152.8044,67766.106,164503.2896,106875.5838,201641.008,122842.21159999998
2026-10-07T15:25:54.190661+00:00,obs-20261007-01,LIGHT,XRPUSDT,1.0,1.4251,1.4252,1.42515,0.7017051434976551,26675972188,1.4251,1.4252,449,112,2254087.94273,2508856.3105499996,2182280.34946,2590123.6730099986,33344.52832,41709.49614,1100767.43952,940153.7185599998,1921844.7940500006,1316314.9090099996,2871176.94794,1976608.9080399994,4350555.995749999,2184437.844019999
2026-10-07T15:25:54.190661+00:00,obs-20261007-01,LIGHT,HBARUSDT,1.0,0.09243,0.09244,0.09243499999999999,1.0818998160755378,8392377070,0.09243,0.09244,318,52,204734.4629499999,252476.0743000001,207707.17001999993,247591.65830000007,1634.59947,11887.23668,125997.17256,148126.44413999998,238654.66771,273782.2860599999,449353.56045,419650.6297399999,913445.6274500001,734009.9611199999
2026-10-07T15:26:54.244994+00:00,obs-20261007-01,LIGHT,PEPEUSDT,1.0,4.02e-06,4.03e-06,4.025e-06,24.875621890549926,8827768259,4.02e-06,4.03e-06,236,63,489108.6497003199,362497.57200745004,431518.1809300898,353520.4563180601,1076.22038387,6416.259381549999,88231.46050205998,164790.94899826002,264089.21875162,385909.98510546004,531106.14568203,592830.17958778,855135.5312939701,936427.0613643
2026-10-07T15:26:54.244994+00:00,obs-20261007-01,LIGHT,BNBUSDT,1.0,766.48,766.49,766.485,0.130466548375896,20908397875,766.48,766.49,432,85,3657438.320380002,3174039.4999499996,3665835.675439999,3154216.303669997,7925.76281,35365.545090000014,919134.978,932673.0576599999,1606465.6841699998,1663793.6324999994,3782272.01265,3745578.174840001,6319127.46779002,5292289.229670003
2026-10-07T15:26:54.244994+00:00,obs-20261007-01,LIGHT,AAVEUSDT,1.0,171.21,171.22,171.215,0.5840780328236761,10438712561,171.21,171.22,294,24,779262.1760499999,452612.32667000004,825764.8780499999,443724.27125,1267.20348,708.1650000000001,214195.13472,106833.15739000001,291993.22357,165307.33847999995,821468.1387099999,221707.19194,1415466.9547699995,263695.13941
2026-10-07T15:26:54.244994+00:00,obs-20261007-01,LIGHT,AVAXUSDT,1.0,11.057,11.058,11.057500000000001,0.904404449668661,10517972951,11.057,11.058,404,109,838226.6934500004,714685.0251999998,868029.0394899998,856389.6660399996,2224.9479299999994,53913.64364999999,154281.20028,192475.45560000002,302412.64863000007,295856.1494599999,462152.8836599999,394094.6310799999,555377.28048,411583.5614399997
2026-10-07T15:26:54.244994+00:00,obs-20261007-01,LIGHT,FILUSDT,1.0,1.0366,1.0367,1.0366499999999998,0.9646922631678656,9894454070,1.0366,1.0367,349,77,367394.69083200005,216923.2424889999,357471.7924459998,231838.60101499982,16021.020380000009,1538.6393630000005,128037.74227700001,70344.14111,205937.857676,139687.503195,341959.36804800003,204105.35530599992,422373.314534,282655.94771799986
2026-10-07T15:26:54.244994+00:00,obs-20261007-01,LIGHT,ALGOUSDT,1.0,0.1158,0.1159,0.11585000000000001,8.635578583764403,5664153110,0.1158,0.1159,171,0,119940.1825,32235.09529999999,119403.4218,36009.783299999996,0.0,0.0,38627.467300000004,40664.1718,77624.5861,71661.32569999999,165040.05029999997,104922.70279999998,191747.15339999998,119067.52359999997
2026-10-07T15:26:54.244994+00:00,obs-20261007-01,LIGHT,XRPUSDT,1.0,1.4245,1.4246,1.42455,0.702000701999772,26675980100,1.4245,1.4246,545,103,2662973.5189299993,3523411.616629998,2693627.6235300004,3091526.9786699987,50494.435529999995,64856.16029000001,1200020.8668399998,1208022.15745,2104761.86302,1517051.7592999998,2872022.209209999,2407531.11646,4327055.411659997,2607736.51591
2026-10-07T15:26:54.244994+00:00,obs-20261007-01,LIGHT,HBARUSDT,1.0,0.09243,0.09244,0.09243499999999999,1.0818998160755378,8392378815,0.09243,0.09244,301,27,186457.41759,203655.7889000001,178710.09403999997,198065.85889999988,1965.42719,8066.030270000001,127433.56262,147034.83774,246332.21503000002,271683.04867000005,457100.884,425240.55974000006,921514.9091000002,734797.8786500001
2026-10-07T15:27:54.290577+00:00,obs-20261007-01,LIGHT,PEPEUSDT,1.0,4.02e-06,4.03e-06,4.025e-06,24.875621890549926,8827768788,4.02e-06,4.03e-06,162,12,248545.89157312998,30962.073144690014,261521.44821259007,125524.26878909003,497.1357723,929.72907612,80352.88953557999,149239.06365563002,241879.54882774997,282616.46404027,518130.58904257,498267.98394338007,850438.95991949,842843.90139237
2026-10-07T15:27:54.290577+00:00,obs-20261007-01,LIGHT,BNBUSDT,1.0,766.54,766.55,766.545,0.1304563362647393,20908402088,766.54,766.55,373,54,1574000.4043699994,1339623.04125,1581420.2463000007,1375491.1430299997,14838.027890000001,7951.92598,885614.9986700001,842809.6267099997,1600709.8733700002,1628092.8923099996,3774251.1557800006,3710538.4198300014,6308770.606980022,5263525.170360003
2026-10-07T15:27:54.290577+00:00,obs-20261007-01,LIGHT,AAVEUSDT,1.0,171.19,171.2,171.195,0.5841462702260714,10438714706,171.19,171.2,282,29,679378.3698800001,417301.00743,753936.8903399999,409384.38148000004,845.0845599999999,1657.34335,141894.08294,113896.04396000002,218253.99435999998,171490.25758000003,747067.5918099998,229616.20941,1341200.0326799995,271611.76535999996
2026-10-07T15:27:54.290577+00:00,obs-20261007-01,LIGHT,AVAXUSDT,1.0,11.057,11.058,11.057500000000001,0.904404449668661,10517976877,11.057,11.058,380,70,899996.7477799997,595208.5695699997,862191.0713200001,611590.9040899999,5520.642939999997,8551.22193,180492.96396,213961.56696000003,329959.58095000003,305346.61286,499958.56012,377712.29656000005,590647.3952800002,389746.11938999995
2026-10-07T15:27:54.290577+00:00,obs-20261007-01,LIGHT,FILUSDT,1.0,1.0373,1.0374,1.03735,0.9640412609668303,9894456302,1.0373,1.0374,316,57,192198.67361099995,169753.35082399994,197744.23375200015,164540.96636899994,10733.400007,11094.910329,106050.49519400002,99364.37866200002,172551.709366,161171.672688,317495.1626000001,213210.72179099993,408056.14721100027,299586.6934179997
2026-10-07T15:27:54.290577+00:00,obs-20261007-01,LIGHT,ALGOUSDT,1.0,0.1158,0.1159,0.11585000000000001,8.635578583764403,5664155070,0.1158,0.1159,215,25,129612.33630000002,51599.47900000001,122092.6595,46883.82860000001,31.3818,3995.652499999998,45703.0888,42277.5895,99778.2636,79674.5368,172559.72710000002,109638.35320000001,198479.18030000004,123783.174
2026-10-07T15:27:54.290577+00:00,obs-20261007-01,LIGHT,XRPUSDT,1.0,1.4252,1.4253,1.4252500000000001,0.7016559079420226,26675986869,1.4252,1.4253,483,72,3402951.7338499962,3180252.3188900016,3382703.8102400005,3258947.4642700013,14566.604870000001,35276.5072,1009994.00773,1225051.23378,1927199.84462,1575399.82766,2855731.7375999996,2331470.2173999995,4339450.782319996,2539216.7980099986
2026-10-07T15:27:54.290577+00:00,obs-20261007-01,LIGHT,HBARUSDT,1.0,0.09241,0.09242,0.092415,1.0821339681843511,8392380289,0.09241,0.09242,299,46,143377.03729999997,174288.88099,146686.5186199999,170478.18719999996,659.6647699999999,11806.516430000001,136829.07272,146913.97728999998,243518.06553999995,275454.07654999994,455220.99868,427588.9884799999,919595.2894500002,738608.5724399999
2026-10-07T15:28:54.308255+00:00,obs-20261007-01,LIGHT,PEPEUSDT,1.0,4.02e-06,4.03e-06,4.025e-06,24.875621890549926,8827769776,4.02e-06,4.03e-06,200,29,464180.95454691997,257967.62382737995,439046.51331846,254979.56542976995,1910.77849019,1686.36847732,65189.903964419995,151361.04688484,233997.60783899997,282940.72263568,510603.10021283,500924.36853363,850698.7456783102,845674.9351786199
2026-10-07T15:28:54.308255+00:00,obs-20261007-01,LIGHT,BNBUSDT,1.0,766.2,766.21,766.205,0.13051422605103724,20908409682,766.2,766.21,395,146,2963833.1534799994,2773780.089029999,2746253.8871099995,2692314.532559999,7235.61359,5254.621760000001,1039151.1872299999,829772.0865800001,1682136.2272100004,1666666.8878599992,4017763.1373300017,3022165.491220001,6683149.75279002,5339447.394419998
2026-10-07T15:28:54.308255+00:00,obs-20261007-01,LIGHT,AAVEUSDT,1.0,171.15,171.16,171.155,0.584282792870372,10438717336,171.15,171.16,330,33,541090.33093,340468.69088999997,501019.14944000007,349497.2152999998,4536.34805,2216.0044900000003,193704.33642000004,101390.85162000003,276463.1891300001,159810.63687000002,783201.8730299998,218186.92300000004,1379077.8572299995,256110.07807000013
2026-10-07T15:28:54.308255+00:00,obs-20261007-01,LIGHT,AVAXUSDT,1.0,11.057,11.058,11.057500000000001,0.904404449668661,10517983401,11.057,11.058,419,138,1314189.2617000013,724127.6828600003,1292629.33939,746494.1402000001,14336.413220000006,50497.081909999964,214588.13966000004,199661.59769000002,364597.46034000005,287982.60777000006,521518.48243,355182.86342000007,612250.1370600002,366404.97800999985
2026-10-07T15:28:54.308255+00:00,obs-20261007-01,LIGHT,FILUSDT,1.0,1.0367,1.0368,1.03675,0.9645992090279165,9894459262,1.0367,1.0368,338,212,254131.87050200006,251553.327912,269078.1153409999,255837.66161100013,43733.83158100003,29516.345412999995,119861.20246799999,81739.03166699999,206587.18548599994,146061.52836799997,321478.6841580001,205159.47690199994,393830.2918380002,288119.5529919998
2026-10-07T15:28:54.308255+00:00,obs-20261007-01,LIGHT,ALGOUSDT,1.0,0.1158,0.1159,0.11585000000000001,8.635578583764403,5664156860,0.1158,0.1159,174,9,221869.16019999987,43880.35010000001,218857.9132,39291.6585,814.5372,205.143,51227.043,46463.8633,126646.0025,83709.8183,175570.97409999996,113974.67580000001,201337.2113,128119.4966
2026-10-07T15:28:54.308255+00:00,obs-20261007-01,LIGHT,XRPUSDT,1.0,1.4245,1.4246,1.42455,0.702000701999772,26675992988,1.4245,1.4246,454,99,3182986.88042,3111236.6033499995,3293018.5862299995,3000467.4793799995,168000.90522,41023.513810000004,1170267.1390499999,1245420.9699000001,1897514.7358299994,1565052.7507300004,2770964.065719999,2442002.2535500005,4240895.132219995,2641704.5786000006
2026-10-07T15:28:54.308255+00:00,obs-20261007-01,LIGHT,HBARUSDT,1.0,0.09235,0.09236,0.09235499999999999,1.0828370330262516,8392382366,0.09235,0.09236,373,74,383028.87874000013,539138.23309,392921.51398,523540.9487299998,9231.304839999999,13875.03286,146357.74796999997,146753.98164000004,253226.71399999998,288540.47518,445649.25600000017,442603.98123000015,910275.1041000002,743138.5879800001
2026-10-07T15:29:54.309205+00:00,obs-20261007-01,LIGHT,PEPEUSDT,1.0,4.01e-06,4.02e-06,4.015e-06,24.937655860348684,8827770835,4.01e-06,4.02e-06,205,38,438214.76867278,506820.12332713,473414.94190655975,240839.02173136003,152251.18614257,32387.560620409997,152962.24905264998,252142.59060929998,325571.41198065,435267.93850661,578130.72368709,660546.71954964,835211.5917186199,1091285.73439028
2026-10-07T15:29:54.309205+00:00,obs-20261007-01,LIGHT,BNBUSDT,1.0,766.44,766.45,766.445,0.13047335734039933,20908413988,766.44,766.45,369,69,3280332.7985000005,1293171.1876800004,3306789.7172900005,1319523.19279,2906.05768,6355.595719999999,920722.6479700002,981030.9597299998,1645890.3627599997,1682502.2331499988,3969097.7301800014,3764748.5375900003,6429830.400550019,5315240.99092
2026-10-07T15:29:54.309205+00:00,obs-20261007-01,LIGHT,AAVEUSDT,1.0,171.09,171.1,171.095,0.5844876965332979,10438719409,171.09,171.1,268,26,529056.1867900002,410608.52597000025,624959.0967600003,406007.72738999996,2462.8049700000006,1802.7213699999998,95037.15924000004,109827.48569,164969.19889000006,162560.60128,687506.4970499999,217891.96911,1284669.6474999995,258166.1426700001
2026-10-07T15:29:54.309205+00:00,obs-20261007-01,LIGHT,AVAXUSDT,1.0,11.064,11.065,11.064499999999999,0.9038322487331385,10517988578,11.064,11.065,378,121,1052610.32758,511640.8894900001,1116571.9382299997,640253.15041,17266.648980000005,99309.05225,161514.98685,92233.7797,240916.8911599999,167317.75498000006,440295.19695999986,227817.6934600001,597922.3437599998,252411.10844000027
2026-10-07T15:29:54.309205+00:00,obs-20261007-01,LIGHT,FILUSDT,1.0,1.037,1.0371,1.0370499999999998,0.9643201542908209,9894463338,1.037,1.0371,358,186,410818.78461700014,332280.7456919999,415922.34512799955,345664.3361840001,29832.701013999984,7844.185344000002,114866.78687899999,65407.040274,182254.683032,145915.93196099997,307865.3550890001,195070.45560399996,379535.0999630001,273676.9525019998
2026-10-07T15:29:54.309205+00:00,obs-20261007-01,LIGHT,ALGOUSDT,1.0,0.1158,0.1159,0.11585000000000001,8.635578583764403,5664158205,0.1158,0.1159,129,56,95522.16640000002,18289.979100000004,95535.035,29630.875499999995,231.4842,4862.932199999998,58210.4274,36040.5579,127526.9477,73695.3615,175558.1055,102633.7794,200873.71360000005,116778.6951
2026-10-07T15:29:54.309205+00:00,obs-20261007-01,LIGHT,XRPUSDT,1.0,1.4238,1.4239,1.4238499999999998,0.702345835088547,26675998843,1.4238,1.4239,451,113,3033504.28554,3436901.538359999,3086680.96113,3439787.7660200004,166745.9710799999,62031.362380000006,1132266.28006,1137754.5052999998,1819290.34179,1562401.4562600001,2933211.385659999,2438189.298980001,4187397.733669999,2633218.4876600006
2026-10-07T15:29:54.309205+00:00,obs-20261007-01,LIGHT,HBARUSDT,1.0,0.09239,0.0924,0.092395,1.082368221667629,8392383645,0.09239,0.0924,265,143,245968.93478000019,129114.58003999997,230772.89027999996,149720.11109999992,1022.7550200000001,10726.229120000016,149284.8577,138206.02964999995,221443.60122999997,271271.8831899999,460537.76466000016,422547.14389999997,925367.8337500002,726764.7751099999
2026-10-07T15:30:54.313185+00:00,obs-20261007-01,LIGHT,PEPEUSDT,1.0,4.02e-06,4.03e-06,4.025e-06,24.875621890549926,8827772087,4.02e-06,4.03e-06,336,159,202682.80773955001,429488.35573544004,103775.40761350997,687075.0604342101,1.84587518,181483.44017060002,101950.25939286,128713.71105554001,274718.22005552996,288654.59729462,543387.44041549,504469.12787003,843887.3470319598,938019.31085251
2026-10-07T15:30:54.313185+00:00,obs-20261007-01,LIGHT,BNBUSDT,1.0,767.18,767.19,767.185,0.13034750645291027,20908420784,767.18,767.19,465,142,4538448.326640003,3557936.645009998,4192167.8724100003,3687817.900350001,31479.854539999993,39858.26708000001,876729.42139,968025.9596999993,1698240.8536900016,1666000.1713800002,4048105.0071900035,3645463.807890001,6519865.49983002,5315540.649580003
2026-10-07T15:30:54.313185+00:00,obs-20261007-01,LIGHT,AAVEUSDT,1.0,171.25,171.26,171.255,0.5839416058384117,10438720978,171.25,171.26,273,14,677756.1928699998,357390.49008999986,607223.86585,370190.23586999986,212.12846000000002,1508.19036,159515.71764,103253.04935999998,242228.00074000005,158701.49512999997,757520.9258999999,216119.82985999988,1345889.78427,261854.87002
2026-10-07T15:30:54.313185+00:00,obs-20261007-01,LIGHT,AVAXUSDT,1.0,11.097,11.098,11.0975,0.9011444534579027,10517997322,11.097,11.098,438,200,2090727.1987999997,919625.5291900006,1932280.9240899999,941102.1821,79116.27710999995,15094.393440000002,210582.87818,119817.88036000001,347674.35521999997,184096.0823,537167.0175300001,211093.02785,668325.3477699998,220798.75237000003
2026-10-07T15:30:54.313185+00:00,obs-20261007-01,LIGHT,FILUSDT,1.0,1.0383,1.0384,1.0383499999999999,0.9631127805054263,9894467414,1.0383,1.0384,386,151,357974.718844,329315.64304400014,343883.221898,345741.7031919999,2854.4419840000032,16140.539271,104356.07743800002,71075.93284199998,185811.50030700004,141818.72210599997,297581.9375909999,187302.44982599997,385953.4816879999,274086.871386
2026-10-07T15:30:54.313185+00:00,obs-20261007-01,LIGHT,ALGOUSDT,1.0,0.116,0.1161,0.11605,8.620689655172153,5664160172,0.116,0.1161,161,64,125341.73850000002,95989.51180000002,119370.37070000004,97675.24990000001,902.2193,14351.230799999994,60465.49219999999,22357.055500000002,132203.02089999997,68845.337,172949.06049999996,108934.1414,206119.76809999996,121558.61489999999
2026-10-07T15:30:54.313185+00:00,obs-20261007-01,LIGHT,XRPUSDT,1.0,1.4266,1.4267,1.42665,0.7009673349211987,26676006914,1.4266,1.4267,491,113,5056402.963880001,5163557.188590003,4852192.08437,5408061.50818,57103.84668000001,126388.38240999996,998555.4933799998,1163075.9189499998,1780281.7814899997,1567920.19436,2842863.861540001,2218656.2308400013,4367530.42029,2413536.9827900007
2026-10-07T15:30:54.313185+00:00,obs-20261007-01,LIGHT,HBARUSDT,1.0,0.09251,0.09252,0.092515,1.080964220085967,8392386771,0.09251,0.09252,389,239,1172371.0026900007,350281.2263500001,1137523.887689999,408612.41951,2159.07901,25587.521499999977,139266.25378,135561.83146000002,224086.43302999996,234883.74673999997,476933.52063999994,366928.02699,958202.7109800001,668479.9993399999
2026-10-07T15:31:54.316156+00:00,obs-20261007-01,LIGHT,PEPEUSDT,1.0,4.03e-06,4.04e-06,4.035e-06,24.81389578163684,8827774270,4.03e-06,4.04e-06,281,75,500905.43535816,673390.6193103301,340680.7281120301,787066.7715624804,18976.84130069,31041.71167831,82005.67129027001,110456.92195868,242606.64397261,280077.68405738,527229.32693695,589905.3629847401,796475.03829937,936735.2305685101
2026-10-07T15:31:54.316156+00:00,obs-20261007-01,LIGHT,BNBUSDT,1.0,768.16,768.17,768.165,0.1301812122478374,20908430764,768.16,768.17,507,175,6959279.629409997,6177086.58597,6944401.823709999,6315964.76122,28560.30737000001,59214.32281999998,884698.1940700003,912201.3883399995,1537390.6881600008,1635920.7008599993,3299002.6775100036,3804811.7868899996,5883908.162980009,5196131.392649997
2026-10-07T15:31:54.316156+00:00,obs-20261007-01,LIGHT,AAVEUSDT,1.0,171.62,171.63,171.625,0.5826826710175759,10438725596,171.62,171.63,414,83,1219268.9483,705139.1601800007,1233496.9577799977,745992.1713899998,2320.3865500000006,21551.23633,118125.86050999998,85866.14709000004,185613.70911999998,143365.61209000007,723259.06753,199923.83134999993,814990.2731899999,229429.35631000018
2026-10-07T15:31:54.316156+00:00,obs-20261007-01,LIGHT,AVAXUSDT,1.0,11.134,11.135,11.1345,0.8981498113880271,10518007783,11.135,11.136,503,245,3100207.164290001,1259065.7865300006,3109459.284720003,1269007.467949999,41292.13116999999,24094.15099,161373.73291000002,93849.88139000004,281386.9802,157009.03196,454867.0936100001,201818.98212000003,618734.87784,227220.81619000007
2026-10-07T15:31:54.316156+00:00,obs-20261007-01,LIGHT,FILUSDT,1.0,1.0399,1.04,1.0399500000000002,0.9616309260507272,9894471571,1.0399,1.04,409,117,409658.552883,345725.10054500005,387206.92140800017,353394.571131,2201.857419,5673.426596000001,101280.29715700001,74453.31439700001,200276.19272300007,142768.01494100003,314255.97883599997,198419.94358499994,385211.24125100014,290202.27282600006
2026-10-07T15:31:54.316156+00:00,obs-20261007-01,LIGHT,ALGOUSDT,1.0,0.1163,0.1164,0.11635000000000001,8.598452278589797,5664162688,0.1163,0.1164,256,44,153532.965,88370.1796,141558.08590000006,98923.47739999999,84.753,1476.7977999999998,32891.2911,37594.946500000005,91471.18789999999,80230.1864,161919.66309999998,105048.88849999999,197395.83509999997,117907.08089999999
2026-10-07T15:31:54.316156+00:00,obs-20261007-01,LIGHT,XRPUSDT,1.0,1.4294,1.4295,1.42945,0.6995942353427154,26676018271,1.4294,1.4295,538,131,6039085.087790001,7129726.1656300025,5957650.96791,7479323.69098,69844.91488000003,57405.479599999984,937778.43229,755129.2540400003,1469866.97704,1265432.2218400007,2779266.0588700008,1895313.6253800003,3609629.181280001,2085949.4083800002
2026-10-07T15:31:54.316156+00:00,obs-20261007-01,LIGHT,HBARUSDT,1.0,0.09269,0.0927,0.092695,1.0788650339854655,8392390932,0.09269,0.0927,400,206,1622345.035070001,815369.0717499992,1594021.2620600003,833317.6442599997,4571.73719,16003.49984999995,136708.21565000003,140633.29322,282610.5377499999,222310.17436999994,470913.6376199999,362337.5430199999,968892.8467900001,651146.6551699998
2026-10-07T15:32:54.317233+00:00,obs-20261007-01,LIGHT,PEPEUSDT,1.0,4.03e-06,4.04e-06,4.035e-06,24.81389578163684,8827774939,4.03e-06,4.04e-06,210,16,455050.2113557602,222939.99965376005,413682.75214582,224490.59555654004,68.51,3747.4483086,106472.71200176001,90161.91270500001,251645.14985234,276315.58895495004,568596.78614689,588354.76708196,816186.76278164,935249.54366935
2026-10-07T15:32:54.317233+00:00,obs-20261007-01,LIGHT,BNBUSDT,1.0,768.55,768.56,768.555,0.1301151519084165,20908441320,768.55,768.56,495,202,7219257.115199998,6873599.7453700015,6757650.220750003,6888640.83459,9401.560010000001,52699.191289999995,781543.2654400005,938282.2699199999,1643064.6075900006,1631802.3332899995,3396629.745750004,3960962.936720001,6072293.77632001,5299389.332300001
2026-10-07T15:32:54.317233+00:00,obs-20261007-01,LIGHT,AAVEUSDT,1.0,171.77,171.78,171.775,0.582173837107014,10438730386,171.77,171.78,402,87,1490965.8951599994,870589.2487899998,1436266.6967200008,862060.2687399997,4705.09319,6898.745559999999,157628.35964,103215.95633,238486.75088999997,156193.98503,295229.12457000004,210502.9149299999,844096.4956499997,239984.20972000007
2026-10-07T15:32:54.317233+00:00,obs-20261007-01,LIGHT,AVAXUSDT,1.0,11.131,11.132,11.131499999999999,0.8983918785365752,10518018237,11.131,11.132,521,268,3255623.22659,1261323.4290800006,3331935.226699999,1193747.02207,54729.44162999996,24640.35463000001,149232.24956999999,125525.97905000001,275215.82738000003,197256.1317099999,380651.6714100002,268325.8241099999,543361.1566400001,293608.5858699998
2026-10-07T15:32:54.317233+00:00,obs-20261007-01,LIGHT,FILUSDT,1.0,1.0401,1.0402,1.0401500000000001,0.9614460148066328,9894476346,1.0401,1.0402,432,120,413552.4331559999,453151.9388210002,427591.7693589996,445106.729039,3976.5604380000004,4808.133558000001,90387.30145900001,86893.317223,203142.28591100004,140871.64676300003,300201.11529199994,210531.99555500003,371060.0241340001,305851.7657270001
2026-10-07T15:32:54.317233+00:00,obs-20261007-01,LIGHT,ALGOUSDT,1.0,0.1164,0.1165,0.11645,8.59106529209619,5664165695,0.1164,0.1165,245,13,145240.11099999995,84795.17839999999,139614.41329999996,84852.39029999998,1886.6112,267.26480000000004,34189.0038,28632.6118,105356.1293,73491.3424,156406.5576,105142.55739999999,199896.87970000002,118290.18619999998
2026-10-07T15:32:54.317233+00:00,obs-20261007-01,LIGHT,XRPUSDT,1.0,1.4291,1.4292,1.42915,0.6997410957954031,26676029744,1.4291,1.4292,557,176,5683212.01777,7980698.838380006,5924498.453250003,7528318.50733,89746.18869000001,104520.00777999996,836537.19852,1156846.0462599997,1176402.9850700004,1591760.023549999,2586625.7217700016,2337257.1203599973,3364811.971850001,2539679.8603899963
2026-10-07T15:32:54.317233+00:00,obs-20261007-01,LIGHT,HBARUSDT,1.0,0.09279,0.0928,0.09279499999999999,1.0777023386143725,8392395544,0.09279,0.0928,438,151,1273648.7377300002,1106598.5479199998,1277762.2393700003,1133827.93827,6008.282040000002,34700.81027,133536.85338999997,121921.76392,244727.43408,202036.06013,447682.01681000006,335636.2745,930217.6384200003,699684.1399599998
2026-10-07T15:33:54.329539+00:00,obs-20261007-01,LIGHT,PEPEUSDT,1.0,4.03e-06,4.04e-06,4.035e-06,24.81389578163684,8827775464,4.03e-06,4.04e-06,188,14,297741.32392769004,351177.79661564995,298097.83147013,355222.11853591,57.70048414,3855.86301352,104601.2329882,86357.89678504001,262751.9003086,273149.36251519003,568240.2786044499,584310.4451617,814149.7956066199,931220.3634388502
2026-10-07T15:33:54.329539+00:00,obs-20261007-01,LIGHT,BNBUSDT,1.0,768.73,768.74,768.735,0.13008468513042715,20908451322,768.73,768.74,501,166,5675167.567840001,4399326.610289997,6002836.255429996,4223808.042979999,19796.64881,7885.476240000001,792668.8527599999,983829.476,1514725.3736600007,1660814.6516199994,3052062.9051100034,4245139.988830001,6021127.0694500115,5345237.404369996
2026-10-07T15:33:54.329539+00:00,obs-20261007-01,LIGHT,AAVEUSDT,1.0,171.79,171.8,171.79500000000002,0.582106059725529,10438734239,171.79,171.8,363,65,1714254.4319099993,724177.3175899994,1706998.9415600006,730816.6046400005,14299.703730000001,2815.3195999999994,139221.77721,94018.22646,181128.54631,146893.41760999995,302361.6588800002,204363.49684999988,850934.7736699998,233921.18565
2026-10-07T15:33:54.329539+00:00,obs-20261007-01,LIGHT,AVAXUSDT,1.0,11.162,11.163,11.162500000000001,0.8958967926897543,10518026559,11.162,11.163,465,232,2440530.7741599996,908338.7200099996,2321686.59727,980817.4678900006,8409.77884,66582.81503,116181.59688999999,103838.49893,301646.46322,162441.57620000004,470433.45069000026,198068.0946200001,658056.5920000002,223345.75135000015
2026-10-07T15:33:54.329539+00:00,obs-20261007-01,LIGHT,FILUSDT,1.0,1.04,1.0401,1.04005,0.9615384615391243,9894481365,1.04,1.0401,411,109,503746.36959500005,493062.9904379997,501506.440852,493505.61743800034,5161.030676,22849.538215000004,102358.88397200001,73615.771287,194515.13382900003,135313.526317,302451.0630159999,207558.4784449999,373610.37170700013,303076.59728799993
2026-10-07T15:33:54.329539+00:00,obs-20261007-01,LIGHT,ALGOUSDT,1.0,0.1164,0.1165,0.11645,8.59106529209619,5664168901,0.1164,0.1165,290,10,169971.8789999999,117689.08810000002,170544.52949999998,112418.13619999998,17087.1867,205.5225,31357.2977,26067.629500000003,98159.72009999999,73459.158,154707.71189999997,109031.61499999999,199060.44609999994,121926.44499999998
2026-10-07T15:33:54.329539+00:00,obs-20261007-01,LIGHT,XRPUSDT,1.0,1.43,1.4301,1.43005,0.6993006993005757,26676038532,1.43,1.4301,523,116,4697180.0176800005,5069530.0986999925,4284509.54712,5418770.518820003,27925.80537,27781.29327000001,1039666.17005,894379.1017099997,1684517.1860999998,1243476.6903999995,2947087.28939,1997886.5914999994,3764587.1126899994,2180096.4705499983
2026-10-07T15:33:54.329539+00:00,obs-20261007-01,LIGHT,HBARUSDT,1.0,0.0929,0.09291,0.092905,1.0764262648010892,8392399265,0.0929,0.09291,420,97,1144170.2475299996,469330.67158,1107795.9456599995,480546.67796999967,3624.9959400000002,7197.177580000002,135398.15881000002,125395.70143,202165.06385,194258.44337,479156.41403000004,335412.72049,966328.4626900001,688598.3890999997
2026-10-07T15:34:54.343817+00:00,obs-20261007-01,LIGHT,PEPEUSDT,1.0,4.03e-06,4.04e-06,4.035e-06,24.81389578163684,8827776792,4.03e-06,4.04e-06,213,56,220152.82317071,432436.8630724901,263528.5859903301,532651.0172337801,14444.548775760002,14144.413837819993,131632.96975387,86481.35828412001,233877.03354415,249649.68120387002,504263.47522483,483265.24119009,752756.83445353,831137.9894767501
2026-10-07T15:34:54.343817+00:00,obs-20261007-01,LIGHT,BNBUSDT,1.0,768.61,768.62,768.615,0.13010499473109505,20908458490,768.61,768.62,419,165,1949886.8676100005,1923673.7728700007,2157410.518639998,1866653.92307,10948.78478,3692.929019999999,802447.7006100003,1019074.7557199995,1537312.8768700005,1714562.354019999,3051242.287090002,4301003.829820001,5996016.453090009,5381508.798639995
2026-10-07T15:34:54.343817+00:00,obs-20261007-01,LIGHT,AAVEUSDT,1.0,171.71,171.72,171.715,0.5823772639912406,10438736679,171.71,171.72,285,57,645485.0718099995,526789.1131500002,496615.3150999998,513970.27269,8975.580800000002,24973.12301,288463.9185,97648.90385,348138.33456999995,147938.67104,912339.3910899998,214751.30312999984,994995.3708099998,247613.73434999998
2026-10-07T15:34:54.343817+00:00,obs-20261007-01,LIGHT,AVAXUSDT,1.0,11.14,11.142,11.141,1.7953321364450048,10518034966,11.14,11.142,454,192,2699322.588760001,1102928.7835300006,2781249.36155,1003980.4495400004,59947.94272000001,16838.175259999996,146917.83448000002,130489.49177,271112.57405999996,208560.12480000005,390711.0131800002,294587.21800000005,554252.4598899999,319628.2915299999
2026-10-07T15:34:54.343817+00:00,obs-20261007-01,LIGHT,FILUSDT,1.0,1.0395,1.0396,1.0395500000000002,0.9620009620014969,9894483536,1.0395,1.0396,290,32,260535.70626100007,285445.6257529999,281249.94243700005,264840.09526999993,8047.8321240000005,1913.9670990000002,94245.80141499998,80129.366608,171623.20834600003,144344.092438,281954.7713159999,223636.71302599995,357329.11670400004,319978.34103199985
2026-10-07T15:34:54.343817+00:00,obs-20261007-01,LIGHT,ALGOUSDT,1.0,0.1162,0.1163,0.11624999999999999,8.60585197934638,5664170395,0.1162,0.1163,150,3,130715.09440000002,72063.12479999998,142377.85580000002,64113.297200000015,926.8677000000001,49.978500000000004,51362.845,19115.7677,113325.5866,67945.6484,155508.1029,108609.14510000001,189029.04719999994,122198.66089999999
2026-10-07T15:34:54.343817+00:00,obs-20261007-01,LIGHT,XRPUSDT,1.0,1.4287,1.4288,1.42875,0.6999370056703924,26676046447,1.4287,1.4288,509,109,4025101.0139499996,4946870.7265099995,4379686.742689998,4769449.607880003,162547.09556999995,50781.32808999998,961922.0186300001,1076631.09795,1366033.66598,1287360.2071599998,2700895.9475700017,2163510.3180899983,3432277.10175,2351699.9654899966
2026-10-07T15:34:54.343817+00:00,obs-20261007-01,LIGHT,HBARUSDT,1.0,0.09294,0.09295,0.092945,1.0759629868739573,8392402269,0.09294,0.09295,361,131,699042.82715,355699.1404900002,706806.2889800001,353348.8490699999,5038.9048999999995,23080.615319999997,114709.55357000003,110484.46169,230884.50446000005,198349.87053,444733.80962,337803.83820999996,956308.6555300003,691909.9052899997
2026-10-07T15:35:54.343830+00:00,obs-20261007-01,LIGHT,PEPEUSDT,1.0,4.04e-06,4.05e-06,4.045e-06,24.752475247524774,8827777724,4.04e-06,4.05e-06,232,44,331532.52389897004,209313.18718452,187336.89053938,277496.2995011,0.0,4680.83040031,64635.03524804,118534.13474355,222800.59894418,290999.31101085,496946.0302284199,516337.27023007,771419.1391291099,912960.04256493
2026-10-07T15:35:54.343830+00:00,obs-20261007-01,LIGHT,BNBUSDT,1.0,769.16,769.17,769.165,0.13001196110140611,20908465071,769.16,769.17,439,162,3782165.2042400003,2634452.453319997,3362803.9831399983,2735782.07563,25947.39410000001,55499.53597999999,877940.5768300002,1019787.3403200004,1578241.4576100009,1564905.4009899995,3366725.110990001,4211634.184289999,6320985.422170007,5313261.011779994
2026-10-07T15:35:54.343830+00:00,obs-20261007-01,LIGHT,AAVEUSDT,1.0,172.02,172.03,172.025,0.581327752586791,10438739783,172.02,172.03,319,78,1110868.2063700007,482630.48892000003,1128905.2073200003,495751.91160000005,1698.38514,3222.6103199999993,285601.66242999997,101706.19818000002,346366.9450199999,151637.37064999997,417084.6122399997,207160.44162000003,942544.6523899997,232788.39508000005
2026-10-07T15:35:54.343830+00:00,obs-20261007-01,LIGHT,AVAXUSDT,1.0,11.148,11.149,11.148499999999999,0.8970218873338709,10518040007,11.148,11.149,402,88,1798811.8289799988,647252.7948100002,1725041.215710001,661425.1865699999,19768.530160000006,15845.684829999997,201078.87954,139026.43545,345135.60669,218910.27132000003,438615.16194000025,281495.37729,602184.6798099999,307918.9495899998
2026-10-07T15:35:54.343830+00:00,obs-20261007-01,LIGHT,FILUSDT,1.0,1.0413,1.0414,1.04135,0.9603380389910932,9894486628,1.0413,1.0414,340,79,374013.51923299965,303548.796664,336018.803618,359785.03046599985,2404.4273160000002,32439.427913999993,102590.75189900001,57881.044011999984,198030.40396800003,119407.20928999996,301153.835532,180249.13340799988,371632.379333,279926.21067199984
2026-10-07T15:35:54.343830+00:00,obs-20261007-01,LIGHT,ALGOUSDT,1.0,0.1163,0.1164,0.11635000000000001,8.598452278589797,5664172004,0.1163,0.1164,177,5,110746.97539999994,83293.42939999998,102362.71229999994,91235.6276,0.0,2544.5446,45482.5849,20270.3934,105311.16239999999,64897.59,159130.44879999995,107022.4044,193046.72509999992,121671.27329999999
2026-10-07T15:35:54.343830+00:00,obs-20261007-01,LIGHT,XRPUSDT,1.0,1.4311,1.4312,1.4311500000000001,0.6987631891552937,26676053242,1.4311,1.4312,487,93,4204944.23946,3790936.105930001,3756245.6465100036,4037307.934020002,27620.284180000002,43031.14403999999,1061784.52319,841143.6113100001,1596970.7167400003,1187429.2015899997,3027765.8142200015,1936030.0379399997,3727785.90749,2121787.003659999
2026-10-07T15:35:54.343830+00:00,obs-20261007-01,LIGHT,HBARUSDT,1.0,0.09311,0.09312,0.093115,1.0739984964014404,8392406132,0.09311,0.09312,399,118,1578067.3941900006,708520.1456000002,1584557.914380001,725922.7513300008,10755.515080000003,12472.903929999999,108048.80841000001,121843.54151,244209.43758,192799.06932,423471.55426,322887.1190199999,833349.2443700002,691273.9353099999
2026-10-07T15:36:54.344151+00:00,obs-20261007-01,LIGHT,PEPEUSDT,1.0,4.04e-06,4.05e-06,4.045e-06,24.752475247524774,8827778604,4.04e-06,4.05e-06,267,19,284100.84605781,464510.0429883699,256801.1697332201,469320.32902833994,241.86128216000003,1359.4736816999998,108999.58356972001,98489.15303355,241284.03416893003,285583.29022967,524245.70655301004,511526.9841901,781854.6611142402,938863.1482682399
2026-10-07T15:36:54.344151+00:00,obs-20261007-01,LIGHT,BNBUSDT,1.0,769.31,769.32,769.315,0.1299866113813053,20908471537,769.31,769.32,424,118,3159793.4079099996,3365791.0457200008,3154669.5159900025,3322749.769610001,4808.50241,17089.132100000003,856449.0925599998,979918.3413500001,1583223.9407499996,1688278.10985,3364333.572199999,4282899.150469999,6313523.175030006,5361643.238229992
2026-10-07T15:36:54.344151+00:00,obs-20261007-01,LIGHT,AAVEUSDT,1.0,171.86,171.87,171.865,0.581868963109855,10438741415,171.86,171.87,274,28,771573.6612000002,539853.0741400003,852639.4827700005,528737.6855300005,3447.4738700000003,308.00244,195967.33354000005,92564.94664,279455.25610000006,154047.3577,343257.24854999984,216003.79121000002,884166.1303699997,243371.82627000008
2026-10-07T15:36:54.344151+00:00,obs-20261007-01,LIGHT,AVAXUSDT,1.0,11.153,11.155,11.154,1.7932394871333912,10518045878,11.153,11.155,405,103,1614445.4843,686943.493,1590106.54218,696446.6061000001,15702.884439999998,7521.793619999999,231364.86487000002,147624.82677,345579.36487999995,221638.52232000005,462658.0949700001,271720.8541400002,623755.29644,297536.16300999996
2026-10-07T15:36:54.344151+00:00,obs-20261007-01,LIGHT,FILUSDT,1.0,1.041,1.0411,1.0410499999999998,0.9606147934682063,9894489650,1.041,1.0411,350,38,397024.49660699983,357263.96981599997,407232.2082950001,344714.56228999986,1896.998346,271.839881,93771.19764599999,74545.717456,204149.02668000004,131623.418636,294963.37651000003,192873.64274899996,364889.87756900006,288610.065209
2026-10-07T15:36:54.344151+00:00,obs-20261007-01,LIGHT,ALGOUSDT,1.0,0.1162,0.1163,0.11624999999999999,8.60585197934638,5664173902,0.1162,0.1163,179,8,129277.36019999995,97192.4363,134196.16180000006,90194.45980000001,276.6318,543.0789,56767.36290000001,16944.523,119283.5735,60276.793999999994,158973.6795,107664.92339999999,189627.39609999995,121254.65159999997
2026-10-07T15:36:54.344151+00:00,obs-20261007-01,LIGHT,XRPUSDT,1.0,1.432,1.4321,1.4320499999999998,0.6983240223457088,26676060897,1.432,1.4321,511,107,4763402.32831,5264791.861979995,4932948.682280004,5201606.822979999,56576.77226999999,116267.27873,927004.8005500003,911852.0663300001,1561624.0292000005,1255783.6946999999,2823808.2932100007,2001389.4174199996,3548170.1786199994,2233553.597199999
2026-10-07T15:36:54.344151+00:00,obs-20261007-01,LIGHT,HBARUSDT,1.0,0.09312,0.09313,0.093125,1.073883161513134,8392409162,0.09312,0.09313,344,54,757875.0702900004,488927.9293000001,751376.1012000003,494336.98753000004,6317.7424,12005.315810000006,108993.82586999999,115400.13588,248394.75575999994,187750.96085000003,429970.52334999974,317478.06078999996,835485.68199,685890.2137999998
2026-10-07T15:37:54.384794+00:00,obs-20261007-01,LIGHT,PEPEUSDT,1.0,4.04e-06,4.05e-06,4.045e-06,24.752475247524774,8827780974,4.04e-06,4.05e-06,312,128,551612.7446929795,930945.47141556,459184.6165187197,923177.7161168696,18186.590552,22223.899321299996,131941.03180556002,79131.94472520001,253448.84201129002,272268.93971446005,532551.77965731,509280.8507365701,789008.49140165,966899.4015113001
2026-10-07T15:37:54.384794+00:00,obs-20261007-01,LIGHT,BNBUSDT,1.0,769.51,769.52,769.515,0.1299528271236916,20908483758,769.51,769.52,530,293,7819847.42436,7949187.843450006,8152637.627879999,8194289.739999999,21089.934029999993,184596.06842000003,644951.6210599996,786544.7639199998,1420134.4214699992,1766945.7259500013,3030687.066839998,4039502.237040003,5763632.981750006,5359114.238669996
2026-10-07T15:37:54.384794+00:00,obs-20261007-01,LIGHT,AAVEUSDT,1.0,171.84,171.85,171.845,0.5819366852888308,10438744630,171.84,171.85,326,64,925755.9629899999,714064.29587,923119.84994,707866.4542800001,1559.0474400000003,13605.347549999997,197210.34871000002,92571.71401000001,284129.52005000005,153028.74060999995,345961.0737199999,222201.6328,886569.4370199998,249536.88824000003
2026-10-07T15:37:54.384794+00:00,obs-20261007-01,LIGHT,AVAXUSDT,1.0,11.147,11.148,11.1475,0.8971023593784544,10518054165,11.147,11.148,471,154,2212632.630239999,1039325.9990199998,2262330.6965799984,1028490.5113200003,34670.18600000001,29851.47266,218345.70309,135070.86403,360643.2137200001,221230.94192999994,413286.3894700004,281522.8287399999,574708.3448700001,307502.2496199999
2026-10-07T15:37:54.384794+00:00,obs-20261007-01,LIGHT,FILUSDT,1.0,1.0408,1.0409,1.0408499999999998,0.9607993850879737,9894493350,1.0408,1.0409,373,72,394528.1534660001,416463.50296499993,408766.260568,391416.532388,3412.5435129999996,10946.478665999999,99441.724157,80088.46682699998,201587.723899,151683.50763399998,280737.3370500001,218196.39061899993,356399.68391400017,317721.19588999986
2026-10-07T15:37:54.384794+00:00,obs-20261007-01,LIGHT,ALGOUSDT,1.0,0.1163,0.1164,0.11635000000000001,8.598452278589797,5664176557,0.1163,0.1164,216,10,164801.97359999994,102134.75289999995,167309.90349999996,108966.6927,782.3585,410.5973,54858.8381,19198.699099999998,110939.7478,58070.3327,151640.18209999998,107441.0459,185318.07329999996,121837.33339999997
2026-10-07T15:37:54.384794+00:00,obs-20261007-01,LIGHT,XRPUSDT,1.0,1.4319,1.432,1.43195,0.6983727913967286,26676069766,1.4319,1.432,523,126,4775808.355,5898590.6056,4938444.715999997,5693041.748289999,36054.89910000001,95614.4126,935873.7778099999,1042832.6531799998,1515926.28464,1430362.7335599991,2661892.548690001,2205979.246009998,3356577.42936,2440582.9664699966
2026-10-07T15:37:54.384794+00:00,obs-20261007-01,LIGHT,HBARUSDT,1.0,0.09312,0.09313,0.093125,1.073883161513134,8392413448,0.09312,0.09313,435,86,780570.1495999999,996544.3626999997,774151.2171600005,969414.19087,11246.665749999998,16900.260510000007,140977.72950000002,122395.44199,268117.3636,167031.78102000002,436389.3557899998,344608.23261999997,837618.7297899999,708774.0788799999
2026-10-07T15:38:54.390612+00:00,obs-20261007-01,LIGHT,PEPEUSDT,1.0,4.04e-06,4.05e-06,4.045e-06,24.752475247524774,8827781780,4.04e-06,4.05e-06,219,20,613232.6015253,222422.31513878002,615387.8021162896,215128.25033174,701.51068232,1463.6112223500004,82835.79077228,112118.51720070001,233532.74259341002,281526.74805886,530396.57906632,516574.91554361,769843.43607803,974191.86753602
2026-10-07T15:38:54.390612+00:00,obs-20261007-01,LIGHT,BNBUSDT,1.0,769.29,769.3,769.295,0.12998999077140638,20908490965,769.29,769.3,444,119,3759463.009270001,2614476.0157400006,3354308.732890003,2657097.3441099995,3906.7932600000013,36925.76364,868867.7408999996,947279.1067000001,1671227.000739999,1649327.8127700014,3436462.151539998,3967637.4907200015,6398551.637300004,5319158.853859997
2026-10-07T15:38:54.390612+00:00,obs-20261007-01,LIGHT,AAVEUSDT,1.0,171.67,171.68,171.675,0.582512960913828,10438747383,171.67,171.68,303,89,882034.49897,559950.6696499997,932090.4537500001,549708.6766099996,3727.53403,3774.28357,153194.42340999996,96062.71498,234465.08063999997,161786.23686000003,763078.5507899999,223598.48621999993,838506.3024199997,258380.61143000002
2026-10-07T15:38:54.390612+00:00,obs-20261007-01,LIGHT,AVAXUSDT,1.0,11.124,11.125,11.124500000000001,0.8989572096362863,10518059715,11.124,11.125,385,94,1389006.3626,677417.4631200001,1434029.6880900003,617236.4938699998,26179.75563000001,24328.325039999992,227826.80000000002,129892.53464999999,352647.5264600001,230044.41153999997,383446.86386000004,329372.03737000003,535780.2573199997,353368.6685699999
2026-10-07T15:38:54.390612+00:00,obs-20261007-01,LIGHT,FILUSDT,1.0,1.0389,1.039,1.0389499999999998,0.9625565501969469,9894496325,1.0389,1.039,332,60,276694.258302,307710.23766500014,322939.801793,271827.83932699973,4687.592240000001,3913.060350999999,112572.227352,65467.065372,195374.87246100005,151649.189584,256409.01136899984,236078.44643399995,329390.19745399983,330891.2217119998
2026-10-07T15:38:54.390612+00:00,obs-20261007-01,LIGHT,ALGOUSDT,1.0,0.1161,0.1162,0.11615,8.613264427217437,5664177792,0.1161,0.1162,164,5,104065.57140000003,50776.222299999994,105746.1268,53138.38899999998,4496.5703,11.9686,72392.2727,12201.2969,118310.4074,51833.1101,163015.28420000002,95476.9595,184987.55560000002,111929.34809999999
2026-10-07T15:38:54.390612+00:00,obs-20261007-01,LIGHT,XRPUSDT,1.0,1.4317,1.4318,1.43175,0.6984703499335332,26676074868,1.4317,1.4318,471,97,2577691.4109300016,2729094.5805699998,2621410.2032600013,2736328.40333,41574.34379999999,38572.53262999999,1103798.11474,1092033.7893100004,1345162.9876600003,1299676.1044200002,2618412.754090002,2199047.33017,3312461.86339,2433308.4746899987
2026-10-07T15:38:54.390612+00:00,obs-20261007-01,LIGHT,HBARUSDT,1.0,0.09299,0.093,0.092995,1.0753844499400422,8392415914,0.09299,0.093,310,33,577798.40158,1423623.26298,615986.65726,1399055.740520001,3799.30037,9265.51583,131730.15956,107027.22361,237586.82627,211073.89947999996,403451.2664399999,366646.8634899999,799832.49807,730335.7460599999
2026-10-07T15:39:54.397128+00:00,obs-20261007-01,LIGHT,PEPEUSDT,1.0,4.04e-06,4.05e-06,4.045e-06,24.752475247524774,8827782406,4.04e-06,4.05e-06,199,18,402900.3981718801,206189.88292751007,384638.69002417004,208749.25375182007,244.12779892,43691.0474151,119362.01862460001,91708.35615585001,252200.35088032,278313.81693703,548658.28721403,514015.5447193,789915.54902685,971262.64117692
2026-10-07T15:39:54.397128+00:00,obs-20261007-01,LIGHT,BNBUSDT,1.0,769.36,769.37,769.365,0.12997816366766557,20908501068,769.36,769.37,492,190,4637557.126230001,2941502.3819399998,4863001.200630004,2937539.6422900013,14316.558749999997,14023.579790000002,666707.7427199994,900082.9479399998,1443779.3372299992,1653411.7146100006,3210888.596479999,3999595.550120001,6159390.325120003,5322116.463479998
2026-10-07T15:39:54.397128+00:00,obs-20261007-01,LIGHT,AAVEUSDT,1.0,171.64,171.65,171.64499999999998,0.5826147751109012,10438750139,171.64,171.65,335,46,1133629.5382099994,695074.81494,1179742.2635599999,693969.1644899995,1398.35662,1417.4606200000003,112903.84454,95194.75807999999,192162.08434000003,154886.86229,721572.2495400002,224696.50838999994,791933.6766899999,259384.08443000002
2026-10-07T15:39:54.397128+00:00,obs-20261007-01,LIGHT,AVAXUSDT,1.0,11.129,11.13,11.1295,0.8985533291405723,10518066614,11.129,11.13,426,101,1855099.2466799994,747405.2829800004,1874745.19325,750933.9790900002,33406.52554000002,34515.77328000001,175246.80792000005,139307.00103999997,331556.8593800001,236710.89114999995,362869.8822500001,335084.31385,516183.31508,362939.92999000003
2026-10-07T15:39:54.397128+00:00,obs-20261007-01,LIGHT,FILUSDT,1.0,1.0396,1.0397,1.03965,0.9619084263179367,9894499143,1.0396,1.0397,333,34,322599.695281,300090.2411570002,308353.72738600004,310827.1875359999,1048.0489460000001,715.9459980000001,93837.00694199996,80835.61852899998,193900.33598099998,149366.278621,265722.3050159999,238506.74474499995,339421.0792449999,334672.2236739999
2026-10-07T15:39:54.397128+00:00,obs-20261007-01,LIGHT,ALGOUSDT,1.0,0.1162,0.1163,0.11624999999999999,8.60585197934638,5664179595,0.1162,0.1163,180,6,93429.14660000001,126070.0188,95871.99670000002,120542.2343,486.8318,345.42729999999995,51130.4418,19495.6616,112595.30350000001,67310.2797,152342.34410000002,104140.38059999997,182121.89250000002,117730.01419999996
2026-10-07T15:39:54.397128+00:00,obs-20261007-01,LIGHT,XRPUSDT,1.0,1.4332,1.4333,1.4332500000000001,0.6977393245888308,26676082862,1.4332,1.4333,494,164,5189287.453559997,4513961.1574,5056423.963339999,4529125.928999998,37403.265550000004,69048.80081,1051498.1503500002,985983.51365,1458410.8855500002,1303493.34876,2641347.87842,2202638.2423899993,3345439.736419999,2426464.665939998
2026-10-07T15:39:54.397128+00:00,obs-20261007-01,LIGHT,HBARUSDT,1.0,0.09312,0.09314,0.09312999999999999,2.1477663230240474,8392419121,0.09312,0.09314,349,45,1440559.0271699994,439090.44017000037,1420091.6972799986,468234.0106100004,4423.35376,9896.6206,123294.32115000002,126125.33234000001,219867.85967999997,208369.34796999997,418207.4300000001,339001.65478999994,818607.7206400002,703308.6551000001
2026-10-07T15:40:54.397149+00:00,obs-20261007-01,LIGHT,PEPEUSDT,1.0,4.04e-06,4.05e-06,4.045e-06,24.752475247524774,8827782777,4.04e-06,4.05e-06,132,24,336005.5778957199,17375.213355699998,340804.42347350984,39982.845918269995,232.13978975999999,11274.76351125,94983.79058616,84694.2221448,237277.14949568,255651.19530016,543859.44163624,491407.91215672996,784899.79928611,868806.56161133
2026-10-07T15:40:54.397149+00:00,obs-20261007-01,LIGHT,BNBUSDT,1.0,769.33,769.34,769.335,0.12998323216217855,20908507534,769.33,769.34,437,135,2188516.47933,1991142.8518300012,2155019.7917500013,1952302.06464,10996.06067,4906.80703,697107.2886199997,939670.09737,1469768.1354799992,1691659.3966300006,3244391.3836999997,4038388.1610800014,6193692.234580003,5366982.5260799965
2026-10-07T15:40:54.397149+00:00,obs-20261007-01,LIGHT,AAVEUSDT,1.0,171.51,171.52,171.515,0.5830563815534262,10438752128,171.51,171.52,278,37,676376.3594000004,616680.4323699995,634800.78552,606009.89882,1653.4625899999999,1500.0359299999998,140869.98590000003,88270.18692999995,240195.66904000007,148476.24893999993,775371.0975200002,218056.56729999988,841508.6730599998,262075.60165999996
2026-10-07T15:40:54.397149+00:00,obs-20261007-01,LIGHT,AVAXUSDT,1.0,11.123,11.124,11.1235,0.8990380293094624,10518073912,11.123,11.124,428,110,1970741.2659599995,869197.1150099998,1928976.3389599998,919606.9102999992,23474.384260000006,37400.66625,215669.88629999998,95072.33266,329357.32394999993,183652.67538000003,406971.11404,266234.04227000003,560154.5037799999,282553.14337999985
2026-10-07T15:40:54.397149+00:00,obs-20261007-01,LIGHT,FILUSDT,1.0,1.0387,1.0388,1.0387499999999998,0.9627418888991102,9894502256,1.0387,1.0388,328,63,351629.9378680002,269402.3959609998,367779.459174,262751.687487,3017.0663469999995,7337.535403999999,103554.63232899997,64783.89618399999,193258.23069499998,141670.280697,254584.2604189998,232092.6284699999,328084.4903919998,323014.25837799977
2026-10-07T15:40:54.397149+00:00,obs-20261007-01,LIGHT,ALGOUSDT,1.0,0.1161,0.1162,0.11615,8.613264427217437,5664180741,0.1161,0.1162,129,6,93820.82510000005,68845.57470000001,97934.02550000002,64174.73579999999,967.1325999999999,334.4996,52490.5973,26185.764,112223.9327,65830.3834,156459.2337,105675.58290000001,179476.966,120918.6113
2026-10-07T15:40:54.397149+00:00,obs-20261007-01,LIGHT,XRPUSDT,1.0,1.4324,1.4325,1.43245,0.6981290142427099,26676088652,1.4324,1.4325,495,143,3025794.8647800004,2908037.2209000005,3084392.5186300017,2934128.154749999,46242.296549999985,58447.55645999999,1044947.8777600001,961481.5129599998,1414018.3674400002,1253859.617879999,2603514.63192,2175325.3552599982,3274088.837849999,2397082.774529997
2026-10-07T15:40:54.397149+00:00,obs-20261007-01,LIGHT,HBARUSDT,1.0,0.09296,0.09297,0.09296499999999999,1.0757314974174648,8392421697,0.09296,0.09297,296,30,455966.45981999976,734286.02243,472919.10249000025,687448.3278799994,5179.035969999999,3482.5983299999994,151389.52706,118082.07297999997,242946.86897,182326.40617999993,407517.68387999997,379602.62868999987,803400.8274099999,744067.89375
2026-10-07T15:41:54.410483+00:00,obs-20261007-01,LIGHT,PEPEUSDT,1.0,4.04e-06,4.05e-06,4.045e-06,24.752475247524774,8827783142,4.04e-06,4.05e-06,143,23,147591.19032069005,278740.3714492199,137956.50584542003,283671.48102668,417.07878492,4084.9463160000005,128085.69250532001,80216.707077,247127.06138968002,250764.03287452,553494.12611151,486476.80257927,795397.52303273,854101.7078178
2026-10-07T15:41:54.410483+00:00,obs-20261007-01,LIGHT,BNBUSDT,1.0,769.5,769.51,769.505,0.1299545159194615,20908512255,769.5,769.51,388,159,2171379.364340001,1458123.05727,2366857.8695,1715114.81537,25609.90798000001,19647.25018,714935.5011199996,757862.6131699996,1370807.744229999,1533487.4452000002,3048323.29843,3782688.010240001,5773482.155570006,5110867.610349993
2026-10-07T15:41:54.410483+00:00,obs-20261007-01,LIGHT,AAVEUSDT,1.0,171.62,171.63,171.625,0.5826826710175759,10438753815,171.62,171.63,252,26,862634.05397,413439.4241200001,858457.8530099997,423810.0691300001,550.35631,2750.62242,142186.21235,92516.18464999995,225894.35538999992,159099.62401999993,767572.6203800001,225690.3705899999,833535.8810999998,252453.37261
2026-10-07T15:41:54.410483+00:00,obs-20261007-01,LIGHT,AVAXUSDT,1.0,11.135,11.136,11.1355,0.8980691513249539,10518077590,11.135,11.136,319,62,852592.9668000004,424832.96502,850508.27701,423118.48239999975,17860.775489999996,16159.227109999998,170952.78815,121570.70658999997,341269.98855,215927.0604899999,403847.48964,269424.17387999984,560041.24215,295399.86752999976
2026-10-07T15:41:54.410483+00:00,obs-20261007-01,LIGHT,FILUSDT,1.0,1.0392,1.0393,1.03925,0.9622786759044821,9894505028,1.0392,1.0393,332,73,252027.81369200003,235982.92627900015,232746.12327299998,236879.55928500008,4013.630207000002,8239.007087999998,92740.52721999999,79498.53370700001,190063.655515,156448.64887499996,269051.40061799996,235260.49370899983,346106.73913099995,339792.1393459997
2026-10-07T15:41:54.410483+00:00,obs-20261007-01,LIGHT,ALGOUSDT,1.0,0.1162,0.1163,0.11624999999999999,8.60585197934638,5664181467,0.1162,0.1163,110,3,71660.67179999997,76168.58690000002,61370.1004,77212.19180000002,10.681199999999999,447.951,33793.1847,34860.7558,103113.24489999999,72855.64809999999,158519.7151,106558.1598,188786.24759999994,120147.81649999999
2026-10-07T15:41:54.410483+00:00,obs-20261007-01,LIGHT,XRPUSDT,1.0,1.4324,1.4325,1.43245,0.6981290142427099,26676095111,1.4324,1.4325,470,229,3679909.5739400005,3561925.991589999,3581297.95158,3805888.62304,145839.47873000003,50605.60668000001,1233954.6006299995,847988.81549,1519217.2867999997,1245475.70686,2702126.25428,1932884.9853299998,3372039.062299999,2153922.69319
2026-10-07T15:41:54.410483+00:00,obs-20261007-01,LIGHT,HBARUSDT,1.0,0.09297,0.09298,0.092975,1.0756157900404517,8392424432,0.09297,0.09298,326,35,998945.61661,1235008.6752200003,940303.90352,1266728.3734700005,12081.491530000001,9336.8032,159917.6132,109235.54300999998,285599.76677999995,209262.3847199999,465794.08656999987,346437.5901199999,863905.0891699996,711504.9303799998
2026-10-07T15:42:54.416449+00:00,obs-20261007-01,LIGHT,PEPEUSDT,1.0,4.04e-06,4.05e-06,4.045e-06,24.752475247524774,8827783564,4.04e-06,4.05e-06,167,18,281805.10011826,105926.29808167,268877.14338528,112846.06330874999,0.0,8038.84214475,57445.2149242,93107.16179730001,259594.90710240003,245746.24447562,566422.08284449,479557.03735219,802518.1494844,847601.7128888799
2026-10-07T15:42:54.416449+00:00,obs-20261007-01,LIGHT,BNBUSDT,1.0,769.61,769.62,769.615,0.12993594157961752,20908518778,769.61,769.62,453,118,4332084.281159998,3233250.465360001,4323772.6052800035,3394742.153220003,10556.289630000001,13796.439310000005,763014.4931999999,886531.8905099998,1374474.27431,1532111.0701400007,3055308.6361000002,3622450.0198700023,5776635.920960007,5018092.417839997
2026-10-07T15:42:54.416449+00:00,obs-20261007-01,LIGHT,AAVEUSDT,1.0,171.56,171.57,171.565,0.5828864537171796,10438755442,171.56,171.57,278,24,564063.73707,570413.7927900001,613389.3474300002,570490.8283599999,1141.4201,1214.63827,95250.81357000001,86258.55148999995,198932.09269999998,149130.20583999995,722705.9713600002,209515.50816999987,795891.3487199999,251551.54355999996
2026-10-07T15:42:54.416449+00:00,obs-20261007-01,LIGHT,AVAXUSDT,1.0,11.126,11.127,11.1265,0.8987956138795106,10518082164,11.126,11.127,345,79,1168591.77665,551692.2502800002,1172743.1307499993,504022.5723799996,25784.45471000001,9689.943069999998,240562.85186,147909.02220999997,359737.6021999999,236659.40215999994,403963.7619099999,315642.47300999996,554892.9450699999,330948.2897799999
2026-10-07T15:42:54.416449+00:00,obs-20261007-01,LIGHT,FILUSDT,1.0,1.0379,1.038,1.03795,0.9634839579919507,9894508139,1.0379,1.038,322,68,277151.145254,282577.8596480001,308567.0684030001,258762.44056500003,2851.2348400000005,1797.673844,110631.936347,70682.71062500002,202205.535787,150188.65283300003,242783.62703499984,242104.991449,346230.73313699977,331942.6976859996
2026-10-07T15:42:54.416449+00:00,obs-20261007-01,LIGHT,ALGOUSDT,1.0,0.1161,0.1163,0.1162,17.226528854437095,5664182550,0.1161,0.1163,141,4,56142.621600000006,77202.59229999999,66440.76379999999,85069.15570000003,133.63,214.5119,33718.739700000006,15375.0671,94166.2535,49557.086200000005,148221.5729,96765.41459999999,179008.3619,112281.25309999999
2026-10-07T15:42:54.416449+00:00,obs-20261007-01,LIGHT,XRPUSDT,1.0,1.4327,1.4328,1.43275,0.6979828296227453,26676100220,1.4327,1.4328,460,127,2648955.337080002,2101353.043290001,2880911.0519000003,2071367.718490001,31993.183370000035,17677.88012,912492.4465699999,938714.11423,1387941.1876300005,1397826.8470699997,2462661.3044600016,1963257.3623399995,3124734.3552600006,2187468.1159899994
2026-10-07T15:42:54.416449+00:00,obs-20261007-01,LIGHT,HBARUSDT,1.0,0.09285,0.09286,0.092855,1.0770059235332141,8392427441,0.09285,0.09286,386,47,442382.8376900002,637166.3857299999,499377.9041399997,603331.1309799999,39849.66861000001,6379.132589999999,142779.49724,113884.57054999997,242797.22203999996,227546.06506999995,439453.9380999999,378298.9750399999,918292.89435,745141.4922199999
2026-10-07T15:43:54.417211+00:00,obs-20261007-01,LIGHT,PEPEUSDT,1.0,4.04e-06,4.05e-06,4.045e-06,24.752475247524774,8827783962,4.04e-06,4.05e-06,142,18,211746.35748267002,149611.50050090998,255147.17983367006,141100.37922142004,9677.6375334,1861.2615131999999,18585.25538556,108142.3930806,213734.16800747003,255432.09043946,523021.26049349003,488068.15863168,794155.7185380001,856112.83416837
2026-10-07T15:43:54.417211+00:00,obs-20261007-01,LIGHT,BNBUSDT,1.0,769.54,769.55,769.545,0.129947761000615,20908521379,769.54,769.55,346,77,538038.72463,1341751.5803100003,546181.2033400002,1162347.8692799998,10048.067910000002,12876.037059999999,775579.6511499996,839881.5613799999,1382489.3237299998,1512596.2667300005,3048352.43136,3801598.008610002,5766912.479520009,5129273.049419996
2026-10-07T15:43:54.417211+00:00,obs-20261007-01,LIGHT,AAVEUSDT,1.0,171.48,171.49,171.485,0.5831583858184608,10438756597,171.48,171.49,206,20,465405.84407000005,428456.5610700001,372514.16522,409686.93263000017,1721.4475900000002,413.96949,191607.99523999993,96867.20430999999,292162.59862999985,149485.32423,825678.4373299998,226171.59807999994,889366.9622199994,269405.84755999997
2026-10-07T15:43:54.417211+00:00,obs-20261007-01,LIGHT,AVAXUSDT,1.0,11.119,11.12,11.119499999999999,0.8993614533681082,10518086138,11.119,11.12,350,57,1116499.44768,563255.8300200005,1128257.9016599995,543179.5685500002,26438.209990000003,5030.33263,226623.67861,136400.41267000002,357988.17046999995,246794.93688000002,421951.26687,335078.5692200001,577762.56287,349543.26303999993
2026-10-07T15:43:54.417211+00:00,obs-20261007-01,LIGHT,FILUSDT,1.0,1.037,1.0371,1.0370499999999998,0.9643201542908209,9894511446,1.037,1.0371,320,75,375581.78863799997,320585.92794399994,388928.492503,296161.2579990002,8003.691566000001,9879.348532,94009.64951399999,71805.243028,192177.56202699995,149079.32369200003,245245.76575499983,253266.16387400002,335701.3996749999,336331.47766499984
2026-10-07T15:43:54.417211+00:00,obs-20261007-01,LIGHT,ALGOUSDT,1.0,0.1161,0.1162,0.11615,8.613264427217437,5664184220,0.1161,0.1162,121,4,72436.7754,131322.65980000002,70636.31649999999,121095.995,643.7479999999999,108.4146,56300.399000000005,30606.8134,113749.4014,71417.4913,158252.1218,106992.0794,180808.8208,122235.1309
2026-10-07T15:43:54.417211+00:00,obs-20261007-01,LIGHT,XRPUSDT,1.0,1.4324,1.4325,1.43245,0.6981290142427099,26676103997,1.4324,1.4325,431,89,1687298.7215899993,1453538.4552499992,1693189.5908499996,1405966.14349,17413.452449999993,88108.21388000001,1003596.08832,889065.1351100003,1408714.8995300005,1324334.4804200006,2463780.694670001,2011409.9901700006,3125468.7367,2243202.5716400007
2026-10-07T15:43:54.417211+00:00,obs-20261007-01,LIGHT,HBARUSDT,1.0,0.09278,0.09279,0.092785,1.077818495365257,8392429582,0.09278,0.09279,329,22,283467.25068,755120.4617299997,290156.42407000007,744526.7873000003,1048.0176999999999,6447.2218299999995,134248.70432999998,117883.65420000002,237795.62704999995,189019.11263,437605.16974999994,387688.09458000003,911734.6964199999,755142.6467800001
2026-10-07T15:44:54.427311+00:00,obs-20261007-01,LIGHT,PEPEUSDT,1.0,4.03e-06,4.04e-06,4.035e-06,24.81389578163684,8827785200,4.03e-06,4.04e-06,230,63,231192.91675557994,428874.1341080802,231718.69251288997,343883.2999235601,19575.028989259998,7146.753986420001,142813.15683700002,86342.93106964,288778.03211032,220385.89085299,587375.45212018,461175.4409414,827627.13733298,880511.67804556
2026-10-07T15:44:54.427311+00:00,obs-20261007-01,LIGHT,BNBUSDT,1.0,769.3,769.31,769.305,0.12998830105193093,20908525964,769.3,769.31,412,80,3706833.1591399987,2616462.6926700007,3760967.547089999,2547842.8243000004,9916.39134,4158.28684,675268.6367299994,901757.0528400003,1336829.6341299997,1573988.3051600016,2995494.0332200006,3840211.917030003,5914027.788270004,5196811.576460002
2026-10-07T15:44:54.427311+00:00,obs-20261007-01,LIGHT,AAVEUSDT,1.0,171.46,171.47,171.465,0.5832264084904004,10438757754,171.46,171.47,193,14,348712.6964399999,464189.6745699998,447575.8862799998,472479.1920600001,614.19937,756.2891700000001,121925.20021,98091.02699000001,201586.65501000005,150499.89094999997,726822.71693,217874.46022999988,782598.9353499996,259667.92422999998
2026-10-07T15:44:54.427311+00:00,obs-20261007-01,LIGHT,AVAXUSDT,1.0,11.113,11.114,11.1135,0.8998470260057623,10518089715,11.113,11.114,321,55,942430.9768000002,519047.2436299995,964989.13666,494642.3152199999,23331.084759999998,7537.25288,212344.47875000007,153825.97344,344148.71871000004,255657.53331999993,408021.26011000003,359443.18822999997,562762.1800699998,372993.11980999983
2026-10-07T15:44:54.427311+00:00,obs-20261007-01,LIGHT,FILUSDT,1.0,1.0369,1.037,1.03695,0.9644131545960555,9894514785,1.0369,1.037,307,48,395977.2570729997,396175.441216,394701.47002300015,400593.6944470002,2352.626011,1483.0935450000002,106594.179164,61401.625758,202310.43620999999,143547.730572,246526.56261299987,248847.91064299995,337108.58147800004,323018.6727329997
2026-10-07T15:44:54.427311+00:00,obs-20261007-01,LIGHT,ALGOUSDT,1.0,0.116,0.1161,0.11605,8.620689655172153,5664185382,0.116,0.1161,117,1,67975.14790000001,94727.92740000002,80205.4808,83643.61100000003,567.7289999999999,0.0,55873.8596,19049.156199999998,115800.2022,72136.6447,152134.2391,116533.9008,176779.1812,135246.0278
2026-10-07T15:44:54.427311+00:00,obs-20261007-01,LIGHT,XRPUSDT,1.0,1.4314,1.4315,1.43145,0.6986167388567388,26676108240,1.4314,1.4315,423,151,1626153.1045199996,1965400.0063500004,1906769.0190799995,1892899.7888999993,63859.57601999995,56969.92260999998,865088.42396,950401.05967,1134667.2129199998,1262006.80091,2299921.766720001,2067316.5552899993,2882160.0369999995,2311744.7003099984
2026-10-07T15:44:54.427311+00:00,obs-20261007-01,LIGHT,HBARUSDT,1.0,0.0929,0.09291,0.092905,1.0764262648010892,8392432113,0.0929,0.09291,246,31,493591.2535599998,348049.1395600001,454940.5517799997,382415.90740999987,2221.7267699999998,10157.32009,168475.4497,116234.81556,272462.74365,171081.97423999995,469776.7340699999,355824.65072,945605.66431,720897.83645
2026-10-07T15:45:54.443836+00:00,obs-20261007-01,LIGHT,PEPEUSDT,1.0,4.04e-06,4.05e-06,4.045e-06,24.752475247524774,8827785988,4.04e-06,4.05e-06,193,32,347440.64321694,180330.19423416993,239203.92438476003,267408.7027757599,2362.9099392300004,8569.57606889,103856.39850128001,90904.61134845001,244519.63534710003,259128.32472211,535966.59175236,485293.30244917003,819298.30321393,852792.75043087
2026-10-07T15:45:54.443836+00:00,obs-20261007-01,LIGHT,BNBUSDT,1.0,769.46,769.47,769.465,0.12996127153996895,20908531039,769.46,769.47,403,109,2167275.0794000006,2260665.250380001,2131167.6481200005,2259412.4779499997,27173.66073,15754.068560000003,723622.5156899997,860778.5414799998,1364911.7630799995,1619973.6941700012,3031180.2425999986,3869974.494480002,5725244.624400003,5198704.490189999
2026-10-07T15:45:54.443836+00:00,obs-20261007-01,LIGHT,AAVEUSDT,1.0,171.64,171.65,171.64499999999998,0.5826147751109012,10438759694,171.64,171.65,232,29,940482.8739200003,428010.40049,878278.4964599996,446030.8018599998,412.77342,1295.91053,166026.39116999996,86698.28185999999,248633.74529999992,151299.84217999995,768077.08039,218083.70095999993,850567.0147399994,245014.97676000005
2026-10-07T15:45:54.443836+00:00,obs-20261007-01,LIGHT,AVAXUSDT,1.0,11.128,11.129,11.128499999999999,0.8986340762029421,10518093975,11.128,11.129,336,66,1164634.8535499994,556151.0184000001,1121030.3358300002,587025.2257200005,34204.10796,15701.261769999996,264457.34985,156084.43811,370190.90643999993,264926.958,421587.55362999986,328994.528,572255.62821,355747.00163999986
2026-10-07T15:45:54.443836+00:00,obs-20261007-01,LIGHT,FILUSDT,1.0,1.0377,1.0378,1.03775,0.963669654041599,9894517576,1.0377,1.0378,335,59,352586.23761500005,233641.90563500003,334409.75652500015,248220.000982,3096.5526210000003,1050.2258349999995,106240.732633,70600.857367,190176.422728,141352.487952,252585.4466739999,234942.254768,354099.38031299994,319398.02961299976
2026-10-07T15:45:54.443836+00:00,obs-20261007-01,LIGHT,ALGOUSDT,1.0,0.1161,0.1162,0.11615,8.613264427217437,5664186277,0.1161,0.1162,112,5,56442.441200000016,108123.75279999999,51870.94580000002,112123.94239999999,4750.8955000000005,590.0201999999999,47591.0438,30122.849199999997,110529.6593,68316.0515,149651.5639,114076.2062,179426.8343,131577.7134
2026-10-07T15:45:54.443836+00:00,obs-20261007-01,LIGHT,XRPUSDT,1.0,1.4322,1.4323,1.4322499999999998,0.6982265046784342,26676112376,1.4322,1.4323,416,97,2347667.1358799995,2561231.2172399997,2056740.338879999,2556058.6547099994,41843.31191999998,81326.00813,1014783.4585500001,1048060.3477100004,1294157.4911200001,1414989.49288,2557734.7434400017,2075024.0813799999,3162925.6273600003,2319385.098789999
2026-10-07T15:45:54.443836+00:00,obs-20261007-01,LIGHT,HBARUSDT,1.0,0.0929,0.09291,0.092905,1.0764262648010892,8392433790,0.0929,0.09291,276,21,243957.10027,278473.59274,245753.92442000008,282708.24687999993,1291.12421,5185.4659,152162.33739,112848.66969999997,255536.76965,207043.19846999997,467979.90991999983,351589.99658,926986.7175299999,716663.18231
2026-10-07T15:46:54.443957+00:00,obs-20261007-01,LIGHT,PEPEUSDT,1.0,4.04e-06,4.05e-06,4.045e-06,24.752475247524774,8827786458,4.04e-06,4.05e-06,183,14,202647.93496442,246951.73419545998,167748.58065763998,221603.89518124002,0.0,4691.7996606,127816.38744256001,113226.112683,268522.4773901,283550.90791142,570865.94605914,510641.14146338997,800066.8011435501,877843.9851778499
2026-10-07T15:46:54.443957+00:00,obs-20261007-01,LIGHT,BNBUSDT,1.0,769.48,769.49,769.485,0.1299578936420076,20908536693,769.48,769.49,418,136,2961531.3577699987,1741911.0983400003,2992311.0974399988,1753904.4228699997,7690.58147,37476.181840000005,688238.5107499993,921624.3579899997,1334515.2999399991,1608197.6752100007,3000260.3480199985,3857990.4959900016,5694446.853560001,5186638.717729999
2026-10-07T15:46:54.443957+00:00,obs-20261007-01,LIGHT,AAVEUSDT,1.0,171.71,171.72,171.715,0.5823772639912406,10438762175,171.71,171.72,284,44,1501350.09109,689684.80905,1464670.441709999,691169.4137100002,1782.55471,2301.522520000001,198911.46863000005,86725.78149999997,282156.33934999997,152529.45345999993,801197.4864199997,216731.40497999985,884684.9701499993,245623.13712
2026-10-07T15:46:54.443957+00:00,obs-20261007-01,LIGHT,AVAXUSDT,1.0,11.151,11.152,11.151499999999999,0.8967805577975163,10518102669,11.151,11.152,430,171,2187883.5091200015,975183.39501,2185765.534580001,1030839.6238999997,46470.67072999999,42852.570069999994,153252.29496000006,149431.48137000002,292908.60472000006,233938.86223000006,408940.7807500003,275276.72397,573377.81096,300973.17875999986
2026-10-07T15:46:54.443957+00:00,obs-20261007-01,LIGHT,FILUSDT,1.0,1.0385,1.0386,1.0385499999999999,0.962927298988614,9894520953,1.0385,1.0386,378,54,445411.2045110001,336922.4574670001,434014.11181700026,352439.9011620001,2628.5822129999992,1923.194857,96528.465151,79991.998814,191963.68875300002,156087.66227499998,259957.6924789999,231646.53175400003,333004.327044,313243.7551209999
2026-10-07T15:46:54.443957+00:00,obs-20261007-01,LIGHT,ALGOUSDT,1.0,0.1161,0.1162,0.11615,8.613264427217437,5664187265,0.1161,0.1162,134,1,56295.660200000006,95464.1789,50948.3376,98601.97270000001,285.4899,0.0,55954.604100000004,23203.3743,115715.72080000001,63133.856400000004,154998.88650000002,110938.4124,183356.23480000003,128439.9196
2026-10-07T15:46:54.443957+00:00,obs-20261007-01,LIGHT,XRPUSDT,1.0,1.4317,1.4318,1.43175,0.6984703499335332,26676115654,1.4317,1.4318,413,114,1528283.8181900003,1654914.5004300002,1714107.0924099998,1596680.3640000008,67207.16147,49360.690669999996,911920.32144,1090418.0806800004,1119558.1558199998,1306042.2873400005,2376184.932860001,2122077.5358599997,2979472.723189999,2377157.8405899983
2026-10-07T15:46:54.443957+00:00,obs-20261007-01,LIGHT,HBARUSDT,1.0,0.09298,0.09299,0.092985,1.075500107550198,8392435857,0.09298,0.09299,286,33,697758.4162100002,487618.15027999994,686289.8336899999,508950.62035000004,2342.0059199999996,7415.684430000001,149580.08588,110433.09084000002,269115.26689,151959.37920000002,440717.69129999983,330416.72272,828161.3910699999,695490.73496
2026-10-07T15:47:54.456018+00:00,obs-20261007-01,LIGHT,PEPEUSDT,1.0,4.04e-06,4.05e-06,4.045e-06,24.752475247524774,8827786912,4.04e-06,4.05e-06,196,15,165964.25990920002,322734.21352084004,153871.06698387003,327911.796658,0.0,6162.229965149999,124015.5867768,115031.3419845,288341.49413059,278367.33453878004,582959.1389844699,505463.55832623004,812159.99406888,872666.40204069
2026-10-07T15:47:54.456018+00:00,obs-20261007-01,LIGHT,BNBUSDT,1.0,769.29,769.3,769.295,0.12998999077140638,20908539945,769.29,769.3,371,69,1072026.269479999,1159905.2857299994,1073595.0442500005,1113392.6478300006,13021.74281,1888.8425200000001,668406.1500899995,926497.7259999999,1341076.7861,1653507.1023900008,2999261.3408699995,3875753.2368000015,5910307.58801,5232521.197840002
2026-10-07T15:47:54.456018+00:00,obs-20261007-01,LIGHT,AAVEUSDT,1.0,171.64,171.65,171.64499999999998,0.5826147751109012,10438763709,171.64,171.65,260,33,740640.4788800003,366286.07145999995,828137.5810999996,357058.71409,2308.75569,1152.59793,115595.94685999995,90761.50624999999,199693.3670399999,154637.13517,717259.62755,225786.05379999997,799000.9738999994,254451.9697800001
2026-10-07T15:47:54.456018+00:00,obs-20261007-01,LIGHT,AVAXUSDT,1.0,11.152,11.153,11.1525,0.8967001434734279,10518109050,11.152,11.153,381,173,1779730.6901700005,816303.2073299998,1775371.8989799996,795988.3100699999,79890.04302999997,42516.10269999997,192313.7802,129897.39889999999,336481.36064,215344.13790000003,415373.5681000002,294838.63956,577688.6670499999,319676.6963299998
2026-10-07T15:47:54.456018+00:00,obs-20261007-01,LIGHT,FILUSDT,1.0,1.0382,1.0383,1.0382500000000001,0.963205548063506,9894523482,1.0382,1.0383,307,25,325894.3981190001,243412.76596100026,330821.9243159998,246557.46715200003,1032.7144589999998,181.966278,106364.66634099997,71824.222291,199279.26755199998,142069.29035,255343.39317999984,224562.19195999994,360472.7426309997,304830.6026649997
2026-10-07T15:47:54.456018+00:00,obs-20261007-01,LIGHT,ALGOUSDT,1.0,0.1161,0.1162,0.11615,8.613264427217437,5664188091,0.1161,0.1162,127,1,30967.468199999992,90886.54909999999,37339.4946,83966.2149,0.0,711.144,42727.970700000005,32117.8912,106728.7697,79593.09210000001,148626.86010000002,117858.7466,176475.5416,135360.2538
2026-10-07T15:47:54.456018+00:00,obs-20261007-01,LIGHT,XRPUSDT,1.0,1.4314,1.4315,1.43145,0.6986167388567388,26676120409,1.4314,1.4315,460,186,2514462.582180001,2539875.0282700015,2489325.7086300002,2549339.2254300006,244862.79463000013,24142.065810000004,938477.38842,1012275.0639500002,1267408.09518,1443337.8398900002,2428415.873450001,2112605.6270399992,3000393.981019999,2367931.6325699976
2026-10-07T15:47:54.456018+00:00,obs-20261007-01,LIGHT,HBARUSDT,1.0,0.09302,0.09303,0.093025,1.0750376263168882,8392437715,0.09302,0.09303,283,34,715697.0742100003,281385.75077999994,716955.5422500003,282044.26445999986,5003.788100000001,3863.38142,148734.72752000001,113050.72208,262230.6288,196360.54591000004,430007.83120999986,341309.11111000006,826442.46385,694839.33728
2026-10-07T15:48:54.478872+00:00,obs-20261007-01,LIGHT,PEPEUSDT,1.0,4.04e-06,4.05e-06,4.045e-06,24.752475247524774,8827787444,4.04e-06,4.05e-06,241,11,227125.04563207994,150308.68518094998,225841.46147395996,152435.96318258997,0.0,1372.9922577,122127.99624564001,112903.7580846,290940.16983024,276194.87210532,584242.72314259,503336.28032459,812670.6066477501,870639.51374035
2026-10-07T15:48:54.478872+00:00,obs-20261007-01,LIGHT,BNBUSDT,1.0,769.39,769.4,769.395,0.12997309556839198,20908544558,769.39,769.4,377,95,1982783.73277,1217020.4428699997,2004199.52945,1232704.965089999,27433.326670000006,30497.892110000008,653495.5527399998,972861.0450999998,1325114.7408800002,1638270.277170001,2977620.0905199996,3888312.699010002,5671811.003730001,5207760.668040001
2026-10-07T15:48:54.478872+00:00,obs-20261007-01,LIGHT,AAVEUSDT,1.0,171.59,171.6,171.595,0.5827845445538493,10438765029,171.59,171.6,218,31,312792.46565,231788.22244999997,234519.1366599999,238168.3816499999,1551.13403,4627.58537,219033.16348999998,85640.39348999999,285015.98107999994,143085.96967,797086.4147399999,204823.0555899999,870672.2591999995,247386.31317000004
2026-10-07T15:48:54.478872+00:00,obs-20261007-01,LIGHT,AVAXUSDT,1.0,11.147,11.148,11.1475,0.8971023593784544,10518111813,11.147,11.148,287,68,893147.6822299999,340023.58373,901344.30134,304477.66245999996,25235.553889999996,9452.45744,201860.68372,167929.66201,337709.92754,250938.29843000002,407319.79490000015,330063.9756599998,570230.8498199999,356188.5135899997
2026-10-07T15:48:54.478872+00:00,obs-20261007-01,LIGHT,FILUSDT,1.0,1.0375,1.0376,1.03755,0.9638554216873096,9894525797,1.0375,1.0376,329,39,257343.12338500004,173823.81175300002,272199.43965500005,162429.03958,4103.597699000001,3521.5302870000005,108108.99165200001,68862.93577600001,201777.31927699997,140339.57221700004,244203.69936499983,231411.43751899997,346548.8513529999,312392.0471229998
2026-10-07T15:48:54.478872+00:00,obs-20261007-01,LIGHT,ALGOUSDT,1.0,0.116,0.1161,0.11605,8.620689655172153,5664188904,0.116,0.1161,127,3,35929.2823,41726.36550000001,35976.464900000006,43920.47290000001,748.4967,4.9966,59504.5153,17128.2268,117416.15709999998,74116.9872,154669.3775,114122.14420000001,178378.31389999998,132834.27120000002
2026-10-07T15:48:54.478872+00:00,obs-20261007-01,LIGHT,XRPUSDT,1.0,1.4311,1.4312,1.4311500000000001,0.6987631891552937,26676124546,1.4311,1.4312,414,126,2173236.542869999,2069631.369139999,2190044.3802699996,2133948.850809999,65459.90125999999,29207.931189999996,895909.1990099999,917629.0514400001,1251001.7035299996,1236884.6759000001,2417226.7121300003,2048730.2946799996,2985505.7744499985,2268414.624199999
2026-10-07T15:48:54.478872+00:00,obs-20261007-01,LIGHT,HBARUSDT,1.0,0.09298,0.09299,0.092985,1.075500107550198,8392438763,0.09298,0.09299,255,11,118219.84287000004,165110.73703999992,124777.71731999998,145651.78942000002,1474.8093900000001,1368.91103,150449.97803000003,116011.53391,254641.23651000005,166965.22054999997,432901.34881000005,349217.15666000004,815856.87857,714391.4343
2026-10-07T15:49:54.479301+00:00,obs-20261007-01,LIGHT,PEPEUSDT,1.0,4.04e-06,4.05e-06,4.045e-06,24.752475247524774,8827787739,4.04e-06,4.05e-06,162,18,179836.21568684,274406.00401027006,176077.99727995996,277501.14277976,4242.39142348,2261.3702917500004,119271.35291632001,91204.52345505,286926.55282163003,273598.96376257,588000.9415494701,500241.1415551,817125.56227262,867544.37497086
2026-10-07T15:49:54.479301+00:00,obs-20261007-01,LIGHT,BNBUSDT,1.0,769.22,769.23,769.225,0.13000182002453897,20908549444,769.22,769.23,428,103,1770825.51675,1399940.7719400006,1738412.1893200008,1474969.8523200008,34299.890589999995,10233.907069999992,755633.9200799997,787183.6483699996,1349978.6214400004,1559749.20888,3013859.47333,3784566.4605500014,5928863.282160002,5142472.332269997
2026-10-07T15:49:54.479301+00:00,obs-20261007-01,LIGHT,AAVEUSDT,1.0,171.66,171.67,171.665,0.5825468950249046,10438766376,171.66,171.67,232,24,969847.2997999998,413397.92144999985,1024009.3762399998,417594.83259999997,1972.79662,1370.61807,141701.9093199999,79395.36015999998,225188.63056999986,147982.64034999997,742157.9856700001,215216.6117299999,813125.6637399996,243849.94605
2026-10-07T15:49:54.479301+00:00,obs-20261007-01,LIGHT,AVAXUSDT,1.0,11.143,11.144,11.1435,0.8974243919945835,10518116172,11.143,11.144,329,91,1490642.1496499993,531604.7524899999,1514916.7335200002,533771.8975399996,23245.27967,17794.508859999987,191261.52885,158083.25838,350558.27072,243130.04871000006,383808.2740600001,327825.47276999993,545990.1719,353862.96422999975
2026-10-07T15:49:54.479301+00:00,obs-20261007-01,LIGHT,FILUSDT,1.0,1.038,1.0381,1.0380500000000001,0.9633911368012171,9894527727,1.038,1.0381,240,31,258445.569487,172253.346046,246228.89715099998,175040.00380500004,2836.0563199999997,1127.879394,95138.774321,83774.07957399999,185375.57280300005,151418.23077999998,252719.1138729999,232697.42043099992,358389.74970899994,313403.92430299975
2026-10-07T15:49:54.479301+00:00,obs-20261007-01,LIGHT,ALGOUSDT,1.0,0.1161,0.1162,0.11615,8.613264427217437,5664190678,0.1161,0.1162,137,3,120507.38879999999,54026.9278,118740.01020000003,53229.515400000004,0.0,334.6002,42043.3658,38472.8903,107020.45820000001,85669.5258,150347.05610000002,116462.0516,178695.3115,133963.55880000003
2026-10-07T15:49:54.479301+00:00,obs-20261007-01,LIGHT,XRPUSDT,1.0,1.4309,1.431,1.4309500000000002,0.6988608568025967,26676127982,1.4309,1.431,415,87,1559424.372790001,1581922.5387400005,1480191.2595700005,1618039.720340001,31487.32844,32260.501630000002,994185.9592799998,844904.20271,1324309.5850000002,1227140.4371600002,2499040.516780002,2012606.9320399996,3074551.5527000003,2232546.180009998
2026-10-07T15:49:54.479301+00:00,obs-20261007-01,LIGHT,HBARUSDT,1.0,0.09303,0.09304,0.093035,1.0749220681494087,8392440064,0.09303,0.09304,219,14,174521.44514999993,169311.31499000004,167937.23648999998,188227.52345999997,376.00543000000005,8153.06049,123836.03467000001,116206.67380000002,257652.22838,197713.33404,429498.23552,341857.39389999997,822330.8591099998,695504.73587
2026-10-07T15:50:54.484517+00:00,obs-20261007-01,LIGHT,PEPEUSDT,1.0,4.05e-06,4.06e-06,4.055e-06,24.691358024691024,8827788686,4.05e-06,4.06e-06,219,92,448239.40359094,393174.06973151007,361649.58605756005,491678.11665496015,2308.8764920500003,21552.842358869988,59422.00640535,116064.16573234,240636.29162915002,278562.26241601,508223.43846806,519462.99225615,806819.5701650999,829502.29722509
2026-10-07T15:50:54.484517+00:00,obs-20261007-01,LIGHT,BNBUSDT,1.0,769.84,769.85,769.845,0.12989712147915,20908553284,769.84,769.85,371,90,2703151.491200002,2363203.617409999,2686172.9284900003,2447791.4004699998,5657.05877,11398.597920000007,699395.78145,831071.7400700002,1369177.83237,1581623.5185100015,2996903.1981000006,3988229.095510002,5711734.482990003,5129460.604689998
2026-10-07T15:50:54.484517+00:00,obs-20261007-01,LIGHT,AAVEUSDT,1.0,171.98,171.99,171.985,0.5814629608114075,10438768562,171.98,171.99,230,37,805637.51831,427614.70624000026,721556.97695,437279.90093000024,743.0903599999999,3093.4392400000006,179388.80442000003,92328.20624999997,263426.00463999994,147413.44153999994,347946.5687499996,208507.69561999993,878799.1420899994,235465.62154999995
2026-10-07T15:50:54.484517+00:00,obs-20261007-01,LIGHT,AVAXUSDT,1.0,11.203,11.204,11.2035,0.8926180487378588,10518124359,11.203,11.204,423,167,2199068.333569999,842481.8285400001,2172382.7981100003,936968.8449399997,72507.70796000001,33257.96818,127264.18880999999,117654.55856000003,223627.19249,191801.26333000013,404050.2709700001,238301.13041000016,510590.8839899999,343682.4279600003
2026-10-07T15:50:54.484517+00:00,obs-20261007-01,LIGHT,FILUSDT,1.0,1.0405,1.0406,1.04055,0.9610764055745236,9894530762,1.0405,1.0406,315,32,330580.055452,289602.955974,289409.39391400013,349241.256239,1573.7295119999999,2066.3920630000002,86189.06111699999,92123.29994000001,168740.87712500003,140414.522588,273722.65823,190034.14542399993,361634.45051200024,289365.767283
2026-10-07T15:50:54.484517+00:00,obs-20261007-01,LIGHT,ALGOUSDT,1.0,0.1163,0.1164,0.11635000000000001,8.598452278589797,5664192575,0.1163,0.1164,166,4,139527.6927,74273.26199999999,121177.94509999997,96207.81470000002,713.717,593.3375,43029.8281,32915.336200000005,99244.3028,71923.6151,153053.2282,104491.3857,181033.91210000002,119915.90069999998
2026-10-07T15:50:54.484517+00:00,obs-20261007-01,LIGHT,XRPUSDT,1.0,1.433,1.4331,1.4330500000000002,0.6978367062115964,26676133077,1.433,1.4331,444,71,3407830.535969997,3156726.929820002,2929831.051560001,3290526.065970001,24387.618920000008,38903.85926,1167876.86966,879124.8963299999,1754933.09816,1256005.3794899995,2855689.618229999,1910323.8632799992,3498612.602839999,2142999.33921
2026-10-07T15:50:54.484517+00:00,obs-20261007-01,LIGHT,HBARUSDT,1.0,0.09319,0.0932,0.093195,1.0730765103561524,8392442168,0.09319,0.0932,274,20,1228396.4851500008,323502.48402999976,1201185.6357299995,361993.82805000007,565.57011,4516.80578,132111.67893,103095.49972000002,259241.58174,176475.16237000003,441117.49870000005,305358.69840000005,841284.43513,671483.7775500001
2026-10-07T15:51:54.490176+00:00,obs-20261007-01,LIGHT,PEPEUSDT,1.0,4.05e-06,4.06e-06,4.055e-06,24.691358024691024,8827789705,4.05e-06,4.06e-06,240,41,311891.6242096,612604.90162953,270084.3199151301,606104.8509661002,20084.72334228,14380.895438910002,58866.25010445,133067.55877086,241088.19289181003,285012.52448142,519853.42826215003,525714.8927954,810304.70661283,835478.7773441
2026-10-07T15:51:54.490176+00:00,obs-20261007-01,LIGHT,BNBUSDT,1.0,769.82,769.83,769.825,0.12990049621963706,20908559023,769.82,769.83,454,126,3988839.6521700006,3110850.477019999,3966706.0516400016,3082906.71805,3829.2384600000005,10771.376389999994,827203.0128400001,809233.7696299999,1370994.9252299995,1607346.1246700012,3019073.38125,4015975.361610002,5716062.536650004,5165461.20958
2026-10-07T15:51:54.490176+00:00,obs-20261007-01,LIGHT,AAVEUSDT,1.0,171.86,171.87,171.865,0.581868963109855,10438770630,171.86,171.87,294,37,549654.8952199996,457091.8948400001,630967.4806400002,441434.1493899999,2948.48,6586.58282,113941.28505000002,87786.34787,197734.23842000004,147588.34861999995,274414.26569000015,221947.60570999997,804186.96358,250329.83368
2026-10-07T15:51:54.490176+00:00,obs-20261007-01,LIGHT,AVAXUSDT,1.0,11.215,11.216,11.215499999999999,0.8916629514033048,10518136623,11.215,11.216,533,379,2703810.0832199976,1492296.2453100004,2697972.094010001,1436978.227500001,112485.92234000003,38957.39417999999,154346.33078000002,157221.56466,252486.23901000005,237464.61758,408455.07216,294896.54455999983,515079.99633,401830.7533199998
2026-10-07T15:51:54.490176+00:00,obs-20261007-01,LIGHT,FILUSDT,1.0,1.0417,1.0418,1.04175,0.95996928098252,9894535160,1.0417,1.0418,415,66,408892.6987090001,409383.46889399993,368989.6886079998,410530.9752149999,2360.7611360000005,1433.6819990000001,98999.29397999999,81270.04117800001,190517.62900300004,127847.30322000002,300360.5943170001,201642.16847299994,371827.2045480002,294269.02010300005
2026-10-07T15:51:54.490176+00:00,obs-20261007-01,LIGHT,ALGOUSDT,1.0,0.1163,0.1164,0.11635000000000001,8.598452278589797,5664193729,0.1163,0.1164,155,1,54412.9373,38034.94359999999,53899.22800000001,33862.11550000001,0.0,207.8904,44475.3856,41855.374500000005,100790.1096,77479.6119,153566.9375,108664.21380000001,180288.63779999994,124088.68239999999
2026-10-07T15:51:54.490176+00:00,obs-20261007-01,LIGHT,XRPUSDT,1.0,1.4324,1.4325,1.43245,0.6981290142427099,26676140388,1.4324,1.4325,497,179,3591245.442890001,4963300.699739999,3963883.5234000008,4265216.08741,62208.35508000003,63514.072210000006,932581.2181899998,1105374.07691,1386523.2851499994,1446489.5076,2505345.14541,2609619.840849999,3105981.896659998,2842229.290389998
2026-10-07T15:51:54.490176+00:00,obs-20261007-01,LIGHT,HBARUSDT,1.0,0.09313,0.09314,0.093135,1.0737678513894622,8392444736,0.09313,0.09314,343,41,682055.3088399996,1146339.2056200001,709836.5143999993,1120547.5870800002,5749.16126,7711.4752800000015,120464.47333,103827.74495000001,251836.58436999994,194257.72084,413523.17940999987,330532.85407,800283.44063,697061.83953
2026-10-07T15:52:54.496717+00:00,obs-20261007-01,LIGHT,PEPEUSDT,1.0,4.05e-06,4.06e-06,4.055e-06,24.691358024691024,8827791506,4.05e-06,4.06e-06,237,108,362948.7874124599,1146128.77983804,305530.10578733997,1135186.5608199,26930.573054549997,16450.674893669995,44344.294927200004,138402.75336314001,217484.47537960002,286399.91176388005,487569.54178997,526725.40273602,774971.0042786001,836715.34544594
2026-10-07T15:52:54.496717+00:00,obs-20261007-01,LIGHT,BNBUSDT,1.0,769.64,769.65,769.645,0.12993087677326542,20908567983,769.64,769.65,476,148,4429599.148270001,5046707.236429998,4423357.685000002,4993356.435400002,4813.271839999999,8088.981369999999,754142.2020699994,929016.1175699999,1377030.81321,1561800.2028500014,3052740.17027,3812353.8686400023,5728098.4727500025,5215169.165959997
2026-10-07T15:52:54.496717+00:00,obs-20261007-01,LIGHT,AAVEUSDT,1.0,171.73,171.74,171.735,0.5823094392365391,10438774507,171.73,171.74,326,78,2256672.663460001,822795.4572300008,2251183.207979998,812238.2029400001,4418.58625,12463.194280000002,126060.54187999999,90905.37304000002,210204.72595,150795.83530999997,285606.3493500001,226082.9956999999,813251.8537599999,258942.10575
2026-10-07T15:52:54.496717+00:00,obs-20261007-01,LIGHT,AVAXUSDT,1.0,11.224,11.225,11.224499999999999,0.8909479686391997,10518146766,11.224,11.225,503,176,2670894.630159999,1290734.78843,2646008.7396400007,1302677.6928299975,30178.489459999997,17158.222900000004,169062.87458,147214.392,273933.02611,225076.65324,431832.5646199998,286278.85799,505649.58420999977,391898.17404000007
2026-10-07T15:52:54.496717+00:00,obs-20261007-01,LIGHT,FILUSDT,1.0,1.0418,1.0419,1.0418500000000002,0.95987713572665,9894539208,1.0418,1.0419,380,49,420622.440897,323342.63884800003,413026.7671580001,331793.15988399996,1942.335825,651.994639,115573.35194400002,80845.97582300002,205986.1253400001,132360.01075999998,307943.8087440001,193402.08743699983,375675.30446400016,285602.15439399984
2026-10-07T15:52:54.496717+00:00,obs-20261007-01,LIGHT,ALGOUSDT,1.0,0.1162,0.1163,0.11624999999999999,8.60585197934638,5664195782,0.1162,0.1163,154,6,97931.5486,63649.24029999998,99275.04109999999,61358.56980000001,492.41420000000005,422.3453,63308.1636,23415.5589,120968.54019999999,72791.9583,156668.37679999994,104346.8018,186216.4929999999,125963.54129999998
2026-10-07T15:52:54.496717+00:00,obs-20261007-01,LIGHT,XRPUSDT,1.0,1.4321,1.4322,1.43215,0.6982752601070175,26676148662,1.4321,1.4322,487,183,4279776.603769999,4783932.515830001,4193733.887499995,4895347.848789999,70480.26573000001,67502.87982,1037400.32244,964556.1645099998,1488894.7611799992,1341771.4752499994,2653908.3486199994,2475920.667319999,3214307.040889998,2730488.187519998
2026-10-07T15:52:54.496717+00:00,obs-20261007-01,LIGHT,HBARUSDT,1.0,0.09316,0.09317,0.093165,1.073422069557406,8392447142,0.09316,0.09317,293,42,503743.78403000004,576013.1747399999,477311.0854200001,579934.8995899999,3612.5885300000004,8870.83058,131699.10421999998,112541.12819,224003.02397999994,197181.69203,437242.7293499997,326624.30123,826701.4899299998,693280.42968
2026-10-07T15:53:54.544130+00:00,obs-20261007-01,LIGHT,PEPEUSDT,1.0,4.05e-06,4.06e-06,4.055e-06,24.691358024691024,8827791876,4.05e-06,4.06e-06,141,18,238875.19084361006,108081.02754565999,215907.9825876601,109864.78987416,1.2017605500000001,2332.75554386,106868.54242935001,119143.3210142,239145.17115671,283832.31177071,510536.75004592,524941.64040752,773908.23102098,834931.5831174401
2026-10-07T15:53:54.544130+00:00,obs-20261007-01,LIGHT,BNBUSDT,1.0,769.77,769.78,769.775,0.1299089338369086,20908573245,769.77,769.78,443,105,2966611.2318599983,1847465.8994599995,2954754.9916299996,1850778.3913499997,2169.0944700000005,12013.49583999999,775471.5481999998,886216.3482799996,1387896.88206,1655603.8351400008,3038654.13383,3960338.5783900013,5735685.352150007,5207922.264009997
2026-10-07T15:53:54.544130+00:00,obs-20261007-01,LIGHT,AAVEUSDT,1.0,171.8,171.81,171.805,0.5820721769489445,10438776595,171.8,171.81,254,33,788566.6718000002,524800.3385100001,700315.7930899999,533635.88374,5385.71073,2714.83548,206141.64868999997,79248.82647999999,269961.78940999997,147411.97600999993,366986.16398999974,223743.73091999989,898865.9508899992,251871.28341999993
2026-10-07T15:53:54.544130+00:00,obs-20261007-01,LIGHT,AVAXUSDT,1.0,11.224,11.225,11.224499999999999,0.8909479686391997,10518152638,11.224,11.225,393,88,1845563.44631,702305.1003600002,1867290.5052000002,674155.3802899997,9180.27194,11043.466110000003,162874.15871,177792.72204000002,284256.04128999996,256821.09191,409468.12381999975,314428.57805999985,481551.50371999975,418768.43801
2026-10-07T15:53:54.544130+00:00,obs-20261007-01,LIGHT,FILUSDT,1.0,1.0425,1.0426,1.0425499999999999,0.9592326139085117,9894541643,1.0425,1.0426,335,34,259110.23048300002,210737.93444899996,250784.0320970002,223911.01477299997,1904.9443540000002,443.47554,102590.86664199998,84003.313683,185960.80167900003,126694.28180799997,312134.2292160001,184698.16156699994,383609.5275360001,278262.215746
2026-10-07T15:53:54.544130+00:00,obs-20261007-01,LIGHT,ALGOUSDT,1.0,0.1163,0.1164,0.11635000000000001,8.598452278589797,5664196755,0.1163,0.1164,128,5,82560.37989999999,43055.269400000005,75959.6528,49916.80340000001,365.7635,313.0796,41703.369699999996,30058.5348,95116.5878,74928.8482,158576.9373,104093.35029999999,185138.67249999996,119517.81889999997
2026-10-07T15:53:54.544130+00:00,obs-20261007-01,LIGHT,XRPUSDT,1.0,1.4338,1.4339,1.43385,0.6974473427256989,26676153612,1.4338,1.4339,495,99,3053793.1192400013,2958275.882909998,2747326.2534900014,3037736.236390001,59090.423409999996,59932.718890000004,1028809.8743099999,918012.3931099997,1611272.0255899997,1381173.1526699995,2871826.129219999,2425090.1907199975,3434205.895079998,2658727.790869997
2026-10-07T15:53:54.544130+00:00,obs-20261007-01,LIGHT,HBARUSDT,1.0,0.09322,0.09323,0.093225,1.0727311735680978,8392448625,0.09322,0.09323,240,32,358796.5700700001,211363.29866000003,336005.22275999986,227844.6073000001,3439.59329,8574.110440000002,167111.30860999998,106693.07324999997,255954.49921999994,180680.85069000002,457195.8966599998,310754.90879,848144.7727499998,677327.26596
2026-10-07T15:54:54.544145+00:00,obs-20261007-01,LIGHT,PEPEUSDT,1.0,4.05e-06,4.06e-06,4.055e-06,24.691358024691024,8827792340,4.05e-06,4.06e-06,155,21,227787.3223800499,450887.79410138004,234278.47399885996,452597.40134544007,5.7536527500000005,3962.8584668400003,119824.1614026,110730.29428594,231814.81110044,282085.95182714,504045.59842711,523232.03316346,768544.5442869801,833247.6599510299
2026-10-07T15:54:54.544145+00:00,obs-20261007-01,LIGHT,BNBUSDT,1.0,770.06,770.07,770.065,0.12986001090897759,20908577719,770.06,770.07,394,95,2677060.1182500003,2966401.5219000014,2757196.2824500003,3047129.816540001,2054.42359,63161.97232,858552.4850699997,826073.0684699999,1452120.9722399993,1579480.6562900003,2955406.8027399997,3987675.7819400006,5572409.275920001,5142431.570729998
2026-10-07T15:54:54.544145+00:00,obs-20261007-01,LIGHT,AAVEUSDT,1.0,172.02,172.03,172.025,0.581327752586791,10438778784,172.02,172.03,250,33,1417517.587740001,568210.4313200001,1495952.2864500005,594543.1448000006,278.90589,2360.0209299999997,96451.68114000003,84119.97196999996,198202.77998999998,149485.95934999993,279554.5098100001,199779.19715,795296.9803099998,228230.56658
2026-10-07T15:54:54.544145+00:00,obs-20261007-01,LIGHT,AVAXUSDT,1.0,11.239,11.24,11.2395,0.8897588753442598,10518161024,11.239,11.24,444,143,2341436.4789299984,981323.4317399999,2317868.819289998,1002316.2964299998,15034.599849999999,31131.195200000002,158995.13356,155330.70245000004,314918.72297,239768.28514000005,430005.9262899999,304739.24887,476889.2312599999,399532.63487000007
2026-10-07T15:54:54.544145+00:00,obs-20261007-01,LIGHT,FILUSDT,1.0,1.0435,1.0436,1.0435500000000002,0.9583133684709644,9894544133,1.0435,1.0436,332,24,292899.00336300005,219861.82666800008,281578.30063899985,228065.08003100017,1128.9937220000002,1817.1457770000002,115088.35261600002,74254.359748,195757.53530999995,114267.350725,317634.38665700005,180584.01600899998,387684.51263300003,276796.472921
2026-10-07T15:54:54.544145+00:00,obs-20261007-01,LIGHT,ALGOUSDT,1.0,0.1165,0.1166,0.11655,8.58369098712286,5664198938,0.1165,0.1166,173,2,170082.82090000005,61371.28909999999,161679.17700000003,59171.778800000015,0.0,298.23290000000003,30282.459799999997,48511.1275,88822.96529999998,84009.9801,153569.16949999996,108598.51579999998,193922.37259999994,122775.06269999994
2026-10-07T15:54:54.544145+00:00,obs-20261007-01,LIGHT,XRPUSDT,1.0,1.4336,1.4337,1.43365,0.6975446428580945,26676157461,1.4336,1.4337,448,115,2103325.407359999,2483480.0998999993,2323297.8525799992,2358550.622410001,55704.16916999999,63974.04899000001,1020601.5514700001,1004065.07564,1550132.8705599995,1380448.8413799999,2653093.6080699987,2550603.1938499985,3228488.026499998,2783454.397409998
2026-10-07T15:54:54.544145+00:00,obs-20261007-01,LIGHT,HBARUSDT,1.0,0.09329,0.0933,0.09329499999999999,1.0719262514724548,8392450598,0.09329,0.0933,297,58,785311.7886800005,253287.11289999995,785117.5581000001,258204.58959999992,1953.1501999999998,9785.418790000003,148372.72294000004,96909.71096,261251.63781,176896.46639999998,454576.13959999994,322314.44044,849763.8351099999,659095.80013
2026-10-07T15:55:54.590117+00:00,obs-20261007-01,LIGHT,PEPEUSDT,1.0,4.05e-06,4.06e-06,4.055e-06,24.691358024691024,8827792708,4.05e-06,4.06e-06,146,13,86616.29773136001,206751.47734587998,77527.49512455003,207588.62987391002,0.0,1546.9181919799998,115205.13251055,116143.43349308,234813.96179303003,282636.76671468,513134.40103392,522394.88063543,770894.7731665301,832410.5074230001
2026-10-07T15:55:54.590117+00:00,obs-20261007-01,LIGHT,BNBUSDT,1.0,770.2,770.21,770.205,0.12983640612862501,20908581359,770.2,770.21,398,64,1999607.7931600015,1120313.7709200007,1774178.8990699998,1058723.4795,6973.14958,38459.89287000001,838202.6139599996,905455.9253399997,1401619.170709999,2305130.359120001,3178763.2628599987,4053947.507710002,5853108.337020001,5205156.263969998
2026-10-07T15:55:54.590117+00:00,obs-20261007-01,LIGHT,AAVEUSDT,1.0,172.07,172.08,172.075,0.5811588307103044,10438781394,172.07,172.08,293,69,1116100.9362500005,495080.2253100001,1119296.98253,486098.4832100001,2914.6910399999997,2324.9035899999994,113356.75042,99164.20072000001,197792.05129000003,149531.11854999996,273142.5362900001,210595.8816000001,785602.0114200001,238059.67650000012
2026-10-07T15:55:54.590117+00:00,obs-20261007-01,LIGHT,AVAXUSDT,1.0,11.238,11.239,11.2385,0.889838049475955,10518165588,11.238,11.239,380,114,1269691.0757100005,728902.0032899997,1350901.644490001,689150.4599800002,6207.712119999998,30215.098570000006,132234.96458000003,195337.78793999998,282354.34748,278583.82362,348827.9596199998,344465.70646999986,397053.8213899997,438665.86921
2026-10-07T15:55:54.590117+00:00,obs-20261007-01,LIGHT,FILUSDT,1.0,1.0423,1.0424,1.0423499999999999,0.9594166746618171,9894547087,1.0423,1.0424,354,53,277349.708985,233269.46297800003,321616.4887769999,194774.92539399996,23096.812175,1180.018345,106705.297644,73438.43886,199610.72055399997,137279.54002299998,279540.189779,211220.91611799996,351650.084935,308303.38762299996
2026-10-07T15:55:54.590117+00:00,obs-20261007-01,LIGHT,ALGOUSDT,1.0,0.1164,0.1165,0.11645,8.59106529209619,5664200555,0.1164,0.1165,208,2,94956.938,38330.476999999984,99872.22090000001,33932.220700000005,35.1528,5.9415000000000004,51654.8425,38937.5729,104124.47810000001,78936.36290000001,152174.3415,112455.35210000002,188957.8688,126659.77719999998
2026-10-07T15:55:54.590117+00:00,obs-20261007-01,LIGHT,XRPUSDT,1.0,1.4338,1.4339,1.43385,0.6974473427256989,26676160403,1.4338,1.4339,415,92,1281723.3205899992,1597132.380079999,1291932.8245599999,1505523.2079299996,49387.84005,52500.684429999994,958192.0949200002,1117790.7408099996,1538154.9168599998,1597403.2490299998,2641644.180029999,2642602.749919998,3195093.9212899986,2875792.591829997
2026-10-07T15:55:54.590117+00:00,obs-20261007-01,LIGHT,HBARUSDT,1.0,0.09333,0.09334,0.093335,1.0714668381028858,8392452288,0.09333,0.09334,236,42,770590.5884500003,369310.6984599998,767924.8216699997,351992.50798,3781.2825100000005,3829.1550500000008,140047.45568999994,107232.91335999999,254377.95006999988,146617.33642,450979.0030799997,339735.8237200001,846414.4620399998,676454.1884
2026-10-07T15:56:54.597000+00:00,obs-20261007-01,LIGHT,PEPEUSDT,1.0,4.05e-06,4.06e-06,4.055e-06,24.691358024691024,8827793317,4.05e-06,4.06e-06,202,13,480865.26710887,48485.13671618,470063.13382978,52509.16027129,115.17055065000001,1738.9349987800001,120399.87030390001,109725.62349028,245351.34751866,278195.45049037004,523936.53431301,518370.85708032,781850.92848182,828386.4838678901
2026-10-07T15:56:54.597000+00:00,obs-20261007-01,LIGHT,BNBUSDT,1.0,769.99,770.0,769.995,0.1298718165165802,20908584878,769.99,770.0,403,71,1454602.3595899993,1044424.4792400005,1403437.6168099998,1045548.2095999995,6039.703780000002,4029.00477,913474.5095099998,823335.08565,1556229.2104799992,1639619.6766600013,3232518.0596599975,4047835.917740002,5910760.031620002,5201404.294829999
2026-10-07T15:56:54.597000+00:00,obs-20261007-01,LIGHT,AAVEUSDT,1.0,172.16,172.17,172.165,0.5808550185859573,10438784174,172.16,172.17,322,106,773877.2353100001,557354.4829400002,746109.9875599999,526849.3660500003,1515.23208,109827.43800999995,145152.32306999998,124933.85301,215413.78716000004,177058.31533,292910.2351899998,241972.82835000008,805437.89949,271691.5063600001
2026-10-07T15:56:54.597000+00:00,obs-20261007-01,LIGHT,AVAXUSDT,1.0,11.237,11.238,11.2375,0.8899172376963804,10518172549,11.237,11.238,432,117,1124407.7282099996,1706439.8662499995,1140126.6538099993,1708945.7931400004,26383.136979999992,22244.740049999997,124308.23206,194546.87809999997,236875.32541999995,275623.32259999996,331687.7554799999,331308.9395799999,379669.3302099998,436704.29565000004
2026-10-07T15:56:54.597000+00:00,obs-20261007-01,LIGHT,FILUSDT,1.0,1.0423,1.0424,1.0423499999999999,0.9594166746618171,9894550541,1.0423,1.0424,340,96,336376.6090029999,279277.3380120001,332199.0563079999,278747.9890400002,9728.834253999996,7913.589343000001,99633.31462099998,76943.62909199999,192625.14358000006,141368.52665899997,283717.7424740002,211750.2650899999,355819.15976600023,309480.47043299995
2026-10-07T15:56:54.597000+00:00,obs-20261007-01,LIGHT,ALGOUSDT,1.0,0.1164,0.1165,0.11645,8.59106529209619,5664201612,0.1164,0.1165,163,7,73773.18759999999,23399.253100000005,63128.63829999997,23436.188299999998,1221.8508000000002,386.5644,46660.2007,42964.8293,112673.3364,79387.84640000001,162818.89079999996,112418.41690000001,200063.56449999995,126622.51209999999
2026-10-07T15:56:54.597000+00:00,obs-20261007-01,LIGHT,XRPUSDT,1.0,1.4336,1.4337,1.43365,0.6975446428580945,26676164614,1.4336,1.4337,526,79,1885939.7147700007,1615729.4814300013,1871015.0007100014,1694769.908240001,108445.19327000002,20739.7763,1032493.7578899997,1028274.9193699999,1558788.5086899993,1404508.7505799998,2658058.313519998,2564134.2766199983,3228449.8288099975,2796488.4048599973
2026-10-07T15:56:54.597000+00:00,obs-20261007-01,LIGHT,HBARUSDT,1.0,0.09329,0.0933,0.09329499999999999,1.0719262514724548,8392453416,0.09329,0.0933,233,11,372078.2453999997,321764.8643100001,384166.2068899998,304683.89689000003,771.8910999999999,5365.81383,148386.2828,113786.70077999997,248512.57214,162218.00540000005,440965.8975899999,356713.5983400001,834589.9929999999,693495.1809900001
2026-10-07T15:57:54.614400+00:00,obs-20261007-01,LIGHT,PEPEUSDT,1.0,4.05e-06,4.06e-06,4.055e-06,24.691358024691024,8827793831,4.05e-06,4.06e-06,148,19,216990.61754249004,150291.57311766996,208903.06685406,143431.34285212998,737.4694734000001,1948.31207732,128452.7480679,98695.68479414,253737.80375582003,285044.62764729,532024.08500144,525231.08734586,789849.21323862,835246.7141334299
2026-10-07T15:57:54.614400+00:00,obs-20261007-01,LIGHT,BNBUSDT,1.0,769.65,769.66,769.655,0.1299291885925591,20908589921,769.65,769.66,432,125,2329967.899620001,3157323.039789999,2451102.0975400014,2888458.2378900005,63401.30095999999,13452.68029,842524.5947199992,1043514.4685199996,1473695.7037299995,1711918.1161300016,3139797.774329999,4057673.210720003,5771598.678190003,5466301.879429996
2026-10-07T15:57:54.614400+00:00,obs-20261007-01,LIGHT,AAVEUSDT,1.0,172.03,172.04,172.035,0.5812939603555556,10438785428,172.03,172.04,243,42,231945.9299600001,459977.51927000005,239678.11104,499463.7781600001,2407.1585800000003,778.0660999999999,126946.92381000004,81408.39187999998,216187.41386000003,139166.88119000001,296648.2572299999,199677.42755000005,806983.61227,230358.66110000008
2026-10-07T15:57:54.614400+00:00,obs-20261007-01,LIGHT,AVAXUSDT,1.0,11.231,11.232,11.2315,0.8903926631642634,10518177747,11.231,11.232,387,80,785292.8500000004,1613554.1333699992,733411.1559000006,1581310.1225100004,42006.51268000001,27922.146280000008,167535.87602000003,202383.44078999996,333587.61714000005,287870.32284,386015.31530999986,363278.05679999996,452210.2211299999,467958.33317000023
2026-10-07T15:57:54.614400+00:00,obs-20261007-01,LIGHT,FILUSDT,1.0,1.0417,1.0418,1.04175,0.95996928098252,9894552843,1.0417,1.0418,329,69,223489.83834000013,145111.03014700004,237409.74069200005,135517.76872,5036.656977999997,4092.9029130000004,100755.914463,71776.12202000001,204690.55280900004,134603.53240900004,273594.0397170001,221074.95850999994,349157.3618440002,311418.9546779998
2026-10-07T15:57:54.614400+00:00,obs-20261007-01,LIGHT,ALGOUSDT,1.0,0.1164,0.1165,0.11645,8.59106529209619,5664202066,0.1164,0.1165,96,1,36399.50229999999,19213.4648,37271.4966,16655.1175,350.24760000000003,0.0,46257.890499999994,42566.465599999996,112271.0262,81475.57070000001,161946.8965,114976.7642,199204.04039999997,129180.85939999999
2026-10-07T15:57:54.614400+00:00,obs-20261007-01,LIGHT,XRPUSDT,1.0,1.4339,1.434,1.4339499999999998,0.6973987028380257,26676170035,1.4339,1.434,432,96,3075025.7371400017,3478966.3163299984,2618525.4454900017,3350844.23026,63720.798200000005,32269.45934,1195557.7543400005,1061238.8835600002,1891892.5417300004,2041049.7446900005,3113980.7122199996,2694808.9247499984,3668964.662229999,2931345.4769699974
2026-10-07T15:57:54.614400+00:00,obs-20261007-01,LIGHT,HBARUSDT,1.0,0.0933,0.09331,0.093305,1.0718113612018243,8392455471,0.0933,0.09331,296,31,496399.85613000015,251951.82343,504394.4762499998,249999.1902600001,3480.2716299999997,4946.835180000001,129973.86716000001,116568.43993000001,254264.83351000003,205903.88066000008,432971.2774699999,358666.2315100001,825974.7634299999,696478.95857
2026-10-07T15:58:54.679989+00:00,obs-20261007-01,LIGHT,PEPEUSDT,1.0,4.05e-06,4.06e-06,4.055e-06,24.691358024691024,8827794154,4.05e-06,4.06e-06,176,18,190137.27070443996,138611.89567263992,180533.62133699993,124926.36394896012,4.9863478500000005,10576.314437360003,110224.32398325001,130896.36528766001,263825.11623049004,298857.84955637,541627.73436888,538916.6190695401,799431.24414759,937682.34795316
2026-10-07T15:58:54.679989+00:00,obs-20261007-01,LIGHT,BNBUSDT,1.0,769.59,769.6,769.595,0.12993931833849004,20908594767,769.59,769.6,412,116,2497722.2366700005,3216261.7236900004,2538977.1734800013,3219165.5124700014,9349.753010000004,17129.145230000002,826838.0562099995,984747.9822599995,1473379.5595499997,1686278.3351500016,3099686.4692199985,4054732.110470004,5736443.64889,5392708.415499995
2026-10-07T15:58:54.679989+00:00,obs-20261007-01,LIGHT,AAVEUSDT,1.0,171.98,171.99,171.985,0.5814629608114075,10438786506,171.98,171.99,231,28,233459.77380000005,406410.40661,233180.74137999996,356130.17176000023,1310.4169700000002,4236.794390000001,113276.24716,134012.25083999996,222100.62558,190723.5696499999,297235.6654399999,249847.8585999999,807564.5573099998,280380.60250999994
2026-10-07T15:58:54.679989+00:00,obs-20261007-01,LIGHT,AVAXUSDT,1.0,11.242,11.243,11.2425,0.8895214374660121,10518183898,11.242,11.243,387,95,1008877.2156200008,1931655.35007,1005219.9962800002,1988286.5581999996,17791.27486,24056.916860000023,166041.99969000003,170850.36299,292026.86007,253533.34235,386702.81716999976,318383.74974000006,433295.4126799996,417669.0026300001
2026-10-07T15:58:54.679989+00:00,obs-20261007-01,LIGHT,FILUSDT,1.0,1.041,1.0411,1.0410499999999998,0.9606147934682063,9894554512,1.041,1.0411,304,65,185430.82869800006,116999.31205600005,203351.1469960001,94827.97395399999,6180.442371000002,5527.964077,98727.29915700003,81050.91832,206869.74159100006,154862.10286200003,262268.19583300006,229519.995338,335306.24153300014,329004.3334519998
2026-10-07T15:58:54.679989+00:00,obs-20261007-01,LIGHT,ALGOUSDT,1.0,0.1163,0.1164,0.11635000000000001,8.598452278589797,5664203890,0.1163,0.1164,208,2,62227.69180000002,24368.647099999995,68294.95309999997,23313.460400000007,79.2255,0.0,58213.1262,29763.5103,123949.2476,77361.8065,163580.8704,114267.7157,194040.50389999998,129720.77879999999
2026-10-07T15:58:54.679989+00:00,obs-20261007-01,LIGHT,XRPUSDT,1.0,1.4344,1.4345,1.43445,0.6971556051316163,26676173897,1.4344,1.4345,391,88,2864490.45002,2063178.3447599998,2737778.275529999,2648329.5838699997,54051.49908000001,32765.17524,1254191.9470500003,997592.5361899998,2011959.6720999999,1339408.38257,2978666.217779999,2111527.9216599986,3793377.4406399983,2349249.806409998
2026-10-07T15:58:54.679989+00:00,obs-20261007-01,LIGHT,HBARUSDT,1.0,0.09324,0.09325,0.093245,1.0725010725010087,8392457370,0.09324,0.09325,300,38,344892.1192000001,758593.7277699998,348897.6625199999,741283.0663800001,2328.258509999999,8677.127429999999,159077.52300000004,114527.99509999997,228404.01280000008,215444.27625999998,430837.7617899999,360344.6746600001,822350.5476899999,708480.6844000001
2026-10-07T15:59:54.683735+00:00,obs-20261007-01,LIGHT,PEPEUSDT,1.0,4.05e-06,4.06e-06,4.055e-06,24.691358024691024,8827794435,4.05e-06,4.06e-06,173,21,201050.60543194003,28332.925433500008,202256.28529723999,30281.747915960004,2547.1930194,4074.68363554,92729.9576196,116143.12412108,249353.86781168001,284564.72782792,540422.05450358,536967.79658708,796576.0287148699,935074.8277893399
2026-10-07T15:59:54.683735+00:00,obs-20261007-01,LIGHT,BNBUSDT,1.0,769.75,769.76,769.755,0.12991230919023877,20908600822,769.75,769.76,433,146,5095534.011259996,3269652.287769999,4956338.497660004,3388626.886050001,8051.19205,17122.258660000007,809965.5389499998,1030952.9943700001,1477423.75113,1635002.3557500024,3211924.8439999986,4087426.321220003,5865741.106600006,5347160.123819998
2026-10-07T15:59:54.683735+00:00,obs-20261007-01,LIGHT,AAVEUSDT,1.0,171.9,171.91,171.905,0.5817335660251999,10438787954,171.9,171.91,258,39,495509.5985199998,453022.1649700001,504843.24021000013,463295.77802,8771.160660000003,1434.9914199999998,139478.64365999997,117957.15118,205115.39986000006,167267.84537999996,289665.09954,240637.57988999996,805146.6966899999,268033.65063
2026-10-07T15:59:54.683735+00:00,obs-20261007-01,LIGHT,AVAXUSDT,1.0,11.238,11.239,11.2385,0.889838049475955,10518189858,11.239,11.24,389,84,774291.7805099998,1524710.07385,810924.8176200003,1532225.6104800007,11713.95697,27018.361560000005,169370.95624,167698.57064999998,287428.8225799999,252121.70381999994,350112.6208499997,310151.25067999994,398522.68965999957,405590.26912000007
2026-10-07T15:59:54.683735+00:00,obs-20261007-01,LIGHT,FILUSDT,1.0,1.0408,1.0409,1.0408499999999998,0.9607993850879737,9894556050,1.0408,1.0409,306,54,93630.810726,105075.36538800003,98440.54052499997,107584.57286599989,6551.723080000001,6322.877867,97219.23463199999,74285.95456599999,201123.118802,152033.615582,257470.53367599996,222941.73365399992,334254.7697029999,326296.0178059998
2026-10-07T15:59:54.683735+00:00,obs-20261007-01,LIGHT,ALGOUSDT,1.0,0.1163,0.1164,0.11635000000000001,8.598452278589797,5664204710,0.1163,0.1164,158,1,87130.16379999995,26728.620899999994,93704.41480000001,32237.182299999997,0.0,2082.6288,53895.609599999996,30916.7325,117891.19889999999,75546.35800000001,157006.6194,108759.15430000001,186060.89299999998,122774.96289999998
2026-10-07T15:59:54.683735+00:00,obs-20261007-01,LIGHT,XRPUSDT,1.0,1.4346,1.4347,1.43465,0.6970584134946556,26676178670,1.4346,1.4347,435,91,2416879.56456,3707638.530189999,2846174.9748799982,2920475.816240002,72322.58144999998,57147.864310000004,928996.7637200002,1159031.0977999999,1476517.9112799997,1522788.2392199999,2548425.717649999,2901159.3985399986,3361360.5064599984,3139527.2528199977
2026-10-07T15:59:54.683735+00:00,obs-20261007-01,LIGHT,HBARUSDT,1.0,0.09332,0.09333,0.09332499999999999,1.0715816545214807,8392459038,0.09332,0.09333,281,24,552547.2338000002,242766.71331999998,536819.6359699998,265308.54591,2398.2862300000006,3618.0286499999997,153888.98443,119547.63845999999,264419.76105000003,200976.57055999996,442624.01997999987,353538.25311000005,836678.2649599998,685325.08739
2026-10-07T16:00:54.689777+00:00,obs-20261007-01,LIGHT,PEPEUSDT,1.0,4.05e-06,4.06e-06,4.055e-06,24.691358024691024,8827794882,4.05e-06,4.06e-06,219,17,569084.90849873,109054.33081787,558147.56848882,120616.30512884998,15.288142500000001,1559.5921275199996,131794.09837425,124610.52193086,273680.91049625,285905.81285355997,551359.39451349,525405.8222760999,808282.9546776001,835157.5704677199
2026-10-07T16:00:54.689777+00:00,obs-20261007-01,LIGHT,BNBUSDT,1.0,770.04,770.05,770.045,0.12986338371989703,20908608585,770.04,770.05,496,223,4348716.740189999,3425907.5379299996,4548487.65033,3729727.4343300005,7399.629470000002,24970.007080000014,707932.6252300001,850067.5170000001,1340211.2378999994,1482723.1775600007,3009202.874509998,3891629.1360900016,5744802.459250001,5126883.924769999
2026-10-07T16:00:54.689777+00:00,obs-20261007-01,LIGHT,AAVEUSDT,1.0,171.94,171.95,171.945,0.5815982319412605,10438790036,171.94,171.95,284,42,514440.8757200002,455630.39009999996,503210.38343,452435.99752,3131.6111100000003,2352.3745,136509.45148999998,130855.49772999996,211549.35273999991,180748.03658999995,300830.9147799999,243850.37830999997,800962.1156699999,269394.28693
2026-10-07T16:00:54.689777+00:00,obs-20261007-01,LIGHT,AVAXUSDT,1.0,11.235,11.236,11.2355,0.8900756564322876,10518209208,11.235,11.236,492,191,1589920.4048499984,3261966.704309999,1582236.2262700007,3228226.1372799985,106598.70419000005,127193.43306000001,155472.79755000005,177213.86519000004,308431.47326,267574.67457,360005.8899699998,333440.8533899997,407748.3060799997,437473.3369999999
2026-10-07T16:00:54.689777+00:00,obs-20261007-01,LIGHT,FILUSDT,1.0,1.0414,1.0415,1.0414500000000002,0.9602458229296396,9894558677,1.0414,1.0415,383,56,240211.68260699997,200416.9679650001,225352.99162600003,209523.25170900003,3055.7482919999998,2455.071196000001,93988.507374,84836.52192600002,203404.18549500004,147337.83779100003,266249.678291,217946.16185099995,340083.18489800004,320058.4259769999
2026-10-07T16:00:54.689777+00:00,obs-20261007-01,LIGHT,ALGOUSDT,1.0,0.1164,0.1165,0.11645,8.59106529209619,5664206772,0.1164,0.1165,222,5,146220.39469999995,32132.371299999995,142171.41489999995,31868.190499999997,5.815,224.4192,36816.9314,48792.960999999996,96922.4525,83417.72979999999,152891.0296,110787.57029999998,189193.51959999997,123301.82679999995
2026-10-07T16:00:54.689777+00:00,obs-20261007-01,LIGHT,XRPUSDT,1.0,1.4352,1.4353,1.43525,0.6967670011137628,26676185164,1.4352,1.4353,530,134,3224947.359450001,2912025.1894500013,2828011.5047800024,3344515.6683400013,87480.94605000001,68326.35753999998,1181381.7481700003,802416.50653,1850170.1678500003,1328485.45839,2940928.52632,2472331.5909099993,3735270.704230001,2710825.024689999
2026-10-07T16:00:54.689777+00:00,obs-20261007-01,LIGHT,HBARUSDT,1.0,0.09329,0.0933,0.09329499999999999,1.0719262514724548,8392461182,0.09329,0.0933,325,55,279755.8971399999,343514.29488,290410.4487699997,333216.59409000014,8229.33169,4892.7331300000005,147828.60802999997,122719.16821,256167.95685000002,210866.83461,434038.78034999984,363732.7611,826213.9952799997,695431.73857
2026-10-07T16:01:54.690460+00:00,obs-20261007-01,LIGHT,PEPEUSDT,1.0,4.04e-06,4.05e-06,4.045e-06,24.752475247524774,8827796370,4.04e-06,4.05e-06,256,74,668782.3223312898,615158.1564820702,776234.3302340101,539164.1282819399,96161.64594685001,25230.932093379997,144215.358638,84736.7676297,265473.13324857,237909.62429352,469336.38320382,474576.46902969,702181.4504342698,940637.86403451
2026-10-07T16:01:54.690460+00:00,obs-20261007-01,LIGHT,BNBUSDT,1.0,769.51,769.52,769.515,0.1299528271236916,20908623918,769.51,769.52,542,357,11412654.560739992,8895491.490129994,11563020.044009997,8563275.414780002,123110.67788000003,44804.157549999996,642214.0237599997,973688.9086199999,1299144.1003300005,1614335.624960002,2889902.280139998,4113736.0399000035,5466068.761420001,5305237.404809995
2026-10-07T16:01:54.690460+00:00,obs-20261007-01,LIGHT,AAVEUSDT,1.0,171.67,171.68,171.675,0.582512960913828,10438795165,171.67,171.68,422,152,797968.2462000003,870114.6165099993,857424.11862,895776.4898099999,29357.1252,39724.04912,104599.42831000002,62645.12590999998,169333.78981000002,122834.41551999998,707432.39422,203397.53861999983,778560.4020299999,239707.00742999988
2026-10-07T16:01:54.690460+00:00,obs-20261007-01,LIGHT,AVAXUSDT,1.0,11.215,11.216,11.215499999999999,0.8916629514033048,10518226265,11.215,11.216,505,293,1443640.680830001,3512020.9430299983,1595970.3671499994,3500530.0229399987,88481.23442999994,37890.671819999996,110196.97152,115648.10300999999,176385.12500999996,198544.04777999996,214627.25470999998,325425.18991999974,335687.48596,443065.8831199998
2026-10-07T16:01:54.690460+00:00,obs-20261007-01,LIGHT,FILUSDT,1.0,1.039,1.0391,1.03905,0.9624639076033503,9894565007,1.039,1.0391,467,171,752571.534358,522437.7851560001,838370.9700819995,484111.40057499986,20066.016641000006,7612.903454999999,68383.87387600001,79605.06764199998,147635.83782100002,130315.724917,206340.4502329999,226550.3580179999,284659.6378069998,332591.5671109998
2026-10-07T16:01:54.690460+00:00,obs-20261007-01,LIGHT,ALGOUSDT,1.0,0.1161,0.1162,0.11615,8.613264427217437,5664210527,0.1161,0.1162,260,27,314435.66530000005,145669.63150000005,343001.7656999999,151787.7163000001,9020.254000000003,3293.3606999999997,31960.2045,13649.2421,83223.2047,45402.135599999994,138766.3349,93521.7809,161214.3348,108154.90699999998
2026-10-07T16:01:54.690460+00:00,obs-20261007-01,LIGHT,XRPUSDT,1.0,1.4328,1.4329,1.4328500000000002,0.697934115019283,26676204083,1.4328,1.4329,561,241,9955408.088800007,11443115.541009994,10999616.57393,11393877.700450014,237238.97396000003,96456.41315000004,600139.58558,915479.4012499999,1007326.6242999996,1219835.3574099992,2149953.238399999,2018972.2910099989,2755943.780629999,2776153.7301199976
2026-10-07T16:01:54.690460+00:00,obs-20261007-01,LIGHT,HBARUSDT,1.0,0.09312,0.09313,0.093125,1.073883161513134,8392466199,0.09312,0.09313,422,79,1275954.7365699997,1516612.2247599997,1376168.8447200004,1662603.6876100004,9860.411830000003,14731.365860000002,87044.59971000002,71474.90114000002,185377.86813999998,145876.73395,355299.88658,202735.13416000005,727414.2399899997,220405.6449400001
2026-10-07T16:02:54.744475+00:00,obs-20261007-01,LIGHT,PEPEUSDT,1.0,4.05e-06,4.06e-06,4.055e-06,24.691358024691024,8827797732,4.05e-06,4.06e-06,293,31,737287.7019403402,527731.5745813799,665685.0091575503,511036.6996547599,26144.65831632,8655.805381709999,77259.57981705,143912.75073168,231633.19916173,364882.43030309,453467.24485639,603190.02438945,729641.3956722401,914538.6568824899
2026-10-07T16:02:54.744475+00:00,obs-20261007-01,LIGHT,BNBUSDT,1.0,769.86,769.87,769.865,0.12989374691407818,20908633632,769.86,769.87,502,242,7180816.938289998,4789033.6448800005,6905722.190660003,4748327.746509998,36300.850500000015,26307.799910000005,784318.62033,998601.5930000003,1457009.2024900008,1757094.0682500023,3135292.5732200025,4157284.9129800033,5968816.046030012,5422008.531339995
2026-10-07T16:02:54.744475+00:00,obs-20261007-01,LIGHT,AAVEUSDT,1.0,171.83,171.84,171.835,0.5819705522891461,10438798360,171.83,171.84,354,86,999394.1060599998,635594.1739000002,946070.6950900002,638482.4576699997,4106.184070000001,5961.842850000001,124883.95091999999,77048.15147999997,206596.69042999993,139743.33995999992,296988.6977800001,208574.57364999995,832934.04691,236780.54472999994
2026-10-07T16:02:54.744475+00:00,obs-20261007-01,LIGHT,AVAXUSDT,1.0,11.238,11.239,11.2385,0.889838049475955,10518234327,11.238,11.239,476,133,1262239.5840599993,2867300.46271,1135512.9640800005,2930919.938730002,10868.766550000002,27258.692200000005,121173.8186,132282.55580999996,228390.64429999993,212904.60463999995,339081.7283699999,277729.3282099999,384316.6551199999,372911.76988000004
2026-10-07T16:02:54.744475+00:00,obs-20261007-01,LIGHT,FILUSDT,1.0,1.0398,1.0399,1.03985,0.961723408348103,9894568489,1.0398,1.0399,428,92,501531.89717599977,295415.32713199995,451414.57725099963,331632.58552600007,2344.480758,24212.831920999994,89993.995169,61042.292218999995,177984.868019,120423.490766,251517.6676019999,203231.71834899994,329571.6416559999,316801.07708799996
2026-10-07T16:02:54.744475+00:00,obs-20261007-01,LIGHT,ALGOUSDT,1.0,0.1162,0.1163,0.11624999999999999,8.60585197934638,5664212291,0.1162,0.1163,210,5,197617.1614,63881.371,171863.69069999995,61712.5005,37.184,1079.7767999999999,35857.6682,20574.5979,89967.9949,60808.0706,157807.02560000002,99847.4332,185635.40760000004,116745.64539999998
2026-10-07T16:02:54.744475+00:00,obs-20261007-01,LIGHT,XRPUSDT,1.0,1.4348,1.4349,1.43485,0.696961248953798,26676212031,1.4348,1.4349,532,144,5837845.184380002,5017301.55405,5163018.751720001,5125006.20562,61676.40257,158533.10411000004,962922.59165,843048.2277599999,1422767.65612,1284406.5981500004,2520400.33172,2428709.1779900007,3324599.0055700005,2677242.15484
2026-10-07T16:02:54.744475+00:00,obs-20261007-01,LIGHT,HBARUSDT,1.0,0.09321,0.09322,0.09321499999999999,1.0728462611298006,8392468957,0.09321,0.09322,341,65,1005272.1893200001,874775.2298200001,958430.02547,750692.4412999994,1574.4065899999996,10476.090450000005,88429.84064999998,88478.99261,207056.39307000005,193992.21814000004,383632.18678000005,333634.25117000006,773849.0346699998,677630.85316
2026-10-07T16:03:54.779393+00:00,obs-20261007-01,LIGHT,PEPEUSDT,1.0,4.05e-06,4.06e-06,4.055e-06,24.691358024691024,8827798561,4.05e-06,4.06e-06,211,15,197916.69665533004,471917.21930413006,148943.55675116996,480048.93539298995,85.4806851,2672.96645126,132562.13632425,93779.98660002,269700.42307557,265393.37680574995,502440.38476055,595058.3083005899,732913.33061288,906573.3970530699
2026-10-07T16:03:54.779393+00:00,obs-20261007-01,LIGHT,BNBUSDT,1.0,770.79,770.8,770.795,0.1297370230535222,20908641705,770.79,770.8,474,217,6755007.961350001,4726118.934109998,6401275.695090006,5042865.974919999,5343.794790000004,32675.000639999987,932960.7185499998,956857.9950699997,1660298.4356299993,2231779.695290001,3383838.738530002,3971530.5087100053,5907042.280740009,5265815.47443
2026-10-07T16:03:54.779393+00:00,obs-20261007-01,LIGHT,AAVEUSDT,1.0,172.18,172.19,172.185,0.5807875479146851,10438800948,172.18,172.19,338,114,751592.7794799993,607295.9374700004,680400.0529199998,638375.7171000001,6937.00676,33275.303179999995,171072.67928000004,69692.55345,247109.6059600001,133362.86047,339088.82839999994,180996.8478100001,865134.71678,210275.65156000011
2026-10-07T16:03:54.779393+00:00,obs-20261007-01,LIGHT,AVAXUSDT,1.0,11.274,11.275,11.2745,0.8869966294144938,10518241932,11.274,11.275,520,194,1257094.0267899998,2387783.8465899997,1216883.23247,2377563.21432,46690.951000000015,32209.36884,135801.92708000002,150137.43476000003,247185.49867999993,232174.24554000006,356717.1282400001,289135.62004,382170.31761,392901.8724500002
2026-10-07T16:03:54.779393+00:00,obs-20261007-01,LIGHT,FILUSDT,1.0,1.0419,1.042,1.04195,0.9597850081588533,9894572044,1.0419,1.042,413,67,423518.27905400004,290937.30807800003,351063.30795700016,336503.4453260001,10538.860017,9913.444268999998,113890.92249400001,53812.17832700001,204126.157367,117093.34716100003,305010.197876,191406.870931,375247.76438599994,283999.98744600004
2026-10-07T16:03:54.779393+00:00,obs-20261007-01,LIGHT,ALGOUSDT,1.0,0.1164,0.1165,0.11645,8.59106529209619,5664213635,0.1164,0.1165,179,2,140694.21909999996,66852.78490000003,133988.1513,73156.53760000001,0.0,121.88719999999999,45555.0864,20121.6715,112859.6695,63883.7079,150589.87149999998,98611.8076,187819.4618,112563.79039999998
2026-10-07T16:03:54.779393+00:00,obs-20261007-01,LIGHT,XRPUSDT,1.0,1.438,1.4381,1.43805,0.6954102920730953,26676218813,1.438,1.4381,507,122,5166143.343270001,5264136.806919998,5032073.612499999,5360568.743979996,56650.013349999994,122028.50381000004,951691.2779700002,735506.1103500001,1519729.9716500007,1087024.52851,2398391.137810001,2458284.5870699985,3363702.24331,2621915.8687599986
2026-10-07T16:03:54.779393+00:00,obs-20261007-01,LIGHT,HBARUSDT,1.0,0.09343,0.09344,0.09343499999999999,1.070320025686744,8392470889,0.09343,0.09344,274,51,2003902.4219799992,477061.81970999995,1935505.0493899994,509253.0470700001,42.409220000000005,3986.0212199999983,128643.75915,102538.82652999999,251460.87498999992,176935.0227299999,422101.63165999996,319100.3316199999,824410.00957,653165.3319699998
2026-10-07T16:04:54.779647+00:00,obs-20261007-01,LIGHT,PEPEUSDT,1.0,4.05e-06,4.06e-06,4.055e-06,24.691358024691024,8827799212,4.05e-06,4.06e-06,226,26,42788.436572340004,592185.9288655301,44771.876654210006,659945.3662757197,0.0,2956.5566189599995,132460.24414815,27340.27465582,282772.42288559,196630.15911016997,500456.94467868,527298.8708903999,730581.37691901,869880.8290217
2026-10-07T16:04:54.779647+00:00,obs-20261007-01,LIGHT,BNBUSDT,1.0,770.89,770.9,770.895,0.12972019354240416,20908648118,770.89,770.9,535,225,5522499.722989997,1967460.8972199988,5620575.632400002,1958329.0112399985,10945.72602999999,40535.36245,810741.0530399994,993904.1717299997,1562320.4949,2488722.641790001,3283726.8449500017,3981111.6259600054,5567922.156870007,5452046.333080001
2026-10-07T16:04:54.779647+00:00,obs-20261007-01,LIGHT,AAVEUSDT,1.0,172.31,172.32,172.315,0.5803493703204765,10438802854,172.31,172.32,299,64,640580.0284900005,587622.28792,616115.5964200003,550425.2567000003,2059.6227700000004,2509.5519399999994,184108.80610000002,105894.51811,271473.99381,170578.33714999998,348657.6464200001,222359.38375000007,878496.7552900007,249679.23435000004
2026-10-07T16:04:54.779647+00:00,obs-20261007-01,LIGHT,AVAXUSDT,1.0,11.297,11.298,11.2975,0.8851907586082675,10518248993,11.297,11.298,502,216,1045220.94203,2450967.7559099994,1008880.8751000003,2503072.1232399982,60109.99604000004,40706.794599999994,122856.18284999998,106891.79133000002,259206.52760999993,191774.42393000008,387954.39554999984,318018.2312200001,423951.7491899998,366724.4043000004
2026-10-07T16:04:54.779647+00:00,obs-20261007-01,LIGHT,FILUSDT,1.0,1.0443,1.0444,1.0443500000000001,0.9575792396820937,9894576324,1.0443,1.0444,440,66,417335.6114839997,407464.2177110003,393837.80939800024,453784.7295449999,1656.346404,3967.533298,80955.29858999999,52006.557713999995,190321.53017900002,99949.84419399999,301176.029496,165972.851847,374878.29269299994,267314.07283099997
2026-10-07T16:04:54.779647+00:00,obs-20261007-01,LIGHT,ALGOUSDT,1.0,0.1169,0.117,0.11695,8.554319931566301,5664216037,0.1169,0.117,172,31,150075.72259999998,134047.9991,131342.0398,158202.88049999997,1118.7245,17844.068600000006,21190.608999999997,18105.283,64418.59849999999,55595.3744,144264.32470000003,78989.302,187281.29230000006,100905.06880000001
2026-10-07T16:04:54.779647+00:00,obs-20261007-01,LIGHT,XRPUSDT,1.0,1.4382,1.4383,1.43825,0.6953135864273818,26676225087,1.4382,1.4383,509,105,3316890.7574999994,3058268.9051300017,3307896.5972899995,3033893.467240003,75472.13063,92131.31289000006,1005907.2344200002,678641.5394500002,1602907.5898100005,1110841.494980001,2407187.2486300007,2484800.2380099995,3315301.3884999994,2648300.9771599993
2026-10-07T16:04:54.779647+00:00,obs-20261007-01,LIGHT,HBARUSDT,1.0,0.09346,0.09347,0.09346499999999999,1.069976460517097,8392472766,0.09346,0.09347,274,67,782417.77521,338742.27377999993,776315.7530999997,334308.5763900002,5538.84003,6535.141790000001,141475.80731999996,98069.63737,263625.82862999995,185698.56252999994,426770.38377000013,324034.65817,820094.34591,668566.6884900001
2026-10-07T16:05:54.782768+00:00,obs-20261007-01,LIGHT,PEPEUSDT,1.0,4.06e-06,4.07e-06,4.065e-06,24.630541871921707,8827800033,4.06e-06,4.07e-06,196,24,348184.42633078987,138340.36659217998,269272.44289813,186093.76779388002,2380.00976206,28514.74614496,110505.61594842,133450.99236898,252946.35001347,362679.8590045,476249.73166324,615308.5670954,707890.33545447,853625.5082066698
2026-10-07T16:05:54.782768+00:00,obs-20261007-01,LIGHT,BNBUSDT,1.0,771.39,771.4,771.395,0.1296361114344613,20908656127,771.39,771.4,496,212,6031723.032019996,4016032.39604,5728854.384410005,4119048.6476800004,19861.527640000004,58051.957999999984,739427.5339999999,1032927.4373099996,1582068.2756999992,2462189.0599399996,3294195.79118,4128579.6786900046,5476364.246860002,5491097.482750004
2026-10-07T16:05:54.782768+00:00,obs-20261007-01,LIGHT,AAVEUSDT,1.0,172.63,172.65,172.64,1.1585471818342796,10438807083,172.63,172.65,400,221,608939.0231199997,626679.3587199997,632111.5201000001,676119.9504800002,13341.153059999999,42253.58296999999,108270.69098,68595.24737,203826.90499000007,129676.46633000001,317023.35367000004,176882.54917999997,835363.9820100002,220438.78329999992
2026-10-07T16:05:54.782768+00:00,obs-20261007-01,LIGHT,AVAXUSDT,1.0,11.311,11.312,11.311499999999999,0.8840951286348542,10518255338,11.311,11.312,516,211,940273.1945700002,1411256.9470400005,967723.7389599993,1382050.7017000003,35321.26123000001,11917.54689999999,135881.35182,106721.21943999999,274759.3023200001,204664.82453,359886.67966000014,350319.4652400002,402848.8417700002,396483.3449900005
2026-10-07T16:05:54.782768+00:00,obs-20261007-01,LIGHT,FILUSDT,1.0,1.0452,1.0453,1.0452499999999998,0.9567546880973055,9894581163,1.0452,1.0453,475,81,428697.47555400006,477752.0454499999,441780.5721630003,433418.3580340002,3563.2526770000004,5451.755651999999,87385.948326,70923.06151599999,184916.701883,135786.99590900002,283694.0294089999,213784.66601499994,359907.1130459998,311530.7780850001
2026-10-07T16:05:54.782768+00:00,obs-20261007-01,LIGHT,ALGOUSDT,1.0,0.1169,0.117,0.11695,8.554319931566301,5664218732,0.1169,0.117,270,5,173694.347,43462.755300000004,162232.6269,40047.67290000001,559.1328,52.039300000000004,31672.0726,17791.842,92461.2486,58279.4917,152450.341,82404.3844,204306.08469999998,104325.35200000001
2026-10-07T16:05:54.782768+00:00,obs-20261007-01,LIGHT,XRPUSDT,1.0,1.44,1.4401,1.4400499999999998,0.694444444444553,26676231756,1.44,1.4401,512,131,4511552.619659998,4921344.24957,4642419.553249996,4833428.886839998,54716.569240000004,161818.48154999994,867128.8506000001,836676.60999,1412434.2846200003,1096811.9645500001,2260228.3343900004,2588124.86522,2954137.7673299997,2758754.274650002
2026-10-07T16:05:54.782768+00:00,obs-20261007-01,LIGHT,HBARUSDT,1.0,0.09361,0.09362,0.093615,1.068261937826609,8392475288,0.09361,0.09362,362,67,1496664.6184999992,541493.5822100001,1472669.9185700002,575407.8790599994,787.3221499999999,5872.432099999998,100122.61114000002,98951.13828999999,248923.33816999994,167762.33304999996,440641.30157000007,301134.9312600001,824753.2193399998,643761.3815799999
2026-10-07T16:06:54.783978+00:00,obs-20261007-01,LIGHT,PEPEUSDT,1.0,4.06e-06,4.07e-06,4.065e-06,24.630541871921707,8827801264,4.06e-06,4.07e-06,254,19,394244.7794240399,428153.32481882005,373185.55399145,539020.4192676699,0.0,3570.95716978,127754.30216528001,97273.4638172,294804.99270953005,259375.2794096,497308.95709583006,504441.47264655,725042.75536748,773648.2029622
2026-10-07T16:06:54.783978+00:00,obs-20261007-01,LIGHT,BNBUSDT,1.0,771.93,771.94,771.935,0.1295454251049044,20908670656,771.93,771.94,553,367,7887509.2549100015,6993321.497900007,7860818.13999,7166008.427509999,57368.42253000001,63517.086099999986,747870.9373000001,931280.5750199996,1517073.07774,2548117.92248,3296694.603110001,3960893.626930001,5501607.410470005,5479241.436800001
2026-10-07T16:06:54.783978+00:00,obs-20261007-01,LIGHT,AAVEUSDT,1.0,172.59,172.6,172.595,0.5794078451826223,10438810515,172.59,172.6,429,108,843689.2724699996,606639.3855300001,817136.0926599998,558171.2993500003,1848.8933600000003,6882.563350000001,143648.71576,104440.61816,235988.98431000003,173003.09478,346935.98190000013,225164.2707300001,861621.5592900002,266396.3857200001
2026-10-07T16:06:54.783978+00:00,obs-20261007-01,LIGHT,AVAXUSDT,1.0,11.377,11.378,11.377500000000001,0.8789663355890376,10518273084,11.376,11.378,547,693,2640973.5233200034,2074884.7830499988,2740162.0071100015,2192488.541879998,222486.86130000005,244308.20305999988,89357.04397999997,77057.57688000001,187741.66451,148048.23256,222041.26408999998,250756.18236999994,260519.62393999987,340442.05687
2026-10-07T16:06:54.783978+00:00,obs-20261007-01,LIGHT,FILUSDT,1.0,1.0458,1.0459,1.0458500000000002,0.9562057754819442,9894588526,1.0458,1.0459,515,158,677668.7422569995,613813.9792350001,675937.4368140001,624005.0236629999,7134.743828999999,10121.951843000003,85139.441192,91931.92827000002,187487.879748,141781.89258200006,280344.39452599996,220633.92336800002,360579.39423699985,308578.5776730001
2026-10-07T16:06:54.783978+00:00,obs-20261007-01,LIGHT,ALGOUSDT,1.0,0.1169,0.117,0.11695,8.554319931566301,5664221533,0.1169,0.117,276,16,216867.62680000006,135615.49640000003,219624.08589999992,122485.53369999999,1784.9395,1670.5306,17813.9085,23850.672700000003,77719.3316,66379.1617,140520.8207,95694.7061,184159.7434,110305.7756
2026-10-07T16:06:54.783978+00:00,obs-20261007-01,LIGHT,XRPUSDT,1.0,1.4406,1.4407,1.4406500000000002,0.6941552131056739,26676241846,1.4406,1.4407,562,157,5465847.938199994,5572596.294680003,5467210.552620001,5623692.925249998,59995.083170000005,118147.35718,1004994.1139499998,793054.20958,1450687.9796400005,1678329.90709,2201564.2440800006,2545449.6446300005,2949799.15363,2712063.325000002
2026-10-07T16:06:54.783978+00:00,obs-20261007-01,LIGHT,HBARUSDT,1.0,0.09361,0.09362,0.093615,1.068261937826609,8392479302,0.09361,0.09362,394,115,1782878.9931500005,1166360.5033800006,1700032.2618900004,1146043.02983,7645.516589999999,16841.712709999996,101726.18621,92275.49123999999,228875.4358099999,185661.25351,414521.74770999997,322295.7800700001,798972.0581099999,663243.7117100001
2026-10-07T16:07:54.790168+00:00,obs-20261007-01,LIGHT,PEPEUSDT,1.0,4.06e-06,4.07e-06,4.065e-06,24.630541871921707,8827801710,4.06e-06,4.07e-06,164,17,229295.34729428997,198372.25247371997,219455.03400459,195921.74859777,243.80295533999998,3750.36666884,117221.71362748,94162.86669581,297000.62554723,258294.43286308998,507149.2703855301,506891.9765224999,745927.2519626201,776098.7068381499
2026-10-07T16:07:54.790168+00:00,obs-20261007-01,LIGHT,BNBUSDT,1.0,771.22,771.23,771.225,0.12966468711850254,20908680834,771.22,771.23,545,422,4880816.603860002,6211026.813690003,4872846.931550002,6082656.507019996,211851.02202000003,13738.351389999998,778915.1618100003,893191.3530899995,1616000.2030600007,2522889.0565100005,3330746.1725700013,4032552.6231300035,5713619.059000004,5495963.751309999
2026-10-07T16:07:54.790168+00:00,obs-20261007-01,LIGHT,AAVEUSDT,1.0,172.4,172.41,172.405,0.5800464037108988,10438813546,172.4,172.41,353,70,502559.9483900002,557513.2455000002,558238.6682100001,590413.5559599999,4407.17077,3905.56731,109637.57183999998,68305.9498,210282.12641,122295.15687,297570.29749,186376.90248000002,809709.8468700001,215481.86118999997
2026-10-07T16:07:54.790168+00:00,obs-20261007-01,LIGHT,AVAXUSDT,1.0,11.353,11.354,11.3535,0.8808244516855801,10518287466,11.353,11.354,560,480,2968207.412609999,2046951.3616899992,2856384.717559997,1941050.1969100016,37295.425440000006,121493.12835,102281.87123,93822.97994000002,240535.19059,247631.6607400001,337080.66156,333055.8066500001,373665.9705300001,384385.9712800003
2026-10-07T16:07:54.790168+00:00,obs-20261007-01,LIGHT,FILUSDT,1.0,1.0442,1.0443,1.04425,0.9576709442637998,9894593952,1.0442,1.0443,462,154,518375.18014300027,507727.261927,545565.8971800001,477716.2035249999,5804.319757,4588.187822000001,109884.76848900002,69865.54521699999,204037.0847660001,145151.98851199995,265333.42696300015,224561.483418,347161.6588720002,334814.5818190002
2026-10-07T16:07:54.790168+00:00,obs-20261007-01,LIGHT,ALGOUSDT,1.0,0.1166,0.1167,0.11665,8.576329331047017,5664223074,0.1166,0.1167,222,13,152173.7732999999,68220.0582,158195.0442,62222.18020000001,5354.571,983.8858000000001,45924.6793,12409.8515,99237.28309999999,42722.7186,148390.251,87926.04210000002,195377.83180000004,113954.62380000002
2026-10-07T16:07:54.790168+00:00,obs-20261007-01,LIGHT,XRPUSDT,1.0,1.4391,1.4392,1.4391500000000002,0.6948787436589221,26676247833,1.4391,1.4392,509,108,3875233.3803999997,4111899.7410900006,4089770.861430002,4142635.9507300006,109265.85070999998,80964.08286999998,932947.93839,779160.41526,1364961.3238399997,1360038.6351300005,2079907.59914,2495444.05708,2765395.796439999,2673954.172950002
2026-10-07T16:07:54.790168+00:00,obs-20261007-01,LIGHT,HBARUSDT,1.0,0.0937,0.09371,0.09370500000000001,1.0672358591246045,8392482161,0.0937,0.09371,343,92,851942.5088600002,633025.9109699997,725050.5706900002,609952.3440100005,7466.673109999999,15012.718869999999,103354.0186,106949.85409999998,236606.21916999997,203653.97139000002,422361.19156000006,346720.00441,807931.33335,681981.30274
2026-10-07T16:08:54.797022+00:00,obs-20261007-01,LIGHT,PEPEUSDT,1.0,4.07e-06,4.08e-06,4.075e-06,24.57002457002533,8827802734,4.07e-06,4.08e-06,219,23,736448.6251586999,520756.43904592004,644926.5616457097,630819.2874067902,1171.66754669,83320.53956261999,50767.66836537,141407.2257,207331.59199533,259289.49032719003,484492.19342689,533841.48272984,810075.61205853,822767.6965054999
2026-10-07T16:08:54.797022+00:00,obs-20261007-01,LIGHT,BNBUSDT,1.0,771.68,771.69,771.685,0.12958739374013817,20908690976,771.68,771.69,566,175,5683026.522459999,4194862.194239997,5589563.525999993,4205463.103,8743.681889999998,31211.19077,779400.5750899999,1108637.67638,1613155.7305200004,2602329.7932600016,3414436.0151600013,4075510.6236400027,5696522.812890004,5604017.522950003
2026-10-07T16:08:54.797022+00:00,obs-20261007-01,LIGHT,AAVEUSDT,1.0,172.36,172.37,172.365,0.5801810164762777,10438815808,172.36,172.37,360,50,491769.44314000016,608083.8105199998,491439.44738000026,599687.61505,1733.41307,2225.3959999999997,131331.59116999997,70053.60492,215909.58935999995,118235.86125,299759.02163,192525.35737999997,809798.22204,221602.9082099999
2026-10-07T16:08:54.797022+00:00,obs-20261007-01,LIGHT,AVAXUSDT,1.0,11.335,11.336,11.3355,0.8822232024696675,10518296963,11.335,11.336,506,308,1826817.6873300003,2795032.9603900015,1896869.1566100006,2730578.2804900007,17839.770210000006,41563.670340000026,94753.47616000003,100259.08256999998,171065.24289000005,185618.39471999998,267943.59611000004,390585.6663300002,354265.70174000016,455661.8900200003
2026-10-07T16:08:54.797022+00:00,obs-20261007-01,LIGHT,FILUSDT,1.0,1.0437,1.0438,1.0437500000000002,0.958129730765922,9894599020,1.0437,1.0438,438,148,601642.7562209998,427884.82201700035,606921.1948100001,408699.93570200034,5166.9161730000005,10181.451484999998,111601.16235100002,79377.753375,208334.18557600002,154496.29201600002,260372.28047900012,239894.92312999992,340986.2307590001,341814.89760000014
2026-10-07T16:08:54.797022+00:00,obs-20261007-01,LIGHT,ALGOUSDT,1.0,0.1167,0.1168,0.11674999999999999,8.568980291345785,5664224247,0.1167,0.1168,200,10,123805.30430000002,85103.18579999999,114869.7549,74275.64790000001,66.4023,2480.3648000000003,54178.2597,26263.2179,111213.2605,69053.8404,154603.81190000003,101791.863,203129.90980000002,125045.21689999998
2026-10-07T16:08:54.797022+00:00,obs-20261007-01,LIGHT,XRPUSDT,1.0,1.4401,1.4402,1.44015,0.6943962224847944,26676253347,1.4401,1.4402,487,90,3698236.4118799944,3284977.8422900033,3351575.6464599967,3106586.308550001,46436.35615999999,45609.24255,1051474.74575,896478.4131700001,1557389.7515800009,1322447.8764800006,2387482.5830500014,2688320.68215,3081612.3113800017,2859512.2245900016
2026-10-07T16:08:54.797022+00:00,obs-20261007-01,LIGHT,HBARUSDT,1.0,0.09374,0.09375,0.093745,1.0667804565822614,8392486226,0.09374,0.09375,422,100,1307390.3422899998,782334.8704900002,1319301.33918,767115.1631600003,42505.20577000001,11815.52428,127913.37731000003,122860.29130000001,221976.93941000005,175451.45809000003,409747.03861,361945.2978600001,790687.6413799998,699625.8604300001
2026-10-07T16:09:54.801968+00:00,obs-20261007-01,LIGHT,PEPEUSDT,1.0,4.07e-06,4.08e-06,4.075e-06,24.57002457002533,8827804134,4.07e-06,4.08e-06,240,33,610516.09009528,684914.74732991,587799.1650083403,605265.15073221,23214.51931663,139521.55273201005,79991.43503087,131802.4250556,237877.46772645,339237.61274169,507209.11851383,603844.5025444,845635.0578995501,822011.08986604
2026-10-07T16:09:54.801968+00:00,obs-20261007-01,LIGHT,BNBUSDT,1.0,771.42,771.43,771.425,0.12963106997387897,20908699934,771.42,771.43,495,304,5064753.208710001,4977168.98407,5211603.52372,4911228.2519499995,21206.80840000001,25423.90365999999,852280.6372100003,1057821.6749200001,1472282.420340001,2575922.1393100014,3273534.4838800016,4139713.5079000047,5633804.968720001,5611248.811440001
2026-10-07T16:09:54.801968+00:00,obs-20261007-01,LIGHT,AAVEUSDT,1.0,172.59,172.6,172.595,0.5794078451826223,10438819339,172.59,172.6,365,105,1005597.8414700001,627758.0064400003,999296.2875900007,615244.70433,3255.7365099999997,16444.090519999998,106849.42862999997,93173.45151000001,202125.55424999996,164176.15298,297988.6173200001,209662.95849000002,802508.9028100001,250458.94379999995
2026-10-07T16:09:54.801968+00:00,obs-20261007-01,LIGHT,AVAXUSDT,1.0,11.35,11.351,11.3505,0.881057268724561,10518303110,11.35,11.351,445,136,1108254.0516299994,1819190.7162699995,1045587.9664499996,1874327.6423100003,19360.898110000002,58810.71504000001,118913.44057,103249.81757000001,209819.12954000008,249130.08771000002,307710.23572,337239.7965700002,393226.1065000001,404944.43340000033
2026-10-07T16:09:54.801968+00:00,obs-20261007-01,LIGHT,FILUSDT,1.0,1.044,1.0441,1.04405,0.9578544061294991,9894604383,1.044,1.0441,433,171,517975.9194759998,450668.68445699994,519043.4076679999,463397.773735,5244.748442000001,8849.843714999999,88671.357736,78305.87749999999,193040.76448900002,151165.79538,258987.5001820001,230999.596004,338504.66843799996,329132.5219180002
2026-10-07T16:09:54.801968+00:00,obs-20261007-01,LIGHT,ALGOUSDT,1.0,0.1166,0.1167,0.11665,8.576329331047017,5664225680,0.1166,0.1167,173,10,104469.2863,66342.93469999998,110521.74749999998,64635.50170000001,0.0,1756.8584999999998,56828.3102,18565.2754,114866.89319999999,59485.2518,151273.3392,100461.013,195763.3484,125068.2091
2026-10-07T16:09:54.801968+00:00,obs-20261007-01,LIGHT,XRPUSDT,1.0,1.4401,1.4402,1.44015,0.6943962224847944,26676260012,1.4401,1.4402,502,72,3709507.7512499993,3731885.6978200013,3972301.6760799997,3555058.5656099985,51416.292,77738.84898000001,912464.8826599998,1116351.9857899998,1286864.7994399997,1356018.8487100007,2124689.65756,2867159.1370200003,2797224.4615200004,3038369.3030400025
2026-10-07T16:09:54.801968+00:00,obs-20261007-01,LIGHT,HBARUSDT,1.0,0.09365,0.09366,0.09365499999999999,1.0678056593693697,8392490232,0.09365,0.09366,420,74,986847.3060399996,915114.1945600003,1028183.5552599999,880165.0101200005,65648.23382,10532.97592,106494.9302,127612.09352000001,208155.16944000003,242800.4072199999,372571.85604000004,396881.2303399999,752669.9179199999,733760.0124399997
2026-10-07T16:10:54.811202+00:00,obs-20261007-01,LIGHT,PEPEUSDT,1.0,4.07e-06,4.08e-06,4.075e-06,24.57002457002533,8827805334,4.07e-06,4.08e-06,230,26,414346.91756413004,344842.4392579902,446655.4855830499,328504.28084495006,1139.1168354400002,94192.08827069003,59594.58858606,137647.73692176,209332.965601,346571.16968503,474900.55049491,619835.05561545,850787.3395449,790103.0245851299
2026-10-07T16:10:54.811202+00:00,obs-20261007-01,LIGHT,BNBUSDT,1.0,771.33,771.34,771.335,0.12964619553246237,20908709493,771.33,771.34,522,220,4443653.032430002,4689143.564769997,4356749.163829997,4675788.611699997,78970.60646000002,24504.22331999999,826461.8219100004,971658.5409499995,1635312.9842600008,2578327.1309099994,3362418.6001600013,4107036.926720003,5708264.858110002,5565899.655219998
2026-10-07T16:10:54.811202+00:00,obs-20261007-01,LIGHT,AAVEUSDT,1.0,172.59,172.6,172.595,0.5794078451826223,10438823106,172.59,172.6,378,73,698821.2152100004,943882.3158399997,668302.9327000002,927341.9680799996,3893.090739999999,3992.046090000001,124473.93747999998,109869.01460999998,229201.13116000005,180268.93055999995,326297.62201000005,226203.3062499999,833020.70438,266952.86125999986
2026-10-07T16:10:54.811202+00:00,obs-20261007-01,LIGHT,AVAXUSDT,1.0,11.327,11.328,11.3275,0.8828462964594053,10518311467,11.327,11.328,488,205,1242000.6961299996,2207945.78404,1280570.3755199995,2129304.9868400004,37232.78424,25227.32522,128255.47903999999,134910.98528,203263.26280000005,219322.93368000002,303091.52805999987,412356.21393000026,389881.1711099999,478177.74221000035
2026-10-07T16:10:54.811202+00:00,obs-20261007-01,LIGHT,FILUSDT,1.0,1.0427,1.0428,1.0427499999999998,0.9590486237653906,9894609038,1.0427,1.0428,408,218,404889.40425499994,394996.739297,432794.61995900027,365341.1349899999,6714.8421750000025,7204.424824,88734.56704999998,75077.02023499999,178216.970828,143100.60516999997,241841.08987499998,243986.07335199998,316649.6768899997,332058.614007
2026-10-07T16:10:54.811202+00:00,obs-20261007-01,LIGHT,ALGOUSDT,1.0,0.1165,0.1166,0.11655,8.58369098712286,5664226340,0.1165,0.1166,136,5,78228.84289999999,37835.2169,84393.7406,30521.956600000005,727.8172,633.4185000000001,43664.14020000001,21348.0911,113302.8865,61441.1391,148130.99829999998,105507.91909999998,190825.58599999998,119194.99839999998
2026-10-07T16:10:54.811202+00:00,obs-20261007-01,LIGHT,XRPUSDT,1.0,1.4385,1.4386,1.43855,0.6951685783818107,26676267773,1.4385,1.4386,522,95,4157539.346219998,4672763.6988200005,4025685.7688699984,4803684.964470001,72683.91315999998,70856.91842,1079390.27601,900299.4137199998,1417943.0025000009,1177685.79275,2290211.6204500003,2720812.91362,3122725.2679300015,2898133.5458100005
2026-10-07T16:10:54.811202+00:00,obs-20261007-01,LIGHT,HBARUSDT,1.0,0.09358,0.09359,0.093585,1.0686044026519959,8392492937,0.09358,0.09359,353,32,656297.3005799997,759714.1436399999,635546.8767500002,735006.8487900003,1663.7609300000001,3915.7278899999997,92956.3248,131031.54129,214739.36810000002,252948.8208,399096.47866,410827.3794700001,774831.2268299997,748291.80413
2026-10-07T16:11:54.863415+00:00,obs-20261007-01,LIGHT,PEPEUSDT,1.0,4.06e-06,4.07e-06,4.065e-06,24.630541871921707,8827806007,4.06e-06,4.07e-06,180,20,237575.45244043,238225.75650189997,301513.1338644898,59324.51681267999,14917.345746050001,3297.1042242599997,115716.27143328001,179218.20203518,261687.62225553003,331975.95650686,548405.8181189301,651573.39457375,845028.49791886,865380.9476995401
2026-10-07T16:11:54.863415+00:00,obs-20261007-01,LIGHT,BNBUSDT,1.0,771.59,771.6,771.595,0.12960250910465376,20908717727,771.59,771.6,487,194,3875776.3001800003,4186954.6272800006,3882890.0900399988,4239936.649769998,14085.931360000006,12165.361050000007,815158.82704,1009521.4191100002,1547847.0872100007,2546808.809090002,3350270.894790002,4101054.255740003,5616888.082820006,5626614.420230002
2026-10-07T16:11:54.863415+00:00,obs-20261007-01,LIGHT,AAVEUSDT,1.0,172.24,172.25,172.245,0.5805852299101133,10438825382,172.24,172.25,313,61,357855.9985600001,479186.7098299999,413576.5681799999,491638.6840399999,3022.17462,2226.75009,124064.55661999997,75610.03125999997,213484.07845999993,137296.85919999998,281480.06821999984,200893.66027000002,791084.4430299997,234083.98467
2026-10-07T16:11:54.863415+00:00,obs-20261007-01,LIGHT,AVAXUSDT,1.0,11.33,11.331,11.3305,0.8826125330974044,10518319616,11.33,11.331,439,137,1118271.0350899994,1768192.2230399996,1069910.64755,1799124.5661300006,21776.85759,57500.07298000001,139884.55691,135999.09073,221944.19812000002,211529.27887,351429.7072499999,382989.72736000037,446502.34948,447345.2664400004
2026-10-07T16:11:54.863415+00:00,obs-20261007-01,LIGHT,FILUSDT,1.0,1.0419,1.042,1.04195,0.9597850081588533,9894613478,1.0419,1.042,390,192,413784.912306,308902.7968730001,411919.26688199997,284509.28474999976,6793.955573999999,9011.383475,112721.49433499998,72519.08171599999,199025.708401,151011.00556899994,247630.531556,255554.82557299995,321695.45214399975,341919.881693
2026-10-07T16:11:54.863415+00:00,obs-20261007-01,LIGHT,ALGOUSDT,1.0,0.1164,0.1165,0.11645,8.59106529209619,5664227193,0.1164,0.1165,177,5,60200.35850000002,63128.48069999999,70864.73419999998,55950.67980000001,1297.4254999999998,5.4755,47337.3236,30274.9018,111762.43089999999,67103.3978,143075.6217,103687.08420000001,186344.25349999996,121078.0266
2026-10-07T16:11:54.863415+00:00,obs-20261007-01,LIGHT,XRPUSDT,1.0,1.4374,1.4375,1.4374500000000001,0.6957005704744113,26676272566,1.4374,1.4375,444,77,2579563.245379999,2870693.553320001,2789662.885160001,2745912.1840300015,69015.20396999997,40554.79349999999,1070042.9710100002,821249.8854699999,1383338.616650001,1419864.2597600003,2098993.1744900006,2792494.805839999,2981742.2893499997,3019624.3949200003
2026-10-07T16:11:54.863415+00:00,obs-20261007-01,LIGHT,HBARUSDT,1.0,0.09345,0.09346,0.09345500000000001,1.0700909577310291,8392495995,0.09345,0.09346,322,43,377101.7726100003,970108.1982199999,398369.18353,945865.5731500001,4282.45116,9048.99227,107886.39785,139089.54151999997,228976.61359,233625.82042999996,390889.58316999994,432298.84365999995,768314.1993199997,762464.4957600001
2026-10-07T16:12:54.879132+00:00,obs-20261007-01,LIGHT,PEPEUSDT,1.0,4.06e-06,4.07e-06,4.065e-06,24.630541871921707,8827806442,4.06e-06,4.07e-06,151,22,74161.65069302,283757.7668550899,89922.28605647999,278170.91241424007,2836.9186258,2072.68071527,74917.53368218,225917.97021123,243894.53059858002,419312.83026266994,532645.18275547,657160.2490146,861987.53350351,866149.51374877
2026-10-07T16:12:54.879132+00:00,obs-20261007-01,LIGHT,BNBUSDT,1.0,771.27,771.28,771.275,0.12965628119809836,20908722617,771.27,771.28,465,169,1632513.3185099994,2746928.5049400018,1713992.149840001,2650772.711869999,9414.964949999998,3548.1263999999996,760564.8114900003,954174.5798000004,1562667.7368300008,2603056.812550001,3274016.8776700026,4145001.5028000046,5629226.930710006,5608737.090120002
2026-10-07T16:12:54.879132+00:00,obs-20261007-01,LIGHT,AAVEUSDT,1.0,172.11,172.12,172.115,0.5810237638703697,10438827553,172.11,172.12,306,54,346130.21631000005,492322.05618999986,342286.76272999996,485459.55235000007,1365.4443600000002,1758.3332000000003,138426.54477,75920.38117000001,223056.21401,131021.70353999994,294165.52967999986,203592.07668999996,804296.6675599997,237309.34053999992
2026-10-07T16:12:54.879132+00:00,obs-20261007-01,LIGHT,AVAXUSDT,1.0,11.3,11.301,11.3005,0.8849557522117024,10518328512,11.3,11.301,467,120,942347.0343300005,2358667.8327,1012407.2879100001,2336258.59136,10344.022480000001,16188.864899999991,113139.48316999999,128262.18628999997,177851.66527,216059.21418,284073.22024999995,367027.32738999993,375739.1612600002,452118.54432000016
2026-10-07T16:12:54.879132+00:00,obs-20261007-01,LIGHT,FILUSDT,1.0,1.041,1.0411,1.0410499999999998,0.9606147934682063,9894618142,1.041,1.0411,421,216,439539.19542899996,316879.06347200007,460844.31319099973,295294.57207600016,8270.182206999998,15086.203264999998,105664.145107,71514.64947300001,186001.75949900004,153911.48207100006,232627.98140300004,264055.654166,304443.403108,350622.42306699994
2026-10-07T16:12:54.879132+00:00,obs-20261007-01,LIGHT,ALGOUSDT,1.0,0.1163,0.1164,0.11635000000000001,8.598452278589797,5664228391,0.1163,0.1164,221,2,93127.21240000002,58729.39779999999,91907.3341,52551.88010000002,218.5992,0.0,46559.0035,32835.1599,94561.6756,74318.6749,146147.8008,106500.3011,189098.05430000005,131986.04979999998
2026-10-07T16:12:54.879132+00:00,obs-20261007-01,LIGHT,XRPUSDT,1.0,1.4363,1.4364,1.43635,0.6962333774285234,26676277856,1.4363,1.4364,470,95,3354156.9281699993,3273291.441449998,3432396.3609400005,3269886.3352800007,64873.338780000005,44388.92669000001,1002821.78889,892734.9277100003,1213264.55238,1420400.8675900004,2055677.3314699994,2788631.9153799997,2941273.0435199994,3021834.5547999996
2026-10-07T16:12:54.879132+00:00,obs-20261007-01,LIGHT,HBARUSDT,1.0,0.09332,0.09333,0.09332499999999999,1.0715816545214807,8392498313,0.09332,0.09333,324,28,488878.0237000001,1410368.56187,506190.43808000017,1399595.56702,4591.693719999999,7392.589760000001,129031.29740000001,153511.80621999997,222201.4372,279106.21491999994,379220.59040999995,433145.5216999999,743202.6390999999,762038.6272699999
2026-10-07T16:13:54.879530+00:00,obs-20261007-01,LIGHT,PEPEUSDT,1.0,4.06e-06,4.07e-06,4.065e-06,24.630541871921707,8827807579,4.06e-06,4.07e-06,195,47,514612.42098279996,590808.2111375596,524474.3993487799,647699.7378983996,10211.4503533,137841.61871852,120404.9556815,90726.38125562,250936.67732585,257451.16335817997,515704.03674597,600007.5499249599,870604.2970893399,768023.21815526
2026-10-07T16:13:54.879530+00:00,obs-20261007-01,LIGHT,BNBUSDT,1.0,771.27,771.28,771.275,0.12965628119809836,20908730783,771.27,771.28,486,193,4748344.945350004,3315525.371570002,4885108.779029999,3389470.9320499967,62240.37431999997,6843.239670000001,790511.3657600002,1052657.2260600002,1515461.6543100001,2541946.40257,3137253.0439900025,4071055.942320003,5662917.138860004,5535217.4461400015
2026-10-07T16:13:54.879530+00:00,obs-20261007-01,LIGHT,AAVEUSDT,1.0,172.06,172.07,172.065,0.5811926072296636,10438829479,172.06,172.07,313,42,592876.2671299998,469816.18513,602597.9137600003,468041.27727,847.65961,5268.32614,118287.39018000003,70995.76487000003,208215.79766000007,131583.39002000002,287966.84089000005,204808.36634,797411.6787900002,233647.18222
2026-10-07T16:13:54.879530+00:00,obs-20261007-01,LIGHT,AVAXUSDT,1.0,11.295,11.296,11.2955,0.8853474988934629,10518335801,11.295,11.296,476,104,999258.6985200006,2158417.4962999998,947312.6154000006,2125636.612420001,10249.43401,16946.07098,178519.8292,139205.72056999998,276353.65244,220795.67969999998,344712.24445999967,399492.81583999994,390182.6960899997,453008.7159200003
2026-10-07T16:13:54.879530+00:00,obs-20261007-01,LIGHT,FILUSDT,1.0,1.041,1.0411,1.0410499999999998,0.9606147934682063,9894621804,1.041,1.0411,390,98,510618.326634,252861.03582599992,502189.47355000017,265951.268662,7059.149185999998,7529.656154,87697.945089,71028.342688,185078.11817200002,151982.54667700006,241056.83448700007,250965.42133,314052.13803399995,340656.73448700004
2026-10-07T16:13:54.879530+00:00,obs-20261007-01,LIGHT,ALGOUSDT,1.0,0.1162,0.1163,0.11624999999999999,8.60585197934638,5664229316,0.1162,0.1163,168,2,84341.5509,42657.9162,79803.11119999998,41530.3051,23.6089,69.78,37186.4203,23457.6331,92201.2733,65284.3191,152241.35660000003,103979.1847,194515.4555,123382.92389999997
2026-10-07T16:13:54.879530+00:00,obs-20261007-01,LIGHT,XRPUSDT,1.0,1.4358,1.4359,1.4358499999999998,0.6964758322891562,26676285362,1.4358,1.4359,530,110,4033372.890840002,3723937.1553000007,3808049.5468700025,3815084.0764299985,58052.56427000001,99709.39775,929283.2276399999,849850.2197699999,1432860.24798,1238107.9369,2283308.31842,2696057.2391100004,3187372.133640001,2913657.59278
2026-10-07T16:13:54.879530+00:00,obs-20261007-01,LIGHT,HBARUSDT,1.0,0.09326,0.09327,0.093265,1.0722710701283056,8392500645,0.09326,0.09327,339,43,369667.72863,865046.5606600001,369499.09491999977,871583.4804799999,3537.8042900000005,4918.214360000001,99425.37794,141430.58896999998,196169.52129,271018.50513,389842.0388999999,424274.7377200001,748214.5893099998,795749.4236400002
2026-10-07T16:14:54.890128+00:00,obs-20261007-01,LIGHT,PEPEUSDT,1.0,4.06e-06,4.07e-06,4.065e-06,24.630541871921707,8827807914,4.06e-06,4.07e-06,134,14,54204.54509052,372638.9513682601,53409.22538193001,373569.74449885025,155.32311956,5257.46831192,116588.76635084,114546.46700816,251721.99703273998,263779.79280728,516499.35645456,599076.75679437,872230.4921643601,756163.37330313
2026-10-07T16:14:54.890128+00:00,obs-20261007-01,LIGHT,BNBUSDT,1.0,771.22,771.23,771.225,0.12966468711850254,20908737774,771.22,771.23,472,133,1786332.0134999987,1717593.5198799998,1781841.1891600012,1693880.9567600016,13056.03364,10191.156279999997,915458.8763800006,1047413.99912,1536624.264760001,2565149.741130001,3142173.7421300025,4094188.1727800034,5690945.761090005,5552851.143499998
2026-10-07T16:14:54.890128+00:00,obs-20261007-01,LIGHT,AAVEUSDT,1.0,172.04,172.05,172.04500000000002,0.5812601720545096,10438830771,172.04,172.05,240,21,255384.59002000012,321639.9014600001,251771.88096,320428.2055200001,498.87600000000003,930.88075,140900.88123000003,73278.41336,215529.86619,133618.65621,293409.91648999986,204439.35939999996,796378.1378899998,233298.65480999995
2026-10-07T16:14:54.890128+00:00,obs-20261007-01,LIGHT,AVAXUSDT,1.0,11.307,11.308,11.307500000000001,0.8844078889169715,10518340340,11.307,11.308,353,94,672292.9608399998,1479069.096120001,617805.2977800003,1541478.285339999,11378.99456,7644.034620000001,192029.97796,124590.93351,310946.87206999987,214080.74278,397505.8301499996,340206.8210500001,440859.5138499996,394788.0495600003
2026-10-07T16:14:54.890128+00:00,obs-20261007-01,LIGHT,FILUSDT,1.0,1.0416,1.0417,1.0416500000000002,0.9600614439331245,9894624887,1.0416,1.0417,350,74,378228.24226099986,229900.5700449999,357269.9556999998,247983.79064800014,2630.7097430000003,3118.619221,97653.548192,67028.826652,178679.55481799998,147124.96792399997,257921.06914600002,233279.01621199993,334626.44763799995,329970.75551399984
2026-10-07T16:14:54.890128+00:00,obs-20261007-01,LIGHT,ALGOUSDT,1.0,0.1162,0.1163,0.11624999999999999,8.60585197934638,5664230056,0.1162,0.1163,173,2,136995.84870000003,40144.632099999995,124633.6556,44811.42730000002,212.5298,601.1547,52479.4657,19949.3534,106534.91930000001,62417.5362,164603.54970000003,99312.3895,207325.89540000004,118714.23589999999
2026-10-07T16:14:54.890128+00:00,obs-20261007-01,LIGHT,XRPUSDT,1.0,1.436,1.4361,1.4360499999999998,0.6963788300828888,26676289216,1.436,1.4361,433,85,2288833.9600600014,1786988.5234500007,2034971.2355500006,1884585.3382799993,45770.388699999996,65990.14993,1181829.2890100002,759372.60808,1709664.68115,1147793.82233,2535610.3249500003,2599522.09479,3457228.3542900006,2817256.6425
2026-10-07T16:14:54.890128+00:00,obs-20261007-01,LIGHT,HBARUSDT,1.0,0.09328,0.09329,0.093285,1.0720411663811547,8392502503,0.09328,0.09329,279,24,319933.80702999997,361883.6153999999,295727.32142999995,379562.9489399999,3756.9240000000004,4330.53611,125038.17773000001,130573.59573000002,231275.37197000004,258354.2274800001,403178.16735999996,406705.8167900001,772551.09067,776612.8144100002
2026-10-07T16:15:54.890173+00:00,obs-20261007-01,LIGHT,PEPEUSDT,1.0,4.06e-06,4.07e-06,4.065e-06,24.630541871921707,8827808565,4.06e-06,4.07e-06,172,21,137599.16912821002,141211.13404493,121039.17861081004,128066.05399379999,40625.9826399,5227.52509807,113429.90910748001,115799.33026079,249342.42970858002,268722.84682559,533059.34697196,612221.8368454999,851389.6434848701,769308.45335426
2026-10-07T16:15:54.890173+00:00,obs-20261007-01,LIGHT,BNBUSDT,1.0,771.56,771.57,771.565,0.12960754834479005,20908747765,771.56,771.57,479,212,4785449.984690001,5303591.499669998,4813852.5894599985,5069853.305149998,10635.579730000003,14690.25716,755074.5630500001,1214598.56243,1487998.181270001,2808597.716020001,3108165.336670004,4380429.245250003,5569555.955160006,5851693.243100002
2026-10-07T16:15:54.890173+00:00,obs-20261007-01,LIGHT,AAVEUSDT,1.0,172.09,172.1,172.095,0.58109128943995,10438832412,172.09,172.1,271,30,304516.37684999994,411744.2756800001,302643.8107300001,383169.8838200001,614.8524299999999,1224.4379000000001,161980.06265000004,109997.12117,233613.50137,168026.93877999994,291183.77252,233534.64879999997,809515.7914000002,263600.82342
2026-10-07T16:15:54.890173+00:00,obs-20261007-01,LIGHT,AVAXUSDT,1.0,11.303,11.304,11.3035,0.8847208705642373,10518349283,11.303,11.304,473,141,1312537.2738500002,2253483.872329999,1328845.3683099996,2210303.6657700017,10847.34968,29045.18371999999,178350.06647,153997.31941,333933.16948,244726.76887,382773.9312099997,381272.5217900001,425438.85909999977,436291.14656000026
2026-10-07T16:15:54.890173+00:00,obs-20261007-01,LIGHT,FILUSDT,1.0,1.0425,1.0426,1.0425499999999999,0.9592326139085117,9894629022,1.0425,1.0426,403,123,409149.7374830003,328892.0344400001,391258.75115599984,348239.1040960001,3022.862852,5861.811292999999,102528.53787500001,88484.727637,186209.923939,158288.29984999998,269385.36406200007,225927.22092999998,340516.1192649999,318504.619054
2026-10-07T16:15:54.890173+00:00,obs-20261007-01,LIGHT,ALGOUSDT,1.0,0.1163,0.1164,0.11635000000000001,8.598452278589797,5664230840,0.1163,0.1164,197,2,110942.2218,58337.35250000001,106805.40660000002,53430.916399999995,0.0,403.0109,65075.4508,34010.0985,115031.021,77269.2126,167185.2488,106025.62310000001,210133.78840000002,124044.28719999998
2026-10-07T16:15:54.890173+00:00,obs-20261007-01,LIGHT,XRPUSDT,1.0,1.4367,1.4368,1.43675,0.6960395350463777,26676295434,1.4367,1.4368,464,99,3423879.96969,4034002.057570002,3694827.16098,3890534.6432099994,30837.070569999996,51645.374540000004,968240.5164000001,822853.7715400003,1439497.74971,1293752.9496299997,2258382.6971600004,2759194.7898800005,3155005.24946,2980422.0566400015
2026-10-07T16:15:54.890173+00:00,obs-20261007-01,LIGHT,HBARUSDT,1.0,0.0933,0.09331,0.093305,1.0718113612018243,8392504946,0.0933,0.09331,309,31,502366.58188000007,522776.4426900001,508181.63262999995,522916.37581,5441.02553,2627.9271999999996,143088.31088,127920.02365999999,238026.84646000003,253464.30638000002,397523.2111499998,407228.50793,771687.7560599998,776485.72866
2026-10-07T16:16:54.926291+00:00,obs-20261007-01,LIGHT,PEPEUSDT,1.0,4.06e-06,4.07e-06,4.065e-06,24.630541871921707,8827809022,4.06e-06,4.07e-06,133,21,198907.14055055004,129043.05890768001,65636.55014197002,240029.59681933004,3.67585498,9233.099008649999,112662.47499262,75854.22786161,306437.08026202,245139.80280856998,666329.93738054,501235.2989338499,983733.02482455,672582.1464993899
2026-10-07T16:16:54.926291+00:00,obs-20261007-01,LIGHT,BNBUSDT,1.0,771.7,771.71,771.705,0.12958403524665485,20908752422,771.7,771.71,450,128,1378638.9352599997,1369132.79363,1316482.2768399997,1448461.3682300001,3654.6420499999995,158307.07551999995,824979.4831699998,1286490.3772999998,1528431.6660000004,2806779.297310002,3168556.6128900023,4302337.525280005,5610574.272460004,5828418.837040002
2026-10-07T16:16:54.926291+00:00,obs-20261007-01,LIGHT,AAVEUSDT,1.0,172.09,172.1,172.095,0.58109128943995,10438835882,172.09,172.1,319,53,1199991.1367500008,526017.6809300001,1208093.04854,516775.8204000001,4668.309190000001,2307.63463,154930.19030000002,116831.66485999999,226389.56786,172688.3109599999,285083.84897000005,242776.50932999986,801500.1393600001,272842.68395
2026-10-07T16:16:54.926291+00:00,obs-20261007-01,LIGHT,AVAXUSDT,1.0,11.309,11.31,11.3095,0.8842514811213675,10518355813,11.31,11.311,418,91,978831.8100299996,1803208.8876600012,943623.1768600008,1817227.681309999,4945.29637,22241.311450000005,200430.38040999995,147178.09636999998,356480.69746,245673.94879999993,416346.2492999996,369375.88670000003,485357.1582099997,417650.3202200002
2026-10-07T16:16:54.926291+00:00,obs-20261007-01,LIGHT,FILUSDT,1.0,1.0424,1.0425,1.04245,0.9593246354566709,9894631860,1.0424,1.0425,355,62,331871.877292,205379.72640499996,333478.1526819997,218504.52145000006,2304.9841850000003,5300.245054999999,100328.372878,72792.03419700002,199944.684456,144874.60485099998,267904.0863030001,212792.29698699998,338902.550265,305508.2052140001
2026-10-07T16:16:54.926291+00:00,obs-20261007-01,LIGHT,ALGOUSDT,1.0,0.1164,0.1165,0.11645,8.59106529209619,5664231518,0.1164,0.1165,178,5,50941.665700000005,51006.9094,42282.27090000001,57270.4179,6.978,503.43000000000006,57561.516599999995,35926.676,130605.1657,71552.05750000001,172057.32840000003,101533.99380000001,217516.38750000007,118051.27189999999
2026-10-07T16:16:54.926291+00:00,obs-20261007-01,LIGHT,XRPUSDT,1.0,1.4374,1.4375,1.4374500000000001,0.6957005704744113,26676300546,1.4374,1.4375,540,95,2365770.2409299994,2160132.9449300007,2109164.6629399993,2323706.363470001,33567.88930999999,232498.85235000003,1114005.9571500001,846410.4778899999,1629923.4461700006,1146537.6350000002,2454942.5295800013,2603072.6985100005,3401244.085490002,2818433.261120002
2026-10-07T16:16:54.926291+00:00,obs-20261007-01,LIGHT,HBARUSDT,1.0,0.09335,0.09336,0.093355,1.0712372790577795,8392506376,0.09335,0.09336,270,33,210909.04071999996,216596.16951999988,192051.75314999995,225750.4863599999,4642.988199999999,4782.82047,134907.97553,144023.59952,254135.61495,253316.22592000006,411057.1997899998,398621.8198100001,790082.99109,767364.05856
2026-10-07T16:17:54.940226+00:00,obs-20261007-01,LIGHT,PEPEUSDT,1.0,4.06e-06,4.07e-06,4.065e-06,24.630541871921707,8827809563,4.06e-06,4.07e-06,129,17,258129.4106718,171732.12906843,265113.45713757,113617.03835086997,97.55940866,1385.9111252799999,133477.86658514,33258.30691667,292661.72443409,215730.23264939,659345.8909147701,559350.3896514099,1002842.0870748902,764712.7502166999
2026-10-07T16:17:54.940226+00:00,obs-20261007-01,LIGHT,BNBUSDT,1.0,771.72,771.73,771.725,0.12958067692858677,20908758981,771.72,771.73,422,171,2982856.6447500004,2601863.021669999,3119064.47778,2775458.298509999,35204.07909000001,5979.460499999999,710180.6633399996,1123041.2157799997,1431415.5026500002,2634100.2949100016,3016023.628810002,4129711.8593600024,5492539.228060005,5649401.21426
2026-10-07T16:17:54.940226+00:00,obs-20261007-01,LIGHT,AAVEUSDT,1.0,172.18,172.19,172.185,0.5807875479146851,10438837773,172.18,172.19,238,53,253423.0407800001,472662.0024800001,249003.44647000008,534472.8288200003,10523.09697,2796.528510000001,126161.91525,61078.22528000001,218921.12831000012,120976.50202999999,283864.48231,180020.14634000006,799250.2026500002,207835.21113000007
2026-10-07T16:17:54.940226+00:00,obs-20261007-01,LIGHT,AVAXUSDT,1.0,11.319,11.32,11.319500000000001,0.8834702712245956,10518362366,11.319,11.32,406,89,1167629.0104299993,1667805.275749999,1129505.9970199997,1697401.4517899996,16792.54881,8209.29634,235283.20462000006,148368.30339,348773.66339,239029.9595799999,454264.0647399997,340013.52002000023,532626.5154099998,391950.0629800002
2026-10-07T16:17:54.940226+00:00,obs-20261007-01,LIGHT,FILUSDT,1.0,1.0421,1.0422,1.04215,0.959600806065275,9894635241,1.0421,1.0422,351,103,458669.8040919999,265900.0235680002,463691.91899400007,259137.81206899995,4033.0145170000023,6389.522280000002,95174.35117400002,68322.76523799999,184522.951768,144638.606907,263249.74116000003,215317.65640599997,337457.92412999994,311653.18154799996
2026-10-07T16:17:54.940226+00:00,obs-20261007-01,LIGHT,ALGOUSDT,1.0,0.1164,0.1165,0.11645,8.59106529209619,5664232417,0.1164,0.1165,187,3,58039.1712,56673.515,59075.450999999994,61696.708,1195.4477,137.4387,47445.9449,38618.559,118454.217,69511.9326,171021.0486,96763.288,216479.99280000007,113280.56609999998
2026-10-07T16:17:54.940226+00:00,obs-20261007-01,LIGHT,XRPUSDT,1.0,1.4384,1.4385,1.43845,0.6952169076757109,26676305137,1.4384,1.4385,477,99,2898563.148400001,2401233.5833499995,2544290.58488,2543514.56832,65864.51480000002,34511.92268999999,1422127.16833,865102.6059900003,1931587.2106100002,1136384.4446700006,2802364.0986400014,2516166.4998000013,3709806.7654100023,2687951.9682400017
2026-10-07T16:17:54.940226+00:00,obs-20261007-01,LIGHT,HBARUSDT,1.0,0.09345,0.09346,0.09345500000000001,1.0700909577310291,8392508066,0.09345,0.09346,207,24,597556.7910100004,395619.29532000003,595558.9330999999,462418.36803,5123.16029,5692.364889999999,104466.17422,113777.01427999997,193258.16939999998,201872.77452999997,402111.17271999986,343605.52290000004,792605.6096699999,711440.4670000002
2026-10-07T16:18:54.943956+00:00,obs-20261007-01,LIGHT,PEPEUSDT,1.0,4.06e-06,4.07e-06,4.065e-06,24.630541871921707,8827809948,4.06e-06,4.07e-06,158,23,138175.80774890003,134981.89180595,131329.56195672002,78816.72264301998,24.28705804,1469.6708909300003,118089.11687062,88870.74915521,299512.49929942004,271477.04137697,666192.1367069501,615515.5588143399,1002110.5117171401,772638.7818747099
2026-10-07T16:18:54.943956+00:00,obs-20261007-01,LIGHT,BNBUSDT,1.0,771.68,771.69,771.685,0.12958739374013817,20908766302,771.68,771.69,451,162,1751532.4994300005,1793568.14155,1639201.2793899993,1654353.5831200003,8203.102980000003,7418.235670000001,821464.4310599994,1256469.8828899998,1540818.4476299998,2772547.818430002,3144745.701320001,4267775.983560005,5608963.522040004,5788346.453300001
2026-10-07T16:18:54.943956+00:00,obs-20261007-01,LIGHT,AAVEUSDT,1.0,172.24,172.25,172.245,0.5805852299101133,10438840271,172.24,172.25,297,42,1076284.5795000002,470815.9636299996,1077463.7055700007,459762.22417000023,2349.9174699999994,1557.8552100000004,97128.24768999999,69481.23153999998,213002.11130000002,133839.87254999997,276265.0505499999,191597.27295,791802.7696,221065.12823
2026-10-07T16:18:54.943956+00:00,obs-20261007-01,LIGHT,AVAXUSDT,1.0,11.317,11.318,11.317499999999999,0.8836264027567431,10518369522,11.317,11.318,411,101,1096715.1119799996,1758847.3966699995,1130207.0388499994,1759135.8973699992,7029.317659999998,39826.766110000004,188952.15257999997,134577.55311,327420.50671,236500.03078999996,420801.9451599997,339688.4369200002,535826.8586299998,391670.0547200002
2026-10-07T16:18:54.943956+00:00,obs-20261007-01,LIGHT,FILUSDT,1.0,1.041,1.0411,1.0410499999999998,0.9606147934682063,9894638827,1.041,1.0411,362,114,371486.96519799996,316008.08302999986,396906.53146100004,272820.955545,3708.0051740000026,5541.158711,95624.11010399999,69403.018974,191012.46252399997,155920.478783,247865.41609999997,253780.10916799997,319869.0814189998,348043.5737319999
2026-10-07T16:18:54.943956+00:00,obs-20261007-01,LIGHT,ALGOUSDT,1.0,0.1164,0.1165,0.11645,8.59106529209619,5664233299,0.1164,0.1165,192,4,38292.71119999998,50118.31350000002,37963.656999999985,40694.5927,186.0029,10.019,51475.6714,44065.3151,119276.3639,78804.9227,171350.10280000002,106187.0088,216809.04700000008,122704.28689999998
2026-10-07T16:18:54.943956+00:00,obs-20261007-01,LIGHT,XRPUSDT,1.0,1.4383,1.4384,1.4383499999999998,0.6952652436909013,26676311182,1.4383,1.4384,468,120,3475443.06755,3668684.8866300005,3511409.232529999,3665050.8259700015,130368.1302200001,243448.52397999997,1470323.1279500006,826090.9550300001,1907172.6261100008,1139338.4596100005,2766917.301210002,2520271.024270002,3678287.150660002,2692085.201990002
2026-10-07T16:18:54.943956+00:00,obs-20261007-01,LIGHT,HBARUSDT,1.0,0.09344,0.09345,0.093445,1.0702054794520244,8392510096,0.09344,0.09345,296,28,276437.19795000006,519889.60034000035,271743.3817500003,502641.5224200001,6416.11571,3691.28127,122635.76143,123482.15230999999,238242.92452999996,219904.01800999997,411897.6598000001,359827.5014599999,797327.2661900001,728679.1320000001
2026-10-07T16:19:55.079417+00:00,obs-20261007-01,LIGHT,PEPEUSDT,1.0,4.06e-06,4.07e-06,4.065e-06,24.630541871921707,8827810376,4.06e-06,4.07e-06,194,18,94753.61715382001,27963.011070539997,107881.47966052999,178361.04363016004,61.804864380000005,3037.885313759999,133443.71534704,39765.47457311,286445.07458869,208958.98401815,653064.27420024,465117.52625472,970132.8845272,667508.84224493
2026-10-07T16:19:55.079417+00:00,obs-20261007-01,LIGHT,BNBUSDT,1.0,771.66,771.67,771.665,0.12959075240459583,20908772717,771.66,771.67,471,146,1877877.2316700001,2055718.441689999,1891067.7004800008,2044691.3421599993,24274.649559999998,20178.153959999992,810137.2148599995,1128739.1261499997,1532512.7285500003,2785316.7204600014,3131625.515910002,4278254.385710005,5599238.666480005,5796564.418930003
2026-10-07T16:19:55.079417+00:00,obs-20261007-01,LIGHT,AAVEUSDT,1.0,172.34,172.35,172.345,0.5802483462913344,10438842129,172.34,172.35,240,29,1131429.7212000012,539061.35965,1026553.6885900004,550715.9711799999,656.54974,2568.641290000001,196144.98484999998,77130.83012,306246.94689,134614.61524,370414.14422000013,185192.59240000005,894323.0639600003,210871.71286
2026-10-07T16:19:55.079417+00:00,obs-20261007-01,LIGHT,AVAXUSDT,1.0,11.331,11.332,11.3315,0.8825346394858435,10518376604,11.331,11.332,424,123,1063596.1122800002,2009708.0693399985,1043371.2888900001,2006016.9737900002,32451.952189999996,52645.91823000003,188814.98825000005,183846.18072000003,264150.03259000013,259491.56293000004,439974.92300999974,346613.77794000035,545197.4611599998,402494.4344700003
2026-10-07T16:19:55.079417+00:00,obs-20261007-01,LIGHT,FILUSDT,1.0,1.0419,1.042,1.04195,0.9597850081588533,9894642110,1.0419,1.042,365,120,332440.778084,257339.25767199998,298284.90426300006,285372.5403069998,3334.0125589999966,3276.381830999999,99964.028538,90299.60155,176203.989083,163623.884276,275564.389282,230427.04677599997,349267.32868899975,323169.127536
2026-10-07T16:19:55.079417+00:00,obs-20261007-01,LIGHT,ALGOUSDT,1.0,0.1165,0.1166,0.11655,8.58369098712286,5664234372,0.1165,0.1166,214,3,77468.8049,57229.220500000025,87472.97730000003,62489.59130000003,0.0,591.4362000000001,41615.0314,43917.7659,104746.0708,78876.8137,153322.54929999998,108985.79239999998,191738.57890000002,122437.56529999996
2026-10-07T16:19:55.079417+00:00,obs-20261007-01,LIGHT,XRPUSDT,1.0,1.4385,1.4386,1.43855,0.6951685783818107,26676315407,1.4385,1.4386,413,58,2547471.62106,2898257.725310002,2903500.62321,2720661.8689599996,60188.07223999998,40275.260709999995,1202640.86194,1032093.07021,1710250.2036800005,1328447.0066500006,2410142.968540002,2699439.9264900004,3319586.3252000026,2883644.3252400015
2026-10-07T16:19:55.079417+00:00,obs-20261007-01,LIGHT,HBARUSDT,1.0,0.09348,0.09349,0.093485,1.0697475395815559,8392511829,0.09348,0.09349,312,17,390004.31612000027,201239.51011000003,388731.72973,207513.57363,2344.55623,3020.31092,122433.91414,130487.87869,196687.80298999994,220215.3905899999,406966.7759699999,355254.9684899999,800551.4182299997,722878.2814600001
2026-10-07T16:20:55.079496+00:00,obs-20261007-01,LIGHT,PEPEUSDT,1.0,4.07e-06,4.08e-06,4.075e-06,24.57002457002533,8827810957,4.07e-06,4.08e-06,206,25,419783.7120544099,598791.5116665203,270976.5308014499,647694.90311646,0.0,4029.416051910001,77368.02223711,132576.65859335999,271514.03499907,265659.70519954,621982.6762675,512335.3176551,976093.11062054,671678.57977549
2026-10-07T16:20:55.079496+00:00,obs-20261007-01,LIGHT,BNBUSDT,1.0,771.47,771.48,771.475,0.12962266841221037,20908778731,771.47,771.48,436,141,1330076.5713799992,1577788.3260699993,1458087.2479200005,1860852.5538599992,5437.3722000000025,6262.25978,708632.3828800002,909380.1148499994,1391995.9762800005,2421467.3489700025,3008032.1147300024,3994099.9611400035,5481273.298660003,5455110.754320003
2026-10-07T16:20:55.079496+00:00,obs-20261007-01,LIGHT,AAVEUSDT,1.0,172.41,172.42,172.415,0.5800127602806349,10438844725,172.41,172.42,286,43,1529976.1287200006,684626.5789300003,1538286.2867400006,681091.7531500001,1369.4170900000004,3855.1113399999995,234604.66934,106296.80255999997,284025.79425,141479.45667999997,359985.21696000005,188534.40553000002,883603.2029200002,214843.23481999995
2026-10-07T16:20:55.079496+00:00,obs-20261007-01,LIGHT,AVAXUSDT,1.0,11.335,11.336,11.3355,0.8822232024696675,10518382707,11.335,11.336,396,83,950080.3023599994,1644507.370229999,1000411.6527800002,1628155.7342600003,25373.3741,13646.501119999999,141068.35082999998,163433.83398000008,279114.63646,245055.78092000008,379884.5046499998,365634.5206200003,484969.18655999965,421709.10740000027
2026-10-07T16:20:55.079496+00:00,obs-20261007-01,LIGHT,FILUSDT,1.0,1.0423,1.0424,1.0423499999999999,0.9594166746618171,9894645570,1.0423,1.0424,378,105,428045.0478069999,289452.973868,419918.102673,300892.19951299997,5083.572708,3992.2609249999996,95796.623842,91690.88298800001,189604.57613199996,169355.55999399995,279752.093063,223261.17294499988,353892.0860749997,319604.0922729999
2026-10-07T16:20:55.079496+00:00,obs-20261007-01,LIGHT,ALGOUSDT,1.0,0.1165,0.1166,0.11655,8.58369098712286,5664234613,0.1165,0.1166,116,1,27919.85239999999,11205.935999999998,29577.1898,10601.9099,0.0,19.938599999999997,45529.8832,48043.072499999995,103466.4157,79384.93579999999,151665.2119,109589.81849999998,189617.4671,123041.44999999995
2026-10-07T16:20:55.079496+00:00,obs-20261007-01,LIGHT,XRPUSDT,1.0,1.4382,1.4383,1.43825,0.6953135864273818,26676320692,1.4382,1.4383,438,99,2779319.0557599994,2700215.87155,2935028.72374,2676089.5812300006,68999.66953000001,88829.82934000003,1076351.52446,1017124.52635,1586262.5435900004,1346580.2472800005,2257648.8128000014,2724847.194410001,3155973.5803400017,2908742.0778600015
2026-10-07T16:20:55.079496+00:00,obs-20261007-01,LIGHT,HBARUSDT,1.0,0.0935,0.09351,0.093505,1.0695187165765674,8392513446,0.0935,0.09351,262,27,688608.71425,252087.61245000013,690498.4192899995,257592.66129000005,2497.5922899999996,4235.61571,136534.16275000005,135732.76010999997,251327.83771000005,209674.33181999996,405033.29004999995,350222.97406999994,796007.67274,718214.5385200001
2026-10-07T16:21:55.083891+00:00,obs-20261007-01,LIGHT,PEPEUSDT,1.0,4.06e-06,4.07e-06,4.065e-06,24.630541871921707,8827811623,4.06e-06,4.07e-06,173,22,318551.5442309001,288793.80420232005,429758.3105224601,214310.22717275994,9090.079603619999,28566.10074946,143272.25058832,41043.14180989,305347.26167512,215894.01763957,636059.3601587401,481051.1350512,942689.00366744,771555.4891460399
2026-10-07T16:21:55.083891+00:00,obs-20261007-01,LIGHT,BNBUSDT,1.0,771.56,771.57,771.565,0.12960754834479005,20908786291,771.56,771.57,465,143,2841426.0113999993,1887923.5636400008,2697565.9014699976,1861163.1923500004,6784.477149999999,10533.703540000008,740994.5921900003,902483.14451,1475445.0149900008,2434194.497790003,3149132.6103500025,4021443.195270004,5617152.697950002,5484490.721430004
2026-10-07T16:21:55.083891+00:00,obs-20261007-01,LIGHT,AAVEUSDT,1.0,172.35,172.36,172.35500000000002,0.5802146794331442,10438846698,172.35,172.36,269,35,1547315.4307000008,388341.8661899999,1543447.29896,433509.8274399999,1580.9658900000002,1001.70189,217041.839,64747.87470000001,290810.41383,100139.71518,361983.22714,143353.38722000003,884025.3322500003,169371.20706
2026-10-07T16:21:55.083891+00:00,obs-20261007-01,LIGHT,AVAXUSDT,1.0,11.346,11.347,11.346499999999999,0.8813678829544536,10518389518,11.346,11.347,408,116,1142336.89552,1866534.686300001,1084803.5294300003,1874154.4765899996,42346.46939999999,16482.71302,162799.09501000002,185851.38289,313766.45256000006,328500.95988,436946.2345899998,359150.8099000003,533618.6831199998,416510.7438600002
2026-10-07T16:21:55.083891+00:00,obs-20261007-01,LIGHT,FILUSDT,1.0,1.0419,1.042,1.04195,0.9597850081588533,9894647551,1.0414,1.0415,308,88,168933.565729,148272.89441500005,181118.80181799998,137846.07762799997,5134.976899000001,6330.598524,96753.072753,87234.26396100002,188989.023539,166784.08085700002,271655.029847,233639.99537400005,361257.2454399998,326219.6576690001
2026-10-07T16:21:55.083891+00:00,obs-20261007-01,LIGHT,ALGOUSDT,1.0,0.1164,0.1165,0.11645,8.59106529209619,5664235083,0.1164,0.1165,123,3,49540.129199999996,30381.780699999992,51597.3601,30049.601200000005,1081.9355,9.9025,44529.096399999995,30303.324,110638.3879,72604.21310000001,157631.3621,101862.84360000002,202179.98820000002,123105.2613
2026-10-07T16:21:55.083891+00:00,obs-20261007-01,LIGHT,XRPUSDT,1.0,1.4381,1.4382,1.4381499999999998,0.695361935887373,26676324631,1.4381,1.4382,461,64,2672915.6952999993,2502183.700719998,2528741.4275199994,2506911.8572499985,43033.72876,30776.304080000005,1092825.6004900003,941456.9470600003,1752753.218470001,1475191.102440001,2402007.6050600023,2719632.3535200013,3360624.780960003,2903972.498230002
2026-10-07T16:21:55.083891+00:00,obs-20261007-01,LIGHT,HBARUSDT,1.0,0.09346,0.09347,0.09346499999999999,1.069976460517097,8392515346,0.09346,0.09347,285,33,286445.49689999997,429131.7669599999,298258.3496299999,414213.63725999993,3826.4384300000006,3259.79099,125205.36913,122328.43319,227864.21471,222453.84796,393904.78007999976,364000.26375,787539.0711099997,733337.5960200002
2026-10-07T16:22:55.113150+00:00,obs-20261007-01,LIGHT,PEPEUSDT,1.0,4.06e-06,4.07e-06,4.065e-06,24.630541871921707,8827812325,4.06e-06,4.07e-06,177,24,378741.64481436997,241269.85777080007,354220.7899660299,206888.92427418003,11914.598810680001,7225.030281799997,130120.33500788,88989.79061533,299985.15564293,251269.12972908997,638486.8325078401,510603.78015629994,946736.9409742701,770226.33377343
2026-10-07T16:22:55.113150+00:00,obs-20261007-01,LIGHT,BNBUSDT,1.0,771.41,771.42,771.415,0.12963275041855127,20908794909,771.41,771.42,467,174,2128638.6492899996,2559143.4828500035,1994190.3152099992,2429813.742209998,15417.044260000004,12639.270980000001,855515.99665,1073240.17334,1610838.7385700003,2575204.177620002,3286598.7080100016,4150079.432420003,5832591.832770001,5612364.219630001
2026-10-07T16:22:55.113150+00:00,obs-20261007-01,LIGHT,AAVEUSDT,1.0,172.39,172.4,172.39499999999998,0.5800800510491477,10438849446,172.39,172.4,323,54,1961058.5680200001,658882.74804,2053997.6476700003,580444.0823900002,3459.60248,3794.269420000001,87376.96856000001,117432.72178999998,178858.86387,158809.6614899999,269433.1390299999,222057.6564299999,793573.9431100001,248077.47062999985
2026-10-07T16:22:55.113150+00:00,obs-20261007-01,LIGHT,AVAXUSDT,1.0,11.343,11.344,11.343499999999999,0.881600987392428,10518396403,11.343,11.344,434,124,1173640.9574699996,1922470.377270002,1174949.4477399997,1878460.2861800003,37094.04745,26783.649289999998,161446.05589000005,168429.71636999995,345642.23844999995,260471.55097999988,436041.2311199996,403126.4124100001,532598.1835399996,461292.09408000007
2026-10-07T16:22:55.113150+00:00,obs-20261007-01,LIGHT,FILUSDT,1.0,1.0413,1.0414,1.04135,0.9603380389910932,9894651276,1.0413,1.0414,383,79,424396.36662800016,327638.7997209998,433132.13618600025,316609.4201340001,5226.299967000002,2063.123109,96287.673279,79687.02338,195363.01597199996,165676.84479400006,269469.3673429999,240286.039297,356507.3580509998,338108.703929
2026-10-07T16:22:55.113150+00:00,obs-20261007-01,LIGHT,ALGOUSDT,1.0,0.1165,0.1166,0.11655,8.58369098712286,5664236074,0.1165,0.1166,215,8,139902.92500000002,55446.96299999999,139671.87239999996,60500.10680000004,85.6856,5425.1855,39739.3214,43946.3828,91639.8447,76835.55020000001,149839.0336,104868.8542,187791.7468,118067.68689999999
2026-10-07T16:22:55.113150+00:00,obs-20261007-01,LIGHT,XRPUSDT,1.0,1.4379,1.438,1.4379499999999998,0.6954586549823283,26676331389,1.4379,1.438,482,122,4269668.116070002,4253184.891420003,4073479.5290499995,4284968.68558,44445.16039999998,60513.802970000026,1390760.47778,790008.9071300002,1977006.1997700003,1443652.2484700007,2598272.641780001,2688083.7025700007,3592739.0654500006,2873047.8316500015
2026-10-07T16:22:55.113150+00:00,obs-20261007-01,LIGHT,HBARUSDT,1.0,0.09346,0.09347,0.09346499999999999,1.069976460517097,8392517743,0.09346,0.09347,333,26,382605.4738800001,330193.4170400001,409259.07482,317456.12878999993,2495.74654,3497.5108900000005,114229.38979,130042.77033000001,215610.91791999995,234568.51466000002,367251.17913999973,376737.55199999997,760885.4201699997,746074.8842700002
2026-10-07T16:23:55.116667+00:00,obs-20261007-01,LIGHT,PEPEUSDT,1.0,4.06e-06,4.07e-06,4.065e-06,24.630541871921707,8827812723,4.06e-06,4.07e-06,136,14,69471.59501664,97873.88675986997,40629.776464909984,84582.08400770999,28.82014548,13018.788474889998,127437.5597103,91763.18163111,309802.68881325005,264307.44348375,667328.65105957,523895.58290845994,956200.39540447,769106.5517548899
2026-10-07T16:23:55.116667+00:00,obs-20261007-01,LIGHT,BNBUSDT,1.0,771.22,771.23,771.225,0.12966468711850254,20908797988,771.22,771.23,404,96,1234218.9459,1632387.3715800003,1219853.9843300001,1576667.3473699999,12682.506490000002,5861.19262,1029202.9284699997,959923.6313899996,1630376.4904799995,2621961.41992,3303588.364290001,4154046.170230002,5872246.604150005,5610528.567900002
2026-10-07T16:23:55.116667+00:00,obs-20261007-01,LIGHT,AAVEUSDT,1.0,172.4,172.41,172.405,0.5800464037108988,10438850808,172.4,172.41,212,21,1142904.06493,471665.88823000004,1123886.54537,499624.51701999997,485.18958000000003,3706.9929,171512.32335999992,89462.61317000001,219810.13222999996,139588.72475999998,288434.6146699999,194099.02764,812596.7068400002,220118.84183999995
2026-10-07T16:23:55.116667+00:00,obs-20261007-01,LIGHT,AVAXUSDT,1.0,11.342,11.343,11.342500000000001,0.8816787162757578,10518401001,11.342,11.343,347,95,799937.4979000002,979799.1581399998,791091.7511799999,950627.3806599999,614.55,7491.99838,178799.28618999998,199372.82496999996,354039.24316,284959.49635,444886.97783999966,432223.3822100002,539342.0530499996,489815.5190800002
2026-10-07T16:23:55.116667+00:00,obs-20261007-01,LIGHT,FILUSDT,1.0,1.0416,1.0417,1.0416500000000002,0.9600614439331245,9894653570,1.0416,1.0417,309,68,235385.16927500008,143791.35802299992,236553.73089399992,157077.67925700004,7008.158969999999,6436.095961000001,96248.40775700002,72235.33398700002,185530.018369,155706.71494000003,267919.63326299994,227244.085399,360255.2328399999,328346.84974300006
2026-10-07T16:23:55.116667+00:00,obs-20261007-01,LIGHT,ALGOUSDT,1.0,0.1165,0.1166,0.11655,8.58369098712286,5664236514,0.1165,0.1166,125,4,72552.83179999999,27533.405899999994,66675.30009999998,27803.11639999999,177.19650000000001,1545.6496,48253.841700000004,42932.1584,98675.681,76440.8955,155716.5653,104599.1437,193207.729,118050.65739999998
2026-10-07T16:23:55.116667+00:00,obs-20261007-01,LIGHT,XRPUSDT,1.0,1.4376,1.4377,1.43765,0.6956037840843976,26676334167,1.4376,1.4377,418,58,1276794.4412200004,1670911.91724,1544023.0675000006,1616203.53505,42503.97466000001,74131.66169000001,1148289.9586,904378.32116,1716112.6289100002,1371944.90291,2331876.2570600007,2742644.68373,3348528.97766,2926677.5515300008
2026-10-07T16:23:55.116667+00:00,obs-20261007-01,LIGHT,HBARUSDT,1.0,0.09344,0.09345,0.093445,1.0702054794520244,8392518810,0.09344,0.09345,207,11,147810.07634999996,123475.79038999997,133378.10601999995,116139.48285999996,2253.19553,2778.70453,120982.50850000003,134377.91886,231171.18009999994,240540.45501,387246.0578099998,383040.1145799999,775353.6570999997,753383.5461
2026-10-07T16:24:55.129645+00:00,obs-20261007-01,LIGHT,PEPEUSDT,1.0,4.05e-06,4.06e-06,4.055e-06,24.691358024691024,8827813680,4.05e-06,4.06e-06,203,37,316749.33443705016,343912.87016833003,460344.05907188996,286598.3911766699,21790.59904532,1272.40806277,162473.50576215002,54526.59713634,320078.30418287,204714.78443274,633155.49724119,440493.65007872,925089.96213849,779714.1853112701
2026-10-07T16:24:55.129645+00:00,obs-20261007-01,LIGHT,BNBUSDT,1.0,770.55,770.56,770.555,0.12977743170550227,20908807704,770.55,770.56,464,212,4372894.918380001,4490337.720369998,4762594.367509994,4479643.29568,48899.57814,13143.358339999999,841456.1711099998,936928.3879600003,1507337.4716499997,2403293.7350199996,3264055.849,4041066.7242500028,5846318.584370009,5465719.2692800015
2026-10-07T16:24:55.129645+00:00,obs-20261007-01,LIGHT,AAVEUSDT,1.0,172.21,172.22,172.215,0.5806863712898291,10438854042,172.21,172.22,365,67,2810040.84306,748856.9907299998,2707756.306890002,746688.0612199996,9451.897820000002,1822.4655699999998,211820.96145999996,80059.31216000002,320177.2739699999,125537.75624000005,405836.0082199999,189562.26241999998,918989.7880300002,221549.42210999998
2026-10-07T16:24:55.129645+00:00,obs-20261007-01,LIGHT,AVAXUSDT,1.0,11.315,11.316,11.3155,0.8837825894847384,10518408726,11.315,11.316,418,122,1285937.1750899989,2048918.1446100008,1373301.0923599987,1928735.676899999,24089.764909999998,39213.83163999998,143727.32232000004,185438.09261000005,304614.26229000004,353812.12974999996,359163.34439,535801.65614,472827.41381999984,594566.6191099999
2026-10-07T16:24:55.129645+00:00,obs-20261007-01,LIGHT,FILUSDT,1.0,1.0388,1.0389,1.03885,0.9626492106273865,9894657607,1.0388,1.0389,403,131,464368.6436209998,347233.400036,512928.60550999985,290828.2201630001,11907.908779999996,5212.270608999999,93360.01171400002,94016.51715399999,171119.68265400003,163803.70289799993,248010.87324799996,270587.82335699984,338321.449459,351291.11610099964
2026-10-07T16:24:55.129645+00:00,obs-20261007-01,LIGHT,ALGOUSDT,1.0,0.1164,0.1165,0.11645,8.59106529209619,5664237215,0.1164,0.1165,146,3,118424.19389999997,48060.78010000001,127080.61009999999,42285.34479999999,177.19650000000001,23.067,37515.8012,25008.1171,92505.5429,72057.4546,155083.5302,102315.4246,200547.35250000004,123305.16129999998
2026-10-07T16:24:55.129645+00:00,obs-20261007-01,LIGHT,XRPUSDT,1.0,1.4353,1.4354,1.4353500000000001,0.6967184560724426,26676343600,1.4353,1.4354,546,200,5832874.221189996,5849730.4837,5937826.665950005,5807438.171240003,166933.73961000008,50403.84787,886425.54324,828366.0566499999,1394341.0292899997,1374673.0558100003,2490167.6106299995,2670045.9706899994,3325130.20481,2938074.5323999994
2026-10-07T16:24:55.129645+00:00,obs-20261007-01,LIGHT,HBARUSDT,1.0,0.09321,0.09322,0.09321499999999999,1.0728462611298006,8392521965,0.09321,0.09322,307,47,754805.1187899997,1789426.2723699994,771612.2850300001,1729194.917369999,2862.2792899999995,6960.44568,119950.55808,123483.65454000002,218892.17644000004,252515.12662000005,392334.8982,431571.4679000001,761228.4559799999,805186.1497300002
2026-10-07T16:25:55.129735+00:00,obs-20261007-01,LIGHT,PEPEUSDT,1.0,4.05e-06,4.06e-06,4.055e-06,24.691358024691024,8827814624,4.05e-06,4.06e-06,211,21,202940.8076369901,234827.62069315003,221089.0691229601,207808.06950907994,3463.1535055500003,12500.526975859999,122673.39988635,89211.17164722,309760.48908011,238631.70438364,615007.2357552199,467513.20126279,914943.1936368,756029.7572280001
2026-10-07T16:25:55.129735+00:00,obs-20261007-01,LIGHT,BNBUSDT,1.0,770.66,770.67,770.665,0.12975890794963973,20908819235,770.66,770.67,499,213,7236805.303919992,6228160.246090005,7143393.682110002,6272957.954180002,13793.442840000007,18976.894150000015,919456.4342299999,963467.5262000002,1507339.7231999987,2387525.641429999,3312751.8633499993,3975547.2188900025,5946748.327050005,5463997.34308
2026-10-07T16:25:55.129735+00:00,obs-20261007-01,LIGHT,AAVEUSDT,1.0,172.15,172.16,172.155,0.5808887598024448,10438857580,172.15,172.16,378,87,2632753.2480399986,743582.1980699999,2723206.8060900006,738225.0753900004,14789.1067,4247.04173,149563.06201000002,73099.0387,239155.28395000004,129605.47811,319803.20322,192555.9625499999,842989.2056500004,224254.72719999988
2026-10-07T16:25:55.129735+00:00,obs-20261007-01,LIGHT,AVAXUSDT,1.0,11.305,11.306,11.305499999999999,0.8845643520571933,10518419114,11.305,11.306,497,170,1837121.0132799994,3033420.677700001,1754961.8982599995,3157476.320189997,22412.622510000005,30283.50664,173375.42199,180491.05651,336862.82066,291948.36279,442715.92604,408950.5532200001,557823.3518900002,464999.4028700004
2026-10-07T16:25:55.129735+00:00,obs-20261007-01,LIGHT,FILUSDT,1.0,1.037,1.0371,1.0370499999999998,0.9643201542908209,9894662816,1.037,1.0371,434,169,562044.0845919995,309852.8660439999,565367.6334569998,305948.1112419999,7362.865057000002,5494.511252999999,84515.72703400001,72784.766296,182668.01016599996,153715.01586799996,265474.03103299986,265851.88846999995,367968.1018669999,345389.4941409998
2026-10-07T16:25:55.129735+00:00,obs-20261007-01,LIGHT,ALGOUSDT,1.0,0.1164,0.1165,0.11645,8.59106529209619,5664238164,0.1164,0.1165,174,2,101656.0457,50498.1799,106805.51039999998,49479.10420000003,13.6071,116.4,27684.4128,36421.4825,101838.7153,76428.3668,149934.0655,103334.50030000001,196329.05070000002,123955.6241
2026-10-07T16:25:55.129735+00:00,obs-20261007-01,LIGHT,XRPUSDT,1.0,1.4351,1.4352,1.4351500000000001,0.6968155529230025,26676352187,1.4351,1.4352,497,154,6118436.6181700025,5330393.975180004,5714017.406379999,5506019.793,63880.105530000015,77726.14664,1143857.03124,865181.6905999999,1829858.5038899996,1351984.2965899997,2921531.447630002,2496494.38821,3717806.0638500024,2759024.7931799986
2026-10-07T16:25:55.129735+00:00,obs-20261007-01,LIGHT,HBARUSDT,1.0,0.09325,0.09326,0.093255,1.0723860589800793,8392524927,0.09325,0.09326,339,49,668652.4040100004,796286.4987299991,629848.3055900001,827016.2247500002,2217.3638400000004,9135.56471,135501.81235000002,123880.61137999999,248822.93628000005,250663.85282999996,430190.62952,402023.09993,800335.0501799998,773904.7734300001
2026-10-07T16:26:55.168353+00:00,obs-20261007-01,LIGHT,PEPEUSDT,1.0,4.05e-06,4.06e-06,4.055e-06,24.691358024691024,8827815191,4.05e-06,4.06e-06,180,15,276384.89488666016,164715.97201896005,247743.70764799014,152814.19442697,67.79621025,1362.3075235,127669.63547925,86630.56408566001,300341.83678273,249308.78575811,643648.42299389,479414.97885477997,936591.56088563,767921.53481749
2026-10-07T16:26:55.168353+00:00,obs-20261007-01,LIGHT,BNBUSDT,1.0,770.75,770.76,770.755,0.1297437560809911,20908826618,770.75,770.76,460,140,4099909.2816099995,3089979.385519999,4028808.4020399973,3072154.2727200002,9807.226069999999,5458.02432,870467.0698999995,1019732.3735100001,1575116.1739199986,2414288.2667299993,3299783.243369999,3993819.914640003,6003757.6149900025,5483821.26096
2026-10-07T16:26:55.168353+00:00,obs-20261007-01,LIGHT,AAVEUSDT,1.0,172.05,172.06,172.055,0.5812263876769919,10438859736,172.05,172.06,288,26,2930628.7906799996,494522.5025599998,2889824.61253,438531.5926099999,1071.1308800000002,697.11551,185620.80704999997,123780.65590999999,290465.4775199999,174286.27443999998,366221.17187999986,242550.4508299999,888750.12893,280174.5556
2026-10-07T16:26:55.168353+00:00,obs-20261007-01,LIGHT,AVAXUSDT,1.0,11.309,11.31,11.3095,0.8842514811213675,10518427738,11.309,11.31,473,126,1553364.3526600003,2358663.7660099985,1562610.1006599995,2339274.3606199995,10938.378700000005,10082.535920000004,221513.06371999998,185891.24329999991,394921.9343399998,291526.83676000003,435559.2714999997,428402.88087000017,548876.0658199996,484401.19429000036
2026-10-07T16:26:55.168353+00:00,obs-20261007-01,LIGHT,FILUSDT,1.0,1.0388,1.0389,1.03885,0.9626492106273865,9894666572,1.0388,1.0389,374,69,430816.8250350003,320911.77802200004,407104.41412700014,362831.6028510001,3234.261843,10004.410168,78156.54283300003,97055.833801,160041.91345200004,164206.552473,272352.084505,236629.01561399992,357302.063148,319655.72511599975
2026-10-07T16:26:55.168353+00:00,obs-20261007-01,LIGHT,ALGOUSDT,1.0,0.1164,0.1165,0.11645,8.59106529209619,5664238876,0.1164,0.1165,145,5,141193.03389999998,44324.51630000002,143671.06580000004,45476.6159,262.1923,1584.5942,24616.4611,38894.5045,88347.427,75276.2672,147456.03360000002,102182.40070000001,195282.8787000001,122803.5245
2026-10-07T16:26:55.168353+00:00,obs-20261007-01,LIGHT,XRPUSDT,1.0,1.435,1.4351,1.43505,0.6968641114979413,26676358586,1.435,1.4351,464,140,4089489.409729999,3916116.52258,4249643.57292,3891400.7584399977,61582.27160999997,58033.06392999999,1082266.39597,884612.46765,1543125.4340399997,1368600.3323599997,2761919.8497700025,2521085.3679299993,3558253.670990003,2783664.798109998
2026-10-07T16:26:55.168353+00:00,obs-20261007-01,LIGHT,HBARUSDT,1.0,0.09329,0.0933,0.09329499999999999,1.0719262514724548,8392527611,0.09329,0.0933,329,33,841350.9991999997,473458.2900699998,846526.2286200003,474280.94495999976,3915.5202699999995,3633.2326399999997,138967.04218,135304.1633,250623.24924999996,249287.00622,407774.1354100001,401980.8344200001,788998.6922899999,773142.3375700002
2026-10-07T16:27:55.190416+00:00,obs-20261007-01,LIGHT,PEPEUSDT,1.0,4.05e-06,4.06e-06,4.055e-06,24.691358024691024,8827815630,4.05e-06,4.06e-06,118,10,140352.90677851997,125297.35993293997,126147.76597594998,130402.07272289999,0.0,4643.79536572,134236.191006,83010.8386625,308751.99754264,245018.04744470998,657853.56379646,474310.26606482,950281.6649762002,762486.1369785301
2026-10-07T16:27:55.190416+00:00,obs-20261007-01,LIGHT,BNBUSDT,1.0,770.73,770.74,770.735,0.12974712285673817,20908830684,770.73,770.74,368,77,1567239.5822,1656109.71589,1669900.52431,1713360.6546799997,5153.1830800000025,21075.61296000001,835758.6322799997,907916.62737,1474057.9095899987,2346009.823919999,3200993.8273599986,3936523.0472200033,5903201.950020006,5426445.1285500005
2026-10-07T16:27:55.190416+00:00,obs-20261007-01,LIGHT,AAVEUSDT,1.0,171.96,171.97,171.965,0.5815305885081834,10438862292,171.96,171.97,323,46,1625010.5203900002,532941.22365,1663959.3531900004,571650.1275500002,2454.99911,5743.547959999999,160868.41080999997,79545.29847000004,250681.75256,138573.08027000003,329753.8960899999,201515.46855999995,847152.17745,236057.96169999996
2026-10-07T16:27:55.190416+00:00,obs-20261007-01,LIGHT,AVAXUSDT,1.0,11.303,11.304,11.3035,0.8847208705642373,10518434012,11.303,11.304,436,139,1046619.2215800005,1669585.7027299998,1081719.0863400002,1660923.5121499996,33685.41238999998,13623.216,205652.38924000002,172783.946,370504.59115999995,270756.34716,400583.99523999984,434468.4845500001,514646.9427899999,492394.6911400003
2026-10-07T16:27:55.190416+00:00,obs-20261007-01,LIGHT,FILUSDT,1.0,1.0378,1.0379,1.0378500000000002,0.9635767970705977,9894669101,1.0378,1.0379,324,40,266012.882695,235385.5552499999,287887.93648999993,223657.961029,10497.286916000001,2807.3315430000002,79839.07945399999,80041.00493499999,162297.717102,153909.01689400003,254523.2976669999,240222.457204,368454.5799069999,326934.4031079998
2026-10-07T16:27:55.190416+00:00,obs-20261007-01,LIGHT,ALGOUSDT,1.0,0.1163,0.1164,0.11635000000000001,8.598452278589797,5664239497,0.1163,0.1164,129,4,75303.95090000003,30208.5968,75809.1603,21491.119399999996,521.024,135.606,35970.1164,35578.8341,100973.78110000001,76786.3734,151679.89939999997,107655.99969999999,195066.79870000004,129778.60409999997
2026-10-07T16:27:55.190416+00:00,obs-20261007-01,LIGHT,XRPUSDT,1.0,1.4338,1.4339,1.43385,0.6974473427256989,26676363317,1.4338,1.4339,460,128,3023352.487149999,2553062.7900099955,3340106.665130001,2389709.9370399993,74143.01377000002,47326.83253000002,874109.7317000002,852686.67648,1357595.69746,1280439.2726399999,2693942.0170900007,2683106.0652699997,3267413.676010001,2941001.4212499987
2026-10-07T16:27:55.190416+00:00,obs-20261007-01,LIGHT,HBARUSDT,1.0,0.09326,0.09327,0.093265,1.0722710701283056,8392529103,0.09326,0.09327,250,12,281856.7447999998,239669.17080999984,295043.8372199998,233228.08225999985,2408.57025,3463.5676000000003,136734.81771,132607.15717,230277.65578,250230.31102000005,404995.70013,408301.14616000006,776183.9871599998,779577.9068400002
2026-10-07T16:28:55.230091+00:00,obs-20261007-01,LIGHT,PEPEUSDT,1.0,4.05e-06,4.06e-06,4.055e-06,24.691358024691024,8827815970,4.05e-06,4.06e-06,133,10,186752.22961859003,83903.14149025003,198654.13351783997,177581.930402,0.0,860.34203836,137875.03873605002,3102.89256312,297908.50496873003,151211.91609823,645951.6598972101,380631.47715307,938994.79778895,653045.0398926199
2026-10-07T16:28:55.230091+00:00,obs-20261007-01,LIGHT,BNBUSDT,1.0,771.05,771.06,771.055,0.12969327540357511,20908836943,771.05,771.06,405,130,4109559.8845600015,2887136.3400299987,4059159.185549999,2856989.6405100008,23222.349359999997,14138.511559999999,865608.74253,969107.5716299996,1554617.172459999,2385494.0976899993,3247161.15775,3987506.3334600017,5937422.470280004,5463288.044449998
2026-10-07T16:28:55.230091+00:00,obs-20261007-01,LIGHT,AAVEUSDT,1.0,172.06,172.07,172.065,0.5811926072296636,10438863886,172.06,172.07,266,22,1833627.0721399998,419816.72159999993,1792058.5224700007,431304.20139999996,2256.4538000000002,8067.902120000002,190941.23455999998,74170.82727,282777.7604399999,123855.84819000003,364883.99275999976,192354.06712999995,888376.21464,224622.2288099999
2026-10-07T16:28:55.230091+00:00,obs-20261007-01,LIGHT,AVAXUSDT,1.0,11.33,11.331,11.3305,0.8826125330974044,10518441843,11.33,11.331,455,166,1362100.0958599995,1732026.8622199998,1300758.58591,1834001.9870100005,25668.57763999999,144079.35449,208128.19874000005,146621.86131,387023.7398299999,229112.25029000005,459228.02390999976,338700.1962300004,565329.4636299997,393655.65001000045
2026-10-07T16:28:55.230091+00:00,obs-20261007-01,LIGHT,FILUSDT,1.0,1.0383,1.0384,1.0383499999999999,0.9631127805054263,9894671657,1.0383,1.0384,352,42,294089.20958500006,290588.5030220001,278032.068904,296346.5922670001,1105.6999580000002,1822.6364990000002,87076.856787,90154.64639799998,173603.92182100003,157010.58384100004,266822.34927400004,234657.23518999992,370562.0982090001,324868.10074899986
2026-10-07T16:28:55.230091+00:00,obs-20261007-01,LIGHT,ALGOUSDT,1.0,0.1165,0.1166,0.11655,8.58369098712286,5664240166,0.1165,0.1166,151,2,86275.6157,50443.48400000002,76837.28749999999,61170.29450000002,0.0,3658.6825000000003,25355.920100000003,39250.8766,81679.6003,77378.33099999999,147191.67140000002,106644.19119999999,188666.46150000003,120095.84619999997
2026-10-07T16:28:55.230091+00:00,obs-20261007-01,LIGHT,XRPUSDT,1.0,1.4349,1.435,1.4349500000000002,0.6969126768407996,26676368064,1.4349,1.435,434,81,3198988.087000001,3432517.0217900025,2849507.260000002,3576585.776300001,15023.911470000001,62281.99484999999,1041875.0783299998,817474.8366300002,1577382.55571,1368160.5067400006,2794646.498790003,2542204.1182500008,3587475.801510003,2803701.6943999995
2026-10-07T16:28:55.230091+00:00,obs-20261007-01,LIGHT,HBARUSDT,1.0,0.09326,0.09327,0.093265,1.0722710701283056,8392531517,0.09326,0.09327,287,42,560627.9809599998,404971.53143000003,556900.3963000001,406657.7971300001,2868.2203500000005,7931.98964,137922.09693000003,134553.54942000002,228283.8601400001,252245.82967999994,408723.28479000006,406614.88046,779911.6218199999,777891.6411400001
2026-10-07T16:29:55.230545+00:00,obs-20261007-01,LIGHT,PEPEUSDT,1.0,4.06e-06,4.07e-06,4.065e-06,24.630541871921707,8827816434,4.06e-06,4.07e-06,156,13,231436.25550267997,327615.1968422401,106636.80070496,337776.83238350006,150.99999908,4857.70826378,81664.60632736,144187.79859594,270013.95542956004,251325.30484866,591303.79510867,505750.21284951,949690.0296231501,663792.77035154
2026-10-07T16:29:55.230545+00:00,obs-20261007-01,LIGHT,BNBUSDT,1.0,771.06,771.07,771.065,0.1296915933912679,20908841246,771.06,771.07,415,83,1437442.2487,1443170.6698399994,1448880.0931300009,1385056.2668199984,6173.949960000001,6167.946259999995,939983.2966400001,918377.91677,1622871.8744599991,2428695.9892500006,3235715.6798200007,4045634.7543400032,5925381.2604300035,5514325.11113
2026-10-07T16:29:55.230545+00:00,obs-20261007-01,LIGHT,AAVEUSDT,1.0,172.15,172.16,172.155,0.5808887598024448,10438865743,172.15,172.16,219,23,2053091.5492899998,567286.50393,2049568.2426799997,529352.4119300001,1105.57346,1244.42133,172762.92301,116844.47443000005,281607.59038999997,170450.16571000003,359916.1627699997,233988.94005999994,883538.9791700001,262627.40235999995
2026-10-07T16:29:55.230545+00:00,obs-20261007-01,LIGHT,AVAXUSDT,1.0,11.333,11.334,11.3335,0.882378893496405,10518450155,11.333,11.334,435,160,1440633.6716499997,1833834.60625,1435297.947269999,1800696.4008099996,46109.20110000001,27671.30820999999,198375.01552,166219.27075999998,411727.92344000004,243385.31931999998,463913.2419999998,371898.3723500003,561744.4702899997,426897.85017000034
2026-10-07T16:29:55.230545+00:00,obs-20261007-01,LIGHT,FILUSDT,1.0,1.0394,1.0395,1.03945,0.9620935154885935,9894674643,1.0394,1.0395,358,69,415123.9399760003,250376.39565000008,383764.530241,284162.4405500001,1351.3928389999996,2332.554242,102373.08519200001,89649.68965900001,171244.73271,158539.388879,291566.966497,213457.39503099996,382711.7124770003,315236.61687599996
2026-10-07T16:29:55.230545+00:00,obs-20261007-01,LIGHT,ALGOUSDT,1.0,0.1164,0.1165,0.11645,8.59106529209619,5664240806,0.1164,0.1165,134,1,118739.91420000006,31842.1406,119267.33480000001,25880.23939999999,154.246,0.0,41741.6325,27250.783799999997,111817.1012,74843.804,154687.6319,104915.57440000001,201686.94630000004,125789.5679
2026-10-07T16:29:55.230545+00:00,obs-20261007-01,LIGHT,XRPUSDT,1.0,1.4355,1.4356,1.43555,0.6966213862757975,26676373128,1.4355,1.4356,530,52,2706669.592210002,2732691.1937199994,2808965.9569499986,2667426.8517299998,24232.567429999996,31423.542999999994,949940.4742699999,1001539.51304,1676369.5001000005,1463325.2465200005,2558110.1951100025,2610173.0560299996,3483985.6702800035,2875103.5236799987
2026-10-07T16:29:55.230545+00:00,obs-20261007-01,LIGHT,HBARUSDT,1.0,0.09326,0.09327,0.093265,1.0722710701283056,8392532809,0.09326,0.09327,253,11,159895.36515000006,155146.95885,167643.42649000004,146475.46787,983.26448,2773.57161,131009.55462000004,140226.49051,220934.4725000001,258297.63472999996,400975.2234500001,415286.37143999996,772172.1239199999,786563.1321200001
2026-10-07T16:30:55.230576+00:00,obs-20261007-01,LIGHT,PEPEUSDT,1.0,4.06e-06,4.07e-06,4.065e-06,24.630541871921707,8827816807,4.06e-06,4.07e-06,154,19,240945.34139884004,214475.06626011006,335488.33593615994,202342.51667058998,926.6778627400001,2661.5269029799997,106977.30469762,125445.54832315,245780.43016657,263460.34722259,496760.80057135003,517882.76243903,844829.1639174501,763300.6498795399
2026-10-07T16:30:55.230576+00:00,obs-20261007-01,LIGHT,BNBUSDT,1.0,771.4,771.41,771.405,0.12963443090541205,20908845720,771.4,771.41,391,135,2485998.53021,2357972.942050001,2430380.63447,2418672.9490499995,48601.87942999999,15648.708299999998,883052.7423100005,958384.4466599996,1645425.4344300006,2556695.0731299985,3288225.2949200026,4143764.7264900017,5635918.255580003,5521526.604650002
2026-10-07T16:30:55.230576+00:00,obs-20261007-01,LIGHT,AAVEUSDT,1.0,172.33,172.34,172.335,0.58028201705973,10438867653,172.33,172.34,257,25,1109230.1955299997,526536.40008,964375.0384899996,576874.1475999999,92.95746,3377.87337,241938.20823000002,76235.05721,406640.15989000007,128921.16782999996,495585.41085999995,188108.84674999994,1019861.6993200001,214138.81821999987
2026-10-07T16:30:55.230576+00:00,obs-20261007-01,LIGHT,AVAXUSDT,1.0,11.351,11.352,11.351500000000001,0.8809796493691735,10518457623,11.351,11.352,417,129,1287401.6261699991,1781338.260820001,1270452.7719299996,1797862.4024499995,29155.609110000012,42457.04517999999,212195.11375999995,167102.7645,398049.62793,315956.22563,479996.7759399996,361904.64276000025,560144.9547099995,415679.56425000035
2026-10-07T16:30:55.230576+00:00,obs-20261007-01,LIGHT,FILUSDT,1.0,1.0405,1.0406,1.04055,0.9610764055745236,9894677147,1.0405,1.0406,335,38,316564.41299599997,213485.78108700004,294693.7500120001,231626.07428900004,951.5041799999999,2128.800684,114570.38339799995,98543.43892399999,192427.01718399994,166654.734139,290096.594013,203979.37384499997,400324.8594690001,305082.07793100004
2026-10-07T16:30:55.230576+00:00,obs-20261007-01,LIGHT,ALGOUSDT,1.0,0.1164,0.1165,0.11645,8.59106529209619,5664241981,0.1164,0.1165,185,5,112785.89340000003,52779.68900000001,125906.10839999998,60360.59269999999,48.5388,215.80560000000003,35450.4066,29152.593,107054.4429,69535.132,141567.4169,97334.67069999999,188566.84630000003,117955.79449999997
2026-10-07T16:30:55.230576+00:00,obs-20261007-01,LIGHT,XRPUSDT,1.0,1.4366,1.4367,1.4366500000000002,0.696087985521121,26676377586,1.4366,1.4367,428,54,2682052.5541899996,2269209.42949,2463436.035670001,2376332.1067200005,36514.23473,40399.96300999999,1052782.1573700001,906083.0892500001,1580207.9337200003,1494347.9787000006,2690854.0056200027,2593723.1370700006,3655938.6371400035,2788425.77618
2026-10-07T16:30:55.230576+00:00,obs-20261007-01,LIGHT,HBARUSDT,1.0,0.09331,0.09332,0.09331500000000001,1.0716964955514996,8392534558,0.09331,0.09332,279,28,330762.36873,234698.05445,306030.72043000004,281767.7619499999,1786.78431,6161.44897,127079.32819000003,107727.92924000003,189448.69024000003,222097.58078000002,415254.0569700002,369092.89361,795850.73381,739538.91873
2026-10-07T16:31:55.244218+00:00,obs-20261007-01,LIGHT,PEPEUSDT,1.0,4.06e-06,4.07e-06,4.065e-06,24.630541871921707,8827817091,4.06e-06,4.07e-06,124,14,228150.83767888005,118487.83033320997,110928.71274925,122612.32240928001,309.0754373,1191.79971174,115873.3094197,102703.88401152,288819.9606784,258193.97695535998,613982.9255009801,513758.27036295994,962211.06404532,759176.1578034698
2026-10-07T16:31:55.244218+00:00,obs-20261007-01,LIGHT,BNBUSDT,1.0,771.54,771.55,771.545,0.12961090805285735,20908849838,771.54,771.55,386,83,2755953.7548599998,1481369.0274600014,2772464.233479998,1457711.7232100007,3521.8428700000004,42463.05943,869325.5924000002,975748.1247599998,1644654.2059900006,2582388.406649999,3267071.894760002,4168069.55165,5534918.214540002,5542967.17918
2026-10-07T16:31:55.244218+00:00,obs-20261007-01,LIGHT,AAVEUSDT,1.0,172.42,172.43,172.425,0.5799791207516947,10438869403,172.42,172.43,251,30,1586616.0945800012,563023.9505400002,1753586.3622800002,565927.1923800001,984.1773,1692.8944999999999,116752.73534000001,74402.17171000002,204223.41733,134272.39528000003,317460.8046499998,185264.96459000002,851005.3372399999,211688.10085999995
2026-10-07T16:31:55.244218+00:00,obs-20261007-01,LIGHT,AVAXUSDT,1.0,11.317,11.318,11.317499999999999,0.8836264027567431,10518465543,11.317,11.318,444,159,1127051.3722299994,1969682.4340899992,1222439.4521400009,1902995.8410499997,48491.801019999984,28065.25560999999,199237.27790000002,157051.30888,374187.31315000006,264267.0436700001,390687.7778199999,417120.0519700004,495530.41960999987,473356.7816400004
2026-10-07T16:31:55.244218+00:00,obs-20261007-01,LIGHT,FILUSDT,1.0,1.0402,1.0403,1.04025,0.961353585848812,9894679344,1.0402,1.0403,333,68,265006.1788199999,167326.80932499995,277091.83463800006,157445.26806899993,15430.446306000003,1789.8025579999999,95556.687251,98072.417662,167786.78917799998,172644.30611800004,292187.627172,209621.483061,380157.7828670001,310950.631418
2026-10-07T16:31:55.244218+00:00,obs-20261007-01,LIGHT,ALGOUSDT,1.0,0.1164,0.1165,0.11645,8.59106529209619,5664242669,0.1164,0.1165,114,0,64870.895099999994,38286.409999999996,48687.67219999999,33079.03170000001,0.0,0.0,59522.0558,30625.7586,123760.83159999999,74738.5688,157750.63979999998,102542.049,204637.9572,123415.94809999997
2026-10-07T16:31:55.244218+00:00,obs-20261007-01,LIGHT,XRPUSDT,1.0,1.4372,1.4373,1.4372500000000001,0.6957973838006559,26676381976,1.4372,1.4373,437,78,2999883.8511299994,3173255.9960600007,2990518.3442399977,3213917.324430001,48979.348089999985,59844.85362,1048002.0989800001,986095.1901999998,1617234.831,1334516.6057500003,2693015.4319100026,2560184.1864399994,3646728.4780600034,2750016.2942299997
2026-10-07T16:31:55.244218+00:00,obs-20261007-01,LIGHT,HBARUSDT,1.0,0.09339,0.0934,0.093395,1.0707784559360611,8392536484,0.09339,0.0934,264,19,708459.46966,457507.3824700003,701045.3768299997,453316.75821000035,2001.1405300000001,10748.266850000002,142796.56867,134612.71863,260795.73003000004,232643.14145000005,413914.6498500001,384549.69732,801717.82238,745889.90745
2026-10-07T16:32:55.244351+00:00,obs-20261007-01,LIGHT,PEPEUSDT,1.0,4.06e-06,4.07e-06,4.065e-06,24.630541871921707,8827817495,4.06e-06,4.07e-06,134,12,225592.32740736008,136068.36554787995,225652.05643062005,157750.09930949003,10.31741004,2804.26560029,131363.63661932,69652.40395762,287672.58398222004,236432.01588274,613923.19647772,492076.53660134994,961744.13844217,751796.1227779199
2026-10-07T16:32:55.244351+00:00,obs-20261007-01,LIGHT,BNBUSDT,1.0,771.64,771.65,771.645,0.12959411124446873,20908854084,771.64,771.65,346,103,1953349.4290900002,1639644.0243700007,1959205.5012700001,1613978.0859800002,8788.357099999997,22895.44270999999,834444.6047799997,978698.2105999999,1633826.3474499998,2607023.108180001,3259372.55114,4194266.974950002,5526070.234070002,5628021.101880003
2026-10-07T16:32:55.244351+00:00,obs-20261007-01,LIGHT,AAVEUSDT,1.0,172.41,172.42,172.415,0.5800127602806349,10438870757,172.41,172.42,247,16,807685.5258899995,421341.16164999997,839187.2127799998,416288.1707,2273.0077199999996,1153.45659,120973.90986000001,81043.92302,206071.9366899999,138630.60477,286418.1300599998,190317.95554,805563.8512200002,216725.26350999996
2026-10-07T16:32:55.244351+00:00,obs-20261007-01,LIGHT,AVAXUSDT,1.0,11.31,11.311,11.310500000000001,0.8841732979658623,10518470008,11.31,11.311,353,70,759883.8924900001,1238867.8003600005,776055.8291500006,1214761.3892800007,4076.8494500000006,16477.02666,196615.00912999996,152460.04798000003,353884.3894,260273.82960000003,374671.07138999976,441086.9222400002,489143.92477999994,493585.1754900004
2026-10-07T16:32:55.244351+00:00,obs-20261007-01,LIGHT,FILUSDT,1.0,1.0408,1.0409,1.0408499999999998,0.9607993850879737,9894681785,1.0408,1.0409,310,40,253446.57748200008,200876.96593299994,243029.94145299998,224604.20984699993,2523.655429000001,5796.563752000003,103238.068718,91962.29449300001,177220.946163,160050.086874,279877.25035299995,193152.93724699997,367025.3167089999,295424.630379
2026-10-07T16:32:55.244351+00:00,obs-20261007-01,LIGHT,ALGOUSDT,1.0,0.1165,0.1166,0.11655,8.58369098712286,5664243747,0.1165,0.1166,111,3,90214.01380000002,30007.567099999997,87627.65460000004,41281.3846,11.64,1609.0965999999999,41108.6276,31973.2625,108020.60590000001,69701.7359,152313.6179,98958.7495,205124.61050000004,114091.05499999998
2026-10-07T16:32:55.244351+00:00,obs-20261007-01,LIGHT,XRPUSDT,1.0,1.437,1.4371,1.4370500000000002,0.6958942240786747,26676387868,1.437,1.4371,533,71,2928230.7698200005,2897632.28164,3033611.7147099995,2769206.629420003,60782.497019999995,47284.69082,1202471.8175400002,949018.32794,1811966.71089,1465306.2980200003,2592587.503300002,2690847.6033600005,3541094.897030002,2880680.2310600006
2026-10-07T16:32:55.244351+00:00,obs-20261007-01,LIGHT,HBARUSDT,1.0,0.09344,0.09345,0.093445,1.0702054794520244,8392539021,0.09344,0.09345,319,33,987320.2781099998,490992.63211999973,986104.3003199996,511701.66408,2793.4854899999996,4804.12462,141810.01908,131868.18891,262755.5128599999,217987.58809,414908.7228799999,365408.0525600001,802414.16091,725678.9948900002
2026-10-07T16:33:55.279557+00:00,obs-20261007-01,LIGHT,PEPEUSDT,1.0,4.06e-06,4.07e-06,4.065e-06,24.630541871921707,8827818364,4.06e-06,4.07e-06,189,20,404546.1504112,449978.33563302015,385205.40534683014,358339.2689576202,28037.718684519998,33574.52800019,149355.07628006,88268.30154846,286520.86623836,242432.90280318,592388.13030609,578887.31488523,917558.7915278599,755919.93376011
2026-10-07T16:33:55.279557+00:00,obs-20261007-01,LIGHT,BNBUSDT,1.0,772.09,772.1,772.095,0.12951857943921397,20908859768,772.09,772.1,423,181,4466213.404250003,3229321.6063199984,4259599.248659999,3319049.0868199994,52514.12135000002,61065.16694999997,803087.1414999997,1818229.81629,1637820.8686299997,2703294.6509100012,3429463.31259,4128088.5764700035,5825866.1184,5661426.112490001
2026-10-07T16:33:55.279557+00:00,obs-20261007-01,LIGHT,AAVEUSDT,1.0,172.47,172.48,172.475,0.579810981620188,10438872603,172.47,172.48,248,36,656809.2224300003,412679.4524900001,660586.4757,415408.8787800001,2031.9501299999997,3565.34608,97462.82653000002,73715.48864,165427.72853999998,146628.0406,276958.4706099998,187717.93360000008,792090.43421,215717.30972000002
2026-10-07T16:33:55.279557+00:00,obs-20261007-01,LIGHT,AVAXUSDT,1.0,11.304,11.305,11.3045,0.8846426043862543,10518476978,11.304,11.305,437,119,1078774.6696000001,1867671.0979200006,1034660.9055700003,1860999.492419998,20768.63503,42522.295279999984,195508.52818999998,158244.25873,377929.99740999995,266052.3549,419226.60659999977,445104.25469000015,534302.6800899999,500984.82733000035
2026-10-07T16:33:55.279557+00:00,obs-20261007-01,LIGHT,FILUSDT,1.0,1.0418,1.0419,1.0418500000000002,0.95987713572665,9894685042,1.0418,1.0419,352,43,273319.75052799995,315378.52441100025,259873.70944599996,312847.39582100016,842.2696900000001,2211.584559,87517.86042900001,93055.40902999998,188191.56901599996,155063.47622799998,286345.66977,207276.83464000002,373507.16195800004,305651.5710510001
2026-10-07T16:33:55.279557+00:00,obs-20261007-01,LIGHT,ALGOUSDT,1.0,0.1166,0.1167,0.11665,8.576329331047017,5664245515,0.1166,0.1167,138,4,120060.6825,42021.8422,119966.7485,33445.845199999996,0.0,3687.1544,46448.7427,37661.283,109574.93389999999,77410.2737,148111.9023,108482.0941,192383.1655,122906.5872
2026-10-07T16:33:55.279557+00:00,obs-20261007-01,LIGHT,XRPUSDT,1.0,1.4372,1.4373,1.4372500000000001,0.6957973838006559,26676395022,1.4372,1.4373,484,109,4862656.608980003,5292869.773940001,5106422.962579998,5092224.021929999,139762.16678999996,270767.0278,1046714.8686099999,1071148.25341,1567359.72133,1544341.60148,2345546.7158600013,2893326.9775000005,3379635.332870002,3083675.5203000004
2026-10-07T16:33:55.279557+00:00,obs-20261007-01,LIGHT,HBARUSDT,1.0,0.09346,0.09347,0.09346499999999999,1.069976460517097,8392541687,0.09346,0.09347,287,39,860042.6910899995,591708.4850299996,777795.48358,575815.6428399999,4714.805320000001,4700.73575,116999.69845999999,139078.15517,240589.30694999997,202712.40521,392954.46081,381968.19568000006,764246.98723,751983.2664300002
2026-10-07T16:34:55.280120+00:00,obs-20261007-01,LIGHT,PEPEUSDT,1.0,4.06e-06,4.07e-06,4.065e-06,24.630541871921707,8827818659,4.06e-06,4.07e-06,133,17,298122.89762723004,48989.26215422999,301419.0697873199,27388.87708301,1.84306136,5277.7278521,93804.19380598,118194.76622921,282501.23436733,267560.70271793,589091.958146,600487.69995645,914695.1587516301,758291.3075384699
2026-10-07T16:34:55.280120+00:00,obs-20261007-01,LIGHT,BNBUSDT,1.0,771.63,771.64,771.635,0.1295957907276879,20908865123,771.63,771.64,369,182,2521656.4400799996,2374294.693539999,2588631.31757,2350723.66094,26078.228760000005,13859.576799999997,902016.9597600001,875267.0717300002,1592029.2529600002,2519855.266410003,3501974.7234400013,4128102.733450005,5769851.719220004,5690225.930640007
2026-10-07T16:34:55.280120+00:00,obs-20261007-01,LIGHT,AAVEUSDT,1.0,172.25,172.26,172.255,0.5805515239476478,10438874586,172.25,172.26,256,36,1330777.24338,445543.56119999994,1248462.4272900007,435624.2141300001,1077.08315,460.63943,210797.12315000006,83723.91523999997,307406.49971000006,139294.50203999996,373082.63413999963,195624.55350999997,892766.9421899999,222502.14065999992
2026-10-07T16:34:55.280120+00:00,obs-20261007-01,LIGHT,AVAXUSDT,1.0,11.27,11.271,11.2705,0.8873114463181508,10518484155,11.271,11.272,408,91,1366181.3677899998,1703561.78849,1368864.4786200006,1746498.2763600007,16312.486380000006,26055.557249999994,199709.13089,109809.50313000001,351312.10300000006,197578.89921999993,419601.08207000006,329449.6412499999,538793.3414700003,423840.91872000013
2026-10-07T16:34:55.280120+00:00,obs-20261007-01,LIGHT,FILUSDT,1.0,1.0403,1.0404,1.04035,0.961261174661221,9894687963,1.0403,1.0404,364,61,259953.888016,233088.2010200001,289558.42869,204615.9533749999,2515.0807300000015,470.121446,109165.69369600003,73419.974607,192738.318622,155265.66668300002,276330.7734499999,224105.75605300002,368148.4295939999,325992.80587999994
2026-10-07T16:34:55.280120+00:00,obs-20261007-01,LIGHT,ALGOUSDT,1.0,0.1165,0.1166,0.11655,8.58369098712286,5664246672,0.1165,0.1166,123,5,99328.63210000002,44609.009900000005,101540.85369999999,42861.839300000014,225.9312,6249.7518,34325.8424,28207.506,98647.9582,72861.06240000001,149878.0957,107777.3755,183656.3004,124161.18319999998
2026-10-07T16:34:55.280120+00:00,obs-20261007-01,LIGHT,XRPUSDT,1.0,1.436,1.4361,1.4360499999999998,0.6963788300828888,26676398931,1.436,1.4361,437,46,2593111.498029998,2770993.063370001,2726598.40272,2717013.8128800006,116318.26399999998,34812.50948,1095144.4275099998,984449.7844700002,1473881.6303200002,1508073.4567099998,2222184.4216099996,2904960.2045199997,3290291.9461600003,3097461.9100399995
2026-10-07T16:34:55.280120+00:00,obs-20261007-01,LIGHT,HBARUSDT,1.0,0.09339,0.0934,0.093395,1.0707784559360611,8392543892,0.09339,0.0934,295,34,683221.54092,482604.33628,656421.4035700001,460719.7142400001,3083.9249099999997,5364.244970000001,136610.12360000002,140427.9169,267091.9176399999,262757.13109000004,419989.6415800001,401576.1754799999,791303.3911599999,773272.13006
2026-10-07T16:35:55.290526+00:00,obs-20261007-01,LIGHT,PEPEUSDT,1.0,4.06e-06,4.07e-06,4.065e-06,24.630541871921707,8827818902,4.06e-06,4.07e-06,124,14,141353.14730855997,71689.25261365999,140144.11436267997,71934.28430108998,257.7758148,1626.79643995,110258.46591690001,115412.64973986,284215.24797825003,266711.6145405,590300.99109188,600242.6682690199,915194.6330497001,758110.6399227697
2026-10-07T16:35:55.290526+00:00,obs-20261007-01,LIGHT,BNBUSDT,1.0,771.25,771.26,771.255,0.1296596434352537,20908872252,771.25,771.26,454,161,4035699.2871699994,3930510.2532099984,4279198.376259999,3968453.176640001,46915.811519999996,2868.2157100000004,937652.2526500003,884468.6159099998,1558817.7332400002,2453736.6430200003,3456887.5355800022,4037425.3811800047,5816382.100200004,5532281.495040004
2026-10-07T16:35:55.290526+00:00,obs-20261007-01,LIGHT,AAVEUSDT,1.0,172.11,172.12,172.115,0.5810237638703697,10438876106,172.11,172.12,234,24,382642.38756000024,334263.34275999997,494524.5093300001,331489.07235,6301.94887,478.81175,94175.99823999997,72361.77059,188588.98293,121619.76178999998,271709.16732999997,195428.58406999992,790290.03014,224985.3395699999
2026-10-07T16:35:55.290526+00:00,obs-20261007-01,LIGHT,AVAXUSDT,1.0,11.269,11.27,11.2695,0.887390185464465,10518491608,11.269,11.27,420,97,1345980.51793,1867381.6860300007,1327499.0147799994,1848767.7903899993,9801.82091,7193.537800000001,174067.67421,150495.81739000004,361538.65543,246539.07159000007,438090.06041000003,348063.53689000005,559830.7013200006,444026.2051700003
2026-10-07T16:35:55.290526+00:00,obs-20261007-01,LIGHT,FILUSDT,1.0,1.0407,1.0408,1.04075,0.9608917075043522,9894691386,1.0407,1.0408,354,66,326492.747999,286405.2237960003,325814.0687579999,284316.061362,1733.8641460000001,3367.994368,95606.92125799999,87409.74217399998,169109.27732900003,167430.440255,261562.88416599992,226398.16657399994,368772.15475099976,331956.96037999983
2026-10-07T16:35:55.290526+00:00,obs-20261007-01,LIGHT,ALGOUSDT,1.0,0.1164,0.1165,0.11645,8.59106529209619,5664247382,0.1164,0.1165,99,1,94517.98280000001,42655.44199999999,97994.9855,42555.35740000001,5.5920000000000005,0.0,58588.3074,27776.966,119490.0103,68801.5017,154424.4741,101236.70839999999,185892.93760000003,123740.14799999996
2026-10-07T16:35:55.290526+00:00,obs-20261007-01,LIGHT,XRPUSDT,1.0,1.4359,1.436,1.43595,0.6964273278087241,26676403697,1.4359,1.436,432,87,2754006.4355200003,2733996.0409000013,2599716.4367099996,2819807.014089998,129048.96107,95329.51168,1149280.8091199999,1111312.92885,1603598.98299,1454616.6167599997,2376980.2257,2820614.6458499995,3445718.3045000006,3013005.6173699987
2026-10-07T16:35:55.290526+00:00,obs-20261007-01,LIGHT,HBARUSDT,1.0,0.09338,0.09339,0.093385,1.070893124865968,8392545241,0.09338,0.09339,228,17,285840.44086,194413.38283999998,291261.7354899999,192359.87488999995,1700.0922899999998,1868.73299,153499.89498,142324.47073000003,266288.25710999995,259065.19756000003,419038.1407300002,403618.36503000004,790074.1669300001,775325.6380100001
2026-10-07T16:36:55.290557+00:00,obs-20261007-01,LIGHT,PEPEUSDT,1.0,4.06e-06,4.07e-06,4.065e-06,24.630541871921707,8827819270,4.06e-06,4.07e-06,159,13,180388.73462777003,61912.08459324001,191654.99150753004,135412.60324851997,2644.3076095799997,669.73464976,74205.78287738,146935.15427349,258530.67318308,264892.81905333,579034.7342121201,526742.1496137399,934291.0480778201,684704.0793415599
2026-10-07T16:36:55.290557+00:00,obs-20261007-01,LIGHT,BNBUSDT,1.0,771.29,771.3,771.295,0.12965291913635824,20908877280,771.29,771.3,378,151,2174432.0346699986,1266353.60951,2163544.564219998,1261056.26178,2904.89815,2983.646759999998,821867.1041800004,929433.1701699997,1568139.0956699997,2476627.0306400005,3276745.0639900006,4047827.5047800047,5818204.875140003,5538430.331890007
2026-10-07T16:36:55.290557+00:00,obs-20261007-01,LIGHT,AAVEUSDT,1.0,171.96,171.97,171.965,0.5815305885081834,10438878785,171.96,171.97,308,77,879693.9672000007,596827.0121499997,889620.7264299997,579737.9993299998,3323.17653,2390.14104,123153.98542999999,78171.01353000004,214124.79226,136329.43427000006,265805.78753000003,204808.70988,782755.88863,238902.41353000002
2026-10-07T16:36:55.290557+00:00,obs-20261007-01,LIGHT,AVAXUSDT,1.0,11.265,11.266,11.2655,0.8877052818467845,10518499189,11.265,11.266,450,118,1199149.8411800005,2112158.807870001,1232376.8198300002,2105620.1335100015,5741.950559999999,25860.88308,160014.59176999997,144043.28655999995,338584.75772999995,243679.31457999995,404877.0252599999,354419.3477899999,535370.2220699998,449388.9318600002
2026-10-07T16:36:55.290557+00:00,obs-20261007-01,LIGHT,FILUSDT,1.0,1.0388,1.0389,1.03885,0.9626492106273865,9894694927,1.0388,1.0389,373,77,306598.782091,339460.9900749998,345272.3687450001,304535.6718080001,4960.651374000001,5606.106243999999,97585.63093999999,80184.95233599999,189275.75501999998,158393.64171,249021.45767999993,253133.08842799993,338828.0542139998,340608.8603459998
2026-10-07T16:36:55.290557+00:00,obs-20261007-01,LIGHT,ALGOUSDT,1.0,0.1164,0.1165,0.11645,8.59106529209619,5664247907,0.1164,0.1165,133,2,27220.7094,43413.1358,30971.757699999995,42260.918000000005,251.64000000000001,13.758799999999999,54489.1568,28068.6521,115609.7292,72201.9279,150673.42580000003,102388.92619999999,182121.64050000007,124892.46019999997
2026-10-07T16:36:55.290557+00:00,obs-20261007-01,LIGHT,XRPUSDT,1.0,1.4355,1.4356,1.43555,0.6966213862757975,26676409101,1.4355,1.4356,432,57,2992503.2454500007,3040078.3373099994,3166519.5344300014,2810167.13745,62931.98507999999,59403.61998,1071354.80494,1283477.1316300004,1572738.5897800003,1680219.4531600005,2282026.5605700007,2978688.3875800003,3263741.4425700014,3244202.0370199988
2026-10-07T16:36:55.290557+00:00,obs-20261007-01,LIGHT,HBARUSDT,1.0,0.09328,0.09329,0.093285,1.0720411663811547,8392548428,0.09328,0.09329,352,50,484333.82655999984,1227691.8206199994,505554.65786999965,1205632.6304100004,21651.24324,4445.580319999999,132263.419,133224.61169999998,236679.55611999994,223787.40861000004,402954.8488200001,418683.62924,771580.2857399998,794645.8720399999
2026-10-07T16:37:55.296832+00:00,obs-20261007-01,LIGHT,PEPEUSDT,1.0,4.05e-06,4.06e-06,4.055e-06,24.691358024691024,8827819897,4.05e-06,4.06e-06,182,17,254336.39581851,176201.50326565007,325672.7748720999,88692.40458187001,4810.8945437,3310.84832488,153911.5545123,87954.25801694,308359.56084582,237451.31322466,641235.31451641,473279.98048432,936945.5615638099,776984.50027009
2026-10-07T16:37:55.296832+00:00,obs-20261007-01,LIGHT,BNBUSDT,1.0,771.08,771.09,771.085,0.12968822949543934,20908881011,771.08,771.09,383,131,1262187.8294300004,2058856.69564,1274265.673960001,2007364.5173599997,48271.46182999999,4385.587420000002,980159.3574100002,870810.2599699992,1560354.0720999995,2421295.08373,3457189.728229999,4092430.4816500046,5917656.851790007,5591705.419970005
2026-10-07T16:37:55.296832+00:00,obs-20261007-01,LIGHT,AAVEUSDT,1.0,171.76,171.77,171.765,0.5822077317207963,10438881166,171.76,171.77,331,52,736784.9204199997,646570.6557299998,653784.1541599999,604869.3395799998,2483.2296599999995,2162.7774099999997,228466.73239,112154.88582000004,302435.1912700001,168181.9018700001,358465.4390300002,238970.85674999992,898232.1545199999,270856.92887999996
2026-10-07T16:37:55.296832+00:00,obs-20261007-01,LIGHT,AVAXUSDT,1.0,11.26,11.261,11.2605,0.8880994671400799,10518508234,11.26,11.261,436,170,1849827.09084,2157651.387240002,1775315.73171,2189154.9959699996,30254.723170000005,65972.62419,234044.91722999996,134948.85823,398491.35654000007,232666.32494000005,481681.6787800001,322696.1713,611047.4094000006,417474.3809200002
2026-10-07T16:37:55.296832+00:00,obs-20261007-01,LIGHT,FILUSDT,1.0,1.0384,1.0385,1.03845,0.9630200308174963,9894698389,1.0384,1.0385,368,91,350113.9302279998,402248.795707,355496.1178499999,405367.54857299983,17476.92000800001,21601.579996999997,84426.68245,79657.04103599998,183761.06482099998,153297.84046299997,243667.29038399988,245571.07895499992,350034.99510299985,335683.95403299975
2026-10-07T16:37:55.296832+00:00,obs-20261007-01,LIGHT,ALGOUSDT,1.0,0.1164,0.1165,0.11645,8.59106529209619,5664248244,0.1164,0.1165,133,0,25826.740800000003,38793.7485,26146.672899999998,35158.58579999999,0.0,0.0,49464.2755,36492.0968,115009.0557,76311.3862,150353.4937,106024.0889,182734.93610000005,127022.89249999999
2026-10-07T16:37:55.296832+00:00,obs-20261007-01,LIGHT,XRPUSDT,1.0,1.4344,1.4345,1.43445,0.6971556051316163,26676412629,1.4344,1.4345,430,52,2716765.9236900015,2289369.058809999,2795134.991880001,2154773.575989998,96019.28101,8496.45363,1066922.69081,1419006.3729900003,1562545.6686599995,1651933.499400001,2339952.806699999,3111787.0548200025,3274911.0778599996,3372708.0257400014
2026-10-07T16:37:55.296832+00:00,obs-20261007-01,LIGHT,HBARUSDT,1.0,0.09322,0.09323,0.093225,1.0727311735680978,8392549890,0.09322,0.09323,273,25,210771.69958999995,850197.6182799997,224898.43497000003,826754.9729300002,2338.65614,1077.16589,135128.88377000001,135658.84118,241512.68590000007,269344.41219,399869.86908000015,438876.0865099998,758005.9520599998,812420.1372899998
2026-10-07T16:38:55.297060+00:00,obs-20261007-01,LIGHT,PEPEUSDT,1.0,4.05e-06,4.06e-06,4.055e-06,24.691358024691024,8827820628,4.05e-06,4.06e-06,204,18,51221.64562484002,465241.60252567,73517.35269761001,453108.75768146,7.1590959000000005,1004.0655755199999,137667.76610265,102753.49084728,281322.81279765,254771.11778351,618939.60744364,485412.82532853005,940165.6827910399,774484.60491859
2026-10-07T16:38:55.297060+00:00,obs-20261007-01,LIGHT,BNBUSDT,1.0,771.11,771.12,771.115,0.12968318398032253,20908889096,771.11,771.12,436,177,3746872.163349998,2904850.391800002,4197993.334449998,3385435.770349998,8953.671469999996,56244.897870000015,799869.6474900001,723498.7204099997,1271717.3457000002,2048121.5897999993,2815068.453320001,3612075.628610003,5323937.119440005,4821292.639470004
2026-10-07T16:38:55.297060+00:00,obs-20261007-01,LIGHT,AAVEUSDT,1.0,171.59,171.6,171.595,0.5827845445538493,10438884482,171.59,171.6,347,92,471174.24916999973,476862.25680999993,633006.0384299998,536333.3552199998,15475.192469999996,6406.619959999997,75832.06397999998,55683.587499999994,110856.73620999999,101805.31964,660480.0280599999,158033.46357999992,801222.9149899993,227874.59623999996
2026-10-07T16:38:55.297060+00:00,obs-20261007-01,LIGHT,AVAXUSDT,1.0,11.269,11.27,11.2695,0.887390185464465,10518513728,11.269,11.27,378,99,1071533.6667100005,1465140.87567,1123563.099029999,1507976.9756200009,10645.53168,17386.862870000004,169866.48910000004,120615.83510000001,278944.93400000007,197134.0399,429059.01564,280284.67474,596411.1056600006,388438.6680900002
2026-10-07T16:38:55.297060+00:00,obs-20261007-01,LIGHT,FILUSDT,1.0,1.0366,1.0367,1.0366499999999998,0.9646922631678656,9894702729,1.0366,1.0367,367,162,334247.17612700013,302948.5885689999,390456.60363099974,309381.9220789999,7094.6549239999995,20167.816092,68717.34255900001,50954.27888799999,118398.874013,119242.40347300001,219898.47879700005,225254.122607,346244.7190430001,329495.52091899986
2026-10-07T16:38:55.297060+00:00,obs-20261007-01,LIGHT,ALGOUSDT,1.0,0.1162,0.1163,0.11624999999999999,8.60585197934638,5664249486,0.1162,0.1163,215,2,144004.76750000002,70214.1561,166040.4577,90289.45719999995,54.084300000000006,0.0,38791.133400000006,17879.8978,72069.1567,48062.272099999995,134138.31480000002,80855.50969999998,187541.24620000002,111925.72239999996
2026-10-07T16:38:55.297060+00:00,obs-20261007-01,LIGHT,XRPUSDT,1.0,1.4343,1.4344,1.4343499999999998,0.6972042111130783,26676417522,1.4343,1.4344,414,63,3812206.696829998,3001499.267540001,3563911.2453299984,3281088.7361600017,106770.20109000002,38660.90578,1224044.2303100002,1084204.7661700004,1760061.2514199999,1405179.7198000005,2599636.466520001,2833645.7560100006,3549487.1846300014,3102744.8546599997
2026-10-07T16:38:55.297060+00:00,obs-20261007-01,LIGHT,HBARUSDT,1.0,0.09321,0.09322,0.09321499999999999,1.0728462611298006,8392553719,0.09321,0.09322,425,52,1008903.29386,947194.3012299995,1019324.9388699998,988154.7981199994,8887.08492,14949.56216,96900.57213999999,115174.32042999999,197609.83880000003,237418.73630999998,389448.2240700001,397197.27985999995,791904.3551299999,780672.9119399999
2026-10-07T16:39:55.315964+00:00,obs-20261007-01,LIGHT,PEPEUSDT,1.0,4.05e-06,4.06e-06,4.055e-06,24.691358024691024,8827820973,4.05e-06,4.06e-06,142,14,236059.59838531,266900.49278199,239024.77242171002,180892.63474880002,210.9126114,1574.58606886,118134.6225219,117514.21196704,276903.77416838,254634.66521682,615974.43340724,571420.68336172,943814.50639497,782901.9412969698
2026-10-07T16:39:55.315964+00:00,obs-20261007-01,LIGHT,BNBUSDT,1.0,771.05,771.06,771.055,0.12969327540357511,20908894985,771.05,771.06,447,206,2381081.0234799976,1516297.0730100006,2415067.8057899987,1442702.0038100001,19350.95686,9690.905470000003,782869.0888600003,779892.2825599997,1232465.1398100003,2114345.0550200003,2972297.04362,3685173.050440004,5290758.82013,4883444.863940006
2026-10-07T16:39:55.315964+00:00,obs-20261007-01,LIGHT,AAVEUSDT,1.0,171.4,171.41,171.405,0.5834305717611343,10438887492,171.4,171.41,370,68,1233445.3256299992,418403.26341,1252709.1826700007,365407.17227999994,5496.14192,3065.9549899999997,68805.90122,102295.42566999995,109164.85681000001,139094.35699999996,675585.7971600001,199297.51049999995,1296279.49818,272111.34355
2026-10-07T16:39:55.315964+00:00,obs-20261007-01,LIGHT,AVAXUSDT,1.0,11.262,11.263,11.2625,0.8879417510199161,10518518990,11.262,11.263,394,89,998699.7584399994,1334848.844989999,1030497.4803199997,1299145.2850300008,25361.22181,15080.630360000001,154216.78661999997,129412.25322,263113.40076,211411.67475000003,397329.31797,315571.25188999984,572418.1557600002,421967.75094000006
2026-10-07T16:39:55.315964+00:00,obs-20261007-01,LIGHT,FILUSDT,1.0,1.0347,1.0348,1.0347499999999998,0.9664637092865469,9894706557,1.0347,1.0348,382,113,318954.823824,209582.32112099987,345241.60221299995,186471.72827899997,12647.770908999999,7356.298651,63373.59753000001,58358.026964,125929.788501,123832.78783699998,221565.48746600002,233184.20695599998,348067.85400999995,338655.6136289998
2026-10-07T16:39:55.315964+00:00,obs-20261007-01,LIGHT,ALGOUSDT,1.0,0.1162,0.1163,0.11624999999999999,8.60585197934638,5664250560,0.1162,0.1163,157,2,71385.9665,56469.658799999976,49586.5449,46239.85729999999,0.0,143.5571,49954.2443,25960.1475,79805.5126,55564.472799999996,155937.7364,91085.3112,197853.23580000002,122149.82389999997
2026-10-07T16:39:55.315964+00:00,obs-20261007-01,LIGHT,XRPUSDT,1.0,1.4334,1.4335,1.4334500000000001,0.6976419701398839,26676422324,1.4334,1.4335,427,75,2791360.310889999,3021172.756670002,3017869.3839100003,2903720.4306600015,80103.60670999996,117330.86098999997,913647.1576099999,1197486.14471,1295018.5754799992,1510298.3824100003,2609576.8764699996,2946395.1391000017,3349285.3442899995,3214328.043140001
2026-10-07T16:39:55.315964+00:00,obs-20261007-01,LIGHT,HBARUSDT,1.0,0.09321,0.09322,0.09321499999999999,1.0728462611298006,8392555967,0.09321,0.09322,321,27,528078.0054399999,263816.75057000003,522511.89474999957,271490.8731200001,3904.695,5075.7802900000015,107702.92820000001,108874.29439,202143.56790000002,230544.47991000002,395014.33476,389523.15731000004,797461.9123099997,772988.42519
2026-10-07T16:40:55.319089+00:00,obs-20261007-01,LIGHT,PEPEUSDT,1.0,4.05e-06,4.06e-06,4.055e-06,24.691358024691024,8827821287,4.05e-06,4.06e-06,169,12,217963.59634763,74209.46026519,234421.87671018002,74617.03559562002,9.803664900000001,2042.21723832,91930.0096629,134514.5776016,268093.05256650003,253743.67509196,599516.15304469,571013.10803129,935991.1202444101,781431.26404683
2026-10-07T16:40:55.319089+00:00,obs-20261007-01,LIGHT,BNBUSDT,1.0,771.02,771.03,771.025,0.1296983217025094,20908900001,771.02,771.03,402,162,1484199.62166,1658099.4193399996,1466009.8565500004,1689345.605810001,6696.9612,6281.38044,810494.5058500001,699833.2129299995,1254260.17735,2090195.6158699992,2991289.068660001,3652141.9906400032,5309908.599380001,4853842.336500005
2026-10-07T16:40:55.319089+00:00,obs-20261007-01,LIGHT,AAVEUSDT,1.0,171.45,171.46,171.45499999999998,0.5832604257816065,10438890412,171.45,171.46,351,52,1481032.7835399995,416410.39045999973,1470754.083129999,460175.08981,2206.38971,1444.5425599999999,79654.04216,58105.24216999998,116176.62513999997,102117.34832999996,662859.0235199999,159244.8767799999,799682.5430500001,229097.82735999985
2026-10-07T16:40:55.319089+00:00,obs-20261007-01,LIGHT,AVAXUSDT,1.0,11.27,11.271,11.2705,0.8873114463181508,10518525225,11.27,11.271,373,145,1098504.9026499996,1224896.9363899997,1058316.2568499998,1255055.69924,6558.734750000003,36501.53149999998,178353.79686,125310.46151999997,286341.45893,202203.98519000004,435930.6908700001,285829.47185,595118.1568300006,392971.66263000027
2026-10-07T16:40:55.319089+00:00,obs-20261007-01,LIGHT,FILUSDT,1.0,1.0329,1.033,1.03295,0.9681479330048148,9894712968,1.0329,1.033,420,235,539978.022132,361937.75125900004,553949.3130289996,358178.727748,6427.247572999997,28661.998431,62704.027881,53027.661789000005,107536.675325,111437.33766699999,215914.351027,227548.84143600005,349269.893687,333758.04682399984
2026-10-07T16:40:55.319089+00:00,obs-20261007-01,LIGHT,ALGOUSDT,1.0,0.1162,0.1163,0.11624999999999999,8.60585197934638,5664251282,0.1162,0.1163,170,2,73522.06940000002,32376.783199999994,71879.82460000002,37205.331699999995,0.0,381.464,65524.2154,20192.090300000003,95087.2294,50682.184,157579.98119999998,86256.7627,212380.43730000002,117321.27539999998
2026-10-07T16:40:55.319089+00:00,obs-20261007-01,LIGHT,XRPUSDT,1.0,1.4334,1.4335,1.4334500000000001,0.6976419701398839,26676426792,1.4334,1.4335,422,63,2875933.1459600003,2234908.0741499993,2827983.811590002,2238412.5877600005,93445.06655999998,44121.18244,947604.9320299999,1214437.42776,1216817.9896799992,1512808.2678300003,2657526.21084,2943892.973070001,3397733.6023000004,3212940.3912900006
2026-10-07T16:40:55.319089+00:00,obs-20261007-01,LIGHT,HBARUSDT,1.0,0.09322,0.09323,0.093225,1.0727311735680978,8392557178,0.09322,0.09323,254,21,147801.95377000005,169925.84322000004,160984.25302999996,165739.05212999997,679.23972,2206.09652,106836.91423000001,113047.52675,187834.59009,237185.66793,381832.0355,393912.93580000004,788990.3130999997,777182.16916
2026-10-07T16:41:55.329733+00:00,obs-20261007-01,LIGHT,PEPEUSDT,1.0,4.04e-06,4.05e-06,4.045e-06,24.752475247524774,8827822111,4.04e-06,4.05e-06,171,21,438035.27097362006,313433.6841267799,546735.2077764799,222484.4455754401,7170.8997546,5114.306377840001,125822.72310368001,96317.0276265,289798.09190131,248923.21176348,618362.89569366,541215.11048546,947444.3756983101,792000.18161383
2026-10-07T16:41:55.329733+00:00,obs-20261007-01,LIGHT,BNBUSDT,1.0,770.96,770.97,770.965,0.12970841548165524,20908906297,770.96,770.97,408,203,3055138.244680002,2067332.1930800003,3272466.0685799997,2002835.1987699997,10669.197690000003,50258.984540000005,611319.26577,853739.6245999996,1232658.8490399998,2130809.1721600005,2774777.9704500004,3707863.5302800043,5291031.8026,4914930.4481400065
2026-10-07T16:41:55.329733+00:00,obs-20261007-01,LIGHT,AAVEUSDT,1.0,171.31,171.32,171.315,0.5837370848160717,10438892548,171.31,171.32,302,42,1125849.4389800008,381025.4086399999,1138373.3726999997,324787.1882899999,2562.3540800000005,494.8315400000001,73882.80123000001,110708.95527000002,106533.09828000003,145903.03617000006,675487.5472599999,203274.47884000005,1297332.8250600004,272465.00399
2026-10-07T16:41:55.329733+00:00,obs-20261007-01,LIGHT,AVAXUSDT,1.0,11.248,11.249,11.2485,0.889046941678906,10518531418,11.248,11.249,411,95,978784.5210899996,1243148.7703900004,1056201.52812,1190642.0242099997,31502.94775000001,51296.609939999995,134049.82147,114725.55308000001,236157.85144,206656.72519,431511.08733000007,317575.0149099999,538626.4121499999,429263.70138000016
2026-10-07T16:41:55.329733+00:00,obs-20261007-01,LIGHT,FILUSDT,1.0,1.0335,1.0336,1.03355,0.9675858732460796,9894717760,1.0335,1.0336,420,119,409120.73052800016,292975.77805399976,380827.641119,296999.559165,3946.038018999998,6229.183124000002,78565.955937,64555.85618200001,134784.60370200002,121079.94639999999,243851.87966400004,228280.53355899997,368648.868606,339445.65398299985
2026-10-07T16:41:55.329733+00:00,obs-20261007-01,LIGHT,ALGOUSDT,1.0,0.1162,0.1163,0.11624999999999999,8.60585197934638,5664252047,0.1162,0.1163,146,0,93484.35379999997,33621.409999999996,75672.03629999998,29677.656500000005,0.0,0.0,68316.3391,28403.743300000002,101054.9941,55285.31670000001,175392.29869999998,90200.51620000001,219592.3476,121265.12349999999
2026-10-07T16:41:55.329733+00:00,obs-20261007-01,LIGHT,XRPUSDT,1.0,1.4306,1.4307,1.43065,0.6990074094792575,26676435933,1.4306,1.4307,452,182,6651376.57069,6160117.794099999,6710236.187069998,6133244.185140002,233071.65922000003,147979.65597999995,946014.15778,1320254.8723900006,1583115.9072,1528762.104600001,2713993.6714100004,2436566.522530001,3496373.0477500022,3182199.3981500003
2026-10-07T16:41:55.329733+00:00,obs-20261007-01,LIGHT,HBARUSDT,1.0,0.09306,0.09307,0.09306500000000001,1.0745755426611048,8392559517,0.09306,0.09307,295,40,387709.67722,793502.1228699998,429822.71333,758588.52377,8997.969790000001,5904.56759,90048.39386,111744.94455999997,168412.28327,189998.18576999995,361185.39621999994,407825.64085999987,769739.05299,782939.1587299999
2026-10-07T16:42:55.343882+00:00,obs-20261007-01,LIGHT,PEPEUSDT,1.0,4.04e-06,4.05e-06,4.045e-06,24.752475247524774,8827822879,4.04e-06,4.05e-06,172,17,52739.88176701002,322353.78487767,36782.62194598,329961.82090953994,15.757466520000001,1392.4287747,144417.22218296002,100127.39940135,292296.05785597,242673.68630227,634320.15551469,533607.07445359,919052.2148297899,774813.10488612
2026-10-07T16:42:55.343882+00:00,obs-20261007-01,LIGHT,BNBUSDT,1.0,771.18,771.19,771.185,0.1296714126408638,20908912344,771.18,771.19,437,172,3080336.54439,2087359.2962199992,2485603.5517199994,1568034.2226899995,8881.09044,43018.86748000003,841916.5206300004,1066719.2268999997,1599716.9029899999,2558324.08767,3366788.085550001,4239068.293640001,5974812.452980003,5581837.544640003
2026-10-07T16:42:55.343882+00:00,obs-20261007-01,LIGHT,AAVEUSDT,1.0,171.36,171.37,171.365,0.5835667600373462,10438894195,171.36,171.37,313,41,582250.0598099999,390560.36811000004,594018.8181299999,400808.9394100001,8304.116580000002,5285.55208,102465.42819,101445.86562000001,137596.19380000004,142740.56072000004,663252.28193,195973.68777000002,1238490.8962300003,233560.32356999995
2026-10-07T16:42:55.343882+00:00,obs-20261007-01,LIGHT,AVAXUSDT,1.0,11.242,11.243,11.2425,0.8895214374660121,10518539070,11.242,11.243,438,165,1453612.3822399997,1885307.5213499994,1383674.9548500006,1874742.971289999,22961.673709999995,43855.664719999986,213597.82164000004,154031.51867000002,371267.6394500001,235846.89308000007,526623.4453100003,328090.4967500001,569591.4660800006,416084.6089100003
2026-10-07T16:42:55.343882+00:00,obs-20261007-01,LIGHT,FILUSDT,1.0,1.0341,1.0342,1.03415,0.9670244657189464,9894722619,1.0341,1.0342,417,95,475357.6809350001,336995.3557179998,453986.970758,368536.2328179999,2799.97691,4107.64538,102536.524526,63734.194491,173797.481763,122098.915893,265397.3680469999,211919.45493300003,370677.79333399975,297919.665188
2026-10-07T16:42:55.343882+00:00,obs-20261007-01,LIGHT,ALGOUSDT,1.0,0.1163,0.1164,0.11635000000000001,8.598452278589797,5664252487,0.1163,0.1164,141,2,96733.50449999995,40246.342500000006,67036.38230000001,27724.233900000007,0.0,1846.6114000000002,75634.1678,48928.1011,152933.1671,78486.454,197309.69679999998,105335.47230000001,234376.479,119249.96670000002
2026-10-07T16:42:55.343882+00:00,obs-20261007-01,LIGHT,XRPUSDT,1.0,1.4318,1.4319,1.4318499999999998,0.6984215672578564,26676441473,1.4318,1.4319,482,94,4082126.748750002,2593319.5585500007,3813958.3328099996,2905003.042020001,76868.40816,71985.48798,977288.5715199998,1074830.4331999999,1644525.5703500002,1462533.9340799996,2962319.4573700004,2130483.2009499995,3711342.8297200007,2894279.9504999984
2026-10-07T16:42:55.343882+00:00,obs-20261007-01,LIGHT,HBARUSDT,1.0,0.09315,0.09316,0.093155,1.0735373054227004,8392561441,0.09315,0.09316,304,16,443154.30062999995,611494.2493699999,387597.37322,635898.2852099997,199.1284,6639.103089999999,112464.52834999998,122378.81163000001,197171.93476,239639.76639,401230.53076000005,385504.8384100001,798852.77863,746649.65256
2026-10-07T16:43:55.348418+00:00,obs-20261007-01,LIGHT,PEPEUSDT,1.0,4.04e-06,4.05e-06,4.045e-06,24.752475247524774,8827823082,4.04e-06,4.05e-06,114,19,258264.94036320003,34367.81928707,244215.17198496,99801.84920013999,0.0,1801.9618505999997,116692.19711224001,111039.6892086,299224.7813327201,242007.23382756,648369.9238929302,468173.04454052,926085.5705501602,685700.22108063
2026-10-07T16:43:55.348418+00:00,obs-20261007-01,LIGHT,BNBUSDT,1.0,771.05,771.06,771.055,0.12969327540357511,20908917555,771.05,771.06,360,163,1954325.5802499992,1420209.0016199993,1967057.1090199996,1473884.7605600005,14127.230640000007,12740.846659999996,819053.3907,966743.8449899997,1591380.0001099997,2413056.51041,3355152.05309,4184073.1728700045,5944833.250930006,5524108.959590005
2026-10-07T16:43:55.348418+00:00,obs-20261007-01,LIGHT,AAVEUSDT,1.0,171.25,171.26,171.255,0.5839416058384117,10438895868,171.25,171.26,289,46,258041.85198000006,480505.55648,209435.16177,485759.89716999995,1400.5895400000002,1534.5048400000005,100477.44497,67476.94348999999,193247.11050999997,121471.23722999994,715521.23557,182824.11928999994,1293963.8658900005,227642.80379999985
2026-10-07T16:43:55.348418+00:00,obs-20261007-01,LIGHT,AVAXUSDT,1.0,11.212,11.213,11.212499999999999,0.8919015340702607,10518547596,11.212,11.213,463,190,1685549.1042700007,1991551.1226699993,1799782.7654100007,1969057.14791,58770.91602000002,87128.09647,126459.89162999997,151485.86981,287061.21942,241204.72293999995,415928.1344,343539.52593999996,558155.1735,428964.0827600001
2026-10-07T16:43:55.348418+00:00,obs-20261007-01,LIGHT,FILUSDT,1.0,1.0342,1.0345,1.0343499999999999,2.900792883386849,9894726141,1.0342,1.0345,387,101,402426.09130900004,285932.67008699995,387840.67006499966,266719.305641,1907.6915370000004,18131.670732000006,104074.656392,76395.899308,188178.763756,145479.327138,279825.75961599994,234879.13845899998,383783.63873899984,322143.5861870001
2026-10-07T16:43:55.348418+00:00,obs-20261007-01,LIGHT,ALGOUSDT,1.0,0.1162,0.1163,0.11624999999999999,8.60585197934638,5664252802,0.1162,0.1163,111,0,66534.78249999999,6918.0280999999995,70687.1794,7982.531899999999,0.0,0.0,89674.9586,30136.6794,140919.4831,69341.1431,200937.02399999998,101658.121,232993.1059,117762.03689999999
2026-10-07T16:43:55.348418+00:00,obs-20261007-01,LIGHT,XRPUSDT,1.0,1.4305,1.4306,1.4305500000000002,0.6990562740294415,26676446484,1.4305,1.4306,447,73,2539837.6327800015,3080178.5868099984,2747582.8594800006,2775521.547270001,91660.15855000004,30919.191839999985,853965.58864,1294272.3815000004,1579189.24798,1508512.1409500006,2775937.39553,2430815.0446200008,3521717.54325,3150354.35688
2026-10-07T16:43:55.348418+00:00,obs-20261007-01,LIGHT,HBARUSDT,1.0,0.09303,0.09304,0.093035,1.0749220681494087,8392562978,0.09303,0.09304,231,14,224045.80824,435718.21596999984,267195.57749,386657.06877000007,7339.90057,41.12368,117748.35680000001,126717.13876999999,205385.16864000005,217106.18481999997,373652.98591000005,431311.78537,755896.97373,793547.31847
2026-10-07T16:44:55.359669+00:00,obs-20261007-01,LIGHT,PEPEUSDT,1.0,4.04e-06,4.05e-06,4.045e-06,24.752475247524774,8827823377,4.04e-06,4.05e-06,113,13,83989.17045401002,124347.99634172,83964.03243555002,117244.65539894997,1093.42397192,619.6087791,117283.16585592002,108705.17930265001,299953.6159734,250034.79623927,648395.0619113899,475276.38548329,926749.9794566199,688008.72029062
2026-10-07T16:44:55.359669+00:00,obs-20261007-01,LIGHT,BNBUSDT,1.0,771.05,771.06,771.055,0.12969327540357511,20908920267,771.05,771.06,316,85,874690.4318099995,632731.2292899999,829302.0027600001,612712.5571299999,3495.78516,5646.110450000001,866260.6430100001,986607.02388,1637032.3681499998,2433075.18257,3400540.48214,4204091.845030005,5990190.358390005,5545284.595900007
2026-10-07T16:44:55.359669+00:00,obs-20261007-01,LIGHT,AAVEUSDT,1.0,171.28,171.29,171.285,0.5838393274171239,10438898062,171.28,171.29,259,52,615141.2208699998,498777.11818000017,590457.2984199999,496176.68599999987,2149.40112,2528.6368600000005,140662.79262999998,79375.64318,197618.72340999995,131145.48287999997,739107.39362,185443.40574,1315598.2700100003,224904.1041199999
2026-10-07T16:44:55.359669+00:00,obs-20261007-01,LIGHT,AVAXUSDT,1.0,11.24,11.241,11.2405,0.8896797153012947,10518554672,11.24,11.241,432,111,1151625.3671599997,2271610.1046200027,1004412.4271499994,2358132.437739999,4918.378320000002,38527.71753000001,189286.01317000002,143668.26471000002,363404.81982,223136.75299,558903.4095500002,264454.69522,607459.3851300003,354042.3434900001
2026-10-07T16:44:55.359669+00:00,obs-20261007-01,LIGHT,FILUSDT,1.0,1.0344,1.0345,1.03445,0.9667440061877919,9894730263,1.0344,1.0345,418,75,482715.8349019997,313324.07912699983,480129.9262660002,317170.40876,2496.912643999999,1066.347562,102891.98726999998,69376.72014699999,186557.80296799992,141744.709762,282241.7569169999,231319.81567399995,384315.60193999973,315206.41133200005
2026-10-07T16:44:55.359669+00:00,obs-20261007-01,LIGHT,ALGOUSDT,1.0,0.1163,0.1164,0.11635000000000001,8.598452278589797,5664253457,0.1163,0.1164,174,3,208947.9986,27137.67640000001,195858.94629999998,34099.53210000001,478.8071,64.5465,101845.5585,40205.4698,170928.5573,70207.9193,206246.3522,95808.4028,243313.1344,109722.99179999999
2026-10-07T16:44:55.359669+00:00,obs-20261007-01,LIGHT,XRPUSDT,1.0,1.4308,1.4309,1.43085,0.6989097008669454,26676450408,1.4308,1.4309,398,76,2408264.3526600003,1515343.772560001,2249088.9607399995,1733202.1604299995,45718.684420000005,62849.76600000002,1013945.7649899999,1084376.15708,1738761.3885300003,1424835.8396500002,2932876.49512,2216424.0342800007,3668399.59915,2938366.41829
2026-10-07T16:44:55.359669+00:00,obs-20261007-01,LIGHT,HBARUSDT,1.0,0.09302,0.09303,0.093025,1.0750376263168882,8392563793,0.09302,0.09303,208,9,439740.79377000005,140022.29665,431628.99960999994,127924.53661000001,847.57782,5854.191840000001,141406.6243,134785.85979,229999.78394000002,267475.05743000004,382300.70997,442753.61065,764316.6834499999,805477.6356899999
2026-10-07T16:45:55.397723+00:00,obs-20261007-01,LIGHT,PEPEUSDT,1.0,4.05e-06,4.06e-06,4.055e-06,24.691358024691024,8827824036,4.05e-06,4.06e-06,191,16,393184.5513717202,140463.26864260004,254734.11453787005,263249.81143650995,2457.5398376000003,17017.69906165,88304.2616862,138621.88946774,271248.11245332,241250.45855254,598519.80580522,466603.9610608,946190.07051002,658260.01611406
2026-10-07T16:45:55.397723+00:00,obs-20261007-01,LIGHT,BNBUSDT,1.0,771.5,771.51,771.505,0.12961762799745813,20908927416,771.5,771.51,432,188,4560201.367989997,3854256.7822599984,4599165.516829999,3867926.7406499996,127717.11967,36301.5853,849603.9910500001,1029715.5469799995,1565663.1828800002,2435957.4306600015,3349611.7844000016,4350162.097310004,5757243.162460006,5593652.636640005
2026-10-07T16:45:55.397723+00:00,obs-20261007-01,LIGHT,AAVEUSDT,1.0,171.62,171.63,171.625,0.5826826710175759,10438900460,171.62,171.63,296,50,868483.8113099996,638225.2808699998,861967.0490600001,676103.6320900002,602.27926,5888.327630000001,115077.25709000001,59955.04323,179803.62054999996,113924.82175,721121.24298,165569.4081499999,815026.4364600002,193980.5559799999
2026-10-07T16:45:55.397723+00:00,obs-20261007-01,LIGHT,AVAXUSDT,1.0,11.246,11.247,11.246500000000001,0.8892050506847937,10518562814,11.246,11.247,453,154,1454444.2143400009,1920669.35814,1467772.1784599999,1932360.8798500001,24705.06056,19275.375090000005,155268.12932999997,134736.90548000002,340878.78003,226128.85435999994,545187.27728,252791.11212999996,591974.5504300002,342433.5217200002
2026-10-07T16:45:55.397723+00:00,obs-20261007-01,LIGHT,FILUSDT,1.0,1.0359,1.036,1.0359500000000001,0.9653441451873412,9894733944,1.0359,1.036,406,49,413031.9478239999,271074.1242949999,378901.03763299994,321914.77384299994,1698.3570509999997,2866.3739180000002,113734.489901,57944.389757000004,192576.026948,131656.132099,290840.9916130001,196231.71562500007,417389.60705199995,278655.0231410001
2026-10-07T16:45:55.397723+00:00,obs-20261007-01,LIGHT,ALGOUSDT,1.0,0.1164,0.1165,0.11645,8.59106529209619,5664254370,0.1164,0.1165,224,3,141672.2651999999,46616.83940000002,131171.14270000003,45328.86700000001,0.0,3083.3262,90066.8761,33972.5324,145141.0776,70758.0887,211547.4619,97366.2672,251127.8177,111281.434
2026-10-07T16:45:55.397723+00:00,obs-20261007-01,LIGHT,XRPUSDT,1.0,1.4324,1.4325,1.43245,0.6981290142427099,26676456444,1.4324,1.4325,480,77,3309996.631619998,2983947.13012,3053630.0816700007,3150562.1157299997,66540.35247,105026.01266,1109581.8101299999,877130.1926099999,1711039.3741600006,1403275.6838600005,3130884.7532600015,2067324.5237800009,3896922.6285700006,2821784.31551
2026-10-07T16:45:55.397723+00:00,obs-20261007-01,LIGHT,HBARUSDT,1.0,0.09313,0.09314,0.093135,1.0737678513894622,8392565519,0.09313,0.09314,260,19,896023.6199099998,204564.99116999996,861866.1981900005,257348.31629999998,209.46427,2871.05127,137683.26234,122178.29570999998,214869.99525,247255.54017999995,396634.06812000007,393874.86979999987,798307.32028,754739.8708899998
2026-10-07T16:46:55.458722+00:00,obs-20261007-01,LIGHT,PEPEUSDT,1.0,4.05e-06,4.06e-06,4.055e-06,24.691358024691024,8827824519,4.05e-06,4.06e-06,180,14,307440.10774243996,391675.5501379101,298529.12544337,284144.35108317004,0.0,715.9765340000001,88304.2616862,135847.42602088,273838.40391544,256003.50585247,607430.78810429,574135.16011554,955309.85222342,769787.2578196999
2026-10-07T16:46:55.458722+00:00,obs-20261007-01,LIGHT,BNBUSDT,1.0,771.61,771.62,771.615,0.12959914982957343,20908936592,771.61,771.62,467,243,5198000.470820001,5176405.382560002,5103077.604400001,5279508.104639999,22261.697820000005,75922.21666999995,747548.5540900003,1032534.8777299998,1491708.4453300002,2562769.7145900023,3440745.6399500016,4247844.898460005,5657358.945760004,5698944.188050006
2026-10-07T16:46:55.458722+00:00,obs-20261007-01,LIGHT,AAVEUSDT,1.0,171.67,171.68,171.675,0.582512960913828,10438903407,171.67,171.68,364,103,1794627.5655500006,594780.46197,1813069.6336900014,593619.6923599999,4047.84376,27357.764810000004,91013.1799,44302.25666000002,178030.91647000003,99839.82047000004,704873.5024300002,162312.29552999997,795062.8615100005,192427.79033999998
2026-10-07T16:46:55.458722+00:00,obs-20261007-01,LIGHT,AVAXUSDT,1.0,11.247,11.248,11.247499999999999,0.8891259891519177,10518571717,11.247,11.248,481,157,1475116.5969999991,2232960.9072900005,1530343.9836299988,2179717.1387899974,20841.476340000005,20440.06719999999,171494.96288,145522.04670999997,339175.1323499999,235083.59089,493368.4083299998,305042.33200999984,537028.4343899996,394682.9896999999
2026-10-07T16:46:55.458722+00:00,obs-20261007-01,LIGHT,FILUSDT,1.0,1.035,1.0351,1.03505,0.9661835748797643,9894737686,1.035,1.0351,378,82,355350.78673100006,272959.7170179999,384607.1943320001,248301.03499,4797.833108000003,1259.36835,98893.057532,81651.242855,189010.55549600002,143288.53145300003,279235.23533399985,216221.74023,389823.5414579997,305221.61030400003
2026-10-07T16:46:55.458722+00:00,obs-20261007-01,LIGHT,ALGOUSDT,1.0,0.1163,0.1164,0.11635000000000001,8.598452278589797,5664255692,0.1163,0.1164,227,3,203174.2269,92135.48509999999,247137.82999999996,87706.79580000002,0.0,3083.8715,48827.8913,24494.534200000002,124314.49340000002,64850.0904,169977.65730000002,98882.2397,201927.62500000006,119912.3247
2026-10-07T16:46:55.458722+00:00,obs-20261007-01,LIGHT,XRPUSDT,1.0,1.432,1.4321,1.4320499999999998,0.6983240223457088,26676464249,1.432,1.4321,485,88,4938428.215690002,5262929.772130001,5295910.980799998,4957913.43193,79287.21291000003,67206.94681000002,1077578.55011,1102382.2297099999,1725241.06683,1578751.9499200003,2809559.061760001,2361022.450140001,3558623.644150001,3125549.31573
2026-10-07T16:46:55.458722+00:00,obs-20261007-01,LIGHT,HBARUSDT,1.0,0.09316,0.09317,0.093165,1.073422069557406,8392568272,0.09316,0.09317,345,44,1047639.2265199992,366934.6113599999,1069691.72229,367096.2555899999,9209.836729999999,7208.724289999999,106463.48075,123394.61124000001,228102.28074,245485.63421000008,368807.49356,394377.68856,775586.3445699998,754718.54166
2026-10-07T16:47:55.479790+00:00,obs-20261007-01,LIGHT,PEPEUSDT,1.0,4.04e-06,4.05e-06,4.045e-06,24.752475247524774,8827825070,4.04e-06,4.05e-06,173,16,237148.14942324994,252798.37338707002,336985.35962357005,231225.92043569993,8300.25310455,1187.78998437,124720.54739692001,89201.63590425,313945.16241181,250378.87112885,648098.8215412099,476728.06370179,926307.24986686,795406.27199315
2026-10-07T16:47:55.479790+00:00,obs-20261007-01,LIGHT,BNBUSDT,1.0,771.03,771.04,771.035,0.12969663955919586,20908942542,771.03,771.04,429,129,3519103.4892,4244973.473049998,3762881.5689200005,4194195.15178,11752.050870000008,2909.601350000001,781816.2634199997,938785.8470299996,1451547.4698499995,2432261.21821,3404583.69929,4138000.1420800034,5823105.632260006,5630603.662820003
2026-10-07T16:47:55.479790+00:00,obs-20261007-01,LIGHT,AAVEUSDT,1.0,171.53,171.54,171.535,0.5829883985297712,10438904704,171.53,171.54,273,29,709147.7613400001,547293.1825399998,696607.8477300003,482723.42957,1371.38028,267.95532,118372.16468000002,119825.44467,202506.79032999996,169397.11795000007,730123.4657900002,213936.56058,814288.3339900004,256176.30933
2026-10-07T16:47:55.479790+00:00,obs-20261007-01,LIGHT,AVAXUSDT,1.0,11.241,11.242,11.2415,0.8896005693448394,10518577693,11.241,11.242,389,93,1175460.3931700003,1418345.0501799993,1155871.6380099999,1406507.1017900005,7643.808489999999,20800.612200000003,183060.63436999996,140777.75776,365373.08592999994,246378.92784999998,513336.54038999986,316380.6550799999,558428.9987599996,407699.01305
2026-10-07T16:47:55.479790+00:00,obs-20261007-01,LIGHT,FILUSDT,1.0,1.0329,1.033,1.03295,0.9681479330048148,9894740590,1.0329,1.033,312,73,290115.21178300004,232249.67831599992,354420.31885200005,184638.0880250001,2062.6577419999994,428.7990350000001,79838.35873100001,74273.536661,162769.93894300002,141371.98392499998,242718.35536000002,248283.96651899986,354983.449668,338428.33888899966
2026-10-07T16:47:55.479790+00:00,obs-20261007-01,LIGHT,ALGOUSDT,1.0,0.1163,0.1164,0.11635000000000001,8.598452278589797,5664256267,0.1163,0.1164,162,0,189333.5285,44494.7498,186443.41400000002,33563.36220000001,0.0,0.0,54779.46569999999,38492.114700000006,129263.9194,76554.7826,172867.7718,109813.62730000001,209551.03279999996,128200.69850000001
2026-10-07T16:47:55.479790+00:00,obs-20261007-01,LIGHT,XRPUSDT,1.0,1.431,1.4311,1.43105,0.6988120195661196,26676468646,1.431,1.4311,428,63,2477269.583029999,2722125.2086900007,2639640.6745100017,2419624.371539999,54707.01331,42425.90522000001,999178.55748,1383360.0783099995,1453909.8501300002,1718766.90295,2666203.980879999,2662605.598010001,3413788.3635999993,3384821.7824799996
2026-10-07T16:47:55.479790+00:00,obs-20261007-01,LIGHT,HBARUSDT,1.0,0.09302,0.09303,0.093025,1.0750376263168882,8392570618,0.09302,0.09303,373,29,366222.0730299998,589439.5255100001,365737.77122000017,543717.5033799999,2170.38299,6659.04782,142529.26621,131079.17421,236968.75024000008,259461.25843999998,389717.8021600001,431436.67243,776296.9820799999,798254.68846
2026-10-07T16:48:55.490827+00:00,obs-20261007-01,LIGHT,PEPEUSDT,1.0,4.04e-06,4.05e-06,4.045e-06,24.752475247524774,8827826317,4.04e-06,4.05e-06,207,27,613164.4274254899,302069.8620873,633964.0624130499,300583.0251610901,274490.78589514,10851.45690529,50835.0424924,137435.28669045,252236.68127490004,257048.19267197,594825.70632565,477606.73497527995,895197.1012013499,799666.5577244699
2026-10-07T16:48:55.490827+00:00,obs-20261007-01,LIGHT,BNBUSDT,1.0,770.88,770.89,770.885,0.12972187629634035,20908948997,770.88,770.89,426,129,2266518.1483099987,2444392.6685099984,2263624.35366,2447811.47564,5385.36356,5818.77394,827804.22681,935166.3934599996,1458578.70648,2424789.7737799995,3217706.7619699994,4123807.6776600033,5826775.713440006,5623829.64508
2026-10-07T16:48:55.490827+00:00,obs-20261007-01,LIGHT,AAVEUSDT,1.0,171.52,171.53,171.525,0.5830223880587404,10438907079,171.52,171.53,309,89,665700.0847999998,763792.2589900001,562758.6938199998,789443.17551,2116.2481400000006,17213.363769999996,253922.04438000006,96851.5587,301566.06233000016,136732.09228999997,833064.8567700003,186184.4680599999,913246.5475600004,227078.10920999988
2026-10-07T16:48:55.490827+00:00,obs-20261007-01,LIGHT,AVAXUSDT,1.0,11.251,11.252,11.2515,0.888809883567987,10518584160,11.251,11.252,432,147,1274252.6210299996,1687373.550910001,1263672.98295,1731061.4765899999,5030.230109999999,17287.092020000004,155913.63009000002,131568.91767,336810.05796999997,215923.76065,523023.30556999997,274024.07300000003,563764.0029899998,364442.6011900001
2026-10-07T16:48:55.490827+00:00,obs-20261007-01,LIGHT,FILUSDT,1.0,1.0325,1.0326,1.03255,0.9685230024203406,9894744257,1.0325,1.0326,363,74,386987.9651499999,334521.8765910002,388144.0696830002,329809.94021300005,3127.4041720000005,1373.8872009999998,106606.296947,64791.055235999986,173755.000185,138733.65586199999,252594.24323600004,248962.03319000002,360829.2963080001,332807.9245849999
2026-10-07T16:48:55.490827+00:00,obs-20261007-01,LIGHT,ALGOUSDT,1.0,0.1163,0.1164,0.11635000000000001,8.598452278589797,5664257005,0.1163,0.1164,182,0,109336.14090000001,16813.6188,107674.78190000002,18007.324699999997,0.0,0.0,56630.1069,37292.9087,131046.4512,75230.8629,174529.13079999998,108619.92139999999,211217.42099999997,127006.9926
2026-10-07T16:48:55.490827+00:00,obs-20261007-01,LIGHT,XRPUSDT,1.0,1.4298,1.4299,1.42985,0.6993985172742967,26676474921,1.4298,1.4299,456,127,4293803.888159998,3424046.693479999,4280266.44085,3596735.238809999,192931.25492000004,76595.34593000002,862406.3949200002,1062830.6705399996,1504709.5820900006,1534873.7879699995,2687558.5166100003,2484687.3944699997,3476814.6223300016,3204363.119729999
2026-10-07T16:48:55.490827+00:00,obs-20261007-01,LIGHT,HBARUSDT,1.0,0.09298,0.09299,0.092985,1.075500107550198,8392573033,0.09298,0.09299,327,38,513847.6281299998,822487.0182600003,520800.8540499999,825332.0917100002,5714.0738599999995,6074.0829,97781.65673999999,129787.80325999999,175195.37008,245418.63537,392190.0591599999,427048.9623799999,769491.0242599999,777119.3414799997
2026-10-07T16:49:55.497064+00:00,obs-20261007-01,LIGHT,PEPEUSDT,1.0,4.03e-06,4.04e-06,4.035e-06,24.81389578163684,8827827332,4.03e-06,4.04e-06,221,59,353801.66022154,333531.56648782006,431016.3458205199,274708.5426972302,90079.74712844001,27014.962364990006,148606.84737899,46040.4234164,302957.44922501,193662.39678275,620048.6527146699,425924.23131378996,882112.9964246299,839618.2860663
2026-10-07T16:49:55.497064+00:00,obs-20261007-01,LIGHT,BNBUSDT,1.0,770.94,770.95,770.945,0.12971178042331388,20908955562,770.94,770.95,400,154,3213327.796579999,2540449.9552600016,3224839.0074000023,2539486.0625599995,3425.8956000000003,6519.044039999999,841604.6099699999,963448.1096699997,1450852.6847499995,2428612.58375,3205946.7472,4124981.795750004,5814190.422540008,5625821.159460001
2026-10-07T16:49:55.497064+00:00,obs-20261007-01,LIGHT,AAVEUSDT,1.0,171.64,171.65,171.64499999999998,0.5826147751109012,10438908714,171.64,171.65,270,30,774454.8465999997,579791.9305700001,766538.4331899994,562694.2544000002,1044.1666100000002,1453.21246,213907.36775000003,113234.78879,301466.6678000001,171519.77032,825129.1949000002,218280.7799999999,913388.3723400005,247468.31066999992
2026-10-07T16:49:55.497064+00:00,obs-20261007-01,LIGHT,AVAXUSDT,1.0,11.272,11.273,11.2725,0.8871540099364417,10518592376,11.272,11.273,453,163,1766176.3750500001,2141079.4284600005,1755034.3520199992,2151223.0203799983,23523.52753000001,55234.620700000014,126192.73127000002,149498.40483,304123.4960000001,212142.9629900001,458067.16425999993,267003.4203800001,557238.0776300001,362784.1787000002
2026-10-07T16:49:55.497064+00:00,obs-20261007-01,LIGHT,FILUSDT,1.0,1.033,1.0331,1.0330499999999998,0.9680542110346302,9894746455,1.033,1.0331,320,33,219546.717401,168959.45655099998,193623.04442600004,161245.72833200006,1861.3575349999999,2463.750125,95223.159142,82438.08333100002,173591.214574,149434.49595800004,271430.7127139999,261054.30855200003,383342.1751619998,344335.616558
2026-10-07T16:49:55.497064+00:00,obs-20261007-01,LIGHT,ALGOUSDT,1.0,0.1163,0.1164,0.11635000000000001,8.598452278589797,5664257574,0.1163,0.1164,163,0,88948.49199999997,27121.543200000004,75804.94279999998,27376.002499999995,0.0,0.0,73296.0245,41824.899900000004,144233.3752,74976.4036,187672.68,108365.4621,224361.1796,126752.53330000001
2026-10-07T16:49:55.497064+00:00,obs-20261007-01,LIGHT,XRPUSDT,1.0,1.4303,1.4304,1.4303499999999998,0.6991540236311877,26676480653,1.4303,1.4304,508,73,3336213.880129999,2229868.9171,3263223.190470002,2425359.6198499994,105017.16908999998,59267.2885,826522.9911399999,997869.9631500002,1522155.3080600002,1377277.8483700003,2756946.850789999,2306211.0458500003,3543757.541360001,3014284.9749900005
2026-10-07T16:49:55.497064+00:00,obs-20261007-01,LIGHT,HBARUSDT,1.0,0.09295,0.09296,0.09295500000000001,1.0758472296923394,8392574563,0.09295,0.09296,294,25,276118.35946,211439.78661,272351.48790000007,199468.36055,1170.8336700000002,3499.4111499999995,129980.57441999999,130415.59380000002,233946.03845000005,248610.59188000008,396045.37334999995,437788.62928000005,883559.4963899999,787991.1450499999
2026-10-07T16:50:55.497255+00:00,obs-20261007-01,LIGHT,PEPEUSDT,1.0,4.04e-06,4.05e-06,4.045e-06,24.752475247524774,8827828121,4.04e-06,4.05e-06,216,15,305674.4879266499,203256.48847734998,173205.2009941,257027.8351755099,694.0128319700001,5380.33801073,116769.90762728,113467.68680760001,303590.77719547,260434.7847433,607144.92102722,482432.89535947,899068.23012227,799792.3531833
2026-10-07T16:50:55.497255+00:00,obs-20261007-01,LIGHT,BNBUSDT,1.0,771.8,771.81,771.805,0.1295672453993646,20908962374,771.8,771.81,402,172,4170449.9337799987,3294401.095779999,4252027.093590001,3482618.93175,33330.83685,11300.4581,837192.7421000006,1016647.7039399999,1461572.2806700005,2507165.1528200028,3069551.077500002,4109524.926850004,5524426.559740006,5552829.925160003
2026-10-07T16:50:55.497255+00:00,obs-20261007-01,LIGHT,AAVEUSDT,1.0,171.98,171.99,171.985,0.5814629608114075,10438911499,171.98,171.99,316,66,995703.86811,593198.9790699997,1067943.1869400002,622333.67503,1212.6657400000001,15185.058699999998,94376.57930000001,102801.61142000002,187821.57307000004,155836.03019999998,261179.71355000013,192684.84031999996,820595.2146900002,221600.39477999992
2026-10-07T16:50:55.497255+00:00,obs-20261007-01,LIGHT,AVAXUSDT,1.0,11.281,11.282,11.281500000000001,0.8864462370361537,10518597783,11.281,11.282,397,86,873307.5936199996,1439354.4976799998,836302.53193,1471020.3477099994,9521.172459999998,18719.81591,134682.73687999998,141882.39177999998,321427.10832,209174.69937,494783.91522999987,235642.06746,586653.60515,351388.6765100002
2026-10-07T16:50:55.497255+00:00,obs-20261007-01,LIGHT,FILUSDT,1.0,1.0359,1.036,1.0359500000000001,0.9653441451873412,9894749687,1.0359,1.036,368,45,380334.42332299997,276357.00459299993,324959.47898300027,351390.90972000017,1347.583823,5164.063890999999,83675.12725700001,85195.912554,171231.44521099998,154517.41096300003,288181.96761299996,210171.883363,424086.8735219996,294817.44229600014
2026-10-07T16:50:55.497255+00:00,obs-20261007-01,LIGHT,ALGOUSDT,1.0,0.1165,0.1166,0.11655,8.58369098712286,5664258255,0.1165,0.1166,171,9,143753.4466,42937.8338,120595.68320000001,69286.54530000001,718.9666000000001,3085.0307000000003,89874.5595,27288.9374,139348.7786,61096.7699,202768.3816,88457.30050000003,233969.2666,101195.45860000001
2026-10-07T16:50:55.497255+00:00,obs-20261007-01,LIGHT,XRPUSDT,1.0,1.4315,1.4316,1.43155,0.6985679357307539,26676485819,1.4315,1.4316,442,103,3354876.95017,2391934.58629,3177290.819220001,2657047.7898499994,97185.47762000002,103639.62839999999,875639.3682,951869.6961100003,1563739.5525499997,1373244.91463,2909096.9393800003,2046918.7256600007,3662960.6313900016,2799494.99186
2026-10-07T16:50:55.497255+00:00,obs-20261007-01,LIGHT,HBARUSDT,1.0,0.09311,0.09312,0.093115,1.0739984964014404,8392576659,0.09311,0.09312,307,43,1102464.0565799996,301776.76193000004,1091350.99619,356341.5384699998,4930.621429999999,3775.809979999999,132317.26090999998,124022.47586,197558.40237999998,238773.97014000002,396969.08598999993,387936.7655,779512.6165799998,735638.26733
2026-10-07T16:51:55.516874+00:00,obs-20261007-01,LIGHT,PEPEUSDT,1.0,4.04e-06,4.05e-06,4.045e-06,24.752475247524774,8827828832,4.04e-06,4.05e-06,184,15,416288.59932257986,322693.84151854995,417689.14710580977,342923.14412733994,438.26361572,14692.940908200002,101016.5585258,104502.6109305,303062.88455293,239170.67372214,605744.37324399,462203.59275068,897757.75609784,696982.56237109
2026-10-07T16:51:55.516874+00:00,obs-20261007-01,LIGHT,BNBUSDT,1.0,771.64,771.65,771.645,0.12959411124446873,20908970472,771.64,771.65,458,217,4397727.903179999,3976415.56789,4229873.021180001,3886134.907329998,8586.39049,28326.86167,732236.4635200001,1014272.03303,1510734.3898100003,2591458.900700001,3464057.4954900006,4198305.947590005,5700143.300970003,5648372.786410001
2026-10-07T16:51:55.516874+00:00,obs-20261007-01,LIGHT,AAVEUSDT,1.0,171.89,171.9,171.89499999999998,0.5817674093910874,10438915010,171.89,171.9,368,127,1161750.93916,648661.1859400002,1076490.1406000003,630725.6071800002,9462.118469999996,4303.31584,204224.83441999997,102089.43082999998,296591.54831,167678.05377999993,354630.53462000005,210303.4454499998,920578.68766,239184.6729799998
2026-10-07T16:51:55.516874+00:00,obs-20261007-01,LIGHT,AVAXUSDT,1.0,11.298,11.299,11.2985,0.8851124092745799,10518608720,11.298,11.299,485,262,1907897.7704699992,2602238.6499999985,1993104.046250002,2622050.217260001,52453.63537999998,62606.33306,154967.18397,115478.66068999999,285532.7384000001,170483.02682,405522.08868000004,286980.69391000003,491337.8490599999,340549.13601000037
2026-10-07T16:51:55.516874+00:00,obs-20261007-01,LIGHT,FILUSDT,1.0,1.0363,1.0364,1.03635,0.9649715333392983,9894753053,1.0363,1.0364,359,41,392892.58487699996,299624.93988899986,375878.32143700006,315308.8545290001,972.8884790000001,3448.9610399999992,94329.95141999998,79867.37778499999,182285.44158699998,146669.242214,296636.07207199995,201298.39637699997,432248.80391199974,280433.9413950001
2026-10-07T16:51:55.516874+00:00,obs-20261007-01,LIGHT,ALGOUSDT,1.0,0.1165,0.1166,0.11655,8.58369098712286,5664258850,0.1165,0.1166,193,0,110378.98750000003,42542.95880000005,102709.09840000005,21912.319099999993,0.0,0.0,101793.5116,42884.365,160131.38940000001,81596.61439999999,210438.2707,109087.9402,240535.87360000002,121573.2995
2026-10-07T16:51:55.516874+00:00,obs-20261007-01,LIGHT,XRPUSDT,1.0,1.4306,1.4307,1.43065,0.6990074094792575,26676492952,1.4306,1.4307,489,100,3943027.8013699986,4578307.884429993,4043304.958350001,4268068.128389998,92536.41496000002,43272.16731,893982.4883200001,1134321.87851,1491670.8526099997,1552247.0425299995,2831402.5845700004,2353910.93862,3578845.5660500014,3062413.6173099997
2026-10-07T16:51:55.516874+00:00,obs-20261007-01,LIGHT,HBARUSDT,1.0,0.09304,0.09305,0.09304499999999999,1.0748065348242797,8392579907,0.09304,0.09305,329,52,897900.11952,1604758.9772200005,919258.6150100006,1577949.85218,4191.18667,4659.46981,95831.4054,127754.61022000002,205589.26755000002,251162.54081999997,375750.08280000003,412950.3958999999,758256.2814999999,760424.2260799998
2026-10-07T16:52:55.517086+00:00,obs-20261007-01,LIGHT,PEPEUSDT,1.0,4.04e-06,4.05e-06,4.045e-06,24.752475247524774,8827829185,4.04e-06,4.05e-06,143,19,233530.10567689,67048.07723825,293235.82075003005,63544.27442493001,1467.9296368,932.4048915,10710.54055196,124592.5018674,212968.86090865,243357.66664986,546038.65817085,465707.395564,863000.20530712,695691.52345163
2026-10-07T16:52:55.517086+00:00,obs-20261007-01,LIGHT,BNBUSDT,1.0,771.31,771.32,771.315,0.1296495572478129,20908975802,771.31,771.32,384,166,1772510.9249800013,2128148.0752199995,1827528.2989899989,2082810.066110001,8066.995319999998,4693.713409999998,794446.6744799999,986559.2888099998,1462816.741999999,2474289.30616,3417033.1937800003,4196090.644290003,5725324.906000003,5580251.6974
2026-10-07T16:52:55.517086+00:00,obs-20261007-01,LIGHT,AAVEUSDT,1.0,171.82,171.83,171.825,0.582004423235194,10438916950,171.82,171.83,248,42,368384.82257000013,295997.2713900001,462383.88706,332406.7092799999,1258.4373900000003,924.8898300000001,118562.42262999997,62868.00875,205979.00746999998,119456.67319000003,269927.1497400001,173690.20501999988,829174.15193,202897.0956599999
2026-10-07T16:52:55.517086+00:00,obs-20261007-01,LIGHT,AVAXUSDT,1.0,11.269,11.27,11.2695,0.887390185464465,10518615527,11.269,11.27,444,86,1204362.3289900003,1867491.4560500016,1200974.2174499999,1767112.1646100017,2807.1222,27858.148389999995,155089.43308999998,138860.38793,310909.84459000005,219784.16095000005,414277.2830999999,313518.4611700001,514144.66419999965,411026.1403400003
2026-10-07T16:52:55.517086+00:00,obs-20261007-01,LIGHT,FILUSDT,1.0,1.0346,1.0347,1.03465,0.9665571235251136,9894755751,1.0346,1.0347,328,53,291777.038449,237616.35244499985,343358.74849399994,197894.93093200002,4320.899971000001,1368.905215,105632.519272,70795.31231800001,189797.98391400004,139742.71036900004,271311.58525999996,226094.57832100007,382333.70735699945,311865.75431100006
2026-10-07T16:52:55.517086+00:00,obs-20261007-01,LIGHT,ALGOUSDT,1.0,0.1164,0.1165,0.11645,8.59106529209619,5664259420,0.1164,0.1165,125,2,72759.2219,38770.25069999999,80642.22469999999,32925.62419999999,3179.1317,0.0,93087.5606,38733.3249,157761.4591,79527.5496,205253.51849999998,108761.90879999999,240501.6665,127149.5811
2026-10-07T16:52:55.517086+00:00,obs-20261007-01,LIGHT,XRPUSDT,1.0,1.4294,1.4295,1.42945,0.6995942353427154,26676498481,1.4294,1.4295,440,84,2739011.8616900016,3100747.0569800017,3083909.824049999,2718520.3466300014,119233.93318,45439.472119999984,853254.5096600001,1206241.59592,1443632.7209000005,1787931.28683,2495116.286430001,2720804.46175,3301895.4702200014,3438724.348719999
2026-10-07T16:52:55.517086+00:00,obs-20261007-01,LIGHT,HBARUSDT,1.0,0.09294,0.09295,0.092945,1.0759629868739573,8392581817,0.09294,0.09295,273,16,362826.91736,730615.73237,343709.5348800001,693018.5215400001,777.3590999999999,627.85311,131117.86029000004,143179.44188999996,244232.7760900001,262143.65467,404952.93247000006,441392.51295999996,887831.43941,797310.4738599999
2026-10-07T16:53:55.562943+00:00,obs-20261007-01,LIGHT,PEPEUSDT,1.0,4.03e-06,4.04e-06,4.035e-06,24.81389578163684,8827829672,4.03e-06,4.04e-06,145,16,247706.48757677,373323.39321666013,293923.15490559005,242229.86301299,2616.0564869699997,1670.1518650799999,108656.88044016,109392.24984260001,297708.8822511,244724.73400805,619214.8260860299,486520.91502383,880014.7549252199,854724.31496123
2026-10-07T16:53:55.562943+00:00,obs-20261007-01,LIGHT,BNBUSDT,1.0,771.19,771.2,771.195,0.12966973119477032,20908981332,771.19,771.2,397,134,2821379.918210002,2648608.70728,3025215.1954700025,2605389.901929999,10276.96674,4006.3581899999995,834752.6808100003,1133105.7675799998,1458621.4834199997,2480197.00764,3221649.902200001,4128661.9844800048,5811579.740230004,5617461.846120004
2026-10-07T16:53:55.562943+00:00,obs-20261007-01,LIGHT,AAVEUSDT,1.0,171.8,171.81,171.805,0.5820721769489445,10438918686,171.8,171.81,248,34,860582.7478299999,386195.3722699998,865807.4090899999,344593.19982999994,632.9007,10593.39209,114925.12116999998,111364.04846,200944.15611,162624.75239999997,266702.35418000014,215228.3442199998,818847.8262100001,244288.71831999984
2026-10-07T16:53:55.562943+00:00,obs-20261007-01,LIGHT,AVAXUSDT,1.0,11.284,11.285,11.284500000000001,0.8862105636286977,10518622614,11.284,11.285,441,101,1463782.63208,1700186.7443399993,1439486.1727300005,1743009.008489999,12165.041139999998,49621.814719999995,131106.51967999997,125825.15773999998,275918.07938000007,204879.43167,436677.8344,272788.49452,529007.6047299998,397332.3535500003
2026-10-07T16:53:55.562943+00:00,obs-20261007-01,LIGHT,FILUSDT,1.0,1.0335,1.0336,1.03355,0.9675858732460796,9894758037,1.0335,1.0336,348,51,250364.74866000004,211990.00401899999,256515.185443,192961.04677999995,2377.2367400000003,964.37105,96795.21454,69254.25719599999,200687.62007599993,137284.805243,280950.84126999986,240544.263395,383998.5858439994,324309.19138699985
2026-10-07T16:53:55.562943+00:00,obs-20261007-01,LIGHT,ALGOUSDT,1.0,0.1164,0.1165,0.11645,8.59106529209619,5664260212,0.1164,0.1165,141,11,47769.46690000001,36400.32239999999,53009.706300000005,40674.587499999994,7664.2416,540.7944,79953.1701,38504.9553,149357.7828,78880.9668,200013.27909999996,104487.64369999999,235261.37759999995,122875.31599999999
2026-10-07T16:53:55.562943+00:00,obs-20261007-01,LIGHT,XRPUSDT,1.0,1.4282,1.4283,1.4282499999999998,0.700182047332909,26676504078,1.4282,1.4283,467,102,3164988.3949799985,3294797.6540500023,3169318.38765,3294973.57402,129062.83782000004,73266.88021999999,863093.0834499999,1147631.3600299999,1488549.2678899998,1907573.0428699998,2546544.26102,2716771.721340001,4185810.1775900004,3435099.3214400006
2026-10-07T16:53:55.562943+00:00,obs-20261007-01,LIGHT,HBARUSDT,1.0,0.09282,0.09283,0.09282499999999999,1.0773540185304853,8392585315,0.09282,0.09283,339,135,1107753.4136300005,1153915.0101299998,1100084.3064399995,1108594.0303800004,24379.275949999996,7190.559539999989,141349.85529000004,103191.16637999997,237094.94892000005,215867.49993,431495.8860000001,369196.65969999996,888833.9216700003,715705.9685800001
2026-10-07T16:54:55.579418+00:00,obs-20261007-01,LIGHT,PEPEUSDT,1.0,4.03e-06,4.04e-06,4.035e-06,24.81389578163684,8827830020,4.03e-06,4.04e-06,140,19,170017.84638367002,240219.27341699,169443.58632739002,259994.36728863005,2587.46306364,2263.8829668400003,128342.90474278001,75180.3465266,298902.863194,224523.96505549998,619789.0861423099,466745.82115219,880589.0149829501,849426.93470257
2026-10-07T16:54:55.579418+00:00,obs-20261007-01,LIGHT,BNBUSDT,1.0,771.12,771.13,771.125,0.12968150223002795,20908983683,771.12,771.13,336,78,546947.9644699997,795301.27693,537802.55208,814168.8294699994,2905.58493,1650.9900799999998,854685.69197,932761.5372299994,1471713.0931999995,2364786.70901,3231421.3355900003,4108046.604820004,5832103.651220005,5599952.925060002
2026-10-07T16:54:55.579418+00:00,obs-20261007-01,LIGHT,AAVEUSDT,1.0,171.71,171.72,171.715,0.5823772639912406,10438919875,171.71,171.72,214,21,171398.66019999993,118216.12018999999,167750.89132999998,117231.99442,894.5924,21.46502,150870.45082,102965.98435999999,214310.78463000004,158676.68483,739846.6158500001,212261.85114999986,816983.1915700001,243691.86500999986
2026-10-07T16:54:55.579418+00:00,obs-20261007-01,LIGHT,AVAXUSDT,1.0,11.287,11.288,11.287500000000001,0.8859750155032486,10518627907,11.287,11.288,413,74,1147753.9485700005,1406341.1315000001,1120035.3118799992,1405444.4362600008,5871.592630000002,13416.194290000001,170429.37798,136280.81533999997,345074.9790499999,216441.16448000004,463698.4473899999,275296.34932,555616.4464800003,399428.8282400003
2026-10-07T16:54:55.579418+00:00,obs-20261007-01,LIGHT,FILUSDT,1.0,1.0324,1.0325,1.0324499999999999,0.9686168151867847,9894769357,1.0324,1.0325,358,112,347906.9486670001,330535.49071699986,376596.85588400014,304694.1440049999,5899.6987139999965,3993.582655,94021.44368199998,65053.30297399999,189227.47040899997,138059.782721,263641.5105929999,258479.43593,368096.2186119996,338577.44083800004
2026-10-07T16:54:55.579418+00:00,obs-20261007-01,LIGHT,ALGOUSDT,1.0,0.1163,0.1164,0.11635000000000001,8.598452278589797,5664261015,0.1163,0.1164,173,4,77069.86540000001,30906.2899,85644.9735,30653.369400000003,4238.0557,0.0,106743.9877,24204.9701,160481.1305,67640.2753,195226.52300000002,102968.685,227772.962,122857.8379
2026-10-07T16:54:55.579418+00:00,obs-20261007-01,LIGHT,XRPUSDT,1.0,1.4289,1.429,1.42895,0.6998390370216434,26676509329,1.4289,1.429,440,91,2606918.8565999996,2651126.0751300007,2389646.02117,3251517.4049899983,73705.15939999999,56008.71144000003,893357.4388400003,855963.6437,1553874.3062500001,1341268.3440800007,2757194.8384100012,2122223.5433000005,3520438.1898200004,2849400.0480299997
2026-10-07T16:54:55.579418+00:00,obs-20261007-01,LIGHT,HBARUSDT,1.0,0.09285,0.09286,0.092855,1.0770059235332141,8392587239,0.09285,0.09286,350,28,427877.3144300001,233888.69752000007,414650.19524,218115.61571999997,2901.4415,1591.7884800000004,145730.2337,126128.84882,249132.06778,233727.8724,444501.7049799999,386306.3501299999,902210.8057200001,721557.46864
2026-10-07T16:55:55.579746+00:00,obs-20261007-01,LIGHT,PEPEUSDT,1.0,4.03e-06,4.04e-06,4.035e-06,24.81389578163684,8827830211,4.03e-06,4.04e-06,100,10,67353.41721287,160604.35328845002,68977.85535027999,176902.85941646004,19.53724253,1684.4240983200004,126719.16338211001,77455.70375196001,296682.15409659,214655.62495971002,618164.6480049,450447.31502418005,872136.28780666,744270.99621638
2026-10-07T16:55:55.579746+00:00,obs-20261007-01,LIGHT,BNBUSDT,1.0,771.19,771.2,771.195,0.12966973119477032,20908987189,771.19,771.2,394,88,1912764.3829999997,1583113.4226399998,2044297.7667099992,1606377.4939399997,3409.0360000000005,11000.556530000003,867463.0332000004,1092651.6146099991,1483572.8976999999,2478776.0467099994,3099261.9308800013,4086530.360640003,5755389.199080003,5579421.46834
2026-10-07T16:55:55.579746+00:00,obs-20261007-01,LIGHT,AAVEUSDT,1.0,171.75,171.76,171.755,0.5822416302758704,10438921538,171.75,171.76,228,30,926825.0865399996,410753.80722,939723.45314,386413.15865999996,1147.41104,1405.0409199999997,117928.48023000003,129665.35526000001,179807.5838,183212.48208000005,256111.8178400001,238645.78333999985,806037.1976800003,267861.4976999999
2026-10-07T16:55:55.579746+00:00,obs-20261007-01,LIGHT,AVAXUSDT,1.0,11.272,11.273,11.2725,0.8871540099364417,10518634419,11.272,11.273,421,120,1379940.0073299992,1665847.1137199993,1404719.575189999,1598633.4444499994,87576.93484,33301.08158,145334.84545999995,180484.11766000005,331407.12745999993,254819.63705,439986.3098899998,340417.85289,539328.1355599996,438013.95781000017
2026-10-07T16:55:55.579746+00:00,obs-20261007-01,LIGHT,FILUSDT,1.0,1.0333,1.0334,1.03335,0.967773153972562,9894773526,1.0333,1.0334,378,79,439715.2249650005,372191.895455,427757.4860260001,401496.5160949995,1455.561045,19229.121408000006,91491.599038,66400.93641299999,170408.41290599995,133460.834321,268411.9349119998,233433.27673800002,376831.53994999954,313045.72365899995
2026-10-07T16:55:55.579746+00:00,obs-20261007-01,LIGHT,ALGOUSDT,1.0,0.1163,0.1164,0.11635000000000001,8.598452278589797,5664261447,0.1163,0.1164,135,8,26653.3433,45427.46689999998,34754.9724,42589.7919,305.0549,198.9276,100469.678,35942.019100000005,154035.8542,74627.03650000002,187124.89390000002,105806.36000000004,224037.5424,124193.52570000006
2026-10-07T16:55:55.579746+00:00,obs-20261007-01,LIGHT,XRPUSDT,1.0,1.4285,1.4286,1.42855,0.7000350017505319,26676512269,1.4285,1.4286,398,91,1030001.4443399998,1451692.8692599996,1080038.1324199992,1278810.9710700004,77720.47404,54646.29500999999,973256.8537600002,925313.79322,1509877.9494099997,1510864.8490700005,2711239.1057000007,2294834.3733800007,4345298.698600001,3021688.6750800004
2026-10-07T16:55:55.579746+00:00,obs-20261007-01,LIGHT,HBARUSDT,1.0,0.09284,0.09285,0.09284500000000001,1.0771219302019297,8392588821,0.09284,0.09285,282,30,248934.37454000005,207587.35302999997,251035.71410999988,203409.66217999993,2156.6987200000003,1613.8390000000002,144588.55120999998,123557.2459,247124.69608999998,237332.13805999997,442420.86356999987,390380.41407999996,900229.46009,725729.95044
2026-10-07T16:56:55.589952+00:00,obs-20261007-01,LIGHT,PEPEUSDT,1.0,4.03e-06,4.04e-06,4.035e-06,24.81389578163684,8827830401,4.03e-06,4.04e-06,129,21,154842.27103611993,91801.52798815,154441.06345811996,76451.10382243001,28.392643630000002,3947.50323444,127119.16197916001,92361.23530428001,297405.13139284,230006.04912543003,618565.8555828999,465797.73918990005,872537.49538466,733924.6648769401
2026-10-07T16:56:55.589952+00:00,obs-20261007-01,LIGHT,BNBUSDT,1.0,771.05,771.06,771.055,0.12969327540357511,20908990143,771.05,771.06,300,82,1077282.7875700002,1449827.625460001,1098512.6591500004,1402235.1396600003,7324.21448,1040.1295299999997,806477.1495300002,923475.3316099994,1474905.63348,2422815.23597,3079557.3627400007,4131871.1413100036,5736759.829350003,5623695.23243
2026-10-07T16:56:55.589952+00:00,obs-20261007-01,LIGHT,AAVEUSDT,1.0,171.6,171.61,171.60500000000002,0.58275058275159,10438923343,171.6,171.61,237,52,509759.55257,378731.43647999986,514126.98595000006,436967.67568,5033.10624,436.95156000000003,98540.55933999998,63101.622029999984,176091.97408999995,115342.85414,720786.7361100002,165411.32485999985,810571.5642400002,208863.32057999988
2026-10-07T16:56:55.589952+00:00,obs-20261007-01,LIGHT,AVAXUSDT,1.0,11.266,11.267,11.2665,0.8876264867740957,10518638788,11.266,11.267,379,98,633929.2140000002,1035059.5940999999,709715.41369,1020689.3866699992,16952.055419999997,13152.618709999992,140277.30356,177016.43122000003,290719.1664399999,259961.09045999998,365734.9785899997,353140.69681,464747.2892099996,451147.91467000014
2026-10-07T16:56:55.589952+00:00,obs-20261007-01,LIGHT,FILUSDT,1.0,1.0342,1.0343,1.0342500000000001,0.9669309611282095,9894775453,1.0342,1.0343,276,26,169748.878763,174885.81272000013,146298.87667600007,187863.34792799997,822.947025,2255.454886,105031.959051,77417.96034500003,197559.60100999993,155935.52394400004,283036.31198599975,232127.72256900006,398016.8930649995,311877.23659600003
2026-10-07T16:56:55.589952+00:00,obs-20261007-01,LIGHT,ALGOUSDT,1.0,0.1163,0.1164,0.11635000000000001,8.598452278589797,5664261728,0.1163,0.1164,132,2,95394.76770000001,22004.606400000004,97656.96040000001,22793.1081,0.0,334.068,91338.0446,41392.1514,152246.9902,75235.13020000001,184862.70120000004,105017.85830000002,221775.34970000002,123404.92950000003
2026-10-07T16:56:55.589952+00:00,obs-20261007-01,LIGHT,XRPUSDT,1.0,1.4279,1.428,1.42795,0.7003291547036383,26676516984,1.4279,1.428,507,107,2259530.971090002,1860674.9571200002,2285205.7970600016,1829399.36881,73551.01097000002,128553.37625,970751.9352700001,927351.9162399999,1402367.25631,1418617.2503200006,2700776.0017200005,2320717.3075800007,4328180.10395,3050386.5547900004
2026-10-07T16:56:55.589952+00:00,obs-20261007-01,LIGHT,HBARUSDT,1.0,0.09276,0.09277,0.092765,1.0780508840024794,8392590971,0.09276,0.09277,300,24,397368.9506800002,418725.32018000033,409593.9819800001,392333.61848999985,1019.0576199999999,3505.1399799999995,152017.94971,125498.63265,241890.16798000006,248629.16463,433681.63025,411607.7233,892480.9623400002,746190.2172700003
2026-10-07T16:57:55.597049+00:00,obs-20261007-01,LIGHT,PEPEUSDT,1.0,4.03e-06,4.04e-06,4.035e-06,24.81389578163684,8827831113,4.03e-06,4.04e-06,137,25,238383.24694994002,553914.10465935,231159.08088143,455866.91060237004,9602.791945260002,10343.03338885,140477.70149738,90563.76226552001,294449.86586588,235398.74464372004,613004.98730341,563834.9332444001,866604.4628037299,831442.6772396402
2026-10-07T16:57:55.597049+00:00,obs-20261007-01,LIGHT,BNBUSDT,1.0,771.1,771.11,771.105,0.12968486577502603,20908993849,771.1,771.11,384,107,1496167.0198100007,1368508.7718300002,1782032.3345399993,1762682.6960799985,9264.88211,2145.2847300000008,722205.3074000003,745592.5901199997,1244378.8140000005,2188840.09346,2793111.1056400016,3738169.1633700035,5448648.376910004,5089950.613580002
2026-10-07T16:57:55.597049+00:00,obs-20261007-01,LIGHT,AAVEUSDT,1.0,171.6,171.61,171.60500000000002,0.58275058275159,10438924690,171.6,171.61,202,27,528626.08617,266099.93778,540652.20342,229281.15720000002,994.58709,397.34783999999996,106624.10810999997,94171.5424,182136.15032999997,146359.54392,708760.6188600002,201595.81758999982,798385.5993200002,245518.80001999985
2026-10-07T16:57:55.597049+00:00,obs-20261007-01,LIGHT,AVAXUSDT,1.0,11.261,11.262,11.2615,0.8880206020789316,10518644487,11.261,11.262,366,85,852277.6189700002,1399706.0084600004,786900.8420600009,1405455.7587299997,11351.05314,16462.353499999997,195833.90131999998,162765.71720999997,396146.6109999999,247858.4621599999,433412.4246899998,347221.4034499999,533217.7953099995,443158.30491000006
2026-10-07T16:57:55.597049+00:00,obs-20261007-01,LIGHT,FILUSDT,1.0,1.0339,1.034,1.03395,0.9672115291614602,9894777223,1.0339,1.034,288,21,135128.03561599995,148326.70516900002,143786.77176800004,142775.46806099993,1420.529091,646.951239,102139.95562099999,79108.071504,194042.99251599994,148058.73255600003,274693.94859399984,233932.64205200007,384609.82231499965,313623.03335100005
2026-10-07T16:57:55.597049+00:00,obs-20261007-01,LIGHT,ALGOUSDT,1.0,0.1163,0.1164,0.11635000000000001,8.598452278589797,5664262262,0.1163,0.1164,153,1,30786.1421,40032.0311,39805.650400000006,34881.4298,0.0,9.894,79442.706,40560.610799999995,145671.662,80255.04249999998,175843.19290000005,110168.45959999997,213217.5156,128555.53079999998
2026-10-07T16:57:55.597049+00:00,obs-20261007-01,LIGHT,XRPUSDT,1.0,1.4282,1.4283,1.4282499999999998,0.700182047332909,26676520826,1.4282,1.4283,435,77,2173627.86653,2157646.61686,2184822.0890800017,2035348.4450899994,40711.795979999995,33232.09645,905008.4046199999,1098724.1136299998,1639778.4689400003,1662113.1469200002,2676412.359050001,2444776.6862499984,4326365.551319999,3173972.626659998
2026-10-07T16:57:55.597049+00:00,obs-20261007-01,LIGHT,HBARUSDT,1.0,0.09278,0.09279,0.092785,1.077818495365257,8392592749,0.09278,0.09279,255,32,344816.16315999994,296601.48062000005,358145.3475999999,299468.82233000005,1568.48526,1038.0816,159265.25719,122707.98052000001,242877.55022000006,253554.36380000005,420352.44581,410584.59439000004,879146.2317800003,743330.5414000003
2026-10-07T16:58:55.630213+00:00,obs-20261007-01,LIGHT,PEPEUSDT,1.0,4.03e-06,4.04e-06,4.035e-06,24.81389578163684,8827831464,4.03e-06,4.04e-06,160,24,50453.42363087001,74442.70556435999,41427.73007506001,159713.65760838002,190.18763283000004,3194.3981726800002,142165.50082839,3544.2214252400004,296317.80638168997,149032.93317643998,622030.6808592199,478563.98120037996,876161.6327120999,785547.35372938
2026-10-07T16:58:55.630213+00:00,obs-20261007-01,LIGHT,BNBUSDT,1.0,771.16,771.17,771.165,0.1296747756618366,20908996832,771.16,771.17,293,87,1776921.4187799995,1412388.7785000002,1189867.8992,942358.2714,3996.91803,1991.9479599999993,830119.9950300002,954105.0135699995,1480143.9961299999,2522750.86036,3379463.81107,4208448.900170005,5743501.067590005,5550970.478770001
2026-10-07T16:58:55.630213+00:00,obs-20261007-01,LIGHT,AAVEUSDT,1.0,171.71,171.72,171.715,0.5823772639912406,10438926199,171.71,171.72,211,34,1261947.89735,329127.2068600001,1210512.55901,335536.98687,2269.46305,2445.93234,147596.94607,93893.35289,226623.03609999994,150522.71327000004,752754.9809900001,210675.09530999983,844208.9621200003,239718.88727999985
2026-10-07T16:58:55.630213+00:00,obs-20261007-01,LIGHT,AVAXUSDT,1.0,11.288,11.289,11.288499999999999,0.8858965272851016,10518650187,11.288,11.289,320,119,2112832.63209,1012628.1503899997,1805833.17886,1117932.2941400001,18186.661849999997,120797.55651999998,400994.73805000004,108757.30019000001,592957.9199500002,185868.90413000004,735785.1396000005,246123.79837,828472.356590001,369331.5235200003
2026-10-07T16:58:55.630213+00:00,obs-20261007-01,LIGHT,FILUSDT,1.0,1.0345,1.0346,1.0345499999999999,0.9666505558247884,9894779393,1.0345,1.0346,297,37,269546.4958329999,176980.49650599985,251854.76811099998,193880.41186000002,858.537149,519.9699219999999,108440.02370399998,68834.220565,194063.47243599998,140134.94958700004,291789.1955549999,221082.68981700003,400297.6050579996,303116.39204400004
2026-10-07T16:58:55.630213+00:00,obs-20261007-01,LIGHT,ALGOUSDT,1.0,0.1163,0.1164,0.11635000000000001,8.598452278589797,5664262649,0.1163,0.1164,126,0,43538.2558,22575.168799999996,54458.27719999999,31778.349400000003,0.0,0.0,70374.6764,34959.303199999995,133631.0902,71041.3415,164923.17150000003,100965.27900000001,201727.12190000003,119241.02920000002
2026-10-07T16:58:55.630213+00:00,obs-20261007-01,LIGHT,XRPUSDT,1.0,1.4288,1.4289,1.4288500000000002,0.699888017916539,26676523520,1.4288,1.4289,395,66,1536850.3325900005,1029052.0564299998,1328615.3869800002,1385409.49529,60891.86409,50113.32778000001,1001606.2633499999,852733.2419199998,1676437.9822099998,1309721.26199,2880670.6441400014,2093106.5949300006,3649036.7991400003,2819412.83824
2026-10-07T16:58:55.630213+00:00,obs-20261007-01,LIGHT,HBARUSDT,1.0,0.09281,0.09282,0.09281500000000001,1.077470100203648,8392593864,0.09281,0.09282,190,27,203378.18490999998,180207.94811000003,183883.7496400001,198936.06609000007,1366.64777,3580.856350000001,169745.52417,112901.8567,244215.92270000005,239881.11808000007,436567.49043999997,393102.4515900002,894370.8246000002,724602.4234200005
2026-10-07T16:59:55.635111+00:00,obs-20261007-01,LIGHT,PEPEUSDT,1.0,4.03e-06,4.04e-06,4.035e-06,24.81389578163684,8827832461,4.03e-06,4.04e-06,247,18,625363.7717330806,184313.56333922,614103.5357881505,269688.37860640994,15814.83158292,5312.83628205,142315.24668179,12823.48709072,296489.77471067,137897.72484677,607165.4498481499,393189.16593319,861305.4223958,785221.10911036
2026-10-07T16:59:55.635111+00:00,obs-20261007-01,LIGHT,BNBUSDT,1.0,771.28,771.29,771.285,0.12965460014502384,20909001731,771.28,771.29,334,75,2432057.3073300007,1633119.9840600009,2403625.3951500007,1634183.2970900012,43646.66081,10984.081459999998,810460.5385000003,1025593.5138599995,1449104.2329000004,2522328.918289999,3407056.622940003,4314785.193260005,5757886.957310008,5550727.72669
2026-10-07T16:59:55.635111+00:00,obs-20261007-01,LIGHT,AAVEUSDT,1.0,171.69,171.7,171.695,0.5824451045488566,10438927617,171.69,171.7,225,25,467610.7605099999,356581.91959999985,506045.05672000005,356250.1595199999,1424.89601,568.58953,111704.50993999999,94973.21397999999,192018.50477999993,150091.41524000003,716098.10022,210945.11755999984,794556.6844200003,239830.38530999987
2026-10-07T16:59:55.635111+00:00,obs-20261007-01,LIGHT,AVAXUSDT,1.0,11.285,11.286,11.285499999999999,0.8861320336728262,10518655122,11.285,11.286,366,132,973028.2989899996,1311549.9415399996,1239080.2035199995,1279070.1512400007,56613.101330000005,110168.31814,160306.79119999998,131696.46530000004,338343.0156299999,211546.62292000002,472261.9713899999,276241.55559,563567.8883100001,400180.97535000026
2026-10-07T16:59:55.635111+00:00,obs-20261007-01,LIGHT,FILUSDT,1.0,1.0342,1.0343,1.0342500000000001,0.9669309611282095,9894781467,1.0342,1.0343,305,53,188038.5198429999,164169.71322399992,199998.80241799992,155142.683485,8491.424292000003,2765.0388380000004,87310.03574700002,74516.437716,184352.170611,151899.315825,280103.51078499993,229806.074062,390043.80304499966,309528.9977889999
2026-10-07T16:59:55.635111+00:00,obs-20261007-01,LIGHT,ALGOUSDT,1.0,0.1163,0.1164,0.11635000000000001,8.598452278589797,5664263445,0.1163,0.1164,135,3,56132.24999999999,49840.606399999975,64034.821299999996,51271.53599999999,13.2639,20.0208,63892.0154,28113.115599999997,124891.0746,67784.57939999999,157020.60020000002,99534.34939999999,193824.77920000002,117810.0996
2026-10-07T16:59:55.635111+00:00,obs-20261007-01,LIGHT,XRPUSDT,1.0,1.4291,1.4292,1.42915,0.6997410957954031,26676528302,1.4291,1.4292,399,97,3101540.6870999997,3503179.9380300003,3098525.81596,3325067.8439299976,150038.41944,56774.35553000001,1063283.4615999998,1037346.7004499999,1684936.1168599997,1487757.9523600005,2878777.31428,2272500.0414600004,3641231.7065099985,3001107.11397
2026-10-07T16:59:55.635111+00:00,obs-20261007-01,LIGHT,HBARUSDT,1.0,0.09275,0.09276,0.092755,1.07816711590214,8392596713,0.09275,0.09276,267,88,633618.8307399999,613158.7815900003,652559.3942999998,606846.3030399999,31125.210379999993,4572.656550000001,115305.43972000002,126558.77724000001,225387.79828000008,240690.15403999996,420913.75575000007,395953.54238000006,880841.3181400003,765071.6773500002
2026-10-07T17:00:55.679654+00:00,obs-20261007-01,LIGHT,PEPEUSDT,1.0,4.04e-06,4.05e-06,4.045e-06,24.752475247524774,8827833158,4.04e-06,4.05e-06,185,23,221294.21888466008,187176.06713184997,102591.83274519,200928.87277376,56.441080930000005,4446.541744779999,123418.22525832,95053.8859812,284617.95315272,243660.06528628,588270.76399562,478781.95344216,882319.72233553,820232.8911815599
2026-10-07T17:00:55.679654+00:00,obs-20261007-01,LIGHT,BNBUSDT,1.0,771.83,771.84,771.835,0.12956220929449813,20909006463,771.83,771.84,383,131,4031265.89565,2774415.2236699983,4319496.7293700045,3169495.458679998,16636.658610000002,27441.420089999985,662268.7674000001,917457.4986199997,1291852.4935100004,2325454.1556600006,3075959.863050001,3973525.4865700034,5256937.267419999,5203283.075450004
2026-10-07T17:00:55.679654+00:00,obs-20261007-01,LIGHT,AAVEUSDT,1.0,171.84,171.85,171.845,0.5819366852888308,10438929405,171.84,171.85,248,21,1034973.9091399999,528734.9627800001,1012445.5600300004,575377.1424500002,3921.65381,1607.0055,117292.58145999997,64100.21543999999,206633.56582999995,117234.10158,264025.23048,164638.09958999997,813640.9034800002,193393.54432999998
2026-10-07T17:00:55.679654+00:00,obs-20261007-01,LIGHT,AVAXUSDT,1.0,11.301,11.303,11.302,1.7697548889494819,10518663259,11.301,11.303,420,176,1487325.487539999,2139109.4671,1467480.3457100005,2166943.6714899987,22023.695900000006,76652.55861999998,139206.74568000002,127136.19155000002,330454.1381900001,199060.04141000003,488696.80359000026,320373.79629000014,573589.2740200004,373853.36091000034
2026-10-07T17:00:55.679654+00:00,obs-20261007-01,LIGHT,FILUSDT,1.0,1.0358,1.0359,1.03585,0.9654373431167151,9894783794,1.0358,1.0359,309,26,292987.56495599996,182976.09364200008,260176.03328499998,232040.32193099998,1268.2788170000001,1274.606637,84879.92133999999,73075.459608,174463.50378700002,152043.22821500004,293119.122114,193441.47326700002,419457.69295799977,278086.52958000003
2026-10-07T17:00:55.679654+00:00,obs-20261007-01,LIGHT,ALGOUSDT,1.0,0.1165,0.1166,0.11655,8.58369098712286,5664264311,0.1165,0.1166,148,2,88122.78899999998,75635.0331,81707.70750000003,82549.1902,0.0,136.5208,35451.7626,34746.982,94644.19250000002,67592.54030000001,156949.0791,99060.74220000001,186787.6931,111687.3903
2026-10-07T17:00:55.679654+00:00,obs-20261007-01,LIGHT,XRPUSDT,1.0,1.4299,1.43,1.4299499999999998,0.6993496048668391,26676532577,1.4299,1.43,395,79,2800774.20836,1943508.5075200002,2740340.4937600004,2238143.6025099996,58719.891599999995,45445.491989999995,942175.0219100002,818037.5934499997,1595652.23612,1206871.0562999994,2887859.5035999995,1994582.68661,3690822.18204,2710633.6454899986
2026-10-07T17:00:55.679654+00:00,obs-20261007-01,LIGHT,HBARUSDT,1.0,0.09287,0.09288,0.092875,1.0767739851424984,8392599720,0.09287,0.09288,317,53,972023.8731899997,607832.8443900001,969395.7135900003,645591.64007,1848.28342,4206.27243,124431.83784000002,116950.38954000002,230477.47838000007,211975.16688999996,414968.69528,357539.77119,874753.8786300002,722952.0375100003
2026-10-07T17:01:55.679675+00:00,obs-20261007-01,LIGHT,PEPEUSDT,1.0,4.04e-06,4.05e-06,4.045e-06,24.752475247524774,8827833774,4.04e-06,4.05e-06,151,14,276704.99240925995,65755.53759488,272694.6229245,63632.51606920003,99.8999888,19311.1703181,101016.74255992,113013.7149852,288639.47376141,245461.81525696,592281.1334803799,480904.97496784,888280.61352714,822727.23290954
2026-10-07T17:01:55.679675+00:00,obs-20261007-01,LIGHT,BNBUSDT,1.0,771.48,771.49,771.485,0.1296209882295507,20909011611,771.48,771.49,378,112,3134598.3547400017,3414725.766989999,3011823.0391600016,3009458.4869599985,11902.24618,9695.678240000001,741554.63963,1100578.3479199999,1485949.1937100003,2536918.4031000016,3239103.073110001,4376140.546580008,5658460.4347300045,5618333.792060005
2026-10-07T17:01:55.679675+00:00,obs-20261007-01,LIGHT,AAVEUSDT,1.0,171.92,171.93,171.925,0.5816658911128592,10438931840,171.92,171.93,268,22,897040.2481599996,436634.2383400001,889838.73176,443984.30273999996,2008.2293700000002,1373.722,112986.08799,57050.85799,198843.43201,118403.31641000001,256817.33019000007,157477.78875999997,828458.1727900003,186521.89939999997
2026-10-07T17:01:55.679675+00:00,obs-20261007-01,LIGHT,AVAXUSDT,1.0,11.286,11.287,11.2865,0.8860535176324902,10518669725,11.286,11.287,440,96,1284722.489620001,1546726.5036499999,1337363.3283099995,1469255.7248299979,42368.63579,25391.932390000005,187310.7655,172466.77062999998,363114.50182,247569.36178999997,439456.21703000006,325878.1300199999,530924.08109,451010.2792800002
2026-10-07T17:01:55.679675+00:00,obs-20261007-01,LIGHT,FILUSDT,1.0,1.0345,1.0346,1.0345499999999999,0.9666505558247884,9894787605,1.0345,1.0346,351,67,449325.351201,334669.0407810001,479523.5875470002,292957.10053600004,2164.9017179999996,1662.5659429999998,88188.746417,88911.04540200002,183802.623691,151645.83423600002,277945.9961829999,226800.823865,385661.40160299966,311581.83531600004
2026-10-07T17:01:55.679675+00:00,obs-20261007-01,LIGHT,ALGOUSDT,1.0,0.1164,0.1165,0.11645,8.59106529209619,5664265528,0.1164,0.1165,191,7,170305.21600000001,94877.14009999996,177810.18220000004,86784.91889999999,286.455,534.4943999999999,39516.908500000005,25935.620199999998,102103.19750000001,69074.0526,150652.96270000003,100880.84810000002,184896.04620000007,114178.71530000001
2026-10-07T17:01:55.679675+00:00,obs-20261007-01,LIGHT,XRPUSDT,1.0,1.4292,1.4293,1.4292500000000001,0.6996921354596175,26676538252,1.4292,1.4293,436,96,3369290.9321599975,3299330.0334500014,3634943.1174500003,2854033.590199999,79733.72079,41231.132760000015,871091.0122200001,1142501.15156,1588757.3053600003,1524045.4326699998,2676467.1330000004,2426172.3738,3438837.24584,3154820.4289599992
2026-10-07T17:01:55.679675+00:00,obs-20261007-01,LIGHT,HBARUSDT,1.0,0.09276,0.09277,0.092765,1.0780508840024794,8392602869,0.09276,0.09277,319,48,714819.4396699998,672557.11479,716562.7923200001,645162.6335999997,4824.743999999999,4104.44521,135927.67596999998,116632.98917,236590.51005999997,226666.35848999998,417484.3507399999,381525.61647000007,879288.3674300002,754532.6854700004
2026-10-07T17:02:55.679946+00:00,obs-20261007-01,LIGHT,PEPEUSDT,1.0,4.04e-06,4.05e-06,4.045e-06,24.752475247524774,8827836327,4.04e-06,4.05e-06,329,46,1294347.065640199,430231.6800491098,1230166.318687249,420675.57727877994,15291.458143560001,18788.264248600008,132410.6309056,106935.70503735001,295606.15666809,250559.54477645,622988.39260534,484512.58413491,994910.09588509,841371.0735092999
2026-10-07T17:02:55.679946+00:00,obs-20261007-01,LIGHT,BNBUSDT,1.0,771.92,771.93,771.925,0.12954710332691022,20909026036,771.92,771.93,534,223,7276515.976039996,9852406.563890005,7425576.593819992,10248740.252600012,18232.321789999998,87682.82889,877776.2330700003,1001671.51789,1502482.7823200002,2402319.8242900018,3050723.4609600017,3984224.0904500037,5080452.729370004,5539141.70282
2026-10-07T17:02:55.679946+00:00,obs-20261007-01,LIGHT,AAVEUSDT,1.0,172.07,172.08,172.075,0.5811588307103044,10438936805,172.07,172.08,419,109,1398210.9897900007,700592.9060499994,1311510.6353699993,696077.7765499997,10434.93066,10800.739439999996,183451.33544,65227.65068,263823.2179200001,106895.62281,332980.43941,162475.35249,875672.7827500002,191299.03838999997
2026-10-07T17:02:55.679946+00:00,obs-20261007-01,LIGHT,AVAXUSDT,1.0,11.301,11.302,11.3015,0.8848774444736307,10518687049,11.301,11.302,513,333,2382503.9777700007,4175604.4833899993,2379531.2735600006,4223966.357969997,59895.455180000026,82344.17818999986,172083.87870999996,135306.31449,358844.97263999993,204794.97256000002,439017.7127099998,348501.2670300001,521554.05408999976,401990.01921000035
2026-10-07T17:02:55.679946+00:00,obs-20261007-01,LIGHT,FILUSDT,1.0,1.0344,1.0345,1.03445,0.9667440061877919,9894796992,1.0344,1.0345,490,288,812679.6941200005,673033.3775560005,818340.8270529999,686401.9327069996,13490.187880000003,20655.387074999995,96367.55851900003,51601.288825999996,197514.07166700004,131499.278551,266949.39387400006,214979.61467999997,372632.4087169998,302915.583236
2026-10-07T17:02:55.679946+00:00,obs-20261007-01,LIGHT,ALGOUSDT,1.0,0.1167,0.1168,0.11674999999999999,8.568980291345785,5664267248,0.1167,0.1168,267,5,236558.22300000006,171369.32909999986,211554.94379999995,177489.57849999995,62.0844,408.7558,38315.9823,22894.4539,96276.87329999999,65042.53360000001,155036.22059999997,97758.38920000002,192814.4588,116298.03550000001
2026-10-07T17:02:55.679946+00:00,obs-20261007-01,LIGHT,XRPUSDT,1.0,1.4317,1.4318,1.43175,0.6984703499335332,26676555218,1.4317,1.4318,547,229,11861237.85246,11737161.059880009,11613167.278260011,12021307.625020005,119194.33676999998,265773.8289800001,997391.5106000004,959937.33484,1693659.7728600004,1487926.84717,2820830.40847,2164240.36151,3543775.4514399995,2939169.0617899993
2026-10-07T17:02:55.679946+00:00,obs-20261007-01,LIGHT,HBARUSDT,1.0,0.09289,0.0929,0.092895,1.0765421466252256,8392609605,0.09289,0.0929,434,109,1768797.3430400013,1515826.4800399991,1769647.9312700012,1547189.2577700005,9809.49067,10662.29633,142492.99398,118396.04625,238475.44889999996,218015.33987999998,406461.5261799999,364297.42861999996,869480.1966000001,733090.4041900003
2026-10-07T17:03:55.690345+00:00,obs-20261007-01,LIGHT,PEPEUSDT,1.0,4.05e-06,4.06e-06,4.055e-06,24.691358024691024,8827837855,4.05e-06,4.06e-06,303,15,746297.88763474,532707.1415748899,635105.36492664,645749.5345681602,4.69324125,10829.54474233,80163.23386995001,125657.26937694,272097.61626975,268108.10407289,558335.31573275,493078.26188243,979971.2791842099,828725.10202826
2026-10-07T17:03:55.690345+00:00,obs-20261007-01,LIGHT,BNBUSDT,1.0,772.44,772.45,772.445,0.1294598933254676,20909041630,772.44,772.45,547,421,7934041.6680700015,8379957.932610003,7524837.043050009,8402739.773090001,15072.566310000004,37965.78012000002,880513.4377399998,1542143.2415900002,1512151.1108199994,2586888.419869999,3449578.9119299995,4233617.933250002,5676988.567290004,5535994.954959999
2026-10-07T17:03:55.690345+00:00,obs-20261007-01,LIGHT,AAVEUSDT,1.0,172.39,172.4,172.39499999999998,0.5800800510491477,10438942228,172.39,172.4,427,158,1345090.6939800002,931793.2352800007,1293352.5765399996,917466.4765799997,24466.006070000007,10071.356670000001,185310.02222,67289.8793,272016.86504,125015.16968000002,361726.16665999993,182348.85639999993,894760.6256500002,209168.38240999985
2026-10-07T17:03:55.690345+00:00,obs-20261007-01,LIGHT,AVAXUSDT,1.0,11.324,11.325,11.3245,0.8830801836801072,10518705250,11.324,11.325,548,429,2535761.316649999,4564351.1713799955,2526766.893899999,4544154.472170003,107953.49454000004,83366.87197000005,181009.17681,131469.3329,372905.08144999994,228514.92887,447031.66026,371780.8208900001,527802.1062500003,427069.47279000015
2026-10-07T17:03:55.690345+00:00,obs-20261007-01,LIGHT,FILUSDT,1.0,1.0351,1.0352,1.0351499999999998,0.9660902328278986,9894804408,1.0351,1.0352,500,148,815281.3992799997,585610.9474099999,791537.7937899999,602725.977615,1389.931306,10885.999753000002,100086.03170399998,43126.04129199999,211808.29325699998,128259.18353799998,285928.12408099987,201814.32092199993,381036.6603089997,270571.03028999997
2026-10-07T17:03:55.690345+00:00,obs-20261007-01,LIGHT,ALGOUSDT,1.0,0.117,0.1171,0.11705,8.547008547008517,5664268640,0.117,0.1171,271,4,232468.25839999993,114562.86819999997,218945.53140000007,119249.10870000001,0.0,416.60839999999996,28163.1329,36559.725,99361.48429999998,76358.1505,149265.69640000002,101277.11529999999,191595.79450000002,118605.2418
2026-10-07T17:03:55.690345+00:00,obs-20261007-01,LIGHT,XRPUSDT,1.0,1.4333,1.4334,1.43335,0.6976906439692954,26676572197,1.4333,1.4334,577,200,11300555.740759999,11918262.780119997,11563862.94564999,11732078.664969997,115919.93747000003,190897.54142999995,1047875.6638299999,1187628.3565999998,1445469.2904499988,1680497.2962,2508914.8947799993,2496913.485540001,3267092.3726700004,3253080.5761300023
2026-10-07T17:03:55.690345+00:00,obs-20261007-01,LIGHT,HBARUSDT,1.0,0.09304,0.09305,0.09304499999999999,1.0748065348242797,8392616054,0.09304,0.09305,465,109,2378908.8069900014,1684293.3216799991,2361009.3847199995,1678644.3879600002,13402.122670000002,4519.292559999999,126948.01507,117652.77960000001,237103.55013,216617.70128000007,404266.33464999974,368044.28166000004,775361.7002799999,734788.6403200001
2026-10-07T17:04:55.697244+00:00,obs-20261007-01,LIGHT,PEPEUSDT,1.0,4.04e-06,4.05e-06,4.045e-06,24.752475247524774,8827839005,4.04e-06,4.05e-06,271,16,940281.7120922004,448849.80645005987,949986.46950584,346382.14651443,1467.8579268000003,1441.10766811,142412.57518488,80341.4808945,321723.92209126,232086.42736929999,656814.74033317,475617.92029966,1025672.41837649,863136.46775841
2026-10-07T17:04:55.697244+00:00,obs-20261007-01,LIGHT,BNBUSDT,1.0,772.19,772.2,772.195,0.1295018065494702,20909049723,772.19,772.2,470,221,4733521.906359999,3976121.0236799996,4929536.95247,3949638.83632,13950.216229999996,6275.39901,785983.27906,1684091.4535199997,1517284.5222199997,2710015.0496799992,3362125.8056,4094180.1616100003,5694678.516040001,5664334.2471999945
2026-10-07T17:04:55.697244+00:00,obs-20261007-01,LIGHT,AAVEUSDT,1.0,172.32,172.33,172.325,0.5803156917383312,10438945515,172.32,172.33,384,114,1477888.8965200004,548690.6945299999,1507567.79125,505147.26677999983,22783.87937999999,5822.70883,163565.33494000003,94713.65529000002,234390.95446000004,168617.11759,339844.4484499998,225818.64745,886913.83367,252188.94957999993
2026-10-07T17:04:55.697244+00:00,obs-20261007-01,LIGHT,AVAXUSDT,1.0,11.325,11.326,11.3255,0.8830022075057009,10518716373,11.325,11.326,522,202,1943659.1351299994,2757226.4831200005,1898078.1125900014,2733191.442980001,13185.189720000002,74759.42317,225911.38800000004,157843.3151,403785.4568,252880.23553,492601.1344400001,395815.8610300001,584218.6557100007,450548.20482000016
2026-10-07T17:04:55.697244+00:00,obs-20261007-01,LIGHT,FILUSDT,1.0,1.0353,1.0354,1.0353500000000002,0.9659036028208945,9894809039,1.0353,1.0354,433,87,504148.9422990001,388586.68576099986,501803.996957,378567.313518,2125.633862,6649.126919000001,98780.39145699998,73393.70471800001,188302.40476899996,145032.03832899997,284520.9105229998,211943.1251859999,399063.8292359995,296730.89516
2026-10-07T17:04:55.697244+00:00,obs-20261007-01,LIGHT,ALGOUSDT,1.0,0.1169,0.117,0.11695,8.554319931566301,5664269495,0.1169,0.117,153,0,99466.99350000001,51639.25000000001,106578.09380000003,44303.1505,0.0,0.0,30592.369899999998,28123.5062,100926.511,75873.04830000001,147332.4773,108270.31659999999,186781.8922,125917.43729999999
2026-10-07T17:04:55.697244+00:00,obs-20261007-01,LIGHT,XRPUSDT,1.0,1.4322,1.4323,1.4322499999999998,0.6982265046784342,26676581414,1.4322,1.4323,522,117,5426640.202420001,6261104.598950001,5408679.687490001,6430434.7556200065,77657.20433000001,110021.62455,897585.3961700002,1211950.5816600001,1278841.7046899998,1504738.7793399997,2546273.1524299993,2314625.7597900005,3393106.911880001,3080768.25902
2026-10-07T17:04:55.697244+00:00,obs-20261007-01,LIGHT,HBARUSDT,1.0,0.09305,0.09306,0.093055,1.0746910263303988,8392620769,0.09305,0.09306,405,115,618037.7696,997688.3025800003,610493.4123300003,963566.55346,7774.22804,22752.524139999994,116644.00525999999,125588.73031000001,246280.15581999996,239528.51400000002,411757.72291999985,402166.0307800001,782895.8442699999,768911.7957400002
2026-10-07T17:05:55.697404+00:00,obs-20261007-01,LIGHT,PEPEUSDT,1.0,4.04e-06,4.05e-06,4.045e-06,24.752475247524774,8827839592,4.04e-06,4.05e-06,209,10,305196.32578676,522515.3066328401,303011.1392888801,524847.8659144201,0.0,4102.59852045,144072.38779712,74744.32528800001,323577.69248596,229753.32180352003,658999.92683105,473285.36101808003,1027204.12823564,861006.0750203601
2026-10-07T17:05:55.697404+00:00,obs-20261007-01,LIGHT,BNBUSDT,1.0,772.34,772.35,772.345,0.12947665535945063,20909056119,772.34,772.35,404,177,3530703.971199999,2573221.2902299976,3625186.0016299975,2562842.6778599997,5223.473440000002,7781.211480000002,709484.5754499998,1814441.0645199995,1566524.4034899995,2762797.1866799984,3233804.3117999984,4374076.08742,5580724.090490003,5676556.917099997
2026-10-07T17:05:55.697404+00:00,obs-20261007-01,LIGHT,AAVEUSDT,1.0,172.26,172.27,172.265,0.5805178218976081,10438948451,172.26,172.27,328,65,957920.5763900004,410875.76130000013,965536.1132099996,401502.71653000003,8492.136790000002,3898.0673300000003,161339.92381999997,93661.30849000001,229930.51756000004,170188.39741999996,334475.1389299998,233367.55499999993,881681.2628,261283.16836999988
2026-10-07T17:05:55.697404+00:00,obs-20261007-01,LIGHT,AVAXUSDT,1.0,11.319,11.32,11.319500000000001,0.8834702712245956,10518724133,11.319,11.32,447,164,1248487.70617,2342941.978700001,1291876.9330799996,2328542.93447,30381.39418999999,39104.79880000002,204099.44867,163259.32209000003,393330.83751999994,259092.38340000005,449394.1805100001,409429.1853700002,540136.9660400004,465025.20015000016
2026-10-07T17:05:55.697404+00:00,obs-20261007-01,LIGHT,FILUSDT,1.0,1.0351,1.0352,1.0351499999999998,0.9660902328278986,9894812600,1.0351,1.0352,395,52,302980.99007500004,310851.9268930002,311607.2211989999,296737.9598300001,2252.5243370000007,3073.3214350000007,93112.314281,70389.28919799998,205031.290451,150071.7860839999,279646.838299,225947.66022799982,387471.7865999998,310669.9312509998
2026-10-07T17:05:55.697404+00:00,obs-20261007-01,LIGHT,ALGOUSDT,1.0,0.117,0.1171,0.11705,8.547008547008517,5664270017,0.117,0.1171,130,3,166484.4671,30592.263299999995,158872.11630000005,33869.3514,1472.1769,24.102,19525.3995,41703.586899999995,81255.5159,83903.7946,149692.6033,105336.12669999998,191501.77199999997,122669.45839999999
2026-10-07T17:05:55.697404+00:00,obs-20261007-01,LIGHT,XRPUSDT,1.0,1.432,1.4321,1.4320499999999998,0.6983240223457088,26676587804,1.432,1.4321,469,99,3357254.338269997,3614577.404459999,3411851.3493000013,3717407.248629997,26228.399840000005,80706.78504,875939.8478999998,968716.7539100002,1362633.0123399997,1427864.7655800004,2493002.8688699994,2201137.4647600004,3251993.562929999,2978362.24039
2026-10-07T17:05:55.697404+00:00,obs-20261007-01,LIGHT,HBARUSDT,1.0,0.09298,0.09299,0.092985,1.075500107550198,8392623842,0.09298,0.09299,304,49,585297.0614699996,837376.3075099997,598946.4064699999,828093.5144199998,6560.077,3606.3196499999995,132774.79484,127254.54280000001,235776.90594999996,243043.75736999995,400354.99063999986,410413.59484000003,769381.55402,778167.8918300001
2026-10-07T17:06:55.711299+00:00,obs-20261007-01,LIGHT,PEPEUSDT,1.0,4.04e-06,4.05e-06,4.045e-06,24.752475247524774,8827840305,4.04e-06,4.05e-06,163,17,317972.8468465801,398421.90380902,283294.07753318996,385406.0946692799,37906.80275925,1127.5711515,143745.71496060002,93322.43192925,303473.40685060003,242502.78267861,633527.45824942,486301.17015782,1004715.6826216802,873818.6467057299
2026-10-07T17:06:55.711299+00:00,obs-20261007-01,LIGHT,BNBUSDT,1.0,772.41,772.42,772.415,0.12946492147891675,20909063725,772.41,772.42,461,265,3018541.4391400022,3655787.1274399986,3193297.12086,3613877.0788400006,20948.92891999999,10833.269999999999,772253.8445600003,1620390.3568199996,1585199.8827200003,2808111.8304699985,3056827.28776,4417409.810260001,4985052.82067,5719875.992169998
2026-10-07T17:06:55.711299+00:00,obs-20261007-01,LIGHT,AAVEUSDT,1.0,172.14,172.15,172.14499999999998,0.5809225049380196,10438951889,172.14,172.15,331,68,1181386.2069099997,305424.77891000017,1183714.5191199998,296424.34625,6910.063819999999,11849.31827,175298.22402,93062.16505000003,269973.6576799999,158006.81411000004,355849.7017699997,232547.33352999997,885686.2510699998,266307.6858300001
2026-10-07T17:06:55.711299+00:00,obs-20261007-01,LIGHT,AVAXUSDT,1.0,11.321,11.322,11.3215,0.8833141948594303,10518731956,11.321,11.322,441,145,1170701.4192399997,2454080.865889998,1214764.8477500004,2435682.160280002,38296.90205999999,24729.596610000008,188230.11974000002,181210.41551000002,346031.4563599999,296060.64876,405314.1651000001,427835.55176000023,496984.3271800001,482474.23473000026
2026-10-07T17:06:55.711299+00:00,obs-20261007-01,LIGHT,FILUSDT,1.0,1.0338,1.034,1.0339,1.934610176048679,9894816861,1.0338,1.034,400,71,427320.93872099987,375966.75583300024,449436.2734070001,348753.33275799995,7540.837954,1907.6631229999998,111602.048699,64321.077879000004,211197.34318700005,143832.88719600003,270556.58166699996,241937.96548499996,354299.2708179999,324203.8907449999
2026-10-07T17:06:55.711299+00:00,obs-20261007-01,LIGHT,ALGOUSDT,1.0,0.1168,0.1169,0.11685000000000001,8.561643835616195,5664270957,0.1168,0.1169,163,7,135705.35799999998,62882.221199999985,143020.15629999997,56867.18439999999,1912.7423000000001,340.4173,42343.9117,22032.8301,102326.4898,72243.1337,149831.2053,109211.0195,189061.23720000003,121375.0328
2026-10-07T17:06:55.711299+00:00,obs-20261007-01,LIGHT,XRPUSDT,1.0,1.4317,1.4318,1.43175,0.6984703499335332,26676595320,1.4317,1.4318,458,146,4828512.117760002,4255638.260849998,4815948.207220002,4046999.88748,205101.29884000006,152634.43601,898201.3560399998,1138571.3690599997,1463170.3332599993,1645975.0931199999,2633359.752619998,2411553.848649999,3265227.421779997,3188954.8506799983
2026-10-07T17:06:55.711299+00:00,obs-20261007-01,LIGHT,HBARUSDT,1.0,0.0929,0.09291,0.092905,1.0764262648010892,8392627333,0.0929,0.09291,349,53,741346.7480999997,972511.4820900001,744790.18962,950966.13092,9624.62062,5371.832730000001,128503.15935999998,132873.83746,247998.67104999995,250920.76917999997,426123.49201,423843.2203900001,876329.9217300001,793501.7064300001
2026-10-07T17:07:55.779954+00:00,obs-20261007-01,LIGHT,PEPEUSDT,1.0,4.04e-06,4.05e-06,4.045e-06,24.752475247524774,8827841061,4.04e-06,4.05e-06,151,13,260537.52879128003,194898.14637519003,255997.92527786008,184013.03282125996,398.1600103200001,1733.68840455,125453.06303096001,127185.24870360001,300681.48460423003,255654.77837754,638067.06176284,497186.28371175,1021060.6995117901,870216.92534281
2026-10-07T17:07:55.779954+00:00,obs-20261007-01,LIGHT,BNBUSDT,1.0,772.38,772.39,772.385,0.12946995002538486,20909069566,772.38,772.39,444,235,3241969.7770800004,3031886.4873800017,3029490.6653199983,3026769.087449998,9678.845630000002,24994.651230000003,756707.3676099998,1768005.8206300002,1609664.6125399997,2806303.266139999,3269590.09493,4422083.31869,5611339.483250004,5723827.091409998
2026-10-07T17:07:55.779954+00:00,obs-20261007-01,LIGHT,AAVEUSDT,1.0,172.05,172.06,172.055,0.5812263876769919,10438954061,172.05,172.06,316,52,351253.02225000015,343609.97239,448671.90865999996,373999.1385300002,3629.4888000000005,3197.61755,123018.44342000003,75342.92818999998,205198.4079900001,138490.69349,262124.8376300001,199265.69806,798430.4831500001,230636.43419
2026-10-07T17:07:55.779954+00:00,obs-20261007-01,LIGHT,AVAXUSDT,1.0,11.319,11.32,11.319500000000001,0.8834702712245956,10518737805,11.319,11.32,393,106,1104138.3253300001,1662667.8406000014,1041789.6391500002,1690724.637640001,10803.897829999998,40747.50572,204197.34905999998,152814.02334000004,397172.42052,255044.41991000003,467679.4381800001,399771.0939400002,558322.2750700004,455367.1087200002
2026-10-07T17:07:55.779954+00:00,obs-20261007-01,LIGHT,FILUSDT,1.0,1.0329,1.033,1.03295,0.9681479330048148,9894820193,1.0329,1.033,391,44,327822.89210599987,239830.36386699995,365411.50065799995,213332.25685799986,4929.830718,2961.4102830000006,88414.808991,68411.31871699999,181205.599529,141763.86977399996,236476.36645400006,261176.8658009999,345502.4755699999,343720.38573299977
2026-10-07T17:07:55.779954+00:00,obs-20261007-01,LIGHT,ALGOUSDT,1.0,0.1168,0.1169,0.11685000000000001,8.561643835616195,5664271432,0.1168,0.1169,133,2,69872.64380000002,42265.4491,67586.5843,35040.5338,0.0,152.0869,43109.390100000004,36149.8686,102444.30020000001,76366.4093,152117.2648,116435.93479999999,190947.34270000004,122596.19930000001
2026-10-07T17:07:55.779954+00:00,obs-20261007-01,LIGHT,XRPUSDT,1.0,1.4308,1.4309,1.43085,0.6989097008669454,26676599840,1.4308,1.4309,423,66,2730062.98701,2582464.3155499976,2797582.0649299985,2457148.4623599993,70079.23942,39046.44254,776378.4692300002,1169852.0103499999,1459693.2647800003,1774931.5786899996,2584716.944259999,2534646.0206399984,3215062.3563699983,3270108.972339997
2026-10-07T17:07:55.779954+00:00,obs-20261007-01,LIGHT,HBARUSDT,1.0,0.0929,0.09291,0.092905,1.0764262648010892,8392630755,0.0929,0.09291,353,62,739640.7470099998,1519148.3632400006,734245.9359000007,1542300.05515,9459.620050000001,5681.222800000001,112217.41146,137659.49839000002,252573.85523999998,248873.24911,431518.30311999994,400175.94872000004,898194.4938700001,769327.4926
2026-10-07T17:08:55.780439+00:00,obs-20261007-01,LIGHT,PEPEUSDT,1.0,4.05e-06,4.06e-06,4.055e-06,24.691358024691024,8827841777,4.05e-06,4.06e-06,147,13,372377.43441119,217202.82984453006,300840.36214467994,329187.49522209994,1659.39417128,5094.82103226,19844.2108089,127779.36697316001,210895.67515782002,275344.0359407,532716.7578620601,495264.21659533994,965683.9688555402,830763.5571483299
2026-10-07T17:08:55.780439+00:00,obs-20261007-01,LIGHT,BNBUSDT,1.0,772.87,772.9,772.885,0.3881635980174103,20909075777,772.87,772.9,456,144,3614722.728289997,3557638.593760002,3430830.412899998,3497499.86291,36979.33848,27023.432509999995,793288.5630999999,1863704.7830299998,1541704.8664500008,2998749.2096399977,3347666.9614000013,4598371.252289998,5544105.883520004,5834548.001860001
2026-10-07T17:08:55.780439+00:00,obs-20261007-01,LIGHT,AAVEUSDT,1.0,172.32,172.33,172.325,0.5803156917383312,10438957150,172.29,172.3,313,70,743379.8462099998,537454.5105099998,726027.9332400005,548761.57973,7930.3440599999985,5387.992849999999,96430.91795999999,85994.04307000004,180108.77041999996,145852.74710000007,265802.3365899999,195369.9823400001,796543.9826800001,220157.35955000005
2026-10-07T17:08:55.780439+00:00,obs-20261007-01,LIGHT,AVAXUSDT,1.0,11.326,11.327,11.3265,0.8829242451002806,10518744563,11.326,11.327,411,139,2003310.5994000002,828534.2026699996,2027605.080799999,847993.9387199992,27626.592729999993,13925.232290000002,166294.40524999995,154642.59898,345568.5413199999,246929.09014,441690.94714000006,381179.78174999997,534915.8184500003,436346.18576
2026-10-07T17:08:55.780439+00:00,obs-20261007-01,LIGHT,FILUSDT,1.0,1.0334,1.0336,1.0335,1.935359009095361,9894823149,1.0334,1.0335,383,44,323893.58063200006,242435.26718999996,301301.13029099995,254108.2285249999,1163.682243,5368.9556600000005,97214.87907000001,64179.88956899999,201615.35283799996,146623.12812599994,255608.22552500007,253257.78897199986,344245.41066900006,332009.2666859998
2026-10-07T17:08:55.780439+00:00,obs-20261007-01,LIGHT,ALGOUSDT,1.0,0.1169,0.117,0.11695,8.554319931566301,5664272147,0.1169,0.117,172,3,133870.24619999997,40731.36200000002,124173.07290000003,55784.04089999997,246.19140000000002,623.077,54764.546,35967.3011,111278.6122,73270.8753,158119.79,101672.1285,197579.41940000004,115076.37300000002
2026-10-07T17:08:55.780439+00:00,obs-20261007-01,LIGHT,XRPUSDT,1.0,1.4321,1.4322,1.43215,0.6982752601070175,26676606013,1.4319,1.432,439,90,3414055.8632599977,3194634.782249999,3212544.9690100006,3449868.658400002,60455.97636000001,103341.91607000002,869749.99361,1263678.1982399998,1462446.79828,1402928.5351899997,2639260.1320200004,2284199.9972799993,3401363.9040499986,3060590.142669999
2026-10-07T17:08:55.780439+00:00,obs-20261007-01,LIGHT,HBARUSDT,1.0,0.09302,0.09303,0.093025,1.0750376263168882,8392633161,0.09301,0.09302,287,53,1068039.1359899994,470315.4358600002,1069924.24163,505098.3861500002,4887.16121,3521.9220399999995,132571.66839,137792.54909,248894.41772000003,224875.11883,414310.93762000004,368817.23488999996,785897.4029800001,734711.68103
2026-10-07T17:09:55.829315+00:00,obs-20261007-01,LIGHT,PEPEUSDT,1.0,4.04e-06,4.05e-06,4.045e-06,24.752475247524774,8827842351,4.04e-06,4.05e-06,160,16,160967.66551443,403789.55836071,142997.11318709998,284322.82253155997,1681.7661541100001,646.5648379500001,149779.14408260002,124079.00161815001,320672.64623223,260809.66934411,658870.47778974,504658.35416241,1022121.77401823,877709.9903837199
2026-10-07T17:09:55.829315+00:00,obs-20261007-01,LIGHT,BNBUSDT,1.0,772.73,772.74,772.735,0.1294113079608472,20909079606,772.73,772.74,341,142,1170846.8776200002,1640410.7443099995,1132846.71643,1610786.4029499993,21633.492340000004,5458.9598399999995,804811.9293299998,1859100.84487,1623333.18435,3009123.5777899968,3389311.8058100003,4517926.279239998,5596630.614840005,5862829.89201
2026-10-07T17:09:55.829315+00:00,obs-20261007-01,LIGHT,AAVEUSDT,1.0,172.26,172.27,172.265,0.5805178218976081,10438960281,172.26,172.27,324,82,495123.77156000026,578138.3067599998,480968.9536500002,581981.1564599997,15442.875930000002,9670.570170000003,102074.65708999998,73855.54639999999,211397.10037999993,138311.16148,278212.0837199998,189198.40999999997,807076.76203,218299.1132999999
2026-10-07T17:09:55.829315+00:00,obs-20261007-01,LIGHT,AVAXUSDT,1.0,11.323,11.324,11.3235,0.8831581736279404,10518748937,11.323,11.324,370,46,1505518.92329,571641.0440799998,1457979.9322400005,556373.6708200001,7653.647239999998,1251.63556,225218.81119999997,162325.74573999998,434260.3946399999,263334.2548,490760.73458000005,395586.3919300001,582474.1196000006,449525.60258000006
2026-10-07T17:09:55.829315+00:00,obs-20261007-01,LIGHT,FILUSDT,1.0,1.0313,1.0315,1.0314,1.9392999127321175,9894826693,1.0313,1.0315,370,85,350966.41095199995,320919.9278950002,378567.88935400004,298122.16510800016,5642.897916999999,5136.543861,97824.56691100002,64107.369466,185033.83588800003,145365.25572899997,246367.76914200003,261149.0549819999,369301.2920110001,339452.44726700004
2026-10-07T17:09:55.829315+00:00,obs-20261007-01,LIGHT,ALGOUSDT,1.0,0.1169,0.117,0.11695,8.554319931566301,5664272499,0.1169,0.117,112,1,101856.35150000003,16674.365400000002,107397.54900000001,13366.461499999998,19.639200000000002,0.0,47452.030399999996,35766.1666,103418.7989,76448.008,152578.5925,104980.03240000001,192501.15400000004,118131.68350000003
2026-10-07T17:09:55.829315+00:00,obs-20261007-01,LIGHT,XRPUSDT,1.0,1.4308,1.4309,1.43085,0.6989097008669454,26676610543,1.4308,1.4309,421,53,2294118.1380800004,3211635.969720002,2457883.7626399994,2943261.873040003,74457.6255,51376.55232,841378.0247699999,1181951.5922599998,1497403.00945,1658253.3299499995,2622462.2139499993,2549275.1444999985,3247565.4678099984,3284639.9842699976
2026-10-07T17:09:55.829315+00:00,obs-20261007-01,LIGHT,HBARUSDT,1.0,0.09302,0.09303,0.093025,1.0750376263168882,8392635733,0.09302,0.09303,324,61,329513.0231299999,804392.3358300001,326478.13375,808990.05975,2164.96384,5283.65108,133845.76668,132538.09169,251780.23395000008,220694.0558399999,417345.827,364219.5109699999,788932.29236,730113.95711
2026-10-07T17:10:55.829821+00:00,obs-20261007-01,LIGHT,PEPEUSDT,1.0,4.04e-06,4.05e-06,4.045e-06,24.752475247524774,8827842947,4.04e-06,4.05e-06,147,14,303920.72705164994,338204.06877844007,279052.06389607,386602.82222515,671.6851410300001,5257.5274503,136937.88326236,70537.9519449,310626.83413195005,212394.38425032,621390.71932113,456249.60071478004,904526.59234353,755070.06116303
2026-10-07T17:10:55.829821+00:00,obs-20261007-01,LIGHT,BNBUSDT,1.0,772.77,772.78,772.775,0.12940460939248055,20909085199,772.77,772.78,443,229,3119002.4354700004,1985491.893030001,3119876.698799997,1951889.9961099997,15307.345480000007,15017.415909999994,837147.2466400001,1945307.55002,1590104.5220300003,3042130.8149099965,3386899.8587400005,4555795.129069997,5587012.424650004,5888517.499219998
2026-10-07T17:10:55.829821+00:00,obs-20261007-01,LIGHT,AAVEUSDT,1.0,172.52,172.53,172.525,0.5796429399484992,10438963226,172.52,172.53,333,46,1733611.1709099992,607712.2168800002,1559803.1444199998,615654.01876,3819.9120599999997,5670.714999999999,250145.98747999998,84817.81576000003,330564.74033999996,153221.52634000004,437321.9765599998,186205.99675,963718.9131099998,211681.24977999993
2026-10-07T17:10:55.829821+00:00,obs-20261007-01,LIGHT,AVAXUSDT,1.0,11.319,11.32,11.319500000000001,0.8834702712245956,10518754640,11.319,11.32,359,59,1386429.7702300008,828626.1598899998,1440834.7074300018,813816.3731600002,15357.130910000003,9903.004780000001,179059.25049000003,173453.85495000007,392823.2172900001,263636.30254000006,436519.0106300002,410388.51788000023,527350.8769000003,464265.03303000017
2026-10-07T17:10:55.829821+00:00,obs-20261007-01,LIGHT,FILUSDT,1.0,1.0321,1.0323,1.0322,1.9377967251243966,9894830057,1.0321,1.0323,372,57,537479.5871889999,359475.93130299996,522507.4542170003,378260.6426610002,1759.9680580000002,8568.739477000001,115158.83831899999,75392.789256,183525.679717,152364.42661200004,255725.22915099998,246702.613128,381292.6616279999,328587.92129400006
2026-10-07T17:10:55.829821+00:00,obs-20261007-01,LIGHT,ALGOUSDT,1.0,0.117,0.1171,0.11705,8.547008547008517,5664273202,0.117,0.1171,124,8,182578.65669999996,60808.483299999985,170687.34449999998,64542.137199999976,0.0,3101.4359999999997,49472.292199999996,42644.1563,121320.12619999998,82463.2705,160785.4961,101841.8701,201578.6387,119175.32040000001
2026-10-07T17:10:55.829821+00:00,obs-20261007-01,LIGHT,XRPUSDT,1.0,1.4308,1.4309,1.43085,0.6989097008669454,26676614571,1.4308,1.4309,416,68,2115957.0388700003,1906457.958489999,2054003.90811,1957177.8518099992,67847.98286,37420.52355,894771.6844500003,1135512.73375,1557919.4448800003,1604185.1572699999,2684415.34471,2499567.399219999,3298546.6991399997,3234908.3561199983
2026-10-07T17:10:55.829821+00:00,obs-20261007-01,LIGHT,HBARUSDT,1.0,0.093,0.09301,0.093005,1.0752688172033231,8392638023,0.093,0.09301,302,35,608929.44159,513179.08102000016,615267.4586399999,497213.2815,5928.316089999999,2958.6179099999995,145469.97396999996,140533.34342000002,249415.23755999995,233851.51731999998,412643.2428299998,379336.84884999995,781998.55894,746072.6406299999
2026-10-07T17:11:55.830957+00:00,obs-20261007-01,LIGHT,PEPEUSDT,1.0,4.04e-06,4.05e-06,4.045e-06,24.752475247524774,8827843748,4.04e-06,4.05e-06,155,20,706755.5976096297,318208.1276546299,657920.67490333,233455.54209792995,8801.231964749999,33262.30441756,165093.88642692,45803.2061124,323500.36600554,185564.61668146,627156.02191098,531402.5028049999,919220.93947787,835108.69304533
2026-10-07T17:11:55.830957+00:00,obs-20261007-01,LIGHT,BNBUSDT,1.0,772.71,772.72,772.715,0.1294146575037125,20909091669,772.71,772.72,450,247,1990212.4096699997,2787586.8457000013,2041405.8986,2791532.366489998,11934.825640000003,18643.956499999997,809058.4256399997,1890488.88978,1589204.1535299995,2899727.6960099973,3438500.990130001,4547471.827969997,5532631.778810004,5884973.7078899965
2026-10-07T17:11:55.830957+00:00,obs-20261007-01,LIGHT,AAVEUSDT,1.0,172.4,172.41,172.405,0.5800464037108988,10438965696,172.4,172.41,287,43,1057654.1631000005,497006.72455,1234924.142129999,489721.41423,3356.3111999999987,1564.9211599999999,114183.34228,86653.89633000002,203546.55487999992,138469.16642000008,266145.29163999995,192965.96448000002,792323.7261900001,220079.90027
2026-10-07T17:11:55.830957+00:00,obs-20261007-01,LIGHT,AVAXUSDT,1.0,11.306,11.307,11.3065,0.8844861135681725,10518762453,11.306,11.307,443,110,1083561.9835000003,1859656.8756600008,1134159.2078100005,1833330.94647,14538.154809999996,33027.404299999995,189400.88238,170076.71679,370405.90525,256718.08930000008,388832.68198999995,436347.43737000006,487668.5313199999,486694.88952000014
2026-10-07T17:11:55.830957+00:00,obs-20261007-01,LIGHT,FILUSDT,1.0,1.032,1.0321,1.03205,0.9689922480626834,9894833466,1.032,1.0321,389,31,484161.49058600015,322594.01794400014,487334.2929170001,318431.98867600004,1197.197488,980.759169,111922.680104,67309.836648,180253.08506700004,144889.51652599996,252562.77765400006,250857.13639599993,377498.1821230001,328975.21532
2026-10-07T17:11:55.830957+00:00,obs-20261007-01,LIGHT,ALGOUSDT,1.0,0.117,0.1171,0.11705,8.547008547008517,5664274006,0.117,0.1171,192,4,210941.51690000008,53433.69130000001,212756.01380000004,54748.66009999999,22.23,433.27,36885.0846,25046.1063,94683.20680000001,75435.79340000001,158970.9992,100526.9013,199616.05910000004,118118.13260000001
2026-10-07T17:11:55.830957+00:00,obs-20261007-01,LIGHT,XRPUSDT,1.0,1.4307,1.4308,1.4307500000000002,0.6989585517569452,26676619449,1.4307,1.4308,459,85,2284154.5364700006,2779160.4017899996,2353378.94306,2727389.356899999,73854.83072,49093.124839999975,845857.38498,1145397.97705,1493475.5923200003,1650288.3683200004,2615623.18348,2551918.281789999,3239809.33429,3283069.7777099977
2026-10-07T17:11:55.830957+00:00,obs-20261007-01,LIGHT,HBARUSDT,1.0,0.09292,0.09293,0.09292500000000001,1.0761945759796276,8392640113,0.09292,0.09293,292,37,356414.82362000016,577069.9361200001,409336.6306900002,571604.45289,5406.716839999999,3319.9405299999994,92670.36696000001,116441.94785999999,177904.89606,177222.93854999988,384327.82831,378812.7469899998,868376.3161300002,758836.9192199998
2026-10-07T17:12:55.834851+00:00,obs-20261007-01,LIGHT,PEPEUSDT,1.0,4.04e-06,4.05e-06,4.045e-06,24.752475247524774,8827843969,4.04e-06,4.05e-06,116,12,74925.22932375001,349379.83790988004,68226.74274304001,298605.8916111,0.0,778.44427515,149500.96769292,94129.52807925,321854.00566952,249641.94775795,633854.50849169,582176.44910378,924911.8430787801,866731.3930395899
2026-10-07T17:12:55.834851+00:00,obs-20261007-01,LIGHT,BNBUSDT,1.0,772.61,772.62,772.615,0.12943140782484264,20909096227,772.61,772.62,403,101,1789514.3429299982,2763590.6940700007,1776654.5297099994,2745485.88985,6177.22467,5014.697119999997,895692.2557499999,1935124.3014100003,1613084.7401299998,2945877.954789997,3451504.6085900003,4564404.4721099995,5545412.970690005,5907173.777409997
2026-10-07T17:12:55.834851+00:00,obs-20261007-01,LIGHT,AAVEUSDT,1.0,172.41,172.42,172.415,0.5800127602806349,10438967674,172.41,172.42,283,29,1344252.826460001,387452.2256999998,1202954.7404300002,357279.57507,1072.82672,1159.7163099999996,254660.05096,122601.53168000003,340245.19184000004,176762.96817000007,403450.8311099999,224802.94965000002,931738.3501900001,251911.83567
2026-10-07T17:12:55.834851+00:00,obs-20261007-01,LIGHT,AVAXUSDT,1.0,11.287,11.288,11.287500000000001,0.8859750155032486,10518768781,11.287,11.288,411,90,1079402.6406599998,1902075.5935299988,1060891.7094500002,1889793.0964099998,7786.9285599999985,32433.420599999998,220241.10439999998,164115.39432000005,389917.54206000007,270260.02852000017,409861.01051000005,365483.7549500003,516743.11889,488139.7733400005
2026-10-07T17:12:55.834851+00:00,obs-20261007-01,LIGHT,FILUSDT,1.0,1.0315,1.0317,1.0316,1.9389238972378209,9894835787,1.0315,1.0317,325,25,208346.87937099987,305967.3532509998,221398.07185600014,301154.01722900005,1748.952327,3921.4115920000004,111647.523503,69504.389088,188815.88110299993,139893.40611399998,244818.0690989999,251486.34226399998,369098.2637869998,333764.54740200005
2026-10-07T17:12:55.834851+00:00,obs-20261007-01,LIGHT,ALGOUSDT,1.0,0.1171,0.1172,0.11715,8.53970964987294,5664275139,0.1171,0.1172,184,7,280530.8698000001,109549.2724,277586.0365000001,113679.0887,24.9636,3318.3621000000003,38369.612700000005,29603.895500000002,77572.7005,72742.56809999999,153337.06410000002,101199.14399999999,194379.29930000004,120291.66240000002
2026-10-07T17:12:55.834851+00:00,obs-20261007-01,LIGHT,XRPUSDT,1.0,1.4305,1.4306,1.4305500000000002,0.6990562740294415,26676623080,1.4305,1.4306,414,77,1979019.923209999,1717874.02721,2018926.53302,1697549.6851200007,76051.29805,54396.10737999999,767374.9936699996,1152238.6179699998,1334812.9477299997,1677719.5940899998,2577116.5862200004,2570685.391729999,3201403.8462500004,3314930.6443999982
2026-10-07T17:12:55.834851+00:00,obs-20261007-01,LIGHT,HBARUSDT,1.0,0.09289,0.0929,0.092895,1.0765421466252256,8392642417,0.09289,0.0929,306,29,721576.2023100001,734572.1624400001,676731.19183,708950.0066799999,1930.9791,3370.5212600000004,119365.56737,139346.48666,243185.97901999997,249189.11189999996,430385.5643399998,403572.7313199999,885141.67889,772779.35341
2026-10-07T17:13:55.836906+00:00,obs-20261007-01,LIGHT,PEPEUSDT,1.0,4.04e-06,4.05e-06,4.045e-06,24.752475247524774,8827844154,4.04e-06,4.05e-06,98,11,84929.02308916001,185710.4329758299,89028.87338782001,184936.67594388,5141.3555302,2795.52360915,136061.19356232,115905.8956473,318011.0835083,254793.42912864,629754.65819303,582950.20613573,921982.3331115901,867505.1500715399
2026-10-07T17:13:55.836906+00:00,obs-20261007-01,LIGHT,BNBUSDT,1.0,772.56,772.57,772.565,0.12943978461299466,20909099812,772.56,772.57,350,57,1392145.6885299992,1108463.9338,1391282.3253999993,1106688.6304600001,1151.13124,5227.957819999999,926646.6099999998,1925682.8997600002,1614146.6386900002,2945614.242769997,3452455.1661700006,4565789.614669999,5546465.6903700065,5908938.459859996
2026-10-07T17:13:55.836906+00:00,obs-20261007-01,LIGHT,AAVEUSDT,1.0,172.34,172.35,172.345,0.5802483462913344,10438969261,172.34,172.35,253,23,889696.07749,370296.10261000006,1039537.3285999994,400408.68904000014,418.93190000000004,917.0008700000001,93750.15948,81709.88100000001,178047.66835,138768.738,260957.22267000008,192952.39198,785814.5976900004,219749.68726999997
2026-10-07T17:13:55.836906+00:00,obs-20261007-01,LIGHT,AVAXUSDT,1.0,11.277,11.278,11.2775,0.8867606632989578,10518773255,11.277,11.278,367,60,583923.1408,1510234.9549400005,614010.5857400005,1505164.13263,12648.329039999999,18018.212199999994,172738.57998999994,160581.91583,351317.65147,265266.88373,380925.2874400001,369464.8421600001,523283.77036,477307.9567500002
2026-10-07T17:13:55.836906+00:00,obs-20261007-01,LIGHT,FILUSDT,1.0,1.0324,1.0326,1.0325,1.9372336303757898,9894837765,1.0324,1.0326,280,32,200130.516403,208788.96941899994,185466.04674699996,231590.274903,922.744956,1835.0726300000001,91778.585022,73140.09410000002,182289.49647999997,146065.931891,253681.44839600005,236041.83430999992,361537.11560699996,314850.74515799986
2026-10-07T17:13:55.836906+00:00,obs-20261007-01,LIGHT,ALGOUSDT,1.0,0.1172,0.1173,0.11725,8.532423208191808,5664276026,0.1172,0.1173,181,3,262378.2439,30463.948099999998,264651.0774,32515.047200000008,19.4386,775.5124000000001,23609.495300000002,44644.0548,60239.763900000005,79939.15749999999,146705.1826,100997.33449999998,190598.63230000003,118592.61030000001
2026-10-07T17:13:55.836906+00:00,obs-20261007-01,LIGHT,XRPUSDT,1.0,1.4297,1.4298,1.4297499999999999,0.699447436525169,26676628712,1.4297,1.4298,523,112,2096548.4292100002,2162258.8644,2162396.24961,2268684.2676900006,107212.29935999999,94976.23343999998,751379.9365600002,1184625.60866,1439020.2521000009,1521955.7073099995,2516601.6063400013,2462927.9610099997,3172852.8148400015,3205341.643769998
2026-10-07T17:13:55.836906+00:00,obs-20261007-01,LIGHT,HBARUSDT,1.0,0.0928,0.09281,0.092805,1.0775862068967967,8392644382,0.0928,0.09281,315,26,286115.7793400002,695043.77616,294186.48689999996,664696.9568800001,3897.278980000001,3164.82027,139057.27224000002,137024.25664999997,258336.78902000003,231056.90866999998,424830.37781000003,430609.3503799999,878787.5420200002,802703.4861
2026-10-07T17:14:55.843858+00:00,obs-20261007-01,LIGHT,PEPEUSDT,1.0,4.04e-06,4.05e-06,4.045e-06,24.752475247524774,8827844532,4.04e-06,4.05e-06,144,14,159370.7636187,190924.69084462995,158533.93503621,192134.24390949996,0.0,2801.42125155,119609.74742096,116029.53585765,319232.74225781,255515.77985768998,630591.48677552,581740.65307086,922365.8886239901,866280.5970095498
2026-10-07T17:14:55.843858+00:00,obs-20261007-01,LIGHT,BNBUSDT,1.0,772.65,772.66,772.655,0.12942470717591803,20909103370,772.65,772.66,355,100,770807.0389299997,821485.3612400001,734197.85646,840170.8043500005,9822.702679999999,3481.204300000002,931968.4735199999,1921260.2231200002,1650643.52953,2934015.6221899977,3488893.015060001,4547733.9028199995,5573929.569910004,5891735.566529999
2026-10-07T17:14:55.843858+00:00,obs-20261007-01,LIGHT,AAVEUSDT,1.0,172.16,172.17,172.165,0.5808550185859573,10438971551,172.16,172.17,264,42,483355.73643000005,388736.6750200004,476254.0419,378734.55945000006,1067.4137699999999,1372.3614499999999,130957.60587999999,79287.22862,216229.99926999997,134858.87558000002,275403.5177099998,197340.19680999996,800384.7726000003,227472.53659999996
2026-10-07T17:14:55.843858+00:00,obs-20261007-01,LIGHT,AVAXUSDT,1.0,11.28,11.281,11.2805,0.8865248226963551,10518777491,11.28,11.281,344,59,784668.0776500001,1245834.3188099999,757378.9494799995,1286598.0193,1649.6801300000002,71768.41551999998,193547.28806000002,132063.50659,372932.23565000005,238943.99483999994,407857.5490200001,328737.82418,550361.1000300001,442296.8491600001
2026-10-07T17:14:55.843858+00:00,obs-20261007-01,LIGHT,FILUSDT,1.0,1.0304,1.0305,1.03045,0.9704968944101999,9894843923,1.0304,1.0305,417,248,768242.0720179997,436931.6002020001,764542.3831279997,434343.53494899994,29273.797268999988,19846.036693000002,97124.03121200002,84557.62693399999,179534.06073000006,142950.22610499998,280952.8741700001,215521.376636,431225.7076149999,298882.7296439998
2026-10-07T17:14:55.843858+00:00,obs-20261007-01,LIGHT,ALGOUSDT,1.0,0.1171,0.1172,0.11715,8.53970964987294,5664276387,0.1171,0.1172,89,0,376014.3581,15151.371399999998,377489.0494000001,15379.0934,0.0,0.0,56949.0018,26332.3592,108031.5161,70228.484,149589.5393,98920.32290000001,190631.65880000003,118012.84130000004
2026-10-07T17:14:55.843858+00:00,obs-20261007-01,LIGHT,XRPUSDT,1.0,1.4297,1.4298,1.4297499999999999,0.699447436525169,26676632879,1.4297,1.4298,451,112,2456296.786330001,1739217.7167800008,2338064.86711,1848059.0597900008,81946.09692,74618.41174000001,821609.4847599998,1095241.8660099998,1566284.00795,1582812.8221099996,2634833.525560001,2355083.4861500002,3302390.8794700014,3097341.832769999
2026-10-07T17:14:55.843858+00:00,obs-20261007-01,LIGHT,HBARUSDT,1.0,0.09276,0.09277,0.092765,1.0780508840024794,8392646459,0.09276,0.09277,310,27,326774.02215000003,625566.1375800007,330442.4693000001,633778.67227,5048.183219999999,3298.7964500000003,147429.5895,133007.75053000002,263266.86896,262587.74186000007,424428.54997999995,419094.2196900001,883968.46457,793970.5516700003
2026-10-07T17:15:55.843893+00:00,obs-20261007-01,LIGHT,PEPEUSDT,1.0,4.04e-06,4.05e-06,4.045e-06,24.752475247524774,8827844987,4.04e-06,4.05e-06,132,16,207973.90950233996,110706.32678915,219508.38940849,215973.57834019,4.04,4797.793636200001,105294.7198992,112745.18918385,307521.51969552005,239249.03125125,619057.00686937,476473.40151982004,910062.75521353,760787.7757929
2026-10-07T17:15:55.843893+00:00,obs-20261007-01,LIGHT,BNBUSDT,1.0,772.45,772.46,772.455,0.12945821735943497,20909108005,772.45,772.46,381,163,1504771.5257500007,1936135.5496500004,1740932.4606700004,1874644.42142,25113.818819999997,11898.950809999997,928245.2834600002,1891801.2602799998,1607711.6114700006,2970236.8163199984,3253309.513860001,4604812.66086,5532941.894740004,5881545.901649996
2026-10-07T17:15:55.843893+00:00,obs-20261007-01,LIGHT,AAVEUSDT,1.0,172.21,172.22,172.215,0.5806863712898291,10438973699,172.21,172.22,282,33,704307.3221200001,415106.6885300001,754041.9241699998,425849.90478000004,2129.0977599999997,2666.90193,73219.53763000002,56582.67136000001,163402.43842000008,124751.16603000005,225580.27292000016,186737.47887000002,746304.8153500004,214939.82300000003
2026-10-07T17:15:55.843893+00:00,obs-20261007-01,LIGHT,AVAXUSDT,1.0,11.272,11.273,11.2725,0.8871540099364417,10518781271,11.272,11.273,364,51,661559.8192699999,1236968.7090200006,688868.2357799998,1240935.73789,4298.17651,1934.08064,169806.11372,125444.86022000003,344498.15803999995,237161.35404,381446.35055000003,318619.36968000006,542878.6393099999,420796.9237400003
2026-10-07T17:15:55.843893+00:00,obs-20261007-01,LIGHT,FILUSDT,1.0,1.0288,1.0289,1.0288499999999998,0.9720062208407043,9894848472,1.0288,1.0289,448,140,764343.6103040002,366848.08127100003,800562.5060480004,327702.4631210001,16281.59615700001,4917.575672,108035.79487299999,75430.545002,171301.887117,142165.47305799997,272269.202808,242877.11311599993,400382.30584399984,321687.546021
2026-10-07T17:15:55.843893+00:00,obs-20261007-01,LIGHT,ALGOUSDT,1.0,0.117,0.1171,0.11705,8.547008547008517,5664276840,0.117,0.1171,115,3,330034.81019999995,50773.49410000001,332129.82650000014,43324.8968,195.954,81.3368,37896.93090000001,26447.0924,68047.80170000001,70091.8778,154230.1674,100032.5356,191379.77410000007,118980.23640000002
2026-10-07T17:15:55.843893+00:00,obs-20261007-01,LIGHT,XRPUSDT,1.0,1.4294,1.4295,1.42945,0.6995942353427154,26676636765,1.4294,1.4295,418,60,2309661.5490199993,1734789.8313499999,2421568.82742,1715006.6394999987,108611.75352,33060.64532999999,911643.1577500001,1065806.65734,1583278.95404,1475579.4744299997,2524388.9693000005,2374913.4777400005,3199061.8363900012,3116158.413369999
2026-10-07T17:15:55.843893+00:00,obs-20261007-01,LIGHT,HBARUSDT,1.0,0.09273,0.09274,0.09273500000000001,1.0783996549124097,8392648596,0.09273,0.09274,302,25,835406.7801800001,553763.1874699995,824677.6543100001,557216.9048999998,1942.6462600000002,2298.80501,133277.77871999997,124661.75588999997,259340.00564999998,254650.63924000002,435348.75408000004,414913.45097000006,910981.0167400002,788964.1963600003
2026-10-07T17:16:55.922853+00:00,obs-20261007-01,LIGHT,PEPEUSDT,1.0,4.04e-06,4.05e-06,4.045e-06,24.752475247524774,8827845254,4.04e-06,4.05e-06,141,14,27541.59895703,64454.44530503998,15704.116505200005,49011.38229453,1553.83822488,766.92473865,102051.82016100001,129988.03634415001,317172.37655707006,254370.81091853,630894.4893212001,491916.46453033003,922673.7137008101,864920.07064761
2026-10-07T17:16:55.922853+00:00,obs-20261007-01,LIGHT,BNBUSDT,1.0,772.14,772.15,772.145,0.12951019245255324,20909111789,772.14,772.15,401,97,2084624.5165300008,2417460.168420001,2113746.80901,2488068.90759,4958.66924,3353.3284700000004,790825.76813,1814146.4921900004,1582918.1945900004,2865097.7997100004,3228278.586930001,4255837.60445,5575224.184240002,5817614.311239993
2026-10-07T17:16:55.922853+00:00,obs-20261007-01,LIGHT,AAVEUSDT,1.0,171.94,171.95,171.945,0.5815982319412605,10438976516,171.94,171.95,300,60,1399042.55295,406132.2223900003,1335408.4733900004,332346.6438600001,20508.18958,879.9540400000001,126576.26778000004,60775.6161,208061.23510000005,157979.87539999993,298820.0505500003,246397.6880799998,832119.2232000005,284950.47184999974
2026-10-07T17:16:55.922853+00:00,obs-20261007-01,LIGHT,AVAXUSDT,1.0,11.267,11.268,11.2675,0.887547705690217,10518784771,11.267,11.268,363,39,560509.6725999998,1228282.42585,647027.3659300002,1264477.6533599999,3128.0779600000005,1466.3020199999999,138624.54597999997,128954.58564999998,240194.73661000002,221595.57379999998,295650.52868999995,281951.29235,452173.67256999976,384148.64290000015
2026-10-07T17:16:55.922853+00:00,obs-20261007-01,LIGHT,FILUSDT,1.0,1.0294,1.0295,1.0294500000000002,0.9714396735960307,9894851887,1.0294,1.0295,401,76,331784.8401339999,261912.04176400005,322884.6239160001,273789.5565110001,4979.977875999998,6517.289167999999,99918.14334200001,84999.68604,179106.09815000003,145531.68198099997,275723.88348400005,235018.37996799996,410114.2311429999,310854.36003
2026-10-07T17:16:55.922853+00:00,obs-20261007-01,LIGHT,ALGOUSDT,1.0,0.117,0.1171,0.11705,8.547008547008517,5664277205,0.117,0.1171,101,0,237290.2232,23494.906299999995,242591.72520000002,19004.287199999995,0.0,0.0,31044.1863,36929.843,89444.5227,74833.56820000001,148928.6654,104523.1547,186537.48870000005,123470.78620000002
2026-10-07T17:16:55.922853+00:00,obs-20261007-01,LIGHT,XRPUSDT,1.0,1.428,1.4281,1.4280499999999998,0.7002801120448154,26676641589,1.428,1.4281,465,96,2722926.7905600024,2691860.8732400006,2750567.4149300014,2345265.0411799992,145544.50198,29355.37699,1075346.0172299999,1190309.4148600001,1620547.78294,1695573.2108200002,2535714.4608400026,2716438.0099599976,4080393.6022600024,3458675.2043999964
2026-10-07T17:16:55.922853+00:00,obs-20261007-01,LIGHT,HBARUSDT,1.0,0.09267,0.09268,0.09267500000000001,1.0790978741770374,8392649866,0.09267,0.09268,277,15,282754.42182000016,319897.65538999997,299005.6246700001,296254.08368,1680.93831,805.6206499999998,153834.18664000003,138102.47578999997,263493.52719,229415.3463199999,430865.23936000007,436582.97003999987,898065.5398600003,808003.09232
2026-10-07T17:17:55.922935+00:00,obs-20261007-01,LIGHT,PEPEUSDT,1.0,4.04e-06,4.05e-06,4.045e-06,24.752475247524774,8827845418,4.04e-06,4.05e-06,94,12,79377.96534849999,8275.49464309,108498.66374455,18318.060056579998,0.0,1009.56684015,85806.4424572,135832.84429500002,287269.81977981003,245413.53667826002,601773.79092515,481873.89911684,893558.01930504,766655.0939680198
2026-10-07T17:17:55.922935+00:00,obs-20261007-01,LIGHT,BNBUSDT,1.0,771.8,771.81,771.805,0.1295672453993646,20909115547,771.8,771.81,364,65,2372447.1102100024,2824762.7666000007,2386003.2326600016,2793029.1831199983,6493.883099999999,1040.6436599999997,963817.72962,1258187.3863600001,1577821.8080700003,2690420.3603999997,3409210.7806900004,4284303.499810004,5568694.4959900025,5832230.963899999
2026-10-07T17:17:55.922935+00:00,obs-20261007-01,LIGHT,AAVEUSDT,1.0,172.0,172.01,172.005,0.58139534883761,10438977758,172.0,172.01,226,13,459290.4079099999,228173.6846399999,485995.9170699999,265623.30786,500.71306,1602.32101,133479.79013000004,91754.60400999998,214044.30631999995,148898.77693999998,269492.0969500003,212050.34110999986,798671.6598900008,242756.7393299999
2026-10-07T17:17:55.922935+00:00,obs-20261007-01,LIGHT,AVAXUSDT,1.0,11.256,11.257,11.256499999999999,0.8884150675192437,10518788220,11.256,11.257,344,44,846117.21399,1398906.9816199993,747860.5675599999,1325797.3753900002,11755.587790000001,1603.5825800000002,204469.85243000006,131708.10228999998,348492.36116,251946.02133999998,396067.2634399999,354033.33879,560373.6441999995,449932.75753
2026-10-07T17:17:55.922935+00:00,obs-20261007-01,LIGHT,FILUSDT,1.0,1.0293,1.0294,1.02935,0.9715340522675753,9894853900,1.0293,1.0294,300,14,138100.78108000004,147142.11146100002,138865.79566099998,137841.00251100006,1343.7659330000001,227.42717400000004,110131.54875700003,85770.27317800002,183599.98525300005,152022.74990900003,275083.861518,244319.48891800002,408743.7156119999,319851.341049
2026-10-07T17:17:55.922935+00:00,obs-20261007-01,LIGHT,ALGOUSDT,1.0,0.1168,0.1169,0.11685000000000001,8.561643835616195,5664278058,0.1168,0.1169,160,2,363697.3086,70823.93599999997,370980.9483999999,61057.5117,1728.9931000000001,0.0,54498.125799999994,32708.1926,102338.0919,72831.5752,148258.3003,109076.0161,183943.81030000004,118403.16940000001
2026-10-07T17:17:55.922935+00:00,obs-20261007-01,LIGHT,XRPUSDT,1.0,1.4273,1.4274,1.4273500000000001,0.7006235549633644,26676645493,1.4273,1.4274,390,126,2328236.2449,2072863.1713300012,2429178.8209900004,2276143.99757,185863.55163999993,49637.805600000014,967036.4722499998,1136468.4002,1397168.0965299997,1485253.1871700003,2437686.5700099994,2512321.5928299986,3988324.2773799994,3228070.1548599983
2026-10-07T17:17:55.922935+00:00,obs-20261007-01,LIGHT,HBARUSDT,1.0,0.09259,0.0926,0.09259500000000001,1.0800302408453533,8392651539,0.09259,0.0926,255,21,331108.94207999983,790396.9643300002,367208.67520999996,783382.56664,10483.051399999998,141.2246,133060.57847,148315.53772999998,237145.15163,227414.23645999996,399548.46727999987,435478.11103000003,877317.0419200002,811749.9684700002
2026-10-07T17:18:55.931171+00:00,obs-20261007-01,LIGHT,PEPEUSDT,1.0,4.04e-06,4.05e-06,4.045e-06,24.752475247524774,8827845664,4.04e-06,4.05e-06,95,14,130729.21014723998,97531.08398614,111408.91041842001,98659.65142174,1169.7759642400001,631.6926183000002,106312.32949776,119464.66762380001,306875.06812596,244284.80045266,621094.0906539699,480745.33168124006,912881.3102076,765526.52653242
2026-10-07T17:18:55.931171+00:00,obs-20261007-01,LIGHT,BNBUSDT,1.0,772.06,772.07,772.065,0.12952361215567976,20909120201,772.06,772.07,407,62,2585430.2892300007,1196647.1184200007,2590523.844450001,1275866.6597900002,15896.24078,2938.353609999999,767255.1018500003,1256308.1707200003,1562617.9972800012,2628409.5771100004,3211382.469840001,4208081.822220002,5479841.775850003,5767589.829769998
2026-10-07T17:18:55.931171+00:00,obs-20261007-01,LIGHT,AAVEUSDT,1.0,172.07,172.08,172.075,0.5811588307103044,10438980584,172.07,172.08,271,43,673571.0308600003,534164.1868699999,677246.4454399996,535891.8718699999,3044.7370100000003,3181.2306699999995,127834.96371000001,84986.55083,208192.38613,147761.45197000005,266127.6370700002,212126.55119999996,795055.9488000007,241100.13588
2026-10-07T17:18:55.931171+00:00,obs-20261007-01,LIGHT,AVAXUSDT,1.0,11.268,11.269,11.2685,0.8874689385862666,10518792597,11.268,11.269,372,102,716395.9752399999,1434592.7978099987,713672.02026,1489421.1872999999,6078.02064,103865.20203000001,146766.27178,132806.72975,280854.62406,231011.50649999996,396636.7026,300232.5120299999,555058.52661,401959.03569
2026-10-07T17:18:55.931171+00:00,obs-20261007-01,LIGHT,FILUSDT,1.0,1.0292,1.0293,1.02925,0.9716284492822247,9894857736,1.0292,1.0293,365,61,349527.797795,275029.66858,361085.8931309999,274864.51123,1636.804285000001,516.618349,98506.79371299999,84925.841038,161915.97622900002,151847.00819700005,265225.46837200003,244484.64626800007,397160.32707000006,323129.041445
2026-10-07T17:18:55.931171+00:00,obs-20261007-01,LIGHT,ALGOUSDT,1.0,0.1169,0.117,0.11695,8.554319931566301,5664278416,0.1169,0.117,106,5,212090.1999,36787.9602,207615.6004,42558.0303,68.328,877.9190000000001,33946.8815,35709.3042,102716.1725,72102.0788,149980.04969999997,106659.3955,186737.6323,119920.98730000002
2026-10-07T17:18:55.931171+00:00,obs-20261007-01,LIGHT,XRPUSDT,1.0,1.4277,1.4278,1.42775,0.7004272606292439,26676649455,1.4277,1.4278,416,80,1919050.9652500008,1982461.226350001,1639938.0340099998,2325555.77484,151544.14011,91451.34836000002,1095410.84814,913826.4504900001,1581671.3196699999,1394739.3199000007,2714689.7201000014,2169889.7616999988,4241899.319870001,2887262.7373099984
2026-10-07T17:18:55.931171+00:00,obs-20261007-01,LIGHT,HBARUSDT,1.0,0.09264,0.09265,0.092645,1.0794473229691626,8392653878,0.09264,0.09265,364,37,404746.0629700001,233143.61019,387775.12841000035,266223.71874,2702.81442,5776.039589999998,128393.85496999999,127336.00482999998,252105.05200999998,256391.81525999992,416220.87308,404808.70522,890102.4901100001,778226.7582700001
2026-10-07T17:19:55.979719+00:00,obs-20261007-01,LIGHT,PEPEUSDT,1.0,4.04e-06,4.05e-06,4.045e-06,24.752475247524774,8827845806,4.04e-06,4.05e-06,82,11,2913.87168002,20136.846871830006,9512.604415330003,19347.980451010004,561.21108944,1918.2192876000004,98140.81090104001,135199.83452355,300098.59094493004,244589.80585713,614495.3579186599,481534.19810206,905491.9269995401,766152.25075512
2026-10-07T17:19:55.979719+00:00,obs-20261007-01,LIGHT,BNBUSDT,1.0,771.77,771.78,771.775,0.12957228189725,20909123024,771.77,771.78,345,58,1833801.9000300006,1169135.50222,2013338.6726199994,1059045.7651799999,11922.00617,1237.3054699999998,940688.61634,1298093.54477,1503848.08587,2683958.40202,3224837.177779999,4314768.352930007,5566542.096460004,5863022.442540003
2026-10-07T17:19:55.979719+00:00,obs-20261007-01,LIGHT,AAVEUSDT,1.0,171.97,171.98,171.975,0.58149677269137,10438981903,171.97,171.98,214,20,695266.08146,354439.51682,633811.4066400001,355832.32854999986,795.68312,373.32999,180142.08000000002,86725.39613999998,258407.07412999994,142672.08702,332118.16260999994,204013.4897899999,860186.4634600002,238010.57080999998
2026-10-07T17:19:55.979719+00:00,obs-20261007-01,LIGHT,AVAXUSDT,1.0,11.258,11.259,11.2585,0.8882572392976407,10518795654,11.258,11.259,331,46,514356.0998500004,1054093.08153,593012.7963099999,1068182.0718799997,5913.198360000001,4445.38532,170424.10769999996,118919.66594999998,269475.38713999995,213643.03969,320115.4610499998,285144.38689,485593.3748999998,382135.82073
2026-10-07T17:19:55.979719+00:00,obs-20261007-01,LIGHT,FILUSDT,1.0,1.0293,1.0294,1.02935,0.9715340522675753,9894860850,1.0293,1.0294,307,46,249649.70453999992,163194.33776599998,227347.491364,166928.21934399992,2474.618732,1506.7917819999998,111508.36378300001,82195.60692099998,179754.25423000005,148120.35376600004,285827.97935800004,240750.7646900001,418747.88483000005,319419.17827100004
2026-10-07T17:19:55.979719+00:00,obs-20261007-01,LIGHT,ALGOUSDT,1.0,0.1167,0.1168,0.11674999999999999,8.568980291345785,5664279159,0.1167,0.1168,129,2,183889.06969999993,39914.829399999995,190814.61069999993,29387.473600000005,5.6064,56.5796,37879.797000000006,24928.223700000002,87267.14480000001,67420.5297,148475.06000000003,105314.7638,187573.67850000004,121352.56980000003
2026-10-07T17:19:55.979719+00:00,obs-20261007-01,LIGHT,XRPUSDT,1.0,1.4261,1.4262,1.4261499999999998,0.7012130986616683,26676653399,1.4261,1.4262,373,90,2317587.113400002,2681117.7264799993,2573431.32673,2233692.27379,154367.57127,32163.46086,989033.2454100001,1340056.93559,1693467.6535899998,1682452.6677399995,2487666.9295799984,2612423.938069998,4021577.2837299984,3316988.2848899984
2026-10-07T17:19:55.979719+00:00,obs-20261007-01,LIGHT,HBARUSDT,1.0,0.09254,0.09255,0.09254499999999999,1.0806137886310019,8392655777,0.09254,0.09255,312,23,293521.2493799999,584383.7465900001,320484.51249999995,550437.4169199995,5030.853650000001,2351.4375299999997,116643.61811999998,148755.77946000002,209803.38166999997,273835.5826,389624.76536999986,428754.4398700002,884827.79881,814003.5991100002
2026-10-07T17:20:55.979743+00:00,obs-20261007-01,LIGHT,PEPEUSDT,1.0,4.04e-06,4.05e-06,4.045e-06,24.752475247524774,8827846114,4.04e-06,4.05e-06,139,16,42437.069139850006,100478.09207819002,42858.67208762,99732.83371222002,1492.52092288,2128.6483938,97153.87276028,136011.00232485,299686.07043796004,245656.33939633,614073.75497089,482279.45646803,905157.1114445102,766897.5091210899
2026-10-07T17:20:55.979743+00:00,obs-20261007-01,LIGHT,BNBUSDT,1.0,771.88,771.89,771.885,0.12955381665458177,20909125416,771.88,771.89,332,65,736386.5499999999,657107.0630200005,742606.9589499999,717299.6725600003,4997.983729999999,5326.35888,802119.9466499998,1254676.2979499996,1490984.0111099998,2670152.4974700003,3217734.2180299982,4255568.890980006,5568403.425260004,5801759.5955000045
2026-10-07T17:20:55.979743+00:00,obs-20261007-01,LIGHT,AAVEUSDT,1.0,172.04,172.05,172.04500000000002,0.5812601720545096,10438983978,172.04,172.05,228,36,1557850.3418699992,392766.5611500001,1620942.000090001,389838.04347000003,1443.58185,992.6969699999999,132476.23522000006,82664.39535,210792.03687000004,147468.54996,266073.6614900002,211973.72617999994,794696.3370800006,242770.26146999997
2026-10-07T17:20:55.979743+00:00,obs-20261007-01,LIGHT,AVAXUSDT,1.0,11.262,11.263,11.2625,0.8879417510199161,10518799708,11.262,11.263,366,54,1117094.7583400006,1244366.9503299994,1019888.9219699999,1209368.6980900003,7768.16323,8884.632630000002,209109.11271000002,145210.13400000002,363560.01110000006,243780.49649,416686.9309599999,320161.97287,574778.47343,420856.99966000003
2026-10-07T17:20:55.979743+00:00,obs-20261007-01,LIGHT,FILUSDT,1.0,1.0284,1.0285,1.0284499999999999,0.9723842862707777,9894863588,1.0284,1.0285,341,46,278619.1746959999,239006.79746199993,304849.0852369997,220941.52296200005,16064.572615000005,1893.6081990000002,96854.63435600002,73537.21389900001,174537.72198800003,153145.31254300004,268930.26592200005,254685.25687900008,396269.24750299996,333454.36237000016
2026-10-07T17:20:55.979743+00:00,obs-20261007-01,LIGHT,ALGOUSDT,1.0,0.1167,0.1168,0.11674999999999999,8.568980291345785,5664279558,0.1167,0.1168,143,1,119653.85560000001,32398.520099999994,121301.81349999999,29083.662999999997,7.1187,0.0,40390.3441,27713.050000000003,109921.8318,69823.572,146827.10210000002,108629.62090000002,186872.94800000003,120249.77120000005
2026-10-07T17:20:55.979743+00:00,obs-20261007-01,LIGHT,XRPUSDT,1.0,1.4265,1.4266,1.4265500000000002,0.701016473887428,26676657615,1.4265,1.4266,414,93,2492221.856019998,2407849.0367200007,2484094.416430001,2473725.74827,78532.20642999999,67334.17284,916924.50698,1154646.14382,1640543.4226799998,1526624.20847,2488539.440799999,2548246.223799999,4029759.7725099986,3258044.769999999
2026-10-07T17:20:55.979743+00:00,obs-20261007-01,LIGHT,HBARUSDT,1.0,0.09254,0.09255,0.09254499999999999,1.0806137886310019,8392658300,0.09254,0.09255,325,50,1039609.6552800004,454903.28098000004,1039466.3969000005,466863.3922999999,13772.095179999998,6374.071259999999,120187.04594000001,133299.92797000002,225390.33901000005,262037.09738000005,390684.22375,416794.32855000015,885908.7985100001,801108.0877900001
2026-10-07T17:21:55.990462+00:00,obs-20261007-01,LIGHT,PEPEUSDT,1.0,4.04e-06,4.05e-06,4.045e-06,24.752475247524774,8827846590,4.04e-06,4.05e-06,145,18,223028.7560069401,118709.86240162,222459.54422225012,105695.13093205001,14056.022111760001,11892.550519350003,99786.87826168,136119.8859309,300445.40932493005,259922.66465808,614642.96675558,495294.1879376,906574.8368406701,869027.8301351599
2026-10-07T17:21:55.990462+00:00,obs-20261007-01,LIGHT,BNBUSDT,1.0,771.86,771.87,771.865,0.12955717358043017,20909129573,771.86,771.87,337,71,2754787.693490001,3497219.0728499987,2708842.1796,3471625.9586199997,17344.674860000006,1412.3184899999997,891747.08216,1317621.1686899997,1540697.1365199997,2696421.53291,3263972.402009998,4280690.350520004,5614268.351250003,5829872.347400003
2026-10-07T17:21:55.990462+00:00,obs-20261007-01,LIGHT,AAVEUSDT,1.0,172.09,172.1,172.095,0.58109128943995,10438986046,172.09,172.1,268,32,897046.8749500003,424949.5763600002,892409.0155800002,391501.4604300002,2272.47982,2090.34329,104056.05773,127462.55238000001,188340.30459,187985.65302999993,266591.56944000017,247901.6943399999,793250.5197400006,276477.0834099999
2026-10-07T17:21:55.990462+00:00,obs-20261007-01,LIGHT,AVAXUSDT,1.0,11.266,11.267,11.2665,0.8876264867740957,10518803690,11.266,11.267,360,57,845872.49872,1067197.6278199996,839703.2734500001,1073610.4463299997,7048.520840000001,8966.177209999998,198922.71352999998,157850.44565,332442.87143999996,254550.3901,422995.0717599999,313918.69745,580931.7214800001,415449.79285
2026-10-07T17:21:55.990462+00:00,obs-20261007-01,LIGHT,FILUSDT,1.0,1.0289,1.029,1.02895,0.9719117504136676,9894866660,1.0289,1.029,360,39,260377.01867899974,247643.2746859999,262907.5377980001,264386.92182399996,1209.0699760000002,1946.8530890000002,85332.161587,92108.450891,152898.70674699996,151603.18507700003,266376.28170099994,238179.69484700004,394041.92158899974,316993.871401
2026-10-07T17:21:55.990462+00:00,obs-20261007-01,LIGHT,ALGOUSDT,1.0,0.1168,0.1169,0.11685000000000001,8.561643835616195,5664280252,0.1168,0.1169,153,2,135651.1928,42915.90350000001,131431.2821,55098.7159,0.0,316.4904,29620.8592,29938.7444,86715.2411,65139.5258,148379.31160000002,102103.9645,190249.52240000005,108366.49530000002
2026-10-07T17:21:55.990462+00:00,obs-20261007-01,LIGHT,XRPUSDT,1.0,1.4266,1.4267,1.42665,0.7009673349211987,26676663464,1.4266,1.4267,543,100,3163465.7489999994,2170285.4747600006,3057431.207440001,2434653.1964300014,77372.07713000002,152505.01717999997,943326.0366500001,1054641.98477,1603732.9424999997,1262278.1886800004,2589875.1233799993,2283895.255869998,4150151.3100199993,3002427.822019998
2026-10-07T17:21:55.990462+00:00,obs-20261007-01,LIGHT,HBARUSDT,1.0,0.09257,0.09258,0.09257499999999999,1.0802635843143449,8392660086,0.09257,0.09258,283,34,537422.9609899998,512415.14292999986,518683.06419000006,534699.6215400001,2044.5440300000002,6434.596350000001,124605.00674,127516.64804,228774.76625000002,245241.00271999996,413517.33989999985,396264.93487,908804.07486,773179.7296200001
2026-10-07T17:22:55.990572+00:00,obs-20261007-01,LIGHT,PEPEUSDT,1.0,4.04e-06,4.05e-06,4.045e-06,24.752475247524774,8827846842,4.04e-06,4.05e-06,129,17,80185.08054606001,105326.42696681997,101384.38762418,106143.69666732995,11.915660840000001,9944.199183150002,95978.001139,136347.28740045,279246.74315432005,259105.55560757,593443.6596774601,494476.91823708994,903284.3432310802,863348.0152186699
2026-10-07T17:22:55.990572+00:00,obs-20261007-01,LIGHT,BNBUSDT,1.0,771.75,771.76,771.755,0.12957563978011066,20909133580,771.75,771.76,344,74,1369015.0031000006,1417005.0547400003,1401922.5080000001,1403406.9712099999,10503.100330000001,38969.108990000015,960411.8579499997,1326569.57309,1511362.86627,2654245.136889999,3231653.250979998,4293681.976740004,5583608.964810004,5838637.206840003
2026-10-07T17:22:55.990572+00:00,obs-20261007-01,LIGHT,AAVEUSDT,1.0,171.91,171.92,171.915,0.5816997266006041,10438987584,171.91,171.92,241,32,249277.79696000004,268729.73522999993,262423.61413000006,294134.79061,1114.54404,630.9248500000001,109788.23816000001,81164.42997000003,211335.65071999995,147081.79740000007,259397.55654000005,214920.46596,804782.7337500001,248936.0162100001
2026-10-07T17:22:55.990572+00:00,obs-20261007-01,LIGHT,AVAXUSDT,1.0,11.256,11.257,11.256499999999999,0.8884150675192437,10518806547,11.256,11.257,329,34,508887.5744300001,1014457.0364500005,534129.5129799998,995392.0509500004,2088.65167,13310.3911,184924.28186000002,139945.57317,350321.8087099999,246582.41710999998,400453.0546099999,332771.95536,566841.38971,428220.46754000004
2026-10-07T17:22:55.990572+00:00,obs-20261007-01,LIGHT,FILUSDT,1.0,1.0282,1.0283,1.0282499999999999,0.9725734292942434,9894868869,1.0282,1.0283,296,28,150014.50528500008,153831.51690499997,164673.64918200005,133443.685942,967.6946119999998,2052.82671,91677.119513,88887.19898,171739.062677,153626.928367,252385.581491,254611.72007399998,381544.0221069999,336422.5546100001
2026-10-07T17:22:55.990572+00:00,obs-20261007-01,LIGHT,ALGOUSDT,1.0,0.1167,0.1168,0.11674999999999999,8.568980291345785,5664280769,0.1167,0.1168,136,2,119320.07540000003,25325.752099999987,121230.26340000004,15203.110700000001,28.032,135.1364,36948.0156,24013.444900000002,107454.3892,70602.701,149136.82480000003,106569.44989999998,189160.62960000004,118189.7886
2026-10-07T17:22:55.990572+00:00,obs-20261007-01,LIGHT,XRPUSDT,1.0,1.4252,1.4253,1.4252500000000001,0.7016559079420226,26676670430,1.4252,1.4253,455,214,4298580.962289997,4648316.519410003,4283610.092140001,4617627.364519998,264330.1774399998,66045.99155,865811.6429999998,1105642.5747899998,1521413.2112500002,1414960.36786,2638918.6037800005,2306654.737789999,4174605.4116100008,3016363.4552199985
2026-10-07T17:22:55.990572+00:00,obs-20261007-01,LIGHT,HBARUSDT,1.0,0.09248,0.09249,0.09248500000000001,1.0813148788924032,8392662287,0.09248,0.09249,306,35,280289.46541999985,262624.9758700001,303572.4672599999,214946.16958000005,2009.97941,3473.36213,122767.59837999998,155842.53337,239337.48191999993,241584.30731999996,390403.53289,439453.3052,885640.1548600001,820082.6629500003
2026-10-07T17:23:55.996892+00:00,obs-20261007-01,LIGHT,PEPEUSDT,1.0,4.03e-06,4.04e-06,4.035e-06,24.81389578163684,8827847389,4.03e-06,4.04e-06,150,18,248552.78371748005,202427.30049456996,343202.11827287,110928.37085534,10478.32682634,1851.7364602300001,95868.99060648002,115280.84950960001,302536.88666634,245792.23328110002,625435.67740207,476254.98049176,890894.81257181,876692.02280445
2026-10-07T17:23:55.996892+00:00,obs-20261007-01,LIGHT,BNBUSDT,1.0,771.5,771.51,771.505,0.12961762799745813,20909137035,771.5,771.51,343,49,1132860.4858300004,1588275.3624099994,1159368.7833000007,1573149.03281,4997.8575,3527.4729599999996,807728.6172799995,1172453.0668200005,1492982.5913500008,2628519.9036699994,3245913.815399999,4306637.8503600005,5574308.108320003,5691842.786510001
2026-10-07T17:23:55.996892+00:00,obs-20261007-01,LIGHT,AAVEUSDT,1.0,171.77,171.78,171.775,0.582173837107014,10438989344,171.77,171.78,269,34,360016.56458,466966.78368,361022.07703,459680.9582800001,1487.23742,1939.4942100000003,158559.45410999996,90989.07010000001,217839.49926999997,144022.12013999998,261152.39100999996,214709.89726999987,804617.65358,249409.43478999994
2026-10-07T17:23:55.996892+00:00,obs-20261007-01,LIGHT,AVAXUSDT,1.0,11.231,11.232,11.2315,0.8903926631642634,10518811467,11.231,11.232,398,95,767140.0433999997,1395684.077170001,895367.8923200003,1410992.1535200004,11153.1758,56017.98073000001,166167.15277,134561.11666,257721.32515,233903.61791,344620.45628999994,311889.44411,498872.5545499999,404348.63908000017
2026-10-07T17:23:55.996892+00:00,obs-20261007-01,LIGHT,FILUSDT,1.0,1.0268,1.0269,1.02685,0.9738994935726275,9894873082,1.0268,1.0269,385,100,440738.61396999983,298673.66977199994,471824.27133400005,283362.20885199995,21378.471112,2707.573622,73636.94950300001,82300.944221,138861.00287800003,146817.613562,245158.546582,252639.95580800003,354912.6973350001,340921.95095900015
2026-10-07T17:23:55.996892+00:00,obs-20261007-01,LIGHT,ALGOUSDT,1.0,0.1165,0.1166,0.11655,8.58369098712286,5664281426,0.1165,0.1166,131,3,178909.91560000007,57746.56799999999,194919.70130000007,51213.471099999995,76.64359999999999,53.3776,31155.895900000003,24868.1262,87011.44529999999,66301.4929,144081.1471,105670.83690000001,175309.77740000002,123004.56410000002
2026-10-07T17:23:55.996892+00:00,obs-20261007-01,LIGHT,XRPUSDT,1.0,1.4242,1.4243,1.4242499999999998,0.7021485746383505,26676674236,1.4242,1.4243,438,84,1829263.1866099997,2464168.9919599984,1964549.7291100002,1909850.6041100004,192250.93174,19841.830419999995,976541.1704699999,1595722.5080900006,1664716.2923599998,1954864.29153,2533219.885589999,2858839.4754199996,4027151.971469998,3569248.31324
2026-10-07T17:23:55.996892+00:00,obs-20261007-01,LIGHT,HBARUSDT,1.0,0.09232,0.09233,0.09232499999999999,1.0831889081441837,8392665316,0.09232,0.09233,332,69,624387.9061299998,1251327.7970999999,642726.58384,1161364.9394699992,10935.113519999999,18395.906600000006,120468.91223999999,131756.12228999997,238775.05820000003,260827.43698999996,396989.77275000006,406971.48288,881108.9887600001,788865.06267
2026-10-07T17:24:55.996921+00:00,obs-20261007-01,LIGHT,PEPEUSDT,1.0,4.03e-06,4.04e-06,4.035e-06,24.81389578163684,8827848054,4.03e-06,4.04e-06,175,22,497803.99080897,237846.72794448002,501567.1280761398,245829.78542613002,155.32376431,4543.67096524,113985.03501385,109712.22692048001,300523.18840021,236588.71918013002,621672.5401349,468271.92301011004,888728.91654904,864976.18943722
2026-10-07T17:24:55.996921+00:00,obs-20261007-01,LIGHT,BNBUSDT,1.0,771.49,771.5,771.495,0.12961930809129996,20909142944,771.49,771.5,427,122,3857944.8529599975,2386654.851160002,4025312.3690500013,2474040.1000500005,27785.933690000005,50129.399610000015,839759.1371099998,1129159.7378100008,1517025.5229800008,2539718.679140001,3269471.2993099988,4219167.666630002,5597600.932600003,5703184.9977400005
2026-10-07T17:24:55.996921+00:00,obs-20261007-01,LIGHT,AAVEUSDT,1.0,171.66,171.67,171.665,0.5825468950249046,10438992609,171.66,171.67,319,69,1276763.23931,595462.9659099999,1288497.5691900002,595225.1633399999,4350.55326,10668.50579,103863.66508999998,85242.49651000001,181001.27292999998,132148.97109,713614.0634000001,209303.9839799999,791728.72085,242984.89681999994
2026-10-07T17:24:55.996921+00:00,obs-20261007-01,LIGHT,AVAXUSDT,1.0,11.229,11.23,11.2295,0.8905512512247249,10518817647,11.229,11.23,436,147,1294375.4266100014,1475579.802010001,1228686.2582500007,1510253.0716800005,16421.18891,96220.23080999998,225404.5322,122261.57492999999,342902.2075300002,210146.12859000004,410988.9380900002,277069.28343,549257.2652400003,370004.6022900001
2026-10-07T17:24:55.996921+00:00,obs-20261007-01,LIGHT,FILUSDT,1.0,1.0258,1.0259,1.0258500000000002,0.9748488984206993,9894879618,1.0258,1.0259,446,210,903474.017758,369345.5907459998,856284.3357750003,367948.89060999977,20301.08996000001,19782.81783,100541.354269,85132.49717599999,187202.33502000003,157073.09144499997,308005.645139,232482.55290100002,444900.06804800004,307527.57160300016
2026-10-07T17:24:55.996921+00:00,obs-20261007-01,LIGHT,ALGOUSDT,1.0,0.1165,0.1166,0.11655,8.58369098712286,5664282068,0.1165,0.1166,139,4,71410.3514,48415.89150000001,71315.53600000001,47420.927800000005,507.9928,0.0,41869.163499999995,36375.9939,97069.63119999999,70513.844,144175.9625,106665.8006,175404.6135,120609.0427
2026-10-07T17:24:55.996921+00:00,obs-20261007-01,LIGHT,XRPUSDT,1.0,1.4238,1.4239,1.4238499999999998,0.702345835088547,26676684853,1.4238,1.4239,513,336,6728119.613419999,7583687.726740001,6417490.533600001,8042898.742530004,349767.9002899999,475045.7780500001,963830.0619500001,1194505.9107999997,1843222.3865600005,1503107.1467500005,3012640.8042900003,2409048.1572599993,4345051.666219999,3107263.4029000006
2026-10-07T17:24:55.996921+00:00,obs-20261007-01,LIGHT,HBARUSDT,1.0,0.09229,0.0923,0.09229499999999999,1.0835410120257905,8392667725,0.09229,0.0923,336,56,370984.03767999995,807598.6074199999,346881.98233,803332.96192,8061.21941,9005.17933,149552.64024,128589.90572,263304.79285,255545.28977000003,421346.73829,409487.27956999996,904933.3056300001,785262.9464000002
2026-10-07T17:25:55.997105+00:00,obs-20261007-01,LIGHT,PEPEUSDT,1.0,4.03e-06,4.04e-06,4.035e-06,24.81389578163684,8827848541,4.03e-06,4.04e-06,159,22,340029.04427534,122995.36881989002,332457.8577009701,98587.36728536006,34.56832444,3945.6767665999996,66488.18621705001,156440.26016296,277377.58879691,261587.09986306002,629243.72670927,492679.92454464006,888793.6330549001,873049.4621717001
2026-10-07T17:25:55.997105+00:00,obs-20261007-01,LIGHT,BNBUSDT,1.0,770.77,770.78,770.775,0.12974038948065925,20909150332,770.77,770.78,425,193,4657556.418140005,4300365.99664,4724648.188240002,4332905.661340002,87072.15107000007,4344.583890000002,834875.0509200001,1029654.3628800005,1547861.6495800002,2389320.9644200006,3402046.8488499965,4032656.9010900045,5624188.4888400035,5608704.234540001
2026-10-07T17:25:55.997105+00:00,obs-20261007-01,LIGHT,AAVEUSDT,1.0,171.52,171.53,171.525,0.5830223880587404,10438995499,171.52,171.53,307,48,1024318.2100599998,679777.6840900005,1017362.6286500002,676999.7277899999,4647.522900000002,965.30243,130287.02220000002,80749.74790000003,209146.27584999998,133342.68924000004,724813.8795200003,191988.5127799999,804705.5872900002,235502.6792099999
2026-10-07T17:25:55.997105+00:00,obs-20261007-01,LIGHT,AVAXUSDT,1.0,11.218,11.219,11.218499999999999,0.8914244963453832,10518823381,11.218,11.219,446,93,1174850.7888600011,1423467.2603799996,1289441.2413100007,1433912.4375300005,14619.571320000006,8316.372220000001,117796.96308,98020.62919999997,250762.24406,181245.31947999998,300072.0085000001,266337.63451000006,503059.9369200002,356737.50074000016
2026-10-07T17:25:55.997105+00:00,obs-20261007-01,LIGHT,FILUSDT,1.0,1.0245,1.0246,1.02455,0.9760858955587537,9894885474,1.0245,1.0246,427,96,629024.170908,410400.1470319999,656273.1901079997,392693.24254499975,6244.121899999998,2974.0646080000006,88999.63916100001,73325.771173,192004.68733500002,140864.331971,296707.087108,238825.08713500013,410678.8470720001,317383.0013820002
2026-10-07T17:25:55.997105+00:00,obs-20261007-01,LIGHT,ALGOUSDT,1.0,0.1164,0.1165,0.11645,8.59106529209619,5664282721,0.1164,0.1165,154,4,98717.26269999999,39573.2961,100452.33549999999,36332.3806,145.39200000000002,199.969,30816.620799999997,28606.162699999997,102227.04000000001,64184.4553,143666.52870000002,101672.3064,175051.88100000005,122078.4434
2026-10-07T17:25:55.997105+00:00,obs-20261007-01,LIGHT,XRPUSDT,1.0,1.4214,1.4215,1.42145,0.7035317292802823,26676697006,1.4214,1.4215,536,392,7567877.319110004,8391637.760399992,7703990.629619999,8437828.25683001,299003.13239000004,274464.51682,1127986.13576,1100056.43078,1830530.51432,1581563.2917400002,2976291.0837,2348527.059240002,4251877.803659997,3004818.767050003
2026-10-07T17:25:55.997105+00:00,obs-20261007-01,LIGHT,HBARUSDT,1.0,0.0921,0.09211,0.09210499999999999,1.085776330076449,8392672029,0.09209,0.0921,373,80,933601.77869,1668569.656709999,942556.6340899994,1651624.4278099996,13795.413949999998,6663.995430000001,131274.12651,124216.67253000001,262711.81141999987,247078.07759,429173.6016899999,413408.9487300001,897560.3116299999,783446.8867600001
2026-10-07T17:26:55.997386+00:00,obs-20261007-01,LIGHT,PEPEUSDT,1.0,4.02e-06,4.03e-06,4.025e-06,24.875621890549926,8827849805,4.02e-06,4.03e-06,244,25,833479.66633532,139549.71105042004,935301.9423657203,86885.41803265002,19398.59625171,2438.8937549200004,160873.63252296,46709.384729410005,332578.11660032,207674.79348781,615205.2181446,420941.21715479,903526.04217148,817083.0819012
2026-10-07T17:26:55.997386+00:00,obs-20261007-01,LIGHT,BNBUSDT,1.0,770.4,770.41,770.405,0.12980269989526505,20909158321,770.4,770.41,468,139,4021852.6148200002,4315914.767059999,4583397.999700002,4562993.936130004,30905.586340000005,7952.2647499999985,735840.2035900002,776332.5983600003,1141708.0379599992,2083848.785370001,2909003.397959997,3780597.539020005,5164364.210290001,5062648.935370004
2026-10-07T17:26:55.997386+00:00,obs-20261007-01,LIGHT,AAVEUSDT,1.0,171.32,171.33,171.325,0.5837030119093534,10438998360,171.32,171.33,329,40,1444866.4545100003,654260.4476200002,1453924.74213,603546.0792000005,5577.478440000001,1007.7045199999999,126547.42647999997,126601.80740999996,156119.11981000006,178465.72595999995,716994.52191,241384.13109999985,1298267.03874,281962.88983999984
2026-10-07T17:26:55.997386+00:00,obs-20261007-01,LIGHT,AVAXUSDT,1.0,11.213,11.214,11.2135,0.8918219923303994,10518832135,11.213,11.214,470,143,2207579.3770599994,1274918.5415500007,2054156.529439999,1238496.2255799999,73636.27623999999,51471.572270000026,216025.37145,128657.02382999998,357584.05966999993,226455.95310999991,455363.9204499999,302516.7559599998,667626.30258,393049.72215999983
2026-10-07T17:26:55.997386+00:00,obs-20261007-01,LIGHT,FILUSDT,1.0,1.0223,1.0224,1.0223499999999999,0.9781864423352715,9894890617,1.0223,1.0224,431,78,452747.2736740002,379373.637114,500518.731247,326147.6677830001,6609.933991999999,3915.461932,99136.049607,80347.39737199999,182785.70867499997,143713.75656799998,292053.72986999986,273008.84329900006,371854.4434120001,345318.7340000002
2026-10-07T17:26:55.997386+00:00,obs-20261007-01,LIGHT,ALGOUSDT,1.0,0.1163,0.1164,0.11635000000000001,8.598452278589797,5664283711,0.1163,0.1164,213,4,174516.55279999998,56326.3925,183765.48500000004,45815.1411,48.07320000000001,142.47950000000003,24032.617099999996,35019.4162,83305.828,75727.2203,141110.4861,108924.50900000002,172207.0736,122300.60540000003
2026-10-07T17:26:55.997386+00:00,obs-20261007-01,LIGHT,XRPUSDT,1.0,1.4189,1.419,1.4189500000000002,0.7047713017116486,26676714705,1.4189,1.419,585,584,9232551.00576,10823744.402570006,9613534.463060012,10851031.535810005,606161.9774699999,325832.92310999974,869184.4751000002,1023753.8180399999,1433788.54394,1414391.50082,2644080.8013100005,2307301.3058400005,3953653.716669999,2441211.6198900016
2026-10-07T17:26:55.997386+00:00,obs-20261007-01,LIGHT,HBARUSDT,1.0,0.09206,0.09207,0.09206500000000001,1.0862480990647683,8392674530,0.09206,0.09207,369,42,424678.05436,408371.2543599998,436805.93564999965,404247.22969000007,3256.70401,3779.80795,149589.88942999998,134596.78011000002,262321.7940799999,246685.73884,417070.51761,415909.10858999984,899820.7998399999,790306.4664899998
2026-10-07T17:27:56.016028+00:00,obs-20261007-01,LIGHT,PEPEUSDT,1.0,4.02e-06,4.03e-06,4.025e-06,24.875621890549926,8827850437,4.02e-06,4.03e-06,174,22,318863.14126927004,214498.81003274999,331125.95813107997,178678.32231070002,1350.4577874600002,1998.2730457300004,121235.79208469999,98219.83145845,306625.93770584,244113.50437349002,602942.4012827899,456761.70487684,909169.2096573999,840694.7573302501
2026-10-07T17:27:56.016028+00:00,obs-20261007-01,LIGHT,BNBUSDT,1.0,770.28,770.29,770.285,0.12982292153518316,20909166442,770.28,770.29,490,181,3290429.0000600005,3422095.2548599956,3321926.4043900017,3501785.6735299984,48301.13426999999,8434.05764,749258.4214099997,904319.7422500001,1232142.2301899996,2100089.5701000006,2878653.065889997,3624905.647180004,5214966.218419999,4839454.751660007
2026-10-07T17:27:56.016028+00:00,obs-20261007-01,LIGHT,AAVEUSDT,1.0,171.44,171.45,171.445,0.5832944470363088,10439001717,171.44,171.45,364,55,2250627.129060002,458460.36331999983,2240997.30279,509155.96148999967,8735.577070000001,4953.756350000001,101145.32382,78936.94649,158258.25705000007,139759.84818000003,725352.9790300002,194259.91333,793270.9661900001,232578.19741999992
2026-10-07T17:27:56.016028+00:00,obs-20261007-01,LIGHT,AVAXUSDT,1.0,11.234,11.235,11.2345,0.8901548869499898,10518840167,11.234,11.235,447,119,2468472.884220001,867475.4965700008,2443848.6105400003,936637.3509299996,14413.146569999997,22830.200299999993,194059.76956000004,116988.92328999998,368269.9341300001,217900.29759,463540.9204700003,234434.43005000008,598921.7752100002,325689.8469300003
2026-10-07T17:27:56.016028+00:00,obs-20261007-01,LIGHT,FILUSDT,1.0,1.0226,1.0227,1.02265,0.9778994719344958,9894896041,1.0226,1.0227,453,116,539364.0662230001,367262.63584400027,532547.6914200002,377154.69089199987,3847.6553629999994,10374.539400999998,102315.54444099999,85593.04287999998,208117.71476400003,159540.27117799997,298833.43554499996,258422.14623800004,381040.5524990001,332590.1993940001
2026-10-07T17:27:56.016028+00:00,obs-20261007-01,LIGHT,ALGOUSDT,1.0,0.1163,0.1164,0.11635000000000001,8.598452278589797,5664284329,0.1163,0.1164,147,4,90645.8932,44086.6529,86932.66470000001,47874.57880000002,1299.5362,116.30000000000001,23404.7048,33637.1101,79382.9779,73058.8667,144823.7146,105136.5831,176345.1945,114040.07950000002
2026-10-07T17:27:56.016028+00:00,obs-20261007-01,LIGHT,XRPUSDT,1.0,1.4184,1.4185,1.41845,0.7050197405522596,26676728209,1.4184,1.4185,547,362,7542436.51355,7482159.188679997,7499013.091810005,7719667.071960002,269597.3335200001,173565.3825,959907.79246,860640.0608600002,1572894.9794300003,1189495.4052800003,2755927.479240001,2069361.4521700006,4009622.709349999,2204886.71071
2026-10-07T17:27:56.016028+00:00,obs-20261007-01,LIGHT,HBARUSDT,1.0,0.09192,0.09193,0.091925,1.087902523932982,8392679093,0.09192,0.09193,433,96,1090619.3152399997,1271056.6054200006,1088580.3013200006,1140243.4257800009,20319.094260000005,8253.525749999999,161645.72362000003,163973.94304,261147.61735000001,274639.0963900001,542116.75155,424742.56696,894839.6425499998,799904.89006
2026-10-07T17:28:56.017000+00:00,obs-20261007-01,LIGHT,PEPEUSDT,1.0,4.02e-06,4.03e-06,4.025e-06,24.875621890549926,8827850804,4.02e-06,4.03e-06,156,22,87900.68043559999,203414.09593677009,67647.55805097,197138.81356626004,49.306284899999994,902.2568925500002,121981.49919431999,99011.86373234,329565.04335297,249590.76152450003,623195.52366742,463036.98724735004,911527.44510464,848540.0200032601
2026-10-07T17:28:56.017000+00:00,obs-20261007-01,LIGHT,BNBUSDT,1.0,769.96,769.97,769.965,0.12987687671994763,20909173097,769.96,769.97,416,182,3879316.912350003,4137013.2614400005,3554474.9708499983,3751343.918309999,117664.10211,26045.93799,705983.4732399998,978946.2024999998,1545337.8865700003,1738725.0461800003,3397790.8745699967,4006399.1025700015,5796689.136800008,5287767.216879998
2026-10-07T17:28:56.017000+00:00,obs-20261007-01,LIGHT,AAVEUSDT,1.0,171.41,171.42,171.415,0.5833965346235814,10439003306,171.41,171.42,247,29,500502.07281000016,420333.06973999983,490356.05243000004,416542.6359800001,2059.48197,4981.890110000001,110369.97372000001,78435.08330000001,184293.20085000008,139943.22767,735582.16711,196455.02723999997,1315839.34137,234804.42011999988
2026-10-07T17:28:56.017000+00:00,obs-20261007-01,LIGHT,AVAXUSDT,1.0,11.256,11.257,11.256499999999999,0.8884150675192437,10518847150,11.256,11.257,430,131,2159932.5016500005,723754.0654799999,2127728.6988600013,731936.4851199993,35409.58098,26800.700610000025,196881.47942000002,124052.31051,364348.8588500001,204550.73540999994,492588.4476100002,231283.40594999996,579038.2118700001,326169.9696899999
2026-10-07T17:28:56.017000+00:00,obs-20261007-01,LIGHT,FILUSDT,1.0,1.0236,1.0237,1.02365,0.9769441187956751,9894899891,1.0236,1.0237,405,98,360485.5377290001,249783.4622369999,335819.35921300016,278569.8138220001,3129.8201920000006,12668.305857,100608.20227699999,77541.86301700001,186946.407399,149263.781455,293460.38944099995,234201.44968200003,402794.5805810001,309293.51026200014
2026-10-07T17:28:56.017000+00:00,obs-20261007-01,LIGHT,ALGOUSDT,1.0,0.1163,0.1164,0.11635000000000001,8.598452278589797,5664284966,0.1163,0.1164,176,1,89171.81079999996,24020.06490000001,82373.45219999994,25888.732000000004,0.0,54.9408,43180.4816,30401.067900000002,102847.1733,68713.1046,151622.07319999998,103267.916,182698.56399999998,112171.4357
2026-10-07T17:28:56.017000+00:00,obs-20261007-01,LIGHT,XRPUSDT,1.0,1.4194,1.4195,1.4194499999999999,0.7045230379043588,26676735165,1.4194,1.4195,519,172,4585294.766520004,5217443.100449998,4654848.711039998,5097319.252180004,50727.046330000005,225397.00969000006,910259.3580999998,911516.29197,1647265.5227999995,1305066.8207100003,2598896.9383500004,2193417.420220001,3942474.2321400004,2827286.6310300026
2026-10-07T17:28:56.017000+00:00,obs-20261007-01,LIGHT,HBARUSDT,1.0,0.09192,0.09193,0.091925,1.087902523932982,8392681369,0.09192,0.09193,343,30,519856.95250999986,201725.66861999998,508819.71525999974,210892.58925000008,2650.52877,13794.020390000001,180160.84378000002,153794.19319,271333.85178,265255.50068000006,553153.9888,415575.64632999984,906205.0499299999,791930.3443999998
2026-10-07T17:29:56.031012+00:00,obs-20261007-01,LIGHT,PEPEUSDT,1.0,4.02e-06,4.03e-06,4.025e-06,24.875621890549926,8827850955,4.02e-06,4.03e-06,99,21,23012.737520169998,62953.72113804001,17284.794325569994,50844.19884599001,52.43198766,1288.4498500900004,122176.66955112,98008.90214102001,329577.99327071,247696.69502430002,628923.46686202,475146.5095394,915488.4834805799,860678.33336635
2026-10-07T17:29:56.031012+00:00,obs-20261007-01,LIGHT,BNBUSDT,1.0,769.51,769.52,769.515,0.1299528271236916,20909178188,769.51,769.52,378,116,2744132.374230001,3523129.0956100007,2884178.648080003,3339833.511820003,55883.58344000002,1800.2706999999998,903027.84554,889206.5884499996,1503907.6339099994,1666983.8947399992,3476380.5536099947,4185448.86378,5857192.067870006,5246558.201739993
2026-10-07T17:29:56.031012+00:00,obs-20261007-01,LIGHT,AAVEUSDT,1.0,171.44,171.45,171.445,0.5832944470363088,10439004682,171.44,171.45,211,20,405450.9453600001,310964.43984,226278.79446000006,318575.22835999995,1522.0026699999999,1717.5823400000002,285774.0882900001,73933.9434,340788.28252,136513.49426000004,914671.15031,188916.08867000003,979346.1551300001,227234.37275999994
2026-10-07T17:29:56.031012+00:00,obs-20261007-01,LIGHT,AVAXUSDT,1.0,11.262,11.263,11.2625,0.8879417510199161,10518854154,11.262,11.263,428,123,2369565.596900001,825890.6044800001,2369221.6065300014,814721.7172999996,5910.043119999998,7351.087859999998,178964.54494999995,138408.29852999997,319606.54634,205694.19667999985,491411.3306399999,242505.62610999987,575984.3920699998,342679.8434699998
2026-10-07T17:29:56.031012+00:00,obs-20261007-01,LIGHT,FILUSDT,1.0,1.0233,1.0234,1.0233500000000002,0.9772305286825933,9894902563,1.0233,1.0234,368,37,212459.13638499996,197237.37297900004,220863.9992450001,184252.4751690001,2479.9053919999997,2425.854795,104029.75205100002,84524.02631199999,200739.462766,147581.44892100003,285099.39403499995,246592.0743620001,394980.92074300017,320742.10882000026
2026-10-07T17:29:56.031012+00:00,obs-20261007-01,LIGHT,ALGOUSDT,1.0,0.1162,0.1164,0.1163,17.21170395869276,5664285604,0.1162,0.1164,145,1,48970.2331,43817.30130000001,55411.07080000004,33355.8687,15.0027,0.0,29440.558299999997,23488.477400000003,96729.24799999999,69192.81890000001,145181.23549999998,110194.94860000002,177097.1791,121380.54590000001
2026-10-07T17:29:56.031012+00:00,obs-20261007-01,LIGHT,XRPUSDT,1.0,1.4186,1.4187,1.41865,0.7049203440012697,26676739540,1.4186,1.4187,447,115,2887787.6417399985,2795543.81301,2877580.239349998,2657701.395379999,76245.09442000001,61392.48941000001,966394.22387,967631.92247,1703652.47505,1485842.0508100009,2633236.1197800003,2330721.5567700006,3964529.6916499995,2464630.083110002
2026-10-07T17:29:56.031012+00:00,obs-20261007-01,LIGHT,HBARUSDT,1.0,0.09186,0.09187,0.091865,1.088613106901004,8392683783,0.09186,0.09187,322,52,487767.5236700001,690692.6968600004,508965.1067799999,681681.1579400001,15033.77471,5056.26016,148705.78851,154851.27152000004,241202.64156999998,265845.4922300001,533674.4254600002,421519.1644800001,885161.25608,786278.8492600002
2026-10-07T17:30:56.031260+00:00,obs-20261007-01,LIGHT,PEPEUSDT,1.0,4.02e-06,4.03e-06,4.025e-06,24.875621890549926,8827851396,4.02e-06,4.03e-06,181,19,175676.6311880499,380569.25261345005,193431.18613467997,387879.65080716,1101.787731,740.0333128500001,117279.35468453998,89392.94829881,311926.40178402,240708.65155457,611168.9119153899,467836.11134569003,897729.6324625999,764725.6567234
2026-10-07T17:30:56.031260+00:00,obs-20261007-01,LIGHT,BNBUSDT,1.0,769.37,769.38,769.375,0.12997647425905257,20909187563,769.37,769.38,463,201,4926945.259049997,5154572.46498,4854748.504369998,5088571.891979994,81473.60117000001,18148.089259999997,884197.72999,934392.1365599998,1542434.8068700014,1626419.4388199993,3549759.5734599973,4163674.7017599996,6151431.883970007,5304868.530759988
2026-10-07T17:30:56.031260+00:00,obs-20261007-01,LIGHT,AAVEUSDT,1.0,171.52,171.53,171.525,0.5830223880587404,10439007730,171.52,171.53,303,45,1149200.8930099998,527025.3631600002,1236479.80256,525323.9856899999,7970.798960000001,10733.992459999998,189698.83916000003,88047.71638000001,251170.74572,145805.20636,821648.4127699999,192894.13788999998,900875.5921,231607.52044999992
2026-10-07T17:30:56.031260+00:00,obs-20261007-01,LIGHT,AVAXUSDT,1.0,11.277,11.278,11.2775,0.8867606632989578,10518862460,11.277,11.278,459,170,2884750.3654800006,880853.0078799999,2842499.7091099964,902936.05969,26606.63254,22716.683419999994,201093.88499000005,116710.36825000001,376848.8466700001,181522.06658999997,531253.4542100001,226748.51572000002,593528.7822700002,333832.9098100001
2026-10-07T17:30:56.031260+00:00,obs-20261007-01,LIGHT,FILUSDT,1.0,1.024,1.0241,1.02405,0.9765624999991118,9894905615,1.024,1.0242,374,49,317205.6282569997,193687.57822000005,309855.22899700014,221994.560447,2530.2028299999993,2049.1234229999995,80215.86314500001,69224.453494,181675.13696200002,146057.76531000002,292390.893165,222873.95875200006,409206.0458909999,297366.0401260001
2026-10-07T17:30:56.031260+00:00,obs-20261007-01,LIGHT,ALGOUSDT,1.0,0.1164,0.1165,0.11645,8.59106529209619,5664286299,0.1164,0.1165,145,8,65605.94790000001,49670.19790000001,49798.5469,59039.30509999999,394.47999999999996,189.1001,39538.0419,38571.0729,95989.4213,71254.9043,150789.7501,103137.37809999999,190849.75539999997,117320.13479999999
2026-10-07T17:30:56.031260+00:00,obs-20261007-01,LIGHT,XRPUSDT,1.0,1.4189,1.419,1.4189500000000002,0.7047713017116486,26676746920,1.4189,1.419,508,139,3843865.88383,4396279.395200004,3639501.7925400003,4603228.274360002,62740.97621,90066.07294,1148840.56007,929040.9365900003,1767375.54468,1360009.032620001,2836363.457840001,2125474.7944799997,4184099.0481200013,2258687.834900001
2026-10-07T17:30:56.031260+00:00,obs-20261007-01,LIGHT,HBARUSDT,1.0,0.09193,0.09194,0.09193499999999999,1.0877841836176572,8392686612,0.0919,0.09191,359,71,482925.2309700002,329496.5129900002,457388.39166000014,351299.80572999985,4516.72529,5987.929240000002,170055.04387,150672.46816000002,223260.33867,254462.01872000005,546365.3089999999,402270.9316400001,910721.8977799997,765752.2575400001
2026-10-07T17:31:56.057243+00:00,obs-20261007-01,LIGHT,PEPEUSDT,1.0,4.03e-06,4.04e-06,4.035e-06,24.81389578163684,8827851958,4.03e-06,4.04e-06,168,23,278711.3757787899,44722.88016986999,143565.53806149994,118992.6952384401,832.6920440800001,21188.217521650007,104663.69566289001,155062.77632512,298844.47798679,277805.98848742,627681.35139331,508344.60201966,908328.60330265,827517.4809753399
2026-10-07T17:31:56.057243+00:00,obs-20261007-01,LIGHT,BNBUSDT,1.0,769.94,769.95,769.945,0.12988025040794327,20909193696,769.94,769.95,431,145,3789374.10233,2349496.2587000006,3866450.565440002,2390283.20793,8646.265110000002,8942.746430000001,742720.6883099996,966515.5151899997,1406561.2979399993,1708754.7672899999,3252874.801669994,4215192.8393899985,5843767.498480007,5349232.466449994
2026-10-07T17:31:56.057243+00:00,obs-20261007-01,LIGHT,AAVEUSDT,1.0,171.55,171.56,171.555,0.5829204313601011,10439010074,171.55,171.56,291,30,1625061.0280899995,443686.10149000003,1706856.22512,451452.4346600002,776.7092299999999,2224.34255,102405.01261,74689.60119,164183.75349999996,131721.1345,731457.88019,185399.11953999996,814758.9963000001,225451.5191199999
2026-10-07T17:31:56.057243+00:00,obs-20261007-01,LIGHT,AVAXUSDT,1.0,11.26,11.261,11.2605,0.8880994671400799,10518868426,11.26,11.261,418,106,1994159.284660001,649331.7957499998,2156940.0962600005,572656.1012400002,15471.17701,17836.34169,177141.28484999997,129238.48696999997,306911.5904700001,206237.23701,367577.8680200001,296315.3186500001,449392.28117000003,396415.01970000024
2026-10-07T17:31:56.057243+00:00,obs-20261007-01,LIGHT,FILUSDT,1.0,1.0236,1.0237,1.02365,0.9769441187956751,9894907838,1.0236,1.0237,311,37,193550.40883600013,128246.41753100003,194669.92284600012,130497.43547000003,5837.900877000001,1413.43146,99886.558879,65506.86083800001,198012.80385300002,135012.05851099998,291286.41183099995,216628.34732600002,398242.74858999986,294469.8324680001
2026-10-07T17:31:56.057243+00:00,obs-20261007-01,LIGHT,ALGOUSDT,1.0,0.1164,0.1165,0.11645,8.59106529209619,5664286651,0.1164,0.1165,120,0,56218.72759999998,9378.2638,48599.36119999999,17960.2098,0.0,0.0,67142.40909999999,33154.471600000004,114598.63229999998,66751.10810000001,158409.1165,94555.4321,196208.44139999998,113210.86
2026-10-07T17:31:56.057243+00:00,obs-20261007-01,LIGHT,XRPUSDT,1.0,1.4196,1.4197,1.4196499999999999,0.704423781345831,26676753806,1.4196,1.4197,501,87,3914481.8301000036,3644645.9974599984,4006003.3234700025,3553046.561940002,33039.43746000001,108318.10431999998,821434.05743,945514.0192800002,1764856.2619699996,1460659.476360001,2722854.557790001,2219758.693190001,4060588.6508400002,2852694.227480002
2026-10-07T17:31:56.057243+00:00,obs-20261007-01,LIGHT,HBARUSDT,1.0,0.09197,0.09198,0.091975,1.087311079701614,8392690112,0.09197,0.09198,378,62,803138.0111000004,404603.56205000024,798101.1958400001,427088.79882000014,1929.71593,5292.535140000001,159450.39523999998,137568.41095,266752.44440000004,232242.67505000002,540856.5124200002,380981.10378999996,919153.5100999998,746303.2399700001
2026-10-07T17:32:56.079290+00:00,obs-20261007-01,LIGHT,PEPEUSDT,1.0,4.03e-06,4.04e-06,4.035e-06,24.81389578163684,8827852612,4.03e-06,4.04e-06,166,15,196606.27387399992,352596.88729005994,180596.82655231,354062.1505189801,45.69717347,696.0896285200001,120521.27467679001,123329.18054752001,315961.73499941,276359.46895537,643690.7987149999,506879.33879074006,923526.96723844,826052.2177464201
2026-10-07T17:32:56.079290+00:00,obs-20261007-01,LIGHT,BNBUSDT,1.0,769.14,769.15,769.145,0.13001534181045216,20909205032,769.14,769.15,473,317,6971821.930919996,7939410.952289995,7594881.433310006,7889141.35486,130801.17107000005,61549.77361000004,771686.3687600001,899815.9591,1415193.9079500004,1546166.3191399993,3194697.883969998,4130061.9613800016,6002080.793300002,5308231.159999994
2026-10-07T17:32:56.079290+00:00,obs-20261007-01,LIGHT,AAVEUSDT,1.0,171.68,171.69,171.685,0.5824790307551453,10439012856,171.68,171.69,305,45,2252099.898520001,435642.4443799997,2248687.28487,438603.46882000007,790.0456499999999,4486.802940000001,94488.12404000004,86154.65187999999,175134.37235,137713.75056,728334.59621,195411.8818,811518.7732800002,224228.76433999997
2026-10-07T17:32:56.079290+00:00,obs-20261007-01,LIGHT,AVAXUSDT,1.0,11.279,11.28,11.279499999999999,0.8866034222876351,10518875324,11.279,11.28,453,92,2302890.4867000016,725999.84776,2236141.614600001,789909.60872,9387.15808,28744.589840000008,155893.15369,97813.10473,293278.03875000007,173367.70273000005,433290.84790000005,238768.04663,494532.3308899999,351069.4735600001
2026-10-07T17:32:56.079290+00:00,obs-20261007-01,LIGHT,FILUSDT,1.0,1.0241,1.0242,1.0241500000000001,0.9764671418799331,9894910499,1.0241,1.0242,369,23,230603.422463,149726.475595,223131.3364300001,150348.38815500005,2669.505748,302.494889,81042.88849,68676.000699,188032.98219199997,145673.640794,295101.647917,224148.77811300007,405372.92427400005,297629.6624980001
2026-10-07T17:32:56.079290+00:00,obs-20261007-01,LIGHT,ALGOUSDT,1.0,0.1165,0.1166,0.11655,8.58369098712286,5664287306,0.1165,0.1166,149,4,94031.20880000001,67323.759,87875.46800000004,61860.94139999998,127.7936,307.486,35880.788199999995,30624.6256,113304.1036,71953.6238,161866.6067,106403.00390000001,195665.66740000003,120455.25560000002
2026-10-07T17:32:56.079290+00:00,obs-20261007-01,LIGHT,XRPUSDT,1.0,1.4191,1.4192,1.4191500000000001,0.7046719751957475,26676760687,1.4191,1.4192,469,88,3329880.1699600006,4519682.918600003,3441634.690099999,4312049.883590002,43700.25937,92667.55079000001,1038955.85138,1175030.41696,1667666.9938799995,1531027.333730001,2634551.0812300006,2427242.6645900006,3949767.1623300007,2560295.7362500015
2026-10-07T17:32:56.079290+00:00,obs-20261007-01,LIGHT,HBARUSDT,1.0,0.09196,0.09197,0.09196499999999999,1.0874293170948235,8392694013,0.09196,0.09197,395,158,672274.1166399998,414608.90759000013,716972.5050099997,417620.14341000014,4414.780519999999,20699.23443999999,142699.38709,128580.14794999998,235700.20754,228549.18931999998,496158.12405,377617.5362,877087.29054,745666.71715
2026-10-07T17:33:56.090025+00:00,obs-20261007-01,LIGHT,PEPEUSDT,1.0,4.03e-06,4.04e-06,4.035e-06,24.81389578163684,8827853038,4.03e-06,4.04e-06,134,19,144277.59888952997,129283.86051427,145706.07305712003,130772.84055157,176.05006237,1032.7645112,122439.33026624001,138303.70286472002,314505.16765604,274870.50519807,642262.32454741,505390.35875343997,922867.1465772799,824563.2377091199
2026-10-07T17:33:56.090025+00:00,obs-20261007-01,LIGHT,BNBUSDT,1.0,768.93,768.94,768.935,0.13005084988471083,20909211730,768.93,768.94,453,158,2473173.8196599986,3623021.0350600015,2399417.6820599996,3688408.205269999,23207.896069999995,4811.969850000001,832665.4796600003,909056.8872200004,1485927.0120200003,1569689.3052000003,3272501.305879998,4039916.2023400017,6080622.732530004,5133220.84617999
2026-10-07T17:33:56.090025+00:00,obs-20261007-01,LIGHT,AAVEUSDT,1.0,171.85,171.86,171.85500000000002,0.5819028222298073,10439015717,171.85,171.86,309,46,2095215.92585,616401.3448099997,2031910.800900002,628375.3242900004,1568.1498000000001,5871.35434,163184.41028999997,78171.46613999999,230259.00529999987,138811.99444999997,313710.0581899999,185757.50697,869198.0406099998,214485.73593999996
2026-10-07T17:33:56.090025+00:00,obs-20261007-01,LIGHT,AVAXUSDT,1.0,11.284,11.285,11.284500000000001,0.8862105636286977,10518880503,11.284,11.285,371,73,1794382.5128799984,720622.1008100001,1772318.2912199984,678872.8679700004,36627.378090000006,15243.339609999999,167764.92982,147337.8068,322779.2147799999,217962.06200999994,454922.6108599999,281491.2296,516624.92582999973,402062.86043000023
2026-10-07T17:33:56.090025+00:00,obs-20261007-01,LIGHT,FILUSDT,1.0,1.024,1.0241,1.02405,0.9765624999991118,9894912794,1.024,1.0241,324,26,222672.48807999986,121040.160513,220447.08528199996,127510.92140800002,2583.3713579999994,3758.5989649999997,89001.588778,65040.356211,203069.91068199996,142978.51853300005,300968.86798599997,217574.7837350001,408113.58655,295221.17293100007
2026-10-07T17:33:56.090025+00:00,obs-20261007-01,LIGHT,ALGOUSDT,1.0,0.1166,0.1167,0.11665,8.576329331047017,5664287764,0.1166,0.1167,114,4,109147.11800000003,21678.9813,110924.6374,26300.468299999997,0.0,583.3926,42109.2076,39622.2183,103172.42109999999,75709.53030000001,155321.7979,102476.06570000002,190969.16150000002,116325.96370000004
2026-10-07T17:33:56.090025+00:00,obs-20261007-01,LIGHT,XRPUSDT,1.0,1.4186,1.4187,1.41865,0.7049203440012697,26676765915,1.4186,1.4187,452,85,2727257.79646,2820196.028690001,2746474.441670001,2897405.0531200003,124168.12865000003,80011.35689000001,1015810.05635,986676.0275299998,1561336.0114799996,1490952.39618,2616983.78062,2349328.038809999,3941470.3012799993,2483333.3561
2026-10-07T17:33:56.090025+00:00,obs-20261007-01,LIGHT,HBARUSDT,1.0,0.09202,0.09203,0.092025,1.0867202782005592,8392696399,0.09202,0.09203,314,72,394054.11202999996,308729.4151799999,374120.7580899999,326179.65580999997,2277.4771899999996,9486.096500000003,150846.43224000002,143072.70244,253012.6300300001,218696.42682,404951.92431000015,363196.9018,896208.84383,728270.2067000001
2026-10-07T17:34:56.120159+00:00,obs-20261007-01,LIGHT,PEPEUSDT,1.0,4.04e-06,4.05e-06,4.045e-06,24.752475247524774,8827853681,4.04e-06,4.05e-06,147,17,338211.76822572,351256.3819301101,239864.56125388996,373532.4143098802,124.26700277,1449.18974024,56664.80975636,170778.9736548,255784.94309134,367890.79151678004,584892.45504324,590474.36866615,913463.7325864099,809930.50591723
2026-10-07T17:34:56.120159+00:00,obs-20261007-01,LIGHT,BNBUSDT,1.0,769.37,769.38,769.375,0.12997647425905257,20909218010,769.37,769.38,429,145,3922153.2318799994,3744230.9775900003,3795028.8526499993,3649667.52132,5631.1427399999975,9116.26458,822967.9339399997,982192.5851500002,1609305.4608299995,1658938.6431399996,3240875.3967299974,4283820.5301,6102352.908270007,5241611.758889988
2026-10-07T17:34:56.120159+00:00,obs-20261007-01,LIGHT,AAVEUSDT,1.0,171.96,171.97,171.965,0.5815305885081834,10439017473,171.96,171.97,249,22,1368615.4259599994,470642.7169099999,1307164.7993400001,477033.14575999975,4621.277510000001,1678.6244599999998,189371.81793,74090.70126999998,277338.5512299999,142041.61624999996,352937.5471099999,181439.6551,896687.6721199998,210264.93217999997
2026-10-07T17:34:56.120159+00:00,obs-20261007-01,LIGHT,AVAXUSDT,1.0,11.291,11.292,11.2915,0.8856611460439368,10518884647,11.291,11.292,342,50,1571685.3716600004,552323.6550999997,1549469.3211099994,574646.81879,1227.53935,10894.916890000002,167568.28106000007,139898.15031000003,325383.20424,205897.09174,472995.41460999986,328997.35365,538673.32486,381162.33044000034
2026-10-07T17:34:56.120159+00:00,obs-20261007-01,LIGHT,FILUSDT,1.0,1.0244,1.0245,1.0244499999999999,0.9761811792263764,9894915267,1.0244,1.0245,353,65,222890.48840100004,159562.69425099995,211115.09563900004,162950.85700199995,1895.2563019999998,1418.7116090000002,95234.111274,66366.91432,206319.75350599995,140805.389709,308937.278995,214328.02601700005,418619.026384,291849.1128370001
2026-10-07T17:34:56.120159+00:00,obs-20261007-01,LIGHT,ALGOUSDT,1.0,0.1167,0.1168,0.11674999999999999,8.568980291345785,5664288358,0.1167,0.1168,159,5,71640.42890000003,38333.726400000014,72043.64319999999,39503.340099999994,0.0,3047.2704,32771.9312,37150.1041,80207.8179,75584.9997,147363.2666,101821.55709999999,189304.9933,115746.82800000001
2026-10-07T17:34:56.120159+00:00,obs-20261007-01,LIGHT,XRPUSDT,1.0,1.4206,1.4207,1.4206500000000002,0.7039279177800672,26676772731,1.4206,1.4207,505,105,4079587.2867099983,4423099.24734,3762791.3385800007,4472852.27144,60989.54223,66139.49814999998,1066694.59326,964706.5659699999,1661370.5591699996,1557500.3781799995,2877880.3089900003,2322491.11135,4223379.081189999,2961682.224980001
2026-10-07T17:34:56.120159+00:00,obs-20261007-01,LIGHT,HBARUSDT,1.0,0.09222,0.09223,0.092225,1.0843634786383838,8392699746,0.09222,0.09223,415,59,2047202.9712699999,576815.9580100001,2020824.0486699997,633957.6090900002,1684.7173400000001,4845.558289999999,137863.82789999997,105358.71848999998,256591.10851999998,182174.04150999998,425443.64694999985,322161.76861,919999.2225599997,682577.4998200003
2026-10-07T17:35:56.129911+00:00,obs-20261007-01,LIGHT,PEPEUSDT,1.0,4.04e-06,4.05e-06,4.045e-06,24.752475247524774,8827854744,4.04e-06,4.05e-06,230,41,631486.2642374102,418564.1378982201,594368.1816523001,422837.87597935006,13892.187430480004,16083.113383880001,47752.88201604001,167235.49891710002,263505.08892914,359089.02936204,593261.03298835,581219.95564814,937581.02145122,805958.9690725801
2026-10-07T17:35:56.129911+00:00,obs-20261007-01,LIGHT,BNBUSDT,1.0,769.95,769.96,769.955,0.12987856354396143,20909225343,769.95,769.96,466,149,5407245.717210001,5440571.165609999,5365026.373399999,6063709.29463,1469.41867,81769.61915999994,688799.77032,637786.0160799997,1352048.506709999,1414337.1256700002,3063504.268299996,3672632.6085600005,5805068.720040002,4784673.623540001
2026-10-07T17:35:56.129911+00:00,obs-20261007-01,LIGHT,AAVEUSDT,1.0,171.88,171.89,171.885,0.5818012566893849,10439020254,171.88,171.89,293,80,1124973.792730001,451500.15032,1241677.7297999994,457679.21739000006,1651.09451,9778.58584,76850.18908999999,56739.23506000001,146367.57416999998,122983.37686999998,246103.34888999996,173373.92344999991,797878.2486999998,201985.7709499999
2026-10-07T17:35:56.129911+00:00,obs-20261007-01,LIGHT,AVAXUSDT,1.0,11.269,11.27,11.2695,0.887390185464465,10518891762,11.269,11.27,396,104,2285886.68134,905634.07701,2357214.315400001,879724.9919900005,15939.527080000003,39382.99674000001,181527.15094999995,124648.56185999999,333274.0486200001,194674.49900999997,411331.78330000007,277965.10498000006,488041.93003999995,378831.0534500003
2026-10-07T17:35:56.129911+00:00,obs-20261007-01,LIGHT,FILUSDT,1.0,1.0239,1.0241,1.024,1.9533157534912249,9894918353,1.0239,1.0241,340,67,248731.39065499994,220848.571884,274308.2915150001,207111.06651899996,5557.595529000004,5500.800773000001,76250.01570700001,71883.57446900001,190258.440574,147537.67975100002,287172.36806,227924.12634900003,393678.281473,304954.2043450001
2026-10-07T17:35:56.129911+00:00,obs-20261007-01,LIGHT,ALGOUSDT,1.0,0.1168,0.1169,0.11685000000000001,8.561643835616195,5664289409,0.1168,0.1169,205,3,176564.3013,93494.24990000004,180759.47769999987,94256.79260000002,432.1401,3501.4372,21897.636899999998,32599.860099999998,67272.8585,71083.718,139163.24380000003,103391.02669999999,184220.0021,116446.8885
2026-10-07T17:35:56.129911+00:00,obs-20261007-01,LIGHT,XRPUSDT,1.0,1.4203,1.4204,1.42035,0.7040766035348867,26676783295,1.4203,1.4204,455,199,5329333.7884100005,6736263.453500002,5315049.7003000025,6905215.359879998,112484.95791999999,358771.37399,1135550.6373299998,876611.48592,1685926.5108699996,1376730.0284899997,2892897.92711,2153397.07668,4247630.596920001,2767643.010290001
2026-10-07T17:35:56.129911+00:00,obs-20261007-01,LIGHT,HBARUSDT,1.0,0.09213,0.09214,0.092135,1.0854227721690535,8392703321,0.09213,0.09214,391,69,728690.3199500006,685251.2081700002,747723.5253600006,669313.8501599997,5675.91778,14220.079099999997,126263.99432000003,97561.30322,244747.7220100001,193537.70932999998,407493.60258999997,335490.73724,901212.5882199997,698420.2863900001
2026-10-07T17:36:56.133447+00:00,obs-20261007-01,LIGHT,PEPEUSDT,1.0,4.03e-06,4.04e-06,4.035e-06,24.81389578163684,8827855292,4.03e-06,4.04e-06,165,24,244082.72198542,404653.1277634099,315761.0152549901,276079.92165994,2204.55675456,821.8348564400001,141349.09878583002,115818.66022820001,318045.26784403,283701.2852039,656586.11737478,604387.3819311301,951926.87774645,867394.4476682399
2026-10-07T17:36:56.133447+00:00,obs-20261007-01,LIGHT,BNBUSDT,1.0,769.64,769.65,769.645,0.12993087677326542,20909232455,769.64,769.65,435,174,2329324.543969999,3609731.5463799997,2251842.3812499987,3255225.53498,6603.310800000001,4659.827380000001,745230.6606699999,893312.1268399999,1524097.6220099994,1537288.7798600006,3167864.964009996,4023624.9983100016,5898850.578480003,5352424.824649995
2026-10-07T17:36:56.133447+00:00,obs-20261007-01,LIGHT,AAVEUSDT,1.0,171.72,171.73,171.725,0.5823433496376929,10439023434,171.72,171.73,352,71,2741635.399090001,689403.5633000006,2756381.2573400014,672286.5202300003,5677.74776,6341.3755200000005,87954.92232000003,69738.13636,162361.09604999996,127542.20636999997,250470.41531999997,188047.18730000002,801787.4310099998,218880.11475
2026-10-07T17:36:56.133447+00:00,obs-20261007-01,LIGHT,AVAXUSDT,1.0,11.26,11.261,11.2605,0.8880994671400799,10518896218,11.26,11.261,371,58,1792850.3140699996,540983.4991199999,1798180.0381500002,525041.1865799999,15177.869689999996,12959.766859999998,239311.71719999996,97562.06961,379454.98725999997,190457.95267999996,406118.24279,293688.60305000003,488955.62358999986,393779.4268000002
2026-10-07T17:36:56.133447+00:00,obs-20261007-01,LIGHT,FILUSDT,1.0,1.0229,1.023,1.0229499999999998,0.9776126698590737,9894922355,1.0229,1.023,415,101,510279.67709200014,347456.01672099973,530093.4911759997,339042.48277,3044.574574,2669.1516760000004,99786.303238,59127.488599,186723.43045000007,127166.664575,271006.589464,228031.28690500004,376709.48631700024,305288.3162070001
2026-10-07T17:36:56.133447+00:00,obs-20261007-01,LIGHT,ALGOUSDT,1.0,0.1166,0.1167,0.11665,8.576329331047017,5664290260,0.1166,0.1167,168,9,112723.84179999997,81057.6569,121443.6949,67563.64510000001,5474.0895,125.5859,30755.4203,29051.5319,93556.2289,70998.5769,142007.3541,104481.5266,177029.87380000003,118096.3009
2026-10-07T17:36:56.133447+00:00,obs-20261007-01,LIGHT,XRPUSDT,1.0,1.4201,1.4202,1.42015,0.7041757622694433,26676788942,1.4201,1.4202,458,74,2573761.827219999,3285845.1474400004,2691221.014579999,3100983.1113600014,50391.157609999995,68335.44998000002,1105361.0406,899596.5188200002,1569305.7261499998,1564090.41778,2797114.9331300007,2327268.3733399995,4132245.78919,2953409.6479200004
2026-10-07T17:36:56.133447+00:00,obs-20261007-01,LIGHT,HBARUSDT,1.0,0.09208,0.09209,0.092085,1.086012163338257,8392706501,0.09208,0.09209,396,49,586540.2763400003,450644.71443000005,600065.3456000002,410739.2468999999,2974.33061,3541.566269999999,138160.96992000003,129112.94097000001,246520.17639000004,230334.09356999997,394043.7717100001,375730.25992,891849.4041599999,741973.6960900001
2026-10-07T17:37:56.190053+00:00,obs-20261007-01,LIGHT,PEPEUSDT,1.0,4.03e-06,4.04e-06,4.035e-06,24.81389578163684,8827855797,4.03e-06,4.04e-06,127,13,385901.41072351014,201198.86501322003,379567.74894107005,196722.17354695004,23.141227200000003,573.5111482000001,116866.36460551001,121819.97649716001,322454.69423610996,288857.78219321,662919.7791572199,608864.0733974,958458.75589958,866672.5097887199
2026-10-07T17:37:56.190053+00:00,obs-20261007-01,LIGHT,BNBUSDT,1.0,769.75,769.76,769.755,0.12991230919023877,20909237768,769.75,769.76,415,117,1433737.9383700008,1965687.1853899993,1431046.4011900008,1982755.5799900005,1775.6561199999999,5170.51451,765648.9223799999,941801.3290199996,1435652.2559699994,1522217.8968400005,3146575.612609997,4007653.52503,5887306.189150007,5336402.978469999
2026-10-07T17:37:56.190053+00:00,obs-20261007-01,LIGHT,AAVEUSDT,1.0,171.76,171.77,171.765,0.5822077317207963,10439025594,171.76,171.77,288,35,1750327.5117100002,508488.3986199997,1520825.2628100005,512226.2369100001,1142.26124,4559.3302300000005,305783.55017,68892.81671000001,388954.65742,124932.62833999998,475857.4724500002,184452.79841000002,1028205.17397,213297.04941
2026-10-07T17:37:56.190053+00:00,obs-20261007-01,LIGHT,AVAXUSDT,1.0,11.255,11.256,11.255500000000001,0.8884940026643307,10518900184,11.255,11.256,368,31,1254750.2940600005,477889.4945499999,1247017.2361199998,436814.9717100002,1021.41674,578.31662,251501.32072999998,131309.98525000003,390002.39868,223297.40989,413905.58365999995,334712.5287399999,496802.9450399998,429514.28053
2026-10-07T17:37:56.190053+00:00,obs-20261007-01,LIGHT,FILUSDT,1.0,1.0233,1.0234,1.0233500000000002,0.9772305286825933,9894925695,1.0233,1.0234,401,41,423717.62281600013,255680.490038,411635.8861420001,249377.128894,2782.350424,1071.334098,100612.55990099999,87458.42979499999,197491.75203999996,145847.92862299999,281651.45777599997,238052.154827,389097.45144000003,318488.4399500001
2026-10-07T17:37:56.190053+00:00,obs-20261007-01,LIGHT,ALGOUSDT,1.0,0.1165,0.1166,0.11655,8.58369098712286,5664290773,0.1165,0.1166,113,3,63636.735300000015,43298.78599999999,64471.706099999996,38850.5337,312.488,115.90039999999999,38532.54,28972.5683,110071.96399999999,71636.93530000001,144218.9433,108235.2301,177331.3181,115527.59980000001
2026-10-07T17:37:56.190053+00:00,obs-20261007-01,LIGHT,XRPUSDT,1.0,1.4207,1.4208,1.42075,0.7038783698165574,26676792475,1.4207,1.4208,414,42,2095007.0211300005,2030711.029119999,1883251.0765200006,2273753.3409599992,22407.48756,133640.41887000002,1153891.3001500003,986300.2873800001,1925583.7886800002,1435900.9174600001,2984274.6143900002,2096379.9494699992,4319365.810859997,2735087.3863
2026-10-07T17:37:56.190053+00:00,obs-20261007-01,LIGHT,HBARUSDT,1.0,0.09211,0.09212,0.092115,1.08565845185149,8392708111,0.09211,0.09212,331,33,170365.40296,170068.31352999996,146890.61637999996,180230.26773000005,903.326,2756.7188600000004,145642.14229,130973.55648,254582.84304999994,223207.70502000008,417494.9415499998,367309.54802000016,911129.3523299996,731811.7418900003
2026-10-07T17:38:56.190144+00:00,obs-20261007-01,LIGHT,PEPEUSDT,1.0,4.03e-06,4.04e-06,4.035e-06,24.81389578163684,8827856087,4.03e-06,4.04e-06,113,11,196824.01082176,125850.85008996002,217236.39261695996,133437.43550138,1123.53850622,704.66931996,96319.60581412,154911.7117038,293203.83824655996,377184.81378315005,642507.39736202,601277.48798598,938059.41865265,859075.92437482
2026-10-07T17:38:56.190144+00:00,obs-20261007-01,LIGHT,BNBUSDT,1.0,769.43,769.44,769.435,0.12996633871997787,20909241513,769.43,769.44,375,83,1641291.2083099997,2051802.24873,1636769.3662500004,1999151.4364500006,9445.546849999995,6203.884900000001,764755.2234999996,995536.8756200001,1527724.8240499995,1528138.8384000002,3177215.3728899965,4057609.4703000006,5897322.546950004,5307913.523709992
2026-10-07T17:38:56.190144+00:00,obs-20261007-01,LIGHT,AAVEUSDT,1.0,171.54,171.55,171.54500000000002,0.5829544129665187,10439027451,171.54,171.55,235,26,1537310.507680001,427521.84563000005,1752181.8431000004,413056.05368999986,1083.36465,60.234260000000006,145680.45661000002,73800.58236999997,203148.73250999997,132548.53890999992,736960.86953,180225.47970999987,822370.5062399999,223340.1226399998
2026-10-07T17:38:56.190144+00:00,obs-20261007-01,LIGHT,AVAXUSDT,1.0,11.234,11.235,11.2345,0.8901548869499898,10518906168,11.234,11.235,388,72,1947849.1365299989,632174.7635299999,1951628.1094200008,628202.09899,7717.4562,15655.68444,279548.52187999996,118572.43186999999,385842.04803000006,221277.95470999993,411323.83018,323832.5986799997,548609.8524499999,416559.2582699999
2026-10-07T17:38:56.190144+00:00,obs-20261007-01,LIGHT,FILUSDT,1.0,1.0215,1.0217,1.0216,1.9579050416052013,9894928574,1.0215,1.0217,357,49,273311.88570499996,290351.0958640001,309614.9747010001,264512.21335000015,3022.843947,1404.9533049999998,124958.36533500001,70704.511195,202893.87037200003,146950.69261200004,302137.9393800001,252596.465528,355794.3660940002,330439.09695300006
2026-10-07T17:38:56.190144+00:00,obs-20261007-01,LIGHT,ALGOUSDT,1.0,0.1163,0.1164,0.11635000000000001,8.598452278589797,5664291274,0.1163,0.1164,134,4,72915.18389999997,44498.60189999999,81490.79989999998,42381.515199999994,876.5851,0.0,69708.6273,23397.7799,106423.00039999999,63360.409600000006,141630.6531,101896.92510000002,172294.6669,120740.16830000002
2026-10-07T17:38:56.190144+00:00,obs-20261007-01,LIGHT,XRPUSDT,1.0,1.4179,1.418,1.4179499999999998,0.7052683546082683,26676799580,1.4179,1.418,506,95,4159256.02917,5162140.3819499975,4700455.500310002,4823715.799219998,147190.83622,26207.17866,979938.29504,1140467.4667900002,1472760.9364000005,1479876.5886000006,2588618.309070001,2410859.6471700002,3990032.8451000005,2545325.2086400017
2026-10-07T17:38:56.190144+00:00,obs-20261007-01,LIGHT,HBARUSDT,1.0,0.09202,0.09203,0.092025,1.0867202782005592,8392710670,0.09202,0.09203,347,45,565580.9780300001,788392.23697,578126.38022,756668.4573199998,5526.822139999999,2757.2055700000005,158183.68229,134998.97956999997,260401.69721000007,240159.0198499999,409702.15663,395153.33043,903213.8693599997,762943.6840400002
2026-10-07T17:39:56.233555+00:00,obs-20261007-01,LIGHT,PEPEUSDT,1.0,4.03e-06,4.04e-06,4.035e-06,24.81389578163684,8827856357,4.03e-06,4.04e-06,123,14,41499.70069174,140675.22838048002,41118.93249254,210970.12530858,876.4207036,760.6502708000002,95638.62126624,164051.44289988,293596.89299376,297507.36959313,642888.1655612199,530982.5910578801,931511.28853793,877606.4501851199
2026-10-07T17:39:56.233555+00:00,obs-20261007-01,LIGHT,BNBUSDT,1.0,769.41,769.42,769.415,0.12996971705536708,20909246851,769.41,769.42,435,89,1523820.4109800009,1597283.3690700002,1523762.1574900008,1650047.2294499998,2693.16425,6328.736569999998,768317.9778599998,867748.93695,1533039.3327899997,1522514.2516500005,3177234.7676699962,3998342.6697600004,5885980.123460004,5255839.74998
2026-10-07T17:39:56.233555+00:00,obs-20261007-01,LIGHT,AAVEUSDT,1.0,171.54,171.55,171.54500000000002,0.5829544129665187,10439029367,171.54,171.55,266,25,2046714.2381200003,555230.44379,1992962.827110001,554921.45023,513.42268,2097.76221,160895.28334000005,73631.25887999998,218010.14596000002,128010.86297999995,790712.2805400002,180534.47326999993,876619.7188200003,223649.11619999987
2026-10-07T17:39:56.233555+00:00,obs-20261007-01,LIGHT,AVAXUSDT,1.0,11.23,11.231,11.2305,0.8904719501323655,10518911329,11.23,11.231,371,73,1880072.4841999991,644975.11535,1931947.11699,677009.0197900003,12341.672699999996,22117.49238,223800.94885999995,89761.58603999998,322894.07964000007,189399.77410999997,361968.14377,291749.34538999986,497016.21939000004,382747.51786
2026-10-07T17:39:56.233555+00:00,obs-20261007-01,LIGHT,FILUSDT,1.0,1.0206,1.0207,1.0206499999999998,0.9798157946305786,9894932739,1.0206,1.0207,366,138,479845.6626550003,303473.84025600005,490047.6165960002,311763.71829399996,26927.264174000018,9256.842509000002,78188.011284,73225.533834,162157.01453399996,145694.21175000002,297085.001717,236802.50297099995,358663.3672360001,314478.1006030001
2026-10-07T17:39:56.233555+00:00,obs-20261007-01,LIGHT,ALGOUSDT,1.0,0.1164,0.1165,0.11645,8.59106529209619,5664291694,0.1164,0.1165,133,3,44311.17999999999,30855.368199999994,40557.05730000001,35285.99880000001,0.0,131.312,48831.3832,34399.2175,104035.6171,71251.1081,141631.79020000002,97971.0337,174933.9802,116579.9363
2026-10-07T17:39:56.233555+00:00,obs-20261007-01,LIGHT,XRPUSDT,1.0,1.4173,1.4174,1.4173499999999999,0.7055669230227046,26676808300,1.4173,1.4174,481,195,6204458.16421,5360717.094279998,5833803.817240003,5725412.871900001,113864.39621,90781.55717999999,1213152.55889,864654.80002,1708631.89911,1465096.6004199998,2961669.5207000007,2053133.0038400004,4374984.297190003,2175597.77023
2026-10-07T17:39:56.233555+00:00,obs-20261007-01,LIGHT,HBARUSDT,1.0,0.09201,0.09202,0.092015,1.086838387132083,8392713111,0.09201,0.09202,342,51,974695.2380600001,392067.98276999994,980826.1875499998,394614.96809999994,4430.826999999999,6000.099460000001,133860.69018,125400.60226999999,240244.94158,237146.09285999995,514016.10994000005,392525.02528,897082.8855999998,760343.9919700001
2026-10-07T17:40:56.239623+00:00,obs-20261007-01,LIGHT,PEPEUSDT,1.0,4.03e-06,4.04e-06,4.035e-06,24.81389578163684,8827856892,4.03e-06,4.04e-06,132,14,275593.99017202004,198363.02537313005,278846.3250004,192565.64050167002,160.54945725000002,1092.79132408,108472.35147944001,145023.69208748,309396.06046616,302690.71315238,639635.83073284,536779.97592934,934533.3597094199,883403.8350593799
2026-10-07T17:40:56.239623+00:00,obs-20261007-01,LIGHT,BNBUSDT,1.0,769.18,769.19,769.185,0.1300085805677753,20909252065,769.18,769.19,353,135,3872057.2099799984,4084957.02063,3708544.178440002,4110123.779139999,39086.47995000001,85554.89244,820653.5090500002,796986.7275299999,1439971.6113800013,1489451.9853400001,3425982.1420599986,3744645.2928900006,6038261.411830002,5229284.429109998
2026-10-07T17:40:56.239623+00:00,obs-20261007-01,LIGHT,AAVEUSDT,1.0,171.56,171.57,171.565,0.5828864537171796,10439032013,171.56,171.57,307,57,2003813.1491999992,588900.1129199998,2102076.959280001,589212.5334099998,9690.749119999997,1782.9755300000002,68356.37367999999,65677.37285999999,119238.94044999998,124960.22140999995,692205.4841,179353.99864999988,777574.7754,222094.35500999982
2026-10-07T17:40:56.239623+00:00,obs-20261007-01,LIGHT,AVAXUSDT,1.0,11.224,11.225,11.224499999999999,0.8909479686391997,10518914865,11.224,11.225,315,53,1200604.0278099994,461792.6018999997,1256748.2141399996,439037.15981999994,34080.16216,8061.554130000001,146566.30617999999,87235.70122999998,267184.84735999996,193624.6803899999,308214.38950999983,313506.36754999985,448119.18275999976,404846.11917
2026-10-07T17:40:56.239623+00:00,obs-20261007-01,LIGHT,FILUSDT,1.0,1.0204,1.0205,1.0204499999999999,0.9800078400634682,9894936906,1.0204,1.0205,413,111,523091.7896190001,457658.98074899963,533500.3134539999,427636.58474099997,7208.335654000002,17892.548271999996,71954.118345,89149.40372399999,172185.276217,159204.60130399995,286683.914426,263134.62467099994,348119.3296790001,341358.395253
2026-10-07T17:40:56.239623+00:00,obs-20261007-01,LIGHT,ALGOUSDT,1.0,0.1164,0.1165,0.11645,8.59106529209619,5664292410,0.1164,0.1165,172,3,132804.46630000003,32771.6945,144444.1315,45133.2111,197.2345,123.956,27230.652,25456.6348,92314.6677,68179.5852,129992.125,85609.5171,163597.0872,104218.4197
2026-10-07T17:40:56.239623+00:00,obs-20261007-01,LIGHT,XRPUSDT,1.0,1.4174,1.4175,1.41745,0.7055171440661923,26676815942,1.4174,1.4175,462,99,4441733.473800003,4698968.37824,4666703.998870003,4274954.432330004,65791.17462000002,54368.12596000001,1080028.5502300002,1083038.13307,1489087.3062800001,1527342.3577300003,2736620.416430001,2477692.6323899995,4137038.9745900026,2599682.81254
2026-10-07T17:40:56.239623+00:00,obs-20261007-01,LIGHT,HBARUSDT,1.0,0.092,0.09201,0.092005,1.0869565217386246,8392716445,0.092,0.09201,379,125,896215.67227,599842.99463,923044.2625000001,596475.2706399999,6559.000460000001,4672.849010000002,116181.63324000001,123622.62079999999,228300.88088000004,193375.73489,488699.24935000006,394575.65238,870253.5120499998,763711.55108
2026-10-07T17:41:56.243786+00:00,obs-20261007-01,LIGHT,PEPEUSDT,1.0,4.02e-06,4.03e-06,4.025e-06,24.875621890549926,8827860217,4.02e-06,4.03e-06,355,56,1152626.8605634707,1278404.6944470003,1251148.5443526702,1263434.2177733697,95018.28656606,39975.09500277001,157009.23654833998,19097.977265250003,309695.41055052995,190670.40923141,631005.37126262,426697.71788782004,936591.32688769,847722.4494282701
2026-10-07T17:41:56.243786+00:00,obs-20261007-01,LIGHT,BNBUSDT,1.0,768.72,768.73,768.725,0.13008637735456574,20909279670,768.72,768.73,568,739,16728087.269639982,14593628.344649995,17157694.79253998,14508462.300229987,109774.4124900001,62729.47376000002,724404.9572600002,832912.6284900001,1443849.6396900006,1511505.7275999999,3194748.0772999977,3802738.8794,5910659.962320003,5219428.531729997
2026-10-07T17:41:56.243786+00:00,obs-20261007-01,LIGHT,AAVEUSDT,1.0,171.53,171.55,171.54000000000002,1.165976797061763,10439041257,171.53,171.55,476,221,2013986.6433800007,985170.1786699999,2020696.7793700001,975382.1883099996,13233.415910000003,13615.154459999994,68001.06481,74591.26303,127572.02005000002,121435.96479000001,682914.70511,182712.98995999998,774169.3119900002,225530.69187999994
2026-10-07T17:41:56.243786+00:00,obs-20261007-01,LIGHT,AVAXUSDT,1.0,11.218,11.219,11.218499999999999,0.8914244963453832,10518932497,11.218,11.219,551,330,2342101.2111400003,1675217.0071400004,2255071.5943600005,1680446.0557199987,63082.51721999998,40850.611959999995,168173.69231,106897.53506000001,296217.2748499999,215177.76912999997,396031.49535999994,298266.99669999984,613249.7625299997,397208.80389
2026-10-07T17:41:56.243786+00:00,obs-20261007-01,LIGHT,FILUSDT,1.0,1.0208,1.0209,1.0208499999999998,0.979623824450826,9894948568,1.0208,1.0209,528,239,1024373.0184640004,742239.4152670001,1007308.2958350006,802939.4671080001,14133.678586999997,19002.711644,77128.51595100001,50161.36258300002,152648.98754000003,140180.422404,296554.48934999993,214654.59081299993,364859.26148600003,289183.0660359999
2026-10-07T17:41:56.243786+00:00,obs-20261007-01,LIGHT,ALGOUSDT,1.0,0.1164,0.1165,0.11645,8.59106529209619,5664294761,0.1164,0.1165,314,16,348182.38810000016,204022.4170000001,338031.9199999999,194531.3346,4794.3398,1156.3162,34119.7815,21370.1583,86718.6602,67435.3081,132984.0016,93506.86629999998,166153.28199999998,112415.69849999998
2026-10-07T17:41:56.243786+00:00,obs-20261007-01,LIGHT,XRPUSDT,1.0,1.4189,1.419,1.4189500000000002,0.7047713017116486,26676852192,1.4189,1.419,584,781,24361048.71900002,23635154.99611002,24459665.287859995,23728711.36852999,702832.3132600004,414042.92544,828464.3293499999,1133316.5857800003,1317111.3103999991,1495889.6872599996,2552850.5317699993,2386116.257139998,3862596.7515599993,2519703.208369998
2026-10-07T17:41:56.243786+00:00,obs-20261007-01,LIGHT,HBARUSDT,1.0,0.09204,0.09205,0.092045,1.0864841373336986,8392726461,0.09204,0.09205,511,194,3581653.0399000025,3041175.1873499993,3493975.388330001,2939724.1759599997,12367.261599999998,22623.660829999993,110466.04134000001,118203.49870999997,184548.77946999998,230489.95892,363290.1878500001,379881.73195,857904.1071499999,754609.95272
2026-10-07T17:42:56.244200+00:00,obs-20261007-01,LIGHT,PEPEUSDT,1.0,4.02e-06,4.03e-06,4.025e-06,24.875621890549926,8827863101,4.02e-06,4.03e-06,364,42,1439366.01060973,821095.1016133601,1410014.79648164,652364.3873790501,239156.43114344,21828.573481590003,96917.95694225999,122994.59287882001,294954.82020863995,273437.22845614003,607184.95551697,595166.2238739601,888940.06819119,910413.4834453801
2026-10-07T17:42:56.244200+00:00,obs-20261007-01,LIGHT,BNBUSDT,1.0,768.66,768.67,768.665,0.1300965316253233,20909293217,768.66,768.67,545,263,5238536.05412,4218282.840640003,4985668.420459997,4217494.553900004,65941.3866,7683.069620000001,726411.61754,898845.2560600004,1550991.8557700012,1525379.77305,3464082.993179997,3802906.834920001,6085130.019570009,5220829.769599997
2026-10-07T17:42:56.244200+00:00,obs-20261007-01,LIGHT,AAVEUSDT,1.0,171.55,171.56,171.555,0.5829204313601011,10439045273,171.55,171.56,420,84,1762823.05368,732916.7575999999,1631415.3885999992,729171.5498399996,4367.79043,4817.903060000001,183192.74283999996,67502.66714000002,243057.07379999995,133365.86859000003,814322.3701899999,182992.57445000001,907288.5676600001,225072.27499999997
2026-10-07T17:42:56.244200+00:00,obs-20261007-01,LIGHT,AVAXUSDT,1.0,11.227,11.228,11.2275,0.8907098957866566,10518943094,11.227,11.228,522,161,3105293.3116500024,1314569.5466800008,3069399.87165,1341080.0314700012,10019.513689999998,10621.781990000001,182252.26880999998,122747.42443,321293.7304999998,214296.26416000005,429154.7270699998,272780.21218,573940.2312599997,372527.34322000016
2026-10-07T17:42:56.244200+00:00,obs-20261007-01,LIGHT,FILUSDT,1.0,1.0219,1.022,1.02195,0.9785693316377575,9894954758,1.0219,1.022,484,87,675803.6094389999,486984.1925719999,632872.4212150004,488336.3459860005,1685.4030099999998,4841.049422,89878.081675,96659.22784200001,173209.75317599997,161913.00313099998,309520.8630259999,217272.0680099999,397820.471768,300840.8936269999
2026-10-07T17:42:56.244200+00:00,obs-20261007-01,LIGHT,ALGOUSDT,1.0,0.1165,0.1166,0.11655,8.58369098712286,5664295604,0.1165,0.1166,199,2,136689.27229999998,45726.978400000015,118812.41790000001,51558.37960000001,2417.608,542.424,29165.0297,33481.3992,89391.3265,70175.9792,148162.6054,88148.26599999999,181448.5617,107207.35149999999
2026-10-07T17:42:56.244200+00:00,obs-20261007-01,LIGHT,XRPUSDT,1.0,1.4191,1.4192,1.4191500000000001,0.7046719751957475,26676865757,1.4191,1.4192,540,159,7798474.650020001,8732834.096869998,7786724.088880001,8654368.06281,101712.31569000003,126711.48406999998,869351.89168,1247167.2551,1443149.22999,1582160.1795,2564183.164060001,2466879.622909998,3870110.19542,2600552.918229998
2026-10-07T17:42:56.244200+00:00,obs-20261007-01,LIGHT,HBARUSDT,1.0,0.0921,0.09211,0.09210499999999999,1.085776330076449,8392730866,0.0921,0.09211,456,86,1231531.1438099998,861579.9489299994,1206591.9556200001,878030.0912599992,3079.47038,4838.223160000001,131677.20421999999,122425.37381,219262.63948999997,221766.63715,383586.82860999997,365576.4600199999,878618.3304599997,738252.9139099999
2026-10-07T17:43:56.279629+00:00,obs-20261007-01,LIGHT,PEPEUSDT,1.0,4.01e-06,4.02e-06,4.015e-06,24.937655860348684,8827865444,4.01e-06,4.02e-06,296,37,649477.27550961,701756.4350084403,765220.7052559699,679789.1028936402,172560.27052469,13140.710101749999,130179.19105066,20684.137733879998,304821.83660666,190619.5345578,571520.92835639,509890.56437552004,810988.0463852299,952433.1805652902
2026-10-07T17:43:56.279629+00:00,obs-20261007-01,LIGHT,BNBUSDT,1.0,768.15,768.16,768.155,0.13018290698330048,20909302759,768.15,768.16,513,189,7174836.550100001,6843698.981840004,7140621.128420003,6814646.605700002,49255.33731000002,5740.5877199999995,852105.7062500005,873165.1768700008,1598354.0507000014,1529828.201630002,3822554.802840002,3730959.251140004,6136355.5303500155,5214470.764130001
2026-10-07T17:43:56.279629+00:00,obs-20261007-01,LIGHT,AAVEUSDT,1.0,171.45,171.46,171.45499999999998,0.5832604257816065,10439049324,171.45,171.46,407,65,2703872.0576600004,655723.0752299998,2783781.1139199985,647944.0307699997,10046.244290000002,1918.8154000000004,102795.4967,80861.19800999996,148957.07038000002,137488.09441999995,741163.6402,190342.6936599999,824100.2338600002,230886.11551999985
2026-10-07T17:43:56.279629+00:00,obs-20261007-01,LIGHT,AVAXUSDT,1.0,11.226,11.227,11.226500000000001,0.8907892392651107,10518950940,11.226,11.227,452,127,1989944.7251000018,941970.5914699999,1964662.59754,958899.1587700003,30181.134679999996,10699.225710000002,204807.09513,115317.95056,344410.54351999995,209141.57694999996,455182.70482000004,255838.37825000007,600254.3503299999,355718.12915000017
2026-10-07T17:43:56.279629+00:00,obs-20261007-01,LIGHT,FILUSDT,1.0,1.0215,1.0216,1.02155,0.9789525208026006,9894960378,1.0215,1.0216,467,81,642284.5088349998,447929.95252400025,637742.2952530005,443820.9209160001,6094.865432999999,3939.9230449999995,90287.78840699999,81825.21548,190898.47720999998,158240.405828,334636.30139200005,221206.33333099994,404655.3802290001,295876.463341
2026-10-07T17:43:56.279629+00:00,obs-20261007-01,LIGHT,ALGOUSDT,1.0,0.1163,0.1164,0.11635000000000001,8.598452278589797,5664296486,0.1163,0.1164,184,3,168154.91869999998,66975.43059999996,179747.91280000008,59533.344299999975,1353.1064000000001,0.0,31523.189899999998,22289.9875,86237.7685,60966.60259999999,143020.84749999997,94359.97219999999,177654.89409999998,102246.0341
2026-10-07T17:43:56.279629+00:00,obs-20261007-01,LIGHT,XRPUSDT,1.0,1.4181,1.4182,1.4181499999999998,0.7051688879489149,26676878331,1.4181,1.4182,538,146,7765440.853580003,7629778.043340002,7550807.96909,7946689.5998100005,73839.87275000002,67993.81399000001,1049550.7671899998,920829.69646,1693123.6938299998,1380273.5235699993,2847869.581410001,2163094.4099899973,4236755.44963,2283197.8109699977
2026-10-07T17:43:56.279629+00:00,obs-20261007-01,LIGHT,HBARUSDT,1.0,0.09209,0.0921,0.09209500000000001,1.0858942339009303,8392734550,0.09209,0.0921,388,62,734231.5328000005,1007767.3881199996,681999.55976,673692.0646200001,2136.80738,3216.705000000002,138289.67302000002,124900.55715999998,216758.5585,182450.35775999998,435931.10285999987,364614.72451999993,935063.4136799996,738372.4361500001
2026-10-07T17:44:56.283777+00:00,obs-20261007-01,LIGHT,PEPEUSDT,1.0,4.01e-06,4.02e-06,4.015e-06,24.937655860348684,8827866807,4.01e-06,4.02e-06,241,26,595124.2454756901,520937.6396420199,545689.8895282,541689.89231511,8539.823020539998,21491.17192242,115418.53211938999,73277.57658965999,303590.01616739,247884.78664356002,570969.3294625999,489118.11170429003,809559.9134916599,905256.3276578501
2026-10-07T17:44:56.283777+00:00,obs-20261007-01,LIGHT,BNBUSDT,1.0,767.99,768.0,767.995,0.13021002877700028,20909308001,767.99,768.0,455,116,2085827.1942700015,2363777.5973399985,2315316.1306500006,2428766.0149499993,92709.81474000003,4071.0671599999996,746905.4259700004,983315.6589400008,1640012.8625600012,1622382.9808000016,3595950.7860600017,3665042.267190002,6116324.526450015,4997259.798859994
2026-10-07T17:44:56.283777+00:00,obs-20261007-01,LIGHT,AAVEUSDT,1.0,171.19,171.2,171.195,0.5841462702260714,10439052268,171.19,171.2,359,74,1200458.19267,619962.1872200001,1216657.37768,607461.4796599998,20547.049919999994,6276.787480000001,114040.73030999997,79001.06242000002,208459.96226,138177.69714,735016.84261,197117.39700999996,1324067.08252,224554.95832999988
2026-10-07T17:44:56.283777+00:00,obs-20261007-01,LIGHT,AVAXUSDT,1.0,11.212,11.213,11.212499999999999,0.8919015340702607,10518958097,11.212,11.213,447,101,1884098.0565599995,878358.9615799995,1889353.3154399977,853500.1299799999,18266.254530000002,36412.37447,271504.6167,108178.24770999997,384836.74925000005,204956.20146999997,452274.03888,279109.80351,680204.0899899998,378212.94649999996
2026-10-07T17:44:56.283777+00:00,obs-20261007-01,LIGHT,FILUSDT,1.0,1.0189,1.019,1.0189499999999998,0.9814505839633725,9894965261,1.0189,1.019,416,113,481503.7490559999,374794.6480839999,558480.7986549999,315786.155502,17347.17240399999,2186.15301,91661.89738400001,83299.809916,162520.90780800002,155168.315236,302235.891232,257427.57455699993,442024.4105590002,335757.0544410002
2026-10-07T17:44:56.283777+00:00,obs-20261007-01,LIGHT,ALGOUSDT,1.0,0.1162,0.1163,0.11624999999999999,8.60585197934638,5664297120,0.1162,0.1163,125,3,120059.85819999999,40863.3877,129603.73859999998,34622.15069999999,829.6842,0.0,34599.9889,26842.0395,96328.1561,66754.63949999999,139030.6572,95830.12169999997,169952.21859999996,107811.07469999998
2026-10-07T17:44:56.283777+00:00,obs-20261007-01,LIGHT,XRPUSDT,1.0,1.4173,1.4174,1.4173499999999999,0.7055669230227046,26676883846,1.4173,1.4174,461,71,2751986.245279999,2617109.1900200015,3030834.8342300016,2281377.84444,54187.252790000006,31182.177049999995,1000333.2971100003,1118785.62839,1449732.1287000005,1657418.0074199997,2590955.79831,2485595.6736399974,3928498.042679999,2617301.9996399973
2026-10-07T17:44:56.283777+00:00,obs-20261007-01,LIGHT,HBARUSDT,1.0,0.09203,0.09204,0.092035,1.0866021949351712,8392737172,0.09203,0.09204,352,56,497279.90568000014,392069.6569799999,519234.42519000033,370281.71684999997,3385.98689,4620.771979999999,144008.94484,129891.46407999999,253471.6274399999,199492.37725000005,418605.72731999995,384774.01645999996,913664.9674499998,764192.2572999999
2026-10-07T17:45:56.289500+00:00,obs-20261007-01,LIGHT,PEPEUSDT,1.0,4.01e-06,4.02e-06,4.015e-06,24.937655860348684,8827868431,4.01e-06,4.02e-06,286,12,508514.90742696996,511088.60281589,498871.5595059999,534686.8669962,687.28246937,1495.7581146599998,124836.18154142,47169.572851799996,312811.21243742,219633.6890736,580612.67738357,465519.84752398,819688.54935162,902773.73979138
2026-10-07T17:45:56.289500+00:00,obs-20261007-01,LIGHT,BNBUSDT,1.0,768.26,768.27,768.265,0.13016426730461106,20909315404,768.26,768.27,494,140,4323547.303270001,4032125.445129998,4084937.3475199994,3806944.508150002,23336.200460000004,11310.10916,764787.96949,969705.8514000005,1608563.5385100008,1594923.7405700015,3668345.4551899997,3997306.368010001,6147747.41765001,5223043.869029991
2026-10-07T17:45:56.289500+00:00,obs-20261007-01,LIGHT,AAVEUSDT,1.0,171.29,171.3,171.29500000000002,0.5838052425732876,10439056004,171.29,171.3,388,73,1693941.739660001,567605.9174400001,1691763.909230001,570194.31112,8555.031910000002,8311.24801,104950.83301,90240.53275000001,164283.39775000006,143882.83076000004,735093.1472900001,189450.77336,1319159.87992,226738.9192299999
2026-10-07T17:45:56.289500+00:00,obs-20261007-01,LIGHT,AVAXUSDT,1.0,11.223,11.224,11.223500000000001,0.8910273545392755,10518967311,11.223,11.224,486,147,3346163.025879999,1039434.0470900004,3347473.267629999,1070486.2316899998,6915.113489999998,32271.915830000013,200404.21569,119908.22628000002,360373.4259699998,214276.95441999997,448643.8763499998,248685.70895000003,660680.4539199995,347387.7503400002
2026-10-07T17:45:56.289500+00:00,obs-20261007-01,LIGHT,FILUSDT,1.0,1.0217,1.0218,1.02175,0.9787608887146249,9894971866,1.0217,1.0218,508,89,735532.1166090006,470308.13914900005,666932.18024,546223.4069949996,3750.1122700000005,16344.342934000002,82674.94917,87326.02907899999,184964.67189999993,158081.33933599992,336952.49232699996,207745.54665699988,396130.052924,279436.77625399985
2026-10-07T17:45:56.289500+00:00,obs-20261007-01,LIGHT,ALGOUSDT,1.0,0.1163,0.1164,0.11635000000000001,8.598452278589797,5664298355,0.1163,0.1164,240,12,154180.33590000003,49383.01270000002,126343.72859999999,53357.8952,5142.7875,1140.5541,44183.6196,32250.8129,112448.69060000002,63594.676699999996,159928.5761,96626.32669999999,189228.1908,111008.51280000001
2026-10-07T17:45:56.289500+00:00,obs-20261007-01,LIGHT,XRPUSDT,1.0,1.4169,1.417,1.41695,0.7057661091103284,26676896658,1.4169,1.417,551,235,7614606.21928,7751474.238599998,7455761.585199996,8081805.715570001,66108.0927,74977.59405000003,1023826.6699899998,856090.1049700001,1821118.4179099998,1328375.34331,2751986.664799999,2156540.9252199996,4111565.3644299996,2287493.4174200003
2026-10-07T17:45:56.289500+00:00,obs-20261007-01,LIGHT,HBARUSDT,1.0,0.092,0.09201,0.092005,1.0869565217386246,8392742299,0.092,0.09201,437,152,1448999.5628299995,1881590.7985700006,1468493.364490001,1876815.7171399996,52109.49866,7179.843400000001,135750.63634000003,135894.53162000002,239347.60609000004,242530.55590000004,509636.1941199999,388553.88839000004,894513.5104299998,766815.70114
2026-10-07T17:46:56.289699+00:00,obs-20261007-01,LIGHT,PEPEUSDT,1.0,4.01e-06,4.02e-06,4.015e-06,24.937655860348684,8827870291,4.01e-06,4.02e-06,241,44,703521.57440709,676427.2770038098,652483.7530621198,668638.0637306799,60450.14266270999,17491.70377386,114480.76478347999,54524.78677188,309395.38127948,238824.06208697002,570196.6975876,473309.0607971101,809491.44559191,910674.6280804301
2026-10-07T17:46:56.289699+00:00,obs-20261007-01,LIGHT,BNBUSDT,1.0,768.47,768.48,768.475,0.13012869728212806,20909321916,768.47,768.48,466,114,2924221.6408599988,2897348.330289999,2918104.572590001,2863010.421069999,9372.691490000001,3456.73844,769701.9655599999,971977.7170400005,1607200.6855400004,1638362.5779600006,3329570.5131399976,4125070.8490700005,6117505.208090009,5264892.12504999
2026-10-07T17:46:56.289699+00:00,obs-20261007-01,LIGHT,AAVEUSDT,1.0,171.16,171.18,171.17000000000002,1.1684973124559406,10439059328,171.16,171.17,336,64,1139154.2048900004,573971.1342199999,1162158.8717800006,561221.51841,9433.657819999999,7724.36442,116086.97271999998,74318.56516000001,192813.68792000003,139316.77057000002,714344.5090800002,196310.17085999998,1306797.74902,223940.3724299999
2026-10-07T17:46:56.289699+00:00,obs-20261007-01,LIGHT,AVAXUSDT,1.0,11.222,11.223,11.2225,0.891106754590254,10518971343,11.222,11.223,426,66,1479402.6496799996,540996.2768799999,1494381.66415,551805.8506300001,3844.2788499999992,14819.121659999999,198397.16046,106809.98402999998,356222.31166999997,207162.19410000002,433717.8613499999,237863.3266500001,645838.2206699997,335501.0035600003
2026-10-07T17:46:56.289699+00:00,obs-20261007-01,LIGHT,FILUSDT,1.0,1.0218,1.0219,1.0218500000000001,0.978665100801468,9894975809,1.0218,1.0219,421,61,558527.7938369998,371204.1053699999,555602.4128479997,367091.4015590001,2269.8714620000005,6360.456722999998,84564.105128,89574.75584499999,192565.16911499997,161583.70565099997,339792.96400000004,211860.75919799993,388705.5569380001,283556.3082569999
2026-10-07T17:46:56.289699+00:00,obs-20261007-01,LIGHT,ALGOUSDT,1.0,0.1165,0.1166,0.11655,8.58369098712286,5664299198,0.1164,0.1165,180,5,166791.1397,80069.5852,161901.66760000002,77948.37639999998,161.5483,546.2685,16428.0049,36430.3346,106637.4079,73402.0338,153989.21200000003,101154.3067,191517.07130000004,113770.37120000002
2026-10-07T17:46:56.289699+00:00,obs-20261007-01,LIGHT,XRPUSDT,1.0,1.4157,1.4158,1.41575,0.7063643427285271,26676903664,1.4157,1.4158,504,179,3006048.8038100023,4469496.424509997,3345064.9028399996,4066684.215089998,50487.632160000016,83102.76428999996,804250.0064899999,1118599.8010500001,1551818.9462099997,1721055.1042899997,2483386.53892,2557042.347879998,3795886.42434,2687729.1862299987
2026-10-07T17:46:56.289699+00:00,obs-20261007-01,LIGHT,HBARUSDT,1.0,0.09205,0.09206,0.092055,1.0863661053761575,8392746091,0.09205,0.09206,412,188,848859.7632600002,1175889.667500001,862283.21701,1189912.8198599995,2398.01142,6554.32332000001,130200.08346000001,141689.45458000005,224331.83268,233669.8979800001,376812.00837999996,376190.8236400001,880616.6334399998,753905.7613500002
2026-10-07T17:47:56.311018+00:00,obs-20261007-01,LIGHT,PEPEUSDT,1.0,4.02e-06,4.03e-06,4.025e-06,24.875621890549926,8827871691,4.02e-06,4.03e-06,302,42,761821.6275239403,273623.1990795703,677715.4009683201,333440.76654285,1826.0816903499997,3787.62909464,55017.17209007999,158449.47923532,216664.60764593998,296342.69615880004,513035.68649553997,614017.67574115,788159.36172375,917814.4247825801
2026-10-07T17:47:56.311018+00:00,obs-20261007-01,LIGHT,BNBUSDT,1.0,768.49,768.5,768.495,0.13012531067335686,20909327418,768.49,768.5,497,144,1377868.68541,1628653.4855799994,1322000.7569400002,1640789.6537100004,5253.471940000001,11510.265569999998,830747.7809199999,987658.3099500007,1668518.0637000012,1625662.3176700012,3385280.955469998,4112961.070720001,6174659.612760008,5257366.47542999
2026-10-07T17:47:56.311018+00:00,obs-20261007-01,LIGHT,AAVEUSDT,1.0,171.28,171.29,171.285,0.5838393274171239,10439061573,171.28,171.29,292,33,606860.7297800004,667574.5019900005,586169.61769,632466.6790800003,120.76924000000001,2534.3892800000003,140862.69064999995,130452.20378,199699.18260999996,183698.45909999995,728343.53739,232159.94860999996,1314071.5761599997,270223.2008399999
2026-10-07T17:47:56.311018+00:00,obs-20261007-01,LIGHT,AVAXUSDT,1.0,11.23,11.231,11.2305,0.8904719501323655,10518976199,11.23,11.231,395,71,1994226.6188800007,659165.1425600001,1933526.226220001,652358.9152299999,15723.2246,13301.91551,227937.87515000004,131641.98403000002,344117.12677,228898.84758000003,493626.8875999999,253071.76823000007,628071.7125500002,343252.04229000024
2026-10-07T17:47:56.311018+00:00,obs-20261007-01,LIGHT,FILUSDT,1.0,1.0215,1.0216,1.02155,0.9789525208026006,9894978845,1.0215,1.0216,375,34,404513.74672000017,274910.3171650002,389339.2457889999,265760.35318299994,775.8996670000001,6706.277812,99009.786635,90073.13201,224365.042929,170378.199026,355009.38416499994,220972.11006999997,406289.0619750001,295647.84107100015
2026-10-07T17:47:56.311018+00:00,obs-20261007-01,LIGHT,ALGOUSDT,1.0,0.1165,0.1166,0.11655,8.58369098712286,5664299782,0.1165,0.1166,122,0,184378.25290000002,46558.934500000025,178079.7566,43213.50700000002,0.0,0.0,45576.1917,35329.9953,125356.39640000001,76142.6153,160287.70830000003,104499.73419999999,197366.82150000002,117115.79870000001
2026-10-07T17:47:56.311018+00:00,obs-20261007-01,LIGHT,XRPUSDT,1.0,1.4163,1.4164,1.41635,0.7060650992030126,26676909534,1.4163,1.4164,480,156,2751651.3621099982,2518186.980979999,2567513.066229999,2846224.490439999,30550.764849999992,137860.10046000005,889751.2659799999,1020865.4961400002,1553651.53858,1406047.31636,2608705.916819999,2232444.6087199985,3965511.2609199984,2361017.743139999
2026-10-07T17:47:56.311018+00:00,obs-20261007-01,LIGHT,HBARUSDT,1.0,0.09208,0.09209,0.092085,1.086012163338257,8392748323,0.09208,0.09209,311,85,703777.5711599997,335374.5853300002,672679.8192799999,340034.50097999995,1293.0392600000002,6456.512950000001,132704.08751,147146.75198,248008.36797999998,230417.00778,407799.3884699999,372795.99225999997,905818.6040699997,749261.9041800001
2026-10-07T17:48:56.416771+00:00,obs-20261007-01,LIGHT,PEPEUSDT,1.0,4.01e-06,4.02e-06,4.015e-06,24.937655860348684,8827872962,4.01e-06,4.02e-06,233,15,331955.83114089,290160.5789319501,395893.09007173,250731.95088241994,551.68982148,1138.2953437600002,138697.41899436,22518.2905362,310610.43197036,188617.3914702,542101.14903356,452648.01751188,780718.03045511,890515.6345077
2026-10-07T17:48:56.416771+00:00,obs-20261007-01,LIGHT,BNBUSDT,1.0,768.72,768.73,768.725,0.13008637735456574,20909332736,768.72,768.73,427,123,2565421.690139999,3662724.3543700017,2564432.405540001,3627042.9250100018,1074.72181,6009.404519999998,834782.20587,973361.4521800004,1654569.6734200006,1669204.0657000009,3368240.9010599973,4156216.35715,6159373.325010007,5314820.87789999
2026-10-07T17:48:56.416771+00:00,obs-20261007-01,LIGHT,AAVEUSDT,1.0,171.27,171.28,171.275,0.5838734162422199,10439063392,171.27,171.28,244,32,590225.90215,461440.43904,585918.5701199997,461474.56053,874.51477,1402.2855099999997,144899.96391999992,129543.28961,207274.08638999998,186861.87653999994,732650.8694200001,232125.8271199999,1310226.6808,270189.07934999984
2026-10-07T17:48:56.416771+00:00,obs-20261007-01,LIGHT,AVAXUSDT,1.0,11.216,11.217,11.2165,0.8915834522116306,10518980554,11.216,11.217,362,55,1785574.7625000002,575122.8576599999,1827703.8829799986,522911.61091000005,7936.855469999999,11150.87532,256259.36987,144901.82088999997,381249.47904000006,242252.25241000004,454270.2839000001,294449.84767,666049.0392399998,393284.7411000001
2026-10-07T17:48:56.416771+00:00,obs-20261007-01,LIGHT,FILUSDT,1.0,1.0206,1.0207,1.0206499999999998,0.9798157946305786,9894982036,1.0206,1.0207,382,69,271395.6730750001,292949.50661199994,306631.4957460001,277081.23779599974,16350.167884000002,3296.1808569999994,85207.317484,83951.67657600001,209206.43998899998,163726.270885,325234.4614319999,232863.87163199994,374800.00963000004,307534.955419
2026-10-07T17:48:56.416771+00:00,obs-20261007-01,LIGHT,ALGOUSDT,1.0,0.1165,0.1166,0.11655,8.58369098712286,5664300338,0.1165,0.1166,137,1,112695.8206,52620.76320000001,131064.47880000003,54716.606900000006,0.0,606.4366,30581.6005,33254.1544,93751.20689999999,75391.611,141919.0501,102403.8905,175022.03059999994,120914.10140000001
2026-10-07T17:48:56.416771+00:00,obs-20261007-01,LIGHT,XRPUSDT,1.0,1.4163,1.4164,1.41635,0.7060650992030126,26676915473,1.4163,1.4164,450,76,3366637.14967,3282760.7882799967,3313806.1377100004,2926884.00185,37892.57294,46564.08337000001,1018758.8732500002,1117900.71716,1744394.3936800004,1636734.7917799992,2661536.9287799997,2589329.607289999,4017739.6646599993,2733751.6423699996
2026-10-07T17:48:56.416771+00:00,obs-20261007-01,LIGHT,HBARUSDT,1.0,0.09204,0.09205,0.092045,1.0864841373336986,8392751899,0.09204,0.09205,373,188,716524.4935399999,504756.37583000015,728173.5523599996,488411.5856399999,5730.682749999999,9198.83066000001,136078.60616,144014.29948000002,240124.62384,242476.90367000003,400779.47361999995,387875.69818,894695.0838899998,765594.0496200001
2026-10-07T17:49:56.417612+00:00,obs-20261007-01,LIGHT,PEPEUSDT,1.0,4.02e-06,4.03e-06,4.025e-06,24.875621890549926,8827873782,4.02e-06,4.03e-06,193,21,270691.99095672,472568.6564300003,191797.79873157997,467815.9191453101,301.34617471999996,9777.65180389,82253.20307178,137991.51791932,236605.96701461,355317.14629008004,499410.5411537,570192.5239077101,795121.21431088,983974.7253773601
2026-10-07T17:49:56.417612+00:00,obs-20261007-01,LIGHT,BNBUSDT,1.0,768.78,768.79,768.785,0.1300762246669862,20909336119,768.78,768.79,415,66,1368982.1815899997,1621179.4068199992,1861054.6253399989,2159029.839969999,1900.2406799999999,4377.744000000001,644903.7663999997,799307.6040900002,1326659.0064200002,1296503.2973199997,2875859.4624699987,3618734.735829999,5538840.406410005,4636130.366019992
2026-10-07T17:49:56.417612+00:00,obs-20261007-01,LIGHT,AAVEUSDT,1.0,171.09,171.1,171.095,0.5844876965332979,10439066153,171.09,171.1,313,52,804681.0755200001,713815.0006199997,687621.6866800003,756054.1475300001,4875.349909999999,5587.12674,238531.77701,51892.31339000002,278484.3856700001,101647.36926,858993.0638199998,186591.61396000005,1467569.223939999,221444.09132
2026-10-07T17:49:56.417612+00:00,obs-20261007-01,LIGHT,AVAXUSDT,1.0,11.219,11.22,11.2195,0.8913450396663691,10518984037,11.219,11.22,360,47,1279395.8278299996,406435.01102000003,1294272.0672499998,436709.8828299999,1990.6080600000005,11541.560660000001,201834.92654999997,96510.74230999997,281016.8370499999,188436.1581,437053.66303,264248.05319999997,674115.1857099996,369406.0420200001
2026-10-07T17:49:56.417612+00:00,obs-20261007-01,LIGHT,FILUSDT,1.0,1.0215,1.0216,1.02155,0.9789525208026006,9894984931,1.0215,1.0216,343,35,370078.3461390001,244771.92195399982,357658.8125590001,277963.12543799984,853.2521649999999,1514.3379639999998,76749.831384,73598.609664,164678.794162,145512.023581,320366.33276200003,210701.54801099995,395483.99062000023,291443.76221599994
2026-10-07T17:49:56.417612+00:00,obs-20261007-01,LIGHT,ALGOUSDT,1.0,0.1165,0.1166,0.11655,8.58369098712286,5664300926,0.1165,0.1166,113,2,147407.6512,44407.66900000001,153849.14280000006,47302.625700000004,53.124,27.750799999999998,24353.9058,24606.0924,52786.8382,60792.236500000006,135477.55849999998,98092.64969999998,185161.83919999996,116602.8606
2026-10-07T17:49:56.417612+00:00,obs-20261007-01,LIGHT,XRPUSDT,1.0,1.4172,1.4173,1.4172500000000001,0.7056167090024879,26676919699,1.4172,1.4173,409,69,2621086.63917,1839630.0268200017,2461583.4978699987,2387936.5922500007,18022.581529999992,79007.24471999999,1015046.24498,810118.5134699998,1478547.8456700002,1205852.4938999997,2802749.9713899996,2043136.485639999,4169749.916709999,2194231.4674299993
2026-10-07T17:49:56.417612+00:00,obs-20261007-01,LIGHT,HBARUSDT,1.0,0.09207,0.09208,0.09207499999999999,1.0861301183884287,8392754177,0.09207,0.09208,322,127,582939.2451799997,346360.5296600002,603494.0655299997,364171.44896999974,3939.173169999999,5892.842880000005,117783.01598,127493.38014000001,197804.62298999992,209247.02967,375595.5092999999,370880.5801399999,902813.9245199998,751655.1326700001
2026-10-07T17:50:56.417740+00:00,obs-20261007-01,LIGHT,PEPEUSDT,1.0,4.02e-06,4.03e-06,4.025e-06,24.875621890549926,8827874672,4.02e-06,4.03e-06,178,28,470023.77088866,265398.86445194,448961.1456029498,265206.72134891,1926.1729199999997,989.1095558999999,39997.843084199994,138660.28983027002,229981.32408703997,355199.79777043004,492284.58696852997,570384.66701074,800572.5477247101,979394.10476547
2026-10-07T17:50:56.417740+00:00,obs-20261007-01,LIGHT,BNBUSDT,1.0,768.78,768.79,768.785,0.1300762246669862,20909339053,768.78,768.79,406,68,1064120.9323299997,980012.4325200001,849586.45756,868900.2397900007,715.7776900000001,6488.7738800000025,783648.78432,790044.9553300003,1524612.5155900007,1326947.2153600003,3090393.9372399985,3729846.9285599994,5922111.982810004,4900272.361739989
2026-10-07T17:50:56.417740+00:00,obs-20261007-01,LIGHT,AAVEUSDT,1.0,170.91,170.92,170.915,0.5851032707271386,10439070002,170.91,170.92,334,107,2574217.4696999993,806204.0394800004,2613009.4505100003,814178.2023599996,35940.44246,6408.317980000001,216455.89267000003,47581.41260000001,280949.50393000006,94472.92792000002,820671.18198,167521.90144,1416886.6069199995,195410.8896
2026-10-07T17:50:56.417740+00:00,obs-20261007-01,LIGHT,AVAXUSDT,1.0,11.215,11.216,11.215499999999999,0.8916629514033048,10518987018,11.215,11.216,334,30,1155822.4875000007,390344.74555,1131363.7689,365646.7109499999,1687.1584199999998,2766.8180099999995,273313.14625,117275.88522000001,377417.2175399999,230005.75585000005,463592.79840999993,282626.36306,674594.9933299996,381554.7012000002
2026-10-07T17:50:56.417740+00:00,obs-20261007-01,LIGHT,FILUSDT,1.0,1.0224,1.0225,1.02245,0.9780907668233141,9894987706,1.0224,1.0225,348,67,398151.24989399995,180880.181416,386458.7093709999,206835.24955299994,2274.0100169999996,6391.582410000001,85974.79064099999,79424.71044700002,175148.28123199992,144467.92510499997,299606.66930699983,184944.2846239999,380857.403368,265466.52671400004
2026-10-07T17:50:56.417740+00:00,obs-20261007-01,LIGHT,ALGOUSDT,1.0,0.1165,0.1166,0.11655,8.58369098712286,5664301321,0.1165,0.1166,112,6,62977.075199999985,52413.149600000004,54290.33229999999,51609.87530000001,372.67640000000006,693.1671,22172.407,34739.518899999995,91044.3563,75075.5481,144164.3014,96932.80569999998,182598.3234,115442.9222
2026-10-07T17:50:56.417740+00:00,obs-20261007-01,LIGHT,XRPUSDT,1.0,1.4173,1.4174,1.4173499999999999,0.7055669230227046,26676923400,1.4173,1.4174,433,82,1813933.9252199999,1806450.0739100014,1709811.0619100009,1836233.8396200002,43482.83131,64442.91408000002,1177037.51291,778460.0158500002,1620728.1173300005,1302729.2293200002,2910276.211549999,2014377.4625499991,4249138.1170299975,2165659.7983299997
2026-10-07T17:50:56.417740+00:00,obs-20261007-01,LIGHT,HBARUSDT,1.0,0.09198,0.09199,0.09198500000000001,1.0871928680145082,8392755779,0.09198,0.09199,248,54,268222.87924999977,255686.46711,290361.10772,230092.88997999995,3819.3830000000003,4297.602920000005,110932.7838,121555.53242000002,189799.94436999998,226473.91767000005,492986.52375999984,389807.6844700001,881262.0355799996,777133.1322800001
2026-10-07T17:51:56.460099+00:00,obs-20261007-01,LIGHT,PEPEUSDT,1.0,4.01e-06,4.02e-06,4.015e-06,24.937655860348684,8827875291,4.01e-06,4.02e-06,182,12,339132.08581657003,87122.48599783001,410449.54493935994,45647.65174988001,1806.45155316,653.97888114,139892.70204208998,27309.411350159997,283029.09769809,188009.49463377,514668.4040095,505535.49395841,751528.1322384899,949389.84006968
2026-10-07T17:51:56.460099+00:00,obs-20261007-01,LIGHT,BNBUSDT,1.0,768.69,768.7,768.695,0.1300914542912146,20909343389,768.69,768.7,402,91,1255341.1667200003,1838036.6700300002,1007150.0498300001,1360144.0209200003,23683.355800000005,5460.200850000003,785424.6436699997,1023964.6586700004,1624925.1538800003,1653687.9422700007,3338986.8951299977,4206969.371560001,6141731.983770007,5362236.119729989
2026-10-07T17:51:56.460099+00:00,obs-20261007-01,LIGHT,AAVEUSDT,1.0,170.82,170.83,170.825,0.5854115443160168,10439072162,170.82,170.83,276,48,1073729.5393900005,911105.2192800001,1173490.8302300002,780409.5296199999,10924.375730000002,3708.6987299999996,125974.02058,175631.76772000003,672963.35114,224314.74433000005,733848.7486899999,298129.91334,1317829.241809999,324300.8627400002
2026-10-07T17:51:56.460099+00:00,obs-20261007-01,LIGHT,AVAXUSDT,1.0,11.205,11.206,11.2055,0.8924587237846282,10518990464,11.205,11.206,355,39,1426063.0050700002,528883.6726799998,1491285.7280600003,497891.29872,2325.72197,1740.7982300000003,197396.52705,124133.35962,345784.6190400001,227614.9767,441781.19060000003,305577.26070999994,614336.6438999998,410903.8010100001
2026-10-07T17:51:56.460099+00:00,obs-20261007-01,LIGHT,FILUSDT,1.0,1.0218,1.0219,1.0218500000000001,0.978665100801468,9894990653,1.0218,1.0219,366,43,287151.92998099996,220771.86620400008,270777.4623819999,195931.75535400017,3172.840483000001,2694.3874020000003,105697.402439,91046.70877599997,213382.26363699994,153411.13015799993,348231.25175799994,209625.20383399993,397754.620009,284621.4976239999
2026-10-07T17:51:56.460099+00:00,obs-20261007-01,LIGHT,ALGOUSDT,1.0,0.1164,0.1165,0.11645,8.59106529209619,5664301787,0.1164,0.1165,122,3,86046.805,54966.70210000001,91720.77199999997,47831.22159999999,212.6125,474.02200000000005,50084.017,29770.2751,104171.3923,72903.084,141188.585,103595.4853,178247.9344,122208.34070000002
2026-10-07T17:51:56.460099+00:00,obs-20261007-01,LIGHT,XRPUSDT,1.0,1.417,1.4171,1.4170500000000001,0.70571630204741,26676929128,1.417,1.4171,555,78,2412841.9124299996,2320630.1748300004,2672099.0871099983,1761914.0677599998,53148.56785000002,37864.92434000001,952498.8520499996,1153943.5431799998,1745584.2580100002,1623925.2750699997,2653442.304879999,2573398.493569999,4008515.269139999,2720293.8113999995
2026-10-07T17:51:56.460099+00:00,obs-20261007-01,LIGHT,HBARUSDT,1.0,0.09192,0.09193,0.091925,1.087902523932982,8392757839,0.09192,0.09193,293,31,728447.1231499993,975296.1965899997,724810.4941300002,949149.60255,953.7869900000001,4677.614850000001,135857.85459999996,131959.70302,237289.82340999998,259752.86511000004,496955.98935999995,412910.94442000025,871384.6770699996,791093.4172000001
2026-10-07T17:52:56.490588+00:00,obs-20261007-01,LIGHT,PEPEUSDT,1.0,4.01e-06,4.02e-06,4.015e-06,24.937655860348684,8827876294,4.01e-06,4.02e-06,188,14,687408.1570632105,339512.91066990007,640681.9162606698,269081.5276266699,981.2346950799999,1364.1578670599997,118206.95820038998,79754.98663428,308502.92340439,248635.54076722002,540713.50911306,575966.87700164,777573.8142940899,988492.92042134
2026-10-07T17:52:56.490588+00:00,obs-20261007-01,LIGHT,BNBUSDT,1.0,768.99,769.0,768.995,0.13004070273936463,20909350045,768.99,769.0,409,141,2822684.0178599996,2379280.7902399986,2766245.7492400003,2533322.5907499986,42467.438530000014,12132.347319999995,880398.1235399997,941248.75547,1562713.1709799997,1709031.9931299996,3390301.991459997,4079203.5619500005,6179756.486780007,5326538.724669989
2026-10-07T17:52:56.490588+00:00,obs-20261007-01,LIGHT,AAVEUSDT,1.0,170.97,170.98,170.975,0.5848979353095807,10439077477,170.97,170.98,425,85,1160237.2963299998,1141048.6207599998,1137815.0983300006,1244363.8677499997,5544.348140000001,5390.12046,129745.341,66807.21833999999,206936.83621000012,131424.38579999996,742920.5401699999,195447.31894999993,1335086.4673699997,222914.70897999994
2026-10-07T17:52:56.490588+00:00,obs-20261007-01,LIGHT,AVAXUSDT,1.0,11.208,11.209,11.2085,0.8922198429694994,10518996406,11.208,11.209,422,73,2191005.8575100005,749279.6198500001,2169597.4744100017,755906.0150499998,15858.813709999995,4503.260489999999,211020.14965999994,130146.52535,358516.2482399998,235368.42898999996,463123.2290999997,298975.9967499998,635726.1139699994,402674.3644699999
2026-10-07T17:52:56.490588+00:00,obs-20261007-01,LIGHT,FILUSDT,1.0,1.0215,1.0217,1.0216,1.9579050416052013,9894994196,1.0215,1.0217,371,44,431418.51157200034,347364.8597259996,432316.23181699985,340627.77251899993,2709.1868059999997,1042.951211,92380.06919000001,75025.579785,205729.670559,159830.11210799994,347530.114271,216337.2564189999,399083.9125630001,287945.98467899987
2026-10-07T17:52:56.490588+00:00,obs-20261007-01,LIGHT,ALGOUSDT,1.0,0.1164,0.1166,0.11649999999999999,17.18213058419238,5664302699,0.1164,0.1166,186,4,133586.92820000002,67301.94460000002,120303.30210000002,68343.0445,1141.1856,1642.873,38701.9867,26741.894099999998,95767.7142,67312.8867,149895.147,101139.30459999999,191531.67549999998,115671.8779
2026-10-07T17:52:56.490588+00:00,obs-20261007-01,LIGHT,XRPUSDT,1.0,1.417,1.4171,1.4170500000000001,0.70571630204741,26676936281,1.417,1.4171,477,129,3863189.889830002,4279956.515239996,3756221.9576700004,4659720.607310004,80341.97068000003,104374.81188999998,1008490.09923,884074.13789,1812697.2319900002,1246074.8797600002,2753207.0480899992,2193634.331039999,4114141.3527300004,2342455.14333
2026-10-07T17:52:56.490588+00:00,obs-20261007-01,LIGHT,HBARUSDT,1.0,0.09188,0.09189,0.091885,1.088376142794889,8392761434,0.09188,0.09189,389,150,613661.2136399996,813312.0207300002,609239.7684799999,820614.4793200002,3143.67958,6745.502519999987,146510.55378999995,120056.56173999999,254050.50031999993,255458.0852,514071.9316799998,402511.7600200001,886888.4391699994,781205.26564
2026-10-07T17:53:56.517120+00:00,obs-20261007-01,LIGHT,PEPEUSDT,1.0,4.01e-06,4.02e-06,4.015e-06,24.937655860348684,8827876686,4.01e-06,4.02e-06,141,9,333659.61897821,195294.99515783,328257.1461235201,224851.99443323995,33.40323985,1005.4128379199999,130399.74151982999,52367.156842619996,305356.78903983,219888.40098261,546115.98196775,546409.8777262301,784066.05982671,984792.0226915901
2026-10-07T17:53:56.517120+00:00,obs-20261007-01,LIGHT,BNBUSDT,1.0,768.88,768.89,768.885,0.13005930704412805,20909354326,768.88,768.89,353,102,1285071.0099300004,1381206.3246100005,1302627.4726400005,1366146.9222699993,18903.829260000002,2617.2143899999996,825877.5460399996,946112.8351900004,1555342.1155200002,1627456.6306999996,3373057.633229997,4076648.87402,6163611.546550008,5339647.714379989
2026-10-07T17:53:56.517120+00:00,obs-20261007-01,LIGHT,AAVEUSDT,1.0,171.03,171.04,171.035,0.5846927439634442,10439079944,171.03,171.04,277,26,766308.7819400002,1014672.5417999997,559387.6267700001,1015227.4477699999,508.08966000000004,2269.9518199999998,316105.16479,78107.36201000003,374533.34339999995,136931.20136,941860.0137599998,195052.87339999995,1539598.2798299994,223446.35347999996
2026-10-07T17:53:56.517120+00:00,obs-20261007-01,LIGHT,AVAXUSDT,1.0,11.21,11.211,11.2105,0.892060660124816,10519000296,11.21,11.211,372,50,1613905.1471899983,527898.5040800002,1580493.1000800007,539866.69937,4301.5089,7249.351899999999,222914.14974000002,121874.77956000001,345330.66751,235688.54648999992,496508.8636399999,293088.2729399998,669022.1628399995,391733.92731
2026-10-07T17:53:56.517120+00:00,obs-20261007-01,LIGHT,FILUSDT,1.0,1.0224,1.0226,1.0225,1.9561815336466282,9894996100,1.0224,1.0226,322,25,405778.8527270001,130338.970588,391690.1431190001,148204.27149900008,574.6940030000001,9502.146483000002,83000.11233,90371.04925399998,176694.16199099994,166916.88882299996,329172.12626899994,198656.18176999997,410107.14099700004,276355.1258950001
2026-10-07T17:53:56.517120+00:00,obs-20261007-01,LIGHT,ALGOUSDT,1.0,0.1165,0.1166,0.11655,8.58369098712286,5664303458,0.1165,0.1166,168,4,193743.18269999998,37968.68470000001,172781.5903,44265.33210000002,550.822,1238.5357000000001,71795.3602,33564.5533,139157.1966,69097.8288,170856.73940000002,96759.284,208368.7873,109375.23050000002
2026-10-07T17:53:56.517120+00:00,obs-20261007-01,LIGHT,XRPUSDT,1.0,1.4173,1.4174,1.4173499999999999,0.7055669230227046,26676940750,1.4173,1.4174,445,81,2395313.243989999,2728390.9616700015,2245653.3401899994,2749274.385759999,61292.25505000001,97542.97468999997,1135001.09618,947645.4415700001,1598379.8205100012,1467524.1989,2900443.683880001,2173454.3360599987,4248161.125720001,2322188.04178
2026-10-07T17:53:56.517120+00:00,obs-20261007-01,LIGHT,HBARUSDT,1.0,0.09188,0.09189,0.091885,1.088376142794889,8392763335,0.09188,0.09189,309,76,262274.38258,438451.7593799999,256217.75122000003,433289.99539999996,1329.25941,4049.9744700000024,145627.11728,129014.90130000001,259459.61518999995,256665.34162,520128.5630399999,407673.52400000003,892945.1242799996,782848.84401
2026-10-07T17:54:56.527365+00:00,obs-20261007-01,LIGHT,PEPEUSDT,1.0,4.01e-06,4.02e-06,4.015e-06,24.937655860348684,8827877160,4.01e-06,4.02e-06,127,21,181323.51042946,418073.38765023014,192520.47867395004,450760.5822510901,295.0547734399999,707.40373356,118871.63101458,93810.65059067999,293663.65839858,273086.17550813,534919.01372326,513722.68312537,773478.8898557001,828945.39081264
2026-10-07T17:54:56.527365+00:00,obs-20261007-01,LIGHT,BNBUSDT,1.0,768.66,768.67,768.665,0.1300965316253233,20909359092,768.66,768.67,373,108,1596815.3429100001,1902154.990209999,1621943.7628299992,1877868.5006599994,49065.4758,48205.71047,777633.3364000001,979084.0103100003,1642844.5093200011,1608926.58225,3369122.3279799987,4092054.526,6157197.483760009,5360073.00396999
2026-10-07T17:54:56.527365+00:00,obs-20261007-01,LIGHT,AAVEUSDT,1.0,170.9,170.91,170.905,0.5851375073140375,10439082717,170.9,170.91,228,37,1118647.57927,923112.61192,1269868.6407099997,862627.3690499999,5323.343919999999,647.46362,189598.10608000003,138545.94174999997,272712.7361300001,194909.09443999993,808860.8347199999,252477.80558999983,1392059.96215,280497.2715699999
2026-10-07T17:54:56.527365+00:00,obs-20261007-01,LIGHT,AVAXUSDT,1.0,11.198,11.199,11.1985,0.8930166101084325,10519004851,11.199,11.2,347,65,1714542.3935399996,590065.1495999998,1778898.0032000002,567363.0713600004,31919.839799999994,13165.07511,218334.13920000003,117377.87193999997,329552.96057999996,219270.38869999995,432659.6171799998,309601.46885999985,618820.9610799993,413120.0915799999
2026-10-07T17:54:56.527365+00:00,obs-20261007-01,LIGHT,FILUSDT,1.0,1.0218,1.0219,1.0218500000000001,0.978665100801468,9894998996,1.0218,1.0219,356,36,430048.6627839999,251877.68982199993,441002.34945900016,231359.83310400005,4004.15686,1086.3055749999999,96515.19500899999,90169.63281099999,215706.240668,160309.01723099998,333928.303413,223046.740936,382263.8624200001,295062.9235390001
2026-10-07T17:54:56.527365+00:00,obs-20261007-01,LIGHT,ALGOUSDT,1.0,0.1165,0.1166,0.11655,8.58369098712286,5664304170,0.1165,0.1166,143,4,151556.4039,48972.289700000016,155618.9486,39521.70499999999,465.46719999999993,156.1274,53244.4959,38405.489799999996,108580.0715,76491.7279,166794.1947,101733.4687,200394.21969999996,120234.12160000001
2026-10-07T17:54:56.527365+00:00,obs-20261007-01,LIGHT,XRPUSDT,1.0,1.4159,1.416,1.41595,0.7062645667055278,26676944898,1.4159,1.416,412,80,1818190.8720699993,3037426.5818899996,2173782.534649998,2605977.478800001,101455.88411000003,15724.485049999994,924623.6075299998,1255753.2657199998,1679669.99471,1657439.7833099996,2610333.1244099997,2603716.540289999,3935852.651839999,2754897.92021
2026-10-07T17:54:56.527365+00:00,obs-20261007-01,LIGHT,HBARUSDT,1.0,0.09182,0.09183,0.09182499999999999,1.089087344805506,8392765478,0.09182,0.09183,318,69,274381.73326999997,238456.72294,282379.84965,211683.59737000003,4748.553559999999,4277.620229999997,131974.4738,137756.32434999998,238277.86124000006,225081.03001000002,512264.6832900001,427219.61053000006,910117.7283399998,799372.9946499999
2026-10-07T17:55:56.569653+00:00,obs-20261007-01,LIGHT,PEPEUSDT,1.0,4.01e-06,4.02e-06,4.015e-06,24.937655860348684,8827877723,4.01e-06,4.02e-06,121,18,206201.39868793002,192609.96875902,271381.51669754,258447.27992887993,366.00865208,6759.44173938,135214.26841731998,57691.285239599994,278279.95179732,207298.26624607,469738.89571365,447885.37195551,708294.4907915799,794731.77720572
2026-10-07T17:55:56.569653+00:00,obs-20261007-01,LIGHT,BNBUSDT,1.0,768.56,768.57,768.565,0.13011345893820803,20909362591,768.56,768.57,303,121,1029887.2630700006,969617.90061,1166580.8413000007,1091463.9440699995,157901.17065,6991.824670000002,698906.43747,812835.7478200003,1510052.7863400003,1486826.5400199997,3233528.998099998,3969588.9830300002,6021321.092350009,5228116.593789987
2026-10-07T17:55:56.569653+00:00,obs-20261007-01,LIGHT,AAVEUSDT,1.0,170.96,170.97,170.965,0.5849321478712532,10439084144,170.96,170.97,239,20,302605.56318,670876.0682800002,350281.29174,702056.7376200001,870.1318200000001,1027.1946400000002,142343.50088000004,99354.16976,200089.97191000014,165687.46412999995,751037.49056,224196.98650999987,1335143.3492899998,249456.59241999988
2026-10-07T17:55:56.569653+00:00,obs-20261007-01,LIGHT,AVAXUSDT,1.0,11.202,11.203,11.2025,0.8926977325462992,10519007489,11.202,11.203,311,33,714031.40833,384713.71321999986,713560.1250699996,399246.3308000001,2503.72379,4477.337189999998,203981.12104,106278.86820999997,318543.5624499999,217044.32306999998,433060.03881999996,295087.4053199999,619077.4423299994,399563.35355999996
2026-10-07T17:55:56.569653+00:00,obs-20261007-01,LIGHT,FILUSDT,1.0,1.0224,1.0225,1.02245,0.9780907668233141,9895000586,1.0224,1.0225,297,15,220348.51354,136843.76109799993,226747.39291299984,170236.13679300004,1305.264195,180.22646099999997,75737.20575099999,72484.924761,164996.26212999996,140126.354086,303476.3521949998,189813.55688100003,375112.86617899995,267496.8269320001
2026-10-07T17:55:56.569653+00:00,obs-20261007-01,LIGHT,ALGOUSDT,1.0,0.1165,0.1166,0.11655,8.58369098712286,5664304843,0.1165,0.1166,204,2,133361.80330000003,23060.424300000006,137929.13540000003,31239.650199999982,63.2595,34.1638,59819.5695,31613.7109,114313.24070000001,68191.25970000001,162226.8626,93554.24280000002,195826.98199999996,112054.80130000004
2026-10-07T17:55:56.569653+00:00,obs-20261007-01,LIGHT,XRPUSDT,1.0,1.4168,1.4169,1.4168500000000002,0.70581592320762,26676947764,1.4168,1.4169,395,72,1508350.4334900007,1128613.8326299994,1509875.1640299999,1922797.61133,27537.393619999995,46123.10328999998,752129.58924,944229.42387,1614135.3658300007,1109268.46088,2546112.7675999994,1924226.0512399995,3887772.404949999,2076849.7407199994
2026-10-07T17:55:56.569653+00:00,obs-20261007-01,LIGHT,HBARUSDT,1.0,0.09189,0.0919,0.091895,1.0882576994220017,8392766669,0.09189,0.0919,232,27,162543.55150000003,120789.68653999998,170517.51911999992,167554.43748000005,696.1167999999999,6252.35044,126637.36526999998,107466.90704,241023.50780000002,232861.76334999996,504156.47903999995,388482.57050000003,876515.5841699996,753866.01686
2026-10-07T17:56:56.580289+00:00,obs-20261007-01,LIGHT,PEPEUSDT,1.0,4.02e-06,4.03e-06,4.025e-06,24.875621890549926,8827878259,4.02e-06,4.03e-06,167,29,262157.96446801996,156581.55622235002,197373.71692868997,214945.09912156008,2028.2195806799998,9310.51170041,76072.80344291999,114928.41063314001,206099.99256038998,267617.75321830006,433494.29216973996,492108.77178128005,711442.1581306199,890878.0396441201
2026-10-07T17:56:56.580289+00:00,obs-20261007-01,LIGHT,BNBUSDT,1.0,768.74,768.75,768.745,0.13008299294847703,20909367456,768.74,768.75,438,171,4906126.59344,2614923.7425599988,4854288.863680002,2635766.84188,160673.56694000002,27906.274069999996,689020.0218199999,857910.37776,1551473.1279000007,1511208.3208700002,3267713.198639999,3950529.1711900006,6070201.5214900095,5230687.5624799915
2026-10-07T17:56:56.580289+00:00,obs-20261007-01,LIGHT,AAVEUSDT,1.0,171.16,171.17,171.165,0.5842486562279703,10439085813,171.16,171.17,229,16,875640.45392,540221.8387399999,812501.0962799997,589130.8011800001,228.30469,882.0074200000003,173327.86377999999,67960.58524,245651.11350000004,135820.88025000002,801695.3279300001,177698.4193,1398406.0150300001,203393.99085999996
2026-10-07T17:56:56.580289+00:00,obs-20261007-01,LIGHT,AVAXUSDT,1.0,11.216,11.217,11.2165,0.8915834522116306,10519010622,11.216,11.217,324,40,1500203.22011,412955.76464999985,1449757.8745999997,436701.52838000015,838.3505200000001,15408.53367,199689.47373,134352.36542000002,299011.98607,234925.07695000002,429895.6905399999,277697.44764999993,652146.5417299997,377421.3264900001
2026-10-07T17:56:56.580289+00:00,obs-20261007-01,LIGHT,FILUSDT,1.0,1.0227,1.0228,1.0227499999999998,0.9778038525465327,9895002454,1.0227,1.0228,316,23,297765.0471349999,155149.51150299996,285433.53212200006,162975.2703760001,688.7960719999999,817.248378,88087.364714,75686.98707999998,187234.53831600002,144624.01652999994,292210.5255799999,182651.33167299995,386748.090758,263647.393323
2026-10-07T17:56:56.580289+00:00,obs-20261007-01,LIGHT,ALGOUSDT,1.0,0.1165,0.1166,0.11655,8.58369098712286,5664305389,0.1165,0.1166,108,3,76745.5756,25936.101999999995,74593.82630000002,25487.4611,123.2902,257.9192,78146.0289,31941.4257,128872.01939999999,68509.011,164378.61190000002,94002.8837,197513.0598,112503.53660000002
2026-10-07T17:56:56.580289+00:00,obs-20261007-01,LIGHT,XRPUSDT,1.0,1.4175,1.4176,1.4175499999999999,0.7054673721329507,26676950932,1.4175,1.4176,398,82,1879198.4039299989,1539327.0184099998,1833932.0628099989,1681565.9827899996,70545.91221000001,43327.24460999999,807924.4772699999,728162.5036099998,1309416.00432,1262299.9703699998,2587973.19543,1793691.5187799993,4018481.4871699987,2040170.757429999
2026-10-07T17:56:56.580289+00:00,obs-20261007-01,LIGHT,HBARUSDT,1.0,0.09203,0.09204,0.092035,1.0866021949351712,8392768331,0.09203,0.09204,306,27,772224.7298300003,223270.1428599999,757965.6709899994,268140.67665999994,731.52151,1796.7178700000002,107049.90220999999,119987.45007,219271.72074999998,206366.94621,395212.3079799998,359615.67539,889829.5732699996,719312.1977600001
2026-10-07T17:57:56.584220+00:00,obs-20261007-01,LIGHT,PEPEUSDT,1.0,4.02e-06,4.03e-06,4.025e-06,24.875621890549926,8827879293,4.02e-06,4.03e-06,159,22,263549.30253392,301308.80916108005,264791.60723476997,289932.39120964,5373.6952194000005,8474.35792147,143049.82279265998,6173.99001947,231561.16251763998,190255.60989527,426484.13243790995,498713.79465878004,707240.0051559,840464.5082738801
2026-10-07T17:57:56.584220+00:00,obs-20261007-01,LIGHT,BNBUSDT,1.0,769.45,769.46,769.455,0.129962960555563,20909372228,769.45,769.46,354,152,3835819.8522599996,3762919.23395,4055845.0304300017,4125318.709550002,19257.90356,71390.63333999997,600721.5403000001,758625.8556599998,1347660.474630001,1567249.0752400002,3030982.143669998,3769899.5594699997,5594630.385190001,5041601.588829993
2026-10-07T17:57:56.584220+00:00,obs-20261007-01,LIGHT,AAVEUSDT,1.0,171.34,171.35,171.345,0.583634878019712,10439087926,171.34,171.35,310,41,1168552.8130900005,966713.5423699999,1029788.9280100003,974831.7595399994,5234.7843,5970.47052,302692.4045,69249.94582000001,389711.1968,128709.17562000001,931253.9479300001,171147.52998,1522537.5517900004,210401.3067399999
2026-10-07T17:57:56.584220+00:00,obs-20261007-01,LIGHT,AVAXUSDT,1.0,11.245,11.246,11.2455,0.8892841262797546,10519014687,11.245,11.246,368,58,1542805.2127199995,536773.92777,1484838.0862500002,591237.4762499997,3331.6780400000007,15782.855890000003,217959.68852999996,132304.71492,357592.31556,198769.09567000007,464864.69142999995,237397.59093000012,570919.7873100003,329611.4446600002
2026-10-07T17:57:56.584220+00:00,obs-20261007-01,LIGHT,FILUSDT,1.0,1.0239,1.024,1.0239500000000001,0.9766578767456124,9895004318,1.0239,1.024,327,27,269860.57783900003,193218.45562799994,253468.31501499994,199501.7668359999,1333.545513,1264.544953,94496.99368,87650.45958399997,158412.36856699997,136776.19616299996,301502.386187,184007.560028,402488.77477600006,264943.01801299996
2026-10-07T17:57:56.584220+00:00,obs-20261007-01,LIGHT,ALGOUSDT,1.0,0.1167,0.1168,0.11674999999999999,8.568980291345785,5664306137,0.1167,0.1168,179,3,104083.71840000003,68181.24830000002,116729.43399999998,78940.7221,15.171,3097.218,51715.152799999996,17954.8505,107079.9591,59067.783,140609.7913,88676.80410000001,175963.3617,102602.57590000003
2026-10-07T17:57:56.584220+00:00,obs-20261007-01,LIGHT,XRPUSDT,1.0,1.4182,1.4183,1.41825,0.7051191651386013,26676954419,1.4182,1.4183,416,67,2358628.3252,2521017.5373299997,2166777.9985399987,2358740.9175899993,27368.568819999997,73559.79639,889734.52637,688800.83813,1642895.9467000007,1060674.92523,2757814.2907700026,1957599.7261599996,4154764.0234200014,2095051.55497
2026-10-07T17:57:56.584220+00:00,obs-20261007-01,LIGHT,HBARUSDT,1.0,0.09209,0.0921,0.09209500000000001,1.0858942339009303,8392769756,0.09209,0.0921,265,33,927093.2055899998,354205.62083000015,934829.6638599993,374129.5820900002,1566.96317,2606.5898100000004,131074.37701,118320.43548,235392.59080999997,190583.06695999997,381935.20573999995,341758.76431999996,882520.3078999998,695462.9546400002
2026-10-07T17:58:56.597123+00:00,obs-20261007-01,LIGHT,PEPEUSDT,1.0,4.02e-06,4.03e-06,4.025e-06,24.875621890549926,8827879710,4.02e-06,4.03e-06,121,14,300989.3580990799,345680.07896154997,283714.57648592,268221.37624253007,189.00242255999999,2205.70094199,119497.60686101999,113040.03123023002,229372.70600202,276631.47920087003,443758.91405106994,576172.4973778,708107.0828467899,887543.8737101601
2026-10-07T17:58:56.597123+00:00,obs-20261007-01,LIGHT,BNBUSDT,1.0,769.45,769.46,769.455,0.129962960555563,20909374563,769.45,769.46,393,63,1062384.4767399996,1163630.35521,906007.9200699999,970914.3294699998,3609.58045,11392.901310000001,583056.92319,847749.8337599997,1347002.8450900011,1601141.9240299994,3187358.7003399977,3962615.5852099992,5741156.456310007,5233054.59860999
2026-10-07T17:58:56.597123+00:00,obs-20261007-01,LIGHT,AAVEUSDT,1.0,171.21,171.22,171.215,0.5840780328236761,10439089274,171.21,171.22,255,19,1405084.7848699999,771398.8530300002,1551230.7226099996,731578.6541599999,901.6744600000003,489.97751,186956.24808,95709.20457999999,256418.44631000003,165546.3772099999,791345.6473000001,209958.5200999998,1388425.0488800004,237025.8232199997
2026-10-07T17:58:56.597123+00:00,obs-20261007-01,LIGHT,AVAXUSDT,1.0,11.242,11.243,11.2425,0.8895214374660121,10519018261,11.242,11.243,369,59,1298322.41473,570209.8571299999,1348482.7766300004,542595.78036,11784.986910000001,11190.408260000002,199356.94477000003,125707.59842,345457.68368000013,209291.62491999997,414736.16901000007,264967.03958000004,523445.4684100001,356170.6781600001
2026-10-07T17:58:56.597123+00:00,obs-20261007-01,LIGHT,FILUSDT,1.0,1.0232,1.0233,1.02325,0.9773260359646763,9895005573,1.0232,1.0233,269,21,218898.1469470001,94202.58544200007,236243.73500800013,93899.63608599997,3718.467479000001,298.65350500000005,89690.03646700001,66500.96367799999,179038.242923,118230.39219399996,284664.98276399996,180175.56454100003,387975.03418,261035.38522199998
2026-10-07T17:58:56.597123+00:00,obs-20261007-01,LIGHT,ALGOUSDT,1.0,0.1167,0.1168,0.11674999999999999,8.568980291345785,5664306540,0.1167,0.1168,147,0,22379.075200000007,21680.89020000001,25692.393299999996,24457.462300000007,0.0,0.0,42933.7547,18148.1487,103793.3959,56160.4273,137296.4732,85900.232,172650.0436,99826.00380000002
2026-10-07T17:58:56.597123+00:00,obs-20261007-01,LIGHT,XRPUSDT,1.0,1.4183,1.4184,1.41835,0.7050694493426768,26676957262,1.4183,1.4184,376,91,1769698.6178199989,1914534.0345499995,1819017.8012,1928778.477740001,234118.24972999995,23000.161319999992,735102.00543,849085.9198799996,1649943.7335800002,1177444.2353699994,2708290.9512500013,1943897.272599999,4175956.91686,2081439.4877799996
2026-10-07T17:58:56.597123+00:00,obs-20261007-01,LIGHT,HBARUSDT,1.0,0.09211,0.09212,0.092115,1.08565845185149,8392770661,0.09211,0.09212,209,33,213576.98490000007,124955.03386999996,170449.79426000005,128315.73018,34.06832,3642.4472299999993,164743.87988,116148.29586999999,278497.77906,187798.43548999997,425038.77963999996,340220.5324699999,921387.33898,692102.2583300002
2026-10-07T17:59:56.597176+00:00,obs-20261007-01,LIGHT,PEPEUSDT,1.0,4.02e-06,4.03e-06,4.025e-06,24.875621890549926,8827879913,4.02e-06,4.03e-06,100,8,213553.62397232,293884.95792545,212650.58721567996,302955.81571746996,0.0,1244.3040493000003,126600.72420125999,93181.46989684,230871.79075865998,257960.60591912002,444661.95080770995,567101.63958578,699827.98278936,878601.05714948
2026-10-07T17:59:56.597176+00:00,obs-20261007-01,LIGHT,BNBUSDT,1.0,769.45,769.46,769.455,0.129962960555563,20909377183,769.45,769.46,346,75,843503.9227899996,1277691.8808799991,1416007.8651000008,1754460.1113200008,10912.949150000002,23936.634140000002,477362.4866000001,653683.5902299997,1082080.983580001,1358453.0679499994,2615602.0445900005,3485847.354769999,4958589.625779999,4537175.566949997
2026-10-07T17:59:56.597176+00:00,obs-20261007-01,LIGHT,AAVEUSDT,1.0,171.25,171.26,171.255,0.5839416058384117,10439090519,171.25,171.26,300,14,4769087.643519996,367305.13831,4703030.715179995,378163.7953200001,164.73647000000003,575.6557599999999,227051.46181,87248.05843,280333.8755,131670.88319999998,857304.9232600002,199291.4695299999,1473830.05499,245290.2331299998
2026-10-07T17:59:56.597176+00:00,obs-20261007-01,LIGHT,AVAXUSDT,1.0,11.256,11.257,11.256499999999999,0.8884150675192437,10519021462,11.256,11.257,337,42,1231984.60357,401490.1138399999,1278267.3859299987,476044.86922000034,3332.65654,7761.018820000001,145916.02612999998,91936.36806000001,245410.66487,149242.50396999996,364750.07982000004,192055.40581000003,488209.38039999973,285810.71643999993
2026-10-07T17:59:56.597176+00:00,obs-20261007-01,LIGHT,FILUSDT,1.0,1.0241,1.0242,1.0241500000000001,0.9764671418799331,9895006653,1.0241,1.0242,250,12,163988.00852299997,109411.65193599998,172379.35263700006,126929.05746800001,857.4885879999999,209.219621,52174.049218,54306.190573,122170.00054900002,98396.08777400001,272283.587809,170840.51794600007,400921.98832599993,254558.39097199996
2026-10-07T17:59:56.597176+00:00,obs-20261007-01,LIGHT,ALGOUSDT,1.0,0.1168,0.1169,0.11685000000000001,8.561643835616195,5664306958,0.1168,0.1169,121,2,99629.39109999996,44611.778300000005,104081.52400000002,47484.79480000001,0.0,201.2464,15835.209499999999,21876.0477,52316.5403,46779.9442,127619.6827,88500.9995,184714.3212,101095.23840000002
2026-10-07T17:59:56.597176+00:00,obs-20261007-01,LIGHT,XRPUSDT,1.0,1.4191,1.4192,1.4191500000000001,0.7046719751957475,26676961164,1.4191,1.4192,529,65,2241089.9270399995,2918032.74162,2132991.48902,2995495.8556899996,55776.140960000004,24856.0522,822452.65569,690338.57659,1601186.2336300004,1071616.0058700002,2792535.8289300017,1971871.8865500002,4185669.490770001,2119839.206619999
2026-10-07T17:59:56.597176+00:00,obs-20261007-01,LIGHT,HBARUSDT,1.0,0.09218,0.09219,0.09218499999999999,1.0848340203950535,8392772109,0.09218,0.09219,209,77,737568.68164,173955.86183000007,774607.1112900004,213941.98052999997,1031.60415,8800.62129,111492.2205,78238.64090999999,161231.66439000002,156502.61985000002,387494.79796000005,301981.55123999994,919186.8390400001,674096.1566600002
2026-10-07T18:00:56.644277+00:00,obs-20261007-01,LIGHT,PEPEUSDT,1.0,4.03e-06,4.04e-06,4.035e-06,24.81389578163684,8827880724,4.03e-06,4.04e-06,212,11,545420.1787428501,266567.48440718005,524643.2919299899,447073.21488266985,2.99999648,1605.13635705,55649.104374890005,152558.84894088,183078.80588537,270086.10025683,377838.53088152,491154.46533307,681932.3736168,862070.64624629
2026-10-07T18:00:56.644277+00:00,obs-20261007-01,LIGHT,BNBUSDT,1.0,769.91,769.92,769.915,0.12988531127078318,20909382564,769.91,769.92,467,144,4080297.2774199992,3168129.2193099987,3932019.754209999,3088663.1372099994,1087.71034,40641.63444999999,515063.3662999998,621653.5056,1051234.3776500004,1363129.1228700008,2734032.295179997,3570066.6262300014,5170476.910160002,4622718.658030001
2026-10-07T18:00:56.644277+00:00,obs-20261007-01,LIGHT,AAVEUSDT,1.0,171.38,171.39,171.385,0.5834986579533741,10439092380,171.38,171.39,267,36,633140.0146000005,302326.3199699997,693677.6617899999,350803.6597099998,1211.3854200000003,2750.6941899999997,160651.4464,53171.88571,205621.03367000003,109344.51867000003,786027.2535500001,153339.68557,1410086.20545,202394.8053199999
2026-10-07T18:00:56.644277+00:00,obs-20261007-01,LIGHT,AVAXUSDT,1.0,11.267,11.268,11.2675,0.887547705690217,10519026989,11.267,11.268,437,141,1839968.2102299982,747737.4901799994,1805189.0163399985,688147.6586699998,67036.78068,104397.04423000001,135101.22641,96854.84124,230331.83244,158744.02992999996,387919.12554999994,251898.61865000002,533832.2159699998,362057.57212
2026-10-07T18:00:56.644277+00:00,obs-20261007-01,LIGHT,FILUSDT,1.0,1.024,1.0242,1.0241,1.953125000000444,9895008860,1.024,1.0242,360,35,258415.32131999996,170038.63608700002,258662.33813299987,160037.57312400008,1944.5898800000004,378.741331,52929.222573,65205.136207999996,124450.67966400002,109936.426792,275667.86344199994,180841.5809090001,400761.60472299985,262568.36841800006
2026-10-07T18:00:56.644277+00:00,obs-20261007-01,LIGHT,ALGOUSDT,1.0,0.117,0.1171,0.11705,8.547008547008517,5664307799,0.117,0.1171,192,5,59184.2632,60150.470900000015,42762.37899999999,63388.35059999999,100.269,439.44539999999995,15012.5151,28322.2013,45061.8878,50661.2366,112953.4577,86872.28639999998,182165.17059999995,100829.9637
2026-10-07T18:00:56.644277+00:00,obs-20261007-01,LIGHT,XRPUSDT,1.0,1.4204,1.4205,1.4204500000000002,0.7040270346370114,26676968065,1.4204,1.4205,495,135,3409472.547219997,3797286.721430001,3590754.3388899993,3994486.92153,103291.03944999998,66610.25039000002,710084.1852800001,613380.2257500001,1224366.0434000003,1232742.0292100003,2564540.227690001,1908338.32715,3935064.05622,2699771.2775699995
2026-10-07T18:00:56.644277+00:00,obs-20261007-01,LIGHT,HBARUSDT,1.0,0.09233,0.09234,0.092335,1.0830715910326028,8392774955,0.09233,0.09234,393,150,1670606.2474799994,581425.9149000001,1664474.8374100002,574119.0609800002,3330.9116100000006,6800.786410000003,113663.28592,90618.80854,194824.58685000002,162104.14382,371726.06357,312177.65608999995,919988.7974200001,666311.3971299997
