timestamp_utc,session_id,mode,symbol,quote_to_usdt,best_bid,best_ask,mid_usdt,spread_bps,update_id,bookticker_bid,bookticker_ask,depth_events,agg_trades,bid_add_1pct_usd,ask_add_1pct_usd,bid_remove_1pct_usd,ask_remove_1pct_usd,taker_sell_quote_usd,taker_buy_quote_usd,bid_depth_25bps_usd,ask_depth_25bps_usd,bid_depth_50bps_usd,ask_depth_50bps_usd,bid_depth_100bps_usd,ask_depth_100bps_usd,bid_depth_200bps_usd,ask_depth_200bps_usd
2026-10-08T06:03:00.076518+00:00,obs-20261007-01,LIGHT,PEPEUSDT,1.0,4.01e-06,4.02e-06,4.015e-06,24.937655860348684,8828272388,,,0,0,0.0,0.0,0.0,0.0,0.0,0.0,106091.44306969999,277814.68730339996,330375.4213217,443534.34597316,599266.13846701,794755.1974116999,852106.374487,1166502.4913063701
2026-10-08T06:03:00.076518+00:00,obs-20261007-01,LIGHT,BNBUSDT,1.0,767.8,767.81,767.805,0.13024225058666516,20912332551,,,0,0,0.0,0.0,0.0,0.0,0.0,0.0,658270.2428300001,851210.3928800004,1392642.141920001,1526509.2427899993,3135952.4918300025,3251242.6659099986,6068942.859430013,5377948.80816999
2026-10-08T06:03:00.076518+00:00,obs-20261007-01,LIGHT,AAVEUSDT,1.0,172.15,172.16,172.155,0.5808887598024448,10441129361,,,0,0,0.0,0.0,0.0,0.0,0.0,0.0,102438.67248999997,100088.10134000004,205747.27274,144660.42725000004,282679.2619100001,202673.73350000015,807445.96925,237455.40617000023
2026-10-08T06:03:00.076518+00:00,obs-20261007-01,LIGHT,AVAXUSDT,1.0,10.832,10.833,10.8325,0.9231905465290069,10522535484,,,0,0,0.0,0.0,0.0,0.0,0.0,0.0,165609.70764,135984.97642,310561.38634,233403.70307999998,396753.1332500001,315611.324,448465.71604,333986.0047000001
2026-10-08T06:03:00.076518+00:00,obs-20261007-01,LIGHT,FILUSDT,1.0,1.0521,1.0522,1.0521500000000001,0.9504799923965024,9896769365,,,1,0,0.0,0.0,0.0,0.0,0.0,0.0,88141.39184400001,72831.625969,174253.247062,143677.25776600005,236071.25103999997,242401.92351600007,291345.41762599983,317318.095561
2026-10-08T06:03:00.076518+00:00,obs-20261007-01,LIGHT,ALGOUSDT,1.0,0.1172,0.1173,0.11725,8.532423208191808,5664763583,,,0,0,0.0,0.0,0.0,0.0,0.0,0.0,42026.4467,22446.0083,98837.0098,66987.3032,127293.61180000001,100141.20049999999,163183.9408,116506.63189999998
2026-10-08T06:03:00.076518+00:00,obs-20261007-01,LIGHT,XRPUSDT,1.0,1.3995,1.3996,1.39955,0.7145409074671427,26680422782,,,0,0,0.0,0.0,0.0,0.0,0.0,0.0,763075.4901899999,1107222.8512300004,1409189.17573,1279860.8868700003,2299850.7382799992,2202487.511020002,3140456.52084,2399881.9674600014
2026-10-08T06:03:00.076518+00:00,obs-20261007-01,LIGHT,HBARUSDT,1.0,0.09259,0.0926,0.09259500000000001,1.0800302408453533,8394212070,,,0,0,0.0,0.0,0.0,0.0,0.0,0.0,140650.37849,112445.05428999999,282636.53088,203123.47680999996,460749.4496799998,344723.4705299998,830251.3305599999,718165.7011799996
2026-10-08T06:04:00.080471+00:00,obs-20261007-01,LIGHT,PEPEUSDT,1.0,4.01e-06,4.02e-06,4.015e-06,24.937655860348684,8828273292,4.01e-06,4.02e-06,299,47,321499.99733871,494337.26259269065,333055.73848923,615514.6199328809,245.97554134,47902.187770139986,144499.85058256998,128560.66390505999,319921.78355856996,298772.22618725,587710.39731649,673577.84007151,841399.14694792,1085995.27076139
2026-10-08T06:04:00.080471+00:00,obs-20261007-01,LIGHT,BNBUSDT,1.0,768.16,768.17,768.165,0.1301812122478374,20912341846,768.16,768.17,550,193,5264515.696670001,5259597.588110001,5610824.054990006,5296747.775750001,7610.7453000000005,58332.79661999998,634852.7287900001,797475.15036,1358619.7596199997,1502512.4739099997,2679642.655690001,3294802.4666199987,5771388.452150005,5348773.053839995
2026-10-08T06:04:00.080471+00:00,obs-20261007-01,LIGHT,AAVEUSDT,1.0,172.27,172.28,172.275,0.580484123757774,10441141059,172.27,172.28,592,258,1852126.7455199994,1126084.3178199993,1839269.9484899992,1137421.2489599995,11196.519739999998,38708.19115999999,101095.67747,84122.38993,187846.99352999995,143862.83884000007,277312.6935099999,194143.6610400002,810543.12027,227227.96420000028
2026-10-08T06:04:00.080471+00:00,obs-20261007-01,LIGHT,AVAXUSDT,1.0,10.853,10.854,10.8535,0.9214042200311745,10522544032,10.853,10.854,511,130,3173243.436889998,749055.2864799999,3082736.6271699998,794345.80561,3031.92464,6407.953799999999,190439.33352000004,161834.31905999998,324298.31684000004,239679.70414,485302.74818999984,273032.37293,545429.4123300001,291105.1078000002
2026-10-08T06:04:00.080471+00:00,obs-20261007-01,LIGHT,FILUSDT,1.0,1.0539,1.054,1.05395,0.9488566277626731,9896774743,1.0539,1.054,491,64,639444.7328709997,389135.0666190001,583511.6412580003,431173.60465699976,3409.792153,3410.5652099999993,88682.82947000001,78696.642172,168485.02251699998,148754.837241,273010.22641000006,211755.16090999998,349419.86785999994,289454.69463499996
2026-10-08T06:04:00.080471+00:00,obs-20261007-01,LIGHT,ALGOUSDT,1.0,0.1175,0.1176,0.11754999999999999,8.510638297871687,5664764484,0.1175,0.1176,199,5,106336.2329,80236.79960000001,68891.02299999999,86793.98609999998,0.0,4266.6271,20422.829299999998,36197.981,69791.88070000001,74115.1006,152278.9684,99577.91070000001,186360.46919999996,113026.646
2026-10-08T06:04:00.080471+00:00,obs-20261007-01,LIGHT,XRPUSDT,1.0,1.4015,1.4016,1.4015499999999999,0.7135212272557645,26680433227,1.4015,1.4016,602,122,7008554.385990003,6674519.941779999,6589913.896650002,7051760.089269997,34151.48153,150222.95539999998,1091140.02661,841681.0288,1642168.2712400004,1205027.88151,2697193.4098500004,1849111.322660001,3535903.3048900007,2035401.2523000007
2026-10-08T06:04:00.080471+00:00,obs-20261007-01,LIGHT,HBARUSDT,1.0,0.09268,0.09269,0.09268499999999999,1.0789814415179677,8394215032,0.09268,0.09269,423,37,1034139.163350001,905647.03419,1031774.01012,905424.2110200002,3053.53699,3998.1826600000004,143347.00431,131482.48437999998,290057.95373999997,207049.91979999997,461703.64766999986,356892.4161599999,829293.2364200001,719436.6776699999
2026-10-08T06:05:00.081892+00:00,obs-20261007-01,LIGHT,PEPEUSDT,1.0,4.02e-06,4.03e-06,4.025e-06,24.875621890549926,8828274585,4.02e-06,4.03e-06,267,148,332906.7573974401,654422.56865451,295083.6864573001,831064.33016908,3597.5838752399995,129885.59266999998,119188.12344252,92354.78840029001,254187.68867242,293807.98925133003,511328.24085173,675403.1445256,791126.12488282,1096340.85908293
2026-10-08T06:05:00.081892+00:00,obs-20261007-01,LIGHT,BNBUSDT,1.0,769.04,769.05,769.045,0.13003224799801316,20912348261,769.04,769.05,440,138,6827232.36135,5013222.278220002,6300783.950990003,5268326.585710003,12286.721839999998,17516.079109999984,829451.4096199999,813230.9582499999,1422239.8960700002,1471252.973520001,2808993.980820001,3524551.3929400025,5949940.513540005,5329621.606159998
2026-10-08T06:05:00.081892+00:00,obs-20261007-01,LIGHT,AAVEUSDT,1.0,172.22,172.23,172.225,0.580652653581204,10441147927,172.22,172.23,430,99,1293397.2937200002,828469.6807899997,1291344.1222899999,819266.98791,9524.660710000002,7157.668949999998,103445.17629999999,91614.7504,215166.85841999998,138346.61615,281402.06028999994,195918.2621300001,806239.3410899999,230948.3109000002
2026-10-08T06:05:00.081892+00:00,obs-20261007-01,LIGHT,AVAXUSDT,1.0,10.878,10.879,10.878499999999999,0.9192866335716587,10522551476,10.878,10.879,477,89,2892104.764199997,703173.3154999998,2845457.936309999,744823.19049,3466.16314,1255.56827,183649.8402,133368.11685,351614.66722,208357.90785999995,491362.5309799998,239837.48270999995,530864.3092499998,259518.54359999998
2026-10-08T06:05:00.081892+00:00,obs-20261007-01,LIGHT,FILUSDT,1.0,1.0569,1.057,1.05695,0.9461633077867404,9896780627,1.0569,1.057,450,70,672700.9593360006,464662.48387099983,634146.7956889999,520987.34582900006,505.7792099999999,2794.9120370000014,72181.33032600001,83259.95389100004,164610.87309700003,146484.03725100006,291129.17050500005,184535.55601700002,368448.74662900006,248595.22657599996
2026-10-08T06:05:00.081892+00:00,obs-20261007-01,LIGHT,ALGOUSDT,1.0,0.1177,0.1178,0.11775,8.49617672047609,5664765576,0.1177,0.1178,182,6,185604.2201999999,82612.34679999997,166817.74320000003,89581.51499999996,121.48079999999999,3158.4514,28714.3502,29784.7304,85731.92730000001,71012.86319999999,158388.8529,96088.77599999998,191686.92769999997,113905.1069
2026-10-08T06:05:00.081892+00:00,obs-20261007-01,LIGHT,XRPUSDT,1.0,1.4029,1.403,1.4029500000000001,0.7128091809827097,26680440001,1.4029,1.403,478,74,4102112.8017599997,4550474.41452,4135161.491809999,4544530.788219998,23799.63966,76351.35431,1015646.8974300004,795844.4859799999,1598980.9712500006,1213930.67125,2645625.029460001,1861652.33887,3494636.348739999,2062217.9070499998
2026-10-08T06:05:00.081892+00:00,obs-20261007-01,LIGHT,HBARUSDT,1.0,0.09281,0.09282,0.09281500000000001,1.077470100203648,8394217526,0.09281,0.09282,354,23,1491926.9005299993,525811.90002,1463535.4353900002,533738.5126299998,4912.972410000001,2820.96567,144810.34693,110899.60601,299780.73414,198480.07774000004,482392.7259799999,349482.96636,848435.04242,713160.1870599999
2026-10-08T06:06:00.082270+00:00,obs-20261007-01,LIGHT,PEPEUSDT,1.0,4.02e-06,4.03e-06,4.025e-06,24.875621890549926,8828274892,4.02e-06,4.03e-06,139,12,99831.34217777001,236637.82747843995,73364.03573118002,223792.84496791,499.99999818,2754.3172140900006,120269.41127597999,85486.69433317,281173.91527468996,290843.46385093004,537795.54729832,688248.12703613,810748.5057317,1102274.48591454
2026-10-08T06:06:00.082270+00:00,obs-20261007-01,LIGHT,BNBUSDT,1.0,769.27,769.28,769.275,0.1299933703369227,20912352162,769.27,769.28,450,84,3053194.517050001,2173504.5327399997,2855927.419450002,2344506.4210800007,42222.95132000001,8701.3312,775823.4915499998,769101.7346199999,1494069.5955500007,1578286.2819599998,3000494.1091299998,3550362.590740001,5914323.129100009,5363588.125909998
2026-10-08T06:06:00.082270+00:00,obs-20261007-01,LIGHT,AAVEUSDT,1.0,172.39,172.4,172.39499999999998,0.5800800510491477,10441152778,172.39,172.4,436,73,801720.0236499994,644409.4266900001,780412.7435700002,656064.2359800006,3963.734039999999,3321.2519700000003,123642.87725,97983.70871,220199.99199,143387.9938900001,291347.58820000006,195267.00794000024,823551.3757600001,218716.83151000028
2026-10-08T06:06:00.082270+00:00,obs-20261007-01,LIGHT,AVAXUSDT,1.0,10.888,10.889,10.8885,0.9184423218222548,10522556598,10.888,10.889,408,58,1772328.8531000006,491513.0870299999,1756192.8213699982,483305.66274000047,7703.61103,2121.8731200000007,179580.31805,141683.87694000002,375586.73201000004,206132.39317999996,505668.5460799999,249811.32356999992,554495.3830999996,271109.3679899999
2026-10-08T06:06:00.082270+00:00,obs-20261007-01,LIGHT,FILUSDT,1.0,1.057,1.0572,1.0571,1.8921475875122162,9896784703,1.057,1.0572,392,46,421188.3272569998,334561.88637400005,419974.069468,314465.3010440001,1497.9784699999998,2071.7581739999996,98057.42231800003,79587.172156,182198.4036230001,142541.50141000003,284560.27884200023,204189.70734700002,371115.57156399987,273054.9653180001
2026-10-08T06:06:00.082270+00:00,obs-20261007-01,LIGHT,ALGOUSDT,1.0,0.1178,0.1179,0.11785000000000001,8.48896434634927,5664766570,0.1178,0.1179,154,1,65978.48999999999,38734.230299999996,63513.07389999998,42040.9015,0.0,68.08840000000001,29840.940300000002,38741.7402,90162.7657,71297.41570000001,155166.87080000003,93476.7078,190329.49730000005,111372.4581
2026-10-08T06:06:00.082270+00:00,obs-20261007-01,LIGHT,XRPUSDT,1.0,1.4033,1.4034,1.40335,0.712606000141669,26680444798,1.4033,1.4034,455,64,2743243.509590002,3250823.96103,2841396.7035000008,3174017.460230001,38359.75460000001,37848.582760000005,916990.2955099999,809524.1610500001,1484310.72734,1131905.33459,2540547.05277,1942365.4469999997,3343083.552369999,2141215.066119999
2026-10-08T06:06:00.082270+00:00,obs-20261007-01,LIGHT,HBARUSDT,1.0,0.09285,0.09286,0.092855,1.0770059235332141,8394219290,0.09285,0.09286,307,17,719467.0636499996,229719.06027999995,705613.6930600001,220288.48373000004,1380.98781,2255.64191,179998.73488,116212.21635999999,325050.47792000003,209389.71807,495482.52762,369867.33052,862281.32583,722886.3228599998
2026-10-08T06:07:00.082328+00:00,obs-20261007-01,LIGHT,PEPEUSDT,1.0,4.02e-06,4.03e-06,4.025e-06,24.875621890549926,8828275836,4.02e-06,4.03e-06,206,29,235019.14806667005,365961.76153918,243005.66501734007,433806.2208950798,23422.11443946,3735.68574775,144872.88340596,74292.46114849001,255555.69088220998,286224.44475181005,506893.78522369,688576.7308664802,781008.49821372,1103109.64301864
2026-10-08T06:07:00.082328+00:00,obs-20261007-01,LIGHT,BNBUSDT,1.0,769.07,769.08,769.075,0.13002717567989208,20912359519,769.07,769.08,435,184,7081279.809379995,7632077.5677,6989355.033120002,7716645.459970002,57968.425859999996,26634.228050000005,829362.3576299996,784602.4816700002,1419834.5806200006,1471348.5436100003,3010729.1180000007,3463308.7570000007,6042258.257760013,5373663.440219997
2026-10-08T06:07:00.082328+00:00,obs-20261007-01,LIGHT,AAVEUSDT,1.0,172.49,172.5,172.495,0.5797437532595318,10441159345,172.49,172.5,465,83,1273243.8974400004,778064.20261,1268662.2519200006,784230.0241500004,10923.5489,5974.40413,120288.71176,79097.58892,219954.8416100001,136309.31145999997,292537.82626000006,191480.63531000004,815790.0337500002,212410.58993000007
2026-10-08T06:07:00.082328+00:00,obs-20261007-01,LIGHT,AVAXUSDT,1.0,10.888,10.889,10.8885,0.9184423218222548,10522564197,10.889,10.89,446,103,2486970.6571599995,895765.2289000012,2558620.629189999,858619.1073700006,18733.835819999997,3056.004700000001,142566.35898000002,144754.84791999997,336892.67165,214423.55546,434024.17445,285552.85829999985,488690.96540999995,306845.47588
2026-10-08T06:07:00.082328+00:00,obs-20261007-01,LIGHT,FILUSDT,1.0,1.0577,1.0578,1.05775,0.9454476694714664,9896788914,1.0582,1.0583,380,59,423006.48103200004,342716.5443959999,415493.2235229998,359338.1733470001,1012.7006170000001,1663.317391,87501.124634,78091.224337,172990.59138400003,129774.61547199996,287911.477394,196988.30744599996,372192.30643199966,259702.712657
2026-10-08T06:07:00.082328+00:00,obs-20261007-01,LIGHT,ALGOUSDT,1.0,0.1178,0.1179,0.11785000000000001,8.48896434634927,5664767660,0.1178,0.1179,160,4,66749.04490000002,77181.57650000001,66723.24620000002,68065.2759,179.32590000000002,3120.813,31366.8985,29604.9211,104580.98120000001,68102.5839,155192.6695,98067.20839999999,185559.49689999997,115974.35869999997
2026-10-08T06:07:00.082328+00:00,obs-20261007-01,LIGHT,XRPUSDT,1.0,1.4038,1.4039,1.4038499999999998,0.7123521869201177,26680452564,1.4038,1.4039,514,75,4444875.191009997,5415839.06181,4466766.903300002,5415412.367839997,38907.233739999996,87746.06501999997,1131273.7407399998,816527.13522,1555107.6777899999,1292011.4862799998,2516297.373640001,1945303.9467599997,3321493.6138999998,2154541.62713
2026-10-08T06:07:00.082328+00:00,obs-20261007-01,LIGHT,HBARUSDT,1.0,0.09285,0.09286,0.092855,1.0770059235332141,8394221769,0.09285,0.09286,337,37,1098770.1075700005,568879.65502,1142996.49912,584755.6386300003,5726.134720000001,2205.22055,138410.47548999998,99428.47527000001,276523.37155,192853.27808999998,451256.13607000007,353991.34691,824075.7733199999,707015.9182899998
2026-10-08T06:08:00.082886+00:00,obs-20261007-01,LIGHT,PEPEUSDT,1.0,4.02e-06,4.03e-06,4.025e-06,24.875621890549926,8828276209,4.02e-06,4.03e-06,160,14,329210.93516263,96090.34255255997,300190.79178830003,87998.86477587998,2.98288824,1129.00134048,140148.8946222,86305.00186048001,285436.6460568,294706.40676304005,535913.92859802,696668.2086431601,809488.4832139,1110703.54963504
2026-10-08T06:08:00.082886+00:00,obs-20261007-01,LIGHT,BNBUSDT,1.0,769.19,769.2,769.195,0.13000689036424262,20912365733,769.19,769.2,481,142,3225863.384820001,2664128.3099700017,3194731.63072,2670466.6000000006,10747.706050000004,7686.581920000003,706430.0999499998,797994.0760000001,1429573.7499300013,1506385.7241900002,2936467.6289300006,3458904.7990100007,5820248.315680012,5379819.992229998
2026-10-08T06:08:00.082886+00:00,obs-20261007-01,LIGHT,AAVEUSDT,1.0,172.54,172.55,172.54500000000002,0.5795757505522303,10441163607,172.54,172.55,382,47,841597.9043299997,703744.70716,839601.5699099997,692244.9175399999,1017.0192699999999,2917.4008099999996,123554.68384999999,91728.18427000003,215876.37702,151763.51020000002,287677.37642999995,203227.69168000013,810980.2888699997,225347.27395000015
2026-10-08T06:08:00.082886+00:00,obs-20261007-01,LIGHT,AVAXUSDT,1.0,10.883,10.884,10.8835,0.9188642837454353,10522570684,10.883,10.884,432,94,1699107.9276000003,778486.9735299996,1692567.800029999,747025.5790699999,7580.999889999999,4091.95698,190968.94492999994,174026.40268,335313.50573,243861.858,440122.4505899999,315634.5156999999,494118.29187999986,337184.61961
2026-10-08T06:08:00.082886+00:00,obs-20261007-01,LIGHT,FILUSDT,1.0,1.0589,1.059,1.0589499999999998,0.9443762394933941,9896792201,1.0589,1.059,352,22,325643.239036,217285.60238,303511.9555,239932.51902899996,2943.533686,744.217363,89791.61214699999,83199.380017,176591.76084400003,134839.37910999998,306074.3883030001,185358.59789499993,394048.08759699995,254750.4663839999
2026-10-08T06:08:00.082886+00:00,obs-20261007-01,LIGHT,ALGOUSDT,1.0,0.1179,0.118,0.11795,8.481764206953457,5664768555,0.1179,0.118,164,10,91569.01629999999,54084.79560000003,86392.15939999995,56179.744200000016,59.1858,1249.2747000000002,25544.735800000002,35236.32,103389.9418,65210.5434,152003.07,96248.4527,188396.90660000002,114150.9281
2026-10-08T06:08:00.082886+00:00,obs-20261007-01,LIGHT,XRPUSDT,1.0,1.4041,1.4042,1.40415,0.7121999857551131,26680459099,1.4041,1.4042,456,68,3501915.7550499993,3342340.1519400002,3534534.150119998,3281489.9170599994,48699.23140999999,56020.70049000001,910388.8016100001,911188.6370799999,1538194.9274899997,1207119.09757,2469569.7152700005,2008287.5275199995,3280852.705470001,2217483.3231999995
2026-10-08T06:08:00.082886+00:00,obs-20261007-01,LIGHT,HBARUSDT,1.0,0.0928,0.09281,0.092805,1.0775862068967967,8394223543,0.0928,0.09281,289,15,426817.21831999987,290122.57952999993,431597.45455999987,245464.33462000007,495.91578,2188.8948499999997,158551.25974000004,133331.95927000002,293018.66368,229343.04271,447948.6904999999,387688.58623,823578.5948499999,751380.17107
2026-10-08T06:09:00.086661+00:00,obs-20261007-01,LIGHT,PEPEUSDT,1.0,4.02e-06,4.03e-06,4.025e-06,24.875621890549926,8828276711,4.02e-06,4.03e-06,146,13,243619.04870850002,203242.53128092998,279348.1619275,297262.61312696006,9.668321099999998,1193.36697311,95676.40776065999,110220.63946621,255681.44326779997,288696.71854205,500184.81537901994,602648.12679713,764559.8358304499,928484.6151312
2026-10-08T06:09:00.086661+00:00,obs-20261007-01,LIGHT,BNBUSDT,1.0,769.32,769.33,769.325,0.12998492174842724,20912370746,769.32,769.33,360,129,2977188.7006899985,2358351.3620400005,2894985.825080001,2390082.743399999,2321.6315699999996,162912.07807999998,794276.2807899999,805499.6719400001,1584974.5103800003,1554801.0744799995,3015105.7137799985,3597366.662069999,5893598.543150012,5351758.411989997
2026-10-08T06:09:00.086661+00:00,obs-20261007-01,LIGHT,AAVEUSDT,1.0,172.43,172.44,172.435,0.5799454851240782,10441167361,172.43,172.44,333,51,817514.29054,678391.0544799996,828459.8365800005,668336.10035,2463.76944,1842.7688199999998,120470.46433999999,89023.87022000004,204799.30236000006,139644.75039000003,285137.8311300001,211088.48653000023,808311.7043000002,233948.78424000024
2026-10-08T06:09:00.086661+00:00,obs-20261007-01,LIGHT,AVAXUSDT,1.0,10.867,10.868,10.8675,0.9202171712519025,10522576022,10.867,10.868,396,91,1733441.5539399998,749530.3828899998,1754754.6840300001,708027.4625999997,14807.145390000003,8488.95062,175266.80066,162113.05951,373890.29137,244418.99597000002,419370.0868,354285.16992,474138.98390999984,374469.15506000025
2026-10-08T06:09:00.086661+00:00,obs-20261007-01,LIGHT,FILUSDT,1.0,1.0575,1.0576,1.05755,0.9456264775420387,9896794756,1.0575,1.0576,331,15,334061.51392899995,235973.3591110002,348710.3453769999,211282.500089,1335.189775,92.27745000000002,115219.61582400001,76466.39689600002,211119.97845400005,131675.33005100003,299321.61251900013,198156.073367,383617.1717779999,261733.239223
2026-10-08T06:09:00.086661+00:00,obs-20261007-01,LIGHT,ALGOUSDT,1.0,0.1178,0.1179,0.11785000000000001,8.48896434634927,5664769301,0.1178,0.1179,143,2,81107.5406,44244.07150000001,84068.83410000001,34721.217599999996,710.8191,0.0,38233.9214,32213.0579,104846.51610000001,69692.9473,157408.23290000003,105495.1137,186672.3451,123402.26399999998
2026-10-08T06:09:00.086661+00:00,obs-20261007-01,LIGHT,XRPUSDT,1.0,1.403,1.4031,1.40305,0.7127583749100275,26680464469,1.403,1.4031,426,66,3063378.940169999,3484911.1179300016,3313191.241290001,3167703.3272300013,86728.54897999999,19729.68283,1025655.69017,960216.1905,1205873.0501000003,1231012.44947,2238557.1511300006,2320681.9576400006,3086208.7157800007,2533314.1165600014
2026-10-08T06:09:00.086661+00:00,obs-20261007-01,LIGHT,HBARUSDT,1.0,0.09271,0.09272,0.09271499999999999,1.0786322942513138,8394225536,0.09271,0.09272,314,19,388566.8409,984863.7062999997,412968.66895,962161.23787,3189.7075499999996,1791.9716100000003,171151.15014,133376.2221,282884.52564000007,241701.91846000004,431353.64203000005,404472.56476999994,801109.60125,768387.2525199999
2026-10-08T06:10:00.090889+00:00,obs-20261007-01,LIGHT,PEPEUSDT,1.0,4.02e-06,4.03e-06,4.025e-06,24.875621890549926,8828277079,4.02e-06,4.03e-06,106,11,280891.8801216799,190466.74893664996,88214.26630595997,184656.52169504005,66.58596143999999,1016.3670598900001,306605.24923793995,86841.78510956,448290.60553551995,287833.57148040005,692862.42919474,608458.35403874,943535.8089381901,934748.3951729
2026-10-08T06:10:00.090889+00:00,obs-20261007-01,LIGHT,BNBUSDT,1.0,768.75,768.76,768.755,0.13008130081315628,20912376003,768.75,768.76,426,120,3168654.1823100005,4163309.77891,3652047.801,4127638.50832,285402.38228000014,6184.51324,765614.7159699998,705983.1384399999,1437872.2179600003,1505553.0408299991,3029787.924200001,3378769.3576599993,5878323.997110013,5129466.8081899965
2026-10-08T06:10:00.090889+00:00,obs-20261007-01,LIGHT,AAVEUSDT,1.0,172.57,172.58,172.575,0.579474995654472,10441170296,172.57,172.58,314,46,435050.5891299999,311360.67504,414943.68381,319238.8327700001,3622.267300000001,1679.6795499999996,147015.20861,98759.24612000004,217664.4171000001,158859.23515000002,296174.41999000026,205599.27388000017,817163.2505400004,277459.34281000023
2026-10-08T06:10:00.090889+00:00,obs-20261007-01,LIGHT,AVAXUSDT,1.0,10.865,10.866,10.8655,0.9203865623552687,10522579486,10.865,10.866,337,51,1089521.0353899996,439185.0227100003,1090690.2699,422581.08987999987,2218.5377399999998,749.20177,182987.43909999993,168950.98614999998,366379.5289999999,260496.73583999998,420194.7698099999,370883.9444999999,476189.1360999998,391663.9479700001
2026-10-08T06:10:00.090889+00:00,obs-20261007-01,LIGHT,FILUSDT,1.0,1.0571,1.0572,1.05715,0.9459842966608178,9896796552,1.0571,1.0572,307,6,253720.84336799994,174104.94864000002,273188.885355,161767.53674000007,2286.389158,0.0,97408.01748200001,76919.53898900001,195705.6958000001,140984.73338600004,279871.0104520002,202844.253869,367305.86483200005,270945.9486649999
2026-10-08T06:10:00.090889+00:00,obs-20261007-01,LIGHT,ALGOUSDT,1.0,0.1178,0.1179,0.11785000000000001,8.48896434634927,5664769753,0.1178,0.1179,107,0,37377.21149999999,33798.38580000002,39043.082,33707.9309,0.0,0.0,33882.442299999995,32339.184199999996,103187.66500000001,69783.4874,155742.36240000004,105585.5686,185006.47460000002,123492.71889999999
2026-10-08T06:10:00.090889+00:00,obs-20261007-01,LIGHT,XRPUSDT,1.0,1.4037,1.4038,1.40375,0.7124029350991101,26680467320,1.4037,1.4038,364,56,1771380.5224999995,1288839.14351,1412704.8743699999,1575581.4739900008,27361.313909999997,62159.91907999999,1084439.9562900001,815159.7335500001,1531300.64302,1261652.2535900003,2592271.146540001,2038591.4411800003,3383875.7160599995,2249365.7679500002
2026-10-08T06:10:00.090889+00:00,obs-20261007-01,LIGHT,HBARUSDT,1.0,0.0927,0.09271,0.09270500000000001,1.0787486515639877,8394226471,0.0927,0.09271,203,10,245943.20900000003,123270.48604999996,229785.60870999994,133975.68311,1368.36283,1591.44454,181284.12082,122242.72654999999,299661.04361000005,230991.62434,447517.20802000025,393767.36770999996,818092.2037800001,758118.0367999999
2026-10-08T06:11:00.091017+00:00,obs-20261007-01,LIGHT,PEPEUSDT,1.0,4.02e-06,4.03e-06,4.025e-06,24.875621890549926,8828277484,4.02e-06,4.03e-06,185,16,137310.33902094,363232.78505675995,318354.29040848,365105.55766758986,4627.87026618,836.7283510300002,111488.72226401999,85003.63370837,261385.83585935,285960.74216957006,511818.4778072,606585.5814279101,762489.5609998899,932875.6225620701
2026-10-08T06:11:00.091017+00:00,obs-20261007-01,LIGHT,BNBUSDT,1.0,769.16,769.17,769.165,0.13001196110140611,20912380696,769.16,769.17,375,149,2329328.3432099996,2973008.284430001,2313909.7023000014,3006084.361180002,8623.093290000003,16560.01314,653666.6728799997,813830.1499000003,1365457.5959300008,1475154.6997700003,3036444.669070001,3429615.6691400004,5627281.6396300085,5349181.421249997
2026-10-08T06:11:00.091017+00:00,obs-20261007-01,LIGHT,AAVEUSDT,1.0,172.64,172.65,172.64499999999998,0.5792400370729922,10441173669,172.64,172.65,339,52,717335.4785,410147.26135999965,708290.2155599998,415032.48433999985,770.8274699999998,5803.28768,123714.56397,95774.25626000001,224049.26104000004,157081.78267000004,300096.69324000005,202972.2466800001,819040.47851,277235.7759100001
2026-10-08T06:11:00.091017+00:00,obs-20261007-01,LIGHT,AVAXUSDT,1.0,10.864,10.865,10.8645,0.9204712812960203,10522583466,10.864,10.865,368,64,1389789.1469199997,415869.3700500001,1373376.7546999995,444435.9175200001,8359.812880000001,7074.08708,198013.26925999997,174255.53674,359327.09548,266654.37520000007,436607.16202999995,333424.8104700001,489574.3305699998,354163.21253000025
2026-10-08T06:11:00.091017+00:00,obs-20261007-01,LIGHT,FILUSDT,1.0,1.0569,1.057,1.05695,0.9461633077867404,9896799023,1.0569,1.057,334,18,234841.66754899995,177320.54940799988,238768.39737399996,176259.45464699992,710.4859959999999,1229.4458270000002,106441.02341099999,75087.86043999999,201878.91401600002,141925.31264199998,279209.4985790001,203900.28820599997,363851.90284899995,271661.267435
2026-10-08T06:11:00.091017+00:00,obs-20261007-01,LIGHT,ALGOUSDT,1.0,0.1178,0.1179,0.11785000000000001,8.48896434634927,5664770394,0.1178,0.1179,106,2,80962.28659999998,26626.075300000004,79483.2458,27182.1013,179.1738,137.7082,49819.2484,38530.3875,103250.4193,76457.48289999999,157221.40320000003,103393.41159999998,187800.9268,121047.31449999996
2026-10-08T06:11:00.091017+00:00,obs-20261007-01,LIGHT,XRPUSDT,1.0,1.4043,1.4044,1.40435,0.7120985544406544,26680472182,1.4043,1.4044,405,60,2949906.2515699985,2278270.9486800004,2800205.124309999,2362390.3900200003,26396.98236,10433.55721,1120231.8921399997,740840.5770200001,1704012.1864399996,1034790.8207200003,2727397.5985699994,1969278.6328300002,3530672.6349599995,2169031.3473700006
2026-10-08T06:11:00.091017+00:00,obs-20261007-01,LIGHT,HBARUSDT,1.0,0.09274,0.09275,0.092745,1.0782833728706365,8394228348,0.09274,0.09275,281,18,580457.3650900002,553439.63573,553005.1329200002,561147.2543900002,792.78106,2468.6067499999995,165551.14131,135798.05353,319669.71258,228073.35300000003,468908.8173600001,387546.00532000005,845254.3101400001,748329.1814000001
2026-10-08T06:12:00.091277+00:00,obs-20261007-01,LIGHT,PEPEUSDT,1.0,4.03e-06,4.04e-06,4.035e-06,24.81389578163684,8828278727,4.03e-06,4.04e-06,225,56,839875.7315403804,544804.8270550198,683448.2942068103,530404.7038099701,94886.72040359002,103450.06923696998,92491.70968947001,125006.50675772001,228317.24548779,328797.49821587,538577.14602053,712838.82693452,796701.57174931,1073157.82349211
2026-10-08T06:12:00.091277+00:00,obs-20261007-01,LIGHT,BNBUSDT,1.0,769.7,769.71,769.705,0.12992074834405898,20912387254,769.7,769.71,398,163,5587934.285229999,5318374.487100006,5375942.4518599985,5337192.8610999985,11540.285430000002,26555.280649999997,675453.0607999997,767663.3606800003,1269947.5591700007,1553518.37437,2870568.3552200003,3786168.7298900015,5579212.050930015,5408809.297379995
2026-10-08T06:12:00.091277+00:00,obs-20261007-01,LIGHT,AAVEUSDT,1.0,172.84,172.85,172.845,0.5785697755134045,10441176658,172.84,172.85,337,60,616351.9765100003,420523.40279,611800.05388,432724.18492000015,593.8324800000001,5866.80177,98489.85237000001,88164.98713999998,193847.38873999985,151909.10185999997,288447.0207999999,191554.27832999988,816100.83985,267769.53409999993
2026-10-08T06:12:00.091277+00:00,obs-20261007-01,LIGHT,AVAXUSDT,1.0,10.877,10.878,10.877500000000001,0.9193711501320756,10522588964,10.878,10.879,396,73,1569131.514319999,914173.3842000001,1591259.6748499996,947601.8242800005,15334.212529999999,14800.918160000001,146564.76176,161244.8153,313196.49266,253300.00025,410055.14167000004,302153.2820199999,465944.9289099999,321851.0677700001
2026-10-08T06:12:00.091277+00:00,obs-20261007-01,LIGHT,FILUSDT,1.0,1.0597,1.0598,1.0597500000000002,0.9436633009340945,9896802507,1.0597,1.0598,357,32,374922.49478400033,294163.33223599993,329355.87758199987,334478.819235,182.79696800000002,3374.4012730000004,92409.61753100001,69819.621086,192282.82733600002,130811.06985,300020.4431040001,184138.43126000004,381479.03615000006,257262.739045
2026-10-08T06:12:00.091277+00:00,obs-20261007-01,LIGHT,ALGOUSDT,1.0,0.1179,0.118,0.11795,8.481764206953457,5664770820,0.1179,0.118,106,1,69643.3513,41962.8892,61918.29300000001,51722.11510000001,0.0,7.5456,51310.37270000001,33702.0623,107327.871,68299.49399999999,158026.61829999997,93910.37859999998,196187.1925,112066.4058
2026-10-08T06:12:00.091277+00:00,obs-20261007-01,LIGHT,XRPUSDT,1.0,1.4049,1.405,1.40495,0.7117944337675652,26680477624,1.4049,1.405,414,69,3284129.4481400005,3402011.058460001,3477774.63147,3311221.9680799996,13680.11876,24932.382749999997,1118595.59875,827767.5284699997,1661177.00318,1123896.3521099996,2533257.8669700003,2061832.2269099993,3343920.13603,2261207.09188
2026-10-08T06:12:00.091277+00:00,obs-20261007-01,LIGHT,HBARUSDT,1.0,0.09283,0.09284,0.092835,1.0772379618662065,8394230484,0.09283,0.09284,291,22,1269157.3385499993,371881.1858700001,1263466.2691800008,393003.36575000006,2792.57748,1481.4731000000004,162045.57414,123413.24141999999,312868.11851999996,212973.9129,471773.8905299999,366480.80025,849704.5323399999,727212.3937199999
2026-10-08T06:13:00.094611+00:00,obs-20261007-01,LIGHT,PEPEUSDT,1.0,4.03e-06,4.04e-06,4.035e-06,24.81389578163684,8828279781,4.03e-06,4.04e-06,225,28,520240.4150498801,487561.57447683014,473943.11715991015,495742.51580810983,43473.361361430005,15162.646566270001,12640.577656980002,153055.92122464,182247.0724479,385612.20418234007,527141.62513589,684547.70013347,877356.7648651499,1037374.52056922
2026-10-08T06:13:00.094611+00:00,obs-20261007-01,LIGHT,BNBUSDT,1.0,769.69,769.7,769.695,0.12992243630494116,20912393535,769.69,769.7,441,169,6270327.693590003,5263575.4278700035,6599077.789189996,5267981.543249999,70030.59651000003,39177.24939,610778.1870199997,777464.2455700003,1288295.2817100005,1554602.5028600004,2758706.07659,3781681.7649100022,5076613.491990011,5403635.160249996
2026-10-08T06:13:00.094611+00:00,obs-20261007-01,LIGHT,AAVEUSDT,1.0,172.82,172.83,172.825,0.5786367318605379,10441180892,172.82,172.83,364,99,702035.9521999994,478984.65360000014,708065.4444500002,469868.94422000006,40442.49614000002,15172.712700000002,83070.11468999999,93397.84865000001,147381.96512999994,155610.37534,261706.94792999997,199847.98254999993,807507.18664,274780.35083999997
2026-10-08T06:13:00.094611+00:00,obs-20261007-01,LIGHT,AVAXUSDT,1.0,10.876,10.877,10.8765,0.9194556822378352,10522594198,10.876,10.877,380,68,1264390.26809,1741658.4590900007,1269769.5421099996,1717529.868360001,53764.14299999998,11681.385520000005,107216.48515,190420.33166000005,253066.42064,278608.91818000015,402492.96687999996,326281.87275000004,482505.7704899999,345884.30332000024
2026-10-08T06:13:00.094611+00:00,obs-20261007-01,LIGHT,FILUSDT,1.0,1.0602,1.0603,1.06025,0.943218260704981,9896806732,1.0602,1.0603,399,81,452097.811346,336231.45861899987,475965.1413940004,331382.76185500005,6515.248583,5373.507726999998,64103.950453,66732.01971499999,147193.53555099998,140096.943733,260303.86115500002,192364.56766300002,369820.78293899994,262356.869495
2026-10-08T06:13:00.094611+00:00,obs-20261007-01,LIGHT,ALGOUSDT,1.0,0.1179,0.118,0.11795,8.481764206953457,5664771690,0.1179,0.118,135,5,155021.33339999992,56301.00180000001,176766.87140000003,46727.89200000001,3124.5858,52.00279999999999,18969.3572,41834.1089,57197.1088,79875.15789999999,128847.99049999999,103483.48839999999,191624.90229999993,120879.77419999997
2026-10-08T06:13:00.094611+00:00,obs-20261007-01,LIGHT,XRPUSDT,1.0,1.4043,1.4044,1.40435,0.7120985544406544,26680483261,1.4043,1.4044,410,110,4476183.059440003,4222214.212220001,4328963.568450002,4168560.24875,365121.1036799999,73620.90655999997,1253276.80784,931977.2705,1615645.0417499996,1333331.54804,2681221.26764,2116717.5578200016,3515950.321449999,2315911.009180002
2026-10-08T06:13:00.094611+00:00,obs-20261007-01,LIGHT,HBARUSDT,1.0,0.09282,0.09283,0.09282499999999999,1.0773540185304853,8394232712,0.09281,0.09282,284,34,639713.7415700003,360036.2877199999,668335.3542799999,353587.19949999976,15384.589220000002,2912.7277699999995,142692.32692000002,131051.65186999999,213967.27634000007,219911.11442000003,427067.6423000001,372929.88847,821082.8884800001,733661.48194
2026-10-08T06:14:00.127564+00:00,obs-20261007-01,LIGHT,PEPEUSDT,1.0,4.02e-06,4.03e-06,4.025e-06,24.875621890549926,8828280547,4.02e-06,4.03e-06,187,13,152729.74476991993,424609.01605252,167866.9218002801,324664.3536838901,485.69561092000004,1769.20645538,149122.55579063998,47955.89753305,376378.21962835,255148.12811665,627867.4611940801,645294.7534906501,912684.86865017,1070212.13081558
2026-10-08T06:14:00.127564+00:00,obs-20261007-01,LIGHT,BNBUSDT,1.0,769.65,769.66,769.655,0.1299291885925591,20912397398,769.65,769.66,339,101,1994858.2340200003,1735479.6617100004,1913825.1118,1708660.8114299998,5634.484390000001,38220.74640999999,628239.16149,805698.39663,1369377.0999700006,1581194.6770200003,2858372.417169999,3613901.601920002,5377290.248620007,5430050.397819996
2026-10-08T06:14:00.127564+00:00,obs-20261007-01,LIGHT,AAVEUSDT,1.0,172.73,172.74,172.735,0.5789382272913812,10441183192,172.73,172.74,295,31,461440.35691999993,279817.5019599998,447852.53952000017,270453.34816999995,1478.43481,2619.62548,96127.39944000001,97631.23065000003,182526.80537999995,158092.83803,278473.79488999984,208956.48891999997,798617.0755099999,283793.08583
2026-10-08T06:14:00.127564+00:00,obs-20261007-01,LIGHT,AVAXUSDT,1.0,10.869,10.87,10.869499999999999,0.9200478424875591,10522598104,10.869,10.87,357,45,439270.71909999993,1442414.2071699996,442975.12525000004,1421081.2215600011,2047.7364,4846.590269999999,125473.19426999998,193852.03159000003,265660.91323,291614.44212,402990.7240899999,345485.82897,466498.6111099999,366298.8968000002
2026-10-08T06:14:00.127564+00:00,obs-20261007-01,LIGHT,FILUSDT,1.0,1.0599,1.06,1.0599500000000002,0.9434852344569755,9896810134,1.0599,1.06,376,19,341325.373352,290901.80815500004,330436.374028,277269.797727,791.631806,262.861154,63973.600532000004,74898.890922,173444.96717299992,147659.976075,283770.18218,205991.45966700005,368539.16731900006,275918.198783
2026-10-08T06:14:00.127564+00:00,obs-20261007-01,LIGHT,ALGOUSDT,1.0,0.1179,0.118,0.11795,8.481764206953457,5664772071,0.1179,0.118,97,2,48992.1256,42141.1456,48495.6309,44838.4838,179.32590000000002,12.969000000000001,20188.5992,39143.3683,59140.7073,77157.7763,129344.4852,100786.15019999999,192121.39699999994,118182.43599999997
2026-10-08T06:14:00.127564+00:00,obs-20261007-01,LIGHT,XRPUSDT,1.0,1.4042,1.4043,1.40425,0.7121492664885487,26680486844,1.4042,1.4043,399,52,2193684.74186,1861528.4750299994,2326608.0953300013,1799238.5245199993,38212.861260000005,52942.86647999999,1177824.70082,985137.53764,1602623.3923700005,1396106.4551300001,2548342.5428000004,2178300.202120001,3363215.018639999,2378641.415080001
2026-10-08T06:14:00.127564+00:00,obs-20261007-01,LIGHT,HBARUSDT,1.0,0.09287,0.09288,0.092875,1.0767739851424984,8394233990,0.09287,0.09288,225,14,485850.43176000006,209611.5257699999,422274.11011000007,221874.07728999996,621.66241,3298.58263,153134.30998000002,128658.64222000001,253549.26823000005,210601.88573000007,484462.17977,372591.1144100001,858767.9001899998,723071.3387099999
2026-10-08T06:15:00.128402+00:00,obs-20261007-01,LIGHT,PEPEUSDT,1.0,4.03e-06,4.04e-06,4.035e-06,24.81389578163684,8828281136,4.03e-06,4.04e-06,165,15,245875.32627008003,194223.2282698801,286628.331137,370429.8062451301,0.0,12977.94798825,42320.79394309,137000.07669896,184192.75425139,280910.44668941,473950.68828543,583794.14007265,767065.8024365399,848281.05428934
2026-10-08T06:15:00.128402+00:00,obs-20261007-01,LIGHT,BNBUSDT,1.0,769.89,769.9,769.895,0.12988868539620668,20912400464,769.89,769.9,389,72,3434719.6250399994,1969453.8624400003,3198852.4316299995,2001575.0081099996,1225.49834,33507.146609999996,669635.8835400002,845417.7104099999,1393359.14772,1547854.7887700011,3046720.9434099994,3884062.0452800016,5610994.667690016,5401932.068419997
2026-10-08T06:15:00.128402+00:00,obs-20261007-01,LIGHT,AAVEUSDT,1.0,172.76,172.77,172.765,0.5788376939119821,10441185600,172.76,172.77,280,32,528418.7399100001,352267.70683,517423.49733000033,363692.59647000005,1031.91105,3071.98693,118704.03155999997,89009.94954000002,194874.6690499999,146841.82170999996,286805.16093999986,198503.3936199999,806823.0351,273501.36529999995
2026-10-08T06:15:00.128402+00:00,obs-20261007-01,LIGHT,AVAXUSDT,1.0,10.878,10.879,10.878499999999999,0.9192866335716587,10522602285,10.878,10.879,384,35,678143.2091700006,1360641.4414500007,658002.6664800002,1403595.8983499995,1361.7068300000003,3122.73831,150084.65212,184476.75009,316345.4796899999,257358.73814000003,421106.1889299998,304676.44247999997,490396.8633399997,324013.27480000013
2026-10-08T06:15:00.128402+00:00,obs-20261007-01,LIGHT,FILUSDT,1.0,1.0613,1.0614,1.06135,0.9422406482606505,9896813760,1.0613,1.0614,371,46,533576.871574,357570.92008899996,522217.8345690001,390801.5537880002,513.95519,3435.291743,68496.853108,71377.584061,163986.897348,136734.309488,286760.09783300007,192531.498345,375735.3923980001,259057.07474799998
2026-10-08T06:15:00.128402+00:00,obs-20261007-01,LIGHT,ALGOUSDT,1.0,0.1179,0.118,0.11795,8.481764206953457,5664772589,0.1179,0.118,116,2,96328.12,36568.259099999996,68338.8272,39999.53139999999,214.66590000000002,0.0,36789.3288,29977.756,86450.3,70514.1741,157333.778,97354.87789999999,196288.3882,114751.23089999998
2026-10-08T06:15:00.128402+00:00,obs-20261007-01,LIGHT,XRPUSDT,1.0,1.405,1.4051,1.4050500000000001,0.7117437722414799,26680490157,1.405,1.4051,388,37,1782273.0316199996,2119976.2586400006,1607326.8993399995,2211806.234810001,12833.091969999996,28195.811990000006,1151462.3988299998,918159.2608399999,1699761.6397099998,1280008.6547299998,2722250.64972,2089712.84273,3530693.077349999,2288557.5570099996
2026-10-08T06:15:00.128402+00:00,obs-20261007-01,LIGHT,HBARUSDT,1.0,0.09295,0.09296,0.09295500000000001,1.0758472296923394,8394235613,0.09295,0.09296,256,17,932953.9465899997,343963.3561600001,930182.4351499999,353026.42613000004,2174.35949,2363.74099,172053.65028,120520.80234,279205.51584,209091.25590999998,484436.38402999996,364491.13480999996,861539.7914699999,715076.3596599998
2026-10-08T06:16:00.129107+00:00,obs-20261007-01,LIGHT,PEPEUSDT,1.0,4.03e-06,4.04e-06,4.035e-06,24.81389578163684,8828281650,4.03e-06,4.04e-06,223,18,467843.9809013701,299347.27234767,352419.31756453996,178449.94265264997,31.4907021,1541.2989981199999,23248.150390270002,136727.1267886,201235.45667274998,315534.43697725004,589375.35162226,704691.46976767,887094.8384720399,1057104.3639083002
2026-10-08T06:16:00.129107+00:00,obs-20261007-01,LIGHT,BNBUSDT,1.0,769.66,769.67,769.665,0.12992750045404122,20912405320,769.66,769.67,383,133,2825186.7646000017,2695696.9667800004,3026740.0804199986,2679329.494289999,5726.61118,11777.495090000002,711426.4524099999,953150.31346,1422926.2230200008,1616522.019,3083260.174,3792497.424980001,5612597.255580016,5611031.8580899965
2026-10-08T06:16:00.129107+00:00,obs-20261007-01,LIGHT,AAVEUSDT,1.0,172.8,172.81,172.805,0.5787037037041642,10441186904,172.78,172.79,241,16,307052.25947000005,230792.71012,302124.80503000016,228888.1689000001,579.13476,812.74503,123919.15484,92388.37617999999,191562.51982999995,151275.35634999996,286181.6458699999,200493.45453999986,812688.6701300002,275446.61752999993
2026-10-08T06:16:00.129107+00:00,obs-20261007-01,LIGHT,AVAXUSDT,1.0,10.887,10.888,10.8875,0.9185266832001382,10522605650,10.887,10.888,336,38,817310.0799700005,633041.7286800005,790874.26736,644057.4286500001,652.78637,25594.04981,160425.15428999998,175096.51295,325105.31968,249017.98088,445754.55624,295427.2852300001,517551.54701,315332.78565000027
2026-10-08T06:16:00.129107+00:00,obs-20261007-01,LIGHT,FILUSDT,1.0,1.0611,1.0613,1.0612,1.8848364904333614,9896816440,1.0611,1.0612,348,36,502934.4290070002,199775.4809199999,512168.86769900017,189222.44284399998,1268.7747730000003,1316.8738200000005,72919.07322900002,66279.906611,168237.912468,138496.595181,280693.331143,203079.41273900005,369958.9640140001,270689.0262160001
2026-10-08T06:16:00.129107+00:00,obs-20261007-01,LIGHT,ALGOUSDT,1.0,0.1181,0.1182,0.11815,8.467400508043177,5664773440,0.1181,0.1182,140,7,164239.6639,77163.2594,155284.38439999998,76953.7089,243.6403,4652.478999999999,29149.8144,34579.4264,89850.0647,72381.9803,152431.5251,99432.26809999999,185597.3303,116471.89359999997
2026-10-08T06:16:00.129107+00:00,obs-20261007-01,LIGHT,XRPUSDT,1.0,1.406,1.4061,1.40605,0.7112375533435689,26680493136,1.4058,1.4059,409,40,2100163.2073299987,2274485.1845799997,2096512.5748799997,2316482.4293100005,10231.68788,29747.47325,965175.3565600001,885045.7948,1654099.1644199998,1239831.78721,2711260.136639999,2062703.7764699997,3529446.1431799987,2249893.899449999
2026-10-08T06:16:00.129107+00:00,obs-20261007-01,LIGHT,HBARUSDT,1.0,0.09297,0.09298,0.092975,1.0756157900404517,8394236711,0.09297,0.09298,309,13,409651.0601200002,186478.73215,402706.62402000016,177818.05109,1764.16021,776.5909899999998,175016.10340000002,126987.54043999997,307239.0618100001,223390.97176999997,491367.75045000017,373220.82674999983,862975.72088,734132.1269999999
2026-10-08T06:17:00.129865+00:00,obs-20261007-01,LIGHT,PEPEUSDT,1.0,4.03e-06,4.04e-06,4.035e-06,24.81389578163684,8828283027,4.03e-06,4.04e-06,246,29,407776.54325341986,482614.88412661,334933.13770583,434911.13366627024,6450.170884430002,20417.687716900004,86411.19227585001,167074.69965104002,267446.02098947,356022.22698974004,649080.43983946,719155.45689475,909055.36504148,1070287.57264624
2026-10-08T06:17:00.129865+00:00,obs-20261007-01,LIGHT,BNBUSDT,1.0,769.94,769.95,769.945,0.12988025040794327,20912411572,769.94,769.95,422,184,6218662.678519998,3452635.807519998,6186661.630110001,3652852.6110199997,16385.044450000005,34262.25912000001,609562.9945900002,830950.24941,1405283.608960001,1462052.2080900003,3067178.503660001,3701564.9681600025,5861787.864140017,5414480.274339996
2026-10-08T06:17:00.129865+00:00,obs-20261007-01,LIGHT,AAVEUSDT,1.0,172.79,172.8,172.79500000000002,0.5787371954402154,10441189533,172.79,172.8,290,43,475398.08714000013,350396.7579300001,477756.1430899999,346780.6242400001,1201.4689799999999,4268.582939999998,122055.13599,96562.29441999998,190373.6684399999,154325.36526,287377.7362299998,204024.06852999993,800903.3823500001,279062.75122
2026-10-08T06:17:00.129865+00:00,obs-20261007-01,LIGHT,AVAXUSDT,1.0,10.903,10.904,10.903500000000001,0.9171787581396806,10522610600,10.903,10.904,360,69,1905981.9797,530044.1178499998,1897781.2513399993,585060.6682200001,4820.73812,8625.89803,107119.91454999999,126084.57520000004,282417.2785099999,190031.60152999999,449361.4137299999,243617.46127,524041.5761099999,261975.98079000003
2026-10-08T06:17:00.129865+00:00,obs-20261007-01,LIGHT,FILUSDT,1.0,1.0624,1.0626,1.0625,1.8825301204827838,9896820296,1.0624,1.0626,363,75,563324.399175,338329.7094439998,543980.765872,354711.600393,1098.453168,1907.506964,79518.62851,97753.71646000001,137555.069472,148841.14728099995,292683.385856,195911.549166,378358.565559,254367.53641099998
2026-10-08T06:17:00.129865+00:00,obs-20261007-01,LIGHT,ALGOUSDT,1.0,0.1181,0.1182,0.11815,8.467400508043177,5664774029,0.1181,0.1182,113,3,161328.8976,36170.3268,155210.02489999996,35342.5886,486.10209999999995,209.9818,32580.4847,38129.4527,97372.5934,72937.9572,158550.3978,100260.00630000001,190088.20950000003,117299.63179999999
2026-10-08T06:17:00.129865+00:00,obs-20261007-01,LIGHT,XRPUSDT,1.0,1.407,1.4071,1.40705,0.7107320540145068,26680498348,1.407,1.4071,454,56,2972688.8199200006,3885728.079249998,2976904.2228900027,3820766.4904499995,8715.582699999999,21546.99316000001,1069328.21753,930656.8242300001,1770680.8847400004,1318957.6777199998,2703127.5888900002,2154752.1625099992,3516958.921080001,2336820.92861
2026-10-08T06:17:00.129865+00:00,obs-20261007-01,LIGHT,HBARUSDT,1.0,0.09303,0.09304,0.093035,1.0749220681494087,8394239072,0.09303,0.09304,304,28,937316.67318,566018.7592000001,925922.1301700001,581831.9942300004,1354.9753699999999,7032.46417,155164.02795999998,129401.17859,316829.22685,217148.54361,499799.1086000001,357882.88104999985,873272.7144,718381.6814099998
2026-10-08T06:18:00.142157+00:00,obs-20261007-01,LIGHT,PEPEUSDT,1.0,4.03e-06,4.04e-06,4.035e-06,24.81389578163684,8828284135,4.03e-06,4.04e-06,284,20,448736.53397740994,453220.8642389698,598316.8927118599,521501.65240789007,3838.8386990199997,6737.265949170001,21445.413960100002,185577.77293644001,200664.38451754,335820.21002679004,499906.7934997,635357.58232189,779079.92689967,898283.2964996501
2026-10-08T06:18:00.142157+00:00,obs-20261007-01,LIGHT,BNBUSDT,1.0,769.71,769.72,769.715,0.12991906042536527,20912416350,769.71,769.72,390,135,3930653.1395500014,1399304.3857299988,3953510.821390001,1341279.940580001,11207.24824,6122.91783,741571.6107899998,817704.4506,1426063.0251100003,1516392.4857800002,3047198.6182500003,3651153.994010001,5845249.945610017,5468273.9019899955
2026-10-08T06:18:00.142157+00:00,obs-20261007-01,LIGHT,AAVEUSDT,1.0,172.85,172.86,172.85500000000002,0.578536303155186,10441191489,172.85,172.86,279,32,481978.26130000013,217482.68653000006,470414.2988000002,219859.37960999997,1969.5540700000001,1055.3707399999998,102021.45283,90582.14849,193674.53142999997,155215.14953999995,295599.35018,202340.53584999993,813961.7456200003,278194.69930000004
2026-10-08T06:18:00.142157+00:00,obs-20261007-01,LIGHT,AVAXUSDT,1.0,10.884,10.885,10.8845,0.9187798603460529,10522616755,10.884,10.885,418,89,2437266.21916,721770.4255899999,2464652.445289998,651084.90571,5902.134680000003,905.4894300000001,172863.85051000002,153161.18666,349448.3236500001,228760.3787299999,430502.84721000004,310634.78778999986,500755.98318,331678.36872999993
2026-10-08T06:18:00.142157+00:00,obs-20261007-01,LIGHT,FILUSDT,1.0,1.0618,1.0619,1.0618500000000002,0.9417969485769895,9896824418,1.0618,1.0619,395,95,517005.64433399984,395309.8948839999,538103.256706,373680.164701,10505.892391999998,4225.346386,80721.555559,80406.428093,170750.132323,158137.272566,275351.714381,212363.13279199996,362831.6316079999,280031.12318699993
2026-10-08T06:18:00.142157+00:00,obs-20261007-01,LIGHT,ALGOUSDT,1.0,0.1181,0.1182,0.11815,8.467400508043177,5664774641,0.1181,0.1182,132,2,219247.96400000004,25930.598100000007,224277.94630000004,25034.356799999998,641.0468,0.0,29242.478799999997,37893.6814,93501.2624,73255.8801,153520.4155,101156.24759999999,185643.37120000002,118195.87309999995
2026-10-08T06:18:00.142157+00:00,obs-20261007-01,LIGHT,XRPUSDT,1.0,1.4058,1.4059,1.40585,0.7113387395074611,26680504216,1.4058,1.4059,448,77,3375495.9246399985,3613334.555730001,3651130.21993,3425288.5530300015,19612.670800000004,82012.16076999997,1002927.2026100002,1066041.8671900001,1515271.1776600003,1352474.7436900001,2439216.8281199997,2309544.6131399996,3257122.2104899995,2514985.7925799997
2026-10-08T06:18:00.142157+00:00,obs-20261007-01,LIGHT,HBARUSDT,1.0,0.09299,0.093,0.092995,1.0753844499400422,8394240801,0.09299,0.093,264,21,319849.75118,250786.44911999995,361875.23433,226472.63927999997,1753.2678300000002,1575.0470500000001,149231.1143,130874.7911,277383.10628999997,232937.34057,460026.1991700001,382171.5129799999,834923.5362699999,742665.9812099999
2026-10-08T06:19:00.143641+00:00,obs-20261007-01,LIGHT,PEPEUSDT,1.0,4.02e-06,4.03e-06,4.025e-06,24.875621890549926,8828284781,4.02e-06,4.03e-06,206,21,157268.69933168,408010.61253503984,190396.00279992,212543.7039804801,7478.804842960001,1136.2737053,134797.23079703999,75057.68948938,260620.33020025998,300119.66720642004,552514.2975950399,692503.14917758,815622.7956457199,1089394.43277047
2026-10-08T06:19:00.143641+00:00,obs-20261007-01,LIGHT,BNBUSDT,1.0,769.11,769.12,769.115,0.13002041320486768,20912421982,769.11,769.12,390,185,5261074.179390001,4826942.893130001,5819032.245029996,4982377.799090001,14960.680419999993,7063.992470000001,576046.6227999999,656438.4643499999,1197897.9815800008,1325161.6938899993,2676933.471460002,3312414.2789299996,5296903.193860008,5223262.620259997
2026-10-08T06:19:00.143641+00:00,obs-20261007-01,LIGHT,AAVEUSDT,1.0,172.73,172.74,172.735,0.5789382272913812,10441193060,172.73,172.74,263,26,603983.7410300003,157914.31505999996,618923.3940100002,145107.85928000006,1286.5917000000002,1452.0278,120915.33936,98638.24257000002,208036.43449999994,159024.28092000002,283355.17490999994,214401.83885,800379.26755,289325.23575000005
2026-10-08T06:19:00.143641+00:00,obs-20261007-01,LIGHT,AVAXUSDT,1.0,10.869,10.87,10.869499999999999,0.9200478424875591,10522621809,10.869,10.87,403,53,1689311.385820001,533337.6936199999,1718394.06232,479285.41584000015,3612.898150000001,7023.30748,180922.67065,168969.54309999998,346828.57547999994,269693.52299,403480.6892699999,352737.99882999994,480516.56603999983,381285.6601700002
2026-10-08T06:19:00.143641+00:00,obs-20261007-01,LIGHT,FILUSDT,1.0,1.0612,1.0613,1.0612499999999998,0.9423294383714698,9896827580,1.0612,1.0613,337,26,375016.4922850001,243493.73762000003,403668.9210480001,231195.97507300007,801.829285,46.11409,74274.50076599998,73315.936222,158707.054138,149698.15915800005,254249.07770100006,224222.912267,344884.206484,292697.646815
2026-10-08T06:19:00.143641+00:00,obs-20261007-01,LIGHT,ALGOUSDT,1.0,0.1182,0.1183,0.11825,8.460236886633776,5664776429,0.1182,0.1183,178,25,320663.82460000005,147784.0527999999,305507.1589999999,174275.61779999998,14193.395800000002,49174.77359999999,26030.2828,14187.771499999999,63375.2781,40933.793,153141.1709,68595.2266,198642.73909999998,92843.034
2026-10-08T06:19:00.143641+00:00,obs-20261007-01,LIGHT,XRPUSDT,1.0,1.4053,1.4054,1.4053499999999999,0.7115918309263947,26680510030,1.4053,1.4054,407,76,3144309.030750001,3526738.652809997,3150606.9569000015,3524026.5439100005,9169.82098,38791.63507000001,1238968.89705,1021075.7610299999,1694446.3365600002,1458051.23173,2445895.779530001,2305597.50205,3264949.4522300013,2517235.2460099994
2026-10-08T06:19:00.143641+00:00,obs-20261007-01,LIGHT,HBARUSDT,1.0,0.09296,0.09297,0.09296499999999999,1.0757314974174648,8394242405,0.09296,0.09297,273,14,387104.5560999999,368114.61350000004,392631.6831499998,362113.4614,1637.80838,1322.74673,153908.41043999998,132732.12158,289323.99231000006,236968.21382000003,455222.7529400002,387706.30896,829488.55542,748639.4400299999
2026-10-08T06:20:00.144070+00:00,obs-20261007-01,LIGHT,PEPEUSDT,1.0,4.02e-06,4.03e-06,4.025e-06,24.875621890549926,8828285143,4.02e-06,4.03e-06,173,13,110181.53425284,136639.92640387002,101026.62350863,127668.57708666999,6721.712616299999,883.0050788,113919.0575001,88374.91453973,269393.37730434,319063.58131341,561669.2083392501,701474.49849478,825173.64467923,1084076.18581796
2026-10-08T06:20:00.144070+00:00,obs-20261007-01,LIGHT,BNBUSDT,1.0,769.05,769.06,769.055,0.13003055718163736,20912427262,769.05,769.06,444,155,4721817.874840004,4088552.9048199994,4169480.944460001,3972461.5728100026,20614.11904,10462.054850000002,807607.3423800002,714392.9472799997,1445130.3781000013,1284846.531459999,3229425.7278000014,3210639.617209999,5917527.523300013,5118070.017920004
2026-10-08T06:20:00.144070+00:00,obs-20261007-01,LIGHT,AAVEUSDT,1.0,172.53,172.54,172.535,0.5796093433030336,10441196532,172.53,172.54,340,49,746968.3661600003,436657.0633699999,757668.2974700003,423595.14171000005,2102.3004599999995,1493.5497599999999,123778.15798000002,104755.70426999999,218678.65473999997,158424.75459999996,281459.2992599999,224937.72335000001,800080.9947099999,249183.93762000004
2026-10-08T06:20:00.144070+00:00,obs-20261007-01,LIGHT,AVAXUSDT,1.0,10.863,10.864,10.8635,0.9205560158354054,10522624788,10.863,10.864,313,26,1061304.51245,308376.06769000017,1075846.0253100006,312269.05889,1085.87854,3995.87986,166762.4664,151774.22748,303622.59739000007,249781.53327999997,391436.0837100001,339756.19814000005,470164.73387999996,358337.68996000016
2026-10-08T06:20:00.144070+00:00,obs-20261007-01,LIGHT,FILUSDT,1.0,1.0611,1.0613,1.0612,1.8848364904333614,9896830577,1.0611,1.0613,334,55,450913.2077029999,213610.01535999996,446491.0356870002,213981.07485599993,1608.171379,2392.4708590000014,88677.678573,74625.49631300001,187032.430539,152270.01246300005,258671.24971700003,223851.85277100006,349601.85712200025,292316.96025100007
2026-10-08T06:20:00.144070+00:00,obs-20261007-01,LIGHT,ALGOUSDT,1.0,0.1182,0.1183,0.11825,8.460236886633776,5664777604,0.1182,0.1183,189,7,266372.4952,97231.29390000003,265501.3240000001,82997.93210000002,1000.9129,542.9281,21000.772699999998,22674.5586,70108.92880000001,53280.64109999999,155676.4331,78273.23959999999,201024.9777,95753.26759999999
2026-10-08T06:20:00.144070+00:00,obs-20261007-01,LIGHT,XRPUSDT,1.0,1.4054,1.4055,1.40545,0.7115411982350217,26680515924,1.4054,1.4055,449,64,3482637.95102,3238532.4153200015,3234234.358100002,3385976.121240001,25673.32609,51888.547300000006,1232794.9319100003,920344.5819900002,1767327.0515700008,1480321.83093,2692365.187190001,2161362.7859899993,3507691.913430001,2374187.7267899993
2026-10-08T06:20:00.144070+00:00,obs-20261007-01,LIGHT,HBARUSDT,1.0,0.09295,0.09296,0.09295500000000001,1.0758472296923394,8394244828,0.09294,0.09295,319,32,646846.36165,797304.8199299999,629860.5104099999,837141.8959200002,2137.4825699999997,4405.30382,161027.36809,118905.68132999999,250750.60605000003,201685.44861999998,472208.60418000014,347301.16845999996,847187.64734,708287.0657099999
2026-10-08T06:21:00.144294+00:00,obs-20261007-01,LIGHT,PEPEUSDT,1.0,4.01e-06,4.02e-06,4.015e-06,24.937655860348684,8828286139,4.01e-06,4.02e-06,248,25,231412.84551244002,481552.11468627,346588.77446029003,346480.17135266983,23439.014600000002,2432.89735264,102419.93091103,95339.77708115999,312721.54788703,300329.09654401,548919.39665654,677612.47323946,801685.27652266,1071068.82146659
2026-10-08T06:21:00.144294+00:00,obs-20261007-01,LIGHT,BNBUSDT,1.0,768.18,768.19,768.185,0.13017782290791757,20912434510,768.18,768.19,470,184,6705327.34929,6071988.566459997,7181950.436429997,5774000.233890001,17099.639970000004,6441.909660000003,683467.5266200004,803973.2743799998,1463378.2987599997,1483235.9072500006,2980501.4455,3282772.5996099995,5953733.024230005,5102079.352469997
2026-10-08T06:21:00.144294+00:00,obs-20261007-01,LIGHT,AAVEUSDT,1.0,172.16,172.17,172.165,0.5808550185859573,10441199797,172.16,172.17,344,50,632753.3010400003,358402.5568599997,643834.4474800001,342689.27148,2287.0992300000003,747.45581,136573.01,83071.11046000001,210564.73647000003,135468.13073999996,288048.75187,205286.64608000006,808420.6963100001,244827.10620000013
2026-10-08T06:21:00.144294+00:00,obs-20261007-01,LIGHT,AVAXUSDT,1.0,10.842,10.843,10.842500000000001,0.9223390518342534,10522630675,10.842,10.843,413,77,2427774.5138000017,561433.0533300001,2416334.289919999,585955.5156799997,20941.39224,7595.49624,152389.11882000006,144722.97381,299075.28398999997,235781.5431499999,407172.65215999976,306605.39128999994,490664.65090999973,331553.1852800001
2026-10-08T06:21:00.144294+00:00,obs-20261007-01,LIGHT,FILUSDT,1.0,1.0576,1.0577,1.0576500000000002,0.9455370650535144,9896834560,1.0576,1.0577,417,38,542537.9220179999,400958.55869300006,604109.4695170001,338921.7359280002,2067.1724249999997,795.7367590000001,81845.21594699999,67817.415228,176247.253084,128517.49601100001,227406.01003300003,252745.25226100002,312836.6723950001,315263.7869509998
2026-10-08T06:21:00.144294+00:00,obs-20261007-01,LIGHT,ALGOUSDT,1.0,0.1178,0.1179,0.11785000000000001,8.48896434634927,5664778495,0.1178,0.1179,195,3,229842.34150000004,78959.2741,252943.37569999995,69064.0576,521.5418,0.0,37435.328,18875.1621,86508.01400000001,41747.360400000005,157247.0226,75820.1427,189371.62649999998,100518.3595
2026-10-08T06:21:00.144294+00:00,obs-20261007-01,LIGHT,XRPUSDT,1.0,1.4025,1.4026,1.4025500000000002,0.7130124777177116,26680525413,1.4025,1.4026,513,97,6816486.376629997,6677863.415389998,7074561.956090004,6688031.23669,62362.992620000005,52286.480160000014,1027095.5413699995,743026.12083,1569724.03076,1150680.62021,2516796.40393,2143097.1035899995,3387680.691489999,2358690.9184399988
2026-10-08T06:21:00.144294+00:00,obs-20261007-01,LIGHT,HBARUSDT,1.0,0.09269,0.0927,0.092695,1.0788650339854655,8394248444,0.09269,0.0927,366,49,1026412.4365199996,2190483.282850002,1091836.1911899995,2177468.7718499997,4974.73923,3196.7068899999995,156051.32732,116296.81202000001,263407.20046,195407.15821000002,432935.74996000016,350860.30811000016,792673.3232899999,693772.2980000003
2026-10-08T06:22:00.144608+00:00,obs-20261007-01,LIGHT,PEPEUSDT,1.0,4.01e-06,4.02e-06,4.015e-06,24.937655860348684,8828287523,4.01e-06,4.02e-06,271,24,553743.8060452301,599547.0860116902,517002.7452651299,575058.5685192697,6038.7916053399995,5794.233156109999,117012.84282456,80059.94467446,310201.50990456,272589.97687260003,555542.60695098,668867.2398807401,813853.11200382,1077133.29861148
2026-10-08T06:22:00.144608+00:00,obs-20261007-01,LIGHT,BNBUSDT,1.0,768.4,768.41,768.405,0.1301405517950549,20912442467,768.4,768.41,462,205,7801432.916810002,5144002.318509996,7824142.54948,5074938.624170002,11572.935870000001,43951.05456000002,651970.9146199995,859848.3498899998,1353554.7952199988,1514320.7716899994,2951649.7294299994,3448861.0405199984,5907027.587550002,5176694.093399997
2026-10-08T06:22:00.144608+00:00,obs-20261007-01,LIGHT,AAVEUSDT,1.0,172.1,172.11,172.10500000000002,0.5810575246956162,10441203639,172.1,172.11,335,72,714094.9854,384855.9185099999,757478.2202399997,365660.10203000007,9213.805119999999,5008.63913,101149.76464000002,95642.55814,182049.99089,153059.56189,249270.15388,222620.8011000001,772100.2215800002,260297.24696000016
2026-10-08T06:22:00.144608+00:00,obs-20261007-01,LIGHT,AVAXUSDT,1.0,10.834,10.835,10.8345,0.923020121839091,10522637555,10.834,10.835,435,100,2500060.8405899988,781987.0704500002,2560065.6533599994,745843.1994299999,16707.926860000003,9977.85386,121187.47922999997,152897.64465000003,269873.91636999993,254678.10825999998,347285.0111899998,341651.4051199998,423046.3500199998,366077.56674000004
2026-10-08T06:22:00.144608+00:00,obs-20261007-01,LIGHT,FILUSDT,1.0,1.0582,1.0583,1.0582500000000001,0.945000945000718,9896840168,1.0582,1.0583,477,76,832938.6282290003,540683.7580550003,834893.0205360011,555192.2448559998,1206.7053980000003,3364.1636940000008,65527.760605999996,50918.300575999994,170706.541089,137013.92006799998,221938.30888699996,237905.88842199993,306878.73541699996,299194.647246
2026-10-08T06:22:00.144608+00:00,obs-20261007-01,LIGHT,ALGOUSDT,1.0,0.1177,0.1178,0.11775,8.49617672047609,5664779491,0.1177,0.1178,233,3,171286.25500000003,76836.29380000004,190031.5131,70097.10480000006,390.27139999999997,117.8,57398.0809,20895.922599999998,103112.3594,46299.8231,145580.90029999998,79373.3447,178349.8523,99389.64619999997
2026-10-08T06:22:00.144608+00:00,obs-20261007-01,LIGHT,XRPUSDT,1.0,1.4019,1.402,1.4019499999999998,0.7133176403462116,26680537591,1.4019,1.402,559,112,6809976.954900004,7708958.012380003,7204375.203730001,7523380.406949997,40443.22853000001,55775.4553,908787.4968200003,809012.6295700001,1385445.4870800006,1214607.07179,2138910.354309999,2330159.942839999,3003677.5711699994,2532131.0721199987
2026-10-08T06:22:00.144608+00:00,obs-20261007-01,LIGHT,HBARUSDT,1.0,0.09266,0.09267,0.092665,1.079214331964895,8394252698,0.09266,0.09267,376,59,1047759.4980099997,1043413.7052400005,1074094.7451899995,1016341.7615200003,8772.668179999999,3922.6652999999997,146076.05366,126456.77363,255516.56139,181682.00311999998,407782.15252999996,370450.03649,767196.9800099997,722529.68768
2026-10-08T06:23:00.145589+00:00,obs-20261007-01,LIGHT,PEPEUSDT,1.0,4.01e-06,4.02e-06,4.015e-06,24.937655860348684,8828288454,4.01e-06,4.02e-06,211,12,157139.67169562,231691.40928036993,147081.93252347998,217013.00926215,7.4906599499999995,930.2784429599998,109653.94410417999,114810.52924691999,311434.78147218,297747.47656251,565600.3461231199,683545.63989896,816977.6652858699,1067319.70538379
2026-10-08T06:23:00.145589+00:00,obs-20261007-01,LIGHT,BNBUSDT,1.0,768.11,768.12,768.115,0.1301896863736829,20912449324,768.07,768.08,462,131,5437482.187320007,4385661.817159999,5510777.295110007,4376878.404710001,20611.689519999996,9793.18406,648290.1056100001,902997.8709899997,1392483.7331399994,1554840.5850500003,3046931.88257,3360145.676509998,5878287.852050002,5176676.778849996
2026-10-08T06:23:00.145589+00:00,obs-20261007-01,LIGHT,AAVEUSDT,1.0,171.91,171.92,171.915,0.5816997266006041,10441206643,171.91,171.92,344,43,654984.8168399999,302217.4341599999,644497.6833499998,289598.51705,3087.1521199999997,2951.17211,92471.12334,95191.20025000002,207245.00949999996,149100.27532999997,267527.75412999996,224166.06530000016,801598.9376400001,265823.11671000026
2026-10-08T06:23:00.145589+00:00,obs-20261007-01,LIGHT,AVAXUSDT,1.0,10.821,10.822,10.8215,0.9241290084083253,10522644873,10.821,10.822,453,139,2114747.5775499996,1318748.0765799992,2120163.0927899987,1319757.30947,18586.888020000006,23905.8469,109547.22398000001,155182.85432,261130.05418999994,254370.08074999996,372449.27185999986,340524.59976000007,448986.9239499998,363455.96959000017
2026-10-08T06:23:00.145589+00:00,obs-20261007-01,LIGHT,FILUSDT,1.0,1.0567,1.0568,1.05675,0.9463423866762355,9896844527,1.0567,1.0568,409,45,590414.9365900002,357920.3190449998,592978.8883520003,333657.6955739999,5209.214269000001,1563.614304,81981.62403500002,62493.039807999994,174330.67829900002,143529.01105899998,230275.05877099998,251547.01542600003,316093.093505,317519.8947359999
2026-10-08T06:23:00.145589+00:00,obs-20261007-01,LIGHT,ALGOUSDT,1.0,0.1175,0.1176,0.11754999999999999,8.510638297871687,5664780642,0.1175,0.1176,249,5,161273.8473999999,84645.63350000005,154145.69309999992,70403.946,5654.669400000001,0.0,39726.7862,19374.0125,124189.5397,46479.5152,159313.13479999997,81220.0705,188972.13169999997,93263.0292
2026-10-08T06:23:00.145589+00:00,obs-20261007-01,LIGHT,XRPUSDT,1.0,1.4006,1.4007,1.4006500000000002,0.7139797229749334,26680547007,1.4006,1.4007,501,94,5828091.82213,5877725.783049998,5684159.018109998,5967093.635759999,14779.92325,43870.99312999997,934999.6108299999,938891.8458999998,1535662.4117599998,1166210.3339099993,2309162.8411699985,2233859.194089999,3156003.0708499984,2434646.0150299985
2026-10-08T06:23:00.145589+00:00,obs-20261007-01,LIGHT,HBARUSDT,1.0,0.09262,0.09263,0.092625,1.0796804145973837,8394255692,0.0926,0.09261,356,36,1069704.9757999997,831751.3801100004,1058303.6167599994,833290.5111100001,1457.9074899999998,8580.596029999999,131162.72616999998,125522.19936999997,271690.93229,213703.47952999998,419265.9532500001,362238.77478,788007.1198200003,722299.1596599999
2026-10-08T06:24:00.154248+00:00,obs-20261007-01,LIGHT,PEPEUSDT,1.0,4e-06,4.01e-06,4.005e-06,24.999999999999467,8828290006,4e-06,4.01e-06,247,24,589505.09248181,751145.94851028,585557.3848776498,607911.49923839,5554.70282274,9078.177571619999,181817.932004,80206.56402914999,337878.44414887996,271753.53068450995,604687.8546261099,644514.5328697499,883050.36849045,1051746.39022895
2026-10-08T06:24:00.154248+00:00,obs-20261007-01,LIGHT,BNBUSDT,1.0,767.51,767.52,767.515,0.1302914619993878,20912454821,767.5,767.51,412,132,3883348.5107199997,4196061.25197,4245352.450159998,4315578.260010001,25428.746799999997,10093.77556,793664.0880999998,899572.4146699997,1249812.9285799998,1545560.1028000005,3612031.7625000034,3128928.1531899986,5728245.047450013,5168968.035689997
2026-10-08T06:24:00.154248+00:00,obs-20261007-01,LIGHT,AAVEUSDT,1.0,171.78,171.79,171.785,0.5821399464434052,10441210169,171.78,171.79,346,51,725220.3659099994,428617.63212,720990.6950999998,422459.4486100001,1965.3685500000004,5126.01646,126863.66448000004,100950.07969000001,205149.66256000014,141234.04961000002,279336.3861900001,220464.51662000013,805200.2417000001,262481.5929200003
2026-10-08T06:24:00.154248+00:00,obs-20261007-01,LIGHT,AVAXUSDT,1.0,10.811,10.812,10.811499999999999,0.9249838127822763,10522650073,10.811,10.812,396,84,2153056.1341299997,712778.9415100008,2128526.147240002,720698.7165300006,12344.99323,9092.114160000003,141206.18398,142968.10530000002,312892.22723,245129.8209100001,400126.16744999983,331184.8025600002,511620.4734399998,354276.624
2026-10-08T06:24:00.154248+00:00,obs-20261007-01,LIGHT,FILUSDT,1.0,1.0557,1.0559,1.0558,1.8944775978013695,9896847124,1.0557,1.0559,329,36,426830.71116999997,199187.2055440001,441313.6874809998,183125.8204770001,2028.4217039999999,336.831406,87873.272217,68966.896023,167476.82466900002,137963.250956,225702.9458630001,253954.62151500004,311948.669145,329676.81054399995
2026-10-08T06:24:00.154248+00:00,obs-20261007-01,LIGHT,ALGOUSDT,1.0,0.1174,0.1175,0.11745,8.517887563883608,5664781508,0.1174,0.1175,190,7,92349.92260000002,50399.34720000001,94185.55180000003,43573.58850000001,247.68999999999997,435.1646,67469.6779,16220.289999999999,128514.83009999999,52536.6158,160107.86269999997,85900.32669999999,188200.5128,99404.75839999999
2026-10-08T06:24:00.154248+00:00,obs-20261007-01,LIGHT,XRPUSDT,1.0,1.3991,1.3992,1.3991500000000001,0.7147451933375848,26680554433,1.3991,1.3992,462,121,4875182.673509998,4910392.466509998,4984935.595979999,4865898.871520001,81548.67039999999,87642.26617,918288.4218299999,961008.98621,1449473.2134899995,1134789.1062399999,2229100.9809099995,2274070.053890001,3051684.558299999,2471757.3564000013
2026-10-08T06:24:00.154248+00:00,obs-20261007-01,LIGHT,HBARUSDT,1.0,0.09248,0.09249,0.09248500000000001,1.0813148788924032,8394257922,0.09248,0.09249,317,30,423301.53819999984,846594.3172,430294.15722000017,811552.0449000004,838.4031,4518.60654,173851.02801999997,131432.1391,272294.31233999995,184404.20530000006,413043.4733899999,391004.83600999997,784188.82822,743205.7347399998
2026-10-08T06:25:00.159573+00:00,obs-20261007-01,LIGHT,PEPEUSDT,1.0,4e-06,4.01e-06,4.005e-06,24.999999999999467,8828290386,4e-06,4.01e-06,152,18,38425.16818762001,236100.98502618002,42570.37866769001,231308.83820631998,76.46461199999999,1975.93268092,186146.230456,71627.41206321999,339250.19416471,265794.53732554,600542.64414604,649306.67968961,878364.3689486,1033703.23153056
2026-10-08T06:25:00.159573+00:00,obs-20261007-01,LIGHT,BNBUSDT,1.0,767.46,767.47,767.465,0.13029995048485787,20912458642,767.46,767.47,437,102,1340990.8915899997,1983763.1970100014,1107846.869559999,1597956.7173699993,20048.669380000003,8601.251359999998,818419.0853799997,843635.05902,1481588.3320600004,1583612.5281900007,3863380.832130003,3514647.0407399996,5960292.893550011,5432038.473289996
2026-10-08T06:25:00.159573+00:00,obs-20261007-01,LIGHT,AAVEUSDT,1.0,171.88,171.89,171.885,0.5818012566893849,10441212047,171.88,171.89,286,30,542518.4574600002,155044.85349999997,523007.3947199999,163267.86458000008,2541.5774300000003,548.57521,127636.55298,93528.5195,230572.84134000004,145450.34814,288550.58931999997,217184.58108000012,830501.17078,250305.05510000017
2026-10-08T06:25:00.159573+00:00,obs-20261007-01,LIGHT,AVAXUSDT,1.0,10.802,10.803,10.8025,0.925754489911057,10522654827,10.802,10.803,393,93,1807898.4247099997,523379.9050499998,1782622.8971099998,509173.1806299998,34785.51872999999,10675.37288,184524.50559000002,163140.39595000003,334710.69602000003,261852.3552400001,444987.58710000006,340805.9297100001,542603.6773299999,362537.22292000003
2026-10-08T06:25:00.159573+00:00,obs-20261007-01,LIGHT,FILUSDT,1.0,1.0557,1.0559,1.0558,1.8944775978013695,9896849696,1.0557,1.0559,345,25,383057.81687600014,154781.81425099997,362738.00315800007,173941.184617,1451.7146160000002,551.618445,96266.37108299998,70631.03636299999,178840.555939,138968.091502,246022.75958100002,234795.25114900008,331650.9965569999,310291.503467
2026-10-08T06:25:00.159573+00:00,obs-20261007-01,LIGHT,ALGOUSDT,1.0,0.1173,0.1174,0.11735000000000001,8.525149190110604,5664782124,0.1173,0.1174,189,6,71998.94060000002,41449.42330000003,79796.82190000002,38291.1852,1259.8194,301.25710000000004,58305.833,15121.842,122053.37079999999,52200.5987,154201.25259999995,75440.08260000001,182606.70599999995,97751.7386
2026-10-08T06:25:00.159573+00:00,obs-20261007-01,LIGHT,XRPUSDT,1.0,1.3992,1.3993,1.3992499999999999,0.7146941109215099,26680557329,1.3992,1.3993,394,48,1391031.3830300008,1567881.7916,1364852.830510001,1662181.2797800002,17610.83323,5934.616500000001,913370.6945100002,913047.4480099999,1474961.5684199997,1068854.3730600001,2255171.7648699987,2180302.175940001,3073363.2044199985,2377176.0913300016
2026-10-08T06:25:00.159573+00:00,obs-20261007-01,LIGHT,HBARUSDT,1.0,0.09246,0.09247,0.09246499999999999,1.081548777850383,8394259068,0.09246,0.09247,246,11,140642.85242000004,462028.7218300001,125646.77823999999,463632.4421300002,427.81472,2584.38547,191265.31892999995,122879.85564999998,286687.5998799999,216266.23238,428045.13272999984,381956.14572,799631.2612899999,733665.0612599999
2026-10-08T06:26:00.178380+00:00,obs-20261007-01,LIGHT,PEPEUSDT,1.0,4e-06,4.01e-06,4.005e-06,24.999999999999467,8828290859,4e-06,4.01e-06,163,15,117985.95145955,201366.09597666006,143383.64955862,285283.42278805,64.461264,910.3717657799998,143252.02332399998,89041.13968188,313789.06112967996,263742.11031978,575144.94604697,565389.35287822,852336.14048836,842300.5779157399
2026-10-08T06:26:00.178380+00:00,obs-20261007-01,LIGHT,BNBUSDT,1.0,767.09,767.1,767.095,0.13036279967071351,20912465027,767.09,767.1,408,156,5836404.3299899995,5285868.826709998,6175375.678990002,5719122.582930003,91543.57518,14057.464030000003,706172.6060000006,870181.3236400002,1245890.481650001,1322256.0716100005,3530185.7621500036,2919826.5817800025,5917437.5994000165,5183862.010360001
2026-10-08T06:26:00.178380+00:00,obs-20261007-01,LIGHT,AAVEUSDT,1.0,171.7,171.71,171.70499999999998,0.5824111822949618,10441214899,171.7,171.71,320,35,647855.9694500003,245548.11505999995,681166.5760199999,234787.50100999995,1324.8015199999998,906.75695,101234.54841,98798.81494,161125.5932800001,140376.73718999999,735345.1060600001,219864.14891,802399.4406000002,258721.62157000002
2026-10-08T06:26:00.178380+00:00,obs-20261007-01,LIGHT,AVAXUSDT,1.0,10.792,10.793,10.7925,0.9266123054119113,10522660082,10.792,10.793,422,63,1787491.1502900014,604725.3697300002,1798527.9246400008,646957.8793899998,3801.592739999999,7322.42955,198835.49172999995,139697.96577,331693.7447899999,227135.36133000004,434718.51402999973,298220.29448,533057.5372499994,320158.74197999993
2026-10-08T06:26:00.178380+00:00,obs-20261007-01,LIGHT,FILUSDT,1.0,1.0546,1.0548,1.0547,1.896453631708983,9896852680,1.0543,1.0544,338,35,561386.7298630001,228983.75209799997,574550.7221189998,210598.61370000005,1821.4066499999997,886.7555590000002,65468.74788000001,67865.97323999999,158139.21844500003,140419.91488499998,236363.0096100001,245173.37062500004,315920.85111799993,324112.3436849999
2026-10-08T06:26:00.178380+00:00,obs-20261007-01,LIGHT,ALGOUSDT,1.0,0.1172,0.1173,0.11725,8.532423208191808,5664782800,0.1172,0.1173,181,7,85319.55339999998,50706.89269999997,99078.8654,44881.958299999984,4887.5391,371.27020000000005,58968.042,18201.4757,113243.289,49272.72410000001,146576.6646,79869.4425,179735.0627,96536.49220000001
2026-10-08T06:26:00.178380+00:00,obs-20261007-01,LIGHT,XRPUSDT,1.0,1.3974,1.3975,1.39745,0.7156147130382706,26680566376,1.3974,1.3975,494,139,5653506.555550003,4944290.772019996,5575573.4239099985,4898599.69195,113259.19328999997,105858.75704,931664.9935599999,871659.8671200001,1292036.2577899997,1111173.2910800003,2389996.8602199983,2097345.93322,3276693.095789999,2417782.1085000006
2026-10-08T06:26:00.178380+00:00,obs-20261007-01,LIGHT,HBARUSDT,1.0,0.09236,0.09237,0.092365,1.0827197921181586,8394261319,0.09236,0.09237,297,36,553090.5983399999,1097633.8071000008,591665.5501900001,1094369.7191599999,3178.22909,8692.351289999999,142341.23596000002,111208.56347,255172.54846000008,211891.37941999998,405584.03308000014,381446.63025999995,762587.8072600003,733704.0367999998
2026-10-08T06:27:00.182246+00:00,obs-20261007-01,LIGHT,PEPEUSDT,1.0,4e-06,4.01e-06,4.005e-06,24.999999999999467,8828291359,4e-06,4.01e-06,175,20,32894.723827789996,443105.20397660986,50938.07896943,361245.62028458994,1259.4842919999999,1325.76203574,127303.566368,89191.60538005999,295647.19496786,271433.92091881996,557101.59090533,647248.93657024,834288.3788167201,1007421.2358894999
2026-10-08T06:27:00.182246+00:00,obs-20261007-01,LIGHT,BNBUSDT,1.0,766.64,766.65,766.645,0.1304393196277509,20912469585,766.64,766.65,451,117,3261503.2201299993,4266580.780859999,3418934.1907099993,3940230.887249999,92708.70492,1661.01773,741379.87043,657944.4397399995,1302570.2407699989,1459390.1728300003,3541417.213920003,3242227.2848599995,5952220.13544002,5246277.243179995
2026-10-08T06:27:00.182246+00:00,obs-20261007-01,LIGHT,AAVEUSDT,1.0,171.7,171.71,171.70499999999998,0.5824111822949618,10441217628,171.7,171.71,343,49,619017.9715700005,317780.66819999996,629600.0955399995,347848.64868000004,24413.354259999996,3593.4964799999984,81825.79831000003,68250.07242,156672.72082000008,118798.87537000002,724513.4514500002,189708.42481000006,796794.1492199999,232479.9191600001
2026-10-08T06:27:00.182246+00:00,obs-20261007-01,LIGHT,AVAXUSDT,1.0,10.782,10.783,10.782499999999999,0.9274717121132703,10522664252,10.782,10.783,416,73,1332631.5388899988,442863.24905999977,1348739.828640001,391350.96747999993,3437.4507700000004,4579.48127,149765.57092,158417.10319,302901.74140999996,263514.62959,418893.13521999976,349563.75395,520461.86628999974,364168.88967999996
2026-10-08T06:27:00.182246+00:00,obs-20261007-01,LIGHT,FILUSDT,1.0,1.054,1.0542,1.0541,1.8975332068316142,9896855188,1.054,1.0542,329,17,341263.5363809998,161821.78083000006,340899.06329200004,147198.10587,1182.711914,235.53919499999998,92877.81507000001,70091.767002,181546.22920000003,130229.399156,244123.46658100002,245949.2895940001,322556.0049559999,334579.1076779999
2026-10-08T06:27:00.182246+00:00,obs-20261007-01,LIGHT,ALGOUSDT,1.0,0.1171,0.1172,0.11715,8.53970964987294,5664783227,0.1171,0.1172,130,3,56697.5046,54880.04750000002,53513.51660000001,48137.43469999999,46.6456,284.91319999999996,50552.5144,14325.671000000002,120569.4972,47387.612199999996,151637.41659999997,83107.88889999999,184311.13589999996,93473.21289999998
2026-10-08T06:27:00.182246+00:00,obs-20261007-01,LIGHT,XRPUSDT,1.0,1.3971,1.3972,1.39715,0.7157683773528767,26680574795,1.3971,1.3972,511,162,3767476.28125,4263790.16826,3595553.8532699966,4364736.31201,82072.22331999999,239981.5355999999,1218163.30419,725828.9535399999,1564423.72227,1009441.4187800001,2562486.3205499994,1997257.1965000008,3450509.7370100003,2316571.9805900007
2026-10-08T06:27:00.182246+00:00,obs-20261007-01,LIGHT,HBARUSDT,1.0,0.09229,0.0923,0.09229499999999999,1.0835410120257905,8394263012,0.09229,0.0923,327,37,425991.37606000004,806821.0234399999,419075.5802599999,805298.60089,10045.59624,8334.85017,155222.64548,95538.56755999998,253363.06103999994,215072.18065999995,412897.95926000003,372038.88086000003,775893.1661299999,735009.5384399998
2026-10-08T06:28:00.188821+00:00,obs-20261007-01,LIGHT,PEPEUSDT,1.0,4e-06,4.01e-06,4.005e-06,24.999999999999467,8828292091,4e-06,4.01e-06,182,16,56272.21729312998,57134.100665820006,79942.79801743999,50037.42955114002,417.884228,905.8646781599999,122899.304324,89175.15087438,272295.19183277,267532.13069669995,533431.01018102,654345.60768492,828189.3005908601,1014287.1797053501
2026-10-08T06:28:00.188821+00:00,obs-20261007-01,LIGHT,BNBUSDT,1.0,766.76,766.77,766.765,0.13041890552401014,20912477158,766.76,766.77,443,220,6423161.583019999,5135147.684280003,6312946.084380006,5122835.063630001,16779.597869999998,99212.71368999998,685046.1472799999,777666.5797399997,1289485.6640199993,1590192.2231700008,3506065.2568400004,3256069.3258599997,5982978.905550018,5343596.212779994
2026-10-08T06:28:00.188821+00:00,obs-20261007-01,LIGHT,AAVEUSDT,1.0,171.82,171.83,171.825,0.582004423235194,10441220516,171.82,171.83,302,57,981492.9583800002,222323.97822999998,974563.6685000008,216793.55032000004,2859.6631699999994,8300.40344,68807.60267,88534.30982000001,135574.51801000003,134239.89651000005,255706.4990900001,200206.20331000013,797531.03415,239793.73703000013
2026-10-08T06:28:00.188821+00:00,obs-20261007-01,LIGHT,AVAXUSDT,1.0,10.774,10.775,10.7745,0.9281603861155396,10522670473,10.774,10.775,403,113,2052181.1060200008,626648.8423999998,2061434.3756000006,655182.9470900005,13646.15382,6158.145400000001,138793.50831,136628.24361,294348.15334,244889.34318999993,411921.34849,320398.11626999994,510599.76438,333651.19024999987
2026-10-08T06:28:00.188821+00:00,obs-20261007-01,LIGHT,FILUSDT,1.0,1.0526,1.0528,1.0527,1.9000570017091434,9896858714,1.0526,1.0528,359,46,394171.8139000001,327635.13633799966,410323.0469329999,323585.7964569999,3214.1181470000006,3072.168976,92903.080874,78699.237028,173800.309509,138013.30852400005,239746.44353499988,241170.79525300008,310223.3306189998,329483.919817
2026-10-08T06:28:00.188821+00:00,obs-20261007-01,LIGHT,ALGOUSDT,1.0,0.1171,0.1172,0.11715,8.53970964987294,5664783885,0.1171,0.1172,178,5,56950.51420000002,58842.782699999974,55186.00210000001,60394.8969,0.0,754.3571,45362.43000000001,16224.8822,122913.26350000002,51418.4394,153401.9287,81555.7747,185265.62889999998,91922.9677
2026-10-08T06:28:00.188821+00:00,obs-20261007-01,LIGHT,XRPUSDT,1.0,1.3974,1.3975,1.39745,0.7156147130382706,26680582900,1.3974,1.3975,491,138,4261027.58275,5034559.893509994,4142629.1188399983,4964075.116560003,93069.98289,209402.14402,1181605.4362599999,839111.49086,1560115.935899999,1048122.2191300001,2678061.039209997,2069406.0608500002,3567151.8225599984,2389187.0058500003
2026-10-08T06:28:00.188821+00:00,obs-20261007-01,LIGHT,HBARUSDT,1.0,0.0923,0.09231,0.092305,1.0834236186352264,8394265483,0.0923,0.09231,299,35,434692.1268100001,400198.50385999976,471684.70781,410484.32847,2268.62432,6111.5187799999985,111312.15814000001,97663.26317,224480.41398,200563.91459,375905.37825999997,362472.62143,747184.6103099997,724136.4892299997
2026-10-08T06:29:00.212935+00:00,obs-20261007-01,LIGHT,PEPEUSDT,1.0,4e-06,4.01e-06,4.005e-06,24.999999999999467,8828292681,4e-06,4.01e-06,160,13,17596.17484391,63943.3224106,28516.901284459997,174238.71518744997,844.529072,955.96330038,123253.77769599999,85187.71904611,261080.94877353997,245250.16704918997,522510.28374046995,544050.21490807,817268.5741496801,815978.3578016601
2026-10-08T06:29:00.212935+00:00,obs-20261007-01,LIGHT,BNBUSDT,1.0,766.83,766.84,766.835,0.13040700024724572,20912485096,766.83,766.84,462,141,4307721.478430002,2550659.9374700002,4325105.170410001,2556151.676179999,22728.89022000001,6197.201179999996,688230.0812999998,897094.3059399996,1276085.036989999,1588632.8882900006,3486729.860000001,3251369.8531900006,5966999.888260018,5335895.894229996
2026-10-08T06:29:00.212935+00:00,obs-20261007-01,LIGHT,AAVEUSDT,1.0,172.0,172.01,172.005,0.58139534883761,10441223642,172.0,172.01,315,38,1112532.7073600001,232626.44220999995,1103173.5690500003,262423.89529999986,2208.0238099999997,950.8635400000001,48765.697639999984,69205.07601,122984.84177,120475.83162999997,254432.54338000002,174077.92209,782030.42787,211890.48264
2026-10-08T06:29:00.212935+00:00,obs-20261007-01,LIGHT,AVAXUSDT,1.0,10.794,10.796,10.795,1.8528812303131303,10522677021,10.794,10.796,436,86,2189621.6657799995,744420.1863899999,2117680.615470002,794596.7820899998,1819.35832,18162.19126,165994.02204999997,144730.09761,297829.35189,246262.21575999996,481213.63982000004,271073.30597,570685.9928599996,288834.5556399999
2026-10-08T06:29:00.212935+00:00,obs-20261007-01,LIGHT,FILUSDT,1.0,1.0535,1.0538,1.0536500000000002,2.8476506881824903,9896862637,1.0535,1.0538,401,46,500536.16184999986,374278.6323319995,462127.6892639997,400091.0250509999,3043.9042310000004,966.1001940000001,79722.64331800002,71216.313155,181437.848282,140778.59563000003,270373.90893200005,226711.66194600004,348008.82362199994,312169.358213
2026-10-08T06:29:00.212935+00:00,obs-20261007-01,LIGHT,ALGOUSDT,1.0,0.1171,0.1172,0.11715,8.53970964987294,5664785682,0.1171,0.1172,224,15,120883.56940000002,91977.65959999998,125501.02109999995,93407.3239,86.0786,965.4936,33464.7176,21830.6912,122551.5374,50713.269700000004,148784.477,80126.1104,174199.74149999997,87282.64440000002
2026-10-08T06:29:00.212935+00:00,obs-20261007-01,LIGHT,XRPUSDT,1.0,1.3979,1.398,1.3979499999999998,0.7153587524144633,26680590136,1.3979,1.398,481,125,4631251.481130003,3791463.525079998,4475991.346700004,3794544.361249999,61315.79619,84698.35452,1334555.4288599999,933322.65301,1817928.5575299999,1181626.6317900002,2829861.9150799983,2068491.4053500006,3709635.316729998,2391159.8789000004
2026-10-08T06:29:00.212935+00:00,obs-20261007-01,LIGHT,HBARUSDT,1.0,0.0924,0.09241,0.092405,1.082251082251684,8394268186,0.0924,0.09241,301,27,542824.5513199999,558408.8696799998,485322.8705200002,593356.9821099997,2898.98304,2999.4509200000007,132875.26262,92569.24339999999,244425.85158,188073.53272000002,431862.84463999997,336367.61555000005,803378.9890400001,686701.1309599997
2026-10-08T06:30:00.213865+00:00,obs-20261007-01,LIGHT,PEPEUSDT,1.0,4e-06,4.01e-06,4.005e-06,24.999999999999467,8828293592,4e-06,4.01e-06,193,18,340226.17736522004,605637.2742740001,284663.1753463,438500.96350805997,11820.85204464,5143.024982869999,150022.18244,96723.53582901,293807.18621402,286603.36996071,550182.58286643,663193.73344626,843851.5931905401,1032774.05730624
2026-10-08T06:30:00.213865+00:00,obs-20261007-01,LIGHT,BNBUSDT,1.0,766.21,766.22,766.215,0.1305125226758186,20912491237,766.21,766.22,406,159,3102425.9219500003,3894449.4878099975,3242120.225710002,3800815.805230001,74649.87506999997,22092.913970000005,762722.7291200001,935366.0659,1305839.9023999996,1498218.3796200005,3716787.7235100004,3164074.7383500026,6135274.822170018,5301516.628649996
2026-10-08T06:30:00.213865+00:00,obs-20261007-01,LIGHT,AAVEUSDT,1.0,171.88,171.89,171.885,0.5818012566893849,10441227225,171.87,171.88,358,64,1371156.6326400007,349485.2078499999,1359005.9262600017,306788.21916,10688.911430000004,3502.15112,82853.37369999998,94585.42465000002,161843.86686999997,145870.02914000006,269176.79899000004,216000.81872000016,808865.5957799997,253963.28603000013
2026-10-08T06:30:00.213865+00:00,obs-20261007-01,LIGHT,AVAXUSDT,1.0,10.8,10.801,10.8005,0.9259259259253305,10522682776,10.8,10.801,429,71,1974864.2653600008,732982.3768199998,1975950.3339899997,751272.2986799998,33273.39059999999,5841.291440000001,157579.88066999995,131606.35058,289068.98720999993,225381.45287999997,476966.7040299997,252343.87691999998,566923.8727599995,269597.6869999998
2026-10-08T06:30:00.213865+00:00,obs-20261007-01,LIGHT,FILUSDT,1.0,1.0531,1.0532,1.05315,0.9495774380408051,9896867012,1.0531,1.0532,360,72,395517.8414490002,367797.7818159999,422787.133714,363469.6172689999,2411.1273409999994,3067.898588999998,68533.08970699999,63720.478856,153075.68373500003,134062.501373,247611.54662599994,226809.379863,321253.25089099986,316918.048918
2026-10-08T06:30:00.213865+00:00,obs-20261007-01,LIGHT,ALGOUSDT,1.0,0.1171,0.1172,0.11715,8.53970964987294,5664786514,0.1171,0.1172,190,7,72980.6834,94297.4286,71928.9969,92465.11610000001,1404.7592,511.88160000000005,51057.0313,9311.7597,127024.76900000001,41124.177899999995,149836.1635,81958.4229,185027.15199999997,93531.61560000003
2026-10-08T06:30:00.213865+00:00,obs-20261007-01,LIGHT,XRPUSDT,1.0,1.3976,1.3977,1.39765,0.7155123068125491,26680597298,1.3975,1.3976,478,108,4696822.977259998,4393883.189709999,5214049.017559995,4197553.60983,292476.93025000003,51274.903730000005,781720.6548100001,994845.1260200001,1280690.0456800002,1252066.3567599999,2315517.372229999,2265130.4443099992,3208952.165579998,2584656.3509899992
2026-10-08T06:30:00.213865+00:00,obs-20261007-01,LIGHT,HBARUSDT,1.0,0.09244,0.09245,0.092445,1.081782778018514,8394270683,0.09244,0.09245,315,41,1221700.964440001,909694.7263000001,1227484.6422599994,876979.68171,10204.45069,3069.2976099999996,143198.57091,125469.55632,254198.67616000006,232571.52433000004,425461.6275400001,375050.0746600001,795540.7767000002,729167.49244
2026-10-08T06:31:00.214805+00:00,obs-20261007-01,LIGHT,PEPEUSDT,1.0,4e-06,4.01e-06,4.005e-06,24.999999999999467,8828294016,4e-06,4.01e-06,203,16,206427.84577329995,282521.7776271699,88500.39336064999,275199.32151924,3369.689348,1011.65183453,130932.316568,123324.48988879999,322890.49064735,300897.13769779995,668110.03527908,670516.18955419,962087.41643494,1030600.6165839699
2026-10-08T06:31:00.214805+00:00,obs-20261007-01,LIGHT,BNBUSDT,1.0,766.0,766.01,766.005,0.13054830287240193,20912497637,766.0,766.01,465,157,2147043.157359999,2522974.3104699976,2122879.12555,2709878.7272600005,30219.766560000007,36170.400830000006,769468.2914299999,693552.2434500002,1327467.01129,1473783.9231200002,3746568.94446,2973583.9959700024,6179860.103220017,5112292.888
2026-10-08T06:31:00.214805+00:00,obs-20261007-01,LIGHT,AAVEUSDT,1.0,171.85,171.86,171.85500000000002,0.5819028222298073,10441230232,171.85,171.86,315,37,982284.4672299993,241955.6554299999,982079.7671299997,246714.1403899999,2147.5631,3063.0460700000003,80013.78099,89661.38073000002,139562.61668,135839.26491000009,269154.6035400001,210831.65650000022,810223.1437899997,248727.8739400002
2026-10-08T06:31:00.214805+00:00,obs-20261007-01,LIGHT,AVAXUSDT,1.0,10.795,10.796,10.7955,0.9263547938864747,10522687338,10.795,10.796,377,60,1363305.3094799996,564836.3827900003,1367377.8944199998,526053.6381400004,1292.5424700000003,15511.292389999995,162429.6317,160590.67285,323661.54490000004,259010.18854999996,473853.65426,291090.5202899998,563528.4088199997,309358.2799399997
2026-10-08T06:31:00.214805+00:00,obs-20261007-01,LIGHT,FILUSDT,1.0,1.0531,1.0532,1.05315,0.9495774380408051,9896870648,1.0531,1.0532,380,48,342589.56873699976,320234.2227969999,338901.23161200015,315025.0466990001,6754.665251000001,1546.516412,73796.124012,78576.221442,146132.19928799997,146713.35589099998,251299.88375099987,232018.55596099998,328821.7381719997,322127.221203
2026-10-08T06:31:00.214805+00:00,obs-20261007-01,LIGHT,ALGOUSDT,1.0,0.1171,0.1172,0.11715,8.53970964987294,5664787436,0.1171,0.1172,229,6,87411.4961,113488.39570000004,84948.23790000004,104462.2626,218.8124,520.4802000000001,49341.0223,15780.1587,126725.4509,56082.31739999999,152299.4217,90984.55599999998,187543.2987,102557.74870000001
2026-10-08T06:31:00.214805+00:00,obs-20261007-01,LIGHT,XRPUSDT,1.0,1.3962,1.3963,1.3962500000000002,0.716229766508647,26680604096,1.3962,1.3963,479,98,3661670.2072300017,4414867.4664199995,3701488.29385,4379053.929420003,149878.81738999998,75390.15338999999,964804.9027100002,1095905.16115,1310776.9841200006,1277034.8096999996,2296052.12175,2298466.349450002,3207096.4394899993,2611635.7061800025
2026-10-08T06:31:00.214805+00:00,obs-20261007-01,LIGHT,HBARUSDT,1.0,0.09234,0.09235,0.09234500000000001,1.0829542993273655,8394273040,0.09234,0.09235,341,22,388615.91859,940261.9887299996,422150.28263,913958.9151300003,885.63873,2127.9818600000003,140501.27153,134025.70419,224090.70687000005,192025.25499000002,392736.66992,398632.34533,763678.6693100001,745587.6062799998
2026-10-08T06:32:00.214805+00:00,obs-20261007-01,LIGHT,PEPEUSDT,1.0,4e-06,4.01e-06,4.005e-06,24.999999999999467,8828294487,4e-06,4.01e-06,166,5,152723.86029135,25272.68096468,153849.47088983003,22782.825545160005,0.0,618.96921613,128191.238516,124930.91382152,322016.30444440997,302774.01310423994,666984.4246806,673006.04497371,961211.9263301899,1033090.47200349
2026-10-08T06:32:00.214805+00:00,obs-20261007-01,LIGHT,BNBUSDT,1.0,765.63,765.64,765.635,0.13061139192638294,20912500782,765.63,765.64,352,97,2073319.3602499997,2480188.386520001,2387492.1001199996,2238679.4676199993,60744.49236999998,9004.00706,710757.26074,879528.8388499998,1640239.4222099988,1469401.20385,3609446.0672599995,3212479.9572600042,6196319.244890017,5092965.229839998
2026-10-08T06:32:00.214805+00:00,obs-20261007-01,LIGHT,AAVEUSDT,1.0,171.81,171.82,171.815,0.5820382981203132,10441232025,171.81,171.82,272,23,674496.9747300001,190882.36882000006,647855.0717699997,189390.52634000004,2825.16095,708.70933,124750.08905999997,96369.7174,185277.84789000003,146190.26991999996,297901.0634200001,212043.85337000008,832957.9677099996,251650.9854200001
2026-10-08T06:32:00.214805+00:00,obs-20261007-01,LIGHT,AVAXUSDT,1.0,10.79,10.791,10.7905,0.9267840593163434,10522690006,10.79,10.791,334,29,934262.2245599997,426106.04138,956318.8015000008,399308.7991,1174.3639099999998,2146.34218,152227.37026999998,165980.60916,288677.4321800001,268206.49382999993,451931.62260999996,317698.21292999986,543734.3498299997,335534.1937399998
2026-10-08T06:32:00.214805+00:00,obs-20261007-01,LIGHT,FILUSDT,1.0,1.0521,1.0523,1.0522,1.9009599847930048,9896872832,1.0521,1.0523,295,22,232781.67340500013,253159.6848260002,242268.81573400003,223131.66741299984,883.4082920000001,667.5741499999999,97033.683968,90394.07610800002,164129.84588899996,154474.471572,260986.79656099985,258513.69978899998,328641.82007699984,345882.38429499976
2026-10-08T06:32:00.214805+00:00,obs-20261007-01,LIGHT,ALGOUSDT,1.0,0.1171,0.1172,0.11715,8.53970964987294,5664787683,0.1171,0.1172,106,2,18827.19380000001,67230.97640000001,17956.218500000003,65391.4145,0.0,332.14480000000003,49216.330700000006,26611.4329,127762.2775,60919.285,153170.397,92824.1179,188722.6145,104397.31060000003
2026-10-08T06:32:00.214805+00:00,obs-20261007-01,LIGHT,XRPUSDT,1.0,1.3956,1.3957,1.3956499999999998,0.716537689882113,26680608716,1.3956,1.3957,461,115,2972778.7058400004,2482548.405750001,2815953.189060002,2642916.6914099995,111996.12849,84516.93664999999,909551.04425,954368.2087200001,1603264.3551799995,1121856.1464699993,2457607.358339999,2129859.9683499997,3368062.413749998,2449020.01202
2026-10-08T06:32:00.214805+00:00,obs-20261007-01,LIGHT,HBARUSDT,1.0,0.09228,0.09229,0.092285,1.0836584308626662,8394274249,0.09228,0.09229,248,6,346719.5459300001,661652.5913800002,351580.6415399999,659166.0369500002,45.41898,98.95776000000001,134020.85343000002,145043.82317999998,236726.74759999997,191391.82663999998,388212.0392599999,396291.2010799999,759694.8896899999,752202.0211799997
2026-10-08T06:33:00.214839+00:00,obs-20261007-01,LIGHT,PEPEUSDT,1.0,4e-06,4.01e-06,4.005e-06,24.999999999999467,8828295642,4e-06,4.01e-06,231,26,406506.94307266996,451500.70889279,452890.1567424099,407468.83526013,15145.942208000002,1119.62920077,63795.026423999996,182658.62862205,274556.51557242,341537.79347628995,620601.21101086,717037.91860637,940467.3637975301,1077174.1409039001
2026-10-08T06:33:00.214839+00:00,obs-20261007-01,LIGHT,BNBUSDT,1.0,765.55,765.56,765.555,0.13062504081950976,20912507565,765.55,765.56,468,174,5213942.464130002,3574286.615420003,5202515.062160007,3429535.1868699994,17005.591270000008,45491.36758,694764.9473399997,893402.8220599999,1373293.0230999996,1414619.7493200002,3624397.0161999995,3163717.6643300047,6219169.279000018,5040168.297009998
2026-10-08T06:33:00.214839+00:00,obs-20261007-01,LIGHT,AAVEUSDT,1.0,171.89,171.9,171.89499999999998,0.5817674093910874,10441234994,171.89,171.9,307,60,663827.4193299996,240936.58058999985,672668.2889100001,254071.04216,8644.717350000003,5361.00893,100773.3306,87264.93405,173019.18670000005,141236.12977,284394.32579000003,200791.8525000001,811524.8178499998,233817.3469000001
2026-10-08T06:33:00.214839+00:00,obs-20261007-01,LIGHT,AVAXUSDT,1.0,10.799,10.801,10.8,1.8520233354957227,10522694114,10.799,10.801,386,69,1411506.1674999997,472113.7271099999,1372029.4933000016,516189.2362300002,15753.267940000003,27128.38954000001,172355.86896999992,159638.98150999995,286893.9628199999,245835.5342699999,490319.7761899999,273848.3547299999,580376.5893799996,290658.05755999987
2026-10-08T06:33:00.214839+00:00,obs-20261007-01,LIGHT,FILUSDT,1.0,1.052,1.0521,1.05205,0.9505703422041378,9896875804,1.052,1.0521,355,42,275418.6323509999,248259.47980799992,282765.85763800004,251475.40557900007,1147.394013,1839.0266269999997,82878.42790999998,80847.20795,148150.72211999996,148672.77197400006,253637.1457739999,251984.480958,321730.14039899985,340486.6014849997
2026-10-08T06:33:00.214839+00:00,obs-20261007-01,LIGHT,ALGOUSDT,1.0,0.1171,0.1172,0.11715,8.53970964987294,5664788771,0.1171,0.1172,178,18,60119.52199999998,111570.03259999999,64041.429500000006,108059.67000000001,225.65169999999998,1953.0208,39688.15180000001,23260.4258,119286.2779,62845.303499999995,149248.48949999997,96334.4805,185289.0975,107907.67320000003
2026-10-08T06:33:00.214839+00:00,obs-20261007-01,LIGHT,XRPUSDT,1.0,1.396,1.3961,1.3960499999999998,0.7163323782233277,26680615710,1.396,1.3961,459,141,3777911.3299400005,4297817.77416,3755890.4551500003,4327133.6268000025,110923.24798,230274.39425999997,1032330.8581199998,952245.92137,1344520.37756,1096907.8356599999,2475624.1246999996,2109705.8890500003,3375614.1037399992,2421559.17902
2026-10-08T06:33:00.214839+00:00,obs-20261007-01,LIGHT,HBARUSDT,1.0,0.09227,0.09228,0.092275,1.0837758751480742,8394276195,0.09227,0.09228,259,35,324725.8241599999,743609.3982799996,287902.1761199999,786471.7245800002,2786.5040799999997,8185.44616,157007.49867,111734.98052999999,271333.17208,191730.55349,425035.68729999993,353848.00578,796532.7944999998,735234.3518999999
2026-10-08T06:34:00.215123+00:00,obs-20261007-01,LIGHT,PEPEUSDT,1.0,4e-06,4.01e-06,4.005e-06,24.999999999999467,8828296584,4e-06,4.01e-06,262,27,312591.14035041997,510507.59040655993,274635.92946917994,521361.9418498699,8649.358164000001,1354.53186094,100316.288344,149788.71350291,311880.18581599,330432.55968581,658556.4218921,706183.5671630601,952779.8891905099,1059050.05644303
2026-10-08T06:34:00.215123+00:00,obs-20261007-01,LIGHT,BNBUSDT,1.0,765.95,765.96,765.955,0.13055682485774156,20912516729,765.95,765.96,482,198,6618789.307200004,4591159.104640005,6564603.323199998,4654592.921559997,22011.108249999987,37395.13030999999,617802.85479,876946.7601,1361649.6225900005,1492850.8594099998,3499072.693750001,3296139.745680004,6001545.033780016,5006030.9958999995
2026-10-08T06:34:00.215123+00:00,obs-20261007-01,LIGHT,AAVEUSDT,1.0,172.0,172.01,172.005,0.58139534883761,10441239527,172.0,172.01,385,98,1446833.936209999,436837.16234999965,1436747.45486,437513.7193700001,14506.643260000003,5799.3851,93706.04183999999,96942.87545,170730.85148999994,145338.24217000007,286957.77175,200593.63287000015,810460.2516000001,235434.87892000013
2026-10-08T06:34:00.215123+00:00,obs-20261007-01,LIGHT,AVAXUSDT,1.0,10.807,10.808,10.807500000000001,0.9253261774766486,10522699874,10.807,10.808,422,79,2036212.7157599998,636309.0183999996,2021380.7622,655366.9985699999,12164.037000000006,4863.92981,171360.87413999997,144678.36276,304412.6169499999,235175.34613000002,494298.8110799997,255390.32133000006,591254.8613699996,279869.67856
2026-10-08T06:34:00.215123+00:00,obs-20261007-01,LIGHT,FILUSDT,1.0,1.0523,1.0525,1.0524,1.9005986885867188,9896879606,1.0523,1.0525,398,40,445974.9907169997,315677.816905,443889.77078499977,329253.1887690001,4421.962867,1816.5416799999998,78035.77243599998,79051.88048799998,129410.117354,135630.36258599997,255669.37260399992,241727.47218699995,323272.04367999994,332270.14333899977
2026-10-08T06:34:00.215123+00:00,obs-20261007-01,LIGHT,ALGOUSDT,1.0,0.1173,0.1174,0.11735000000000001,8.525149190110604,5664790393,0.1173,0.1174,253,26,138257.4279,125525.41829999995,120002.13739999999,132842.10190000004,196.49379999999994,3614.7106,35124.6654,23795.7924,96519.6075,57937.3492,157458.95269999997,90952.1075,189919.1731,102530.0221
2026-10-08T06:34:00.215123+00:00,obs-20261007-01,LIGHT,XRPUSDT,1.0,1.3985,1.3986,1.3985500000000002,0.7150518412579743,26680626356,1.3985,1.3986,531,124,7020154.347850003,6889682.940389996,6632840.724619995,7127431.61536999,57758.43580000001,134745.64023,1177608.8384699998,790983.3715299998,1673937.5756799998,1065851.5670899996,2822191.0681899986,2018134.283679999,3628712.9368599975,2198725.639659999
2026-10-08T06:34:00.215123+00:00,obs-20261007-01,LIGHT,HBARUSDT,1.0,0.09226,0.09227,0.092265,1.083893344895337,8394279167,0.09226,0.09227,387,32,663473.0306099998,470181.65522,678495.75667,446913.0738000001,2860.0728400000003,2216.3834600000005,144304.07247,99181.84260999999,256343.85557,205072.29570000002,410012.96124,371189.5168200001,781656.34243,753785.83298
2026-10-08T06:35:00.216639+00:00,obs-20261007-01,LIGHT,PEPEUSDT,1.0,4e-06,4.01e-06,4.005e-06,24.999999999999467,8828297700,4e-06,4.01e-06,259,34,649828.3132743301,461166.5713485801,743528.2108487,421180.2182462901,13964.183895999997,9846.929991129999,28281.411544,182954.21636058,227774.87067715,419446.78608546,539392.26040869,719122.48260083,946322.30122896,1072704.81869011
2026-10-08T06:35:00.216639+00:00,obs-20261007-01,LIGHT,BNBUSDT,1.0,765.57,765.58,765.575,0.13062162832921942,20912522209,765.57,765.58,427,103,3638706.6671200013,3410275.733950001,3643025.5432200017,3380284.2630599993,16779.680840000005,4257.744560000002,716243.83166,912891.3945299998,1421555.3296300005,1388472.4671599998,3671758.6594100003,3130409.8589500044,6261276.657560018,5011560.269420001
2026-10-08T06:35:00.216639+00:00,obs-20261007-01,LIGHT,AAVEUSDT,1.0,171.88,171.89,171.885,0.5818012566893849,10441241594,171.88,171.89,318,27,523701.9182499999,231579.97023,536745.2753,222675.40612999993,1236.47792,720.2738499999999,98156.52506,90181.40641000003,153507.4327,145415.00391,281744.83198,205820.89215000015,823039.6974699999,240730.54106000013
2026-10-08T06:35:00.216639+00:00,obs-20261007-01,LIGHT,AVAXUSDT,1.0,10.793,10.794,10.7935,0.9265264523317107,10522704275,10.793,10.794,382,55,1355942.4226499998,620063.1898499997,1506819.3373400003,608409.6601900003,4882.057290000001,1360.71112,121960.20380999998,129014.95709999997,208678.13229999997,222093.8871799999,348873.69289999973,261424.98264999996,446147.4821799998,283396.2778699999
2026-10-08T06:35:00.216639+00:00,obs-20261007-01,LIGHT,FILUSDT,1.0,1.0509,1.0511,1.051,1.9031306499184275,9896881793,1.0509,1.0511,329,24,260340.72103299986,305073.2826440001,258495.24540100008,288625.746412,1364.073426,529.4230980000001,104927.94999200002,69836.16362000002,172178.22782700002,139181.638498,265133.819976,250752.71554900002,341657.59763499984,337727.17508399975
2026-10-08T06:35:00.216639+00:00,obs-20261007-01,LIGHT,ALGOUSDT,1.0,0.1172,0.1173,0.11725,8.532423208191808,5664790847,0.1172,0.1173,154,3,46311.02240000001,45663.756999999976,48399.81930000002,44577.69779999997,0.0,321.6366,41854.7205,18539.3216,115028.94080000001,58356.366799999996,158796.84729999996,86080.5792,193800.7362,102169.57100000001
2026-10-08T06:35:00.216639+00:00,obs-20261007-01,LIGHT,XRPUSDT,1.0,1.3967,1.3968,1.39675,0.7159733657902123,26680633282,1.3967,1.3968,469,85,3964123.465710001,4129434.513550003,4319209.427270002,3968371.290890001,65036.92812999998,48811.920870000016,1140399.06907,764650.27558,1643790.50753,1156146.3022499997,2498143.1082199994,2037996.1095199995,3409933.408099999,2350449.51973
2026-10-08T06:35:00.216639+00:00,obs-20261007-01,LIGHT,HBARUSDT,1.0,0.09218,0.09219,0.09218499999999999,1.0848340203950535,8394280853,0.09218,0.09219,271,25,354390.6255399999,760778.5890599997,345668.49853999994,732255.8882500001,5672.90355,2140.7368600000004,147762.52443999998,124098.10138,290161.16662999993,229795.91546999995,420139.2586599999,395496.9149799999,791077.1072199999,780505.3113999998
2026-10-08T06:36:00.224176+00:00,obs-20261007-01,LIGHT,PEPEUSDT,1.0,4.01e-06,4.02e-06,4.015e-06,24.937655860348684,8828298937,4.01e-06,4.02e-06,247,17,398194.9390219,486451.7740455298,286144.50141052983,634758.3465264299,301.159268,17846.771045049998,16825.341224919997,175491.41603405998,216190.88430492,389887.29045523,528980.79870875,758702.07322853,915436.62780942,964107.7348678999
2026-10-08T06:36:00.224176+00:00,obs-20261007-01,LIGHT,BNBUSDT,1.0,766.48,766.49,766.485,0.130466548375896,20912530237,766.48,766.49,488,154,7961540.198239991,4447074.717349996,7664341.291950004,4501208.659070002,7495.4685500000005,10505.534189999998,741531.3810399999,873440.8392700002,1474036.7580799991,1686742.726180001,3756103.65489,3534989.764230003,5908044.579180014,5224552.429420002
2026-10-08T06:36:00.224176+00:00,obs-20261007-01,LIGHT,AAVEUSDT,1.0,172.35,172.36,172.35500000000002,0.5802146794331442,10441244853,172.35,172.36,374,64,1099693.97984,402462.3044700002,1078818.5092200001,436377.05784000014,1721.01102,2041.6465699999999,92384.85239,93556.83742,180145.34814,136459.07437000002,267360.67319,187760.29979000005,796156.1522400002,210711.03138000006
2026-10-08T06:36:00.224176+00:00,obs-20261007-01,LIGHT,AVAXUSDT,1.0,10.823,10.824,10.8235,0.9239582370867971,10522710298,10.823,10.824,447,68,2071462.0699699994,626993.1003499993,1927322.4099699995,664908.8390800001,4901.652179999999,4979.56243,145740.47124,143673.99701,285152.58738,213935.41672999994,474997.3228299999,230760.39105999994,547785.0320699998,254186.27119999993
2026-10-08T06:36:00.224176+00:00,obs-20261007-01,LIGHT,FILUSDT,1.0,1.0533,1.0534,1.05335,0.9493971328211614,9896884808,1.0533,1.0534,343,38,407430.777177,245296.74673199997,353331.9643510001,301676.01477899996,3451.6207120000004,546.6783750000001,103252.44962799997,65678.45286599999,203357.10919699993,138012.80696300004,295210.24616599974,205246.85916,374758.56022199965,294462.09104100004
2026-10-08T06:36:00.224176+00:00,obs-20261007-01,LIGHT,ALGOUSDT,1.0,0.1175,0.1176,0.11754999999999999,8.510638297871687,5664791657,0.1175,0.1176,197,4,118506.1896,74512.36369999994,105334.90550000002,79506.92099999994,0.0,563.7245,30021.365,22061.458899999998,109100.08820000001,57336.321899999995,154414.19780000002,88231.5274,194355.67700000003,99307.21570000002
2026-10-08T06:36:00.224176+00:00,obs-20261007-01,LIGHT,XRPUSDT,1.0,1.3999,1.4,1.39995,0.7143367383388721,26680641990,1.3999,1.4,516,105,6478356.300760004,5870111.079290001,6141044.62809,6010883.189309997,62456.29229999998,69925.48899000001,1240602.43214,799305.7354200002,1872158.6142600004,1099582.50924,2733878.86778,2056140.8205,3580998.6565999975,2239465.9337100005
2026-10-08T06:36:00.224176+00:00,obs-20261007-01,LIGHT,HBARUSDT,1.0,0.09235,0.09236,0.09235499999999999,1.0828370330262516,8394283460,0.09235,0.09236,336,25,899701.3626999998,450798.7604900002,851601.2413599994,508875.18097999995,766.6617200000001,2398.6598099999997,166061.97335,102905.27562,298424.1074199999,196672.4974,466617.8164099998,346504.66406,837904.9705499997,723290.89938
2026-10-08T06:37:00.225255+00:00,obs-20261007-01,LIGHT,PEPEUSDT,1.0,4e-06,4.01e-06,4.005e-06,24.999999999999467,8828299973,4e-06,4.01e-06,233,16,385730.96011863986,684275.4925635996,433847.89436106,556915.0487331197,9148.953204649999,935.353808,138482.3944,76952.72513769999,313555.43398017995,281021.19785109995,564329.8736322599,668656.4907063099,927289.8623833999,1006051.4469931998
2026-10-08T06:37:00.225255+00:00,obs-20261007-01,LIGHT,BNBUSDT,1.0,766.31,766.32,766.315,0.13049549138166583,20912539346,766.31,766.32,483,182,10280126.435429992,6656608.658929998,10492253.810230013,6656536.363110006,70335.30182000001,21168.973869999994,617959.0303399998,860488.1960299999,1376947.6804299995,1667440.325590001,3573928.4268799997,3380966.398680005,6145989.724570014,5218208.286190006
2026-10-08T06:37:00.225255+00:00,obs-20261007-01,LIGHT,AAVEUSDT,1.0,172.51,172.52,172.515,0.5796765404908477,10441249255,172.51,172.52,404,105,2397476.9713800005,459007.42804000026,2312034.823159999,469168.4306699997,11950.607080000002,6387.61849,64696.956930000015,70330.02061,229884.6871400001,134654.58127999998,343784.21702,180897.98150000002,859248.3453200001,204736.50115
2026-10-08T06:37:00.225255+00:00,obs-20261007-01,LIGHT,AVAXUSDT,1.0,10.813,10.814,10.813500000000001,0.9248127254224414,10522716413,10.813,10.814,450,101,2419122.593489999,755286.76729,2494997.7332300004,713749.0595699997,37159.82773000001,29448.52221,134242.67181,136393.23263,254958.65658999997,216155.02719000005,403079.33720999997,269811.3914,510538.91804,294299.75367999997
2026-10-08T06:37:00.225255+00:00,obs-20261007-01,LIGHT,FILUSDT,1.0,1.0535,1.0536,1.05355,0.94921689606009,9896890231,1.0535,1.0536,456,84,659061.729227,422305.22172899987,665750.3287229999,437786.52580400003,9570.511462,1414.9390170000001,90818.13515,63567.902073000005,187871.26353199995,128944.22275799999,289038.63207799994,200949.834601,371464.60847999994,286441.8048760001
2026-10-08T06:37:00.225255+00:00,obs-20261007-01,LIGHT,ALGOUSDT,1.0,0.1174,0.1175,0.11745,8.517887563883608,5664793112,0.1174,0.1175,281,16,255677.0231000001,147542.9693999999,254200.00500000003,132712.96209999995,3078.0083999999997,4430.9319,56813.4169,23243.3819,104073.03749999999,59828.3961,152226.57650000002,92149.97730000001,182812.82200000004,103776.95040000003
2026-10-08T06:37:00.225255+00:00,obs-20261007-01,LIGHT,XRPUSDT,1.0,1.3991,1.3992,1.3991500000000001,0.7147451933375848,26680653311,1.3991,1.3992,546,197,7516062.013649999,7864022.2309099985,7677531.039580002,7894597.087609999,284733.86445000005,151354.32709000004,1177867.88293,780480.8903500001,1530266.8343800004,1217155.3457600002,2597263.8155399994,2013060.5862999998,3429539.5090799974,2206830.105600001
2026-10-08T06:37:00.225255+00:00,obs-20261007-01,LIGHT,HBARUSDT,1.0,0.0923,0.09231,0.092305,1.0834236186352264,8394287579,0.0923,0.09231,393,48,1540289.5331499986,1419593.691070001,1592459.53338,1297126.6939500005,13563.928630000004,3986.25819,154334.90578,113545.02977999998,272647.46663000004,212921.66466999994,414466.09596999997,356477.45389999996,787088.2030599999,729754.49648
2026-10-08T06:38:00.228305+00:00,obs-20261007-01,LIGHT,PEPEUSDT,1.0,4.01e-06,4.02e-06,4.015e-06,24.937655860348684,8828300724,4.01e-06,4.02e-06,194,22,374976.63405411,341479.37847443,250641.90014219005,532544.2580045601,871.0374872699999,5016.2566917700005,116481.69809410999,125611.81278797999,302168.59685811,302375.13462580997,572930.11970635,665489.4064963299,938744.2009032001,951890.55656488
2026-10-08T06:38:00.228305+00:00,obs-20261007-01,LIGHT,BNBUSDT,1.0,766.66,766.67,766.665,0.13043591683414846,20912545292,766.66,766.67,427,150,6225359.332050005,3293440.93556,6007851.966770001,3324856.8759799977,12414.791309999997,7077.43084,726142.0072000002,864828.43384,1471104.3624699987,1667470.2997700004,3755775.23992,3504268.5688100024,5930784.696090013,5195554.778890005
2026-10-08T06:38:00.228305+00:00,obs-20261007-01,LIGHT,AAVEUSDT,1.0,172.76,172.77,172.765,0.5788376939119821,10441252832,172.76,172.77,359,77,2401900.454319999,344933.23321999994,2468357.677080002,332804.3456299998,3063.1334899999997,3863.6020100000005,60312.436530000006,95641.85293000002,143592.64956,149245.95426000006,265455.84993999987,198121.14670999997,785645.34804,271942.71618
2026-10-08T06:38:00.228305+00:00,obs-20261007-01,LIGHT,AVAXUSDT,1.0,10.825,10.826,10.8255,0.9237875288703457,10522720893,10.825,10.826,405,45,1741366.5716099988,609572.2990399995,1675258.9125100004,649237.2839699998,2981.36367,7983.11811,172449.44601,137830.70149,336795.5112199999,206431.37245000002,464756.1944200001,231263.31214000008,537593.9591500001,255567.29245
2026-10-08T06:38:00.228305+00:00,obs-20261007-01,LIGHT,FILUSDT,1.0,1.0552,1.0554,1.0553,1.8953752843064997,9896893337,1.0552,1.0554,367,34,379308.4950660001,278298.23465,351301.89932600025,299053.21786499996,525.0448719999999,2250.217529,97527.079291,86209.63993199999,192288.182448,160503.06149199995,303251.8980939998,203097.0795189999,390422.22376799985,275721.512082
2026-10-08T06:38:00.228305+00:00,obs-20261007-01,LIGHT,ALGOUSDT,1.0,0.1176,0.1177,0.11765,8.503401360544505,5664794055,0.1176,0.1177,191,6,133194.48490000007,87534.20689999996,114784.56950000007,91383.6266,0.0,2357.5959,41498.763999999996,24865.122600000002,105509.22589999999,61762.7839,158709.8348,90334.65,193372.98920000004,107463.5478
2026-10-08T06:38:00.228305+00:00,obs-20261007-01,LIGHT,XRPUSDT,1.0,1.4005,1.4006,1.40055,0.7140307033193238,26680661360,1.4005,1.4006,541,95,4411377.33147,5661754.4525000015,4337259.84607,5568027.42142,63968.22287,57620.56602,989453.6859799998,876628.2183699999,1524235.1402899995,1166542.52222,2625780.77223,2123029.4167400002,3513581.0321999975,2308584.2264300007
2026-10-08T06:38:00.228305+00:00,obs-20261007-01,LIGHT,HBARUSDT,1.0,0.0924,0.09241,0.092405,1.082251082251684,8394289803,0.0924,0.09241,326,21,582354.8061500001,383031.3709500002,522927.74197,392804.26567999984,559.49706,1994.60116,173180.88530999998,120614.27440000002,321366.5963799999,212911.96174000006,468908.7704199999,346733.75632000016,835935.2456699999,720282.2236100001
2026-10-08T06:39:00.243617+00:00,obs-20261007-01,LIGHT,PEPEUSDT,1.0,4.01e-06,4.02e-06,4.015e-06,24.937655860348684,8828301556,4.01e-06,4.02e-06,198,14,418951.23521242006,148877.39966332994,444257.78610411024,134365.47491982,171.89663792,941.16325626,12799.75740653,159867.63714282,247051.35233452998,389445.1534156,547623.56881466,680001.33123984,938825.0745641598,966402.48130839
2026-10-08T06:39:00.243617+00:00,obs-20261007-01,LIGHT,BNBUSDT,1.0,766.2,766.21,766.205,0.13051422605103724,20912549612,766.2,766.21,395,93,4327574.027690002,2959446.109600001,4363507.920049999,2847305.968159999,14220.101089999998,8630.890469999998,683496.2053999997,858416.1943799998,1455793.2142199995,1498950.576800001,3768845.2601600015,3461441.393500005,6334216.662120011,5297977.21939
2026-10-08T06:39:00.243617+00:00,obs-20261007-01,LIGHT,AAVEUSDT,1.0,172.42,172.43,172.425,0.5799791207516947,10441255533,172.42,172.43,305,33,1790035.1629499998,359056.13522000005,1802348.5278300007,314318.59944000014,865.4017799999999,1918.01825,95500.69231999999,103015.54207999998,178020.38590999998,151129.32324000006,264612.7965599999,230303.9702,787771.4311699998,255458.86646
2026-10-08T06:39:00.243617+00:00,obs-20261007-01,LIGHT,AVAXUSDT,1.0,10.804,10.805,10.8045,0.925583117363793,10522725576,10.804,10.805,397,49,1526096.4196600013,590114.58669,1595417.2163200001,511792.88327,4055.88565,5505.04895,167698.39798999997,138400.33203,318751.88392000005,238888.46724,412348.59494999994,305002.49153999996,511173.3160999998,331850.1459799999
2026-10-08T06:39:00.243617+00:00,obs-20261007-01,LIGHT,FILUSDT,1.0,1.0535,1.0536,1.05355,0.94921689606009,9896896195,1.0535,1.0536,329,36,280272.4393770002,301007.546391,312941.8292750001,262632.7609179999,6830.856709999999,1075.8880490000001,103998.016787,79355.37112700002,208888.32838599992,146123.77933400005,275783.6962549999,218128.89245899997,361218.878194,307758.2810379999
2026-10-08T06:39:00.243617+00:00,obs-20261007-01,LIGHT,ALGOUSDT,1.0,0.1176,0.1177,0.11765,8.503401360544505,5664794648,0.1176,0.1177,206,3,45582.197400000005,46735.41220000002,47701.045,46094.282899999984,0.0,664.6519,35718.6026,23082.1817,105196.16459999997,62347.5012,156590.98719999997,90975.7793,190748.35009999998,108104.74530000001
2026-10-08T06:39:00.243617+00:00,obs-20261007-01,LIGHT,XRPUSDT,1.0,1.3992,1.3993,1.3992499999999999,0.7146941109215099,26680666153,1.3992,1.3993,428,63,2623267.9396100002,2947174.909500002,2964569.6851500017,2600624.8357900023,21152.7947,36077.64102999999,973437.3889899999,979861.2561399998,1384950.3996499998,1373743.5987800003,2329643.4936799994,2452514.585769999,3189126.2750799977,2648878.9978499995
2026-10-08T06:39:00.243617+00:00,obs-20261007-01,LIGHT,HBARUSDT,1.0,0.09232,0.09233,0.09232499999999999,1.0831889081441837,8394291691,0.09232,0.09233,274,22,390475.56876000017,427940.7381699999,424578.88704999984,396124.48125999985,1814.04182,2890.32048,173881.34151000003,121730.07273999999,293540.11238,234374.2092,435325.98813000007,378526.31724000006,814086.9333099999,751966.1632800001
2026-10-08T06:40:00.247506+00:00,obs-20261007-01,LIGHT,PEPEUSDT,1.0,4e-06,4.01e-06,4.005e-06,24.999999999999467,8828302701,4e-06,4.01e-06,213,26,303157.97546285007,516127.89684993995,306131.2486633698,448018.0001342698,5633.308507060001,1482.0122166,183830.59716799998,7249.85490667,343160.06119502,211025.06122728996,612840.98950608,598321.65039151,975858.28370762,955786.79930857
2026-10-08T06:40:00.247506+00:00,obs-20261007-01,LIGHT,BNBUSDT,1.0,766.47,766.48,766.475,0.13046825055207378,20912552480,766.47,766.48,341,76,1911449.3481999997,1049963.0901000006,1863532.2022699995,1145088.71066,10763.348020000001,12312.122829999997,660424.2481400002,821081.3055799999,1491482.829879999,1676770.653570001,3771943.7773000016,3521503.476350005,6162266.693450014,5209754.570600006
2026-10-08T06:40:00.247506+00:00,obs-20261007-01,LIGHT,AAVEUSDT,1.0,172.57,172.58,172.575,0.579474995654472,10441257498,172.57,172.58,285,31,1028801.0050699994,225086.52786999996,1022585.8743499998,251880.61057,294.88052000000005,1587.6553299999998,91329.48353000001,84892.77729,179942.17099000004,149239.55781999996,264725.70957999997,205361.87830999994,784521.5805099997,279792.6157399999
2026-10-08T06:40:00.247506+00:00,obs-20261007-01,LIGHT,AVAXUSDT,1.0,10.818,10.819,10.8185,0.9243852837870215,10522729001,10.818,10.819,346,41,1016995.1330999997,462550.9223999998,1043666.4180999999,522686.4065099998,2817.5253599999996,4894.69033,142634.40493999998,147635.059,260220.4902899999,213223.36085000006,370358.6866499999,249290.17181000015,443042.70071999973,272926.23803000024
2026-10-08T06:40:00.247506+00:00,obs-20261007-01,LIGHT,FILUSDT,1.0,1.0543,1.0544,1.05435,0.948496632837692,9896898389,1.0543,1.0544,293,14,214672.34015200008,252066.623971,197008.25936000005,265544.757755,883.5569049999999,442.21648200000004,90838.69551299998,85869.99220800001,199001.26547999997,159106.967416,292757.161515,217563.96839199992,378426.26249000005,299466.13275599986
2026-10-08T06:40:00.247506+00:00,obs-20261007-01,LIGHT,ALGOUSDT,1.0,0.1177,0.1178,0.11775,8.49617672047609,5664795165,0.1177,0.1178,146,3,73522.2829,28447.188600000005,63325.708999999995,35209.99020000002,411.59999999999997,236.2266,37204.870599999995,25656.0836,108482.24489999999,61751.981400000004,158574.7771,84492.2738,199553.4684,101811.0543
2026-10-08T06:40:00.247506+00:00,obs-20261007-01,LIGHT,XRPUSDT,1.0,1.4004,1.4005,1.4004500000000002,0.7140816909445569,26680670605,1.4004,1.4005,439,48,2658412.0466500004,2117515.0533000003,2271692.993209999,2421475.329440001,46137.15591999999,43518.10679000001,1024037.6355699998,917050.061,1567552.6129599996,1208902.1191800002,2667874.900379999,2167063.1261300007,3557763.4461999973,2352501.0873600016
2026-10-08T06:40:00.247506+00:00,obs-20261007-01,LIGHT,HBARUSDT,1.0,0.09241,0.09242,0.092415,1.0821339681843511,8394293812,0.09241,0.09242,337,33,696826.7516600002,363780.11108000006,662727.2521499997,383954.85667000007,749.9405,2556.8966800000003,177107.49844999996,122863.54127,321968.9737699999,226571.83667999995,468897.44945999986,358420.34602999996,842853.4872599998,731955.6174999999
2026-10-08T06:41:00.248327+00:00,obs-20261007-01,LIGHT,PEPEUSDT,1.0,4.01e-06,4.02e-06,4.015e-06,24.937655860348684,8828303592,4.01e-06,4.02e-06,207,14,352314.2914630599,402323.9707059599,251285.22825134,416444.5606247199,125.01188633999999,3623.66332136,110162.49206358,114351.32567201999,317166.64172357996,310944.65670833003,587642.1828344,683980.14818985,866057.33893021,993539.07355989
2026-10-08T06:41:00.248327+00:00,obs-20261007-01,LIGHT,BNBUSDT,1.0,767.24,767.25,767.245,0.13033731296685502,20912558365,767.2,767.21,432,151,6917110.737329998,4252545.843580004,6735158.040370004,4772050.545020003,11449.02648,51663.86900000002,690381.6692700002,874370.4228300003,1392913.3769000005,1726819.1942800002,3710259.3283200017,3204314.216390002,5871688.441160006,5304832.987110003
2026-10-08T06:41:00.248327+00:00,obs-20261007-01,LIGHT,AAVEUSDT,1.0,172.65,172.66,172.655,0.5792064871124047,10441259678,172.65,172.66,292,38,1232952.5809799994,269726.56282999995,1233102.25458,276433.61031,1877.82008,5965.36401,87250.24380000001,85000.52523999997,165604.64006,150069.98697,261540.00045999995,202385.0951199999,781350.7592299999,275463.75416999985
2026-10-08T06:41:00.248327+00:00,obs-20261007-01,LIGHT,AVAXUSDT,1.0,10.831,10.832,10.8315,0.9232757824784166,10522732810,10.831,10.832,362,35,1267795.4203200003,491445.57224999974,1155495.2815699992,514184.23983000015,892.2128099999999,7503.82639,174789.84847,134234.88065,343454.38078,190189.4768700001,466501.19916,226743.02021000016,553742.0057899999,251079.99133000008
2026-10-08T06:41:00.248327+00:00,obs-20261007-01,LIGHT,FILUSDT,1.0,1.0553,1.0554,1.0553499999999998,0.9475978394757334,9896901048,1.0553,1.0554,316,30,296222.2346879999,257896.08562400006,274717.66798800003,291141.84087700007,2485.4158800000005,1800.9185690000002,102596.22224099998,74120.907041,201402.101013,147241.953905,309751.15568799974,194637.79327999998,399462.10428299994,267232.688041
2026-10-08T06:41:00.248327+00:00,obs-20261007-01,LIGHT,ALGOUSDT,1.0,0.1178,0.1179,0.11785000000000001,8.48896434634927,5664796123,0.1178,0.1179,165,6,174073.49880000003,78256.21010000001,168833.24510000003,77826.43509999996,1628.968,4012.1450999999997,31725.7236,14956.2632,90666.084,56413.014899999995,158437.7886,86817.5998,191757.27040000007,104467.14459999999
2026-10-08T06:41:00.248327+00:00,obs-20261007-01,LIGHT,XRPUSDT,1.0,1.4011,1.4012,1.40115,0.7137249304123294,26680676060,1.4011,1.4012,454,70,3039967.636249999,3342199.75085,3320003.923650002,3270377.948890001,115596.10718,17280.544429999994,879414.6257299996,988760.3771399999,1433131.3372300002,1443484.14095,2381296.47,2247554.4758999995,3242240.555319999,2427580.19767
2026-10-08T06:41:00.248327+00:00,obs-20261007-01,LIGHT,HBARUSDT,1.0,0.09248,0.09249,0.09248500000000001,1.0813148788924032,8394295595,0.09248,0.09249,347,20,674267.8395400004,400808.7499100001,679348.2926900003,422829.7980300001,1807.85178,3699.0658800000006,177083.97024999998,130695.69205,307817.5313,206040.70855,462057.1207699999,347633.24246999994,837182.58427,710348.5086599999
2026-10-08T06:42:00.255892+00:00,obs-20261007-01,LIGHT,PEPEUSDT,1.0,4.01e-06,4.02e-06,4.015e-06,24.937655860348684,8828304305,4.01e-06,4.02e-06,196,17,261775.35417288,269440.32592182007,263550.40119869,298104.85518115,3645.7643937799994,1004.8293670799997,103248.01155403999,131498.74536978,315712.60114604,382435.91387388005,585867.13580859,655315.61893052,865122.28006889,964867.5443034901
2026-10-08T06:42:00.255892+00:00,obs-20261007-01,LIGHT,BNBUSDT,1.0,767.61,767.62,767.615,0.13027448834579403,20912564565,767.61,767.62,439,200,6977676.101680001,5115500.528410001,6877202.778700005,5285269.360959998,3752.7726399999992,61490.56481000004,715906.62023,810741.8532799997,1422638.2245899993,1569010.6531599986,3794429.177490001,3302416.73433,6062793.585320009,5296943.056419998
2026-10-08T06:42:00.255892+00:00,obs-20261007-01,LIGHT,AAVEUSDT,1.0,172.45,172.46,172.45499999999998,0.5798782255728163,10441262445,172.45,172.46,315,49,1665462.4263499998,301859.96907000005,1670885.6142200003,287886.38405000005,4932.835769999999,1309.16996,93755.3799,95918.23123,175922.9278,138614.58586000002,265309.42218999995,210518.89312999995,778026.9701999999,237118.3041399999
2026-10-08T06:42:00.255892+00:00,obs-20261007-01,LIGHT,AVAXUSDT,1.0,10.833,10.834,10.8335,0.9231053263181188,10522736870,10.833,10.834,383,51,1226084.2096499999,614779.3533199998,1229257.3104299996,592243.0168900003,1051.16123,4982.1605199999985,180028.05151999998,149786.69766000003,338511.35782,212429.09076000008,463273.50871999987,249823.84545000008,537501.5771199996,273670.39008000016
2026-10-08T06:42:00.255892+00:00,obs-20261007-01,LIGHT,FILUSDT,1.0,1.0548,1.0549,1.05485,0.9480470231326699,9896903915,1.0548,1.0549,329,37,324707.8963340001,321352.6578280001,336929.08632700023,300477.9324600001,927.210526,939.0338350000001,89247.16044600002,85620.47722600002,194381.23150999995,154756.839418,298299.4258009998,207825.30004899998,386246.1279969998,281232.015574
2026-10-08T06:42:00.255892+00:00,obs-20261007-01,LIGHT,ALGOUSDT,1.0,0.1177,0.1178,0.11775,8.49617672047609,5664796916,0.1177,0.1178,123,7,179726.36980000001,64179.62859999998,176516.93700000006,55307.261900000005,452.3274,310.41949999999997,44111.463,23346.9052,112559.90920000001,57766.5176,160127.75900000002,86330.43170000002,200170.21110000001,108145.95820000001
2026-10-08T06:42:00.255892+00:00,obs-20261007-01,LIGHT,XRPUSDT,1.0,1.4009,1.401,1.40095,0.7138268256112745,26680680287,1.4009,1.401,403,51,2549863.15169,2297703.16437,2428541.1451600003,2286153.9340299997,39705.952040000004,14211.726549999998,1044538.3785800001,879839.3210000003,1538299.1419600006,1296949.2089300002,2503392.1599500007,2254320.67781,3365140.7443700004,2439891.1041700006
2026-10-08T06:42:00.255892+00:00,obs-20261007-01,LIGHT,HBARUSDT,1.0,0.09245,0.09246,0.09245500000000001,1.0816657652790163,8394297525,0.09245,0.09246,303,17,428593.90336000023,562675.04128,412673.4875800001,551624.9148800002,1157.4045800000001,3455.067490000001,187895.71444000004,129099.96349999998,310678.50973000005,215800.89769000004,478906.12798999995,347468.18824999995,852881.1041499999,721425.1873299999
2026-10-08T06:43:00.262002+00:00,obs-20261007-01,LIGHT,PEPEUSDT,1.0,4.01e-06,4.02e-06,4.015e-06,24.937655860348684,8828304717,4.01e-06,4.02e-06,156,14,143746.80333384004,241960.10260480997,141808.68515605,221189.7625804299,30.93040919,936.8122615199999,110617.26352098999,111190.23040991998,317991.97487299,300287.77093284996,587805.25398638,676085.9589549,865911.2868863299,1016120.9944687099
2026-10-08T06:43:00.262002+00:00,obs-20261007-01,LIGHT,BNBUSDT,1.0,767.71,767.72,767.715,0.1302575191153288,20912569822,767.71,767.72,431,147,6365266.419329994,2981149.4568000045,6240866.327350001,3124777.3602500022,21301.546100000003,51360.578850000005,803439.4347000003,778174.37983,1363934.63587,1577974.15574,3461929.933169999,3354509.9054400013,5996003.084750003,5360073.423800001
2026-10-08T06:43:00.262002+00:00,obs-20261007-01,LIGHT,AAVEUSDT,1.0,172.75,172.76,172.755,0.578871201157849,10441265352,172.75,172.76,327,50,1695772.5148699991,298220.24494999985,1675642.3183700002,317905.51026000024,1205.6465100000003,3245.00319,92086.99813999995,92046.98525999999,179466.53240999999,149959.70411999998,270741.47268999997,199047.7413599999,789070.3889499999,274906.99772999994
2026-10-08T06:43:00.262002+00:00,obs-20261007-01,LIGHT,AVAXUSDT,1.0,10.842,10.843,10.842500000000001,0.9223390518342534,10522739536,10.842,10.843,303,38,1058332.7628400002,455763.14393000014,1053081.6319099998,456974.58218000026,1202.73142,3685.0577700000003,186757.05291000003,142952.00896,347638.33071,215511.14450000002,466093.86906999984,248738.1858599999,549957.8750299995,273382.93441000005
2026-10-08T06:43:00.262002+00:00,obs-20261007-01,LIGHT,FILUSDT,1.0,1.0558,1.0561,1.0559500000000002,2.8414472437954252,9896905815,1.0558,1.0561,269,16,204903.761878,195947.8014659999,191902.96608100017,212128.59426099987,933.394157,627.314207,100041.85215300001,86420.12585899998,181776.59824900006,153894.42795399993,305246.417891,202884.62560899995,392592.2940089999,273401.99968599994
2026-10-08T06:43:00.262002+00:00,obs-20261007-01,LIGHT,ALGOUSDT,1.0,0.1177,0.1178,0.11775,8.49617672047609,5664797330,0.1177,0.1178,91,4,111616.72219999999,27476.593000000015,113227.43299999999,26025.45100000001,516.1996,294.8534,40199.9599,26910.040999999997,109573.8328,57619.1008,156818.1862,87781.57370000001,196866.2677,109597.1002
2026-10-08T06:43:00.262002+00:00,obs-20261007-01,LIGHT,XRPUSDT,1.0,1.4001,1.4002,1.40015,0.7142346975208547,26680684053,1.4001,1.4002,400,70,1967421.0250899992,2186021.7727899994,2228860.078670001,1879659.284659999,133784.71276,11437.16794,919187.8261500001,1266356.2142299998,1489749.2656700008,1471225.6507299999,2249020.65094,2557599.7695,3124749.908599998,2742638.10553
2026-10-08T06:43:00.262002+00:00,obs-20261007-01,LIGHT,HBARUSDT,1.0,0.09246,0.09247,0.09246499999999999,1.081548777850383,8394298585,0.09246,0.09247,239,8,241433.30227999997,113220.30943000004,268724.0589600001,106952.31074000003,100.25374000000001,790.1355000000001,166508.30299,134759.41327,284727.25892,221337.81643000004,451607.8650299999,353773.9124599999,825559.01402,727660.9182099998
2026-10-08T06:44:00.279417+00:00,obs-20261007-01,LIGHT,PEPEUSDT,1.0,4.01e-06,4.02e-06,4.015e-06,24.937655860348684,8828305131,4.01e-06,4.02e-06,116,13,150580.66549312996,284503.55117732997,141496.95833422997,288871.6022724999,418.85070748,901.3055673,109941.54439589,94438.75666451998,327075.68203189,296288.46247759997,596888.96114528,671717.9078597301,875028.20177485,1012123.0247118801
2026-10-08T06:44:00.279417+00:00,obs-20261007-01,LIGHT,BNBUSDT,1.0,768.35,768.36,768.355,0.13014902062957745,20912576354,768.35,768.36,483,125,4736227.375710003,3901084.1588,4862108.520740001,4097563.9584100004,8598.214660000001,12576.1348,734854.2642099997,765049.1167499997,1339552.0886899985,1539080.5743299995,3162012.4329699967,3338774.2593699982,6013694.408180001,5284755.934949997
2026-10-08T06:44:00.279417+00:00,obs-20261007-01,LIGHT,AAVEUSDT,1.0,172.93,172.94,172.935,0.5782686636202072,10441268628,172.93,172.94,337,65,2383514.698069998,287457.4903499999,2383319.812550001,281813.53078999993,2828.79707,2678.4880899999994,111172.55995999998,109759.15097999996,173403.35723999995,155137.92533999993,266924.08600999985,220669.53480999984,787832.6262999999,283742.8180399999
2026-10-08T06:44:00.279417+00:00,obs-20261007-01,LIGHT,AVAXUSDT,1.0,10.849,10.85,10.849499999999999,0.9217439395325933,10522742844,10.849,10.85,336,49,1204114.9055200003,428354.1705000005,1191935.0315500002,442862.14906999987,23212.55529,3095.92684,195272.21326,121338.89086999999,352829.32041,190326.36897999997,476219.22503999964,234391.30466999995,562026.4069699995,259782.61076999985
2026-10-08T06:44:00.279417+00:00,obs-20261007-01,LIGHT,FILUSDT,1.0,1.0579,1.0581,1.058,1.8905378580202914,9896908486,1.0579,1.0581,300,34,306876.40461100003,270716.7354400001,292967.88939499995,289363.99928299995,424.5987990000001,1326.8336199999999,97168.17913899999,85683.56043000004,186603.720617,126814.62877000005,299433.57583400013,205666.39733200008,389708.8210130001,268009.0701260001
2026-10-08T06:44:00.279417+00:00,obs-20261007-01,LIGHT,ALGOUSDT,1.0,0.1178,0.1179,0.11785000000000001,8.48896434634927,5664797840,0.1178,0.1179,133,7,79355.86069999999,36755.16960000001,83801.7795,39350.5925,8.9452,704.1634,25784.9011,32082.1406,89650.6021,63284.619099999996,149464.7298,91578.5928,191703.6647,107522.5039
2026-10-08T06:44:00.279417+00:00,obs-20261007-01,LIGHT,XRPUSDT,1.0,1.4012,1.4013,1.40125,0.7136739937196879,26680690863,1.4012,1.4013,478,82,4320357.98362,3622340.3038900006,4062748.2202899973,4043833.3289300003,25213.155919999997,27869.13604,1020602.6130499996,863341.6265700001,1552096.0136799999,1345264.5322699996,2494745.5647299998,2146178.26788,3354707.3249899982,2326456.985860001
2026-10-08T06:44:00.279417+00:00,obs-20261007-01,LIGHT,HBARUSDT,1.0,0.0925,0.09251,0.092505,1.0810810810801819,8394300145,0.0925,0.09251,258,10,505045.07894999976,292430.36654000013,485017.6419699998,284573.2615000001,238.05396000000002,2106.6131,178423.07028000004,141801.52653000003,316385.6822600001,188398.03265,470714.21684999985,373254.03917,845231.5495099999,735589.2364800001
2026-10-08T06:45:00.289018+00:00,obs-20261007-01,LIGHT,PEPEUSDT,1.0,4.01e-06,4.02e-06,4.015e-06,24.937655860348684,8828305397,4.01e-06,4.02e-06,106,13,70624.14009326,212176.89037718007,76413.07889197,293877.54539768,801.198,900.9259787999999,113307.9780964,100627.54874687998,314718.4393884,289926.42479342,591100.02234657,590017.25283923,868743.0132631301,842303.0679369401
2026-10-08T06:45:00.289018+00:00,obs-20261007-01,LIGHT,BNBUSDT,1.0,768.48,768.49,768.485,0.13012700395664822,20912581774,768.48,768.49,429,165,4199153.69505,4680288.516399997,4411789.704929998,4582879.436240001,11106.304660000003,22628.78909,669555.2995599997,830340.5534,1356495.7619399983,1617367.0074499995,3137244.7276599975,3436638.9134399965,5738080.707210001,5373306.455929996
2026-10-08T06:45:00.289018+00:00,obs-20261007-01,LIGHT,AAVEUSDT,1.0,172.96,172.97,172.965,0.5781683626260303,10441272029,172.96,172.97,370,54,2461518.720489998,366300.62124000007,2460566.605489998,366882.3487699999,3685.33629,1791.1671600000004,93874.04819000002,108053.82634999999,172478.68132,152071.0958199999,267843.32677,220087.80727999978,789971.2401800003,283179.8883199997
2026-10-08T06:45:00.289018+00:00,obs-20261007-01,LIGHT,AVAXUSDT,1.0,10.857,10.858,10.8575,0.9210647508539616,10522746633,10.857,10.858,340,47,1295676.25096,454671.46510000003,1303164.4857799998,433965.3361599999,11472.74841,15421.648309999999,158000.57175999996,142700.93302,313881.2354499999,210848.78065999996,466172.1368399998,255967.21902999992,539045.5272999997,281425.71499999997
2026-10-08T06:45:00.289018+00:00,obs-20261007-01,LIGHT,FILUSDT,1.0,1.0585,1.0586,1.0585499999999999,0.9447331128953351,9896912453,1.0586,1.0587,377,76,472286.3828070001,372060.5021250002,443550.10365100025,380407.3898830002,2420.1668369999998,7346.070481999999,97088.35233300002,77545.68116200002,205766.27378800002,132667.30103400003,323740.2415030002,197502.193722,414819.37958600017,261971.38738799994
2026-10-08T06:45:00.289018+00:00,obs-20261007-01,LIGHT,ALGOUSDT,1.0,0.1178,0.1179,0.11785000000000001,8.48896434634927,5664798319,0.1178,0.1179,103,2,127834.83100000002,29402.166100000006,123928.4554,30246.3375,0.0,316.08990000000006,29974.368899999998,28960.9387,106043.4658,63674.968,153371.10540000003,90734.42139999999,195615.59870000003,108119.35719999998
2026-10-08T06:45:00.289018+00:00,obs-20261007-01,LIGHT,XRPUSDT,1.0,1.4005,1.4006,1.40055,0.7140307033193238,26680696210,1.4005,1.4006,431,95,3021913.827349998,3358239.99574,3256165.7195599987,2935943.0422599996,38595.46738000001,27567.797539999996,881252.9037700002,1373156.8897099998,1347330.4317700006,1603507.0826800005,2267006.4940500003,2561374.7084800005,3154681.7084299987,2746489.515840001
2026-10-08T06:45:00.289018+00:00,obs-20261007-01,LIGHT,HBARUSDT,1.0,0.09253,0.09254,0.092535,1.0807305738680384,8394301497,0.09253,0.09254,270,12,542910.3894,153285.23881000004,532508.78294,172766.58907999992,236.65034999999997,2073.5926899999995,179795.67953,122299.28703999998,326785.78643000004,203848.13638999997,480429.2830499999,354662.51498999994,858336.29391,716191.39355
2026-10-08T06:46:00.295458+00:00,obs-20261007-01,LIGHT,PEPEUSDT,1.0,4.01e-06,4.02e-06,4.015e-06,24.937655860348684,8828306061,4.01e-06,4.02e-06,148,13,298109.59921581997,258839.5469839,280422.53504911,305489.69427298,20.049999999999997,1122.40674918,131249.10056619,56653.027317299995,331845.99585819,243207.21342884,608787.08651328,543367.10555015,867813.4303029401,810094.23134794
2026-10-08T06:46:00.295458+00:00,obs-20261007-01,LIGHT,BNBUSDT,1.0,768.77,768.78,768.775,0.13007791667130064,20912586227,768.77,768.78,406,137,4030163.567689998,3132425.4408500018,3957255.3160400013,3601809.2158000013,10996.25549,70776.26139999999,703978.1380399996,712364.0978799998,1399733.5350599985,1370993.2832199999,3188790.453189999,3273890.2578399987,5793827.840400007,4803607.646860003
2026-10-08T06:46:00.295458+00:00,obs-20261007-01,LIGHT,AAVEUSDT,1.0,173.14,173.15,173.14499999999998,0.5775672865904191,10441274203,173.14,173.15,248,47,636180.3395899998,212978.48504000003,644650.0465300002,253138.33283000006,99.80668,12502.61301,73923.94708000001,72234.11054000001,154283.62617000003,127258.9992,255865.89954999994,182586.78462999998,778165.7543500001,243667.51596000002
2026-10-08T06:46:00.295458+00:00,obs-20261007-01,LIGHT,AVAXUSDT,1.0,10.865,10.866,10.8655,0.9203865623552687,10522750671,10.865,10.866,329,67,1315646.629469999,406318.47251000005,1310624.442560001,460878.4743600003,12432.08602,45203.56315000001,148022.8751,107728.54648999998,285806.39194999996,153877.20189999996,465731.8932599999,209840.01618999994,538632.8699599999,228866.22843999986
2026-10-08T06:46:00.295458+00:00,obs-20261007-01,LIGHT,FILUSDT,1.0,1.0596,1.0598,1.0597,1.8875047187605354,9896915479,1.0596,1.0598,323,34,491669.7619139997,195875.67151299995,498742.63369699987,238648.44124300004,816.8051050000001,4015.2540640000007,72226.47769200001,52983.263514,171820.18519900003,102797.01087099999,311339.818231,162972.35005399995,398109.99947899993,237010.9872299999
2026-10-08T06:46:00.295458+00:00,obs-20261007-01,LIGHT,ALGOUSDT,1.0,0.1179,0.118,0.11795,8.481764206953457,5664798946,0.1179,0.118,115,7,156019.24920000002,28131.6429,137955.8968,52732.82839999999,0.0,4285.311299999999,27118.9831,8906.3276,114526.1078,37194.0546,168138.9665,66409.42880000001,205810.17109999998,83565.3024
2026-10-08T06:46:00.295458+00:00,obs-20261007-01,LIGHT,XRPUSDT,1.0,1.4022,1.4023,1.40225,0.7131650263891842,26680701035,1.4022,1.4023,409,100,3224270.2240399993,2517391.19963,2889533.726,3200220.18991,40352.042149999994,306459.96609,1155099.76936,753354.6749900001,1444080.9750899991,1070441.5867600003,2579278.644889998,1913838.15949,3444826.2947899974,2098339.253110001
2026-10-08T06:46:00.295458+00:00,obs-20261007-01,LIGHT,HBARUSDT,1.0,0.09259,0.0926,0.09259500000000001,1.0800302408453533,8394303922,0.09259,0.0926,247,51,734039.15368,721061.06771,743538.5795999998,745563.86565,2927.7260999999994,19515.662239999994,164820.44997000002,94077.06034000001,297989.42153,152031.08817999996,464890.0967199999,330267.6840600001,847926.1103800001,701483.9782700001
2026-10-08T06:47:00.308345+00:00,obs-20261007-01,LIGHT,PEPEUSDT,1.0,4.02e-06,4.03e-06,4.025e-06,24.875621890549926,8828307258,4.02e-06,4.03e-06,265,35,561389.6702102498,603673.6504379698,477265.51579628,546257.77784459,29.748958929999997,23270.45024748,75936.96287922,153035.63710097002,263714.05797682,339061.3628053301,573274.18239615,722020.9941493501,867891.7272804299,1079859.11404249
2026-10-08T06:47:00.308345+00:00,obs-20261007-01,LIGHT,BNBUSDT,1.0,768.62,768.63,768.625,0.13010330202067877,20912590428,768.62,768.63,400,80,2240687.0836100006,3296693.9708499974,2260815.7918999996,3362660.563959999,10806.109459999998,10419.053310000003,795831.1287699997,691371.7946499999,1377596.492249998,1455276.8991999996,3188427.224079998,3206491.2440599985,5747289.765510006,5211625.390079997
2026-10-08T06:47:00.308345+00:00,obs-20261007-01,LIGHT,AAVEUSDT,1.0,173.32,173.33,173.325,0.5769674590361262,10441277581,173.32,173.33,362,80,1469430.547529999,380602.4612499999,1445331.30522,357430.79456,3945.13911,6368.325709999997,89760.81805000002,86877.15147,171927.55908000004,144084.73093000002,265761.25976,206831.90083999996,788526.2179099999,269384.7002099999
2026-10-08T06:47:00.308345+00:00,obs-20261007-01,LIGHT,AVAXUSDT,1.0,10.87,10.871,10.8705,0.9199632014733616,10522753304,10.87,10.871,320,28,957939.8903800002,323075.2120500001,934208.8055199996,276296.4308500001,8976.940719999999,1163.1945500000002,183527.81167000002,127587.71896999997,337189.04933000007,189877.49072999996,487228.59596000006,256641.52231999996,556656.0901400001,275758.86684000003
2026-10-08T06:47:00.308345+00:00,obs-20261007-01,LIGHT,FILUSDT,1.0,1.0601,1.0602,1.0601500000000001,0.9433072351661131,9896917906,1.0601,1.0602,362,48,399318.0007009998,207186.64532800007,395123.38375000015,186952.26017800008,843.5908639999999,705.9479160000001,87339.425539,65938.280423,183370.061662,121380.36011700003,310246.005021,186619.741617,400579.60349099996,255393.9511139999
2026-10-08T06:47:00.308345+00:00,obs-20261007-01,LIGHT,ALGOUSDT,1.0,0.1178,0.1179,0.11785000000000001,8.48896434634927,5664800115,0.1178,0.1179,180,10,232138.61239999998,94581.97250000002,241821.14239999995,68947.70649999997,4207.054,1857.0840000000003,40320.753,9720.7971,110558.8004,43349.2942,160530.77899999998,88352.9307,195397.53739999997,109790.47739999999
2026-10-08T06:47:00.308345+00:00,obs-20261007-01,LIGHT,XRPUSDT,1.0,1.4026,1.4027,1.40265,0.7129616426637675,26680704979,1.4026,1.4027,453,45,2147738.75095,1959568.40702,2154143.98304,1824514.19181,54764.540680000006,65022.54508000001,792160.0004499997,917007.7823900001,1479336.3488199986,1368900.2325500005,2564093.242939996,2050187.9296000004,3458293.8905299953,2235110.627400001
2026-10-08T06:47:00.308345+00:00,obs-20261007-01,LIGHT,HBARUSDT,1.0,0.09262,0.09263,0.092625,1.0796804145973837,8394305224,0.09262,0.09263,273,12,383202.99570000015,214262.60731,363827.86618000024,202903.11316999994,1501.70684,1602.97966,166387.67930000002,110174.97550000003,275354.8657099999,198515.75317000004,483293.48676999984,341650.4716000001,864968.57067,712900.36401
2026-10-08T06:48:00.310260+00:00,obs-20261007-01,LIGHT,PEPEUSDT,1.0,4.02e-06,4.03e-06,4.025e-06,24.875621890549926,8828308025,4.02e-06,4.03e-06,173,15,169575.70589657003,227588.21524684998,158189.99645204996,206472.91532924998,1204.66726146,6731.286469,25643.10172452,151606.31929001003,213123.99313957,336134.34439961007,557677.71171751,720549.0790599501,874262.31425268,1078837.92593201
2026-10-08T06:48:00.310260+00:00,obs-20261007-01,LIGHT,BNBUSDT,1.0,768.2,768.21,768.205,0.13017443374119253,20912593782,768.2,768.21,369,84,1858401.609990001,3374325.1677199993,1881880.36469,2912140.961829998,13802.42983,3817.7920499999996,787827.12386,879907.1416399997,1358522.256839999,1644924.7063199994,3173269.0964599997,3465645.6003799955,5973113.343690003,5499516.312829996
2026-10-08T06:48:00.310260+00:00,obs-20261007-01,LIGHT,AAVEUSDT,1.0,173.11,173.12,173.115,0.5776673791224596,10441279682,173.11,173.12,272,35,1063716.1948100002,252941.60417000006,1083680.9251000003,218994.99120999995,13790.44816,1360.3390000000002,105625.97357000002,115431.32882999998,185208.63812,164006.28321999998,260745.19774999988,237651.07658999987,778574.4180999999,300581.3221099998
2026-10-08T06:48:00.310260+00:00,obs-20261007-01,LIGHT,AVAXUSDT,1.0,10.845,10.846,10.845500000000001,0.9220839096357736,10522758052,10.845,10.846,367,76,1542552.2302200003,546347.3697200003,1623922.319779999,483344.5562999999,47037.029210000015,7162.122450000001,162699.33327,145159.13220999998,351511.3423000001,222793.53586999996,412598.12814000016,302750.0130499999,492672.22179000004,333758.97459999984
2026-10-08T06:48:00.310260+00:00,obs-20261007-01,LIGHT,FILUSDT,1.0,1.0582,1.0584,1.0583,1.890001890001436,9896920929,1.0582,1.0584,358,42,423297.6111819998,257760.95203500005,467805.3307870001,212571.52057500006,1525.1249509999996,89.71475699999999,72507.46820299998,79002.57003699998,175338.45807199992,136516.03228599994,278159.8483009999,224056.0549569999,366714.70779899985,284333.60736199986
2026-10-08T06:48:00.310260+00:00,obs-20261007-01,LIGHT,ALGOUSDT,1.0,0.1178,0.1179,0.11785000000000001,8.48896434634927,5664800706,0.1178,0.1179,165,7,54314.56120000003,49229.409,55631.343800000024,41115.71329999999,650.2945,754.4066,38456.395099999994,22329.6285,109432.7408,59962.86110000001,159677.7622,96466.62640000001,195571.0342,115544.9602
2026-10-08T06:48:00.310260+00:00,obs-20261007-01,LIGHT,XRPUSDT,1.0,1.4018,1.4019,1.40185,0.7133685261795364,26680708972,1.4018,1.4019,421,58,2089440.7496900002,1759366.8018300005,2185792.2945499998,1578684.19502,154287.04403999992,68243.50319,852631.7412800001,1037108.6097999999,1562036.6914599994,1260898.2716999995,2490471.9381799977,2203237.186689999,3373515.3136699963,2401010.249399999
2026-10-08T06:48:00.310260+00:00,obs-20261007-01,LIGHT,HBARUSDT,1.0,0.09254,0.09255,0.09254499999999999,1.0806137886310019,8394306335,0.09254,0.09255,254,9,207481.62843999994,484380.74001999985,245405.69973,463426.8377199999,1386.34049,29.33835,178395.52181,112843.54537,303626.95299000014,225164.55982000002,452106.27807999996,362548.07643,830128.1374100001,733663.93087
2026-10-08T06:49:00.313569+00:00,obs-20261007-01,LIGHT,PEPEUSDT,1.0,4.02e-06,4.03e-06,4.025e-06,24.875621890549926,8828308910,4.02e-06,4.03e-06,242,19,384919.62301498,163155.9128876201,360989.28184937994,132299.84096010998,1260.3531416399999,3811.40256052,24687.588185819997,148641.29365085,216467.79885125998,334617.88251181005,562105.28699181,727282.5225536401,878109.39544206,1080167.42036845
2026-10-08T06:49:00.313569+00:00,obs-20261007-01,LIGHT,BNBUSDT,1.0,768.01,768.02,768.015,0.13020663793383846,20912597733,768.01,768.02,411,93,2345420.10422,3328228.6099099996,2314918.9498900007,3454418.7857500003,14780.13915,2739.72641,690194.4038799999,612797.9623199992,1381962.1750499986,1693032.103159999,3367445.605579998,3333487.5077999956,5999567.454630005,5366172.6060099965
2026-10-08T06:49:00.313569+00:00,obs-20261007-01,LIGHT,AAVEUSDT,1.0,173.04,173.05,173.04500000000002,0.5779010633388815,10441281603,173.04,173.05,281,20,1311542.2176400006,210659.84805,1321626.7525099996,201668.20878000007,678.1545700000001,783.08508,103259.90612999999,121553.36530000002,182812.35408999998,162620.97677999997,251321.0869699999,243823.65546999985,757132.78549,309558.12949999975
2026-10-08T06:49:00.313569+00:00,obs-20261007-01,LIGHT,AVAXUSDT,1.0,10.841,10.842,10.8415,0.9224241306160508,10522760373,10.841,10.842,300,29,647065.7275200001,423268.74640000006,647594.9190700005,344201.12212,12254.121760000002,5669.750639999999,177597.11237999998,142135.74181,362298.00217999995,266370.04036000004,412126.8008800001,381616.57909,493291.80710000003,410432.34051
2026-10-08T06:49:00.313569+00:00,obs-20261007-01,LIGHT,FILUSDT,1.0,1.0591,1.0593,1.0592,1.8883958077609009,9896924119,1.0591,1.0593,303,95,490578.4745269999,228585.33215199996,468410.4021719996,238718.55427800003,5531.590266,3973.4500300000013,84608.62543900001,83146.91292999998,183718.63163500003,141622.95621399998,293326.595174,217554.18332199985,383251.68844500004,290271.1789799998
2026-10-08T06:49:00.313569+00:00,obs-20261007-01,LIGHT,ALGOUSDT,1.0,0.1177,0.1178,0.11775,8.49617672047609,5664801352,0.1177,0.1178,135,5,44325.419899999986,41710.1003,47859.57600000001,41511.6351,765.9356,512.9012,72670.3533,28093.692799999997,123018.67520000001,54562.0262,159937.7701,90533.97360000001,193624.1438,115447.01220000001
2026-10-08T06:49:00.313569+00:00,obs-20261007-01,LIGHT,XRPUSDT,1.0,1.4018,1.4019,1.40185,0.7133685261795364,26680711543,1.4018,1.4019,363,45,969770.2337000006,833763.1244499997,972610.1176700005,827753.65455,15013.94428,45236.82826,850244.3155200002,1045369.0484999996,1563235.5737499995,1266917.783969999,2487632.054209998,2209246.6565899984,3361195.2049099966,2407183.7488599983
2026-10-08T06:49:00.313569+00:00,obs-20261007-01,LIGHT,HBARUSDT,1.0,0.09248,0.09249,0.09248500000000001,1.0813148788924032,8394307389,0.09248,0.09249,232,11,268160.92333,655827.2602799998,288749.89579000016,637404.87497,2168.9211800000003,170.70068,183058.04151,130709.57816,285829.45805,235946.83082000006,436693.9294099999,379560.10614000005,809610.44895,752049.0091299999
2026-10-08T06:50:00.317231+00:00,obs-20261007-01,LIGHT,PEPEUSDT,1.0,4.02e-06,4.03e-06,4.025e-06,24.875621890549926,8828309349,4.02e-06,4.03e-06,146,17,145796.31552657997,128838.33948244002,110530.53534478998,250949.02515688998,1638.2804691,1154.11977837,98632.6619409,118959.95534423001,286928.9869161,300011.31802151003,597371.0671736001,605171.83687919,885022.3363695301,869937.4329398401
2026-10-08T06:50:00.317231+00:00,obs-20261007-01,LIGHT,BNBUSDT,1.0,768.47,768.48,768.475,0.13012869728212806,20912601816,768.47,768.48,368,136,3066305.1809100006,3592735.5193699994,3048912.565490001,3500611.94979,3526.3696099999993,23341.932319999996,577387.63964,930724.65707,1351819.1011199988,1651698.2370799996,3214732.205180001,3523620.3861299953,5760112.925010008,5474375.224129995
2026-10-08T06:50:00.317231+00:00,obs-20261007-01,LIGHT,AAVEUSDT,1.0,173.22,173.23,173.225,0.5773005426612521,10441284183,173.22,173.23,303,38,2030991.1914499996,272144.48500999995,2003463.0056099999,293074.1666899999,321.49761,838.51506,109786.42749,115748.60120000002,174335.62656999993,165540.81953,268030.8193599998,230184.45952999996,789437.2584299999,293978.6872199999
2026-10-08T06:50:00.317231+00:00,obs-20261007-01,LIGHT,AVAXUSDT,1.0,10.85,10.851,10.8505,0.9216589861771318,10522762984,10.85,10.851,259,26,847787.8910899998,449806.5577700001,824654.2824000001,487036.63875999994,566.4157,1532.48199,168654.39396,129889.87748,338444.36361,242819.50248000002,434582.8690700001,347775.95034000004,506475.14556,375152.02206999995
2026-10-08T06:50:00.317231+00:00,obs-20261007-01,LIGHT,FILUSDT,1.0,1.0611,1.0613,1.0612,1.8848364904333614,9896926622,1.0611,1.0613,305,38,517019.82007600006,218243.01531800002,502241.7230180001,261853.4557660001,1631.3096159999998,1938.1391259999996,87514.16293199999,70037.70326600001,170180.688897,127432.37021300003,295882.51119900006,185609.24250899997,388979.182687,253405.26508699998
2026-10-08T06:50:00.317231+00:00,obs-20261007-01,LIGHT,ALGOUSDT,1.0,0.1178,0.1179,0.11785000000000001,8.48896434634927,5664801739,0.1178,0.1179,110,4,39894.0864,19983.573599999996,36564.98239999999,24481.348599999998,0.0,590.3964,42726.2105,28050.6066,108256.34619999999,63221.01499999999,159472.71009999997,92167.31659999999,195366.09849999996,111021.82299999999
2026-10-08T06:50:00.317231+00:00,obs-20261007-01,LIGHT,XRPUSDT,1.0,1.4029,1.403,1.4029500000000001,0.7128091809827097,26680715485,1.4029,1.403,376,51,2312098.68659,1966074.5939099991,2241351.5992799997,2207227.3466999987,33886.23546,69840.58619,936687.6878500003,759028.90077,1320814.5676799999,1315634.1269600003,2537430.7925499966,2008061.8346999998,3421269.145279995,2183382.2971900003
2026-10-08T06:50:00.317231+00:00,obs-20261007-01,LIGHT,HBARUSDT,1.0,0.09249,0.0925,0.092495,1.0811979673475136,8394308079,0.09249,0.0925,196,15,81583.99562000003,84761.05048999997,75657.77418000002,98765.86964999998,858.2772600000001,3459.4449400000008,177204.13683000003,121973.2829,291114.63215,226584.64373,442620.1508499999,365560.4245300001,815505.26531,738012.03932
2026-10-08T06:51:00.379539+00:00,obs-20261007-01,LIGHT,PEPEUSDT,1.0,4.02e-06,4.03e-06,4.025e-06,24.875621890549926,8828309729,4.02e-06,4.03e-06,112,13,83297.80675413001,15086.059283110002,83191.26194079999,16286.896168110003,129.770826,902.1252929000001,115342.57352135998,116081.04056887001,286921.90341752995,298371.52558011,597477.6119869299,603970.9999941901,885125.7291224599,868732.5378012401
2026-10-08T06:51:00.379539+00:00,obs-20261007-01,LIGHT,BNBUSDT,1.0,768.45,768.46,768.455,0.1301320840663145,20912604509,768.45,768.46,370,85,751935.44904,899656.8922500005,752200.96047,864976.2943700006,18032.654289999995,3141.495029999999,655686.6641599997,943610.9155299999,1350128.8851099983,1669017.9534899995,3214551.9019299997,3558270.714159996,5772479.319040006,5504391.967089997
2026-10-08T06:51:00.379539+00:00,obs-20261007-01,LIGHT,AAVEUSDT,1.0,173.33,173.34,173.335,0.5769341718098175,10441286139,173.33,173.34,247,28,1581486.1912300002,252930.08765999996,1562501.9267400003,284594.9606000001,750.5620200000002,14248.75574,91542.82323999997,92486.36769999999,174479.35203999997,148903.62313999998,280144.7531699999,201837.85598999995,803015.56304,267010.2087299999
2026-10-08T06:51:00.379539+00:00,obs-20261007-01,LIGHT,AVAXUSDT,1.0,10.853,10.854,10.8535,0.9214042200311745,10522766043,10.853,10.854,286,44,952907.5078099996,670087.5217499996,946762.8410099999,653691.2222999999,39280.09526,2744.3214699999994,195740.81849000006,160283.52834999998,360330.54347000015,268654.95606,439261.9684500002,364544.16582,512124.9882300001,391600.93280999985
2026-10-08T06:51:00.379539+00:00,obs-20261007-01,LIGHT,FILUSDT,1.0,1.0607,1.0608,1.06075,0.9427736400491327,9896929033,1.0607,1.0608,309,28,337935.2683080001,187953.086965,350539.32952399977,168534.80765999996,3164.556097,310.503522,83775.873612,87456.71388399998,171954.678866,133668.206725,283302.011022,204908.505508,377345.47345,272332.360968
2026-10-08T06:51:00.379539+00:00,obs-20261007-01,LIGHT,ALGOUSDT,1.0,0.1178,0.1179,0.11785000000000001,8.48896434634927,5664801938,0.1178,0.1179,72,2,12669.3704,8364.652,10934.567499999996,9111.3993,0.0,199.7226,44588.8956,27321.2915,110330.6318,62425.3959,161207.513,91420.5693,197109.1232,110275.0498
2026-10-08T06:51:00.379539+00:00,obs-20261007-01,LIGHT,XRPUSDT,1.0,1.4034,1.4035,1.4034499999999999,0.7125552230302645,26680718644,1.4034,1.4035,350,47,1638384.844849999,1431378.445310001,1596187.4233199994,1471860.920390001,16332.42648,102730.88207999998,988763.55782,868844.3244499998,1340330.1711300001,1125519.6785899994,2572250.717479998,1971545.3544399992,3410708.116039996,2145159.7371600005
2026-10-08T06:51:00.379539+00:00,obs-20261007-01,LIGHT,HBARUSDT,1.0,0.09254,0.09255,0.09254499999999999,1.0806137886310019,8394309109,0.09254,0.09255,196,13,342102.5877099997,153972.39196,311492.4450599998,166368.48356999995,1365.3606,2684.1762,174694.96695,117284.67835,303008.11494,213658.63256,468053.6697099999,354699.69896,845854.37757,725657.46454
2026-10-08T06:52:00.384098+00:00,obs-20261007-01,LIGHT,PEPEUSDT,1.0,4.03e-06,4.04e-06,4.035e-06,24.81389578163684,8828310604,4.03e-06,4.04e-06,177,14,304123.7465378901,689799.0268674903,195438.8368248199,671480.0108808399,0.0,2361.17942255,92700.80904435001,142623.79185100002,281746.46334363,334452.3171619,594363.62000062,729289.34839939,882754.9354718099,1074844.43328652
2026-10-08T06:52:00.384098+00:00,obs-20261007-01,LIGHT,BNBUSDT,1.0,768.76,768.77,768.765,0.130079608720024,20912607071,768.76,768.77,359,63,1931226.5683000004,1395939.7610400002,1909318.6200299994,1446913.8613300005,2845.95801,3497.8541399999995,638111.6138699998,888564.5255899997,1392951.851709999,1636082.7398999992,3196668.3801300013,3619846.3032499957,5772301.593420008,5485404.262939997
2026-10-08T06:52:00.384098+00:00,obs-20261007-01,LIGHT,AAVEUSDT,1.0,173.56,173.57,173.565,0.5761696243378189,10441289555,173.56,173.57,327,76,788690.1734399997,356709.1132299997,775579.5966200001,361586.2912499998,8298.87927,5980.690280000002,67331.7254,98598.42433000002,154889.6035299999,146891.39981999996,284398.69113999984,200472.89655999985,343855.02223999996,265860.4437599999
2026-10-08T06:52:00.384098+00:00,obs-20261007-01,LIGHT,AVAXUSDT,1.0,10.875,10.876,10.875499999999999,0.9195402298844968,10522770187,10.875,10.876,326,42,1464528.34162,728716.6633199998,1420295.7045399994,787613.79278,1724.57949,5789.390079999999,204602.20810999998,135089.37462,360798.04323999997,237405.33349999998,477856.56983999984,316643.0296699998,547348.1334899996,335755.5307099998
2026-10-08T06:52:00.384098+00:00,obs-20261007-01,LIGHT,FILUSDT,1.0,1.063,1.0632,1.0631,1.8814675446843232,9896932030,1.063,1.0632,350,50,477319.18159399997,251363.872611,445135.2104080001,286193.2773109999,1023.5916050000001,3945.403967000001,70798.86518,83673.71453000001,146340.644019,136463.14648900004,287702.605583,184017.82095600004,402588.5120459999,244007.32027299993
2026-10-08T06:52:00.384098+00:00,obs-20261007-01,LIGHT,ALGOUSDT,1.0,0.1179,0.118,0.11795,8.481764206953457,5664802556,0.1179,0.118,126,13,72832.73659999993,33055.533599999995,68093.99569999996,39006.2609,0.0,5101.4078,54115.54519999999,23776.012199999997,108121.09899999999,57022.66,163408.14559999996,86914.28679999999,199524.18299999993,104371.35979999998
2026-10-08T06:52:00.384098+00:00,obs-20261007-01,LIGHT,XRPUSDT,1.0,1.4049,1.405,1.40495,0.7117944337675652,26680723375,1.4049,1.405,430,59,3212346.114540001,2786584.954160001,3016560.1827199995,2894578.8766000005,123196.77468999998,60022.27026999999,1060054.6386600004,765379.8187399999,1559723.8367500002,1023828.21263,2733202.9803400002,1869111.8912499999,3608432.268449999,2063677.89338
2026-10-08T06:52:00.384098+00:00,obs-20261007-01,LIGHT,HBARUSDT,1.0,0.09265,0.09266,0.092655,1.0793308148948633,8394310855,0.09265,0.09266,267,28,752655.4434200001,302488.77951,720865.1790699996,328424.25573000003,3412.56438,3435.2413100000003,198147.92348,102049.41502,321414.1460699999,196603.23791999999,492645.9491399997,334329.70789,854516.9243699994,701726.50608
2026-10-08T06:53:00.390038+00:00,obs-20261007-01,LIGHT,PEPEUSDT,1.0,4.03e-06,4.04e-06,4.035e-06,24.81389578163684,8828311094,4.03e-06,4.04e-06,174,14,52380.64647138,29834.481260869998,30869.05828493,22201.01565547,0.0,1668.0317215600003,111814.75708676002,134087.22974612002,285479.77032373997,328317.31614737003,615875.20818707,736922.81400479,892655.96317078,1082486.46034118
2026-10-08T06:53:00.390038+00:00,obs-20261007-01,LIGHT,BNBUSDT,1.0,768.86,768.87,768.865,0.13006269021564876,20912609422,768.86,768.87,373,50,2005728.6584599994,1758322.2579199993,2020226.3973899998,1732882.3090699997,1372.3936799999994,2442.63075,707323.4052199997,938605.0599699996,1366307.5627899985,1661761.9132899998,3178573.61934,3724365.046849998,5756682.027120008,5511348.774739998
2026-10-08T06:53:00.390038+00:00,obs-20261007-01,LIGHT,AAVEUSDT,1.0,173.58,173.59,173.585,0.5761032376994102,10441292053,173.58,173.59,290,45,1353412.50878,276539.85828999995,1356500.5812900004,261232.00511000014,822.22906,3810.7972799999993,102659.52659000001,111095.27130000004,181749.47574000002,155329.78787000003,275134.52973999997,215797.0535699999,326181.21246000007,281260.3708799997
2026-10-08T06:53:00.390038+00:00,obs-20261007-01,LIGHT,AVAXUSDT,1.0,10.878,10.879,10.878499999999999,0.9192866335716587,10522772914,10.878,10.879,303,47,856261.3281200003,431504.46372000006,871572.0185099997,425715.85390000016,12504.316219999995,3966.01815,185615.17852,136487.50697000002,345406.35527,243930.57604999995,462538.12768999994,322447.68050999974,539319.1403699997,341286.9953099997
2026-10-08T06:53:00.390038+00:00,obs-20261007-01,LIGHT,FILUSDT,1.0,1.0629,1.063,1.0629499999999998,0.9408222786722042,9896934664,1.0629,1.063,347,43,460508.5911700002,215457.9099419999,457415.203345,202945.436804,8390.899528999998,811.2850649999999,81691.91107999999,84353.95293099998,166513.33666899998,137973.393819,294280.37404400005,196496.07798499998,400511.79013,256637.2303749999
2026-10-08T06:53:00.390038+00:00,obs-20261007-01,LIGHT,ALGOUSDT,1.0,0.1179,0.118,0.11795,8.481764206953457,5664802991,0.1179,0.118,113,2,22750.153500000008,11413.900999999998,28194.145700000012,9882.531799999999,0.0,220.778,49905.2362,27400.444600000003,103448.3299,58134.9964,157964.15339999998,88445.656,195850.59609999994,105902.70289999999
2026-10-08T06:53:00.390038+00:00,obs-20261007-01,LIGHT,XRPUSDT,1.0,1.405,1.4051,1.4050500000000001,0.7117437722414799,26680725336,1.405,1.4051,380,33,714047.5521299996,847101.6887799999,903288.2427599998,817825.53208,17673.08004,44451.16625,911121.4060199999,769659.97859,1340329.5299599995,1210639.5044500001,2543962.2897099997,1899149.8078100004,3409045.8146299976,2093679.2545100003
2026-10-08T06:53:00.390038+00:00,obs-20261007-01,LIGHT,HBARUSDT,1.0,0.09268,0.09269,0.09268499999999999,1.0789814415179677,8394312324,0.09268,0.09269,269,22,788301.9907100002,614951.04334,811291.9097899998,584733.14246,744.7813199999998,1179.6193399999997,183251.16173999998,124222.70493,308219.97799,221741.31087,468950.3672899998,369946.97153999994,823610.17577,732385.9673399999
2026-10-08T06:54:00.390964+00:00,obs-20261007-01,LIGHT,PEPEUSDT,1.0,4.03e-06,4.04e-06,4.035e-06,24.81389578163684,8828311331,4.03e-06,4.04e-06,82,13,22572.514330019996,92357.70963584,38827.65776808,215123.93144163,131.315535,1434.5719022,112695.58137539001,133176.0973816,269316.77777171,309118.91631265,599620.0647490099,614156.5921990001,876442.3750998798,871600.93678123
2026-10-08T06:54:00.390964+00:00,obs-20261007-01,LIGHT,BNBUSDT,1.0,768.86,768.87,768.865,0.13006269021564876,20912611472,768.86,768.87,374,36,2791837.9432899994,825935.8963800004,2778850.8989899983,828577.2113999999,1281.6653000000003,7513.245939999999,722344.8572099999,933017.7282499996,1380490.9539499988,1659275.59827,3191560.6636400004,3721723.7318299967,5766258.273960009,5508624.484309998
2026-10-08T06:54:00.390964+00:00,obs-20261007-01,LIGHT,AAVEUSDT,1.0,173.53,173.54,173.535,0.5762692329858154,10441293436,173.53,173.54,237,16,593444.3890800001,182095.8293899999,589471.4651599999,176509.94070000006,901.8996500000001,763.02539,97285.01445000002,97171.28873,176732.45296999995,150140.37311999997,280849.3715,221083.90976999997,322539.65325,286555.7236299998
2026-10-08T06:54:00.390964+00:00,obs-20261007-01,LIGHT,AVAXUSDT,1.0,10.881,10.882,10.881499999999999,0.919033177098072,10522775476,10.881,10.882,298,35,693313.9794299996,383093.42169000005,682985.7298500002,389734.29971,3488.58208,20533.67588,168199.67857,137248.61486,350990.52343,238438.73363999996,472859.59216999996,316101.02610999986,548553.6232899998,336436.1252699998
2026-10-08T06:54:00.390964+00:00,obs-20261007-01,LIGHT,FILUSDT,1.0,1.0631,1.0632,1.0631499999999998,0.9406452826632439,9896936896,1.0631,1.0632,320,27,363573.5045899999,142437.23405300008,348984.5706789999,139075.28650099994,731.7652420000001,1019.509285,111432.384955,81530.26416700002,183933.160567,142558.843208,305366.1388890001,199892.24164599998,414592.3025150001,260004.18132699988
2026-10-08T06:54:00.390964+00:00,obs-20261007-01,LIGHT,ALGOUSDT,1.0,0.1179,0.118,0.11795,8.481764206953457,5664803262,0.1179,0.118,95,3,25621.771400000012,18792.249900000003,29709.455200000004,25390.5944,0.0,304.204,53103.3965,26864.0656,107245.0888,58312.1275,153876.4696,81847.3115,184378.17549999998,92234.99179999997
2026-10-08T06:54:00.390964+00:00,obs-20261007-01,LIGHT,XRPUSDT,1.0,1.406,1.4061,1.40605,0.7112375533435689,26680730288,1.406,1.4061,420,88,3239140.1436500032,2993115.2378799985,3198810.226770004,2856958.7479299996,80451.71489999998,173817.88231,1016983.8270999999,919394.8152899999,1412307.1056699997,1200248.9456699998,2571565.718,2065082.3733599994,3427342.9253299977,2246979.7513800003
2026-10-08T06:54:00.390964+00:00,obs-20261007-01,LIGHT,HBARUSDT,1.0,0.09272,0.09273,0.092725,1.0785159620363416,8394313342,0.09272,0.09273,226,13,151913.72672999997,133894.82253000003,131076.11697999996,150557.6226000001,77.3118,2802.9464400000006,184501.38728999996,122774.89185000001,326559.19496999995,211125.78369999994,489673.0566099997,353310.4871199999,844130.1420899997,715723.1672699999
2026-10-08T06:55:00.391083+00:00,obs-20261007-01,LIGHT,PEPEUSDT,1.0,4.04e-06,4.05e-06,4.045e-06,24.752475247524774,8828312126,4.04e-06,4.05e-06,155,51,276514.67910064006,394378.11911275005,149965.73889848,387109.4342590299,22.839694540000004,29251.74636796,105464.68125692001,135799.83141255,278614.49086801003,343258.36612815,560213.7878671701,718054.4176684,884967.41085527,1059321.37782508
2026-10-08T06:55:00.391083+00:00,obs-20261007-01,LIGHT,BNBUSDT,1.0,769.32,769.33,769.325,0.12998492174842724,20912616026,769.32,769.33,447,111,6269385.48275,4245734.184830002,6251393.74736,4607854.555619999,1980.0562600000003,35353.74673000002,796495.31798,997028.9140499998,1530821.2801799995,1566221.1251299987,3016024.0105899987,3728930.164379998,5731657.397620008,5432354.547769997
2026-10-08T06:55:00.391083+00:00,obs-20261007-01,LIGHT,AAVEUSDT,1.0,173.72,173.73,173.725,0.5756389592437294,10441295376,173.73,173.74,280,42,414893.6050800002,206907.22203999994,400967.21397000016,252583.14044999995,223.41098000000002,1352.78777,102362.92492,76293.17547999998,183528.23818000001,124335.66676999998,291254.71549000015,179159.06585999994,335194.4788099999,243366.93606000012
2026-10-08T06:55:00.391083+00:00,obs-20261007-01,LIGHT,AVAXUSDT,1.0,10.915,10.916,10.9155,0.9161704076965371,10522781111,10.917,10.918,368,117,1522188.62493,902951.0312899995,1523214.982489999,913401.8575099997,42719.4664,9880.96711,149725.23240000004,145962.07948000001,312312.48405,262278.96168,465965.29218,318192.06878000003,533645.2350199999,329126.68334000005
2026-10-08T06:55:00.391083+00:00,obs-20261007-01,LIGHT,FILUSDT,1.0,1.0644,1.0645,1.06445,0.9394964299125341,9896939298,1.0647,1.0648,315,50,385663.7855189998,176427.42921799995,375367.00934600004,203129.40272900008,2272.463824,2900.548264,94455.62377199999,72151.634789,176526.45316399998,126353.757871,311795.75237499987,183952.95481099997,402186.44808400003,234370.24291699997
2026-10-08T06:55:00.391083+00:00,obs-20261007-01,LIGHT,ALGOUSDT,1.0,0.1181,0.1182,0.11815,8.467400508043177,5664803939,0.1181,0.1182,136,7,103821.91959999996,66217.95439999999,85901.97689999997,64821.416200000014,395.635,859.5269,41387.946899999995,25966.040999999997,108713.9137,60557.4524,157924.21220000004,86281.77249999999,199113.4149,102443.27639999997
2026-10-08T06:55:00.391083+00:00,obs-20261007-01,LIGHT,XRPUSDT,1.0,1.4082,1.4083,1.40825,0.7101264025011211,26680737775,1.4082,1.4083,462,164,5319331.993499999,4690650.973899999,5286849.0910600005,4877030.579130003,154914.91075,78844.77706,993280.7349099996,801534.6763999999,1477497.7830299991,1039662.77669,2448707.2024699985,1910980.2626299988,3048263.5441199974,2103943.9764199993
2026-10-08T06:55:00.391083+00:00,obs-20261007-01,LIGHT,HBARUSDT,1.0,0.09292,0.09293,0.09292500000000001,1.0761945759796276,8394316699,0.09292,0.09293,336,87,1906805.69611,673970.3795299999,1919987.0643999998,713863.52732,18300.568760000002,19292.491090000003,151238.56918999998,91446.56349,239578.82621999996,177958.04022000002,456881.92437,325524.22562,820215.3427299998,687491.2482999997
2026-10-08T06:56:00.391267+00:00,obs-20261007-01,LIGHT,PEPEUSDT,1.0,4.03e-06,4.04e-06,4.035e-06,24.81389578163684,8828313949,4.03e-06,4.04e-06,281,18,667968.9137924301,837813.8616659102,725410.9577171203,645901.1347244204,12128.345019960001,8459.03303328,125262.73623266001,88542.49025132,274109.40815072,313890.19351397,620804.71561448,717615.8175822899,889190.99356666,1126367.2844708299
2026-10-08T06:56:00.391267+00:00,obs-20261007-01,LIGHT,BNBUSDT,1.0,768.73,768.74,768.735,0.13008468513042715,20912624704,768.73,768.74,472,170,6343235.506420002,7423839.395899993,6444384.036520002,7436387.205909996,52285.30912000001,6366.655199999999,657052.6354999997,883686.2072899997,1488464.0095799994,1615333.533299999,3233529.4180899994,3462016.391869998,5685082.508500007,5582681.681019997
2026-10-08T06:56:00.391267+00:00,obs-20261007-01,LIGHT,AAVEUSDT,1.0,173.37,173.39,173.38,1.153602122627717,10441300781,173.38,173.39,458,101,1293024.1924199997,514727.34122,1338858.2613499993,466731.19909999985,16167.044010000003,3898.5053699999994,80056.46776,90197.08465999998,166595.19437000004,139580.24619999994,248294.06712000014,212818.32017999986,771272.1903400001,280063.5017999998
2026-10-08T06:56:00.391267+00:00,obs-20261007-01,LIGHT,AVAXUSDT,1.0,10.893,10.894,10.8935,0.9180207472692103,10522797269,10.893,10.894,554,297,4704736.991820001,2499020.624589998,4806569.4103,2411704.916559998,48605.27147000001,81660.21714000002,130849.44324000002,147336.52164000002,313875.71254,286633.36423000006,370923.4476399999,392850.01453999995,447874.12049999996,412624.14327000006
2026-10-08T06:56:00.391267+00:00,obs-20261007-01,LIGHT,FILUSDT,1.0,1.0616,1.0618,1.0617,1.8839487565935897,9896945744,1.0616,1.0618,487,93,612033.852558,550235.5228050002,732952.3249920001,455710.8622960001,18273.093501000003,4393.0564460000005,71724.27479,86566.55557899999,169432.62176199997,159393.43833,224076.68225100002,252739.412691,313639.2174460001,328707.5959990001
2026-10-08T06:56:00.391267+00:00,obs-20261007-01,LIGHT,ALGOUSDT,1.0,0.1179,0.118,0.11795,8.481764206953457,5664805706,0.1179,0.118,257,10,253360.9251000001,157164.0707999999,282745.77080000006,150244.60669999997,947.1573000000001,1633.0933000000002,43672.3781,15052.146499999999,97645.92740000002,55058.5745,134389.62350000005,83208.8249,161159.77530000004,99961.83590000002
2026-10-08T06:56:00.391267+00:00,obs-20261007-01,LIGHT,XRPUSDT,1.0,1.4058,1.4059,1.40585,0.7113387395074611,26680752516,1.4058,1.4059,562,260,9999111.558560006,10549850.186749991,10531708.987280007,10121636.94833,401635.5265600001,175218.74422,711163.8004900002,992645.16659,1057520.5171800002,1317558.2862699998,2083003.6231800006,2302243.6966100005,2949916.1926499996,2504977.186010004
2026-10-08T06:56:00.391267+00:00,obs-20261007-01,LIGHT,HBARUSDT,1.0,0.09278,0.09279,0.092785,1.077818495365257,8394322487,0.09278,0.09279,477,71,1682122.811080001,1899088.8466899996,1743189.6966199991,1813334.31799,15600.726409999996,5803.283400000001,130190.59713000001,131544.64661999998,241695.70543000003,242217.95776999995,403512.8532400001,399618.3977699999,765252.5798399999,761247.1231599998
2026-10-08T06:57:00.391619+00:00,obs-20261007-01,LIGHT,PEPEUSDT,1.0,4.03e-06,4.04e-06,4.035e-06,24.81389578163684,8828314401,4.03e-06,4.04e-06,147,17,236335.7532543401,113118.99533168999,242238.40665924994,231263.21075278998,2.0305155000000004,2834.22869828,113427.55410792,71626.38792568,268291.21695624,283947.51369193,614902.06220957,599471.60216119,875423.41388888,934495.4043033699
2026-10-08T06:57:00.391619+00:00,obs-20261007-01,LIGHT,BNBUSDT,1.0,768.92,768.93,768.925,0.13005254122733234,20912628532,768.92,768.93,397,98,1636270.2127800002,3591929.4535099966,1588671.3124499996,3619364.7130199964,5036.2482,4231.4592299999995,650927.01153,1035499.41699,1513799.562129999,1591041.8042199996,3093461.162619998,3515328.774819998,5696208.766840005,5557606.156739998
2026-10-08T06:57:00.391619+00:00,obs-20261007-01,LIGHT,AAVEUSDT,1.0,173.44,173.45,173.445,0.576568265682198,10441304124,173.44,173.45,339,63,1333860.79206,329809.72345000017,1131899.520340001,326985.3870800002,7378.15013,7716.47644,274907.48335999995,99318.62017999998,356772.02284000017,151523.02528999993,449451.47965999995,217719.58248999988,974231.8834199999,285783.7858099998
2026-10-08T06:57:00.391619+00:00,obs-20261007-01,LIGHT,AVAXUSDT,1.0,10.895,10.896,10.8955,0.9178522257924371,10522803472,10.896,10.897,429,90,2141344.426570001,758042.467860001,2130382.0911099995,748428.8399700001,6069.724740000001,5835.267019999998,141335.37918,159554.98659999997,302830.52061,298273.30012,381870.46839999995,402469.14442999987,458691.71320999996,422372.43397
2026-10-08T06:57:00.391619+00:00,obs-20261007-01,LIGHT,FILUSDT,1.0,1.0616,1.0618,1.0617,1.8839487565935897,9896948785,1.0616,1.0618,350,30,293150.20686900005,206920.90331799997,267817.30775999994,204971.328373,5286.348975999999,1748.7191569999995,94082.69637700001,89197.05673200001,194199.733639,161778.76406600003,249401.88511200005,254688.9876360001,338551.30579300004,330626.39590600017
2026-10-08T06:57:00.391619+00:00,obs-20261007-01,LIGHT,ALGOUSDT,1.0,0.1179,0.118,0.11795,8.481764206953457,5664806808,0.1179,0.118,171,5,195700.26960000017,62694.47110000001,167933.0654,53558.660299999996,257.948,514.834,66200.5493,18071.0818,125665.66750000001,57442.556599999996,166595.2277,92344.6357,199477.01829999997,114089.50670000001
2026-10-08T06:57:00.391619+00:00,obs-20261007-01,LIGHT,XRPUSDT,1.0,1.4061,1.4062,1.4061499999999998,0.7111869710541008,26680758318,1.4061,1.4062,513,58,3320333.827090004,2441779.8616200015,3099059.631699999,2429167.3534000022,19296.16696,45679.36966999999,848083.9026500002,915184.6925299999,1141454.7424599999,1332086.3232999998,2303828.3688899996,2326401.31497,3164505.9299699976,2523348.7981000035
2026-10-08T06:57:00.391619+00:00,obs-20261007-01,LIGHT,HBARUSDT,1.0,0.09282,0.09283,0.09282499999999999,1.0773540185304853,8394324360,0.09282,0.09283,275,18,449389.12242000015,266734.5117499999,424313.49317000015,283125.3771,1125.16672,3999.9387899999997,137248.61048999996,141920.06454000002,263052.30803,230525.74650999997,423757.7019400003,388706.8761899999,790212.5234000001,747157.8240199997
2026-10-08T06:58:00.391811+00:00,obs-20261007-01,LIGHT,PEPEUSDT,1.0,4.04e-06,4.05e-06,4.045e-06,24.752475247524774,8828315409,4.04e-06,4.05e-06,271,18,271686.40205876005,184890.84593660993,207482.44446870004,281686.6382367,47.791369880000005,2050.40445065,71342.44464204,144072.67813065002,230200.99408501002,316160.34480647004,504416.20516362996,600806.0709148601,835482.4024964799,885201.7794559201
2026-10-08T06:58:00.391811+00:00,obs-20261007-01,LIGHT,BNBUSDT,1.0,769.41,769.42,769.415,0.12996971705536708,20912631652,769.41,769.42,361,98,4023505.553099999,2775829.6874399986,4116763.8512000004,2874667.4126099986,530.6495999999999,22322.57614,729213.9374699997,912577.5412999998,1520044.4393699989,1537527.8361599992,2678631.6453699963,3591910.569709999,5335529.634490006,5477157.564809998
2026-10-08T06:58:00.391811+00:00,obs-20261007-01,LIGHT,AAVEUSDT,1.0,173.54,173.56,173.55,1.1524720525524224,10441306417,173.54,173.56,311,43,1723085.37971,189565.14787000002,1866141.447859999,200167.62904000012,1234.48928,10144.431609999998,141866.42854000002,93437.49778,220320.90807999996,148264.07959999997,306273.2895399998,211743.15078999993,357087.68507999973,278767.6289199998
2026-10-08T06:58:00.391811+00:00,obs-20261007-01,LIGHT,AVAXUSDT,1.0,10.91,10.911,10.910499999999999,0.9165902841434814,10522807565,10.911,10.912,346,46,1534345.9087200002,617392.83663,1520753.8210600005,661822.8846300002,3331.98278,1749.0543999999998,145351.96349,166074.54323999997,266227.07610999997,284115.5193899999,392748.84813999984,358530.24734999985,461571.92822,378347.40601999994
2026-10-08T06:58:00.391811+00:00,obs-20261007-01,LIGHT,FILUSDT,1.0,1.0627,1.0628,1.0627499999999999,0.9409993413012074,9896950482,1.0628,1.0629,252,37,143282.03785000005,103910.03532800003,120332.718598,125975.10704500001,1490.603312,1794.7917970000005,96023.816344,89473.013833,193504.770807,161882.58658399998,249969.04746200002,249882.47973900003,354439.872305,309813.4434870002
2026-10-08T06:58:00.391811+00:00,obs-20261007-01,LIGHT,ALGOUSDT,1.0,0.118,0.1181,0.11804999999999999,8.474576271186862,5664807122,0.118,0.1181,88,3,28556.493200000008,17791.6693,27683.598299999998,21682.928999999996,0.0,337.4987,48506.9021,25652.0652,110298.1215,62229.81740000001,160511.51459999997,91568.7872,199407.35929999995,110457.53700000003
2026-10-08T06:58:00.391811+00:00,obs-20261007-01,LIGHT,XRPUSDT,1.0,1.4073,1.4074,1.40735,0.7105805443052837,26680761310,1.4073,1.4074,371,26,2201235.092159999,1438588.9500000004,2028272.8887500002,1745737.24048,559.986,28478.663,889935.8072099998,762262.27369,1309101.117509999,1168608.6079500006,2341734.3910399987,2046524.5112199998,3201180.873649997,2224991.5433400013
2026-10-08T06:58:00.391811+00:00,obs-20261007-01,LIGHT,HBARUSDT,1.0,0.09293,0.09294,0.09293499999999999,1.076078768964539,8394325703,0.09293,0.09294,239,18,711666.6990899994,228505.92040000003,669320.3771999999,261947.06183,50.31386,2311.31849,148988.49081,123443.37148999998,251363.07621999993,216081.66272999998,456747.74949,356408.82769999997,820344.6147799998,714166.7322199998
2026-10-08T06:59:00.397713+00:00,obs-20261007-01,LIGHT,PEPEUSDT,1.0,4.04e-06,4.05e-06,4.045e-06,24.752475247524774,8828316484,4.04e-06,4.05e-06,346,16,446092.51781482995,595493.4588436801,432593.61234178,492473.62755771977,916.6102288,2311.2356535,71886.23062972001,181834.38993960002,243597.64854230004,419631.83905204,517915.11063668,703825.90220082,849447.4626719499,1075838.39305107
2026-10-08T06:59:00.397713+00:00,obs-20261007-01,LIGHT,BNBUSDT,1.0,769.39,769.4,769.395,0.12997309556839198,20912634660,769.39,769.4,359,127,2363003.049379999,1875251.9961100002,2068073.6321400001,1737308.428209999,41336.99294,6085.60818,623397.1347499999,1021456.1712599997,1489164.569559999,1673443.572359999,2973607.526919996,3729749.2303899983,5634361.147380004,5614480.893109996
2026-10-08T06:59:00.397713+00:00,obs-20261007-01,LIGHT,AAVEUSDT,1.0,173.4,173.41,173.405,0.5767012687418749,10441308048,173.4,173.41,255,21,688460.6573400004,167901.76785000003,748486.1705500003,147681.28345000005,1595.79721,1168.86998,76339.59846999998,106726.68394999999,180331.05087000004,158925.43713999997,248445.98185000007,226654.3924499999,760366.35605,293969.0126999998
2026-10-08T06:59:00.397713+00:00,obs-20261007-01,LIGHT,AVAXUSDT,1.0,10.908,10.909,10.9085,0.9167583425018222,10522811355,10.908,10.909,370,60,1437531.5259599995,505214.2678699998,1482548.2752900003,496115.40852999996,17145.27995,605.5635,110557.09283000002,144966.26965,284950.00506999996,275440.83376,349420.0308099997,367579.08097,417405.94032999995,386347.9039000001
2026-10-08T06:59:00.397713+00:00,obs-20261007-01,LIGHT,FILUSDT,1.0,1.0622,1.0623,1.0622500000000001,0.9414422895881458,9896952454,1.0622,1.0623,289,13,178590.5097629999,175480.89882,198457.28428300002,154624.33443300007,1137.2294200000001,584.795117,77093.311683,98516.06814099998,187301.31998499995,177243.637506,248455.465397,256913.70182300004,337843.690077,329509.15127600014
2026-10-08T06:59:00.397713+00:00,obs-20261007-01,LIGHT,ALGOUSDT,1.0,0.118,0.1181,0.11804999999999999,8.474576271186862,5664807833,0.118,0.1181,136,6,93613.84559999997,40918.833200000015,96601.04789999998,41739.861600000004,265.2398,473.1389,54255.4157,16600.964200000002,110635.47889999999,58783.0801,157524.31229999996,90747.7588,196420.15649999992,109860.82850000002
2026-10-08T06:59:00.397713+00:00,obs-20261007-01,LIGHT,XRPUSDT,1.0,1.4069,1.407,1.4069500000000001,0.7107825716112792,26680765773,1.4069,1.407,515,59,2632883.38343,2443929.957509999,2850617.0525300014,2243141.7639400004,26211.03697,13784.11438,758740.4519100001,1064151.7397999999,1230852.3682199996,1483766.6693099998,2131453.6973099997,2247050.8973999997,3107591.9466599985,2537019.8540600026
2026-10-08T06:59:00.397713+00:00,obs-20261007-01,LIGHT,HBARUSDT,1.0,0.093,0.09301,0.093005,1.0752688172033231,8394327833,0.093,0.09301,286,29,1089645.9226899997,476433.43551000004,1085546.40721,483367.05584999995,2663.74134,5133.11132,156212.46471,124937.1398,266338.1661,176830.61179,459509.8267999998,360399.16125000006,823314.7914399997,717042.47929
2026-10-08T07:00:00.398120+00:00,obs-20261007-01,LIGHT,PEPEUSDT,1.0,4.03e-06,4.04e-06,4.035e-06,24.81389578163684,8828317669,4.03e-06,4.04e-06,304,22,295292.26552133,364584.81059711974,340983.8161165,251281.75621143996,4621.13428605,2178.5896356800004,134707.16305553002,70656.362142,275297.34330461,293993.3811948,618632.70129351,679949.22242546,877737.07054459,1106501.1016757102
2026-10-08T07:00:00.398120+00:00,obs-20261007-01,LIGHT,BNBUSDT,1.0,769.09,769.1,769.095,0.13002379435356204,20912637225,769.08,769.09,353,79,1419702.4798499998,1310408.7838299996,1648798.0896500002,1468118.57588,35784.039120000016,2208.91685,746426.13194,1017091.2166599999,1292558.455039999,1509569.3212099995,2871504.789539998,3397576.065989999,5740000.944550001,5439481.408959997
2026-10-08T07:00:00.398120+00:00,obs-20261007-01,LIGHT,AAVEUSDT,1.0,173.24,173.25,173.245,0.5772338951737233,10441310011,173.24,173.25,250,30,480775.9155600003,205950.8223,488708.1377000002,195805.36402999997,3153.94311,999.29188,98276.23345,90181.30467000001,177753.88671,154860.66223000002,243635.00168999998,226983.24362000002,768433.37635,299880.96119999996
2026-10-08T07:00:00.398120+00:00,obs-20261007-01,LIGHT,AVAXUSDT,1.0,10.898,10.899,10.898499999999999,0.9175995595511743,10522814283,10.898,10.899,313,39,1134561.5297500002,533726.9610700001,1158002.2508599996,509507.10943000007,3212.1445599999997,4399.51077,79806.15967000001,154184.85491,231640.09304000004,295123.22725,326999.58526999986,391564.1809099999,402817.04513999994,410473.69375
2026-10-08T07:00:00.398120+00:00,obs-20261007-01,LIGHT,FILUSDT,1.0,1.0614,1.0615,1.06145,0.9421518748831126,9896954206,1.0614,1.0615,284,17,115548.26851699995,125177.25590000003,161147.46398700005,117970.22283999999,1952.5435310000003,1483.909038,63491.219656999994,81576.70721299999,157785.459467,165246.966675,206897.80313800005,251431.21590799995,296634.058443,336648.724836
2026-10-08T07:00:00.398120+00:00,obs-20261007-01,LIGHT,ALGOUSDT,1.0,0.118,0.1181,0.11804999999999999,8.474576271186862,5664808430,0.118,0.1181,130,3,30757.2897,21123.379,35716.44900000001,20568.446600000003,0.0,348.0407,50847.240900000004,25541.444300000003,107727.0477,62214.312600000005,152565.153,91302.6912,191541.1407,110415.6677
2026-10-08T07:00:00.398120+00:00,obs-20261007-01,LIGHT,XRPUSDT,1.0,1.406,1.4061,1.40605,0.7112375533435689,26680769552,1.406,1.4061,508,41,2200019.3522400004,2348968.1795300003,2194802.0298500005,2054477.7976800008,13285.427779999998,22781.18412,813488.8851499996,1342640.3262100003,1392934.7404799995,1519909.6006200004,2264462.7008699994,2488778.900770001,3114709.609649998,2709261.6548300046
2026-10-08T07:00:00.398120+00:00,obs-20261007-01,LIGHT,HBARUSDT,1.0,0.09288,0.09289,0.092885,1.0766580534027348,8394329769,0.09288,0.09289,296,22,509778.26000000036,1265811.53918,558675.8696900002,1229204.03595,3029.921369999999,1758.26451,159663.44483000002,140434.21931000001,250304.06788999998,245279.80999999997,415020.3517599999,395976.6244199999,778024.5252399998,753404.5666499997
2026-10-08T07:01:00.403580+00:00,obs-20261007-01,LIGHT,PEPEUSDT,1.0,4.03e-06,4.04e-06,4.035e-06,24.81389578163684,8828318377,4.03e-06,4.04e-06,204,18,222770.68478396992,340999.8627524799,236850.15612505,306602.53540249984,120.13662934000001,1528.50708552,79454.48886986001,124561.95527792,265806.00151532004,313296.95218817005,604553.22995243,714346.54977544,875072.7290206801,1121004.9616163
2026-10-08T07:01:00.403580+00:00,obs-20261007-01,LIGHT,BNBUSDT,1.0,768.67,768.68,768.675,0.13009483913695163,20912644845,768.67,768.68,486,199,3881503.717119995,5713465.916749994,3681171.1305300007,5376444.407560008,8436.444549999998,15582.87546,656982.8073100002,951675.57474,1524238.4827199993,1666579.69902,3283077.6290299986,3652211.421649997,5985987.069650006,5613370.766529992
2026-10-08T07:01:00.403580+00:00,obs-20261007-01,LIGHT,AAVEUSDT,1.0,172.92,172.93,172.925,0.5783021050209669,10441313367,172.92,172.93,356,45,620853.7810200002,412730.55745999987,619009.20656,391302.49545999995,1599.5028499999999,1047.77078,106190.73061,91754.14058000002,187888.44702,146697.53044000003,258591.63760999998,221020.09137000004,773762.9013700001,301951.34154999995
2026-10-08T07:01:00.403580+00:00,obs-20261007-01,LIGHT,AVAXUSDT,1.0,10.873,10.874,10.8735,0.9197093718404936,10522821386,10.873,10.874,477,107,2365800.818479998,1246059.9986800002,2340658.3011999996,1219177.7932300002,9656.34429,6406.9967400000005,133544.87962000002,166443.11866,303086.53267,290801.7293699999,354366.69103999983,412876.45866999973,431466.5298099999,432769.36185999995
2026-10-08T07:01:00.403580+00:00,obs-20261007-01,LIGHT,FILUSDT,1.0,1.0609,1.061,1.06095,0.9425959091347025,9896958550,1.0609,1.061,400,48,627837.2382229997,407949.53606599994,596486.394188,387285.3211370002,8743.992522999999,1501.060651,73293.57870900001,91545.16505199998,180605.93251500005,176169.57339599996,241743.7019220001,271763.6630389998,337399.784618,340497.6373249998
2026-10-08T07:01:00.403580+00:00,obs-20261007-01,LIGHT,ALGOUSDT,1.0,0.1181,0.1182,0.11815,8.467400508043177,5664809403,0.1181,0.1182,182,13,124344.54559999997,54382.2278,113488.9895,55699.288500000024,5161.2854,5549.0744,37248.307199999996,25015.3858,97907.53989999999,62478.099500000004,160903.8521,91335.98720000002,197349.64299999998,107732.46720000001
2026-10-08T07:01:00.403580+00:00,obs-20261007-01,LIGHT,XRPUSDT,1.0,1.4038,1.4039,1.4038499999999998,0.7123521869201177,26680777823,1.4038,1.4039,499,90,6001498.5550599955,5889968.321850002,6020025.366030001,5839952.954760004,95362.74062,23228.06563,886730.7851200001,1009874.3967200001,1372220.5137399998,1684347.6650400006,2320119.1375700003,2517119.04033,3131982.5607099994,2732740.4447000027
2026-10-08T07:01:00.403580+00:00,obs-20261007-01,LIGHT,HBARUSDT,1.0,0.09273,0.09274,0.09273500000000001,1.0783996549124097,8394332958,0.09273,0.09274,347,37,829351.3165500002,1730341.3017600004,837583.4550600001,1733297.1805899988,1405.26834,1567.29242,138179.8015,134538.92387000003,269556.6846300001,227463.42341000002,424280.05623000005,384928.14652999997,779240.2592,741094.5321899999
2026-10-08T07:02:00.403947+00:00,obs-20261007-01,LIGHT,PEPEUSDT,1.0,4.03e-06,4.04e-06,4.035e-06,24.81389578163684,8828320020,4.03e-06,4.04e-06,353,41,530567.5489191801,489049.6249784097,546647.7035688201,479118.79377193964,8857.298133839999,4443.350809980001,20924.1722287,129394.69996320001,211157.29724649998,340535.19673080003,586546.6773478399,723954.6955781,868804.4373643,1099650.04309932
2026-10-08T07:02:00.403947+00:00,obs-20261007-01,LIGHT,BNBUSDT,1.0,768.35,768.36,768.355,0.13014902062957745,20912648465,768.35,768.36,425,110,1684399.2521999995,1933330.74019,1903655.36264,1892161.5332200006,11339.450440000006,3397.3990299999987,729761.43025,1070204.3134400002,1317357.600079999,1635104.0029900006,3069541.641919999,3492567.2622899967,5777789.590330005,5205339.257129996
2026-10-08T07:02:00.403947+00:00,obs-20261007-01,LIGHT,AAVEUSDT,1.0,172.76,172.77,172.765,0.5788376939119821,10441315179,172.76,172.77,272,27,466581.26869999967,187327.75719,474299.5163400002,171829.88153000004,2091.58358,403.5542,87415.96993000004,102210.75782999997,201178.79949000003,148077.02693999995,259791.41436999998,224009.60324999987,779494.8723899998,304158.14249999984
2026-10-08T07:02:00.403947+00:00,obs-20261007-01,LIGHT,AVAXUSDT,1.0,10.854,10.855,10.8545,0.9213193292811894,10522824792,10.854,10.855,362,52,1289510.0672000009,714152.1467299999,1318075.7533200004,703511.3511499994,6903.501259999999,294.48348,121785.46638,163410.42584000004,265193.6849500001,300332.55932,332049.6904100001,413050.47523,405215.52394000004,438152.49860999984
2026-10-08T07:02:00.403947+00:00,obs-20261007-01,LIGHT,FILUSDT,1.0,1.0591,1.0592,1.0591499999999998,0.9441979038804504,9896961174,1.0591,1.0592,316,30,348501.3241109999,251253.54344199994,355169.95238999993,231875.2145070001,2073.815307,1817.35205,114612.254215,92905.73098600001,186321.400178,164143.015607,255105.20525499995,274012.052421,340303.45513399976,348068.6496259998
2026-10-08T07:02:00.403947+00:00,obs-20261007-01,LIGHT,ALGOUSDT,1.0,0.1181,0.1182,0.11815,8.467400508043177,5664810194,0.1181,0.1182,179,10,257369.92349999995,38598.34049999999,260757.66519999996,33791.68629999999,342.5069,682.4868,29645.167699999998,27781.3584,74796.25259999999,62632.097299999994,157496.3374,96142.64140000001,193914.09989999997,112539.09490000003
2026-10-08T07:02:00.403947+00:00,obs-20261007-01,LIGHT,XRPUSDT,1.0,1.4025,1.4026,1.4025500000000002,0.7130124777177116,26680782481,1.4025,1.4026,420,60,3499847.551150001,2718517.612389999,3655174.7407700005,2758884.6101299995,67951.70253999998,71029.48507999998,896985.4277899998,914130.8925600001,1396528.48393,1621209.2987499996,2181799.6381099983,2471510.264879998,3066911.7186599975,2688852.0667400006
2026-10-08T07:02:00.403947+00:00,obs-20261007-01,LIGHT,HBARUSDT,1.0,0.09262,0.09263,0.092625,1.0796804145973837,8394334889,0.09261,0.09262,294,24,372627.95710000023,875154.1238400002,385822.95171999984,846980.45807,3365.5538500000002,178.46664,142115.68383000008,131504.43763,268926.86957000004,198206.82467000012,422949.96876999986,399685.1337,783786.0511999996,755833.2509999999
2026-10-08T07:03:00.404424+00:00,obs-20261007-01,LIGHT,PEPEUSDT,1.0,4.02e-06,4.03e-06,4.025e-06,24.875621890549926,8828321028,4.02e-06,4.03e-06,199,23,674804.01802709,411500.6236549899,745344.14324325,412328.4982653599,3212.10621445,2419.53472959,145348.75707264,81432.57166798001,339791.74494825,236124.88573394,599477.46343672,562144.11761197,880111.0960344399,993805.92246254
2026-10-08T07:03:00.404424+00:00,obs-20261007-01,LIGHT,BNBUSDT,1.0,768.2,768.21,768.205,0.13017443374119253,20912654184,768.2,768.21,420,205,2552599.8145500016,3695067.8256200007,2496908.8732000003,3548451.1008399995,27568.732680000005,74624.75904000005,663247.9377000002,1041023.97572,1339568.1888499998,1653687.9420700006,3127836.1200499996,3547665.673529996,5954690.553860004,5344180.92703999
2026-10-08T07:03:00.404424+00:00,obs-20261007-01,LIGHT,AAVEUSDT,1.0,172.77,172.78,172.775,0.5788041905407937,10441318828,172.77,172.78,342,74,703630.5168100001,474354.19992000016,685009.5855899997,484363.82329000015,3789.92741,3486.4245100000003,92351.26120000004,93647.93266999998,193373.69105,138454.9683399999,275237.8065500001,209609.27700999993,792035.26848,284273.64309999987
2026-10-08T07:03:00.404424+00:00,obs-20261007-01,LIGHT,AVAXUSDT,1.0,10.842,10.843,10.842500000000001,0.9223390518342534,10522829000,10.842,10.843,408,65,1687061.2500100003,908643.2510899996,1566855.9418500003,798589.950049999,2304.93494,7621.759390000002,150687.10705000002,166087.93688000002,328256.62056,342299.39994000003,455055.18388000014,518896.9928599999,526386.9556499999,545595.4584199998
2026-10-08T07:03:00.404424+00:00,obs-20261007-01,LIGHT,FILUSDT,1.0,1.0571,1.0572,1.05715,0.9459842966608178,9896965418,1.0571,1.0572,398,69,540823.5453569997,513040.225056,561839.6229449998,509866.511122,10669.551090999998,3048.733939,75911.88742500001,87602.939559,181789.70987100003,160723.35510299995,251919.69943400007,261333.2504339999,335988.37416799995,328703.82517099974
2026-10-08T07:03:00.404424+00:00,obs-20261007-01,LIGHT,ALGOUSDT,1.0,0.1179,0.118,0.11795,8.481764206953457,5664811246,0.1179,0.118,158,6,207414.33690000005,74784.66549999997,217865.37540000008,70328.50979999999,233.3885,356.12399999999997,37363.3931,20285.1977,92279.96479999999,59951.150100000006,156518.7639,94397.95400000003,189010.14839999998,114709.87470000001
2026-10-08T07:03:00.404424+00:00,obs-20261007-01,LIGHT,XRPUSDT,1.0,1.4015,1.4016,1.4015499999999999,0.7135212272557645,26680790869,1.4015,1.4016,479,109,5791378.711900001,5747523.720539999,5633107.647990008,5893307.3524600025,80957.36914,160765.95692000008,721403.3006200002,828622.0514300002,1341755.4948500004,1441726.93777,2357175.9572099987,2325546.8876299984,3215479.104589999,2527938.43064
2026-10-08T07:03:00.404424+00:00,obs-20261007-01,LIGHT,HBARUSDT,1.0,0.09252,0.09253,0.092525,1.080847384349326,8394337978,0.09252,0.09253,333,39,753156.10771,1099062.7857700004,760963.1757400004,1094126.5968700002,3432.9104700000007,3357.83324,180248.30727999998,124258.01932,271636.18435999996,235001.42046,416533.3678099997,402007.11514999997,785852.64092,757779.9700099999
2026-10-08T07:04:00.406223+00:00,obs-20261007-01,LIGHT,PEPEUSDT,1.0,4.02e-06,4.03e-06,4.025e-06,24.875621890549926,8828321799,4.02e-06,4.03e-06,184,15,512453.83534963004,322178.5111672801,456014.11002405,200791.56260777995,414.87440777999996,2863.42358835,14753.375703119998,129802.17597204002,221534.69425114998,384439.81818644004,655917.1887623,683531.0661714701,960845.73309579,1100857.77123884
2026-10-08T07:04:00.406223+00:00,obs-20261007-01,LIGHT,BNBUSDT,1.0,767.63,767.64,767.635,0.13027109414753824,20912658430,767.63,767.64,403,120,3170864.3465699987,4254196.26495,3186821.11393,4079331.7422400024,7678.394020000001,5014.751910000003,869484.90297,795021.3951399999,1483869.43203,1560115.7529200003,3840434.9325900003,3358070.7449299996,6024001.179370009,5305270.883609992
2026-10-08T07:04:00.406223+00:00,obs-20261007-01,LIGHT,AAVEUSDT,1.0,172.45,172.46,172.45499999999998,0.5798782255728163,10441321117,172.45,172.46,297,37,490744.53778000013,325165.51776,518195.98986000026,296749.7726100001,5957.11997,90.15612000000002,121068.28968999999,95247.97918,188546.47576999993,149463.56759000002,259007.26278999992,225053.36357999998,770697.7225099998,251298.50747999988
2026-10-08T07:04:00.406223+00:00,obs-20261007-01,LIGHT,AVAXUSDT,1.0,10.826,10.827,10.8265,0.9237021984098703,10522833272,10.825,10.826,391,68,1313516.094010001,913191.3081900005,1337317.6406200004,881548.1662300002,4811.898340000001,13607.118030000001,182919.6708,168759.51415,299680.31601,374563.03258999996,449560.3329400001,544721.6318300003,533488.5882400001,573905.5053100003
2026-10-08T07:04:00.406223+00:00,obs-20261007-01,LIGHT,FILUSDT,1.0,1.0555,1.0556,1.0555500000000002,0.947418285173196,9896968588,1.0555,1.0556,362,31,425684.99514400004,437302.04099700024,428765.818565,425861.6520050001,895.3838129999999,2055.935664,92131.517694,86288.640564,186351.13779499996,159362.07299899994,263376.4277499999,257206.510072,351086.96297100006,334541.07965099986
2026-10-08T07:04:00.406223+00:00,obs-20261007-01,LIGHT,ALGOUSDT,1.0,0.1178,0.1179,0.11785000000000001,8.48896434634927,5664812039,0.1178,0.1179,128,4,162837.0316,71988.37670000004,172096.66209999996,64677.00069999999,134.9955,357.0375,36559.9929,23597.1132,91185.4499,55065.939,149333.4759,92555.0658,181598.7542,117359.17079999996
2026-10-08T07:04:00.406223+00:00,obs-20261007-01,LIGHT,XRPUSDT,1.0,1.4001,1.4002,1.40015,0.7142346975208547,26680799073,1.4001,1.4002,505,92,4644038.069760001,4499747.331790002,4658787.099589999,4504506.249879998,107684.25768000002,227169.91948000004,758613.6239699998,796263.6534600002,1303224.1338600002,1180560.1878199996,2362540.137639999,2312835.6437399983,3210343.332719999,2510985.4423999987
2026-10-08T07:04:00.406223+00:00,obs-20261007-01,LIGHT,HBARUSDT,1.0,0.09242,0.09243,0.09242500000000001,1.08201687946341,8394340272,0.09242,0.09243,324,23,528394.5885900003,1044647.8214000001,530205.6516999997,1043152.2975399998,1178.3469699999998,1867.9106100000001,152615.07466999997,133460.05556999997,275866.4894599999,235188.39992999996,436601.5993799997,399882.86129000003,784920.8863,756133.5114899998
2026-10-08T07:05:00.409957+00:00,obs-20261007-01,LIGHT,PEPEUSDT,1.0,4.02e-06,4.03e-06,4.025e-06,24.875621890549926,8828322968,4.02e-06,4.03e-06,230,26,513707.5243969999,369648.4236576602,512266.37655928,348228.2851381802,12680.582696099998,5364.93673133,130644.57483311999,93496.76962925,308869.13203646,289736.72814353,638325.7992352999,671857.33245141,1007486.6950954499,1103483.4065961698
2026-10-08T07:05:00.409957+00:00,obs-20261007-01,LIGHT,BNBUSDT,1.0,767.8,767.81,767.805,0.13024225058666516,20912664231,767.8,767.81,420,146,3409381.4813000006,3762241.177830002,3396556.900449999,3740789.890670001,15837.894450000002,40677.371839999985,830462.3315400004,820487.7242500001,1381331.3678600003,1680564.2146800007,3397817.5929500014,3463860.2064300017,6035684.470120008,5350481.573289993
2026-10-08T07:05:00.409957+00:00,obs-20261007-01,LIGHT,AAVEUSDT,1.0,172.54,172.55,172.54500000000002,0.5795757505522303,10441325021,172.54,172.55,363,67,666064.0726299997,502661.8159399998,650391.14695,511175.9227399998,3566.645519999999,2402.8292500000002,89639.03494999996,95535.60644999998,186730.79657999994,149405.68411,274023.90080999996,219414.17822999996,789834.61783,243503.76108999987
2026-10-08T07:05:00.409957+00:00,obs-20261007-01,LIGHT,AVAXUSDT,1.0,10.833,10.834,10.8335,0.9231053263181188,10522838939,10.833,10.834,413,78,1869668.1602599993,944825.23433,1821088.182429999,990475.7110799998,766.64867,3572.05085,133950.71009000004,159685.77321,331531.22691,357420.31989,481790.4243400001,501084.75487,552588.7847199999,527599.4797799997
2026-10-08T07:05:00.409957+00:00,obs-20261007-01,LIGHT,FILUSDT,1.0,1.0558,1.056,1.0559,1.8942981625302835,9896970944,1.0558,1.056,350,18,315092.21405599994,254124.56962499992,305523.9030969999,252342.8766909999,1148.2931360000002,844.039447,92346.36562199998,98140.611259,185454.59469199996,164304.28217400005,269627.232749,262521.48432100017,360996.2075580001,335913.29730400007
2026-10-08T07:05:00.409957+00:00,obs-20261007-01,LIGHT,ALGOUSDT,1.0,0.118,0.1181,0.11804999999999999,8.474576271186862,5664813006,0.118,0.1181,153,8,204238.40050000002,63840.69850000004,191857.25869999995,76998.83900000002,464.7618,3740.4479,21790.4134,28933.739200000004,88132.28540000001,62274.1618,151272.4896,88450.491,189894.9865,104288.27699999997
2026-10-08T07:05:00.409957+00:00,obs-20261007-01,LIGHT,XRPUSDT,1.0,1.4013,1.4014,1.4013499999999999,0.7136230642967867,26680808240,1.4013,1.4014,481,85,5759039.6630500015,4969589.047600004,5640155.068990002,5041203.901200002,38583.85919,21739.46950999999,765003.39468,739285.3235000002,1283695.5228600004,1349377.53324,2457885.9277199986,2252179.356499999,3316991.8712799987,2446021.275509999
2026-10-08T07:05:00.409957+00:00,obs-20261007-01,LIGHT,HBARUSDT,1.0,0.09248,0.09249,0.09248500000000001,1.0813148788924032,8394343152,0.09248,0.09249,324,28,510925.4645300001,340042.48311000015,478079.3223900002,374344.77635000006,2768.9388,2118.55884,175955.32033,124422.22274999999,301845.5954800001,211343.27053999994,459887.30451999995,367970.3901299999,813054.7396200001,725351.5027199998
2026-10-08T07:06:00.422256+00:00,obs-20261007-01,LIGHT,PEPEUSDT,1.0,4.03e-06,4.04e-06,4.035e-06,24.81389578163684,8828324025,4.03e-06,4.04e-06,275,20,380425.27623336005,789136.3870332701,326318.72594872,859159.4633786499,209.61169558,4008.8927420100003,15972.212996610002,132953.37540148,193497.98230322998,321842.67127723,558365.1259351,713169.32724541,917891.0070671,1095563.4614442699
2026-10-08T07:06:00.422256+00:00,obs-20261007-01,LIGHT,BNBUSDT,1.0,768.38,768.39,768.385,0.13014393919652534,20912671020,768.38,768.39,482,147,5604887.29168,4590759.90612,5548799.760289995,4639889.390069999,4737.7217,23140.3356,719772.0703099997,1062272.64984,1343402.1785999988,1627189.7413700006,3175925.650179999,3592552.2213899987,5961326.861110008,5551436.998449995
2026-10-08T07:06:00.422256+00:00,obs-20261007-01,LIGHT,AAVEUSDT,1.0,172.62,172.63,172.625,0.5793071486492885,10441329352,172.62,172.63,415,55,829460.7506400007,514375.57794000034,830330.2539199997,514164.2716000001,2103.0652800000003,1186.4866299999999,105628.25064999999,91663.12779999999,198157.50491999995,144149.71873999995,267128.02709,218277.16177999985,785663.29218,295996.7520199998
2026-10-08T07:06:00.422256+00:00,obs-20261007-01,LIGHT,AVAXUSDT,1.0,10.85,10.851,10.8505,0.9216589861771318,10522846036,10.85,10.851,469,104,2528222.315440002,1502974.547249998,2450954.8623399977,1555144.6665499993,13165.364510000001,9769.09424,176163.57943999997,162365.20581,392353.93632999994,340978.49857000005,559056.6812699998,449901.1490700002,625540.9487799995,474878.6477500002
2026-10-08T07:06:00.422256+00:00,obs-20261007-01,LIGHT,FILUSDT,1.0,1.057,1.0572,1.0571,1.8921475875122162,9896975035,1.057,1.0572,412,23,521780.84991099994,422708.5116449999,505324.79156599974,459987.1510450001,898.0214119999999,888.8437759999999,86954.28103699998,88920.647063,183635.04721899994,161627.68082100002,276186.01130799984,235920.77932400006,367501.46500799997,305645.816229
2026-10-08T07:06:00.422256+00:00,obs-20261007-01,LIGHT,ALGOUSDT,1.0,0.1182,0.1183,0.11825,8.460236886633776,5664814535,0.1182,0.1183,211,8,278946.33039999986,131171.79760000008,265054.4739999999,131778.9304,3603.2088,2123.0029,26788.2126,22693.495499999997,87855.0452,58898.2946,147521.551,89965.06620000002,186606.8498,107371.66190000002
2026-10-08T07:06:00.422256+00:00,obs-20261007-01,LIGHT,XRPUSDT,1.0,1.4031,1.4032,1.4031500000000001,0.7127075760804402,26680819346,1.4031,1.4032,514,100,6614946.753829999,6410419.458839995,6556661.027330006,6369109.527370003,36904.94043,101060.35994000002,909425.4173799999,888432.9585800001,1431868.5891700003,1352182.20128,2488592.816929999,2312380.249109999,3311148.4438299974,2535348.07764
2026-10-08T07:06:00.422256+00:00,obs-20261007-01,LIGHT,HBARUSDT,1.0,0.09257,0.09258,0.09257499999999999,1.0802635843143449,8394347144,0.09257,0.09258,391,33,892108.4598900002,586709.4922900001,889372.4357100002,584187.5680799998,2814.0036299999992,2404.9721200000004,176509.94518999997,122119.38107999999,302036.89871999994,222868.23475000003,449616.5634399999,372575.77761999995,818788.8450500001,728963.4016599999
2026-10-08T07:07:00.422728+00:00,obs-20261007-01,LIGHT,PEPEUSDT,1.0,4.03e-06,4.04e-06,4.035e-06,24.81389578163684,8828325581,4.03e-06,4.04e-06,259,21,1012365.1494411599,738319.47803186,818203.8725024298,690084.0213320701,6194.2195918200005,13324.058111760001,108866.02897313001,110937.575234,301768.96330433,318398.27629295003,707340.382976,706287.3728396301,1051323.01061656,1088776.52122544
2026-10-08T07:07:00.422728+00:00,obs-20261007-01,LIGHT,BNBUSDT,1.0,768.88,768.89,768.885,0.13005930704412805,20912680705,768.88,768.89,489,224,8664707.305829993,9841264.63406,8687444.497549998,9888713.01832,10306.761629999999,18910.387120000003,603693.9559199999,1017925.8617199999,1356292.277159999,1601969.6931900003,2975453.4433100005,3931962.22145,5679162.475680007,5537736.5558999935
2026-10-08T07:07:00.422728+00:00,obs-20261007-01,LIGHT,AAVEUSDT,1.0,172.81,172.82,172.815,0.5786702158427914,10441335049,172.81,172.82,439,79,864396.1191500007,567197.40935,849931.9748600002,600535.9237899999,3041.1372399999996,2525.6897099999996,77753.98910000002,72681.26013999998,162793.34718,130400.15835999997,273154.16685000015,182305.10421999995,793252.2192400004,257296.65775999991
2026-10-08T07:07:00.422728+00:00,obs-20261007-01,LIGHT,AVAXUSDT,1.0,10.865,10.866,10.8655,0.9203865623552687,10522855185,10.865,10.866,468,139,3332049.7735499972,1788389.377770001,3290106.5472099977,1875927.9181099997,6784.81041,25919.887179999987,154388.95699999997,169102.44388,314136.19181,265977.72443999996,587879.7103,372348.22879,660234.6235899997,390711.67459999997
2026-10-08T07:07:00.422728+00:00,obs-20261007-01,LIGHT,FILUSDT,1.0,1.0593,1.0594,1.0593499999999998,0.9440196356091946,9896980830,1.0593,1.0594,452,60,758988.4240500001,664311.5218680005,723831.0637820008,805715.3688389993,313.08210499999996,3958.5239879999995,64661.692951,52102.15178999999,159822.87714900004,81092.39807899999,293493.336678,108540.08190300003,367217.05564300047,153465.90755300003
2026-10-08T07:07:00.422728+00:00,obs-20261007-01,LIGHT,ALGOUSDT,1.0,0.1182,0.1183,0.11825,8.460236886633776,5664815824,0.1182,0.1183,190,11,156269.46379999997,100593.02790000002,149553.29499999998,99992.45749999999,487.56179999999995,816.2553,25219.6083,20636.977,85352.74699999999,57085.1437,145349.51979999998,84479.22159999999,188244.966,101880.0784
2026-10-08T07:07:00.422728+00:00,obs-20261007-01,LIGHT,XRPUSDT,1.0,1.405,1.4051,1.4050500000000001,0.7117437722414799,26680833012,1.405,1.4051,529,125,9768936.223300012,8584525.240060002,9611463.59797,8821346.888880001,39786.61955,38321.144920000006,1001783.2257199999,879867.8161099999,1383402.5506799996,1276596.2589299998,2611768.676579999,2095485.2849899994,3457772.5229899953,2316551.926130002
2026-10-08T07:07:00.422728+00:00,obs-20261007-01,LIGHT,HBARUSDT,1.0,0.09266,0.09267,0.092665,1.079214331964895,8394351286,0.09266,0.09267,371,42,1234155.4502299998,986248.8706199997,1224161.3786800003,1030382.7212899998,823.3335900000001,2733.0010800000005,141696.24925999998,112238.69527,206967.62595,200291.67179999998,452817.9053199999,349618.76868,822234.83001,695924.76861
2026-10-08T07:08:00.422776+00:00,obs-20261007-01,LIGHT,PEPEUSDT,1.0,4.03e-06,4.04e-06,4.035e-06,24.81389578163684,8828326334,4.03e-06,4.04e-06,169,10,384341.0400875399,152863.67878847994,375884.47005673,160161.39372186994,996.7319729900001,899.4750940000001,150147.51284065002,78032.29323876,398960.22177445,310778.88258606,715796.9530068099,698989.65790624,1040299.4684641398,1089038.60098367
2026-10-08T07:08:00.422776+00:00,obs-20261007-01,LIGHT,BNBUSDT,1.0,769.28,769.29,769.285,0.1299916805330703,20912687773,769.28,769.29,496,163,5726687.407509998,5157600.06351,5704069.370069997,5691420.910659998,4112.8081999999995,10272.59549,563910.8488299999,1054937.1951299997,1346756.5178199993,1652700.3279599987,2981937.730009999,3596100.6788100004,5919897.370350004,5407158.038939998
2026-10-08T07:08:00.422776+00:00,obs-20261007-01,LIGHT,AAVEUSDT,1.0,172.96,172.97,172.965,0.5781683626260303,10441338802,172.94,172.95,400,46,869594.4905900003,450629.5429700001,862865.3833000005,441968.6881899999,175.07888,729.3226400000001,94146.70075999999,97166.01763999996,155907.48156,151207.16388999994,274059.73550000007,207570.40361999997,796699.3187,269746.07838999986
2026-10-08T07:08:00.422776+00:00,obs-20261007-01,LIGHT,AVAXUSDT,1.0,10.863,10.864,10.8635,0.9205560158354054,10522860346,10.862,10.863,375,71,1685984.6193699997,919789.7738700003,1743302.41779,887189.63096,1837.4742600000004,16101.485049999997,161895.08337,148312.3274,330686.7337999999,289559.41742000007,530579.1198799999,404948.3717000001,600745.3159099997,421258.9794000001
2026-10-08T07:08:00.422776+00:00,obs-20261007-01,LIGHT,FILUSDT,1.0,1.0607,1.0609,1.0608,1.8855472800982653,9896985131,1.0607,1.0608,429,55,528239.154073,376775.6118690003,499812.76512399997,392400.5052370002,943.457728,35957.416154999984,68188.11556300001,44225.53886200001,178646.040779,89276.033115,305008.40883699997,109871.745312,372883.6453390002,157913.90951499998
2026-10-08T07:08:00.422776+00:00,obs-20261007-01,LIGHT,ALGOUSDT,1.0,0.1184,0.1185,0.11845,8.445945945945166,5664817039,0.1184,0.1185,192,8,182849.60620000004,90241.74319999995,167767.38970000003,92993.32400000002,22.458,6688.0637000000015,32793.2098,19880.879800000002,105423.9711,53973.34700000001,151531.2204,83941.9756,189712.3638,101122.58800000002
2026-10-08T07:08:00.422776+00:00,obs-20261007-01,LIGHT,XRPUSDT,1.0,1.4059,1.406,1.4059499999999998,0.7112881428272821,26680843057,1.4058,1.4059,503,106,6042674.849949996,5938027.819919999,6034688.04589,5791414.559650001,28309.896049999996,13099.932350000003,766149.32965,986666.3303,1387309.2420399992,1417027.3291199992,2475633.89743,2259316.011839999,3446133.2314199978,2466732.819440001
2026-10-08T07:08:00.422776+00:00,obs-20261007-01,LIGHT,HBARUSDT,1.0,0.09269,0.0927,0.092695,1.0788650339854655,8394354903,0.09269,0.0927,351,40,1332648.5621899997,819288.4718499999,1335089.92631,790490.0925199997,4199.31611,2529.44974,193198.16766,129587.89729,295915.27617,232920.31242999996,449009.55202000006,379644.25345,820677.2098500001,728895.29606
2026-10-08T07:09:00.429014+00:00,obs-20261007-01,LIGHT,PEPEUSDT,1.0,4.03e-06,4.04e-06,4.035e-06,24.81389578163684,8828327012,4.03e-06,4.04e-06,242,15,657642.1447760699,141366.42711697004,678796.3224062001,127817.85157312998,163.44009162,2196.62194008,25579.593909220002,128187.76011976002,252843.38416036,328824.49857886,694642.77537668,712538.23345008,1044400.9785521099,1088298.14307241
2026-10-08T07:09:00.429014+00:00,obs-20261007-01,LIGHT,BNBUSDT,1.0,769.32,769.33,769.325,0.12998492174842724,20912696406,769.31,769.32,484,166,5940191.0384100005,4320679.97162,5970578.021420007,4554898.156499999,12086.894840000003,26117.619040000016,737150.4504699998,884616.0422999999,1324779.0458199997,1674014.8927999989,2951364.1543599996,3542923.49685,5886945.595410003,5430055.172379998
2026-10-08T07:09:00.429014+00:00,obs-20261007-01,LIGHT,AAVEUSDT,1.0,173.04,173.05,173.04500000000002,0.5779010633388815,10441346359,173.04,173.05,465,243,1318987.8906399999,1070448.2370300002,1282852.9191199995,1087826.6550500002,14012.164349999997,189338.21756000002,101717.52362999998,64855.74243,216014.23668999996,111297.06176000003,290825.20869999996,184628.7909300001,812181.2522499999,251839.44598000008
2026-10-08T07:09:00.429014+00:00,obs-20261007-01,LIGHT,AVAXUSDT,1.0,10.841,10.842,10.8415,0.9224241306160508,10522867066,10.841,10.842,460,83,2638151.9819799997,1157757.2119199997,2726383.130920002,1097701.0728499999,19788.20804,17148.298509999997,122183.62156999999,130279.86617000001,305229.59318999987,300201.51236,455687.0079199999,454109.4631799999,521520.9968899996,479775.11628
2026-10-08T07:09:00.429014+00:00,obs-20261007-01,LIGHT,FILUSDT,1.0,1.0572,1.0573,1.0572499999999998,0.9458948164953185,9896989428,1.0572,1.0573,451,43,572139.5296530001,378943.125696,664714.0221720003,377610.2772609998,3220.4004160000004,718.1525440000001,85313.373544,43503.57041100001,192155.57897399997,78838.146553,237762.17763999992,105276.336962,293057.0413470001,138125.352093
2026-10-08T07:09:00.429014+00:00,obs-20261007-01,LIGHT,ALGOUSDT,1.0,0.1187,0.1188,0.11875,8.424599831509116,5664819109,0.1187,0.1188,236,18,254739.88019999999,166237.1241,232932.4593999999,167976.0559,2213.3291,2363.3708,30284.1439,16875.9805,50808.495800000004,55737.9222,139649.55349999998,88545.2618,175548.90599999996,114071.7481
2026-10-08T07:09:00.429014+00:00,obs-20261007-01,LIGHT,XRPUSDT,1.0,1.4042,1.4043,1.40425,0.7121492664885487,26680852863,1.4042,1.4043,528,115,5389714.221169997,5867989.367370009,5861867.084329998,5576368.215089999,45570.60113,50741.56190999999,816084.14291,980628.2391499998,1251698.73476,1540141.6820899996,2151749.0819599982,2518863.11217,2991740.584789997,2755104.0643600016
2026-10-08T07:09:00.429014+00:00,obs-20261007-01,LIGHT,HBARUSDT,1.0,0.09258,0.09259,0.092585,1.0801468999788177,8394358295,0.09258,0.09259,423,35,482996.0047099999,768586.70564,557323.2259399999,759560.3263399999,5341.563449999999,2352.09183,149784.69371,120025.12352,229196.00580999997,228992.68744,376811.97586999985,375990.78086000006,748750.35617,737274.6617800001
2026-10-08T07:10:00.440093+00:00,obs-20261007-01,LIGHT,PEPEUSDT,1.0,4.03e-06,4.04e-06,4.035e-06,24.81389578163684,8828327974,4.03e-06,4.04e-06,226,19,687317.4258006105,575607.7582282199,541004.80977831,534153.32025729,24900.65399024,2013.3097797000003,132868.00165171002,110037.96949448001,326125.99570117,405983.73562823003,763929.2890704899,698699.9595627801,1108237.13534174,1043287.73960663
2026-10-08T07:10:00.440093+00:00,obs-20261007-01,LIGHT,BNBUSDT,1.0,769.37,769.38,769.375,0.12997647425905257,20912704025,769.37,769.38,479,185,7146102.387820004,5116583.938379997,7082483.086510004,5215946.522350005,31108.491889999987,6501.226639999997,602940.4575499994,964307.0407299994,1370956.7985899993,1577682.695809999,3014867.6837999984,3451258.3618199998,5943576.301590008,5329289.274789999
2026-10-08T07:10:00.440093+00:00,obs-20261007-01,LIGHT,AAVEUSDT,1.0,173.13,173.14,173.135,0.5776006469115913,10441349913,173.13,173.14,385,48,756758.4399199998,405772.19679999974,748916.06685,419086.03805,1483.91082,4657.4184399999995,99383.336,72566.04135000001,194640.43099000002,119273.53215999997,295595.52622999996,175478.53019000008,819619.6188299999,240853.40588000003
2026-10-08T07:10:00.440093+00:00,obs-20261007-01,LIGHT,AVAXUSDT,1.0,10.851,10.852,10.851500000000001,0.9215740484735946,10522872615,10.851,10.852,414,88,1958094.8053900006,949092.5598300002,1901557.2487100004,996593.5104599996,2536.9401700000003,37537.339690000015,154127.48897,128075.36927,334473.89664999995,295941.67626999994,511931.91334999993,407167.3383699999,576632.4460299998,432926.42983999994
2026-10-08T07:10:00.440093+00:00,obs-20261007-01,LIGHT,FILUSDT,1.0,1.0587,1.0588,1.0587499999999999,0.9445546424857731,9896993176,1.0587,1.0588,391,37,376150.71411299985,451418.013918,307094.293715,464779.045539,1873.384495,2317.313916,111254.43730500003,31535.974013000003,210881.42096800005,75762.85403900001,296421.83629700023,96836.64412900002,361206.57377200056,142554.68491000004
2026-10-08T07:10:00.440093+00:00,obs-20261007-01,LIGHT,ALGOUSDT,1.0,0.1194,0.1196,0.1195,16.750418760467234,5664822891,0.1194,0.1196,335,51,317984.08869999996,316598.66040000017,243024.5119999999,326823.61579999985,16652.855400000004,13228.3579,15610.164700000001,11964.2896,39131.554000000004,56741.019100000005,86283.91410000001,93830.07890000001,171538.6097,117674.12620000003
2026-10-08T07:10:00.440093+00:00,obs-20261007-01,LIGHT,XRPUSDT,1.0,1.4049,1.405,1.40495,0.7117944337675652,26680860790,1.4049,1.405,504,97,4912256.323910001,4417710.613810003,4459127.93923,4750019.856509998,35810.71746,62129.48778000001,1003458.0025599998,917062.2082400001,1429219.859289999,1373893.2428199998,2599546.777119998,2204631.665730001,3440385.3291099966,2425835.9724100027
2026-10-08T07:10:00.440093+00:00,obs-20261007-01,LIGHT,HBARUSDT,1.0,0.0927,0.09271,0.09270500000000001,1.0787486515639877,8394361340,0.0927,0.09271,341,29,726022.3740199999,627188.1753399997,639937.2128699996,666686.4090199999,1309.9731700000002,2854.47535,145027.26110999996,125580.62456,273754.58735,204655.30528999993,455482.8092400001,349172.39907,832435.1575700002,698865.19062
2026-10-08T07:11:00.441388+00:00,obs-20261007-01,LIGHT,PEPEUSDT,1.0,4.03e-06,4.04e-06,4.035e-06,24.81389578163684,8828329206,4.03e-06,4.04e-06,176,25,272514.85729301994,500740.8336984402,270169.13200686,522979.9646952099,3530.68442352,9451.70124302,126663.63560799001,45759.18421788,380273.99083683,278480.85854028,737747.13104465,656005.26710969,1080327.9961352001,1045715.6179865301
2026-10-08T07:11:00.441388+00:00,obs-20261007-01,LIGHT,BNBUSDT,1.0,769.8,769.81,769.805,0.12990387113553936,20912708766,769.8,769.81,446,113,4959921.150099995,3674793.2117100013,4818911.427820002,3626683.3408399983,2269.75159,18930.513089999997,702462.32602,1027753.9262399998,1431944.0299400003,1809099.7377199999,3115719.286639999,3706082.158460002,5867321.060870015,5461593.607339997
2026-10-08T07:11:00.441388+00:00,obs-20261007-01,LIGHT,AAVEUSDT,1.0,173.37,173.38,173.375,0.5768010613138586,10441352516,173.37,173.39,344,32,619329.98866,296094.05383000005,590631.2283299997,292566.59924000007,523.92476,4161.58452,129351.78106000001,71880.87404,225819.97446000006,133055.61492999998,307662.13814000017,182942.02765000006,838277.4109200003,245014.75183
2026-10-08T07:11:00.441388+00:00,obs-20261007-01,LIGHT,AVAXUSDT,1.0,10.877,10.878,10.877500000000001,0.9193711501320756,10522878775,10.878,10.879,416,68,2310410.663639998,1288806.2660200007,2201174.11982,1303617.5251700007,2543.95435,14757.906579999999,172829.50527,147165.79046000002,423411.9302700001,281264.07736000005,589653.90873,402731.64659999986,652727.9487699997,421039.8540799999
2026-10-08T07:11:00.441388+00:00,obs-20261007-01,LIGHT,FILUSDT,1.0,1.0606,1.0608,1.0607,1.8857250612858145,9896996810,1.0606,1.0608,415,30,490551.4065619999,332306.6714159998,451210.600267,330720.37242299994,514.751726,830.8082859999998,130805.913649,44892.19166999999,216528.64015700005,73369.564697,328208.03888100013,111093.53071799998,395958.74751500046,154840.45806099995
2026-10-08T07:11:00.441388+00:00,obs-20261007-01,LIGHT,ALGOUSDT,1.0,0.1195,0.1196,0.11954999999999999,8.368200836821327,5664826824,0.1195,0.1196,343,55,344156.5058,383487.7494999999,292559.4746999999,380767.40170000005,12652.640599999999,6870.477800000001,20806.5452,18890.159,39822.4296,55971.5431,133349.2555,88153.30840000001,167192.4399,111310.56920000001
2026-10-08T07:11:00.441388+00:00,obs-20261007-01,LIGHT,XRPUSDT,1.0,1.4067,1.4068,1.4067500000000002,0.7108836283498121,26680868753,1.4067,1.4068,504,95,4751338.360649998,4534918.334000006,4848208.537050003,4636493.2233799985,43486.68092,25542.843720000004,795666.7509900001,894754.2250700003,1440570.5156299998,1445488.8491600007,2229349.2956299987,2122839.6303900015,3318118.4089299976,2334248.1590700042
2026-10-08T07:11:00.441388+00:00,obs-20261007-01,LIGHT,HBARUSDT,1.0,0.09284,0.09285,0.09284500000000001,1.0771219302019297,8394364285,0.09284,0.09285,330,24,1304101.1359299996,653686.2247100001,1298404.7908100006,639739.73019,951.67165,2912.62958,152673.24413,123057.14975999999,299075.91936000006,215739.06153999997,452424.7536200001,364493.61651,832730.0256200001,706465.8829
2026-10-08T07:12:00.442294+00:00,obs-20261007-01,LIGHT,PEPEUSDT,1.0,4.04e-06,4.05e-06,4.045e-06,24.752475247524774,8828330317,4.04e-06,4.05e-06,238,30,524939.0095831,412191.54948333,415266.66481307,439068.3146959,13585.78845567,39168.49286441,32344.015315400004,206182.39258485002,202749.51858704002,420840.63893579005,627511.1746946799,788753.96467192,1038826.3432821099,1033143.01331316
2026-10-08T07:12:00.442294+00:00,obs-20261007-01,LIGHT,BNBUSDT,1.0,769.87,769.88,769.875,0.12989205969926587,20912712892,769.89,769.9,406,90,3603066.3614499965,2640466.4283799985,3375975.4443099983,2858732.70546,5100.997890000001,9390.76947,774912.3007799999,931555.9860999997,1534525.1432400008,1787420.3792399992,3151950.0174,3593239.2470700014,5896580.169050014,5438232.086129998
2026-10-08T07:12:00.442294+00:00,obs-20261007-01,LIGHT,AAVEUSDT,1.0,173.19,173.2,173.195,0.5774005427561235,10441356323,173.19,173.2,363,86,581478.8069599996,362795.07963,607345.7739600003,340483.39228000015,5860.406850000001,6503.67889,116489.87741999998,100160.05005,214248.34694999998,145715.26966,288942.0301899999,204513.41559000005,818340.49921,268880.71047999995
2026-10-08T07:12:00.442294+00:00,obs-20261007-01,LIGHT,AVAXUSDT,1.0,10.878,10.879,10.878499999999999,0.9192866335716587,10522883893,10.878,10.879,421,55,1840715.953790001,964002.0790599999,1888693.8177999996,946805.4049300002,4577.108769999998,9647.76191,150547.65422,157855.42493,355161.7822400001,299607.20583000005,541670.2294600002,419944.3617499999,604132.2965000002,440100.3732
2026-10-08T07:12:00.442294+00:00,obs-20261007-01,LIGHT,FILUSDT,1.0,1.059,1.0592,1.0591,1.8885741265339817,9897000080,1.0593,1.0594,372,34,431356.6208090001,364634.228605,471437.533001,356059.9232569998,4551.418421000001,1046.1776519999999,118149.431523,47258.697612,209236.75714000006,82858.139757,292385.53978300025,114170.15619199997,354001.91281900054,161269.07778899994
2026-10-08T07:12:00.442294+00:00,obs-20261007-01,LIGHT,ALGOUSDT,1.0,0.1193,0.1194,0.11935000000000001,8.382229673093988,5664829419,0.1193,0.1194,276,21,407120.61360000004,233585.1514,361216.9391,224189.9195000001,939.9672,8067.6016,20942.7231,16241.724,45653.577300000004,41759.7041,143179.034,84591.23389999999,186953.64729999998,113381.28639999998
2026-10-08T07:12:00.442294+00:00,obs-20261007-01,LIGHT,XRPUSDT,1.0,1.4067,1.4068,1.4067500000000002,0.7108836283498121,26680875768,1.4067,1.4068,475,100,4587359.898820002,4141166.3973699994,4464566.614569998,4138807.4020199976,13578.111999999996,134762.4441,794980.0681900001,988759.1503900001,1591681.57783,1299973.6692799998,2353874.83502,2125174.544990001,3296240.3263099985,2348422.9679100034
2026-10-08T07:12:00.442294+00:00,obs-20261007-01,LIGHT,HBARUSDT,1.0,0.09279,0.0928,0.09279499999999999,1.0777023386143725,8394366796,0.09279,0.0928,327,34,569780.7799000001,703148.3078100004,566301.5123800004,691764.1213800005,2878.01604,2605.4459699999993,198138.6925,136001.36949000004,269210.0366300001,225779.99438,457273.56938000023,375862.9912100001,836327.0929700003,716720.9811300001
2026-10-08T07:13:00.493388+00:00,obs-20261007-01,LIGHT,PEPEUSDT,1.0,4.04e-06,4.05e-06,4.045e-06,24.752475247524774,8828331046,4.04e-06,4.05e-06,246,13,633428.6938352303,316882.62576168013,535677.2316414801,315439.3263562101,216.29895784,1100.0750697,90280.71497712,179981.18915760002,299780.27981558,408178.40455494006,725262.63688843,790197.2640773901,1104259.46252575,1040368.66803513
2026-10-08T07:13:00.493388+00:00,obs-20261007-01,LIGHT,BNBUSDT,1.0,769.8,769.81,769.805,0.12990387113553936,20912716986,769.8,769.81,381,99,1471751.4936599992,3435242.5235,1586943.0507299996,3298128.3989600013,8047.6277,182226.30769000005,676946.5911800002,855589.2752499995,1449252.2998600008,1724807.7046899989,3037115.1379599995,3624930.0059200013,5782351.30086001,5575050.342289997
2026-10-08T07:13:00.493388+00:00,obs-20261007-01,LIGHT,AAVEUSDT,1.0,173.19,173.2,173.195,0.5774005427561235,10441358090,173.19,173.2,257,32,257796.33040000006,219434.90361000007,247203.31181999997,235943.17788999996,1275.79753,23910.500630000006,125392.46426999998,80920.61096,222400.67818,129207.23491999999,299535.04876999994,188005.14131000004,820816.4992900001,250513.31123999998
2026-10-08T07:13:00.493388+00:00,obs-20261007-01,LIGHT,AVAXUSDT,1.0,10.89,10.891,10.8905,0.9182736455448648,10522889588,10.89,10.891,389,86,1686257.7457400013,949027.34676,1648228.7840200001,941598.8121999997,14360.251800000004,15282.912649999997,186954.58527,148456.43344999998,413709.8501000001,285304.92852999986,577247.7656900001,428712.08449999976,642704.2528400003,450889.5384999999
2026-10-08T07:13:00.493388+00:00,obs-20261007-01,LIGHT,FILUSDT,1.0,1.0597,1.06,1.05985,2.8309899028022834,9897001975,1.0597,1.06,269,16,176758.339247,226574.25266400003,159217.73621500007,229669.73100199996,109.69965,2794.578429,108501.12395700002,45379.035393000006,196699.06860900004,77988.187077,305772.5373560001,111741.25895099998,373258.24379600026,158216.33460999993
2026-10-08T07:13:00.493388+00:00,obs-20261007-01,LIGHT,ALGOUSDT,1.0,0.1193,0.1194,0.11935000000000001,8.382229673093988,5664830515,0.1193,0.1194,192,8,389127.4033000002,89150.39540000007,388230.7825000001,84216.96400000004,703.3261000000001,848.5977,20943.675600000002,20001.4392,56252.0021,47042.2449,144075.6548,87577.7468,173881.20369999995,113626.4493
2026-10-08T07:13:00.493388+00:00,obs-20261007-01,LIGHT,XRPUSDT,1.0,1.4066,1.4067,1.40665,0.7109341674960135,26680881090,1.4066,1.4067,456,93,2435694.31404,2890337.0216599996,2603085.815650002,2721750.4942900003,50563.881939999985,82862.99163000003,798752.7257200001,1086025.423,1426619.6532,1324617.8052700001,2186517.730630001,2294757.5125200017,3141184.6192399994,2518033.853560004
2026-10-08T07:13:00.493388+00:00,obs-20261007-01,LIGHT,HBARUSDT,1.0,0.09288,0.09289,0.092885,1.0766580534027348,8394369058,0.09288,0.09289,279,36,684386.92422,407482.45370000013,667375.2767200001,417342.1646400001,815.0856899999999,5242.576859999999,160079.89582,131978.36844,312232.98029000004,223987.63660000003,472230.37317,377054.9180000001,855318.79786,709975.79475
2026-10-08T07:14:00.494622+00:00,obs-20261007-01,LIGHT,PEPEUSDT,1.0,4.04e-06,4.05e-06,4.045e-06,24.752475247524774,8828331958,4.04e-06,4.05e-06,198,17,325642.3241378901,436841.3114233001,284575.90142847993,423159.56989487,3163.72613662,1010.5114846700002,103923.24024876,134662.3131411,325842.91710478003,400583.59445756,744495.16258984,785785.5483827799,1129362.75517124,1036649.4423750399
2026-10-08T07:14:00.494622+00:00,obs-20261007-01,LIGHT,BNBUSDT,1.0,769.95,769.96,769.955,0.12987856354396143,20912720590,769.95,769.96,326,74,2432093.189419998,3019604.4690999994,2484039.9369299975,3111425.722130002,859.8404799999998,7770.882289999999,745842.5725599997,903273.7767399994,1462566.2777200001,1632949.7481399993,2983823.933529999,3640349.3830300025,5745268.22197001,5485141.488489996
2026-10-08T07:14:00.494622+00:00,obs-20261007-01,LIGHT,AAVEUSDT,1.0,173.38,173.39,173.385,0.5767677932855264,10441361397,173.38,173.39,346,45,659831.4841,394824.4404199999,649567.0912999996,402170.0164600001,1899.1847499999994,2345.2426799999994,122510.41722,75163.00877999999,199150.96101,135453.78309999997,299152.74890000006,185420.93956000003,827588.9398400002,247589.60945999998
2026-10-08T07:14:00.494622+00:00,obs-20261007-01,LIGHT,AVAXUSDT,1.0,10.902,10.903,10.9025,0.9172628875453448,10522894747,10.902,10.903,394,75,1679116.01152,1094161.0143899997,1668516.90218,1114315.0497999992,25921.07462,20203.63691,183946.43997000004,152826.85658999998,380709.0590100001,281437.7404099999,587778.0447800002,412810.7888099999,652029.0054300004,430879.57278
2026-10-08T07:14:00.494622+00:00,obs-20261007-01,LIGHT,FILUSDT,1.0,1.06,1.0602,1.0601,1.8867924528298552,9897004559,1.06,1.0602,352,30,398461.7877680001,257957.21291900016,398025.76158099994,261515.365843,1842.3129110000002,1465.6805610000001,106438.66659300002,45839.20598299999,209732.363818,86418.582937,305549.815474,108384.04958199999,373694.2808950001,154729.34947899997
2026-10-08T07:14:00.494622+00:00,obs-20261007-01,LIGHT,ALGOUSDT,1.0,0.1196,0.1197,0.11965,8.361204013378476,5664832251,0.1196,0.1197,239,9,506455.8852000002,144578.48170000003,473725.63430000015,152280.5639,441.7727,1290.9040000000002,19275.6037,23672.2216,64457.3144,56062.859,137726.877,85446.9259,186079.3023,109664.0569
2026-10-08T07:14:00.494622+00:00,obs-20261007-01,LIGHT,XRPUSDT,1.0,1.4077,1.4078,1.40775,0.7103786318096716,26680886506,1.4077,1.4078,466,71,3300365.0304100006,2589065.1764500025,3009927.0310700005,2803411.2733100005,41613.49772,54228.47801,855378.97575,962255.8345500003,1424881.0363799995,1408445.6010500002,2463544.8958500004,2144792.850599999,3320811.38122,2312762.9420700013
2026-10-08T07:14:00.494622+00:00,obs-20261007-01,LIGHT,HBARUSDT,1.0,0.09284,0.09285,0.09284500000000001,1.0771219302019297,8394370946,0.09284,0.09285,288,25,279180.94813000015,378038.1095700001,290457.06814000005,360508.75054,3870.3242399999995,1789.9105000000004,171274.55667000002,136665.67422999998,305843.49650999997,234845.8642199999,461639.5486299999,383547.45102999994,840193.5167999998,724686.5584599999
2026-10-08T07:15:00.494745+00:00,obs-20261007-01,LIGHT,PEPEUSDT,1.0,4.04e-06,4.05e-06,4.045e-06,24.752475247524774,8828332291,4.04e-06,4.05e-06,134,17,286805.2873680501,303686.0841877001,286089.07983982004,383876.00149198994,3.7953537600000002,3590.11581345,105501.13317500001,150310.71676125002,412030.81136155006,339824.15501091,745211.37011807,705595.6310784899,1135187.47636929,1072588.00395876
2026-10-08T07:15:00.494745+00:00,obs-20261007-01,LIGHT,BNBUSDT,1.0,770.1,770.11,770.105,0.12985326580894352,20912723637,770.1,770.11,385,60,2446176.3496000003,1555296.4502400004,2376401.22523,1580193.72321,1160.5685999999998,17833.113240000006,872059.7076299995,910599.7420899998,1454586.4338600002,1509952.2317300008,3052828.330469999,3619129.381450003,5552679.131880009,5460203.4464799985
2026-10-08T07:15:00.494745+00:00,obs-20261007-01,LIGHT,AAVEUSDT,1.0,173.42,173.43,173.425,0.576634759543726,10441363753,173.42,173.43,312,31,458387.1802,215507.65868000008,455046.75814000017,226043.05041000005,312.74125000000004,1085.40401,130542.22187000001,67453.45081,222877.1417700001,127399.35742999997,300669.82847999997,174937.21442,828169.54414,237333.45236999996
2026-10-08T07:15:00.494745+00:00,obs-20261007-01,LIGHT,AVAXUSDT,1.0,10.9,10.901,10.900500000000001,0.9174311926596346,10522899302,10.9,10.901,402,62,1311141.7687299997,841030.3876499997,1380564.1093700002,881308.5015500003,2502.6478100000004,9743.28407,214962.23289,137510.08342,382131.31122000015,244822.67093999998,522909.25484000007,372459.78640999994,596126.14085,391034.84493
2026-10-08T07:15:00.494745+00:00,obs-20261007-01,LIGHT,FILUSDT,1.0,1.0605,1.0606,1.06055,0.9429514380010495,9897006781,1.0605,1.0606,334,13,264800.37531599996,253599.0008210001,240204.28899,254457.91014999992,219.75728800000002,968.581887,120892.20227999998,43731.01912,218589.33561299997,72167.29478000001,330090.72061799996,108060.99471600002,398286.25221000006,155535.16205100002
2026-10-08T07:15:00.494745+00:00,obs-20261007-01,LIGHT,ALGOUSDT,1.0,0.1197,0.1198,0.11975,8.354218880535225,5664834210,0.1197,0.1198,244,12,370732.96250000014,165985.63169999994,336059.78600000014,162721.52730000002,273.2482,2899.1086000000005,20636.4342,23998.163,47278.051400000004,48625.4986,137304.2856,84428.80859999999,174018.29020000005,109292.7664
2026-10-08T07:15:00.494745+00:00,obs-20261007-01,LIGHT,XRPUSDT,1.0,1.4078,1.4079,1.4078499999999998,0.7103281716158705,26680890596,1.4078,1.4079,432,47,2893108.3821600005,2552615.104829999,3098500.941590002,2335963.630110001,50277.14695,7440.492570000001,894988.8898400003,961469.4510900001,1492961.0172000001,1344867.76687,2256563.797160001,2362369.2708799997,3108401.4874000004,2530274.0544500016
2026-10-08T07:15:00.494745+00:00,obs-20261007-01,LIGHT,HBARUSDT,1.0,0.09289,0.0929,0.092895,1.0765421466252256,8394373585,0.09289,0.0929,409,37,858653.0549800001,907858.1330699997,859389.77381,916165.0216499999,1857.76845,8367.396950000002,171468.85883,124884.52355,304014.99502999993,231331.11795,460217.5343299999,386277.3884500001,837387.0214299996,720260.1727499999
2026-10-08T07:16:00.495091+00:00,obs-20261007-01,LIGHT,PEPEUSDT,1.0,4.03e-06,4.04e-06,4.035e-06,24.81389578163684,8828333116,4.03e-06,4.04e-06,189,19,663261.8168232398,391105.56490775006,767572.39843007,265014.36184801994,20474.86920528,3317.6422058100006,163185.30263984003,86288.32762952,345460.76000732,330868.59823517,889582.2493112399,701336.9719923,1139786.3612360198,1089351.2878521301
2026-10-08T07:16:00.495091+00:00,obs-20261007-01,LIGHT,BNBUSDT,1.0,769.55,769.56,769.555,0.12994607238026035,20912727850,769.55,769.56,386,84,3216441.437270002,3625970.185439999,3563898.8793300027,3570549.2222800027,78394.79403,1345.96121,545654.5857399999,798753.8044399996,1180618.7170000004,1441544.2352799994,2734012.7896399996,3561648.4848500015,5413173.884230003,5523511.496129996
2026-10-08T07:16:00.495091+00:00,obs-20261007-01,LIGHT,AAVEUSDT,1.0,173.25,173.26,173.255,0.5772005772008981,10441366947,173.25,173.26,329,49,750727.0101699999,338885.5849900001,772557.7798800005,320439.62161000015,14643.077259999998,3689.7179500000007,101252.35170999999,78332.12663,173905.18551,131760.95835999996,286777.4020499999,191390.42718000003,813526.2017,253973.77096999995
2026-10-08T07:16:00.495091+00:00,obs-20261007-01,LIGHT,AVAXUSDT,1.0,10.875,10.876,10.875499999999999,0.9195402298844968,10522904602,10.875,10.876,384,100,1812451.94132,973030.7720700002,1847086.6345799998,821629.67164,42139.38692999999,7862.93774,213978.18567999997,163614.78730000003,385167.33483999997,316147.4744199999,492983.70088999986,517780.50403999997,562626.0673299998,537696.97976
2026-10-08T07:16:00.495091+00:00,obs-20261007-01,LIGHT,FILUSDT,1.0,1.0589,1.059,1.0589499999999998,0.9443762394933941,9897010089,1.0589,1.059,347,57,378316.01910199993,305809.331525,430885.7118570002,299267.05757600005,7475.1235350000015,3469.216080999999,105492.18525300002,42339.360651,202044.21484999993,90274.47727199997,282406.060369,113194.77686199996,349761.5801710001,159941.13679999992
2026-10-08T07:16:00.495091+00:00,obs-20261007-01,LIGHT,ALGOUSDT,1.0,0.1199,0.12,0.11995,8.340283569641116,5664836991,0.1199,0.12,295,32,304514.28699999984,225877.7415,281135.59319999994,233663.02860000005,5535.954100000002,14087.096400000004,23888.735500000003,18647.0052,50611.141,50356.3553,137594.0748,89126.0048,172966.7828,106304.33009999998
2026-10-08T07:16:00.495091+00:00,obs-20261007-01,LIGHT,XRPUSDT,1.0,1.4056,1.4057,1.40565,0.7114399544683181,26680898075,1.4056,1.4057,475,115,5714736.384700001,5281594.1440200005,6071337.782379998,5095646.664560005,217631.98622000002,29451.399149999994,891861.01866,1124341.7882099997,1146022.3817800002,1466883.0699399996,2051009.6670099997,2468116.7076000003,2889908.64052,2700858.629520002
2026-10-08T07:16:00.495091+00:00,obs-20261007-01,LIGHT,HBARUSDT,1.0,0.09278,0.09279,0.092785,1.077818495365257,8394376893,0.09278,0.09279,365,47,673502.8836000006,1465678.6040800004,715992.2253600006,1430006.58951,14115.58166,4699.22085,184563.559,137272.47959,274522.14138000004,252439.76762,420702.6362799999,410376.8695299999,797100.2706599997,752782.2150499999
2026-10-08T07:17:00.495478+00:00,obs-20261007-01,LIGHT,PEPEUSDT,1.0,4.04e-06,4.05e-06,4.045e-06,24.752475247524774,8828333803,4.04e-06,4.05e-06,196,14,408024.7560591998,192363.87073289003,293934.4858522599,299351.1099899799,578.32605272,9752.900055420003,117275.87178136001,133602.60235995002,349879.90676208003,415368.96201977,727113.12904618,694264.4663388099,1117428.1890874398,1030245.2205683298
2026-10-08T07:17:00.495478+00:00,obs-20261007-01,LIGHT,BNBUSDT,1.0,770.36,770.37,770.365,0.12980943974172376,20912732795,770.36,770.37,450,95,6248257.216090002,3699404.782300002,5845993.177839999,3749925.908080002,5133.2300399999995,8446.946680000001,746770.9929899998,856530.3266700006,1465809.3218,1523654.7516200014,3086008.474580001,3795048.722970006,5574684.880970008,5469421.081219999
2026-10-08T07:17:00.495478+00:00,obs-20261007-01,LIGHT,AAVEUSDT,1.0,173.56,173.57,173.565,0.5761696243378189,10441370752,173.56,173.57,379,47,829255.3555699999,406062.71558000025,796883.3723900003,420769.85364,501.82436,4332.61352,113021.79266,91526.69291,224901.56286999997,137435.90184,301730.4056099998,180963.07433,363749.0424699997,245761.89318
2026-10-08T07:17:00.495478+00:00,obs-20261007-01,LIGHT,AVAXUSDT,1.0,10.899,10.9,10.8995,0.9175153683838033,10522913164,10.899,10.9,473,165,2802507.6656099986,1696817.5495400012,2728257.5746700014,1818724.709670001,31804.377809999994,46991.52427000002,171467.22247,131112.65709000002,341009.21307999996,267795.42274999997,559752.4937899997,402384.85872,632799.1151499997,420501.27607000014
2026-10-08T07:17:00.495478+00:00,obs-20261007-01,LIGHT,FILUSDT,1.0,1.0605,1.0606,1.06055,0.9429514380010495,9897013318,1.0605,1.0606,398,34,345996.724556,353323.9464910003,289797.3695519999,356022.1118089998,745.877384,994.992137,122683.36187899999,47057.946511999995,220457.73416899997,76512.885322,333285.99336699996,111925.30429300001,401276.8807670002,160464.255109
2026-10-08T07:17:00.495478+00:00,obs-20261007-01,LIGHT,ALGOUSDT,1.0,0.1201,0.1202,0.12015,8.326394671107629,5664838857,0.1201,0.1202,246,17,425604.20439999964,99681.44630000001,412948.46590000007,101939.26840000009,1612.5524,5270.1214,25221.518,21005.2419,61417.6258,52547.453,125987.5361,87049.3123,163969.66730000003,101230.73010000002
2026-10-08T07:17:00.495478+00:00,obs-20261007-01,LIGHT,XRPUSDT,1.0,1.4074,1.4075,1.4074499999999999,0.7105300554210991,26680905065,1.4074,1.4075,499,94,4893147.092539998,4791601.7841799995,4448369.429870001,5116099.731049998,8191.430129999999,199006.3847699999,826197.5773400001,1084406.75548,1324544.8057500003,1493313.53872,2346545.256920001,2212255.1864199997,3193146.43542,2391009.7943400014
2026-10-08T07:17:00.495478+00:00,obs-20261007-01,LIGHT,HBARUSDT,1.0,0.09291,0.09292,0.092915,1.0763104079214436,8394379599,0.09291,0.09292,331,19,615814.2905099998,538816.0793899999,564483.2071099996,585425.9839100002,328.16483,1552.2836999999997,159890.52415,134351.79726,268946.5085,221782.07271999997,468421.3946699999,375350.75869000005,846228.7630699996,709322.2827999999
2026-10-08T07:18:00.501242+00:00,obs-20261007-01,LIGHT,PEPEUSDT,1.0,4.04e-06,4.05e-06,4.045e-06,24.752475247524774,8828334322,4.04e-06,4.05e-06,173,13,298282.49491874996,484337.45741462987,275217.2570213999,538013.4526685099,41.34355008,1041.13456515,139067.20951248,51837.925772250004,440855.05227603007,268971.20022517,750178.36694353,640588.47108493,1119989.72997681,1047560.48672184
2026-10-08T07:18:00.501242+00:00,obs-20261007-01,LIGHT,BNBUSDT,1.0,770.88,770.89,770.885,0.12972187629634035,20912736425,770.88,770.89,394,122,5965640.096209997,3720204.3496199995,5638557.526460001,4032545.1567300013,7209.952969999999,40776.518660000016,757359.9136599995,779417.7375000004,1452215.6942499988,1425403.1479500004,3186631.708319999,3689279.1214500056,5295902.225170005,5406128.308340004
2026-10-08T07:18:00.501242+00:00,obs-20261007-01,LIGHT,AAVEUSDT,1.0,173.72,173.73,173.725,0.5756389592437294,10441373033,173.72,173.73,322,61,613081.89805,269031.96484,600754.79028,278154.7717900001,2627.48642,7363.499339999999,102907.18702000001,82616.86613999998,225401.04557000002,118794.67976999994,299897.97837999987,172370.87930999987,365156.08851999976,237887.23301999993
2026-10-08T07:18:00.501242+00:00,obs-20261007-01,LIGHT,AVAXUSDT,1.0,10.918,10.919,10.9185,0.9159186664242647,10522919483,10.918,10.919,445,85,1919939.1901200004,980291.7359799995,1860873.9508899983,954830.0698600009,8829.650399999999,39124.26755000001,169949.76567,179574.20625000002,409699.8936099999,289648.70265999995,609040.7429600001,435268.1904799999,672342.3373999998,446350.73500999995
2026-10-08T07:18:00.501242+00:00,obs-20261007-01,LIGHT,FILUSDT,1.0,1.0619,1.062,1.06195,0.9417082587814818,9897016525,1.0619,1.062,380,42,331527.8210960002,267616.518634,328939.9740190003,275606.19288600003,547.5676,3212.4030239999993,107411.098848,49538.650028,192832.20112399998,88539.822297,324164.6396959999,108616.43607000001,399349.83192800015,157527.81778000004
2026-10-08T07:18:00.501242+00:00,obs-20261007-01,LIGHT,ALGOUSDT,1.0,0.1205,0.1206,0.12054999999999999,8.298755186721962,5664841945,0.1205,0.1206,331,29,333851.38189999986,193288.01090000005,264311.5320999998,204003.1933000001,2584.5980999999997,4687.652600000001,23071.7398,18222.605600000003,42556.1749,57683.463500000005,136411.0547,86723.1074,188238.49820000003,99974.0865
2026-10-08T07:18:00.501242+00:00,obs-20261007-01,LIGHT,XRPUSDT,1.0,1.4082,1.4083,1.40825,0.7101264025011211,26680909621,1.4082,1.4083,442,82,3088176.7381199985,3345251.2660700004,2959052.006119998,3534801.212039997,35367.59991,204531.11229000002,1060582.21173,828916.1382900001,1445266.51897,1138745.2892800001,2468731.70546,2035919.2433600002,3012736.887549998,2218100.2816900015
2026-10-08T07:18:00.501242+00:00,obs-20261007-01,LIGHT,HBARUSDT,1.0,0.09305,0.09306,0.093055,1.0746910263303988,8394382415,0.09305,0.09306,330,54,1140744.4541200008,714525.1765299999,1121169.21283,732006.7298300002,3570.5598999999997,12316.219659999999,166948.98434,126760.68306000002,303400.99013,220818.39548000004,476051.12068999995,364109.3836700001,854114.5605199998,703378.6755300001
2026-10-08T07:19:00.528746+00:00,obs-20261007-01,LIGHT,PEPEUSDT,1.0,4.04e-06,4.05e-06,4.045e-06,24.752475247524774,8828336577,4.04e-06,4.05e-06,302,57,975780.6384684897,739330.58456713,850962.6769320399,578804.7595856101,14920.761013890002,46657.00786729,150573.24803396,81608.09000805,399524.32435674,270185.48839225003,687549.58105203,651958.5620747401,1056344.80360314,1037753.45364004
2026-10-08T07:19:00.528746+00:00,obs-20261007-01,LIGHT,BNBUSDT,1.0,770.47,770.48,770.475,0.12979090684872574,20912740637,770.47,770.48,423,123,3211283.371420001,3561178.688779999,3810671.7418899992,3915634.38474,66930.20729,4818.40776,639162.2157700002,664985.3667800005,1158884.2947299997,1325475.2832200013,2849744.45293,3323471.905240006,4931406.115770009,4960854.856100008
2026-10-08T07:19:00.528746+00:00,obs-20261007-01,LIGHT,AAVEUSDT,1.0,173.55,173.56,173.555,0.5762028233924354,10441375729,173.55,173.56,337,41,621721.9557400001,276446.92483000003,663729.0364799997,261140.13412000006,2346.23928,1136.9911000000002,71011.53626,57946.99988,149789.82958999998,104280.12862999999,265743.8255299999,184020.00389999998,335019.5714199999,255538.57095
2026-10-08T07:19:00.528746+00:00,obs-20261007-01,LIGHT,AVAXUSDT,1.0,10.909,10.91,10.909500000000001,0.916674305617704,10522925039,10.909,10.91,406,79,2123294.377719999,1093180.1580500002,2190343.0159799987,1056413.9866000002,35756.53264000002,18757.707199999997,191506.23001,122125.45730000001,344673.3524099998,288010.8400999999,542671.5056299998,464750.9008699999,633048.0128499997,489043.34952
2026-10-08T07:19:00.528746+00:00,obs-20261007-01,LIGHT,FILUSDT,1.0,1.0596,1.0597,1.05965,0.9437523593813779,9897020687,1.0596,1.0597,423,50,297447.7772579998,299543.22539100004,381008.86321700003,291910.2287720001,1021.2642960000003,2883.0656850000005,83505.45716700002,32994.73037600001,172443.73306700005,65173.200333000015,263366.9186460001,104657.73655600002,341695.9780570003,158220.206973
2026-10-08T07:19:00.528746+00:00,obs-20261007-01,LIGHT,ALGOUSDT,1.0,0.1207,0.1208,0.12075,8.285004142503105,5664846439,0.1207,0.1208,388,77,280700.4937000001,291018.86039999983,265127.7677000001,287288.09959999996,14772.112500000001,9513.583700000007,26944.7981,17979.1374,44316.1989,47477.2867,103332.2295,88794.47419999998,192184.1669,105161.25049999998
2026-10-08T07:19:00.528746+00:00,obs-20261007-01,LIGHT,XRPUSDT,1.0,1.4079,1.408,1.40795,0.7102777185874487,26680917067,1.4079,1.408,467,105,5434757.732759996,4944821.007760001,5817074.2739200005,4805559.192480001,141799.33612999998,174469.63139,759080.4072599999,932405.2552299998,1129273.7544699996,1126344.8784299993,2089494.9361099992,2176094.8364999997,2928154.1967199985,2363249.846830001
2026-10-08T07:19:00.528746+00:00,obs-20261007-01,LIGHT,HBARUSDT,1.0,0.09297,0.09298,0.092975,1.0756157900404517,8394384716,0.09297,0.09298,303,23,698463.8882900003,536416.7065199998,764068.2288000003,520701.71397,4659.724119999999,3139.1974200000004,134707.54314999998,111376.12818000001,249622.66636,216012.10193000006,414612.97539,371550.3168700001,799372.2405399999,723161.2161800001
2026-10-08T07:20:00.529878+00:00,obs-20261007-01,LIGHT,PEPEUSDT,1.0,4.05e-06,4.06e-06,4.055e-06,24.691358024691024,8828337615,4.05e-06,4.06e-06,268,19,661600.19466325,238060.1058264499,542932.75997079,323888.5081641201,202.53479502,28631.345677,109923.57436095,104827.8383572,289819.38864099,375946.21592393995,648979.7560414,669253.36060203,1067994.9578961001,999728.11014432
2026-10-08T07:20:00.529878+00:00,obs-20261007-01,LIGHT,BNBUSDT,1.0,770.84,770.85,770.845,0.12972860775173345,20912743143,770.84,770.85,341,73,1258646.8977899998,1281335.5819899996,1187967.8616799999,1376335.6217999994,19463.23185,8475.409440000001,616049.0184399998,705454.19221,1219964.7215299997,1273653.5972900002,2658387.8955999995,3239539.2065000064,4991146.302200005,4927638.290470009
2026-10-08T07:20:00.529878+00:00,obs-20261007-01,LIGHT,AAVEUSDT,1.0,173.81,173.82,173.815,0.5753408894770828,10441378176,173.83,173.84,294,41,508246.0948500002,179232.16966,480895.48419999995,200583.22247000015,472.44854000000004,1076.2347599999998,77770.60561999999,60985.91976000002,128556.09370000001,116365.95473,262904.50330000004,165159.2634799999,358863.8763599999,235788.26045
2026-10-08T07:20:00.529878+00:00,obs-20261007-01,LIGHT,AVAXUSDT,1.0,10.937,10.938,10.9375,0.9143275121159533,10522929846,10.942,10.943,373,80,1889806.0486699997,969976.58911,1847212.3158699994,1034668.0359300002,7274.71114,7895.80264,121325.76395,116469.53447999999,280126.89863000007,263363.04753,554608.99502,410488.2599999999,665634.3783600003,433843.88572
2026-10-08T07:20:00.529878+00:00,obs-20261007-01,LIGHT,FILUSDT,1.0,1.0628,1.0629,1.06285,0.9409108016567025,9897023989,1.0629,1.063,377,35,273270.12390300015,273421.8459720001,216985.07843899998,273541.1988639998,1224.281337,2495.947426,72758.35706299999,37854.331052,156625.99101199998,74457.88754800001,280845.6446020001,114473.75335400003,393693.44713800045,162120.45242200003
2026-10-08T07:20:00.529878+00:00,obs-20261007-01,LIGHT,ALGOUSDT,1.0,0.1221,0.1222,0.12215000000000001,8.190008190007703,5664851965,0.1221,0.1222,367,133,442444.35830000014,422550.3113999997,359134.08670000016,478608.2377,25352.347500000003,29011.169799999992,21183.370499999997,14855.345700000002,34888.7918,41532.314300000005,66438.4055,69781.92960000002,150332.5028,81822.7475
2026-10-08T07:20:00.529878+00:00,obs-20261007-01,LIGHT,XRPUSDT,1.0,1.4098,1.4099,1.40985,0.7093204709884837,26680924180,1.4098,1.4099,555,97,3902562.9687000015,4136874.032609998,3295217.4684400028,4406138.496289999,64361.42343999999,336112.32299,1160698.7019099998,778348.23854,1553007.72489,1177634.5161899999,2617782.5129300007,1913939.55902,3190514.4241999993,2111107.0442500003
2026-10-08T07:20:00.529878+00:00,obs-20261007-01,LIGHT,HBARUSDT,1.0,0.0932,0.09321,0.09320500000000001,1.072961373389525,8394387887,0.09322,0.09323,411,31,1083287.35393,378430.56198000023,1024824.0884000005,426397.5526299998,1705.01281,5099.95153,137154.33593,97755.38731,203341.70052999994,196712.30447999996,456394.77936,349076.26401999994,849443.8058500001,710963.65697
2026-10-08T07:21:00.532725+00:00,obs-20261007-01,LIGHT,PEPEUSDT,1.0,4.05e-06,4.06e-06,4.055e-06,24.691358024691024,8828338207,4.05e-06,4.06e-06,204,19,565163.7786545901,508117.2174873,538717.39181072,495213.67371007,340.31127375,1993.8644693799997,137113.65376155,84735.54148556,368716.57937091,302077.56137165,675426.14288527,682156.90437926,1070505.31760082,1007825.0888593501
2026-10-08T07:21:00.532725+00:00,obs-20261007-01,LIGHT,BNBUSDT,1.0,770.99,771.0,770.995,0.12970336839668306,20912746743,770.99,771.0,396,97,2757068.2027800027,4240808.88917,2342803.407520001,3785973.693920001,33046.12115,13720.989149999998,660835.5350699993,885782.1134700001,1463793.3087499994,1519127.2289300002,3072257.346249998,3695006.6328400057,5531957.161920006,5527017.314159997
2026-10-08T07:21:00.532725+00:00,obs-20261007-01,LIGHT,AAVEUSDT,1.0,173.99,174.0,173.995,0.5747456750393454,10441380313,173.99,174.0,330,47,644112.0887699998,220297.55963000003,594960.3660900001,224349.62781999997,563.82648,4773.958479999999,152705.60314999998,77641.86409999999,221357.32478000002,136326.14177999998,289435.5866,164410.16665999993,347420.6841399998,229294.03673000005
2026-10-08T07:21:00.532725+00:00,obs-20261007-01,LIGHT,AVAXUSDT,1.0,10.972,10.973,10.9725,0.9114108640195795,10522940251,10.974,10.975,478,206,3460571.6536000003,1807130.8328899997,3464583.2573900046,1805619.4093399998,53044.39788000001,49624.58090999999,107783.15031999999,141534.79908999996,233859.7612199999,294680.48418999993,531978.9625199997,421881.56324000005,587586.0852000002,538916.4397300001
2026-10-08T07:21:00.532725+00:00,obs-20261007-01,LIGHT,FILUSDT,1.0,1.0652,1.0653,1.0652499999999998,0.9387908374014486,9897027886,1.0652,1.0653,398,39,549303.4150670001,355628.2274949998,484765.38499199995,374835.59579500003,304.81845000000004,4725.011806,119899.464564,48968.151051,212098.104262,79116.05933100003,316451.95909899985,111404.97740800004,403347.54363499983,156983.22475100003
2026-10-08T07:21:00.532725+00:00,obs-20261007-01,LIGHT,ALGOUSDT,1.0,0.1223,0.1224,0.12235,8.176614881438837,5664857520,0.1223,0.1224,413,116,470696.31580000045,383399.6372999998,436363.3361000003,363566.77520000003,21294.01229999999,14551.640499999996,25369.4816,14966.206900000001,46245.785,41396.0487,105931.2127,83371.28349999999,186790.2083,103494.01829999998
2026-10-08T07:21:00.532725+00:00,obs-20261007-01,LIGHT,XRPUSDT,1.0,1.4108,1.4109,1.41085,0.7088176920899691,26680929584,1.4108,1.4109,463,68,3358196.456810001,2993160.6406000005,3305047.1076300023,3114823.3943000026,35032.15026000001,10067.751139999998,1078246.22231,683864.1242599998,1762548.9592000004,934315.6157799999,2667368.5116800014,1812495.4912800004,3230356.66425,1998385.7812300022
2026-10-08T07:21:00.532725+00:00,obs-20261007-01,LIGHT,HBARUSDT,1.0,0.09335,0.09336,0.093355,1.0712372790577795,8394391031,0.09335,0.09336,367,61,1681009.97134,688952.4986399997,1680079.350469999,702226.0712199997,2655.1496800000004,11663.372689999998,182675.54112,121943.88367000001,284807.90658,202871.74766000008,452162.6056100001,336640.72451000003,829013.61415,705004.0881800002
2026-10-08T07:22:00.540642+00:00,obs-20261007-01,LIGHT,PEPEUSDT,1.0,4.05e-06,4.06e-06,4.055e-06,24.691358024691024,8828338603,4.05e-06,4.06e-06,153,18,287283.3891544201,61470.482057199995,283089.7896515899,68627.13183716999,3518.3595618,7948.3351206,133985.9823543,73540.77129196,374947.47070874006,293655.61542598,679619.7423881,675000.25459929,1071632.84838314,1047840.8974540699
2026-10-08T07:22:00.540642+00:00,obs-20261007-01,LIGHT,BNBUSDT,1.0,771.37,771.38,771.375,0.12963947262578657,20912750386,771.37,771.38,376,101,3893731.0386600015,2916076.2247899985,3912397.9900200013,2944705.66441,9708.72138,26017.384840000002,725202.0570300003,854560.4697399995,1453483.1416200006,1662258.8775100005,3041029.2835100004,3791679.3062300044,5482032.63038001,5561042.019799999
2026-10-08T07:22:00.540642+00:00,obs-20261007-01,LIGHT,AAVEUSDT,1.0,174.1,174.11,174.10500000000002,0.5743825387716228,10441382484,174.1,174.11,358,66,645219.2042099996,205569.23844,668198.2781099995,196350.2929600001,2077.2443700000003,10318.98259999999,105532.89060000001,88952.52041000001,198616.42125999994,144385.7222900001,262797.82697999995,172760.80306000015,322841.1769599998,239940.2598400002
2026-10-08T07:22:00.540642+00:00,obs-20261007-01,LIGHT,AVAXUSDT,1.0,10.966,10.967,10.9665,0.9119095385745624,10522948415,10.966,10.967,456,130,3138929.3091200017,1712270.4153600007,3127552.1834899974,1616480.5837899994,65165.49960000001,15175.06379,145108.43236,167738.75692999994,289579.60915,368797.80867000006,545073.0657500002,515678.10069000017,602158.1035300003,529458.2980499999
2026-10-08T07:22:00.540642+00:00,obs-20261007-01,LIGHT,FILUSDT,1.0,1.0666,1.0668,1.0667,1.8751171948250267,9897031264,1.0666,1.0668,408,36,321916.61839800014,309575.9928669998,315069.97175599996,305678.6588489999,586.1475479999999,1855.061051,101328.34473,55488.921079000014,196139.10618799998,86583.37405000004,314443.4645379999,123629.13460700003,403480.57247599977,165124.17431100004
2026-10-08T07:22:00.540642+00:00,obs-20261007-01,LIGHT,ALGOUSDT,1.0,0.1244,0.1245,0.12445,8.03858520900258,5664870014,0.1244,0.1245,469,213,889332.8792000002,924714.8932000004,748327.5704000001,970033.1314000001,35407.7486,42457.60699999999,17264.334600000002,12534.6921,30388.473800000003,36100.6704,63760.22810000001,76903.36940000001,113201.71910000003,103018.4671
2026-10-08T07:22:00.540642+00:00,obs-20261007-01,LIGHT,XRPUSDT,1.0,1.4112,1.4113,1.41125,0.7086167800451904,26680934103,1.4112,1.4113,437,74,2623685.95858,2155945.3769600005,2600930.218239998,2041321.50987,174437.56063000002,29905.691499999997,1103372.1799499998,792904.1752200001,1658685.2625100003,1205869.7943000002,2688130.3867200008,1931138.9021800002,3216554.8422600003,2115255.544700001
2026-10-08T07:22:00.540642+00:00,obs-20261007-01,LIGHT,HBARUSDT,1.0,0.09346,0.09347,0.09346499999999999,1.069976460517097,8394394747,0.09346,0.09347,416,55,1449802.0387799998,694347.0171700001,1332522.8527700005,683145.0484099995,3371.23095,10563.881879999999,132863.53029999998,121716.44666000002,252215.37465999997,213770.17713000003,452654.2145900001,358767.9002900001,831014.99356,717161.0111100003
2026-10-08T07:23:00.541761+00:00,obs-20261007-01,LIGHT,PEPEUSDT,1.0,4.05e-06,4.06e-06,4.055e-06,24.691358024691024,8828338969,4.05e-06,4.06e-06,149,21,243438.72542833,100798.75776595999,331213.37603961007,187936.16085731995,6.44143995,3375.3339667600007,123545.4862689,87790.84627306,282084.48938506003,293930.8943127,591845.09177682,587862.8515079301,890545.81298343,853832.25388275
2026-10-08T07:23:00.541761+00:00,obs-20261007-01,LIGHT,BNBUSDT,1.0,771.71,771.72,771.715,0.12958235606541635,20912754848,771.71,771.72,439,102,4243013.927979999,3574160.81062,4152248.064930002,3926797.1360500013,9099.98732,37198.16321999998,739498.4572000004,820730.71907,1531766.2875099997,1836140.2106600008,3126197.961619999,3682078.403620005,5465762.431230004,5607007.099810004
2026-10-08T07:23:00.541761+00:00,obs-20261007-01,LIGHT,AAVEUSDT,1.0,174.13,174.14,174.135,0.5742835812316827,10441385962,174.13,174.14,402,63,859996.7440700001,352722.84390000004,846544.7213799997,365773.03276,2794.9243900000006,7756.332859999998,124111.86181000003,72818.44142999999,212304.22407999996,127319.60661999996,273889.6121899999,159820.00268000003,337295.5891899997,228856.8914300001
2026-10-08T07:23:00.541761+00:00,obs-20261007-01,LIGHT,AVAXUSDT,1.0,10.976,10.977,10.976500000000001,0.9110787172006418,10522955746,10.976,10.977,466,97,2925358.358999999,1402330.4508800015,2890977.624049998,1496937.4854200005,31792.235500000003,17264.908440000003,110334.81521000002,148847.6039,319051.3039300001,297922.1189,576587.6703600003,423163.8899300001,642386.1890200005,436471.7367700002
2026-10-08T07:23:00.541761+00:00,obs-20261007-01,LIGHT,FILUSDT,1.0,1.068,1.0682,1.0681,1.872659176029856,9897034784,1.068,1.0682,420,39,314562.4151419999,320537.5417529998,318196.540762,334051.8018129999,366.73516800000004,6748.164331000003,84033.34037,50352.61909100001,184603.722731,92438.57965799999,300116.51462499984,118252.521052,395425.15581899957,160113.45401899997
2026-10-08T07:23:00.541761+00:00,obs-20261007-01,LIGHT,ALGOUSDT,1.0,0.1246,0.1247,0.12465000000000001,8.02568218298605,5664877122,0.1246,0.1247,495,138,631754.6549000001,639891.5864,570348.6034999995,623008.6614000004,27115.23089999999,17895.606200000002,15266.5318,18585.1828,33764.2386,36421.419499999996,69473.84099999999,81388.3944,141850.94319999998,106566.40610000001
2026-10-08T07:23:00.541761+00:00,obs-20261007-01,LIGHT,XRPUSDT,1.0,1.4135,1.4136,1.4135499999999999,0.7074637424842045,26680942807,1.4135,1.4136,501,128,5469551.83408,4202228.78376,5571787.027899998,4434185.15431,108847.42383000001,48226.35101000001,1057647.95399,703260.04914,1674861.7023099996,1134040.20267,2569040.832249999,1713699.7207899997,3057607.99818,1915306.3889700016
2026-10-08T07:23:00.541761+00:00,obs-20261007-01,LIGHT,HBARUSDT,1.0,0.09352,0.09353,0.093525,1.0692899914443998,8394398299,0.09352,0.09353,390,50,1023005.9376199996,486415.2889999999,1015963.4890799993,471891.57740999985,5490.571590000001,5538.37222,159815.21598,129541.55100000002,282077.58647,228754.70671,454233.32194000005,374471.9369399999,831120.3897899999,742889.4623000001
2026-10-08T07:24:00.543799+00:00,obs-20261007-01,LIGHT,PEPEUSDT,1.0,4.07e-06,4.08e-06,4.075e-06,24.57002457002533,8828342053,4.07e-06,4.08e-06,315,105,1271182.8111808305,1239942.6119798408,1098182.89131919,1456699.2967278303,111515.93761868,403762.78727858997,93208.04598193,138698.184342,208683.06089187,355708.87067835,436242.78377949,598076.4321737699,842589.1612077501,828373.1415623699
2026-10-08T07:24:00.543799+00:00,obs-20261007-01,LIGHT,BNBUSDT,1.0,771.29,771.3,771.295,0.12965291913635824,20912762809,771.29,771.3,460,166,6791703.591959997,8813612.718710005,6829636.314090007,8767441.25082,27792.10469000001,19204.341360000006,856767.2460400001,697244.4275299999,1545704.7420699997,1613644.0358400005,3104326.349849997,3678722.449890006,5519136.063910004,5546443.834929999
2026-10-08T07:24:00.543799+00:00,obs-20261007-01,LIGHT,AAVEUSDT,1.0,174.07,174.08,174.075,0.5744815304198347,10441391988,174.07,174.08,430,143,1849819.2843699993,479421.28975999984,1881170.4251899996,477602.81337999995,48736.19446,21444.515219999997,97566.05501000001,62915.24683999999,186705.47342000002,123319.29861999999,245749.12678999995,163873.70969000005,303860.4124099998,232373.05029000013
2026-10-08T07:24:00.543799+00:00,obs-20261007-01,LIGHT,AVAXUSDT,1.0,10.974,10.975,10.974499999999999,0.9112447603421003,10522963590,10.974,10.975,468,127,2753047.4825599976,1333063.9864500014,2830331.7724100016,1321337.4988799994,44154.48602999999,45248.968969999994,111070.48953999998,201294.9056,304331.51216000004,322407.28053,499934.9124300001,434874.4136600002,564048.64734,448829.4780900003
2026-10-08T07:24:00.543799+00:00,obs-20261007-01,LIGHT,FILUSDT,1.0,1.0685,1.0686,1.06855,0.935891436593117,9897039081,1.0685,1.0686,425,54,408950.98751399975,373375.1223919998,442942.721629,389093.276951,9315.119365000002,1478.632614,61639.591451,35564.556354,149749.420357,73198.901392,265855.31364799995,108099.750131,357949.8470770001,146453.05768899998
2026-10-08T07:24:00.543799+00:00,obs-20261007-01,LIGHT,ALGOUSDT,1.0,0.1238,0.1239,0.12384999999999999,8.077544426494665,5664882299,0.1238,0.1239,409,85,514796.1385000001,442362.6693999996,498627.06660000014,392878.4230999998,7746.484999999998,13303.188400000003,22168.3825,10526.0542,38976.6793,28926.109099999998,124793.7181,57522.69879999999,162404.1931,107084.59449999999
2026-10-08T07:24:00.543799+00:00,obs-20261007-01,LIGHT,XRPUSDT,1.0,1.4125,1.4126,1.41255,0.7079646017693619,26680954058,1.4125,1.4126,529,160,6916366.355039994,6451307.565970007,7293211.744929994,6446867.67937,212410.97264000005,91852.07112999998,730198.8503400001,646803.17139,1333236.9279400003,934812.5303299997,2201040.24811,1713257.4261899993,2717711.9944400005,1920674.012360001
2026-10-08T07:24:00.543799+00:00,obs-20261007-01,LIGHT,HBARUSDT,1.0,0.09348,0.09349,0.093485,1.0697475395815559,8394402765,0.09348,0.09349,442,76,1627415.139459999,790151.35909,1695224.6372799987,791322.5840499997,9052.058239999998,4645.862539999998,134615.57244,116675.09826,222270.41906000001,221378.43485000002,387991.66642,366808.4532400001,759460.8904799998,741781.1811700002
2026-10-08T07:25:00.569488+00:00,obs-20261007-01,LIGHT,PEPEUSDT,1.0,4.07e-06,4.08e-06,4.075e-06,24.57002457002533,8828344173,4.07e-06,4.08e-06,348,94,253828.74440876007,588665.9821212399,233826.01349545998,726444.7180863604,43982.74830116,251585.97873571984,126355.59842246,65499.067941839996,241701.1604151,208590.35394683998,454554.88607963,448584.39666424994,837811.4613127301,664457.53408182
2026-10-08T07:25:00.569488+00:00,obs-20261007-01,LIGHT,BNBUSDT,1.0,771.17,771.18,771.175,0.12967309412914574,20912768084,771.17,771.18,417,93,3951461.57424,3389723.991709999,4024404.299719998,3226691.273640001,7900.726260000001,7469.766890000001,807106.4907900001,846687.9823699996,1476127.9628400002,1736095.7036000001,3032526.660459997,3835695.473740006,5454462.862000004,5705293.81978
2026-10-08T07:25:00.569488+00:00,obs-20261007-01,LIGHT,AAVEUSDT,1.0,173.87,173.88,173.875,0.5751423477295958,10441395295,173.87,173.88,335,37,928820.5077200003,305488.86138000013,920264.9126899999,276433.8588500001,837.7145200000002,3555.6923099999995,117103.12893999998,81059.83733999997,202832.8489399999,136676.91551,257296.37401999996,188093.75843999995,323201.4584899999,259256.4653700001
2026-10-08T07:25:00.569488+00:00,obs-20261007-01,LIGHT,AVAXUSDT,1.0,10.968,10.969,10.968499999999999,0.9117432531002834,10522970671,10.968,10.969,455,135,1606922.3625599993,2261158.022320002,1636185.65859,2227313.8212599996,38464.44528,74194.38296,93944.39413,179017.78786,304254.09409,330231.2806,471509.3905100001,466779.10820000013,539698.3033799998,496849.8951200002
2026-10-08T07:25:00.569488+00:00,obs-20261007-01,LIGHT,FILUSDT,1.0,1.0675,1.0677,1.0676,1.8735362997679417,9897042949,1.0675,1.0677,409,52,535086.1020539999,396472.94837400015,545135.1979239997,368828.9316269999,2357.991866,1126.9965509999997,96511.964803,47823.711292,200996.088112,91913.34810999999,259463.69065700003,129928.641392,357019.1967100001,173723.531586
2026-10-08T07:25:00.569488+00:00,obs-20261007-01,LIGHT,ALGOUSDT,1.0,0.1237,0.1238,0.12375,8.084074373482242,5664886433,0.1237,0.1238,389,107,451686.2538000003,325730.12229999993,413195.5880999999,298472.5426,8651.499399999999,18766.239000000005,19563.0662,20187.719100000002,37829.577600000004,44351.969800000006,113194.9813,72756.07560000001,161277.6874,119283.07380000001
2026-10-08T07:25:00.569488+00:00,obs-20261007-01,LIGHT,XRPUSDT,1.0,1.4131,1.4132,1.41315,0.7076640011316471,26680961404,1.4131,1.4132,498,85,5064902.455449999,4114567.1533400007,5046003.1471799975,3859722.3115500025,37639.62453000001,45198.78761,887833.4005699998,749831.6742,1307538.81889,977428.3791499999,2206919.90986,1969604.3740199995,2729195.9511100007,2177452.09864
2026-10-08T07:25:00.569488+00:00,obs-20261007-01,LIGHT,HBARUSDT,1.0,0.09355,0.09356,0.093555,1.068947087119465,8394405782,0.09355,0.09356,373,28,770906.8121899997,401950.5665699998,724681.7773699999,394403.0402399999,2112.80585,2836.4209100000003,161498.55763,149739.66531,265478.06460000004,237191.7609,431288.1260000003,381336.9806,805672.9033000001,749386.9846800002
2026-10-08T07:26:00.574019+00:00,obs-20261007-01,LIGHT,PEPEUSDT,1.0,4.06e-06,4.07e-06,4.065e-06,24.630541871921707,8828345462,4.06e-06,4.07e-06,260,42,321650.98050709,346102.88037842995,415407.59850301995,206390.63956404,39632.20250427001,10274.06501975,125118.62440238001,56889.10433184,238890.27534968,212042.55281184,526639.90785738,515703.16161308,829316.64024404,748866.4092441201
2026-10-08T07:26:00.574019+00:00,obs-20261007-01,LIGHT,BNBUSDT,1.0,770.75,770.76,770.755,0.1297437560809911,20912772129,770.75,770.76,378,75,3451104.9308300023,5599007.941689999,3337238.908910002,5483873.925289998,11749.488330000004,12996.98294,809351.80875,855878.3271400004,1534362.90038,1551330.8832400017,3362747.1978899986,3826675.581480007,5593208.32177001,5661777.414090003
2026-10-08T07:26:00.574019+00:00,obs-20261007-01,LIGHT,AAVEUSDT,1.0,173.56,173.57,173.565,0.5761696243378189,10441398350,173.56,173.57,364,59,706599.7228799997,336458.7055099998,711581.6638900002,324082.93887,1653.51915,7194.562450000001,111132.70856999994,80044.27940000001,220167.03427999993,125020.16966999997,272885.5728399999,186967.58810999992,322367.02700999996,260471.99885000003
2026-10-08T07:26:00.574019+00:00,obs-20261007-01,LIGHT,AVAXUSDT,1.0,10.947,10.948,10.9475,0.9134922809916901,10522976025,10.947,10.948,431,90,984086.4807000008,2158209.1543099987,992585.7534100005,2088266.5095399995,8637.325429999999,8478.445020000001,183139.56657000002,176858.57117999997,351394.56224000023,380633.13039999997,463580.82397000026,534620.6713599998,533218.9929100001,562955.64808
2026-10-08T07:26:00.574019+00:00,obs-20261007-01,LIGHT,FILUSDT,1.0,1.0651,1.0653,1.0652,1.8777579569984049,9897047280,1.0655,1.0656,422,54,586261.538594,344626.80555899977,621574.6294870002,332296.17272299994,1060.4386859999997,2853.6286729999997,112454.554519,51217.28853299999,193454.24906799998,94492.60699700002,253425.44755999997,130263.65827100005,333851.7917170001,172609.937983
2026-10-08T07:26:00.574019+00:00,obs-20261007-01,LIGHT,ALGOUSDT,1.0,0.1237,0.1238,0.12375,8.084074373482242,5664891382,0.1237,0.1238,373,85,611909.6178000001,411578.3755999998,533683.3653000001,391198.40900000004,10322.176100000002,23274.395400000023,16090.927800000001,16776.283499999998,44904.0728,43259.5503,125057.1928,74355.04209999999,180142.9889,113363.61309999997
2026-10-08T07:26:00.574019+00:00,obs-20261007-01,LIGHT,XRPUSDT,1.0,1.4125,1.4126,1.41255,0.7079646017693619,26680968328,1.4125,1.4126,488,86,4136851.6344600045,2752830.2955399975,3951441.2374000014,2830468.179060001,110150.90839000001,23670.315020000002,861425.2394800001,682483.7978899999,1547068.2376400006,997622.2203499998,2401143.0717000007,1891479.0159199995,2911968.7098200005,2099410.1644100007
2026-10-08T07:26:00.574019+00:00,obs-20261007-01,LIGHT,HBARUSDT,1.0,0.09346,0.09347,0.09346499999999999,1.069976460517097,8394409424,0.09346,0.09347,415,42,992527.8447399999,911437.8185799995,974655.7056299996,909353.1013499992,4598.597640000001,16283.001390000001,173162.50768999997,140773.58202000003,306339.57119000005,234033.76828000008,456910.1392400002,375552.6537400001,823614.3859300001,750866.9319400004
2026-10-08T07:27:00.579589+00:00,obs-20261007-01,LIGHT,PEPEUSDT,1.0,4.06e-06,4.07e-06,4.065e-06,24.630541871921707,8828346178,4.06e-06,4.07e-06,238,21,148543.11927835,455855.9291672699,37300.78596292,351156.2560150801,199.99999698,4276.94990294,141042.458102,49429.05336699,276461.3751764,261650.35256810999,637882.2411728101,620402.8347652699,939312.1438135501,855404.1850217398
2026-10-08T07:27:00.579589+00:00,obs-20261007-01,LIGHT,BNBUSDT,1.0,770.75,770.76,770.755,0.1297437560809911,20912776270,770.75,770.76,380,72,2258847.20196,2642546.4705399987,2323960.3129800027,2614683.046570001,31041.297640000004,1358.9508899999998,748729.3903599997,892863.5365100002,1473758.7453999994,1579336.8072100016,3297634.086869999,3854539.005450007,5519815.053380007,5689622.062140002
2026-10-08T07:27:00.579589+00:00,obs-20261007-01,LIGHT,AAVEUSDT,1.0,173.51,173.52,173.515,0.576335657889171,10441400385,173.51,173.52,279,22,395455.65849999984,211762.10137999992,405523.8356899999,201573.3164999999,540.9982699999999,817.4278100000001,107495.19856999996,80362.95947,200439.75963999995,133146.50552,267309.03602999996,196890.48162999994,315403.75878999993,265137.98683
2026-10-08T07:27:00.579589+00:00,obs-20261007-01,LIGHT,AVAXUSDT,1.0,10.948,10.949,10.9485,0.9134088417961372,10522981022,10.948,10.949,383,66,804214.3576800001,1643385.020380001,793182.7773500005,1708806.2089100005,4923.2629,5696.027759999998,179699.04157,158673.03398000004,352791.9891600002,322976.28952999995,474604.81700000016,469206.3381699999,544300.67868,497883.22012000007
2026-10-08T07:27:00.579589+00:00,obs-20261007-01,LIGHT,FILUSDT,1.0,1.0661,1.0662,1.06615,0.9379983116031276,9897050531,1.0662,1.0663,375,33,399227.23133599985,260616.33214900002,373731.5966009999,267082.9773269998,562.498113,7919.970706,99690.27385399997,49559.125447,192916.8459669999,84693.81492000003,272105.5020149999,128292.61523500006,362341.04292800004,166437.03438900004
2026-10-08T07:27:00.579589+00:00,obs-20261007-01,LIGHT,ALGOUSDT,1.0,0.1242,0.1243,0.12425,8.051529790660261,5664898571,0.1242,0.1243,426,103,898858.6747000003,497052.3278,788417.9962000002,499362.8850999999,13290.3666,19291.291199999992,14852.545399999999,19411.8848,43947.9908,37978.0807,132529.511,73367.9525,174073.6332,113923.37980000002
2026-10-08T07:27:00.579589+00:00,obs-20261007-01,LIGHT,XRPUSDT,1.0,1.412,1.4121,1.4120499999999998,0.7082152974513534,26680973756,1.412,1.4121,430,58,2662678.359440002,2267607.4255299997,2921645.7838500035,2113555.6715400005,27074.05162,3448.13726,861342.63831,799695.5690700001,1410998.8975399998,1011570.9240400001,2173096.330699999,2045217.6301499992,2658089.36152,2253276.9800000014
2026-10-08T07:27:00.579589+00:00,obs-20261007-01,LIGHT,HBARUSDT,1.0,0.0934,0.09341,0.093405,1.0706638115642875,8394411049,0.0934,0.09341,294,15,367966.8544700002,208746.15324999994,406500.16003000026,186835.84303,2235.14966,756.3217900000001,150959.85398999997,137372.96365999998,272945.51634,245162.67378,430188.61038000026,396754.2101099999,785089.5074900002,772732.5407300002
2026-10-08T07:28:00.584162+00:00,obs-20261007-01,LIGHT,PEPEUSDT,1.0,4.06e-06,4.07e-06,4.065e-06,24.630541871921707,8828346970,4.06e-06,4.07e-06,159,28,143487.31468203996,351538.9657298099,153915.1442826,318968.1064379399,16627.79028053,6412.93037176,141768.29244186002,43268.87713808,269990.95909041003,250677.78222224,598902.0447236601,609116.98039964,901561.1586924501,849808.44245163
2026-10-08T07:28:00.584162+00:00,obs-20261007-01,LIGHT,BNBUSDT,1.0,770.56,770.57,770.565,0.1297757475104966,20912779067,770.56,770.57,302,104,1758550.7389199997,2163765.065440001,1759044.1174099995,1948736.2008200004,16235.53128,5107.995439999998,800852.81288,879362.9711400002,1478459.8249799996,1554303.9394100008,3305006.431689999,4065331.3916200055,5521955.53508001,5657466.233860002
2026-10-08T07:28:00.584162+00:00,obs-20261007-01,LIGHT,AAVEUSDT,1.0,173.33,173.34,173.335,0.5769341718098175,10441402756,173.33,173.34,316,32,707173.56175,291133.4069200001,712100.1572800005,281111.6295,5059.30904,1642.7060700000002,152700.27843999997,82436.2178,205576.19182,132506.02071,263457.83197,203391.01424,783158.2747000001,268415.9339599999
2026-10-08T07:28:00.584162+00:00,obs-20261007-01,LIGHT,AVAXUSDT,1.0,10.941,10.942,10.941500000000001,0.9139932364488068,10522985086,10.941,10.942,391,48,665725.4197899996,1583554.1850099987,688094.5837299997,1522351.5707599998,2024.4119600000004,6762.3470800000005,176887.90926000001,172383.03082,337858.7815600001,372099.75198999996,454473.5823300001,530276.1729199997,522180.97969000007,558081.1883899999
2026-10-08T07:28:00.584162+00:00,obs-20261007-01,LIGHT,FILUSDT,1.0,1.066,1.0663,1.06615,2.8142589118185235,9897052929,1.066,1.0663,329,17,367354.3679850002,157122.65320899998,371576.7651489998,158401.31078099995,235.71389599999998,2979.7844999999998,99405.67944099999,52108.34366800001,188895.1163,87573.05406400003,267883.10485099995,127013.95766300007,357953.037455,169209.11304700005
2026-10-08T07:28:00.584162+00:00,obs-20261007-01,LIGHT,ALGOUSDT,1.0,0.1238,0.1239,0.12384999999999999,8.077544426494665,5664900801,0.1238,0.1239,288,47,548336.1952,146495.05930000005,558711.6948000002,121820.8716,5301.9703,9106.8706,17060.1915,17890.7384,54580.948399999994,39897.1199,143239.42239999998,69283.77779999998,178851.1286,107019.37479999996
2026-10-08T07:28:00.584162+00:00,obs-20261007-01,LIGHT,XRPUSDT,1.0,1.4123,1.4124,1.41235,0.7080648587409755,26680977416,1.4123,1.4124,399,40,1865309.0004699996,1199342.63498,1774959.9664500004,1241080.609,10532.12865,8188.96302,834140.3674400002,765215.9102200001,1498720.7107600002,1103880.02652,2232537.6860399996,2004359.8809399994,2736432.8458100003,2213030.26775
2026-10-08T07:28:00.584162+00:00,obs-20261007-01,LIGHT,HBARUSDT,1.0,0.09348,0.09349,0.093485,1.0697475395815559,8394413122,0.09348,0.09349,290,19,498636.66154999996,301469.47521999996,459931.4622900003,332923.70939999993,153.16938,4602.806640000002,174808.04755,131878.91604,286651.88719,225492.24571000002,452260.73405,366381.1749,824257.8049499999,740813.4876400002
2026-10-08T07:29:00.590321+00:00,obs-20261007-01,LIGHT,PEPEUSDT,1.0,4.06e-06,4.07e-06,4.065e-06,24.630541871921707,8828347264,4.06e-06,4.07e-06,121,13,77868.08577002998,23304.506981739993,72871.58650153999,30215.647987159995,0.0,1065.55387543,110484.5574917,49044.49579062,267933.3634145,250916.09545062,603898.5439921501,602205.8393942199,933345.67924779,842893.74268692
2026-10-08T07:29:00.590321+00:00,obs-20261007-01,LIGHT,BNBUSDT,1.0,770.59,770.6,770.595,0.12977069518083084,20912781265,770.59,770.6,334,60,1106476.19963,4387560.812650002,1238345.2579300003,4770052.863800001,7246.63238,7129.853699999998,751530.5379900001,763837.3419499997,1358869.3300499995,1373807.9732499998,3173132.0332299992,3685315.051740005,5390200.202810005,5515985.524309997
2026-10-08T07:29:00.590321+00:00,obs-20261007-01,LIGHT,AAVEUSDT,1.0,173.28,173.29,173.285,0.5771006463528572,10441404737,173.28,173.29,340,22,265379.21456000005,337724.04371,259382.34335999994,337546.4292800001,917.1861300000002,1128.5141999999998,133795.76814000003,86153.31321,216260.41973000002,136847.90511,277879.3520799999,198367.88157000003,792279.0380599999,261818.70014000015
2026-10-08T07:29:00.590321+00:00,obs-20261007-01,LIGHT,AVAXUSDT,1.0,10.934,10.935,10.9345,0.9145783793673701,10522988557,10.934,10.935,359,49,625803.4174999996,1400349.938649999,630980.8458900001,1397568.4237199994,8604.331030000001,9050.85045,154407.75894000003,185115.10460999998,338756.7829800001,375735.60136999993,449366.6606300002,532894.8492899998,517542.55000000005,560642.8095000002
2026-10-08T07:29:00.590321+00:00,obs-20261007-01,LIGHT,FILUSDT,1.0,1.0664,1.0665,1.0664500000000001,0.9377344336081173,9897055137,1.0664,1.0665,334,15,219589.81022299995,174198.04813800004,211620.1643399999,170020.20064700005,25.538304,6900.634738000001,88435.230197,50157.412364,179764.41846799993,94957.741349,272022.2132739999,131473.77562899998,362119.52640400006,177348.92588399997
2026-10-08T07:29:00.590321+00:00,obs-20261007-01,LIGHT,ALGOUSDT,1.0,0.1238,0.1239,0.12384999999999999,8.077544426494665,5664904083,0.1238,0.1239,296,61,538112.1892000003,221691.0398,498191.38290000014,213925.2954,13507.535899999999,11804.449899999998,18539.1547,20640.5827,51774.5356,42258.6253,133191.5709,73593.6256,171847.83649999998,110007.3266
2026-10-08T07:29:00.590321+00:00,obs-20261007-01,LIGHT,XRPUSDT,1.0,1.412,1.4121,1.4120499999999998,0.7082152974513534,26680980114,1.412,1.4121,376,45,1420096.9816100001,1124108.6153000004,1536231.703399999,1074098.9188000003,129849.08265000004,5567.185830000001,852426.99057,811879.9356600002,1384591.6228999996,1031787.35538,2147877.951329999,2054498.5671299994,2632784.4085500003,2262053.1684600017
2026-10-08T07:29:00.590321+00:00,obs-20261007-01,LIGHT,HBARUSDT,1.0,0.09344,0.09345,0.093445,1.0702054794520244,8394414584,0.09344,0.09345,275,17,267032.4166300001,185735.4541800001,284128.1829500001,165646.29915000004,746.32242,2614.37993,168831.68002000006,139810.93659,290155.95965000003,238537.02637,450665.4540900002,385436.87231999985,807198.8583900001,760844.2964400001
2026-10-08T07:30:00.590759+00:00,obs-20261007-01,LIGHT,PEPEUSDT,1.0,4.06e-06,4.07e-06,4.065e-06,24.630541871921707,8828347608,4.06e-06,4.07e-06,177,15,44203.61787362999,126043.75543477996,56821.13195638998,215352.46466802,309.92370122,1055.66884258,126332.75819836,41147.90507102,257186.89783981,233899.5830207,591281.02990939,512897.1301609799,920125.74802162,667648.8012098098
2026-10-08T07:30:00.590759+00:00,obs-20261007-01,LIGHT,BNBUSDT,1.0,770.82,770.83,770.825,0.12973197374144263,20912783999,770.82,770.83,325,90,1526503.8746300002,1462085.4450199993,1357198.3159400006,1391970.2131599989,6157.454639999998,10974.646449999995,787842.8136199996,927159.12409,1527633.924079999,1485167.5937400004,3123918.1915099984,3762738.6222700053,5557184.705900006,5592229.095849998
2026-10-08T07:30:00.590759+00:00,obs-20261007-01,LIGHT,AAVEUSDT,1.0,173.28,173.29,173.285,0.5771006463528572,10441406542,173.28,173.29,258,20,502753.93254999997,251961.38405999998,588482.8672099998,288928.5408,326.64829999999995,2071.35466,86513.13267000002,58366.616369999996,132284.82622000005,99637.36871000001,192150.41741999995,196400.72483,697015.2405400001,259841.4848100001
2026-10-08T07:30:00.590759+00:00,obs-20261007-01,LIGHT,AVAXUSDT,1.0,10.943,10.944,10.9435,0.9138261902608136,10522991789,10.943,10.944,324,41,487352.25712000014,1192624.8907999995,454274.87739000004,1276904.7054200005,1368.5584999999999,7256.66916,137370.09233,156028.62962,307427.71307000006,324518.85797,482350.45989000006,448946.5262900002,549857.52503,477569.5473200003
2026-10-08T07:30:00.590759+00:00,obs-20261007-01,LIGHT,FILUSDT,1.0,1.0661,1.0662,1.06615,0.9379983116031276,9897057533,1.0661,1.0662,359,38,188400.7016539999,149867.85106699995,195759.96997499993,142807.83249599996,3010.2177679999995,5009.535348,106989.73510100001,54439.71925799999,195356.014108,89914.504923,268493.482413,138251.82372500002,357989.89825800015,184007.110885
2026-10-08T07:30:00.590759+00:00,obs-20261007-01,LIGHT,ALGOUSDT,1.0,0.1239,0.124,0.12395,8.071025020177647,5664905858,0.1239,0.124,238,18,706505.1157000001,118759.4317,673516.7778000002,130388.20280000001,371.2157,5073.646799999999,25672.7476,13383.037,79413.33420000001,32359.3566,147245.9989,64773.6803,167531.29430000004,102350.27720000001
2026-10-08T07:30:00.590759+00:00,obs-20261007-01,LIGHT,XRPUSDT,1.0,1.4126,1.4127,1.4126500000000002,0.707914483930594,26680983107,1.4126,1.4127,364,44,1673987.2016500002,1214539.7072100004,1474346.5476400002,1356813.8646399993,35742.38235000001,22419.535359999994,941004.0402200001,766498.91258,1308542.7092000004,1012729.75321,2316001.9442800004,1913057.6171499996,2818700.873450001,2121520.5767700006
2026-10-08T07:30:00.590759+00:00,obs-20261007-01,LIGHT,HBARUSDT,1.0,0.09355,0.09356,0.093555,1.068947087119465,8394415954,0.09355,0.09356,249,12,626375.62844,214454.85784999985,590740.6655600001,244156.00455999997,1435.38738,3208.68069,167813.97848000002,141557.29264000003,262935.67877,220441.78175999995,468251.4307300002,363750.1842499999,841711.6499600001,731259.7731400001
2026-10-08T07:31:00.596751+00:00,obs-20261007-01,LIGHT,PEPEUSDT,1.0,4.07e-06,4.08e-06,4.075e-06,24.57002457002533,8828348775,4.07e-06,4.08e-06,243,20,540864.66648926,337793.2828232697,442483.2510538599,351910.8788937398,534.57245005,19269.90401131,38055.58076408,134239.00360968,203777.25244412,271567.72827441,490442.32690381,542998.4198547499,892042.93223924,772326.61720847
2026-10-08T07:31:00.596751+00:00,obs-20261007-01,LIGHT,BNBUSDT,1.0,771.12,771.13,771.125,0.12968150223002795,20912789219,771.12,771.13,383,148,4721008.21938,3271888.52403,4828564.719399997,3241861.41385,34885.79077,23813.160589999996,651486.17032,934590.1909799997,1478735.7102599994,1525923.2874099996,3012492.3750599986,3910187.501130004,5439289.085210005,5629532.777809996
2026-10-08T07:31:00.596751+00:00,obs-20261007-01,LIGHT,AAVEUSDT,1.0,173.38,173.39,173.385,0.5767677932855264,10441410072,173.38,173.39,381,57,966336.0876400003,454524.6784699998,885869.8778599995,446842.3936300001,4916.19479,3507.73782,122962.29808000001,64590.30716,202275.01957999996,111751.75757999996,265546.14530999993,207069.82792000004,782700.64087,269589.95386
2026-10-08T07:31:00.596751+00:00,obs-20261007-01,LIGHT,AVAXUSDT,1.0,10.953,10.954,10.9535,0.9129918743733256,10522998993,10.953,10.954,433,96,1207282.8467299996,2671471.460160001,1172798.6234799994,2618908.5763400006,8356.65848,7994.060789999999,147352.36418,175674.31699999998,351618.43564000004,366131.88003000006,515851.5231799999,503718.8877600001,581402.8713899999,532252.2323300001
2026-10-08T07:31:00.596751+00:00,obs-20261007-01,LIGHT,FILUSDT,1.0,1.0694,1.0695,1.0694499999999998,0.9351037965221742,9897063473,1.0694,1.0695,483,102,732863.4465940001,496738.2401359999,676133.0309830002,515095.5584719995,6880.28421,19040.430017,86202.168396,58166.20032399999,184341.19306500003,101490.62814999997,304085.28906499996,155445.41179899996,394399.4685419998,184106.09676699984
2026-10-08T07:31:00.596751+00:00,obs-20261007-01,LIGHT,ALGOUSDT,1.0,0.1241,0.1242,0.12415000000000001,8.058017727639033,5664909764,0.1241,0.1242,360,76,582219.6260000002,284547.2597999999,576575.6453000003,275595.67359999986,7820.3976,12104.568699999996,20068.0434,15975.472,58230.3038,39282.991799999996,142682.10839999997,75374.2708,172750.68769999998,106235.37640000001
2026-10-08T07:31:00.596751+00:00,obs-20261007-01,LIGHT,XRPUSDT,1.0,1.4133,1.4134,1.4133499999999999,0.7075638576381493,26680990565,1.4133,1.4134,466,102,4537652.937519996,4230574.627119999,4714989.174449998,4002652.339079998,139653.72609,15405.428890000001,743265.15529,999067.977,1403692.0267400001,1162021.87898,2135059.4834399987,2145474.0690600006,2615043.5911499998,2353810.3299600016
2026-10-08T07:31:00.596751+00:00,obs-20261007-01,LIGHT,HBARUSDT,1.0,0.09364,0.09365,0.093645,1.0679196924390233,8394420001,0.09365,0.09366,416,59,1602920.7906800006,739807.7618000003,1632663.7475899984,742374.6625500004,8089.467420000001,6179.010649999999,137692.8353,136062.17701999997,275921.6843,224266.66152,427710.76453000004,363010.73209000006,806997.1686199999,730566.3588400001
2026-10-08T07:32:00.596871+00:00,obs-20261007-01,LIGHT,PEPEUSDT,1.0,4.07e-06,4.08e-06,4.075e-06,24.57002457002533,8828350141,4.07e-06,4.08e-06,222,29,330499.2945331799,576162.50537077,253937.13028972998,489398.07228423015,5982.930931700001,1911.8225528700002,50244.87920969,132886.60152576,206754.70794775,264961.86589469,493637.73586947,533742.20576271,898164.3381223701,762764.6214547502
2026-10-08T07:32:00.596871+00:00,obs-20261007-01,LIGHT,BNBUSDT,1.0,771.14,771.15,771.145,0.12967813885822466,20912792845,771.14,771.15,352,108,2345195.086640001,3864660.5371600008,2350993.0154599994,3885371.9920900003,9022.557160000002,3936.4378299999994,625714.4235699999,955466.9784999997,1472637.9757799995,1693569.6927199997,3006276.870759998,3889652.843240004,5433802.278000004,5619571.165319997
2026-10-08T07:32:00.596871+00:00,obs-20261007-01,LIGHT,AAVEUSDT,1.0,173.28,173.29,173.285,0.5771006463528572,10441412201,173.28,173.29,305,29,651774.7475800002,529891.4237600003,640965.1404700002,519448.1327199999,1623.5149900000004,1186.4478499999998,110072.73262,63650.97197999998,200333.64484999998,115143.92987,286947.4602899999,214526.30071000004,803807.62939,278178.68181
2026-10-08T07:32:00.596871+00:00,obs-20261007-01,LIGHT,AVAXUSDT,1.0,10.951,10.952,10.9515,0.9131586156518878,10523003950,10.951,10.952,373,68,878183.3690600003,1795547.311500001,896063.6293499996,1804619.4159100004,1927.5199800000007,2250.1237599999995,138448.52695,155751.35443,308763.63081000006,357602.44668999995,497653.1103,494634.06205000007,562955.1540999999,524090.5037200002
2026-10-08T07:32:00.596871+00:00,obs-20261007-01,LIGHT,FILUSDT,1.0,1.0687,1.0688,1.06875,0.935716290819677,9897067308,1.0687,1.0688,402,86,434036.7470710004,272934.7032779999,453160.08970300027,262282.55427900003,12647.196533999999,6677.303045000001,88378.77085,53968.34134,202783.68693099997,101537.892324,285215.1578689999,145191.36138600003,382011.4845089998,192705.7454619999
2026-10-08T07:32:00.596871+00:00,obs-20261007-01,LIGHT,ALGOUSDT,1.0,0.1243,0.1244,0.12434999999999999,8.045052292839916,5664912418,0.1243,0.1244,296,26,382585.0506000001,172561.47549999988,364944.53430000006,179314.46429999993,1961.6784999999998,8625.3646,11650.1021,15885.974300000002,53349.520599999996,36773.8199,137498.7737,69712.2308,163898.3818,102492.1231
2026-10-08T07:32:00.596871+00:00,obs-20261007-01,LIGHT,XRPUSDT,1.0,1.4138,1.4139,1.41385,0.7073136228608057,26680995654,1.4138,1.4139,444,63,3213193.7167799976,2367958.3476299997,2930521.797579999,2555513.7488900004,88451.41234999998,44836.45337,811153.5140099998,841110.8782300001,1508999.9035199995,1314029.1521799997,2416595.3716899985,1977242.34974,2873510.4162599994,2168106.30529
2026-10-08T07:32:00.596871+00:00,obs-20261007-01,LIGHT,HBARUSDT,1.0,0.09368,0.09369,0.09368499999999999,1.0674637062346726,8394422819,0.09372,0.09373,329,33,582534.2647400004,674671.8811000003,523658.9145900004,673138.4559899998,1850.6848899999998,5872.7958199999985,182133.81255,140499.81758,316298.87950000004,229424.59200000006,485893.6967,374024.44133000006,865710.5736399998,732459.07122
2026-10-08T07:33:00.597197+00:00,obs-20261007-01,LIGHT,PEPEUSDT,1.0,4.06e-06,4.07e-06,4.065e-06,24.630541871921707,8828351171,4.06e-06,4.07e-06,179,27,309169.98500156996,426724.67885276,347887.5839261701,291041.39277588006,9001.32621234,5913.58504507,127542.15874078,68188.59962981,255257.85967333,246385.52226845,562502.1777736,512896.372538,866316.10661342,677579.48175451
2026-10-08T07:33:00.597197+00:00,obs-20261007-01,LIGHT,BNBUSDT,1.0,770.84,770.85,770.845,0.12972860775173345,20912796495,770.84,770.85,362,96,1669933.36504,2875447.7605599994,1710019.8654000002,2829670.8800099976,10638.862110000004,2091.9939400000003,632204.8555700002,924917.0317700001,1437438.7107299995,1557829.5403700008,2967778.0757199978,3817851.3995400057,5401677.065660003,5658351.3119399985
2026-10-08T07:33:00.597197+00:00,obs-20261007-01,LIGHT,AAVEUSDT,1.0,173.09,173.1,173.095,0.5777341267543257,10441414455,173.09,173.1,279,34,504617.5972399998,490316.73055000027,533623.1776999998,467946.04967000015,3721.90121,939.0666799999999,119893.16892000001,85061.1954,191449.22470999998,125901.08011,267237.7059,198730.49514999997,778921.1960800003,299847.21728
2026-10-08T07:33:00.597197+00:00,obs-20261007-01,LIGHT,AVAXUSDT,1.0,10.945,10.946,10.9455,0.9136592051151027,10523008857,10.945,10.946,385,74,850957.6723899995,1757413.2396399989,839849.0845999996,1717170.746030002,8534.82676,3029.2962800000005,168385.49449,192171.58780999997,378113.08852999995,395724.5360599999,509136.10514,532684.8836899997,577279.0315799998,561342.3515400001
2026-10-08T07:33:00.597197+00:00,obs-20261007-01,LIGHT,FILUSDT,1.0,1.0681,1.0682,1.0681500000000002,0.9362419249137055,9897070848,1.0681,1.0682,388,55,429650.4617199999,263796.09283700015,438607.04666699993,259562.60037699997,4054.0425600000012,3349.399274000001,107024.41209700001,50423.930021,206065.27603600002,108638.970053,280469.39793599996,143826.49668199997,373261.30038500007,190891.03290699987
2026-10-08T07:33:00.597197+00:00,obs-20261007-01,LIGHT,ALGOUSDT,1.0,0.124,0.1241,0.12405,8.064516129031585,5664914886,0.124,0.1241,280,22,469084.5492999997,201535.0411000001,477275.98689999984,174497.75939999998,3222.4179999999997,3764.1308,22266.7598,14995.604099999999,94708.5104,46430.4978,139501.5944,79783.7166,162446.39480000004,110331.3864
2026-10-08T07:33:00.597197+00:00,obs-20261007-01,LIGHT,XRPUSDT,1.0,1.4138,1.4139,1.41385,0.7073136228608057,26681001962,1.4138,1.4139,443,85,3487131.2280899994,3519017.965239999,3801878.673549998,3203610.1053800015,122640.99106,57744.83907,851834.35428,1069934.8416600002,1324773.5790500003,1459531.4782200002,2101983.8754,2294658.9309,2566156.7988200015,2486180.3368200017
2026-10-08T07:33:00.597197+00:00,obs-20261007-01,LIGHT,HBARUSDT,1.0,0.09368,0.09369,0.09368499999999999,1.0674637062346726,8394425376,0.09368,0.09369,334,37,817086.0241199998,492617.2196000001,875842.9638599999,477542.21707000036,2382.30299,5134.567550000001,142133.61301,135157.02398000003,261767.68549,238397.76014000006,427136.7569600001,389099.44386,805690.10609,747547.2817
2026-10-08T07:34:00.616804+00:00,obs-20261007-01,LIGHT,PEPEUSDT,1.0,4.06e-06,4.07e-06,4.065e-06,24.630541871921707,8828351590,4.06e-06,4.07e-06,147,10,150080.93618716,139473.37468741002,120084.69854814002,32288.69844658,0.0,931.03151097,110535.96292592,72775.09390371,267983.53952387,266300.15454795,592498.41541262,620081.04877883,916011.9715818899,859862.4264353199
2026-10-08T07:34:00.616804+00:00,obs-20261007-01,LIGHT,BNBUSDT,1.0,770.8,770.81,770.805,0.12973533990656705,20912799856,770.8,770.81,366,88,2374420.0672200015,2536236.1747900015,2346750.812500002,2485273.5138799995,4373.29352,21161.612629999992,745784.4537000001,949582.58083,1465568.6477199995,1588075.7625200003,2999939.042419998,3868700.395620004,5429665.554540005,5699266.200630001
2026-10-08T07:34:00.616804+00:00,obs-20261007-01,LIGHT,AAVEUSDT,1.0,172.95,172.96,172.95499999999998,0.5782017924271798,10441416973,172.95,172.96,354,37,656215.5906699998,410487.0047500001,651980.4751999998,406139.60507000005,1428.6996399999998,644.7401300000001,118589.83473,73131.54938000001,185526.3402,127408.66924000003,271712.1341000001,197282.49206999992,779273.0813500002,297648.8308099999
2026-10-08T07:34:00.616804+00:00,obs-20261007-01,LIGHT,AVAXUSDT,1.0,10.935,10.936,10.935500000000001,0.9144947416550586,10523013551,10.935,10.936,399,67,807411.0090300005,1811063.8362599988,852666.9724000006,1831429.4706400004,1655.4968,12988.94572,165659.86015000002,166629.36711999998,352604.09739999997,354999.7410099999,464128.35501999996,512039.54991,534436.4894499998,540749.8473500003
2026-10-08T07:34:00.616804+00:00,obs-20261007-01,LIGHT,FILUSDT,1.0,1.0671,1.0673,1.0672,1.8742385905734515,9897073449,1.0671,1.0673,352,25,317598.254408,176616.99854999981,336949.2737450001,167490.96518199996,1125.719188,3224.4875979999997,128127.82168300002,54253.00498299999,219503.27252600004,109205.01746900001,268766.99296199996,149217.35683799998,364289.567494,196194.2556649999
2026-10-08T07:34:00.616804+00:00,obs-20261007-01,LIGHT,ALGOUSDT,1.0,0.124,0.1241,0.12405,8.064516129031585,5664916786,0.124,0.1241,259,25,181347.63689999998,117609.7865,180070.62010000006,118892.29600000006,3725.4745000000003,5387.839399999998,30398.0964,11036.5031,92920.8509,37326.99219999999,140880.3724,78501.2071,164084.99840000004,109048.9016
2026-10-08T07:34:00.616804+00:00,obs-20261007-01,LIGHT,XRPUSDT,1.0,1.413,1.4131,1.4130500000000001,0.7077140835098916,26681007179,1.413,1.4131,445,70,2986667.078430003,2225358.5652599987,3112518.1740300013,2392487.636370001,43814.55643,18639.168639999996,815159.9417499999,926948.8742900001,1222685.36152,1086333.41535,1984469.0136299992,2112682.12107,2498625.408420001,2329650.346440001
2026-10-08T07:34:00.616804+00:00,obs-20261007-01,LIGHT,HBARUSDT,1.0,0.09364,0.09365,0.093645,1.0679196924390233,8394427536,0.09364,0.09365,316,31,561151.1913900002,403628.53172,554557.9467999998,380737.2127599999,2731.5409599999994,1899.5672999999997,159139.71753,150772.30960000004,288046.12547999993,260028.8267300001,434422.4195300001,402510.47868999996,812438.93515,770070.57488
2026-10-08T07:35:00.617231+00:00,obs-20261007-01,LIGHT,PEPEUSDT,1.0,4.06e-06,4.07e-06,4.065e-06,24.630541871921707,8828351929,4.06e-06,4.07e-06,132,12,77088.47254673998,53005.52569442001,69761.52392391999,41340.44983565001,0.0,1004.83453037,110542.55939468,79120.49917409,275618.78091413004,276702.85868609,599825.36403544,631746.1246375999,921721.75308099,869711.4214332299
2026-10-08T07:35:00.617231+00:00,obs-20261007-01,LIGHT,BNBUSDT,1.0,770.8,770.81,770.805,0.12973533990656705,20912802566,770.8,770.81,373,50,1472379.1264499996,1426685.10967,1483921.117509999,1282222.9641000002,1758.3268299999997,5634.880449999999,734163.8845700002,926282.9418599998,1454015.2806199994,1561363.87074,3179179.551359998,3818530.041190004,5418263.630980001,5658342.751419999
2026-10-08T07:35:00.617231+00:00,obs-20261007-01,LIGHT,AAVEUSDT,1.0,172.97,172.98,172.975,0.5781349366928978,10441419464,172.97,172.98,283,38,651448.7413000001,508351.14105000003,656776.3026599999,510022.30216000014,5206.32131,2292.3998499999993,115923.30653999998,59354.67607999999,187124.93557999996,123598.47519000003,266626.57901,195663.56626000005,774380.3679800001,296028.07010000007
2026-10-08T07:35:00.617231+00:00,obs-20261007-01,LIGHT,AVAXUSDT,1.0,10.944,10.945,10.944500000000001,0.9137426900585055,10523018053,10.944,10.945,364,52,684533.2353600002,1567054.53647,654546.0041999999,1599598.6822999986,2843.10561,3519.424029999999,146888.09656999997,185024.94393999997,356664.74821,344964.93665,494027.52901000006,479611.5338800001,559499.5796399998,508240.5943100003
2026-10-08T07:35:00.617231+00:00,obs-20261007-01,LIGHT,FILUSDT,1.0,1.0671,1.0673,1.0672,1.8742385905734515,9897076366,1.0671,1.0673,360,27,195829.48219499993,188154.35824499995,194036.8354919999,191640.62845199998,1229.2663229999998,2934.124376,127740.30508100001,50432.83919799999,220974.02463300002,102707.53861100003,270559.63966499997,145731.08663099998,365982.39386999997,192713.02913999988
2026-10-08T07:35:00.617231+00:00,obs-20261007-01,LIGHT,ALGOUSDT,1.0,0.1244,0.1245,0.12445,8.03858520900258,5664919240,0.1244,0.1245,290,38,411200.53239999997,165191.9221,392394.48529999994,179280.54090000002,5527.9743,3875.6960000000004,22670.1159,21329.6394,77474.51180000001,44121.3064,140469.1393,81975.9587,170194.6087,101872.82459999999
2026-10-08T07:35:00.617231+00:00,obs-20261007-01,LIGHT,XRPUSDT,1.0,1.4134,1.4135,1.41345,0.7075137965184553,26681012487,1.4134,1.4135,442,93,2965626.532969999,2348632.112060001,2745629.82752,2345314.333650002,44528.79899999999,35516.55960999999,1002040.2727399997,824070.70774,1596343.2920999997,1115546.8627000002,2196504.8567199986,2121555.7442000005,2678640.5404800004,2335773.869800002
2026-10-08T07:35:00.617231+00:00,obs-20261007-01,LIGHT,HBARUSDT,1.0,0.09359,0.0936,0.09359500000000001,1.0684902233148996,8394430706,0.09359,0.0936,366,41,727894.7264300002,519391.82236,727622.1425499999,515558.5247400003,7429.860310000002,4933.9057,179881.46826,140546.25741000002,290296.81649999996,256295.37428000008,440532.01963000017,406330.53871999995,813897.2269600001,772875.45219
2026-10-08T07:36:00.631167+00:00,obs-20261007-01,LIGHT,PEPEUSDT,1.0,4.06e-06,4.07e-06,4.065e-06,24.630541871921707,8828352426,4.06e-06,4.07e-06,143,12,91160.27872282003,179707.13645579005,102920.50664124006,299902.6114109099,68.0339275,2452.0229448,108578.87281598001,108416.72784283,261867.77982203,264674.22456763,588065.13611702,511550.6496824799,910579.8711587401,664443.34640124
2026-10-08T07:36:00.631167+00:00,obs-20261007-01,LIGHT,BNBUSDT,1.0,770.72,770.73,770.725,0.12974880631011487,20912804741,770.72,770.73,329,42,1516868.6773400002,2341258.9579499993,1495606.9246599998,2364920.4705199986,14519.82383,467.03609000000006,681172.8844899999,755787.65713,1473663.741279999,1520144.5566200006,3219017.692129997,3789302.282960004,5440015.728060005,5630198.423639999
2026-10-08T07:36:00.631167+00:00,obs-20261007-01,LIGHT,AAVEUSDT,1.0,173.0,173.01,173.005,0.578034682079398,10441421008,173.0,173.01,252,16,540980.8319800003,394054.5780700001,527719.6396800003,419553.04567,2294.12652,284.03085999999996,121255.47755999998,59354.12553,177309.29007,108398.09847000001,279328.57684,170503.20015999992,783199.5034500002,269216.4759399999
2026-10-08T07:36:00.631167+00:00,obs-20261007-01,LIGHT,AVAXUSDT,1.0,10.95,10.951,10.9505,0.9132420091328974,10523021943,10.95,10.951,352,62,506787.0393099999,1267835.2974399992,497863.6160099998,1293326.27128,3463.8927600000006,5478.92809,146178.17351999998,180280.7508,363972.51751999994,336671.40469000005,502421.4844499999,454330.4326400002,565414.0496899998,483764.36945000035
2026-10-08T07:36:00.631167+00:00,obs-20261007-01,LIGHT,FILUSDT,1.0,1.0657,1.0659,1.0658,1.8767007600639651,9897078735,1.0657,1.0659,350,30,246055.5638620001,206536.02414299996,282561.2826659999,192114.82595100018,1269.284371,1029.22141,112082.89752,58770.99808600001,208127.96849899998,112066.44614700002,258380.98396500002,155647.69909900008,333262.655189,199180.24352
2026-10-08T07:36:00.631167+00:00,obs-20261007-01,LIGHT,ALGOUSDT,1.0,0.125,0.1251,0.12505,7.999999999999119,5664924472,0.125,0.1251,354,150,725700.1323999999,272656.21510000003,659121.5277000001,290821.5103,27765.912800000006,19928.922799999997,19293.245899999998,17751.0068,35494.203,42236.2058,120274.28619999999,71150.0941,155869.27859999996,93847.1261
2026-10-08T07:36:00.631167+00:00,obs-20261007-01,LIGHT,XRPUSDT,1.0,1.4134,1.4135,1.41345,0.7075137965184553,26681016544,1.4134,1.4135,409,56,2317786.24843,2033265.3327000004,2266038.1071099993,2147941.0352100004,24403.52985,25993.461199999998,1053213.46412,812795.5424900003,1492758.3237300003,1162460.92772,2248252.9980399995,2008394.9071499996,2725947.635150001,2222107.94787
2026-10-08T07:36:00.631167+00:00,obs-20261007-01,LIGHT,HBARUSDT,1.0,0.0937,0.09371,0.09370500000000001,1.0672358591246045,8394433065,0.0937,0.09371,339,29,552690.43045,362323.42805,516967.99511000013,396329.02705000027,1316.18758,3198.2017300000007,164231.58109,145689.21217999997,301614.05704,228406.74001999997,469076.1645700001,376641.99863999995,849355.43408,735072.69612
2026-10-08T07:37:00.644496+00:00,obs-20261007-01,LIGHT,PEPEUSDT,1.0,4.06e-06,4.07e-06,4.065e-06,24.630541871921707,8828352737,4.06e-06,4.07e-06,116,13,24668.71297546,143348.61267518005,24138.13775544,142150.50909215998,1.12723058,1034.3153433799998,125902.3459827,77689.89550498,264134.62189425004,237663.27080194,588595.7113370401,512748.75326549995,911113.2316804501,665638.09706878
2026-10-08T07:37:00.644496+00:00,obs-20261007-01,LIGHT,BNBUSDT,1.0,771.32,771.33,771.325,0.12964787636793318,20912808023,771.32,771.33,351,92,3914772.1051399983,2897027.2986900005,3858063.2298599994,3194021.8300200007,26826.90757,27745.51123999999,628881.99084,867188.5724699998,1472254.9993399992,1617754.8516500003,3058290.211799998,3817386.6394900037,5467162.463500002,5543919.418109999
2026-10-08T07:37:00.644496+00:00,obs-20261007-01,LIGHT,AAVEUSDT,1.0,173.38,173.39,173.385,0.5767677932855264,10441423965,173.38,173.39,334,41,732801.9495999996,598977.1575300001,693062.4889300003,596282.0394400001,893.00081,2909.411,124723.00911000001,80878.96375999998,182811.30427000008,130380.52447999998,290612.47777,212902.74480000004,812872.5928900002,275075.10758999997
2026-10-08T07:37:00.644496+00:00,obs-20261007-01,LIGHT,AVAXUSDT,1.0,10.967,10.968,10.967500000000001,0.9118263882545996,10523025389,10.967,10.968,355,42,710016.8651199995,1321855.2337800004,645946.7109099998,1344640.8352400002,11637.436389999999,5675.86032,192596.65345999997,205408.99526999998,394181.85377999995,325975.1083599999,563721.3963799997,434666.0480700001,629708.21729,467357.2245900001
2026-10-08T07:37:00.644496+00:00,obs-20261007-01,LIGHT,FILUSDT,1.0,1.0668,1.067,1.0669,1.874765654292787,9897081028,1.0668,1.067,308,24,190778.74738999995,224620.23762500004,172055.60611200007,239108.93291099992,734.787562,19512.280656000003,86199.12906600001,64560.15048799999,197339.47194000005,114520.09221100004,257797.76393500008,145488.69941300002,347385.01076100004,184277.07541799993
2026-10-08T07:37:00.644496+00:00,obs-20261007-01,LIGHT,ALGOUSDT,1.0,0.1254,0.1255,0.12545,7.974481658692412,5664929502,0.1254,0.1255,503,142,457294.3220000007,274744.4248000002,381942.37979999994,296594.46429999993,11570.8494,14788.112700000012,23558.2634,11458.284800000001,47354.2611,46180.5475,137379.6605,67938.15329999999,191410.4319,100733.64279999999
2026-10-08T07:37:00.644496+00:00,obs-20261007-01,LIGHT,XRPUSDT,1.0,1.4146,1.4147,1.41465,0.7069136151560684,26681020105,1.4146,1.4147,404,48,2196766.222569999,2133698.799120001,2002370.9338,2293544.42009,20581.280659999997,43828.1955,975877.9795799998,727678.29288,1392371.09262,1170808.23329,2389448.8133999994,1873473.5993400002,2887668.93564,2068348.5646100014
2026-10-08T07:37:00.644496+00:00,obs-20261007-01,LIGHT,HBARUSDT,1.0,0.09382,0.09383,0.09382499999999999,1.0658708164568154,8394435531,0.09382,0.09383,325,36,1104441.0618599996,539619.9294199997,1113926.4614299997,580233.6745099998,1183.5318800000002,10072.421389999998,166680.70497999998,111136.03121000002,274358.91188,204031.75130000003,452980.1945100001,340045.2031400001,819102.14109,704733.8772699998
2026-10-08T07:38:00.644926+00:00,obs-20261007-01,LIGHT,PEPEUSDT,1.0,4.06e-06,4.07e-06,4.065e-06,24.630541871921707,8828352976,4.06e-06,4.07e-06,119,12,28368.788533700008,38709.794635139995,9225.321219089998,38330.729299989995,116.44766952,1144.54206262,125871.57488542,78642.94839401,283095.30077842,237896.42734841,607739.1786516501,513127.81860065,911245.6681440201,665852.0895832201
2026-10-08T07:38:00.644926+00:00,obs-20261007-01,LIGHT,BNBUSDT,1.0,771.05,771.06,771.055,0.12969327540357511,20912812084,771.05,771.06,389,132,2878305.706399998,3224514.66372,2937820.1327700005,3109873.1643699994,13254.997140000001,11424.703130000016,629807.5520299999,850947.0335700001,1473762.1258399996,1558131.5302000009,3001921.986609997,3923695.8709800043,5429165.917290002,5646847.196059999
2026-10-08T07:38:00.644926+00:00,obs-20261007-01,LIGHT,AAVEUSDT,1.0,173.23,173.24,173.235,0.5772672169968018,10441426571,173.23,173.24,291,23,479638.5193299996,530694.7320600003,502980.48396000004,517648.83107999986,158.9405,1089.03912,92053.26832999999,81606.43346,194841.86381000007,131862.88749,282779.7786799998,190185.71742000018,793940.49148,287842.17125000013
2026-10-08T07:38:00.644926+00:00,obs-20261007-01,LIGHT,AVAXUSDT,1.0,10.96,10.961,10.9605,0.9124087591239061,10523031563,10.96,10.961,408,85,947279.3300800006,2033693.5673600005,981920.3139100003,1903217.9004500005,14573.494689999996,12836.480739999997,166102.73741,185247.97165000002,374889.48067,376973.04906000005,529209.89686,564075.5629200002,592925.0196499999,596642.0312100003
2026-10-08T07:38:00.644926+00:00,obs-20261007-01,LIGHT,FILUSDT,1.0,1.066,1.0661,1.0660500000000002,0.9380863039387677,9897082915,1.066,1.0661,292,13,122291.83076699995,236043.49089300004,135603.79148300004,229910.10544600003,2204.817678000001,320.40920600000004,117230.82295899998,50140.30227199999,213681.02534399997,103635.95967000003,263787.099567,147305.09291200008,337570.8426429999,189670.57293
2026-10-08T07:38:00.644926+00:00,obs-20261007-01,LIGHT,ALGOUSDT,1.0,0.1257,0.1258,0.12575,7.9554494828948386,5664934174,0.1257,0.1258,404,70,319926.97049999976,275253.42540000007,292756.79160000006,284292.12200000015,19148.604699999993,14759.995399999998,16890.344399999998,20376.1148,42700.4074,44624.764599999995,127054.5262,74702.83870000001,181275.4801,105913.45279999997
2026-10-08T07:38:00.644926+00:00,obs-20261007-01,LIGHT,XRPUSDT,1.0,1.4147,1.4148,1.4147500000000002,0.7068636460028088,26681023197,1.4147,1.4148,399,65,1675629.88761,1457925.8151700005,1788713.4589000016,1395136.1018700004,40198.81895999998,18563.414310000004,927078.81041,787974.1341200002,1431293.3900300004,1241005.1351200002,2276279.38533,1938808.11294,2779257.2541299993,2132755.6743799997
2026-10-08T07:38:00.644926+00:00,obs-20261007-01,LIGHT,HBARUSDT,1.0,0.09381,0.09382,0.09381500000000001,1.0659844366278648,8394439319,0.09381,0.09382,432,118,1060561.2541600005,762505.8449299998,1081845.1856100003,717986.3277500004,7715.270030000001,10252.39471,161722.18379,138372.02572,280473.80211000005,242843.72025999997,431739.45451,384418.97943999997,804047.0441999999,751231.1852599997
2026-10-08T07:39:00.679414+00:00,obs-20261007-01,LIGHT,PEPEUSDT,1.0,4.06e-06,4.07e-06,4.065e-06,24.630541871921707,8828353266,4.06e-06,4.07e-06,126,10,148011.96462554001,81998.14233348999,150973.34818607,82183.67213341001,0.0,1038.65612455,110840.78498542,78530.82387854,283118.68386997003,237708.1596575,604777.7950911201,512942.28880072996,908439.2845801701,672025.30919514
2026-10-08T07:39:00.679414+00:00,obs-20261007-01,LIGHT,BNBUSDT,1.0,770.78,770.79,770.785,0.12973870624488626,20912815929,770.78,770.79,370,122,3428235.255730001,3338703.235570002,3480328.2503699968,3445299.262410001,141359.42898000003,7516.8634299999985,713820.6267399997,774960.7906400001,1422562.740189999,1561672.297320001,3164023.2003999986,3696445.3823000044,5387372.834000003,5539504.531569998
2026-10-08T07:39:00.679414+00:00,obs-20261007-01,LIGHT,AAVEUSDT,1.0,173.16,173.17,173.165,0.5775005775010555,10441428639,173.16,173.17,231,15,664148.3768999997,489178.07253999996,667411.0138299998,485257.49445,788.2689399999999,603.2429199999999,117737.32526999999,78004.88828,203100.08582000007,127897.62880999997,281394.93887999986,191829.30497000003,791067.8028800001,291381.70865000004
2026-10-08T07:39:00.679414+00:00,obs-20261007-01,LIGHT,AVAXUSDT,1.0,10.952,10.953,10.9525,0.9130752373986972,10523035550,10.952,10.953,337,42,696552.1021400001,1464263.4040300008,839648.2150699995,1514693.7087799998,1396.5481699999998,4893.868470000003,100170.94773999999,161799.77182,250426.36431999994,312180.29309999995,386522.09723999986,513564.3488900001,450096.17534,542578.9033400001
2026-10-08T07:39:00.679414+00:00,obs-20261007-01,LIGHT,FILUSDT,1.0,1.0658,1.0659,1.0658500000000002,0.9382623381504196,9897084767,1.0658,1.0659,287,26,156586.60186600004,261610.2258580001,155113.47960299999,237281.15604900013,2388.7339919999995,10714.411064,120720.38435600001,61002.92869800001,215191.69179900002,115276.80335600002,265265.28679000004,171629.03762900011,338879.245509,210392.16918500006
2026-10-08T07:39:00.679414+00:00,obs-20261007-01,LIGHT,ALGOUSDT,1.0,0.1256,0.1257,0.12564999999999998,7.961783439491832,5664938189,0.1256,0.1257,379,68,414262.5931,275375.1742999999,375840.1243999999,278904.4134999999,7653.1991,17973.6895,21478.9756,19276.911,46804.9909,41776.9157,144241.2421,72961.9405,186464.6866,99038.49059999999
2026-10-08T07:39:00.679414+00:00,obs-20261007-01,LIGHT,XRPUSDT,1.0,1.4143,1.4144,1.41435,0.7070635650152646,26681027469,1.4142,1.4143,429,66,1675865.5092900002,1959178.2085699998,1782814.8525799997,1827380.802529999,15940.6336,25732.58494,867532.41847,903150.2864500001,1326400.5110900002,1077792.2261700002,2170217.6506,2070233.39497,2663888.36183,2262383.8585100025
2026-10-08T07:39:00.679414+00:00,obs-20261007-01,LIGHT,HBARUSDT,1.0,0.09375,0.09376,0.093755,1.0666666666669933,8394441814,0.09375,0.09376,310,50,535698.32645,842386.5996800002,557770.4061800002,818144.30432,7251.99101,12834.353239999999,174295.25747,133953.13353000002,277675.3916400001,259551.94449,410665.7790600001,405049.35271999985,786364.0640899999,775228.7362499997
2026-10-08T07:40:00.679636+00:00,obs-20261007-01,LIGHT,PEPEUSDT,1.0,4.06e-06,4.07e-06,4.065e-06,24.630541871921707,8828353823,4.06e-06,4.07e-06,204,13,265388.95165574003,352038.52819642,272829.52972079,249516.22047353003,12725.04663234,904.12294203,69489.27106842,145872.95234831,273525.56885577005,369468.83272487,597337.2170260701,615464.59652362,901003.1280196601,774547.61691803
2026-10-08T07:40:00.679636+00:00,obs-20261007-01,LIGHT,BNBUSDT,1.0,770.57,770.58,770.575,0.12977406335545894,20912820014,770.57,770.58,430,89,3547889.028979995,3944377.4455900006,3519823.1765199956,3918787.1783899968,7157.351239999999,19644.005429999997,770077.5463800002,893503.2991099999,1471759.1503099997,1546394.4370200005,3199807.5023299986,3718879.8478800054,5435328.973830007,5511522.538039999
2026-10-08T07:40:00.679636+00:00,obs-20261007-01,LIGHT,AAVEUSDT,1.0,172.93,172.94,172.935,0.5782686636202072,10441431728,172.93,172.94,367,28,750899.8192800002,508415.5230000001,779455.50851,504664.6145900001,1881.4161200000005,30.30359,103641.92441999995,61462.24389999999,185424.90327999994,110031.43867999996,262379.93355,192016.07824999993,770596.3787900003,291169.23550999985
2026-10-08T07:40:00.679636+00:00,obs-20261007-01,LIGHT,AVAXUSDT,1.0,10.935,10.936,10.935500000000001,0.9144947416550586,10523039919,10.935,10.936,400,79,988039.80981,1556754.7101699985,942360.9656599999,1522043.4670400007,3143.330450000001,4294.917369999999,133074.67346000005,131026.14985000002,322048.97651000007,334456.11729,432653.2160100001,495195.69339000003,502553.1600200001,574104.3532500004
2026-10-08T07:40:00.679636+00:00,obs-20261007-01,LIGHT,FILUSDT,1.0,1.064,1.0641,1.06405,0.9398496240597964,9897087418,1.064,1.0641,329,29,358775.51497200015,277692.2227359999,383466.93846300023,273940.31557499984,10804.647422000004,428.899694,136979.34351099998,45332.296014000014,209875.37505899995,120665.52786500003,255372.09669800007,168755.51916500003,323189.1991529999,210049.37428100005
2026-10-08T07:40:00.679636+00:00,obs-20261007-01,LIGHT,ALGOUSDT,1.0,0.1256,0.1257,0.12564999999999998,7.961783439491832,5664941131,0.1256,0.1257,335,31,387730.8268999998,198121.42720000012,389257.10129999986,206292.1325,20226.659499999998,3999.5641,18606.3396,16294.198900000001,45544.4657,38616.5411,141312.1179,69617.2352,184690.3744,95693.73769999998
2026-10-08T07:40:00.679636+00:00,obs-20261007-01,LIGHT,XRPUSDT,1.0,1.4131,1.4132,1.41315,0.7076640011316471,26681034211,1.4131,1.4132,444,106,3742115.7186599965,3656367.581460002,3908695.770539999,3695097.0539500024,35270.90085,157460.56379000004,782188.2825100002,765569.8362499999,1167759.7030099998,995589.7121699997,2055737.182599999,2004998.3229699999,2578944.5323099988,2221861.27599
2026-10-08T07:40:00.679636+00:00,obs-20261007-01,LIGHT,HBARUSDT,1.0,0.09367,0.09368,0.09367500000000001,1.0675776662738556,8394443996,0.09367,0.09368,319,22,574294.6410899997,894090.9213399999,596684.36132,887701.0163000001,2633.04694,2423.2925099999998,132300.63723000002,143628.81624999997,260704.83701000002,262619.32826000004,400404.2791499999,410910.7706099999,768213.4453399999,781393.5444899998
2026-10-08T07:41:00.681567+00:00,obs-20261007-01,LIGHT,PEPEUSDT,1.0,4.05e-06,4.06e-06,4.055e-06,24.691358024691024,8828355127,4.05e-06,4.06e-06,264,30,495354.21711831976,393189.01113593,581168.47896355,296392.15308286,51994.96842586001,5058.9226918099985,98612.76394620001,119271.10394388,289627.33940660005,301460.69199017005,609217.47120914,559643.36150269,914814.6111242401,801287.03206497
2026-10-08T07:41:00.681567+00:00,obs-20261007-01,LIGHT,BNBUSDT,1.0,770.26,770.27,770.265,0.12982629242097588,20912824057,770.26,770.27,417,82,2722172.6409100005,2745179.5490199993,3155128.5843000016,2747314.5243699993,7412.42555,2886.98894,621113.5980100001,991445.1047999997,1327009.1352899985,1583620.2723900008,2871340.773269997,3692647.2028600043,5480754.563950005,5498067.648
2026-10-08T07:41:00.681567+00:00,obs-20261007-01,LIGHT,AAVEUSDT,1.0,172.76,172.77,172.765,0.5788376939119821,10441434517,172.76,172.77,343,45,630464.1535000001,484949.36265000014,628561.7206499999,469741.3693499999,4293.694210000001,1856.50861,97871.91900000004,79465.83953000001,205820.03579000002,125443.07183999998,263500.9415100001,190656.9513499999,775307.0518100002,301718.03688999993
2026-10-08T07:41:00.681567+00:00,obs-20261007-01,LIGHT,AVAXUSDT,1.0,10.922,10.923,10.9225,0.9155832265150821,10523045042,10.922,10.923,383,112,1087275.6308600002,1380263.5844099994,1038669.34677,1361783.0395300004,40420.38849999998,39855.14136000001,195521.84357,145145.30566,359167.60957000003,344841.00374000013,479218.92616000015,512806.28670000023,561297.1434500002,590805.9766800005
2026-10-08T07:41:00.681567+00:00,obs-20261007-01,LIGHT,FILUSDT,1.0,1.0623,1.0624,1.06235,0.941353666572553,9897091049,1.0623,1.0624,389,34,393196.6779409999,383587.4628420001,420383.7314309998,386369.77748599986,940.2876030000002,3713.639498,81352.70516,55113.541339999996,166199.843023,113862.27707000001,241749.4482060001,157789.85842499998,307509.71867400006,204217.53685300006
2026-10-08T07:41:00.681567+00:00,obs-20261007-01,LIGHT,ALGOUSDT,1.0,0.1258,0.1259,0.12585000000000002,7.949125596184992,5664944355,0.1258,0.1259,307,31,710282.7855999992,244708.35529999997,632908.2916000005,260879.1257000001,5413.0905999999995,10804.688300000002,28696.1264,14050.1104,52506.997500000005,43327.176400000004,158562.65899999999,71052.37860000001,200532.2069,102838.7125
2026-10-08T07:41:00.681567+00:00,obs-20261007-01,LIGHT,XRPUSDT,1.0,1.4116,1.4117,1.4116499999999998,0.708415981864885,26681039907,1.4116,1.4117,441,83,3350312.286300003,3412374.7916199993,3491973.2694900017,3187918.1403200026,24920.200440000004,26274.68435,733085.98294,652424.6784000002,1025766.8598599999,1173447.08671,1998664.743989999,2227856.6225399994,2482073.221119998,2433693.0265900004
2026-10-08T07:41:00.681567+00:00,obs-20261007-01,LIGHT,HBARUSDT,1.0,0.09354,0.09355,0.09354499999999999,1.0690613641228808,8394446047,0.09354,0.09355,298,26,483056.2572800001,1259771.0240200001,478502.34117000015,1249012.4452800006,3337.59335,2132.3000300000003,192854.67424,139371.27875,275346.12163,258370.52174,410347.12509000005,408967.37924999994,782762.9668099998,788181.3904799997
2026-10-08T07:42:00.682742+00:00,obs-20261007-01,LIGHT,PEPEUSDT,1.0,4.05e-06,4.06e-06,4.055e-06,24.691358024691024,8828355721,4.05e-06,4.06e-06,185,16,184589.22481830994,108213.10474634002,198575.6390302199,109044.16277003002,26768.54036295,1871.92912522,67635.3441528,142781.64437012,277400.56146048004,307447.7067857,595231.05699723,558812.303479,902877.94318593,803272.61105986
2026-10-08T07:42:00.682742+00:00,obs-20261007-01,LIGHT,BNBUSDT,1.0,770.2,770.21,770.205,0.12983640612862501,20912825566,770.2,770.21,272,51,1315558.8921400004,2352793.162660002,1216300.7118000009,2335923.254330001,8040.732500000001,3868.966370000001,667280.6397500001,998345.4749699999,1341797.8574199984,1678537.2181200008,2971079.340049997,3685914.5897900034,5726757.730590005,5516116.9644
2026-10-08T07:42:00.682742+00:00,obs-20261007-01,LIGHT,AAVEUSDT,1.0,172.81,172.82,172.815,0.5786702158427914,10441436955,172.81,172.82,292,35,612351.2025300001,423433.50907999993,610587.61577,428978.4369200002,777.18227,2708.546120000001,101579.95915000004,80402.72356000003,204997.86293000003,129180.09240000005,265318.81841999997,187935.50974999994,776361.5445300003,299603.95213
2026-10-08T07:42:00.682742+00:00,obs-20261007-01,LIGHT,AVAXUSDT,1.0,10.922,10.923,10.9225,0.9155832265150821,10523047573,10.92,10.921,308,47,504719.6992500003,1154790.5784500001,495061.18427000026,1181176.4319200004,10742.421230000002,4730.95681,181305.93939,130022.74371,368580.30126,329615.64294000005,488877.44114000007,486420.4332300001,568675.4188300001,564425.6912100003
2026-10-08T07:42:00.682742+00:00,obs-20261007-01,LIGHT,FILUSDT,1.0,1.062,1.0622,1.0621,1.8832391713741181,9897092770,1.062,1.0622,306,13,202802.50213300006,255204.677137,208418.90506100006,253206.42774799996,440.49023100000005,2081.369081,91417.26527699998,54068.01887300001,169624.35205499997,116632.31400700001,236151.33291300008,159670.44263599996,301939.43314499996,206210.64990800002
2026-10-08T07:42:00.682742+00:00,obs-20261007-01,LIGHT,ALGOUSDT,1.0,0.1259,0.126,0.12595,7.94281175536149,5664946761,0.1259,0.126,269,26,570394.1078,164069.47319999995,564313.2745999995,159856.73379999996,9398.1023,6743.814400000001,14112.391,15516.3554,45019.383499999996,44541.4449,145614.51559999998,86435.6316,190911.77169999995,112058.48729999996
2026-10-08T07:42:00.682742+00:00,obs-20261007-01,LIGHT,XRPUSDT,1.0,1.4114,1.4115,1.4114499999999999,0.7085163667275296,26681043476,1.4114,1.4115,389,62,1657903.6125800002,1443109.5017999995,1558256.8285799993,1439942.9220199992,31958.59938,60810.95058,786180.0052800003,690869.4590699999,1258196.0713900006,1176703.6401300002,2098797.7154800002,2227530.6559599997,2582208.7421400007,2435551.0619200002
2026-10-08T07:42:00.682742+00:00,obs-20261007-01,LIGHT,HBARUSDT,1.0,0.0935,0.09351,0.093505,1.0695187165765674,8394447863,0.0935,0.09351,278,24,471038.54165,552692.4266200002,469884.09197999985,539500.9395699999,31354.19703,3942.2383699999996,173356.52797,142851.67984,260927.74969,265168.08286,411521.66815,421063.12525000004,783925.9048799997,799378.0409299998
2026-10-08T07:43:00.682924+00:00,obs-20261007-01,LIGHT,PEPEUSDT,1.0,4.05e-06,4.06e-06,4.055e-06,24.691358024691024,8828355987,4.05e-06,4.06e-06,105,13,241321.309853,56993.34693199,229662.15564264997,82790.83036092001,16.4052702,32274.380410859998,98074.4869107,101507.78346254,288926.15818638,275856.47399361,606890.2112075799,533014.8200500701,914567.25954028,769792.68420157
2026-10-08T07:43:00.682924+00:00,obs-20261007-01,LIGHT,BNBUSDT,1.0,769.92,769.93,769.925,0.12988362427357458,20912828502,769.92,769.93,368,92,2640651.066159999,3234304.426409999,2588627.7163299993,3211433.8838900006,15603.01994,35648.78942999999,808563.1020600001,807629.70426,1382979.4335499995,1603232.3102100007,3364401.1147399964,3704395.4194600033,5775854.896700003,5275074.15749
2026-10-08T07:43:00.682924+00:00,obs-20261007-01,LIGHT,AAVEUSDT,1.0,172.69,172.7,172.695,0.5790723261323016,10441438916,172.69,172.7,282,23,530755.0863100002,376359.8654800001,530541.28831,374054.8123900001,715.82353,478.62763,125766.23390000005,74579.90954,214234.26918000006,125341.60812999998,269412.8755799999,188011.65581999999,775195.3016800001,299707.00136999995
2026-10-08T07:43:00.682924+00:00,obs-20261007-01,LIGHT,AVAXUSDT,1.0,10.91,10.911,10.910499999999999,0.9165902841434814,10523051421,10.91,10.911,359,53,845296.1516899999,1244795.8426600003,863944.2112300002,1223584.4500100003,5315.374339999999,12379.5986,154349.72053000002,160964.93620000003,339841.14025999996,350398.99165999994,492120.46498,498811.5179899996,558948.5256699999,584925.0168399999
2026-10-08T07:43:00.682924+00:00,obs-20261007-01,LIGHT,FILUSDT,1.0,1.0618,1.062,1.0619,1.8835938971561994,9897095073,1.0618,1.062,327,28,227909.99172900018,276966.0874210002,210074.99828000003,276688.7383660001,1101.5946880000001,3610.045649,101264.224306,55824.903415,187541.398359,112535.77027900002,261426.70366100012,159942.707567,319936.360892,206448.10454000006
2026-10-08T07:43:00.682924+00:00,obs-20261007-01,LIGHT,ALGOUSDT,1.0,0.1261,0.1262,0.12614999999999998,7.930214115783318,5664951266,0.1261,0.1262,424,70,741281.7292000005,270903.01609999995,663143.4211999999,281805.0499,8401.401500000002,8816.345799999996,27242.5402,12667.944300000001,53678.259,35619.8842,152195.22240000003,82121.78030000001,177045.63330000004,109604.17110000002
2026-10-08T07:43:00.682924+00:00,obs-20261007-01,LIGHT,XRPUSDT,1.0,1.4109,1.411,1.4109500000000001,0.7087674533989841,26681046558,1.4109,1.411,380,42,1689414.90123,1611687.18945,1757283.5192800015,1795748.4227699998,5098.04133,17326.509860000002,690510.7508099998,629870.6604199999,1217084.1671699998,1113813.8428099996,2031257.4121599996,2017093.176309999,2512661.896519999,2249722.2169200005
2026-10-08T07:43:00.682924+00:00,obs-20261007-01,LIGHT,HBARUSDT,1.0,0.09344,0.09345,0.093445,1.0702054794520244,8394449853,0.09344,0.09345,339,8,435000.4872399998,739391.9696699997,455624.45031999995,728255.65613,892.45053,692.9120399999999,166066.90711000003,145456.16958999998,255663.40266000005,262659.63373999996,395082.7209099999,429245.68853,763331.9023399997,798878.1859599999
2026-10-08T07:44:00.687859+00:00,obs-20261007-01,LIGHT,PEPEUSDT,1.0,4.05e-06,4.06e-06,4.055e-06,24.691358024691024,8828356295,4.05e-06,4.06e-06,143,12,223486.46026083006,30087.031052760016,246662.35724429006,137003.36086404003,971.4973788,985.9125400600002,80711.61387345,105583.29714478001,273539.25808561,254583.51907644002,583714.31422412,426098.49023879005,899343.64235794,658069.78932809
2026-10-08T07:44:00.687859+00:00,obs-20261007-01,LIGHT,BNBUSDT,1.0,769.76,769.77,769.765,0.12991062149136923,20912830045,769.76,769.77,342,46,969822.5211100001,1505450.8833800007,1147856.115159999,1328834.9922800008,7273.771860000001,867.5346299999998,842504.1432099994,951626.0155599994,1468899.2695399993,1617554.7372600003,3188991.5365799954,3879798.3377800016,5793109.948650003,5258712.796739998
2026-10-08T07:44:00.687859+00:00,obs-20261007-01,LIGHT,AAVEUSDT,1.0,172.61,172.62,172.615,0.5793407102716586,10441440552,172.61,172.62,317,19,474635.42451,452882.1141299997,473984.3977799998,447679.01447999995,3401.39405,1144.91093,120616.39328000003,85655.83032,215771.80869,128741.46876999999,274603.01048999996,191680.48390999995,784756.3642500001,303542.1431599999
2026-10-08T07:44:00.687859+00:00,obs-20261007-01,LIGHT,AVAXUSDT,1.0,10.901,10.902,10.901499999999999,0.9173470323808885,10523055116,10.901,10.902,374,65,633259.47395,1245866.0535300002,643793.4709799999,1246698.3382400004,8102.0535,16038.007680000004,128969.32153,150811.09145000004,343830.83777,341143.14422000013,488455.47256999987,497854.8523800002,549606.6725999998,577189.6078400003
2026-10-08T07:44:00.687859+00:00,obs-20261007-01,LIGHT,FILUSDT,1.0,1.0616,1.0617,1.0616500000000002,0.9419743782967949,9897097263,1.0616,1.0617,323,23,226343.97745399992,264344.203209,231040.80410699995,256474.1229790001,966.415679,4020.1576029999997,94760.471861,69813.79942000001,189026.853344,117589.11438000001,257086.74496900008,167381.658635,318273.0324380001,213512.922721
2026-10-08T07:44:00.687859+00:00,obs-20261007-01,LIGHT,ALGOUSDT,1.0,0.126,0.1261,0.12605,7.936507936507908,5664954580,0.126,0.1261,375,25,503532.72630000004,177439.1310000001,499957.9843999996,167254.3830000001,7181.376399999999,3519.2810999999997,16422.1091,18426.3304,52240.325300000004,42891.7247,143434.8423,92399.49549999999,167558.54929999998,106832.0843
2026-10-08T07:44:00.687859+00:00,obs-20261007-01,LIGHT,XRPUSDT,1.0,1.4105,1.4106,1.4105500000000002,0.7089684509042904,26681048511,1.4105,1.4106,370,34,1102296.9138500004,923144.0365400005,1101053.94837,945065.38348,1929.3758599999999,1144.0452000000002,814527.3925300002,607299.53595,1118700.2789400003,980998.5302200001,2034360.71447,1990114.3452499998,2573341.69301,2227187.8160800007
2026-10-08T07:44:00.687859+00:00,obs-20261007-01,LIGHT,HBARUSDT,1.0,0.09339,0.0934,0.093395,1.0707784559360611,8394451128,0.09339,0.0934,257,11,229651.3866200001,506969.11905000015,215143.23797000002,508979.3855399999,1375.50061,671.0347,152272.68674,134763.41051999995,265247.46072,212276.82759,419592.70497999986,425196.15620000026,777847.7966299995,794441.7936300001
2026-10-08T07:45:00.688177+00:00,obs-20261007-01,LIGHT,PEPEUSDT,1.0,4.05e-06,4.06e-06,4.055e-06,24.691358024691024,8828356589,4.05e-06,4.06e-06,114,12,131187.23696035,241225.7140841799,119073.12811917998,135121.00697853,252.42600645000002,1159.22814644,80322.9086718,105873.84925026,284791.77163152,339776.76385342,595828.42306529,532203.19734444,911714.50769543,850031.34608954
2026-10-08T07:45:00.688177+00:00,obs-20261007-01,LIGHT,BNBUSDT,1.0,769.66,769.67,769.665,0.12992750045404122,20912832205,769.66,769.67,334,59,2357524.4311100007,2471740.7578599993,2306142.2504200004,2654221.7726899995,7860.163639999998,10193.682719999999,762750.5778599994,857589.5656999997,1505957.84019,1725444.6922200003,3282053.7745799962,3696284.920160001,5857944.678600008,5269894.070499995
2026-10-08T07:45:00.688177+00:00,obs-20261007-01,LIGHT,AAVEUSDT,1.0,172.71,172.72,172.715,0.5790052689480518,10441442793,172.71,172.72,256,49,595322.52142,382055.53695,584691.4871599998,389806.88712000014,5344.41394,6590.491279999999,123611.23862000003,86765.67244000001,215654.31254999994,133089.50501000002,280447.87046999985,185602.43398000003,779536.36264,295985.56904
2026-10-08T07:45:00.688177+00:00,obs-20261007-01,LIGHT,AVAXUSDT,1.0,10.894,10.895,10.8945,0.9179364787947897,10523059384,10.894,10.895,368,74,691125.2228499999,1431948.3698899988,677847.8418800003,1430008.89522,10021.797830000001,19991.11331,174910.24007,162588.23226,353171.92854000005,339203.33968000015,501861.13073,496842.7376400001,560932.4452899998,579825.1013900003
2026-10-08T07:45:00.688177+00:00,obs-20261007-01,LIGHT,FILUSDT,1.0,1.0609,1.0611,1.061,1.8851918182671845,9897099906,1.0609,1.0611,305,15,242384.5475739999,245154.39989600002,247980.83424200004,241228.26137900012,1011.339329,1421.8083859999997,81332.2704,62341.42993700001,197011.37104699996,110049.41884299999,251590.282027,170407.29485299997,313907.49839500006,219424.09648699994
2026-10-08T07:45:00.688177+00:00,obs-20261007-01,LIGHT,ALGOUSDT,1.0,0.1264,0.1265,0.12645,7.911392405062223,5664957008,0.1264,0.1265,260,34,412447.1079,144263.24450000006,322610.0530000001,176061.91030000002,1129.2786,8188.9708,24274.6379,15255.1925,82277.3601,43502.5394,150797.09939999998,70091.9574,170528.3357,95844.96070000003
2026-10-08T07:45:00.688177+00:00,obs-20261007-01,LIGHT,XRPUSDT,1.0,1.4096,1.4097,1.40965,0.7094211123725991,26681052937,1.4096,1.4097,378,106,2364504.0275100013,2789159.3364000013,2320345.176759999,2636187.6513999994,82340.33756999997,147955.59806999998,959648.28142,1008184.09027,1144367.9226099995,1377603.8960599995,2079577.8990099991,2142274.945110001,2608516.50304,2379575.1635299996
2026-10-08T07:45:00.688177+00:00,obs-20261007-01,LIGHT,HBARUSDT,1.0,0.09339,0.0934,0.093395,1.0707784559360611,8394452477,0.09339,0.0934,257,22,307202.94365,545264.3434200003,292553.01292000007,568442.8769299999,151.18729,6410.777690000001,150824.08913000004,132531.76108999999,267250.68704000005,236410.63808,434242.63571,402017.6226900002,796675.1235799997,770523.0731400002
2026-10-08T07:46:00.688257+00:00,obs-20261007-01,LIGHT,PEPEUSDT,1.0,4.05e-06,4.06e-06,4.055e-06,24.691358024691024,8828356939,4.05e-06,4.06e-06,153,14,113844.15091112998,263816.6039011498,137519.49804968,263505.34683038975,733.75927245,5823.399681819999,56181.51160875,121286.57685382,260626.79322583,339483.67875418,572153.07592674,532514.4544151999,895761.51741203,850303.14954821
2026-10-08T07:46:00.688257+00:00,obs-20261007-01,LIGHT,BNBUSDT,1.0,769.84,769.85,769.845,0.12989712147915,20912836519,769.84,769.85,367,122,2959592.1055900003,2111457.32382,3171915.5110600013,2149518.2843999993,20130.89508,9896.939530000001,671846.9234599998,1001657.7216399999,1385653.1217500002,1692610.738770001,3026124.4785499964,3959518.930950002,5742238.959890004,5233038.760889998
2026-10-08T07:46:00.688257+00:00,obs-20261007-01,LIGHT,AAVEUSDT,1.0,172.66,172.67,172.665,0.5791729410398183,10441444642,172.66,172.67,269,24,547841.06512,325333.70489999995,594802.4812999998,340309.5542099999,530.9288400000002,1038.48664,97908.72805,75392.00544,182932.36095999996,118565.05546999999,238261.89489999984,168989.72556999995,736493.9445100001,280951.7732099999
2026-10-08T07:46:00.688257+00:00,obs-20261007-01,LIGHT,AVAXUSDT,1.0,10.889,10.89,10.8895,0.9183579759408644,10523063937,10.889,10.89,404,65,855609.3880299998,1587799.21988,860081.8937699997,1629550.7167299995,3932.6357200000007,10423.77719,197709.45719,143509.02362000002,358059.3520600001,298245.68583000003,498241.84333,451421.08803000004,558538.35878,537006.16754
2026-10-08T07:46:00.688257+00:00,obs-20261007-01,LIGHT,FILUSDT,1.0,1.0604,1.0605,1.06045,0.9430403621268901,9897101787,1.0604,1.0605,323,11,176031.16457599992,189219.40970800002,178843.38153499996,195458.1694119999,598.483995,84.97479100000001,120036.52342700001,54442.309356,197528.096468,104773.74663599998,255228.1860990001,164074.00531699992,313532.1686620001,210664.74329499988
2026-10-08T07:46:00.688257+00:00,obs-20261007-01,LIGHT,ALGOUSDT,1.0,0.1249,0.125,0.12495,8.006405124099114,5664963997,0.1249,0.125,343,158,826746.1833,405509.5070000001,846134.5083,320426.902,43439.77229999994,21825.326000000005,16974.5497,11120.5606,40666.7877,33362.1187,119743.03470000002,66946.1384,164559.45339999997,93584.05709999998
2026-10-08T07:46:00.688257+00:00,obs-20261007-01,LIGHT,XRPUSDT,1.0,1.4095,1.4096,1.4095499999999999,0.7094714437738681,26681057407,1.4095,1.4096,429,75,2393374.4675799995,2024124.5802400017,2205029.2435099995,2000546.43715,29583.184879999997,30725.486979999994,1019754.1586800002,978630.7079,1256093.7326800006,1166158.8036099998,2267441.2926900024,2167314.3023300013,2825637.1173800034,2408834.7151200003
2026-10-08T07:46:00.688257+00:00,obs-20261007-01,LIGHT,HBARUSDT,1.0,0.09332,0.09333,0.09332499999999999,1.0715816545214807,8394454934,0.09332,0.09333,310,23,388188.62544000003,663578.5516600002,423110.2436100001,644337.6767500001,2093.27785,2566.8614700000003,135175.96784000003,139810.06777,252457.68497000003,257460.70389,400254.4749500001,413894.6033300001,759360.8144,785186.51678
2026-10-08T07:47:00.694198+00:00,obs-20261007-01,LIGHT,PEPEUSDT,1.0,4.04e-06,4.05e-06,4.045e-06,24.752475247524774,8828357564,4.04e-06,4.05e-06,165,13,89906.17508583998,186749.84222957017,165988.99655695996,198526.12079171004,1098.8268216000001,941.9009508,142631.09312888002,85718.3965776,282831.5865143,237991.648766,604573.21874194,411656.10076852003,891093.7398007599,651140.6252324601
2026-10-08T07:47:00.694198+00:00,obs-20261007-01,LIGHT,BNBUSDT,1.0,769.86,769.87,769.865,0.12989374691407818,20912839491,769.86,769.87,407,80,2736144.8850399996,1221623.62755,2595622.5990500003,1431478.8178599991,11049.258150000001,14193.380149999999,741787.1037099996,962772.52736,1509727.123179999,1673484.943230001,3166562.9279199955,3749695.6205000016,5880300.610530004,5216335.090199999
2026-10-08T07:47:00.694198+00:00,obs-20261007-01,LIGHT,AAVEUSDT,1.0,172.48,172.49,172.485,0.5797773654925287,10441447013,172.48,172.49,288,43,546444.7859999997,376732.07492999994,537355.8001699997,370025.4328700001,10246.462010000001,2460.3569899999998,83213.97708,78846.595,167654.95249,123093.55502000003,248115.27812999993,175350.06625,757739.5332400003,233584.14380999995
2026-10-08T07:47:00.694198+00:00,obs-20261007-01,LIGHT,AVAXUSDT,1.0,10.87,10.871,10.8705,0.9199632014733616,10523069785,10.87,10.871,423,113,1893843.32889,1401587.754039999,1890375.5931799994,1425783.5234799995,15401.996299999995,8821.78073,210387.43263,101437.64535,338480.96217,279117.48009,512687.2578600001,422295.65819999995,563807.8687500004,492674.35216999997
2026-10-08T07:47:00.694198+00:00,obs-20261007-01,LIGHT,FILUSDT,1.0,1.0596,1.0597,1.05965,0.9437523593813779,9897104208,1.0595,1.0597,327,28,353542.6704790003,220073.40357900012,356300.56623600057,213270.87174400003,3710.5303230000013,2536.1827630000007,126114.20231800003,49380.675765,208806.16773900003,120861.622049,260108.35137800005,170424.226005,315016.7015930002,217349.64821799993
2026-10-08T07:47:00.694198+00:00,obs-20261007-01,LIGHT,ALGOUSDT,1.0,0.1251,0.1252,0.12514999999999998,7.993605115907965,5664969972,0.1251,0.1252,432,34,437498.5479999998,264728.97870000027,405149.8890000001,252831.66820000007,6597.1114,3708.8248999999996,25274.077400000002,12402.6218,72009.8643,42365.3717,144438.177,90063.62070000001,187796.49490000002,114341.4437
2026-10-08T07:47:00.694198+00:00,obs-20261007-01,LIGHT,XRPUSDT,1.0,1.409,1.4091,1.4090500000000001,0.7097232079478211,26681060578,1.409,1.4091,402,52,1332411.4633699995,1567337.37403,1447237.8998800006,1503356.4570499996,20450.4063,24226.325289999997,918799.3994800003,826238.5476099999,1264298.1890500004,1214348.5226899998,2199346.3484800006,2229626.065630001,2707815.3443700015,2464812.4134500003
2026-10-08T07:47:00.694198+00:00,obs-20261007-01,LIGHT,HBARUSDT,1.0,0.0932,0.09321,0.09320500000000001,1.072961373389525,8394457410,0.0932,0.09321,380,36,573276.24883,1298611.37819,576131.1949200003,1288426.7720200005,4651.766589999999,2338.2942,168275.68761999998,129601.08366000003,245235.07583999995,219874.42525000006,403130.4598800001,417228.8252200001,761345.2819699998,784007.2871900002
2026-10-08T07:48:00.695253+00:00,obs-20261007-01,LIGHT,PEPEUSDT,1.0,4.04e-06,4.05e-06,4.045e-06,24.752475247524774,8828357944,4.04e-06,4.05e-06,145,13,88039.52989335003,390786.13818544004,75533.73689244,261080.05765640998,1217.11642972,1107.6364156500001,122381.2397632,103416.9987672,294392.21542219,273359.02578252,617079.0117428501,541362.18129755,903061.0586040701,787565.9797480799
2026-10-08T07:48:00.695253+00:00,obs-20261007-01,LIGHT,BNBUSDT,1.0,769.79,769.8,769.795,0.12990555865899367,20912842279,769.79,769.8,356,52,838555.3040100002,783569.8174300003,903144.9010400001,767405.8323200004,4217.483149999998,4195.200019999999,680683.9847499996,997562.8204099996,1468843.0840499997,1690834.376750001,3103968.5213099956,3765199.4978000014,5826439.129600003,5231984.584349999
2026-10-08T07:48:00.695253+00:00,obs-20261007-01,LIGHT,AAVEUSDT,1.0,172.38,172.39,172.385,0.5801137022842795,10441448832,172.38,172.39,254,23,630751.49964,430932.78984,612334.6345,431075.01748000004,722.01481,1006.1468299999999,129941.98892000003,74846.54546000002,197757.89938000005,121627.53985000006,264682.8285199999,170599.0741200001,778667.2510500001,232829.74582000007
2026-10-08T07:48:00.695253+00:00,obs-20261007-01,LIGHT,AVAXUSDT,1.0,10.861,10.862,10.8615,0.9207255317189578,10523073315,10.861,10.862,339,54,1325655.1258199995,855938.9870400003,1380784.56243,851651.1155999999,24759.64881,276.59259,105624.27952,139560.48315000001,320156.63589999994,342326.16818,457934.73576999997,426542.9216599999,513918.3533899999,492235.41728
2026-10-08T07:48:00.695253+00:00,obs-20261007-01,LIGHT,FILUSDT,1.0,1.0579,1.058,1.05795,0.9452689290112559,9897106992,1.0579,1.058,367,52,320325.0009990001,271761.8356599999,345772.32883300004,240759.6710350001,6966.567795999999,140.447382,111448.90474200001,89286.13768300002,184780.089183,161868.604457,251631.02042600003,200218.54479900008,288310.159196,231965.56909900001
2026-10-08T07:48:00.695253+00:00,obs-20261007-01,LIGHT,ALGOUSDT,1.0,0.1252,0.1253,0.12525,7.987220447283061,5664974397,0.1252,0.1253,370,38,408064.8957999999,231113.6696999999,396051.9138,242497.4227,11592.914999999999,6308.0702,20598.167699999998,11207.7103,70016.8419,39369.850099999996,148078.681,82803.87520000001,174865.787,103550.40699999999
2026-10-08T07:48:00.695253+00:00,obs-20261007-01,LIGHT,XRPUSDT,1.0,1.4086,1.4087,1.4086500000000002,0.7099247479769311,26681064109,1.4086,1.4087,386,44,1747547.6262700004,1472738.3109300002,1958365.1899199993,1554770.3080100003,48813.33476,34809.47067,702462.7590999999,864050.1262499999,1210737.7678899996,1124771.36272,1994006.6408599992,2148541.4785300014,2527413.6902799997,2383124.86689
2026-10-08T07:48:00.695253+00:00,obs-20261007-01,LIGHT,HBARUSDT,1.0,0.09316,0.09317,0.093165,1.073422069557406,8394458746,0.09316,0.09317,284,14,346279.90426000004,683020.7192700001,350309.6371099999,683595.34935,3586.87743,2840.43279,159549.93411000003,124076.13037000001,260498.04236999998,253632.83574,399583.51119,414546.05446,758032.5750899997,778809.0298199999
2026-10-08T07:49:00.695612+00:00,obs-20261007-01,LIGHT,PEPEUSDT,1.0,4.04e-06,4.05e-06,4.045e-06,24.752475247524774,8828358344,4.04e-06,4.05e-06,156,14,44895.586352340004,195087.2351715201,55299.85937722002,230398.0017098401,519.90410136,4823.4011139,153434.00633356,24293.8765944,291095.82528614,209713.99523200002,606674.73871797,506051.41475923,892671.3075787099,777934.01386359
2026-10-08T07:49:00.695612+00:00,obs-20261007-01,LIGHT,BNBUSDT,1.0,770.2,770.21,770.205,0.12983640612862501,20912845588,770.2,770.21,399,96,2163635.634390001,1854136.7843400005,2015207.3286700004,1889754.3135400005,5478.65027,22171.69806,774534.7241199999,967679.9685699999,1479406.8384199985,1659826.1362500016,3246340.219079996,3735780.4214700055,5966389.426570006,5431120.228610003
2026-10-08T07:49:00.695612+00:00,obs-20261007-01,LIGHT,AAVEUSDT,1.0,172.57,172.58,172.575,0.579474995654472,10441451193,172.57,172.58,300,38,555099.1455400002,494192.08828,541529.8734700003,511114.78884,884.73793,2484.3506600000005,125533.28294999998,70192.58251000001,207360.58674999996,115375.53973,274665.15388999996,162400.41521999994,782966.2584899999,269618.81317999994
2026-10-08T07:49:00.695612+00:00,obs-20261007-01,LIGHT,AVAXUSDT,1.0,10.883,10.884,10.8835,0.9188642837454353,10523077547,10.883,10.884,390,43,886957.5434200002,1833905.6177900003,790723.5728799999,1858414.9920400009,12001.51997,3177.935480000003,130825.92534000003,176777.45663000003,327881.77612000005,294073.07094999996,553041.95043,404671.8384999998,612899.8747699998,490760.9724399998
2026-10-08T07:49:00.695612+00:00,obs-20261007-01,LIGHT,FILUSDT,1.0,1.0597,1.0598,1.0597500000000002,0.9436633009340945,9897109660,1.0594,1.0595,347,76,350759.95170399995,266653.39376599994,306355.63089999993,289721.702674,681.4252920000001,26720.851244999998,124510.174077,72944.527059,202059.50441300002,134395.49513599998,272341.039539,178464.526314,328234.29395600036,224761.54837899993
2026-10-08T07:49:00.695612+00:00,obs-20261007-01,LIGHT,ALGOUSDT,1.0,0.1253,0.1254,0.12535000000000002,7.980845969675077,5664977463,0.1253,0.1254,276,28,435495.4233999998,183931.79069999995,421931.5517,183488.57150000002,7193.843400000001,9683.994200000001,37709.3364,16155.299599999998,93173.9504,39929.756,154485.1048,82189.74170000001,187629.3757,108562.356
2026-10-08T07:49:00.695612+00:00,obs-20261007-01,LIGHT,XRPUSDT,1.0,1.41,1.4101,1.41005,0.7092198581548637,26681068158,1.41,1.4101,420,47,2585240.326589999,1837484.3321400008,2149552.02054,1932482.580119999,4524.2223,56061.76456000001,1020258.17741,870815.28566,1335150.5838099993,1358381.47286,2377692.08007,2059456.6248400004,2913495.4107100004,2300288.5130000007
2026-10-08T07:49:00.695612+00:00,obs-20261007-01,LIGHT,HBARUSDT,1.0,0.09327,0.09328,0.093275,1.0721561059279239,8394460797,0.09327,0.09328,360,24,397073.51044000004,381549.8122400002,367354.21405000007,422311.1506600001,4655.04105,3840.1799100000007,166025.38314000005,126313.38988,243820.35891000007,227972.76692000005,424620.08583000005,377559.45799,788185.4135799998,744234.1910100002
2026-10-08T07:50:00.716550+00:00,obs-20261007-01,LIGHT,PEPEUSDT,1.0,4.04e-06,4.05e-06,4.045e-06,24.752475247524774,8828359102,4.04e-06,4.05e-06,174,11,243771.86997019997,370547.92435586994,278053.64896823006,384020.16877274,144214.45294676002,891.0,67601.98752112,131932.31427540001,248920.15459545,264521.9967104,572392.95971994,492579.17034236,886574.9776839999,836936.6904732699
2026-10-08T07:50:00.716550+00:00,obs-20261007-01,LIGHT,BNBUSDT,1.0,770.04,770.05,770.045,0.12986338371989703,20912848567,770.04,770.05,356,73,1756248.5133099996,1244244.5588800008,1760444.5351800006,1241842.20547,53561.24690000001,5801.302939999999,936920.80754,916285.17435,1560882.591329999,1662854.8564700016,3245206.325899996,3734436.980460002,5963162.127980006,5201810.69633
2026-10-08T07:50:00.716550+00:00,obs-20261007-01,LIGHT,AAVEUSDT,1.0,172.49,172.5,172.495,0.5797437532595318,10441453858,172.49,172.5,302,51,671491.3685900003,423671.63813999965,669137.5773200002,416605.2513099998,7266.05324,3715.6803500000005,94252.18524000002,73829.62969000002,170477.89691999997,114633.59834000001,277893.6107199999,164975.38331,784498.38643,223428.86943999995
2026-10-08T07:50:00.716550+00:00,obs-20261007-01,LIGHT,AVAXUSDT,1.0,10.87,10.871,10.8705,0.9199632014733616,10523082579,10.87,10.871,392,96,1389646.9167899997,1347936.6151400004,1465559.7280299996,1331743.5897800012,45022.34249,74086.57793999997,175574.63088,135521.46467999998,329463.00441000005,282954.57923999993,477878.98055000004,417797.7429999997,539789.4305000004,486586.5156099998
2026-10-08T07:50:00.716550+00:00,obs-20261007-01,LIGHT,FILUSDT,1.0,1.0578,1.0579,1.0578500000000002,0.9453582907914537,9897112481,1.0578,1.0579,327,51,350549.92268599995,207468.67660000004,420031.14943999983,178466.0449020001,7316.977861000001,1519.2628729999997,83944.11923699999,79592.171708,162096.50110200004,151210.773742,226578.1185920001,199073.21832800005,263138.3976660001,233966.62245700005
2026-10-08T07:50:00.716550+00:00,obs-20261007-01,LIGHT,ALGOUSDT,1.0,0.1253,0.1254,0.12535000000000002,7.980845969675077,5664981040,0.1253,0.1254,288,45,540948.1967,247414.07300000006,543255.7627999997,215323.44429999994,18260.715999999997,15773.211099999993,24109.2431,17166.3192,73381.6539,41769.633799999996,139737.30990000002,103784.5208,180459.2992,142294.6042
2026-10-08T07:50:00.716550+00:00,obs-20261007-01,LIGHT,XRPUSDT,1.0,1.4085,1.4086,1.40855,0.7099751508699015,26681073419,1.4085,1.4086,429,109,2791639.2709300006,3211635.9732699995,3110619.2219599998,3341379.910100002,153533.15623,68328.56695,813402.9011399999,706540.64556,1047689.4124799998,1035679.8145100003,2110916.08278,1926162.3940300003,2658366.7605499993,2160116.960720002
2026-10-08T07:50:00.716550+00:00,obs-20261007-01,LIGHT,HBARUSDT,1.0,0.09314,0.09315,0.093145,1.0736525660282048,8394463026,0.09314,0.09315,282,30,458644.7952999999,647478.5791100002,532651.14972,600377.3653599999,10461.224619999995,1988.2962699999996,125912.73383,137162.7662,215446.32717000003,259326.36438000004,356030.0632600001,420869.11321000004,714261.0306999999,787481.26497
2026-10-08T07:51:00.717819+00:00,obs-20261007-01,LIGHT,PEPEUSDT,1.0,4.03e-06,4.04e-06,4.035e-06,24.81389578163684,8828360336,4.03e-06,4.04e-06,203,33,589132.0360881699,244702.47349538002,648601.5515454399,153097.30908272005,40874.20907825001,26428.348878959994,164298.74203054002,56698.81203256,321066.2490283,216412.85493196,663922.24035867,458051.41685438,903929.03530916,805912.7087447101
2026-10-08T07:51:00.717819+00:00,obs-20261007-01,LIGHT,BNBUSDT,1.0,769.64,769.65,769.645,0.12993087677326542,20912851758,769.64,769.65,374,111,1539251.959630001,3445211.512019999,1682881.1323000009,3332127.4918800006,114125.90212000001,3260.0658800000006,703709.8781099996,956244.4110299997,1466685.0731200003,1752624.1426400007,3146462.0214899955,3738787.092690001,5828478.032950003,5304783.844479996
2026-10-08T07:51:00.717819+00:00,obs-20261007-01,LIGHT,AAVEUSDT,1.0,172.45,172.46,172.45499999999998,0.5798782255728163,10441455937,172.45,172.46,262,37,906289.6862499997,287431.96709,908112.5720099998,283006.88103999995,1480.5633599999999,26793.91119,96790.50134000002,83198.32939000001,209333.75822999995,119461.70581,274499.97376999987,167235.58830999996,780920.6108299999,227823.17091999992
2026-10-08T07:51:00.717819+00:00,obs-20261007-01,LIGHT,AVAXUSDT,1.0,10.857,10.858,10.8575,0.9210647508539616,10523087147,10.857,10.858,372,67,1479993.3031099997,795886.9195599994,1539635.4840599992,899068.3410200006,5869.93595,7410.191180000001,186608.69501999998,124470.61587,348931.56032999995,250171.40806000005,426538.51955999987,314398.12054999993,475528.9095399999,380184.8712700002
2026-10-08T07:51:00.717819+00:00,obs-20261007-01,LIGHT,FILUSDT,1.0,1.0568,1.0569,1.0568499999999998,0.9462528387582658,9897115107,1.0568,1.0569,321,29,383715.86451400025,220339.08217899993,369107.48871599993,228186.74116500007,2516.8273599999998,1120.968246,102225.19062100003,67835.014672,175921.75510500005,142613.68986000004,247941.4750740001,191185.03132900008,286638.5350340001,229551.40676100002
2026-10-08T07:51:00.717819+00:00,obs-20261007-01,LIGHT,ALGOUSDT,1.0,0.125,0.1251,0.12505,7.999999999999119,5664982946,0.125,0.1251,273,21,322381.1216999999,201319.96899999998,326767.9672,184135.1708,5389.8027999999995,7185.5775,45056.253899999996,23907.9665,95975.015,44959.014299999995,141853.7846,104484.1773,180435.1352,135563.9169
2026-10-08T07:51:00.717819+00:00,obs-20261007-01,LIGHT,XRPUSDT,1.0,1.4081,1.4082,1.40815,0.7101768340311843,26681076359,1.4081,1.4082,371,39,1435364.0543799996,1248298.8654099999,1383786.4291900003,1063507.5455,23311.656450000002,23330.315550000003,864714.3845200001,841137.89674,1077298.9116399998,1091795.51305,2162916.986349999,2110134.15973,2991218.096179999,2345536.0062900004
2026-10-08T07:51:00.717819+00:00,obs-20261007-01,LIGHT,HBARUSDT,1.0,0.09312,0.09313,0.093125,1.073883161513134,8394464438,0.09312,0.09313,279,19,195375.61395999987,360918.77024000004,163806.78358,353554.88504000026,968.79876,2664.93909,135399.05532999994,155965.07944,256019.51082999998,271783.56513000006,388456.81161,428232.99840999994,750009.3406999996,791262.0916899999
2026-10-08T07:52:00.717975+00:00,obs-20261007-01,LIGHT,PEPEUSDT,1.0,4.03e-06,4.04e-06,4.035e-06,24.81389578163684,8828360966,4.03e-06,4.04e-06,214,14,165886.86094875,173959.55876352,167480.47243399007,176733.16222904995,9.51451566,1973.4709200399998,162553.76422129,44761.15148164,319006.76281662995,210266.82280654,662328.62887343,455277.81338885,902258.35311744,802882.1278419001
2026-10-08T07:52:00.717975+00:00,obs-20261007-01,LIGHT,BNBUSDT,1.0,769.97,769.98,769.975,0.1298751899425632,20912857024,769.97,769.98,435,137,4457677.337779996,2588350.380559999,4417178.769389998,2700552.7965799994,36256.60551999999,29243.775260000002,683310.9984599996,920754.2205199999,1517763.7090399982,1668905.209930001,3142415.7091099946,3734309.8724900014,5880916.268910003,5201985.0517099975
2026-10-08T07:52:00.717975+00:00,obs-20261007-01,LIGHT,AAVEUSDT,1.0,172.59,172.6,172.595,0.5794078451826223,10441457511,172.59,172.6,249,13,412090.1452300002,238407.67203000013,402592.86332999996,249124.56805,258.85048,362.20735,112298.40868999998,73584.15396000001,194987.32917999997,122846.7655,279015.5961699998,161050.83289999995,788418.3838,268975.9087399999
2026-10-08T07:52:00.717975+00:00,obs-20261007-01,LIGHT,AVAXUSDT,1.0,10.868,10.869,10.868500000000001,0.9201324990804061,10523091549,10.867,10.868,398,56,1514704.8168700011,672059.9461600005,1497956.8825000024,687729.9877000002,806.8526200000001,3517.556200000001,158172.68874999997,153618.19147,333646.01248000003,254466.12174999996,437044.84599000006,298940.67481999996,513588.7415300001,366602.29863000015
2026-10-08T07:52:00.717975+00:00,obs-20261007-01,LIGHT,FILUSDT,1.0,1.0568,1.0571,1.05695,2.8387585162747975,9897117340,1.0568,1.057,314,18,312206.18686899985,180715.18594899998,292354.484791,182120.89065599995,6136.543044,484.06135199999994,107890.976404,69505.592962,197806.48721700002,145047.467369,267764.17371600016,189786.831147,304724.6658970003,230264.32124199998
2026-10-08T07:52:00.717975+00:00,obs-20261007-01,LIGHT,ALGOUSDT,1.0,0.1255,0.1256,0.12555,7.968127490038945,5664985213,0.1255,0.1256,265,33,319818.81710000004,169087.61390000008,280279.0066,206474.716,2559.3741999999997,26292.811599999997,35646.5132,11691.0861,77641.79740000001,53098.4825,146637.5228,82358.20169999999,188950.454,110267.45049999998
2026-10-08T07:52:00.717975+00:00,obs-20261007-01,LIGHT,XRPUSDT,1.0,1.4086,1.4087,1.4086500000000002,0.7099247479769311,26681080682,1.4086,1.4087,414,57,2595417.411359999,2655499.1479399996,2543428.959210002,2521687.71885,15249.104639999998,54747.26113,898045.5576100003,1059500.16495,1306642.6737700002,1372187.39866,2214275.4972199993,2247433.8449500003,2749403.4724399997,2481261.80442
2026-10-08T07:52:00.717975+00:00,obs-20261007-01,LIGHT,HBARUSDT,1.0,0.09326,0.09327,0.093265,1.0722710701283056,8394466874,0.09326,0.09327,286,50,707956.1509600001,776943.2122100001,545986.8050800003,837448.8789199998,3230.1992099999998,12327.139080000003,288336.35539,134408.34461,390817.29668,235517.08912000005,549153.87015,369524.6160500001,912761.8870999999,740804.3186600001
2026-10-08T07:53:00.745024+00:00,obs-20261007-01,LIGHT,PEPEUSDT,1.0,4.03e-06,4.04e-06,4.035e-06,24.81389578163684,8828361769,4.03e-06,4.04e-06,202,24,235931.02717439018,173738.22100798006,243085.42135925015,170672.88292790003,3392.0362681500005,15144.610109990002,139270.45124681,51605.114475480004,296888.80539899,202933.35948588,633601.36889657,442804.0775612501,874163.0555187501,700603.7946443801
2026-10-08T07:53:00.745024+00:00,obs-20261007-01,LIGHT,BNBUSDT,1.0,769.84,769.85,769.845,0.12989712147915,20912863638,769.84,769.85,418,83,1863416.606180001,1613210.0658600002,1903584.6088799997,1543498.39874,9079.37229,17996.00412000001,719695.7707999997,963431.0694799998,1484756.6302199988,1720078.6176900005,3103034.306309996,3803205.821200001,5844579.239640005,5268936.277459996
2026-10-08T07:53:00.745024+00:00,obs-20261007-01,LIGHT,AAVEUSDT,1.0,172.53,172.54,172.535,0.5796093433030336,10441459335,172.53,172.54,263,19,581664.77934,246048.60231999992,578906.49477,233009.213,2191.3841399999997,270.8065,119959.07199000001,81799.86743000001,215126.92979,124326.06324,277972.54471999995,174024.52087999994,787275.25632,231475.8520899999
2026-10-08T07:53:00.745024+00:00,obs-20261007-01,LIGHT,AVAXUSDT,1.0,10.86,10.861,10.8605,0.9208103130764478,10523095736,10.86,10.861,365,53,1687703.7844200006,556040.2746500002,1690807.6727899997,536327.0045500001,2084.97517,2627.82796,178169.93651,144792.78968999998,355510.17698000005,264684.11264999997,434630.61937999993,318556.5215399999,516058.75579,384375.64501000015
2026-10-08T07:53:00.745024+00:00,obs-20261007-01,LIGHT,FILUSDT,1.0,1.0572,1.0574,1.0573,1.8917896329928574,9897118689,1.0572,1.0574,237,15,163600.27587799996,88151.914658,152645.32913299996,98763.19422399999,1288.752958,1874.759927,104131.89837399997,71334.85163800001,186826.53927899993,147403.789408,275218.65378200007,179180.61200499994,314411.2614040003,219868.66120899993
2026-10-08T07:53:00.745024+00:00,obs-20261007-01,LIGHT,ALGOUSDT,1.0,0.1259,0.126,0.12595,7.94281175536149,5664988820,0.1259,0.126,288,63,425826.3969,240171.84120000002,398535.0253999999,249838.23330000002,16980.28060000001,14388.200999999997,26243.195099999997,25253.527000000002,61148.0748,59403.7822,145797.1603,100911.4297,195847.48750000002,125637.35510000002
2026-10-08T07:53:00.745024+00:00,obs-20261007-01,LIGHT,XRPUSDT,1.0,1.4083,1.4084,1.40835,0.7100759781297761,26681083832,1.4083,1.4084,360,31,1718176.2863100003,1700484.8167400009,1752908.7725000007,1734000.0195700005,15928.744940000002,17267.440800000008,890912.6224700001,862337.2474299998,1272272.85949,1342124.9822499997,2179837.24035,2212784.06032,2718429.907600001,2448054.1572300005
2026-10-08T07:53:00.745024+00:00,obs-20261007-01,LIGHT,HBARUSDT,1.0,0.09327,0.09328,0.093275,1.0721561059279239,8394468610,0.09327,0.09328,253,22,459783.96652999986,577906.3889100002,572624.6804000003,574294.2319900001,4624.32815,3894.72448,176676.96257,144936.50714000003,295562.16365000006,239332.15143000003,436305.5844000002,373163.99677,799924.47693,744416.47558
2026-10-08T07:54:00.750371+00:00,obs-20261007-01,LIGHT,PEPEUSDT,1.0,4.03e-06,4.04e-06,4.035e-06,24.81389578163684,8828362163,4.03e-06,4.04e-06,147,14,316135.37808168,84661.10062381999,310621.48558592,83351.01650330998,163.99786377000004,988.4839902000001,123992.10093712,45394.955658520004,295385.20513606,203885.54694907,639115.26139233,444114.16168176004,878963.3782332601,708045.1827325801
2026-10-08T07:54:00.750371+00:00,obs-20261007-01,LIGHT,BNBUSDT,1.0,769.66,769.67,769.665,0.12992750045404122,20912866695,769.66,769.67,346,74,2067817.844470001,2020101.2483499995,2080127.4810599994,2017478.9605599993,8309.13614,1928.8637199999998,731332.1695099996,885905.8478699997,1478804.2601600003,1732000.8173400005,3134330.560279996,3698925.627820001,5836351.092170005,5269891.268439996
2026-10-08T07:54:00.750371+00:00,obs-20261007-01,LIGHT,AAVEUSDT,1.0,172.54,172.55,172.54500000000002,0.5795757505522303,10441460444,172.54,172.55,203,17,355466.0095900001,98608.71206000002,359958.0024499999,101716.19780000001,509.31057999999996,1937.1633699999998,115871.97866999997,79941.72367000004,210033.82419999994,125759.33466000004,273320.1904699998,170977.33255999998,774384.8473699999,228362.43334999998
2026-10-08T07:54:00.750371+00:00,obs-20261007-01,LIGHT,AVAXUSDT,1.0,10.86,10.861,10.8605,0.9208103130764478,10523098750,10.86,10.861,306,43,1172606.9460500001,528186.6665400001,1096304.7048999998,424857.6467600001,2753.8186699999997,6351.902979999999,156555.13300000003,151078.17023000002,366897.19245000015,303708.1933,510932.86052999995,421885.54131999996,592253.5750000003,436480.3072900002
2026-10-08T07:54:00.750371+00:00,obs-20261007-01,LIGHT,FILUSDT,1.0,1.0568,1.057,1.0569,1.8925056775165316,9897120193,1.0568,1.057,230,14,156004.96253600004,120342.46086600004,167594.03455799998,115377.88386900006,720.6389569999999,554.62995,107576.944497,60475.12694900001,197385.18429900002,138998.322514,267130.0484390001,184132.62405299995,307563.7319110001,224617.61820599993
2026-10-08T07:54:00.750371+00:00,obs-20261007-01,LIGHT,ALGOUSDT,1.0,0.1261,0.1262,0.12614999999999998,7.930214115783318,5664992822,0.1261,0.1262,304,57,655703.1439999996,322802.22740000003,625788.5386999999,345140.3037,12396.317699999998,23019.725100000003,17324.4283,12280.459200000001,37351.48329999999,53486.680100000005,135541.583,83329.06730000001,190610.30519999994,104434.08320000002
2026-10-08T07:54:00.750371+00:00,obs-20261007-01,LIGHT,XRPUSDT,1.0,1.4082,1.4083,1.40825,0.7101264025011211,26681087105,1.4082,1.4083,343,54,1908826.5198199996,1426295.7935999997,1900370.4594499993,1478230.4119799999,31569.120160000006,67733.91732000001,879242.8003499999,808029.3611300001,1125589.9497699996,1292634.18797,2188475.6620799997,2161072.4028400006,2735240.4598900005,2396473.275500001
2026-10-08T07:54:00.750371+00:00,obs-20261007-01,LIGHT,HBARUSDT,1.0,0.09341,0.09342,0.093415,1.070549191735104,8394471674,0.09341,0.09342,300,39,1564999.89386,476448.2742200002,1476712.8562200002,477590.52559000027,1345.2657900000002,4616.028509999999,236484.43057,145329.65264,347711.2638200001,243260.51955,522034.80680000025,386687.70994000003,865461.9513000003,741470.70645
2026-10-08T07:55:00.752042+00:00,obs-20261007-01,LIGHT,PEPEUSDT,1.0,4.03e-06,4.04e-06,4.035e-06,24.81389578163684,8828362503,4.03e-06,4.04e-06,137,17,495443.8241214499,43224.820158439994,498764.98289087997,123266.23233143004,28.557591530000003,1263.27199552,138605.12009344003,10217.93998664,294894.51405136,181464.33276794,635794.1026229,364072.74950877,875522.39433605,734905.8726249401
2026-10-08T07:55:00.752042+00:00,obs-20261007-01,LIGHT,BNBUSDT,1.0,769.29,769.3,769.295,0.12998999077140638,20912872368,769.29,769.3,387,166,5118756.550299998,4336946.56204,5128843.742589997,4332928.064339998,25335.107840000004,2632.3758500000004,816377.6900299998,861746.0970899999,1469516.261910001,1718928.7837799997,3330493.2564599975,3521064.3615399986,5892842.069620004,5204083.2030599965
2026-10-08T07:55:00.752042+00:00,obs-20261007-01,LIGHT,AAVEUSDT,1.0,172.44,172.45,172.445,0.5799118533977854,10441462247,172.44,172.45,234,34,475968.52337999974,212139.13401999994,478922.76306999987,211335.48275,3014.25014,1059.01902,99230.01077999998,90805.78080000001,209598.49943999999,126442.09873,273255.08648999996,165195.49995,791117.7836700001,225814.02614999996
2026-10-08T07:55:00.752042+00:00,obs-20261007-01,LIGHT,AVAXUSDT,1.0,10.854,10.855,10.8545,0.9213193292811894,10523102473,10.854,10.855,362,46,910709.2351900005,1042398.4070400002,923692.8650899999,1046939.7151300001,36859.43832000001,13253.950179999998,145786.16485,153587.00930999996,330836.40237,310769.35532000003,503684.21343999996,416113.55811999994,584226.3812900003,432670.35286000016
2026-10-08T07:55:00.752042+00:00,obs-20261007-01,LIGHT,FILUSDT,1.0,1.0567,1.0569,1.0568,1.8926847733502505,9897122282,1.0567,1.0569,279,26,229501.42385899994,115756.060347,232042.5217520001,114197.38195199994,1263.9714709999998,2101.656061,106064.02039899997,74764.22719800001,194708.416373,150399.37597399994,264617.95398200006,185686.24297199992,305229.7745790001,225934.63428099992
2026-10-08T07:55:00.752042+00:00,obs-20261007-01,LIGHT,ALGOUSDT,1.0,0.1262,0.1263,0.12625,7.923930269413404,5664994438,0.1262,0.1263,228,12,427814.31539999985,157365.80930000002,392585.09870000003,158822.37080000006,5590.4516,2485.2888000000003,28311.1184,16501.8257,54752.248,58625.588299999996,152129.082,88654.74079999999,208142.36670000004,100537.29909999999
2026-10-08T07:55:00.752042+00:00,obs-20261007-01,LIGHT,XRPUSDT,1.0,1.4078,1.4079,1.4078499999999998,0.7103281716158705,26681090697,1.4078,1.4079,430,136,1790608.328559999,1743773.7129599997,1759657.6671599995,1850203.2965799996,32254.707469999987,66877.6694299999,944792.23899,1062311.41559,1279667.2300499994,1202531.4874599997,2222642.27739,2053450.7708399994,3049832.8738000016,2275424.6174200005
2026-10-08T07:55:00.752042+00:00,obs-20261007-01,LIGHT,HBARUSDT,1.0,0.09345,0.09346,0.09345500000000001,1.0700909577310291,8394474739,0.09345,0.09346,336,129,1224935.0735200006,504621.9512900001,1279418.1500900006,519970.2367799999,129504.48008000002,5627.44969,144785.26612000001,126824.49833,288848.80986,226992.53066999995,467055.0079500002,371921.28899000003,812169.2927899999,726964.0861500002
2026-10-08T07:56:00.752081+00:00,obs-20261007-01,LIGHT,PEPEUSDT,1.0,4.04e-06,4.05e-06,4.045e-06,24.752475247524774,8828363334,4.04e-06,4.05e-06,242,16,353310.5064583799,216275.7825660701,222663.6721134798,218682.29915328004,444.11785656000006,10348.434798900002,77478.38297876001,136780.39220535,271240.28759907006,230506.29031609002,578155.8626358,426798.05063452,891110.2231351,763183.6376746
2026-10-08T07:56:00.752081+00:00,obs-20261007-01,LIGHT,BNBUSDT,1.0,769.16,769.17,769.165,0.13001196110140611,20912875312,769.16,769.17,391,97,2067959.2652200013,2947684.519400001,2237529.4038299997,2978333.735200001,20503.892669999997,13535.368340000005,847904.2880700002,842720.2296900001,1491278.443920001,1693311.0198600001,3166453.300459998,3489469.6142100003,5924355.765090004,5171706.114979998
2026-10-08T07:56:00.752081+00:00,obs-20261007-01,LIGHT,AAVEUSDT,1.0,172.55,172.56,172.555,0.5795421616916485,10441463678,172.55,172.56,245,14,318311.20205000014,147874.46641999992,309731.48098000005,158120.89054000008,361.37361,880.2915400000002,97623.28970999998,79279.53826,198680.37819999998,120095.92345999999,275611.77115999995,161601.51601999998,784060.0566100001,268740.58481
2026-10-08T07:56:00.752081+00:00,obs-20261007-01,LIGHT,AVAXUSDT,1.0,10.86,10.861,10.8605,0.9208103130764478,10523106302,10.86,10.861,369,50,864424.3048800004,1228330.1211700004,814952.8937500004,1235642.7635000006,245.62480999999997,10457.321180000004,165146.00498999996,168666.16522,356258.01361,311651.0248,547420.6417599999,410031.59089999995,628576.3047199999,425635.77377000026
2026-10-08T07:56:00.752081+00:00,obs-20261007-01,LIGHT,FILUSDT,1.0,1.0566,1.0567,1.0566499999999999,0.9464319515428699,9897124283,1.0566,1.0567,280,21,223686.547936,129362.02113699995,229332.37659399997,123900.68711299988,1319.638519,1236.798963,118623.222974,68692.66555199999,193147.76657900002,152828.83496399995,262939.8230530001,191147.5769959999,303157.26791,229402.5256579999
2026-10-08T07:56:00.752081+00:00,obs-20261007-01,LIGHT,ALGOUSDT,1.0,0.1258,0.1259,0.12585000000000002,7.949125596184992,5664997524,0.1258,0.1259,324,35,558785.2825999999,293026.81599999976,578169.6678,275858.6715,21751.4962,9789.814900000001,27761.2321,9990.0618,63403.835399999996,30837.9821,149573.615,78385.0891,197651.46910000002,108749.34219999998
2026-10-08T07:56:00.752081+00:00,obs-20261007-01,LIGHT,XRPUSDT,1.0,1.4086,1.4087,1.4086500000000002,0.7099247479769311,26681095156,1.4086,1.4087,412,61,3187352.517539999,3159925.9105499997,2841224.02798,3331846.47049,27363.30449999999,105878.02518000003,1081668.4696300002,743856.9900999999,1496731.1464599997,1192702.69801,2565078.22236,1898657.5097599998,3111145.1331600007,2121072.0132699995
2026-10-08T07:56:00.752081+00:00,obs-20261007-01,LIGHT,HBARUSDT,1.0,0.09345,0.09346,0.09345500000000001,1.0700909577310291,8394477920,0.09345,0.09346,359,32,880588.0386699993,1247597.88364,902104.6081499995,1238609.1130399993,4063.232819999999,3644.37147,136910.46921,139961.77425000002,268563.22202000004,233842.22593000002,445538.43847,380910.05958999996,791310.3209399999,735958.3760300002
2026-10-08T07:57:00.752762+00:00,obs-20261007-01,LIGHT,PEPEUSDT,1.0,4.04e-06,4.05e-06,4.045e-06,24.752475247524774,8828363550,4.04e-06,4.05e-06,144,15,79055.02179801,99438.73484888999,82496.94712557,92237.95273891,348.57241604,896.11099875,72791.60899192,136634.66736525,261293.76256191003,237707.06835607,574713.93730824,433998.8327445,887582.44443525,770680.30413855
2026-10-08T07:57:00.752762+00:00,obs-20261007-01,LIGHT,BNBUSDT,1.0,769.23,769.24,769.235,0.1300001300008624,20912877541,769.23,769.24,364,75,433525.75887,809381.03872,402334.3160500001,810004.58757,3036.8316699999996,6297.389070000001,858532.9745,843244.87613,1505425.859700001,1699217.5571500002,3192433.666879997,3489399.99985,5952003.304200002,5167771.986159999
2026-10-08T07:57:00.752762+00:00,obs-20261007-01,LIGHT,AAVEUSDT,1.0,172.57,172.58,172.575,0.579474995654472,10441464831,172.57,172.58,188,10,427558.48855000024,97466.24485999995,427686.96872999996,98505.90256999996,800.8157299999999,1047.3537500000002,91925.24503999997,73034.28986,197776.0044599999,122133.53773,275475.77401999984,160561.85830999998,781442.4751399999,267774.32327
2026-10-08T07:57:00.752762+00:00,obs-20261007-01,LIGHT,AVAXUSDT,1.0,10.856,10.857,10.8565,0.921149594692583,10523110562,10.856,10.857,338,95,779411.6798300002,1402555.48389,791435.8729300001,1383055.8946100003,31790.28619999999,39083.517309999996,144707.95952,173042.47927999997,371555.36392999993,329624.95865,541111.9793999998,429057.20125000004,621464.6342799998,443844.90477000026
2026-10-08T07:57:00.752762+00:00,obs-20261007-01,LIGHT,FILUSDT,1.0,1.0569,1.0571,1.057,1.8923266155734808,9897125994,1.0569,1.0571,252,24,153588.00154399994,127686.052195,150690.75070099992,132131.84344400006,893.122146,2221.294595,103267.74274399997,79895.64358599999,195738.58073799996,151998.79284199994,262328.59594300005,186714.34974799992,301568.35479400016,227287.61936399993
2026-10-08T07:57:00.752762+00:00,obs-20261007-01,LIGHT,ALGOUSDT,1.0,0.1262,0.1263,0.12625,7.923930269413404,5665000063,0.1262,0.1263,283,61,579160.9075999998,249302.40910000002,550269.0035000001,250035.20509999988,9503.392199999998,12949.853399999995,21145.3549,14351.088600000001,43854.4779,54221.662800000006,145305.3173,90355.15920000001,197283.2944,110742.44290000001
2026-10-08T07:57:00.752762+00:00,obs-20261007-01,LIGHT,XRPUSDT,1.0,1.409,1.4091,1.4090500000000001,0.7097232079478211,26681097032,1.409,1.4091,354,30,1411163.6669899998,1234302.7224700002,1463848.01446,1098793.3355700003,10566.86178,46623.474039999994,1104679.9104600002,891236.82012,1406450.1012399995,1170255.1205999998,2506916.0188599997,2035229.2226499992,3026811.67165,2257044.55087
2026-10-08T07:57:00.752762+00:00,obs-20261007-01,LIGHT,HBARUSDT,1.0,0.09346,0.09347,0.09346499999999999,1.069976460517097,8394479972,0.09346,0.09347,281,20,424139.5376800002,312152.14490000013,399812.7917099999,310807.75543,1507.53084,3607.95223,145144.04760999998,140686.53166,274694.07093999995,235314.22526000004,469865.1844399999,382254.44906,815620.0660299998,737330.4112000002
2026-10-08T07:58:00.761322+00:00,obs-20261007-01,LIGHT,PEPEUSDT,1.0,4.04e-06,4.05e-06,4.045e-06,24.752475247524774,8828363750,4.04e-06,4.05e-06,132,14,28973.266064510008,275778.56605645013,16574.556395179996,264428.86427639,342.60247168,1033.4761488000001,86587.12394488,148056.00344235002,279924.696675,249128.40443317,587112.6469775699,445348.53452456,899983.9466885799,782173.74535714
2026-10-08T07:58:00.761322+00:00,obs-20261007-01,LIGHT,BNBUSDT,1.0,769.36,769.37,769.365,0.12997816366766557,20912879662,769.36,769.37,365,89,913073.6766000006,827189.3014900002,899905.7156800006,808368.4076599998,2019.5606400000001,1891.08187,828081.4789300001,836451.0224100002,1503004.048860001,1720125.8084800001,3205136.2867699983,3680336.5335599985,5949852.997270005,5191491.066349995
2026-10-08T07:58:00.761322+00:00,obs-20261007-01,LIGHT,AAVEUSDT,1.0,172.44,172.45,172.445,0.5799118533977854,10441465764,172.44,172.45,166,8,331601.70720000006,95281.11696,355479.6872100001,77960.10103,133.68177,0.0,87730.00775999998,89776.43994999999,201396.67244999993,127449.64437999997,255863.3565199999,171230.43405,766518.4027800002,232881.27888
2026-10-08T07:58:00.761322+00:00,obs-20261007-01,LIGHT,AVAXUSDT,1.0,10.843,10.844,10.843499999999999,0.922253988748789,10523112731,10.843,10.844,265,27,513099.2198899999,808580.3394300002,590751.2715800001,781861.1417899996,4784.830739999999,1735.96148,148518.87199,174801.17889999997,338334.07227000006,331142.45238999993,463723.72348000004,454389.30627,544741.0474100003,469622.5699000002
2026-10-08T07:58:00.761322+00:00,obs-20261007-01,LIGHT,FILUSDT,1.0,1.0563,1.0564,1.0563500000000001,0.9467007478924927,9897127447,1.0562,1.0564,259,22,93437.75613099999,87075.61995900003,110568.88380599998,74945.66732,1226.629656,981.1771699999999,126190.195409,72497.93607400001,182688.25126799996,147747.10489799996,248910.959614,198176.0108249999,289227.87276,227902.3117019999
2026-10-08T07:58:00.761322+00:00,obs-20261007-01,LIGHT,ALGOUSDT,1.0,0.1259,0.1261,0.126,15.885623510720759,5665001820,0.1259,0.126,300,26,533311.4500999998,138784.61870000005,557341.9233999997,136247.81060000008,3521.5510000000004,16595.6986,28550.6711,10628.6177,56499.2244,45857.000400000004,124808.8544,86450.6691,175290.42639999997,111589.97479999998
2026-10-08T07:58:00.761322+00:00,obs-20261007-01,LIGHT,XRPUSDT,1.0,1.409,1.4091,1.4090500000000001,0.7097232079478211,26681099026,1.409,1.4091,353,43,887082.3985799997,1111578.0331900003,1016205.9847399996,962998.4094200011,35451.31989,49330.76269999999,962129.7851399998,1017957.5369899997,1281103.0792999994,1314473.6916199997,2377792.4327000002,2183297.7389700003,2772035.76452,2405618.1963600004
2026-10-08T07:58:00.761322+00:00,obs-20261007-01,LIGHT,HBARUSDT,1.0,0.09339,0.0934,0.093395,1.0707784559360611,8394480874,0.09339,0.0934,195,10,275752.58927999996,234607.01453000007,317874.57295999996,216380.37141000002,1669.6678500000003,22.14927,150048.65817999997,134248.04781999998,270856.7764699999,249550.78618999996,428249.26553999993,399894.22761999996,773575.7071399998,755550.14911
2026-10-08T07:59:00.769928+00:00,obs-20261007-01,LIGHT,PEPEUSDT,1.0,4.04e-06,4.05e-06,4.045e-06,24.752475247524774,8828364059,4.04e-06,4.05e-06,175,16,112448.18640802002,10703.594159370003,141216.96147433997,45641.652688339986,2061.4713272000004,2276.43863265,65053.910039200004,134444.2415877,244996.61772576004,236037.35019700002,558343.87191125,410410.47599559004,877214.65526855,657904.56228148
2026-10-08T07:59:00.769928+00:00,obs-20261007-01,LIGHT,BNBUSDT,1.0,769.16,769.17,769.165,0.13001196110140611,20912883360,769.16,769.17,407,129,1080941.0618399992,1525262.5134100008,1216422.5689499995,1542373.5870100008,19448.35367,5523.74823,825779.1293799999,929671.6113900001,1444511.3435400017,1736394.9152200017,3075369.2786599994,3490555.8855900005,5845126.776660003,5162603.261259998
2026-10-08T07:59:00.769928+00:00,obs-20261007-01,LIGHT,AAVEUSDT,1.0,172.37,172.38,172.375,0.5801473574273963,10441467255,172.37,172.38,196,23,333736.0080000002,158846.27322999996,329553.52288999996,156235.32648000008,1219.6250699999996,1135.17031,110375.11828,95681.69221999998,207797.60121000002,130646.86731999998,260115.30679000006,172217.35202000002,776476.5231100003,230548.33575
2026-10-08T07:59:00.769928+00:00,obs-20261007-01,LIGHT,AVAXUSDT,1.0,10.843,10.844,10.843499999999999,0.922253988748789,10523115937,10.843,10.844,321,63,583256.21661,1324387.7525999993,540911.3501200002,1312308.82612,7882.353900000001,18851.46008,181365.65264999997,167584.27663999997,372997.65471000003,349320.22215,506068.5899700001,466468.23274999997,587418.5995800003,482515.80255000025
2026-10-08T07:59:00.769928+00:00,obs-20261007-01,LIGHT,FILUSDT,1.0,1.056,1.0562,1.0561,1.8939393939398919,9897128669,1.056,1.0562,269,17,121261.30449099996,121066.53861900007,123110.03926100001,114885.93974999998,11678.199895000003,626.818695,122808.887524,77024.676535,188761.361758,148231.89592700003,247184.75054700006,200668.72557300003,288621.068082,236261.49014200002
2026-10-08T07:59:00.769928+00:00,obs-20261007-01,LIGHT,ALGOUSDT,1.0,0.1259,0.126,0.12595,7.94281175536149,5665003624,0.1259,0.126,237,18,355808.4171000001,144015.16809999995,336671.3899999999,137650.43140000006,6276.744500000001,2549.6228,24352.7369,10388.5033,83118.5168,30595.5765,148465.29940000002,88385.53860000001,195781.91920000003,110687.9325
2026-10-08T07:59:00.769928+00:00,obs-20261007-01,LIGHT,XRPUSDT,1.0,1.4085,1.4086,1.40855,0.7099751508699015,26681101130,1.4085,1.4086,356,45,1146867.8197100007,861947.5231199994,1186237.6612,821999.1383999997,19656.087880000003,9100.63888,867005.17387,966286.8427399998,1327892.1971500001,1374802.0101599998,2344101.53414,2222531.54099,2765237.29824,2440483.9321900005
2026-10-08T07:59:00.769928+00:00,obs-20261007-01,LIGHT,HBARUSDT,1.0,0.09338,0.09339,0.093385,1.070893124865968,8394482371,0.09338,0.09339,258,19,274054.66143000015,475506.2279600004,265879.8634800001,484056.7327800005,880.24173,5883.143789999999,164030.80917000002,135555.5979,279494.69009999995,240949.90990999996,436424.0634899999,390849.4859999999,780958.6545399999,746163.7917899999
2026-10-08T08:00:00.776352+00:00,obs-20261007-01,LIGHT,PEPEUSDT,1.0,4.04e-06,4.05e-06,4.045e-06,24.752475247524774,8828364376,4.04e-06,4.05e-06,161,12,103296.72637717998,70238.33446916,114984.56851793,63151.08690749002,972.1651010400001,908.3342956500001,65497.891757800004,129503.2397571,245648.14732984002,243380.43199612002,546656.0297705,417497.72355726006,857685.52957141,663608.1888116599
2026-10-08T08:00:00.776352+00:00,obs-20261007-01,LIGHT,BNBUSDT,1.0,768.96,768.97,768.965,0.1300457761121976,20912885543,768.96,768.97,360,146,889163.7102000002,2384902.430750001,1078702.43303,2478629.806000001,18562.78153,64119.61150000002,749225.15478,843324.4812100001,1444233.1063200007,1524161.1121100003,2890122.239989998,3394606.03599,5660574.476710002,5059215.887049999
2026-10-08T08:00:00.776352+00:00,obs-20261007-01,LIGHT,AAVEUSDT,1.0,172.32,172.33,172.325,0.5803156917383312,10441468193,172.32,172.33,212,6,356428.73783999984,85695.95504,364662.1824899999,92352.59352,160.44711,6.54854,132871.14634000004,91129.36823000001,207825.36236,126640.02922999999,252561.1404600001,165506.75096000003,759710.8779800003,221923.02102000001
2026-10-08T08:00:00.776352+00:00,obs-20261007-01,LIGHT,AVAXUSDT,1.0,10.835,10.836,10.8355,0.9229349330874825,10523117987,10.835,10.836,297,19,420063.0754400003,895597.0577100002,435784.49227000005,949541.01523,473.9369,485.5318,187966.64012,131161.69459,364116.36999000004,282126.78404999996,492345.9605100001,412406.46347,570472.0090300001,428029.9866100004
2026-10-08T08:00:00.776352+00:00,obs-20261007-01,LIGHT,FILUSDT,1.0,1.0563,1.0564,1.0563500000000001,0.9467007478924927,9897130107,1.0562,1.0564,227,9,94474.85250699999,92201.74271899999,103166.306988,105394.122258,706.1558850000001,5405.4411390000005,115597.566851,78072.75404300001,171790.838589,144444.51990100002,238370.77036300002,191164.23015500003,277767.263925,223155.66392300001
2026-10-08T08:00:00.776352+00:00,obs-20261007-01,LIGHT,ALGOUSDT,1.0,0.1252,0.1253,0.12525,7.987220447283061,5665005861,0.1252,0.1253,313,20,299788.3197999999,204506.01829999988,342374.3335,196977.71280000012,7314.2505,4958.9115,48400.730599999995,9005.890200000002,86467.8011,23016.2094,135435.75280000002,54633.4646,174039.90319999997,81590.99219999996
2026-10-08T08:00:00.776352+00:00,obs-20261007-01,LIGHT,XRPUSDT,1.0,1.4076,1.4077,1.4076499999999998,0.7104290991755136,26681103596,1.4076,1.4077,330,85,1478620.925939999,1567486.9398899998,1795327.6016500005,1721146.8886900002,60395.55797000003,5303.384099999999,747543.1370200001,1001746.4514300002,1093471.6103400004,1199038.0953900001,2031007.14744,2065813.5680300002,2844430.280799999,2379043.2445100006
2026-10-08T08:00:00.776352+00:00,obs-20261007-01,LIGHT,HBARUSDT,1.0,0.09337,0.09338,0.093375,1.0710078183584493,8394483509,0.09337,0.09338,211,19,167862.4074299999,93241.86666,167660.15186999989,91264.60219000003,1479.8797399999999,4539.81318,166454.31331,141875.70715,279490.75633999996,240897.66813,437612.48319999996,392826.75046999997,780407.3020599998,748141.05626
2026-10-08T08:01:00.784998+00:00,obs-20261007-01,LIGHT,PEPEUSDT,1.0,4.03e-06,4.04e-06,4.035e-06,24.81389578163684,8828365137,4.03e-06,4.04e-06,225,41,348167.01420532,208573.68121497004,450447.02069566003,96770.62070882002,44209.28069008001,1194.30080254,94107.68193554001,101423.40615212,269133.95107795997,256752.38864327,602379.9779961599,441946.56157957,850655.04082633,777210.8172072599
2026-10-08T08:01:00.784998+00:00,obs-20261007-01,LIGHT,BNBUSDT,1.0,768.48,768.49,768.485,0.13012700395664822,20912890481,768.37,768.38,457,209,4221146.185430001,4704977.816040001,4210898.865390002,4367023.509599999,18423.328319999997,3902.2437299999997,869904.0959600003,804027.0328700003,1456499.6522599992,1661391.5690100004,3219989.685059999,3450352.663409998,5906347.186760008,5407515.274749997
2026-10-08T08:01:00.784998+00:00,obs-20261007-01,LIGHT,AAVEUSDT,1.0,172.09,172.1,172.095,0.58109128943995,10441471130,172.09,172.1,327,34,828875.1462800002,278751.19993999985,842849.5388799998,268814.2836399999,1211.6041799999998,878.6316299999999,129096.50677999994,80982.82909999999,196181.85638999983,124877.18186999997,255724.20767999996,174186.01278000005,776011.50429,232019.80391000002
2026-10-08T08:01:00.784998+00:00,obs-20261007-01,LIGHT,AVAXUSDT,1.0,10.824,10.825,10.8245,0.923872875091547,10523123936,10.823,10.824,442,100,983221.2027000005,2126932.4025400006,1013154.9896700005,2064692.2113000005,18232.43935,14350.296559999999,158552.85462999996,161800.03235,324865.45675000007,340470.27955,491842.32583000005,474175.0302800002,556092.4996599999,488431.78854000027
2026-10-08T08:01:00.784998+00:00,obs-20261007-01,LIGHT,FILUSDT,1.0,1.0545,1.0546,1.0545499999999999,0.9483167377899449,9897133286,1.0544,1.0545,356,34,377848.32463200024,231060.13056200006,381629.600734,211467.25351500005,2480.9482430000007,155.655657,95748.988155,82465.091967,174426.68372200002,142650.98717200002,242556.654995,199298.79117600003,283951.5293529999,237915.478741
2026-10-08T08:01:00.784998+00:00,obs-20261007-01,LIGHT,ALGOUSDT,1.0,0.1248,0.1249,0.12484999999999999,8.012820512821595,5665008328,0.1248,0.1249,334,49,410584.5987,270112.78859999997,437952.3269999998,246220.12900000004,14309.937300000001,9488.400000000001,36497.749599999996,8685.5063,69974.6259,28517.5279,123933.444,73831.7661,161847.22530000002,102822.8297
2026-10-08T08:01:00.784998+00:00,obs-20261007-01,LIGHT,XRPUSDT,1.0,1.4065,1.4066,1.4065500000000002,0.7109847138275782,26681109840,1.4064,1.4065,479,110,4015863.972489998,4404385.674709999,4005764.20034,4363694.973930001,61648.94099000002,49410.99399999999,801140.7055800001,894826.4351199998,1181158.59158,1236297.42338,2051250.5504699985,2081741.7566,2783590.5933499984,2315593.355990001
2026-10-08T08:01:00.784998+00:00,obs-20261007-01,LIGHT,HBARUSDT,1.0,0.09328,0.09329,0.093285,1.0720411663811547,8394485980,0.09328,0.09329,350,40,600820.92372,729240.77004,674045.67276,730084.4601500003,5406.15063,10608.961989999998,132171.22904,122529.21192999998,226100.15153000003,233234.25006999992,374895.77217,383661.94354,709622.3524499999,746459.4404600001
2026-10-08T08:02:00.785081+00:00,obs-20261007-01,LIGHT,PEPEUSDT,1.0,4.04e-06,4.05e-06,4.045e-06,24.752475247524774,8828365927,4.03e-06,4.04e-06,246,36,480355.5163696801,341220.61315272003,382851.6431234001,393041.3386334201,5407.66709436,50379.8975508,10974.60939496,132962.18511015,196639.60650554,262035.27233379,518311.38350644,454346.01173295,854894.7111256398,789750.58057748
2026-10-08T08:02:00.785081+00:00,obs-20261007-01,LIGHT,BNBUSDT,1.0,768.72,768.73,768.725,0.13008637735456574,20912898355,768.72,768.73,472,209,6257075.342650004,5706400.143070004,6476221.269339998,6555172.51627,26759.205189999993,49717.430109999994,762255.30357,661801.3769400002,1464329.3175600003,1439394.0800800005,2978680.00676,2802020.124700002,5380510.028590003,4129372.176100006
2026-10-08T08:02:00.785081+00:00,obs-20261007-01,LIGHT,AAVEUSDT,1.0,172.2,172.21,172.20499999999998,0.5807200929153211,10441475489,172.19,172.2,396,95,1048666.0678100006,425663.4298199999,1061962.49628,427443.78362999996,8466.62065,16791.10197,83642.34358000002,71917.12481000001,171570.90279000008,113337.86026000003,235576.32050000015,168177.77821000008,749222.0837200001,233914.54907000004
2026-10-08T08:02:00.785081+00:00,obs-20261007-01,LIGHT,AVAXUSDT,1.0,10.839,10.84,10.839500000000001,0.9225943352708654,10523131391,10.839,10.84,459,147,1399423.231869999,2420672.41164,1328819.7116999996,2480046.948490001,19747.226620000012,50185.958279999984,90531.25841,116706.69693000002,287813.69840999995,271988.93003000005,531089.4696199999,414912.4038,615345.53292,435024.6043100002
2026-10-08T08:02:00.785081+00:00,obs-20261007-01,LIGHT,FILUSDT,1.0,1.0565,1.0566,1.05655,0.9465215333648302,9897139306,1.0565,1.0566,457,107,672251.7596730001,601669.6212209999,614810.4355399996,636848.9934880005,2942.326174,14940.631938999999,116554.65257300001,60063.682185,205220.283678,116005.47549299996,288181.6538430002,181537.28708399995,335166.81403300026,218973.18013899986
2026-10-08T08:02:00.785081+00:00,obs-20261007-01,LIGHT,ALGOUSDT,1.0,0.1246,0.1247,0.12465000000000001,8.02568218298605,5665011473,0.1246,0.1247,407,97,535283.9979000001,252373.19409999994,523324.2979,247931.48499999993,12792.5949,11895.9139,30088.538399999998,9236.101299999998,84039.6238,26206.879199999996,133147.4884,57908.234899999996,175988.07319999998,102721.03010000002
2026-10-08T08:02:00.785081+00:00,obs-20261007-01,LIGHT,XRPUSDT,1.0,1.408,1.4081,1.4080499999999998,0.7102272727266268,26681118611,1.4079,1.408,514,190,6532003.828200002,5513657.666100002,6350207.9846800035,5402714.327220005,41082.160219999976,371149.66825,823381.32144,923896.1707900004,1428083.0988800002,1229829.3103800004,2218626.03051,2234122.6578300004,2942427.5193100013,2455897.7540900013
2026-10-08T08:02:00.785081+00:00,obs-20261007-01,LIGHT,HBARUSDT,1.0,0.09332,0.09333,0.09332499999999999,1.0715816545214807,8394490000,0.0933,0.09331,353,71,991733.4149099997,992985.0763900003,859821.0788299997,1018987.1635999996,11182.95714,29673.3741,132630.07089000003,110842.61199,247429.26848000003,211825.58989,387378.4411100001,358689.9044400001,732401.51387,739644.1737600002
2026-10-08T08:03:00.788734+00:00,obs-20261007-01,LIGHT,PEPEUSDT,1.0,4.03e-06,4.04e-06,4.035e-06,24.81389578163684,8828366429,4.03e-06,4.04e-06,188,18,394919.36029118,504549.87743840006,447761.4509082702,394461.34173453,6492.01520058,1169.64596512,92936.59503908001,128896.53104972001,287959.26121987996,275683.72495682,618113.84404135,482339.57264474,882571.8557389699,812027.1981345798
2026-10-08T08:03:00.788734+00:00,obs-20261007-01,LIGHT,BNBUSDT,1.0,768.18,768.19,768.185,0.13017782290791757,20912905679,768.18,768.19,503,198,5604189.123050005,7528874.260289997,5573147.870900004,6788920.296520003,15279.12253,18973.80417,809013.5535300003,845723.1988700002,1499035.4904200002,1559443.0392300002,3228218.670240001,3247789.513139999,6065121.974500009,5141360.415980001
2026-10-08T08:03:00.788734+00:00,obs-20261007-01,LIGHT,AAVEUSDT,1.0,172.12,172.13,172.125,0.5809900069708718,10441478473,172.12,172.13,324,64,646460.9631400004,265531.10091,609605.3772100001,265054.0650199998,8652.16554,3022.5619099999994,129083.92264999998,77126.47974,212244.00964000003,117244.10798,280636.78697000013,168583.52448000008,797090.1658700001,228309.96671000004
2026-10-08T08:03:00.788734+00:00,obs-20261007-01,LIGHT,AVAXUSDT,1.0,10.821,10.822,10.8215,0.9241290084083253,10523137575,10.821,10.822,461,71,1572384.7732999995,2505946.2424000013,1616743.4940900006,2488023.6575400005,1306.50139,8532.604610000002,139929.82650000002,131808.85309,323570.5287299999,313303.56071999995,520186.06915999996,425779.43750999996,582575.8556099997,441277.66035000014
2026-10-08T08:03:00.788734+00:00,obs-20261007-01,LIGHT,FILUSDT,1.0,1.0542,1.0544,1.0543,1.8971732119132945,9897143662,1.0541,1.0543,433,100,543214.9285120004,343996.595047,594415.9020950003,326136.6265590001,4741.951757000002,2438.901584,122707.93885299997,73076.269865,194533.701847,142627.79545099998,254724.734046,190114.54657900013,292467.22656999994,228553.63044400013
2026-10-08T08:03:00.788734+00:00,obs-20261007-01,LIGHT,ALGOUSDT,1.0,0.1242,0.1243,0.12425,8.051529790660261,5665014038,0.1242,0.1243,359,62,353638.8395,233605.97489999988,357710.52139999997,177324.42439999996,2483.8276000000005,5636.472,44611.6019,9675.021,111025.4296,25821.025999999998,141484.64169999998,72588.0955,188485.46449999997,107158.243
2026-10-08T08:03:00.788734+00:00,obs-20261007-01,LIGHT,XRPUSDT,1.0,1.4067,1.4068,1.4067500000000002,0.7108836283498121,26681124671,1.4067,1.4068,478,98,5137356.088689995,4315660.697739998,4979069.260829999,4359167.333389999,28510.72441,16054.496749999998,947136.03335,878111.45374,1553614.5341000007,1191807.2040699995,2391604.68618,2154162.0270599984,3097055.3545700014,2385657.8406399996
2026-10-08T08:03:00.788734+00:00,obs-20261007-01,LIGHT,HBARUSDT,1.0,0.09327,0.09328,0.093275,1.0721561059279239,8394494718,0.09327,0.09328,421,65,773346.5444000005,1016914.0824800002,726439.59342,1018212.7462499997,6370.68127,8616.199430000002,145205.65355,130315.58759999998,298083.24763999996,211134.72955,444752.67244,349805.51077,779451.2996599998,736328.3313400001
2026-10-08T08:04:00.789657+00:00,obs-20261007-01,LIGHT,PEPEUSDT,1.0,4.03e-06,4.04e-06,4.035e-06,24.81389578163684,8828367469,4.03e-06,4.04e-06,202,40,287521.2594401,388852.39964513,270470.04056212003,344250.4779542497,8688.554987350002,17285.066573000004,95175.94693646001,121889.36057624001,270101.56963429996,287895.69283634,612732.93096733,506952.4380597,905123.01709361,822314.37956861
2026-10-08T08:04:00.789657+00:00,obs-20261007-01,LIGHT,BNBUSDT,1.0,768.19,768.2,768.195,0.13017612830124037,20912911840,768.19,768.2,430,161,4226430.069620001,4883569.850100004,4258466.2288999995,4842904.559730003,14609.55787,6854.192680000002,772307.8523900001,889574.8642800001,1462335.9774200001,1642526.8229000007,3196130.796279999,3482454.8035099995,6041452.24872001,5179882.399160001
2026-10-08T08:04:00.789657+00:00,obs-20261007-01,LIGHT,AAVEUSDT,1.0,172.13,172.14,172.135,0.5809562539926816,10441482116,172.13,172.14,337,47,781370.1155,358987.2130800001,807525.7218699999,370519.71336999995,388.84637,6834.507280000001,100797.43076999999,65404.894080000005,187206.05878999998,103951.89496000002,254326.73478000006,157051.02419000003,769929.1345399999,217824.5998
2026-10-08T08:04:00.789657+00:00,obs-20261007-01,LIGHT,AVAXUSDT,1.0,10.831,10.832,10.8315,0.9232757824784166,10523145016,10.831,10.832,470,121,1510333.45947,3244648.9451400023,1486125.8668899997,3181124.084170001,13085.42619,17064.974440000005,183246.90589,159218.7818,382366.58028,346262.88272999995,541127.76241,490475.00805999996,594506.7881599998,504518.5287900002
2026-10-08T08:04:00.789657+00:00,obs-20261007-01,LIGHT,FILUSDT,1.0,1.0557,1.0558,1.0557500000000002,0.9472387989006847,9897148145,1.0557,1.0558,403,109,522861.66468700004,388704.2775280001,505656.7839230001,380737.48207100003,1636.6758169999994,2430.0988470000007,78343.64223000001,74151.02158100001,180422.334959,138569.68068599998,258431.00133900007,206218.76966900003,316664.14479900006,241134.88813
2026-10-08T08:04:00.789657+00:00,obs-20261007-01,LIGHT,ALGOUSDT,1.0,0.1247,0.1248,0.12475,8.01924619085792,5665016224,0.1247,0.1248,350,31,340180.04630000005,226643.5702999998,307468.7725,246818.45769999997,4896.027399999997,5077.1321,25846.9778,16971.941899999998,99312.2135,32264.9217,141972.353,88062.2629,196809.29919999998,117227.48950000001
2026-10-08T08:04:00.789657+00:00,obs-20261007-01,LIGHT,XRPUSDT,1.0,1.408,1.4081,1.4080499999999998,0.7102272727266268,26681132056,1.408,1.4081,493,120,6119648.601039997,4285831.304020001,6074582.204220002,4385679.50221,35489.5743,68578.92268,918345.7165399998,933895.4492200001,1343648.1236999996,1112059.33978,2421979.2551900004,2091752.9255899994,3118736.239870001,2308407.8162
2026-10-08T08:04:00.789657+00:00,obs-20261007-01,LIGHT,HBARUSDT,1.0,0.09334,0.09335,0.09334500000000001,1.0713520462823922,8394499152,0.09334,0.09335,443,38,1302475.5490399993,1195584.95407,1292845.9119800006,1177154.8193099997,1627.6272999999999,5713.94303,171114.01129999998,117802.89454,302249.4558100001,227134.95718999996,443909.4851500001,381075.38618000003,788793.03427,755915.4387200001
2026-10-08T08:05:00.790513+00:00,obs-20261007-01,LIGHT,PEPEUSDT,1.0,4.04e-06,4.05e-06,4.045e-06,24.752475247524774,8828368202,4.04e-06,4.05e-06,206,21,295918.2959199101,348817.7724161001,192753.63683661007,418621.54071387014,1005.3759131700001,9418.53729652,52071.218708880006,174872.57771655,238148.48940157003,287253.99917669,527937.11266263,496930.56271337,876187.9849313899,807904.3983085699
2026-10-08T08:05:00.790513+00:00,obs-20261007-01,LIGHT,BNBUSDT,1.0,768.38,768.39,768.385,0.13014393919652534,20912917795,768.38,768.39,436,140,3950506.8046499994,3692148.1003900007,4058418.106400001,3568463.252980002,40288.854789999976,18700.745839999992,783815.5125400003,787426.2755400002,1541233.27865,1577705.3765400008,3269486.1721499986,3505659.9604899995,6092570.82711001,5117973.677219999
2026-10-08T08:05:00.790513+00:00,obs-20261007-01,LIGHT,AAVEUSDT,1.0,172.25,172.26,172.255,0.5805515239476478,10441485699,172.25,172.26,344,38,1278535.2921899986,401657.32461000007,1236637.5502199999,397769.81053999945,2010.0428900000004,3846.4849699999995,113129.23025999997,72250.50552000002,220555.30510999993,119677.97469000002,277159.62766999984,163668.37538000004,802641.9955399997,225445.87353
2026-10-08T08:05:00.790513+00:00,obs-20261007-01,LIGHT,AVAXUSDT,1.0,10.849,10.85,10.849499999999999,0.9217439395325933,10523151177,10.848,10.849,455,82,1233422.6263299994,2498119.58121,1170795.2019200013,2561990.8775899997,17260.993080000004,10491.002269999999,154184.90547,169019.68383,387827.2853500001,306794.47463,598341.6077100001,426865.7566600001,645174.5151299997,442773.7828400003
2026-10-08T08:05:00.790513+00:00,obs-20261007-01,LIGHT,FILUSDT,1.0,1.0584,1.0585,1.0584500000000001,0.9448223733943273,9897151976,1.0583,1.0584,389,81,544569.3592649997,350757.17987299996,467526.21713199967,404679.46683400014,686.7119020000004,3597.436884,98637.13199299999,55449.294733,185318.91902200002,95654.63108,313530.54286300007,166796.767744,374700.7690900002,209501.84260799998
2026-10-08T08:05:00.790513+00:00,obs-20261007-01,LIGHT,ALGOUSDT,1.0,0.1254,0.1255,0.12545,7.974481658692412,5665020220,0.1254,0.1255,395,48,430145.58180000016,453657.7914999999,375500.7414000005,473578.8430000001,4407.328299999999,5510.809299999999,18101.1558,16551.5262,62741.5918,51417.4098,139136.547,83184.2146,196688.4157,111528.37030000001
2026-10-08T08:05:00.790513+00:00,obs-20261007-01,LIGHT,XRPUSDT,1.0,1.4092,1.4093,1.4092500000000001,0.7096224808411655,26681139288,1.4092,1.4093,484,87,5114173.83812,4193301.62035,4775926.453049999,4425435.751790001,29512.95346,24141.192630000005,1160638.7119800001,698430.0891500001,1645333.61256,896658.6448400002,2670033.9327600007,1867693.39797,3140749.760430001,2098414.2033
2026-10-08T08:05:00.790513+00:00,obs-20261007-01,LIGHT,HBARUSDT,1.0,0.09357,0.09358,0.09357499999999999,1.0687186063895737,8394504037,0.09357,0.09358,416,46,1714271.800440001,1019778.4406699999,1666527.0405899992,1053688.6417900003,1229.07892,5897.577510000002,152555.8503,112075.96195999999,336461.5510400001,208636.72818,480650.57607000007,352148.98494999995,837510.27918,722847.2230100002
2026-10-08T08:06:00.791740+00:00,obs-20261007-01,LIGHT,PEPEUSDT,1.0,4.04e-06,4.05e-06,4.045e-06,24.752475247524774,8828368907,4.04e-06,4.05e-06,216,11,247828.75051718001,357706.5152733201,198313.20570110006,368442.59271461016,637.9999996800001,917.352864,98552.04479172,131198.23715895,284908.55860532005,266789.01649569,577452.65747871,486194.48527208,898971.7968031701,790888.4580284499
2026-10-08T08:06:00.791740+00:00,obs-20261007-01,LIGHT,BNBUSDT,1.0,768.78,768.79,768.785,0.1300762246669862,20912925255,768.77,768.78,487,168,6053329.522399997,4983964.49089,6112224.530460001,5185803.945580001,8729.191840000001,17448.636580000006,743219.1253200001,800701.55271,1481295.26822,1655638.2151799998,3187204.8707999974,3416096.4134299997,6004682.888550004,5138068.49759
2026-10-08T08:06:00.791740+00:00,obs-20261007-01,LIGHT,AAVEUSDT,1.0,172.43,172.44,172.435,0.5799454851240782,10441489555,172.43,172.44,376,55,847342.7366500001,367540.69885999983,843763.3465699996,371004.55041999975,770.6723400000001,9493.96982,104214.15957000002,87561.38045000003,207095.49615999995,126885.17409999999,272374.13353000005,163458.92596000002,802046.41039,222730.13172
2026-10-08T08:06:00.791740+00:00,obs-20261007-01,LIGHT,AVAXUSDT,1.0,10.872,10.873,10.872499999999999,0.9197939661520493,10523158694,10.872,10.873,482,105,1321076.00935,3416453.8820199957,1350797.0251600002,3415759.9866700014,15235.725779999999,6699.67208,124641.87832000002,162600.62977999996,341886.9404699999,303042.31068000005,563586.0563299998,429867.76614000025,617239.4232399996,445768.8565000004
2026-10-08T08:06:00.791740+00:00,obs-20261007-01,LIGHT,FILUSDT,1.0,1.0598,1.06,1.0599,1.8871485185889547,9897157097,1.0598,1.06,475,61,627168.476401,540220.1002699998,624006.468892,527098.2163529999,5944.061076,2864.8230620000004,90979.87717499999,67941.825343,202228.893188,130547.70122599999,299926.347101,191291.34973200003,367893.514279,251970.20868499993
2026-10-08T08:06:00.791740+00:00,obs-20261007-01,LIGHT,ALGOUSDT,1.0,0.1255,0.1256,0.12555,7.968127490038945,5665023083,0.1255,0.1256,373,27,317652.0462000001,291313.3505999998,317395.8543,271554.60089999996,971.0465,4814.4253,20248.156199999998,15166.246,43649.7088,58728.867,128121.46520000002,95211.2386,181445.63570000004,124639.2181
2026-10-08T08:06:00.791740+00:00,obs-20261007-01,LIGHT,XRPUSDT,1.0,1.4105,1.4106,1.4105500000000002,0.7089684509042904,26681148397,1.4105,1.4106,513,116,7635554.2828399995,6027324.989229999,7679775.664729999,5849985.23428,35174.90277,37940.103500000005,1062902.8120500003,870854.2462500001,1451869.2065,1208615.0176200003,2624246.1893200013,2060525.7452599998,3087115.9427100024,2282066.130190001
2026-10-08T08:06:00.791740+00:00,obs-20261007-01,LIGHT,HBARUSDT,1.0,0.09367,0.09368,0.09367500000000001,1.0675776662738556,8394510189,0.09367,0.09368,473,101,2629346.8094699993,1227690.9449899995,2680125.485210002,1224431.6843799998,10371.804500000002,6498.626439999999,139456.98530000003,121417.24223999999,280227.84812999994,218892.71457,425700.45527,358700.75827000005,787193.1955699999,733204.1105300001
2026-10-08T08:07:00.795715+00:00,obs-20261007-01,LIGHT,PEPEUSDT,1.0,4.04e-06,4.05e-06,4.045e-06,24.752475247524774,8828370240,4.04e-06,4.05e-06,213,54,524252.1076766901,723150.1718499598,445053.4576709599,620390.9177546203,48445.74961528,22064.73584316,76608.20149248,133973.15670495,261521.03109320003,334125.11713014997,572746.1872604401,550909.0478274999,919242.6331361401,860996.8582873899
2026-10-08T08:07:00.795715+00:00,obs-20261007-01,LIGHT,BNBUSDT,1.0,768.37,768.38,768.375,0.13014563296387394,20912932010,768.37,768.38,427,164,4542989.929989999,5282974.565670007,4562320.2367699975,5263401.547479996,15180.893190000003,3065.2319400000006,854163.5411800003,796549.57463,1464027.53468,1581798.1344400004,3192277.955509998,3323380.3309699995,6012095.480960005,5129209.62008
2026-10-08T08:07:00.795715+00:00,obs-20261007-01,LIGHT,AAVEUSDT,1.0,172.26,172.28,172.26999999999998,1.1610356437952163,10441492763,172.27,172.28,371,53,706247.8824200005,474170.1395000001,713853.0231500001,467321.59207000025,2596.360779999999,18656.10795,109089.68822999999,77159.38831000001,213249.6471399999,128348.2691,272421.82701,169825.24985000014,795954.9793400001,228860.6158100001
2026-10-08T08:07:00.795715+00:00,obs-20261007-01,LIGHT,AVAXUSDT,1.0,10.849,10.85,10.849499999999999,0.9217439395325933,10523164982,10.849,10.85,455,71,1334785.7380399993,2645864.08444,1419969.0372499998,2590637.87001,7644.083779999998,5849.66476,159461.30146000002,138650.35103,357529.24863,330107.38144,485300.9406300001,482749.7868900003,541238.00616,497685.00012000045
2026-10-08T08:07:00.795715+00:00,obs-20261007-01,LIGHT,FILUSDT,1.0,1.0593,1.0596,1.05945,2.8320589068275837,9897160724,1.0593,1.0596,360,32,557284.1103149998,339971.1267170001,571089.2452629998,340410.4678640002,1245.826453,457.6648789999999,90638.753014,69558.245094,201905.133319,115090.626432,293356.5142649999,190601.42256599996,355180.8155960001,251295.75106699986
2026-10-08T08:07:00.795715+00:00,obs-20261007-01,LIGHT,ALGOUSDT,1.0,0.1258,0.1259,0.12585000000000002,7.949125596184992,5665024694,0.1258,0.1259,262,24,202005.06279999999,155600.12329999998,182125.88959999997,169575.53359999997,1483.3937,3631.6010000000006,16898.673899999998,12975.502400000001,39348.1682,53624.96480000001,136805.6949,90053.69350000001,190206.4249,116927.0896
2026-10-08T08:07:00.795715+00:00,obs-20261007-01,LIGHT,XRPUSDT,1.0,1.41,1.4101,1.41005,0.7092198581548637,26681156284,1.41,1.4101,534,93,5102515.789069996,4832554.526389999,5363395.049630001,4652565.282400003,28813.71117000001,24026.62289,947753.46846,1013459.9935600001,1206798.3581199995,1537431.7703200004,2364325.493890001,2240321.2692300007,2829391.42493,2462262.9392700004
2026-10-08T08:07:00.795715+00:00,obs-20261007-01,LIGHT,HBARUSDT,1.0,0.0936,0.09361,0.093605,1.0683760683760646,8394513406,0.09359,0.0936,347,46,695956.0039,598065.6474000002,708015.8186700003,591811.3622299997,5016.196350000002,5777.33891,149907.54581,106759.97327,281716.86840999994,206382.33573000005,414169.30779,364413.43912,775285.1335600001,732665.1811199998
2026-10-08T08:08:00.795818+00:00,obs-20261007-01,LIGHT,PEPEUSDT,1.0,4.04e-06,4.05e-06,4.045e-06,24.752475247524774,8828371298,4.04e-06,4.05e-06,192,36,395518.6989393701,438605.1493998201,348635.87770008,388703.86809029017,17204.24513676,3638.3183761100004,101280.11296368,92796.6908061,283052.22192199004,280215.65587005997,594385.07876373,582797.36062807,933859.6427372901,906843.3307464599
2026-10-08T08:08:00.795818+00:00,obs-20261007-01,LIGHT,BNBUSDT,1.0,768.84,768.85,768.845,0.13006607356480515,20912936960,768.84,768.85,407,155,3720727.4616700015,2662224.96942,3662276.337759999,2861212.1276999973,15305.04269,6639.411120000001,809567.24085,816042.85717,1427645.9343899996,1666903.0626700001,3223171.6430499973,3509563.951800001,6043198.449290003,5153512.836400001
2026-10-08T08:08:00.795818+00:00,obs-20261007-01,LIGHT,AAVEUSDT,1.0,172.31,172.32,172.315,0.5803493703204765,10441494605,172.31,172.32,260,24,330115.35682000004,227331.35815999992,310705.30606999993,233580.80721000006,2151.8661899999997,1266.0277099999998,121454.09691,75913.85518,226909.02066999997,126689.83811,285454.41485999996,163957.74318000008,814782.6901100002,222817.33324000007
2026-10-08T08:08:00.795818+00:00,obs-20261007-01,LIGHT,AVAXUSDT,1.0,10.861,10.862,10.8615,0.9207255317189578,10523169516,10.861,10.862,417,41,1049597.8585000003,1933602.7698900003,990161.4145800002,2008790.6856799987,250.37788,4169.9162,196079.86976000003,148693.01546999998,376178.30431,289026.18351,538691.18048,408531.1986600002,593890.7978199999,423856.71285000036
2026-10-08T08:08:00.795818+00:00,obs-20261007-01,LIGHT,FILUSDT,1.0,1.0606,1.0608,1.0607,1.8857250612858145,9897163969,1.0606,1.0608,375,19,553901.2982310001,284064.2952620001,534257.1666959999,279845.1530539999,209.607463,888.3220309999998,94284.28527200001,72348.570128,190945.69382699998,134578.355283,298311.95733800007,198563.04078300003,373417.6301610002,257577.61287199994
2026-10-08T08:08:00.795818+00:00,obs-20261007-01,LIGHT,ALGOUSDT,1.0,0.1258,0.1259,0.12585000000000002,7.949125596184992,5665026899,0.1258,0.1259,331,39,250448.18949999992,285783.85420000006,255119.4552,269994.3539,5358.8543,4515.606,19202.6792,24107.6887,50604.3744,68314.3829,131953.40110000002,100485.9445,181129.0957,130788.42079999999
2026-10-08T08:08:00.795818+00:00,obs-20261007-01,LIGHT,XRPUSDT,1.0,1.4106,1.4107,1.41065,0.7089181908415121,26681161406,1.4106,1.4107,425,55,2923976.8293399997,2790325.1782199987,2735313.46694,3004331.9221899984,9544.850030000001,15211.709610000004,1054071.1548100002,871984.3195799999,1535685.5648200002,1176181.3270800004,2547804.0632100007,2028052.73012,3010839.6493400014,2249756.4345100014
2026-10-08T08:08:00.795818+00:00,obs-20261007-01,LIGHT,HBARUSDT,1.0,0.09365,0.09366,0.09365499999999999,1.0678056593693697,8394515846,0.09365,0.09366,316,52,460557.5235000001,301811.13457000017,446768.99480999995,312840.7024,2376.8672699999984,1498.67245,150404.71439,115486.75176,287566.76784000004,206487.17194,427429.16919000004,353397.10887999996,789060.5772500001,722616.5413299999
2026-10-08T08:09:00.811806+00:00,obs-20261007-01,LIGHT,PEPEUSDT,1.0,4.03e-06,4.04e-06,4.035e-06,24.81389578163684,8828371836,4.03e-06,4.04e-06,196,15,78640.82178009002,283747.80707393016,177266.89977170003,298003.4684299901,3107.8673559200006,950.2911940500001,151139.80159356003,24445.17724992,306366.6357282,205755.91502802,653215.10074412,480933.89721161,924830.7934058498,840861.51016087
2026-10-08T08:09:00.811806+00:00,obs-20261007-01,LIGHT,BNBUSDT,1.0,768.47,768.48,768.475,0.13012869728212806,20912941199,768.47,768.48,431,147,3116645.7965299985,2854137.2924600006,2962857.9802800003,2802304.8711000006,10673.304830000001,24022.261779999993,891773.9584800004,822522.5273899998,1486705.6317699992,1632283.59664,3211942.4217499983,3370699.170899999,6009896.659590007,5178527.798940002
2026-10-08T08:09:00.811806+00:00,obs-20261007-01,LIGHT,AAVEUSDT,1.0,172.22,172.23,172.225,0.580652653581204,10441495827,172.22,172.23,220,13,253538.07421,142516.07875,272012.67006,129284.17001000003,257.571,213.30902999999998,109004.76784,84107.92117,219595.48502999998,127938.79935000003,277230.47127999994,172081.03913000016,784350.8662199999,235511.39540000012
2026-10-08T08:09:00.811806+00:00,obs-20261007-01,LIGHT,AVAXUSDT,1.0,10.838,10.839,10.8385,0.9226794611572053,10523172906,10.838,10.839,364,31,888611.4839300006,1230323.772050001,942166.5902100004,1125506.79439,1817.6928600000003,1425.2352199999998,138457.05612999998,174501.06567999994,377983.1406900001,370805.2842899999,492761.92921000015,512248.6370099999,548235.8525200004,526261.0865099998
2026-10-08T08:09:00.811806+00:00,obs-20261007-01,LIGHT,FILUSDT,1.0,1.059,1.0592,1.0591,1.8885741265339817,9897167486,1.059,1.0592,374,114,456266.06710800016,221634.4015640001,496982.24392099987,209872.19855799997,7794.587330999989,297.040255,104399.541661,67047.35925699999,201613.37770199994,138690.848067,279396.54421900003,201480.66737100005,334735.05543600017,268695.55764599994
2026-10-08T08:09:00.811806+00:00,obs-20261007-01,LIGHT,ALGOUSDT,1.0,0.1259,0.126,0.12595,7.94281175536149,5665028344,0.1259,0.126,269,18,220511.44540000003,174318.74709999995,213942.12919999997,182678.76669999992,2431.0133000000005,6256.065600000001,19554.269500000002,23531.4819,51691.32950000001,63888.6151,127409.34240000001,102359.28839999999,186476.89569999996,124002.5793
2026-10-08T08:09:00.811806+00:00,obs-20261007-01,LIGHT,XRPUSDT,1.0,1.4092,1.4093,1.4092500000000001,0.7096224808411655,26681165797,1.4092,1.4093,389,46,2656120.139629999,2345725.1415100005,2967988.1171700004,2186923.2838400006,22311.10653,10634.72293,958667.4878299995,983433.6260299999,1244506.1755999997,1173652.5325900002,2241479.14189,2173848.68012,2711474.23369,2405044.7276700004
2026-10-08T08:09:00.811806+00:00,obs-20261007-01,LIGHT,HBARUSDT,1.0,0.09357,0.09358,0.09357499999999999,1.0687186063895737,8394518733,0.09356,0.09357,327,38,805552.3137899997,870189.2429300003,840585.16574,843914.4674100004,1675.0686899999998,4618.6555,139723.66092999998,134570.05095,256279.05899,223410.74777,393412.41477000003,375040.87245,754058.63923,747856.8472199999
2026-10-08T08:10:00.814089+00:00,obs-20261007-01,LIGHT,PEPEUSDT,1.0,4.04e-06,4.05e-06,4.045e-06,24.752475247524774,8828372334,4.04e-06,4.05e-06,134,13,266726.9880408401,405632.54724412004,136562.80475377003,447419.59050389007,5750.8802160800005,5412.291137620001,86743.30223256,128429.09134965,278904.26925929,284510.85024438996,618352.18400319,503980.80865767994,956984.7884136201,814513.90618558
2026-10-08T08:10:00.814089+00:00,obs-20261007-01,LIGHT,BNBUSDT,1.0,768.39,768.4,768.395,0.13014224547358566,20912946915,768.39,768.4,421,137,1652090.2885299998,1920254.29318,1628591.3958599982,1994048.601719999,5889.58432,7314.3027200000015,912884.1775100003,732717.4593599999,1508736.9736399988,1550724.8633299998,3236195.989859998,3296514.478529999,6056313.922490006,5102602.17012
2026-10-08T08:10:00.814089+00:00,obs-20261007-01,LIGHT,AAVEUSDT,1.0,172.31,172.32,172.315,0.5803493703204765,10441497402,172.31,172.32,253,14,436863.09849000006,151366.45409,416369.29670999985,163724.19034000003,169.53388999999999,1558.13913,123524.28440999998,76115.96585,228774.0156799999,127261.81826999999,287473.62078999996,164831.91567000005,804327.14563,223691.50573000003
2026-10-08T08:10:00.814089+00:00,obs-20261007-01,LIGHT,AVAXUSDT,1.0,10.859,10.86,10.8595,0.920895110045894,10523178076,10.859,10.86,409,64,2448498.182460003,932506.4733300001,2330869.9385800012,1042187.32582,4829.13318,39652.49031000001,195507.60869,142818.58262,415835.18804,290512.6170700001,601861.9414999995,403548.2019000002,658412.3348399996,417804.2745100004
2026-10-08T08:10:00.814089+00:00,obs-20261007-01,LIGHT,FILUSDT,1.0,1.0602,1.0603,1.06025,0.943218260704981,9897170239,1.0602,1.0603,353,25,518397.64274299995,191099.75776199988,479221.4140610001,207244.92095199987,1482.460514,748.026364,105680.488463,71981.66275100001,212565.54162,125801.42006600002,303950.35251200007,190427.21342800005,372407.7194730002,244487.74320499998
2026-10-08T08:10:00.814089+00:00,obs-20261007-01,LIGHT,ALGOUSDT,1.0,0.1258,0.1259,0.12585000000000002,7.949125596184992,5665030111,0.1258,0.1259,324,19,479642.1002,218983.8936000002,479234.34419999964,209362.20450000023,2905.7289,6045.683999999999,44456.8882,25757.8672,84220.92629999999,64114.6174,138884.3196,98122.9285,187978.19489999997,125489.72920000002
2026-10-08T08:10:00.814089+00:00,obs-20261007-01,LIGHT,XRPUSDT,1.0,1.41,1.4101,1.41005,0.7092198581548637,26681171539,1.41,1.4101,455,59,3371178.2163799955,2932782.35747,3224487.1514300006,2948201.626849999,18426.02129999999,20110.236940000003,976543.3157299999,1026967.0084400001,1259872.5589299991,1468047.8943800004,2387562.410420001,2171712.326260001,2849896.210410001,2393653.8898300007
2026-10-08T08:10:00.814089+00:00,obs-20261007-01,LIGHT,HBARUSDT,1.0,0.09372,0.09373,0.093725,1.0670081092611916,8394522169,0.09372,0.09373,305,71,1799523.6499200007,943410.52612,1735541.2561299996,958318.2429300004,4130.679660000001,31917.767519999998,156981.91177,119167.91109,289087.12197999994,219418.98462,449805.32483,364784.8890400002,820432.43821,734345.5765000002
2026-10-08T08:11:00.814799+00:00,obs-20261007-01,LIGHT,PEPEUSDT,1.0,4.03e-06,4.04e-06,4.035e-06,24.81389578163684,8828373347,4.03e-06,4.04e-06,192,32,209107.85934812005,361342.1358325502,294042.7190068099,294061.20653246006,8153.74760929,10452.85762833,137642.40690603002,46056.469448,300719.38521231,211459.60848215,659401.8784085,478101.52221689,931426.6002465199,727718.2423522
2026-10-08T08:11:00.814799+00:00,obs-20261007-01,LIGHT,BNBUSDT,1.0,768.17,768.18,768.175,0.1301795175545628,20912953549,768.17,768.18,408,186,2150397.0069500017,3026214.7432399993,2159756.2938100016,3004816.6209999975,19235.419470000004,7436.032390000005,903650.6674600004,745256.6870000003,1508127.9888799996,1523808.3884400008,3398192.139439999,3224302.2915599993,6069551.231250007,5115128.37788
2026-10-08T08:11:00.814799+00:00,obs-20261007-01,LIGHT,AAVEUSDT,1.0,172.17,172.18,172.175,0.580821281292998,10441499708,172.17,172.18,277,36,435591.23169000004,247203.82859,447900.7377300001,240077.81576999993,6526.414,3632.92742,138520.52964,73603.84354000002,225523.58786,117433.309,290704.16917,165124.62427000006,801079.51703,225269.87707000002
2026-10-08T08:11:00.814799+00:00,obs-20261007-01,LIGHT,AVAXUSDT,1.0,10.847,10.848,10.8475,0.9219138932436977,10523184246,10.847,10.848,445,122,2342781.71039,869138.0514399998,2417204.7952199997,823903.41493,31832.34747999999,42248.03994000001,183259.64745000002,133093.74564999997,408230.17942000006,317499.84799000004,531425.37089,447921.8954300001,587295.2208399997,461836.2888800004
2026-10-08T08:11:00.814799+00:00,obs-20261007-01,LIGHT,FILUSDT,1.0,1.0587,1.0589,1.0588,1.8891092849715463,9897173387,1.0587,1.0589,393,88,554072.1568300001,242868.80169200012,597171.6941170001,232817.7513949999,4892.656405,1384.9108440000002,103546.309011,77728.73363499998,189134.34582699998,134978.181988,275552.461409,192362.94355799997,336829.17223900027,251376.22663199992
2026-10-08T08:11:00.814799+00:00,obs-20261007-01,LIGHT,ALGOUSDT,1.0,0.1258,0.1259,0.12585000000000002,7.949125596184992,5665032753,0.1258,0.1259,373,64,510752.64659999986,254109.1003000001,501370.16279999964,241472.22820000007,2825.8682000000003,4374.8522,16566.0153,19931.115599999997,55790.7135,55642.841700000004,143573.3177,104318.5249,192676.0125,128035.94040000002
2026-10-08T08:11:00.814799+00:00,obs-20261007-01,LIGHT,XRPUSDT,1.0,1.4095,1.4096,1.4095499999999999,0.7094714437738681,26681177670,1.4095,1.4096,422,68,3656527.172959999,2924253.89137,3669043.7766399994,2978804.40585,20435.11866,51088.76060999999,1035361.3799199999,958860.67956,1253194.0835099993,1118393.7117400002,2375589.9774100003,2105612.250720001,2841202.4945000005,2338905.703150001
2026-10-08T08:11:00.814799+00:00,obs-20261007-01,LIGHT,HBARUSDT,1.0,0.09359,0.0936,0.09359500000000001,1.0684902233148996,8394525736,0.09359,0.0936,351,92,548560.96623,1558111.33704,607575.0804800005,1564935.3372199994,4916.4588799999965,5728.86745,131450.47379000002,109506.54906,254186.98806,203048.04191000006,392895.19013000006,351468.9573200001,761174.03324,720258.40637
2026-10-08T08:12:00.820754+00:00,obs-20261007-01,LIGHT,PEPEUSDT,1.0,4.03e-06,4.04e-06,4.035e-06,24.81389578163684,8828374266,4.03e-06,4.04e-06,208,22,497817.97671449994,412873.97733333,465791.43808210007,354838.47721516003,1785.0515356000003,2805.8999678,112368.04568847001,116285.99248828001,297586.65191559,281997.55017613,659364.0358489,518138.84745322005,931869.05471748,829128.671132
2026-10-08T08:12:00.820754+00:00,obs-20261007-01,LIGHT,BNBUSDT,1.0,767.91,767.92,767.915,0.13022359391046123,20912962115,767.91,767.92,464,158,4931982.3292000005,4097368.1381800026,5134696.982380001,4063727.4437700016,22427.37599999999,2802.8386299999997,767146.3971099999,871303.6094600001,1569919.7512699983,1564851.3590000013,3491537.8346499987,3256324.092420001,6102868.103500009,5139717.458560003
2026-10-08T08:12:00.820754+00:00,obs-20261007-01,LIGHT,AAVEUSDT,1.0,172.02,172.03,172.025,0.581327752586791,10441502721,172.02,172.03,308,50,511744.99348,388880.74414,540403.2464700001,365771.19087000005,25768.88019,968.96336,119615.35118,86435.75939999998,178193.1029899999,127647.58701999998,274230.1925699999,184871.53345000005,790093.2344500001,245334.97076000003
2026-10-08T08:12:00.820754+00:00,obs-20261007-01,LIGHT,AVAXUSDT,1.0,10.835,10.836,10.8355,0.9229349330874825,10523189759,10.835,10.836,435,98,1880706.8664300002,777754.10465,1899852.6227500006,786141.7623199994,4594.25268,12476.307579999999,171589.49870999999,128235.21279999998,395228.23861999996,313298.51807,518100.04005000007,439340.11913999997,571694.9149399999,453409.4675800003
2026-10-08T08:12:00.820754+00:00,obs-20261007-01,LIGHT,FILUSDT,1.0,1.0581,1.0583,1.0582,1.8901805122384374,9897176154,1.0582,1.0583,337,15,601983.0098470004,213241.623677,628142.705988,214211.7271510001,242.235546,126.544166,89118.65310699999,67122.58785200001,183793.01390599995,137000.684472,255233.24408600002,184747.76349799996,311149.15263800026,236400.6839419999
2026-10-08T08:12:00.820754+00:00,obs-20261007-01,LIGHT,ALGOUSDT,1.0,0.1257,0.1259,0.12580000000000002,15.910898965791898,5665034313,0.1257,0.1259,281,20,278653.1019,142803.57470000003,286721.1036999999,134030.43880000006,2371.3894,2861.1498,22826.158600000002,31875.6498,68363.0092,74149.87779999999,135500.2114,105044.22959999998,185756.567,131647.8321
2026-10-08T08:12:00.820754+00:00,obs-20261007-01,LIGHT,XRPUSDT,1.0,1.409,1.4091,1.4090500000000001,0.7097232079478211,26681184051,1.409,1.4091,449,83,3832095.3702899995,3054545.6132600033,3813435.32461,3092966.9515300016,35093.57074,45910.86925,990519.7891699999,964068.4097500002,1552115.22632,1222384.8331900002,2467186.69549,2066537.60503,2883188.778740001,2292705.778980001
2026-10-08T08:12:00.820754+00:00,obs-20261007-01,LIGHT,HBARUSDT,1.0,0.09353,0.09354,0.09353500000000001,1.0691756655623053,8394528856,0.09353,0.09354,297,36,946802.71782,875151.3410000002,941038.1238900002,870074.9924700003,677.91577,2649.0453300000004,162853.16231,120141.20555999999,273121.59877000004,202763.46531000006,411536.78452000016,349892.21344,778941.5295400001,724302.4279599999
2026-10-08T08:13:00.827633+00:00,obs-20261007-01,LIGHT,PEPEUSDT,1.0,4.03e-06,4.04e-06,4.035e-06,24.81389578163684,8828374852,4.03e-06,4.04e-06,207,14,198411.60818713,191951.51588865992,197576.36608489012,187897.5308001099,408.20117039,925.0330106800001,119198.66310105001,101120.46478464,298745.26342533,285602.87230329,660199.27795114,522192.83254177,932179.11610907,832961.5117876199
2026-10-08T08:13:00.827633+00:00,obs-20261007-01,LIGHT,BNBUSDT,1.0,767.9,767.91,767.905,0.13022528975170644,20912970055,767.9,767.91,431,177,2084592.3508400004,2355363.333530001,2002279.433760001,2229172.543779999,6422.86982,45906.0671,803005.58036,846574.1740800003,1733314.2439599992,1515397.0689800016,3574045.3706099996,3382206.9729400007,6183130.883640013,5271809.69325
2026-10-08T08:13:00.827633+00:00,obs-20261007-01,LIGHT,AAVEUSDT,1.0,171.95,171.96,171.95499999999998,0.5815644082596272,10441505031,171.95,171.96,309,30,574219.3818199999,328476.09776000015,573848.1830500001,316558.26020000014,4493.705759999999,1533.00273,143427.25511,90128.07254000001,207216.75201999996,129873.53785000004,274714.61387,196594.80961000014,794767.9676900002,257092.13166000016
2026-10-08T08:13:00.827633+00:00,obs-20261007-01,LIGHT,AVAXUSDT,1.0,10.822,10.823,10.8225,0.9240436148605369,10523195684,10.822,10.823,447,99,2303463.8560699993,876375.1160199996,2288332.2236799994,848159.4997999993,13275.786679999997,7039.817910000001,254022.74180999998,146772.97207999998,405795.82704000006,336398.93585,536150.9314800001,466742.7655000001,597140.9210999998,481285.4952200004
2026-10-08T08:13:00.827633+00:00,obs-20261007-01,LIGHT,FILUSDT,1.0,1.0574,1.0575,1.05745,0.9457159069437004,9897179216,1.0574,1.0575,397,22,472358.394159,213191.89699000004,470486.6591440002,208726.2484180001,295.37971,578.560135,110718.95555800002,63901.960106000006,197350.18849300002,135408.25509400005,260413.83670600006,189195.7725570001,313079.0279350002,238874.894147
2026-10-08T08:13:00.827633+00:00,obs-20261007-01,LIGHT,ALGOUSDT,1.0,0.1254,0.1255,0.12545,7.974481658692412,5665035945,0.1254,0.1255,271,13,333389.42390000005,156978.77379999997,338352.5976,153273.93469999998,1664.0562999999997,242.49439999999998,30250.740100000003,17409.1713,76771.8995,55996.3148,143786.58139999997,102725.5252,191201.83359999998,118980.61840000002
2026-10-08T08:13:00.827633+00:00,obs-20261007-01,LIGHT,XRPUSDT,1.0,1.4097,1.4098,1.4097499999999998,0.7093707881100642,26681190124,1.4097,1.4098,453,93,4112572.8864099993,2974356.4184099995,3864623.5536299995,3000857.146490001,18085.24669,47542.19398,1166021.72934,831823.6624999999,1497705.13058,1199310.41477,2638149.1466400013,2043798.48687,3101653.3642500015,2276435.296340001
2026-10-08T08:13:00.827633+00:00,obs-20261007-01,LIGHT,HBARUSDT,1.0,0.09357,0.09358,0.09357499999999999,1.0687186063895737,8394532203,0.09357,0.09358,373,36,1310593.439400001,712827.0526900003,1296046.1668700005,716266.5338900003,1644.4716099999998,2770.75073,126998.97228999999,116083.37406,264755.2759,202849.4903900001,420925.77872000006,347903.29842,788308.54857,720862.96341
2026-10-08T08:14:00.841820+00:00,obs-20261007-01,LIGHT,PEPEUSDT,1.0,4.03e-06,4.04e-06,4.035e-06,24.81389578163684,8828375573,4.03e-06,4.04e-06,196,13,108293.07166649995,157586.17402751997,109082.76303221995,170393.55822322,206.48163211000002,919.03734768,110961.59555637001,120858.85947504001,297249.54283623,272795.52870759,659409.5865854201,509385.44834607,945751.6040768302,734722.28059433
2026-10-08T08:14:00.841820+00:00,obs-20261007-01,LIGHT,BNBUSDT,1.0,767.86,767.87,767.865,0.13023207355411515,20912975594,767.86,767.87,420,139,1497853.9709400008,3291248.0985000003,1509719.7427100006,3298387.470449999,41039.12871999998,54295.66050999999,731776.5662099998,814476.0575800003,1721701.288349999,1508193.6797200008,3565776.104959999,3374332.3648,6171575.249400013,5260581.357409997
2026-10-08T08:14:00.841820+00:00,obs-20261007-01,LIGHT,AAVEUSDT,1.0,171.96,171.97,171.965,0.5815305885081834,10441507443,171.96,171.97,291,51,471758.2703000001,404743.27166000014,479014.2397,405298.8897500001,3123.014460000001,8395.662650000002,119817.36045000001,88479.34200000002,202438.89188999997,130350.29958000008,267450.81343000004,196039.19152000014,771466.4110900002,255571.16396000012
2026-10-08T08:14:00.841820+00:00,obs-20261007-01,LIGHT,AVAXUSDT,1.0,10.816,10.817,10.816500000000001,0.9245562130177909,10523199379,10.816,10.817,370,50,1497087.0543399996,663724.7018700002,1475196.9628599994,677949.1899200001,12646.95885,15761.114249999999,254475.13326999987,114101.77902000003,433021.5970399999,319818.0755400001,560498.1675799999,451466.8352100002,621138.5495399997,467196.6925500004
2026-10-08T08:14:00.841820+00:00,obs-20261007-01,LIGHT,FILUSDT,1.0,1.058,1.0582,1.0581,1.890359168241762,9897181998,1.058,1.0582,345,24,652915.0918739999,151416.29936600005,672653.3371280002,166549.29657400004,132.701236,2179.749068,81732.77111999999,68350.75132499999,181590.249315,135932.399045,237377.25175100006,174080.41486200006,292656.37515499984,225738.35124899997
2026-10-08T08:14:00.841820+00:00,obs-20261007-01,LIGHT,ALGOUSDT,1.0,0.1256,0.1257,0.12564999999999998,7.961783439491832,5665037548,0.1256,0.1257,282,6,319526.85760000005,178239.63430000012,315239.07840000006,181813.99070000002,302.0301,1915.5519999999997,18322.0383,19880.9735,67781.23329999999,61273.0915,130741.06909999998,101319.73700000001,163329.25089999996,131435.38110000003
2026-10-08T08:14:00.841820+00:00,obs-20261007-01,LIGHT,XRPUSDT,1.0,1.4092,1.4093,1.4092500000000001,0.7096224808411655,26681195192,1.4092,1.4093,417,65,3100732.00364,2321624.5569999996,3349101.96079,2111458.1393600004,23948.410379999998,48714.420659999996,1026267.7592700002,1104568.18767,1383682.18919,1282181.5749399997,2389900.8709700005,2254148.49253,2857608.493540001,2484738.2901000003
2026-10-08T08:14:00.841820+00:00,obs-20261007-01,LIGHT,HBARUSDT,1.0,0.09356,0.09357,0.09356500000000001,1.0688328345431763,8394534599,0.09356,0.09357,308,30,543545.5245000002,341729.47775999963,523449.4275600001,327491.4625399996,2909.85561,3524.674230000001,152353.18024999998,120078.01918999999,286056.79535000003,216135.66788000005,441014.65208000015,362141.31364,808466.5817900001,735100.9786299999
2026-10-08T08:15:00.881553+00:00,obs-20261007-01,LIGHT,PEPEUSDT,1.0,4.03e-06,4.04e-06,4.035e-06,24.81389578163684,8828375969,4.03e-06,4.04e-06,153,14,131209.56224096002,243814.06737481002,124862.41721939002,307267.34589371015,416.75740444,5931.933490760001,134401.77792912,13364.506320760001,298061.66985515994,181207.37115856,665756.7316069899,445932.16982717,955270.54883028,711764.6495104099
2026-10-08T08:15:00.881553+00:00,obs-20261007-01,LIGHT,BNBUSDT,1.0,768.0,768.01,768.005,0.1302083333332149,20912980103,768.0,768.01,370,152,2049042.4386199992,1979788.1704100005,2040377.5391299992,1986387.2527600008,30716.40072,9977.789270000001,825653.3264400003,833048.2248600002,1650885.910399999,1507269.6085700009,3569332.3334599994,3369470.62393,6155481.001780011,5260444.410169999
2026-10-08T08:15:00.881553+00:00,obs-20261007-01,LIGHT,AAVEUSDT,1.0,171.99,172.0,171.995,0.5814291528571935,10441509655,171.99,172.0,277,22,424194.7118299998,389729.48754,410184.6858500001,400162.75512000005,1261.55021,2537.96863,129423.06905000002,81399.23099,216390.19648999986,118239.08953,281370.9447499999,185746.62904000006,785246.3416299999,247405.88790000003
2026-10-08T08:15:00.881553+00:00,obs-20261007-01,LIGHT,AVAXUSDT,1.0,10.835,10.836,10.8355,0.9229349330874825,10523204754,10.835,10.836,377,79,1748410.9607,958782.3254399999,1675499.509949999,992116.8471499995,9707.014539999998,14122.364900000002,221040.41005,189816.86941,446479.11062,311611.59341,626121.91398,419947.3114299999,682468.1634199999,433553.3930800002
2026-10-08T08:15:00.881553+00:00,obs-20261007-01,LIGHT,FILUSDT,1.0,1.0595,1.0596,1.0595500000000002,0.9438414346396584,9897184212,1.0595,1.0596,305,27,407579.74949500005,180923.91564299993,348297.9708929999,187427.004683,1916.3012290000001,996.208376,118276.824624,69589.37214499999,204725.29009,134116.62352599998,287565.599356,182039.44041600003,348038.3028160001,236065.9396689999
2026-10-08T08:15:00.881553+00:00,obs-20261007-01,LIGHT,ALGOUSDT,1.0,0.1255,0.1256,0.12555,7.968127490038945,5665038744,0.1255,0.1256,216,8,162366.70000000007,105493.93200000004,154616.14909999995,100912.97660000004,1503.1448999999998,2326.8478999999998,32941.3013,24709.6178,79959.22579999999,60815.1308,146132.4653,103913.94600000001,178554.7484,129167.30160000004
2026-10-08T08:15:00.881553+00:00,obs-20261007-01,LIGHT,XRPUSDT,1.0,1.4107,1.4108,1.4107500000000002,0.7088679379041452,26681199915,1.4107,1.4108,438,68,3293547.9609899977,2413206.896670001,2869295.494919999,2791745.7032199996,8503.62899,52760.105269999985,1238661.8332500001,824657.5222600002,1783279.2444600004,1037993.1794300003,2812143.024880001,1891261.3503200004,3262331.8953900025,2111798.7372100004
2026-10-08T08:15:00.881553+00:00,obs-20261007-01,LIGHT,HBARUSDT,1.0,0.09362,0.09363,0.093625,1.0681478316598714,8394536356,0.09362,0.09363,260,17,647116.4001600002,270929.8493800001,617470.9931500001,291284.33045999997,1202.8298,2238.43053,181543.75492000004,110480.52964999998,305023.07905000006,204659.87926999998,470179.85243,347261.43550999986,838179.44762,714819.9178599998
2026-10-08T08:16:00.881810+00:00,obs-20261007-01,LIGHT,PEPEUSDT,1.0,4.04e-06,4.05e-06,4.045e-06,24.752475247524774,8828377319,4.04e-06,4.05e-06,286,29,559439.3964948299,635866.8873161202,397643.1407042398,592065.8545043704,6508.749451500001,16843.12069895,78650.2088188,119638.80998955,273676.70987637003,273767.13454857003,606654.07696558,510695.1610962,956662.53222935,824303.8235308899
2026-10-08T08:16:00.881810+00:00,obs-20261007-01,LIGHT,BNBUSDT,1.0,768.32,768.33,768.325,0.13015410245786896,20912990470,768.32,768.33,461,204,7559444.550650006,7631673.932270001,7531767.770720004,7599342.743459998,17855.543509999996,17462.528290000006,845327.9504200001,780246.5185599999,1596033.7323399985,1563255.37531,3324499.8278599964,3496322.8380099987,6190409.706640009,5301020.95645
2026-10-08T08:16:00.881810+00:00,obs-20261007-01,LIGHT,AAVEUSDT,1.0,172.15,172.17,172.16,1.1617775196048896,10441514123,172.15,172.17,368,62,722469.6217400008,412043.43735000014,726420.1221500001,436808.8667500001,10330.821540000003,3711.9061199999996,130748.65927999999,69019.61897999997,203687.63619000008,112368.35644000002,260990.11314000012,168141.21710000015,777905.3459200001,226331.91839000012
2026-10-08T08:16:00.881810+00:00,obs-20261007-01,LIGHT,AVAXUSDT,1.0,10.84,10.841,10.840499999999999,0.9225092250919609,10523213146,10.84,10.841,462,160,1586466.3658800013,2621727.713279998,1681835.7411999993,2585917.0183099997,35897.31640000001,7809.155459999999,139454.32155999998,145001.94454,371205.67088999995,334483.47509999987,530672.7730299999,456278.6325599998,585876.9287,471016.38453000016
2026-10-08T08:16:00.881810+00:00,obs-20261007-01,LIGHT,FILUSDT,1.0,1.0607,1.0608,1.06075,0.9427736400491327,9897187736,1.0606,1.0607,396,41,379982.62813599996,278920.49722800014,352303.66700299986,272806.4674430001,4407.826494999999,1510.9158140000002,91845.85791800001,81258.42556,190178.758953,140634.622928,293278.906318,195923.3185700001,374761.46938000014,246739.862749
2026-10-08T08:16:00.881810+00:00,obs-20261007-01,LIGHT,ALGOUSDT,1.0,0.1243,0.1244,0.12434999999999999,8.045052292839916,5665044474,0.1243,0.1244,389,106,802755.9750999999,514187.28719999985,855503.7044999999,476598.6848,11968.168800000003,23602.791699999998,20813.7135,8742.792099999999,73225.2882,22614.8342,131461.7013,53903.1967,150532.76049999997,86137.48760000001
2026-10-08T08:16:00.881810+00:00,obs-20261007-01,LIGHT,XRPUSDT,1.0,1.4117,1.4118,1.41175,0.7083658000994753,26681211182,1.4116,1.4117,506,188,8637192.694970006,7309635.25078,8846996.815140009,7167308.113270002,178207.29970999993,97985.61179000002,1160201.1203700001,828363.3504199999,1573836.0398099995,1183557.1829099995,2550903.7108199997,2070658.1508899992,3040644.307330001,2260969.1389800007
2026-10-08T08:16:00.881810+00:00,obs-20261007-01,LIGHT,HBARUSDT,1.0,0.09374,0.09375,0.093745,1.0667804565822614,8394540334,0.09374,0.09375,374,57,1561917.0597399997,1295717.4813600003,1571414.4630600004,1308588.0518699996,7409.8466899999985,5714.156239999999,140419.53732,115577.65301000001,277702.00386999996,162966.62527999995,458543.85108999995,339563.10871,823081.9100899998,709202.1119499998
2026-10-08T08:17:00.888379+00:00,obs-20261007-01,LIGHT,PEPEUSDT,1.0,4.04e-06,4.05e-06,4.045e-06,24.752475247524774,8828377720,4.04e-06,4.05e-06,160,17,145030.38562712996,327596.31873233005,146505.31180845998,325973.89775967,595.3028879999999,896.7344881500001,78054.9059308,130582.38347100001,272460.33162658004,270478.89400324004,605179.15078425,512317.58206886007,953136.5825040501,826375.6556544801
2026-10-08T08:17:00.888379+00:00,obs-20261007-01,LIGHT,BNBUSDT,1.0,768.29,768.3,768.295,0.1301591846836203,20912995607,768.29,768.3,396,114,3206622.55166,3451322.310919998,3287751.673619999,3415733.8229199997,1774.0767799999996,8470.379480000001,911180.9498400001,751432.1657400001,1532849.2289299986,1593693.60673,3244205.869409997,3444124.758169999,6128479.3095400045,5332066.708029998
2026-10-08T08:17:00.888379+00:00,obs-20261007-01,LIGHT,AAVEUSDT,1.0,172.2,172.21,172.20499999999998,0.5807200929153211,10441517870,172.2,172.21,325,46,877435.6643300002,450638.85683000006,856669.8787300005,436171.6367499998,511.25491,6623.969000000001,122740.05894999995,85258.05244999999,217717.19932999992,129329.07387,281618.84223999985,181065.67558000016,796566.65823,243057.2295000001
2026-10-08T08:17:00.888379+00:00,obs-20261007-01,LIGHT,AVAXUSDT,1.0,10.841,10.842,10.8415,0.9224241306160508,10523217945,10.841,10.842,412,77,1056974.9000799996,1736795.949250001,1039628.6702300007,1706071.4103299996,2864.67262,15703.251870000002,202204.54664000004,173716.61721,390995.64673000015,362900.93807999993,548006.23061,487016.52925999986,607438.9445899999,500729.5595500002
2026-10-08T08:17:00.888379+00:00,obs-20261007-01,LIGHT,FILUSDT,1.0,1.0608,1.0609,1.0608499999999998,0.9426847662141746,9897191105,1.0607,1.0609,362,42,401644.0855180002,318024.156077,406262.3858700001,308032.2519929999,528.898123,896.0748729999999,104581.29185200002,81381.81761399999,202527.96390999993,141036.071583,288660.60596599994,205471.17304200004,373144.6373200001,260554.92899799993
2026-10-08T08:17:00.888379+00:00,obs-20261007-01,LIGHT,ALGOUSDT,1.0,0.1246,0.1247,0.12465000000000001,8.02568218298605,5665047702,0.1246,0.1247,338,48,553837.6269000001,340918.1072,526262.9548999995,324775.37700000027,9430.798299999999,8042.5008,30891.7255,12768.7619,78349.30159999999,31885.0866,133599.5286,86578.70719999999,190351.99310000005,111694.0719
2026-10-08T08:17:00.888379+00:00,obs-20261007-01,LIGHT,XRPUSDT,1.0,1.4123,1.4124,1.41235,0.7080648587409755,26681216976,1.4123,1.4124,438,80,4048908.802209999,3215606.1376899993,4087760.1466599987,3288064.718560003,35295.92905,61487.93086000001,1181420.18674,745006.6199399998,1673900.93012,1161151.1533499998,2504507.0741900015,2000671.1743800002,3014410.5698600025,2223538.148680002
2026-10-08T08:17:00.888379+00:00,obs-20261007-01,LIGHT,HBARUSDT,1.0,0.09378,0.09379,0.09378500000000001,1.0663254425247182,8394542869,0.09378,0.09379,323,21,714272.1213399997,421678.4954499999,715981.1531199996,415654.4934499999,483.0079,6135.216420000001,155612.09329,119855.91204,290677.7790199999,210383.00854999997,455876.7712699999,345890.34066000005,828668.66803,715281.6742399998
2026-10-08T08:18:00.894241+00:00,obs-20261007-01,LIGHT,PEPEUSDT,1.0,4.04e-06,4.05e-06,4.045e-06,24.752475247524774,8828378047,4.04e-06,4.05e-06,109,14,192272.45749253003,200448.13414796998,172196.53582335,202509.33094693004,0.0,4973.9171728500005,129420.9575594,102038.7917862,292601.35137714003,267813.39585428,625255.07245343,510256.38526989997,960827.01696743,824046.4695633199
2026-10-08T08:18:00.894241+00:00,obs-20261007-01,LIGHT,BNBUSDT,1.0,768.53,768.54,768.535,0.13011853798872153,20913001727,768.53,768.54,369,124,2382179.5905400002,2436098.00135,2350084.9419100005,2433926.534169999,27769.845080000003,37850.59256,831231.6660999998,879977.4938699998,1561100.8446799987,1597294.5542500003,3270535.1406799974,3728820.1958599994,6122139.52351001,5346097.217519997
2026-10-08T08:18:00.894241+00:00,obs-20261007-01,LIGHT,AAVEUSDT,1.0,172.21,172.22,172.215,0.5806863712898291,10441520855,172.21,172.22,280,35,644911.9023399997,340581.5257899999,637315.89236,338122.1282599999,3621.7924299999995,1449.11242,131779.86388999995,86318.74216000001,227237.45771999998,130642.71829999998,289208.8850699998,185139.1435100001,805644.1394099998,246166.12991000008
2026-10-08T08:18:00.894241+00:00,obs-20261007-01,LIGHT,AVAXUSDT,1.0,10.848,10.849,10.848500000000001,0.9218289085533016,10523224356,10.848,10.849,419,114,1107438.0693799988,2227149.3620900013,1074706.9929800006,2285659.19212,19328.544039999997,24653.963170000006,146455.76042,176159.67798000004,388243.2821700001,310834.77254000003,578392.0679099998,428590.25953000004,639733.9354699997,444147.3530600003
2026-10-08T08:18:00.894241+00:00,obs-20261007-01,LIGHT,FILUSDT,1.0,1.062,1.0621,1.0620500000000002,0.9416195856881693,9897194346,1.062,1.0621,352,17,541457.5312870002,224258.32641800007,511970.3143950002,249204.34421799993,194.719742,839.207203,109229.16882399998,65789.121409,196274.21202399998,124790.34998300004,310062.4304899999,189147.18240299998,398717.79808599997,241928.5345419999
2026-10-08T08:18:00.894241+00:00,obs-20261007-01,LIGHT,ALGOUSDT,1.0,0.1249,0.125,0.12495,8.006405124099114,5665050469,0.1249,0.125,341,51,364071.33149999985,419821.3181000005,348102.3969000001,415739.08330000046,7205.747799999998,4669.8616,30317.627800000002,14312.3041,87635.44129999999,55021.018599999996,129479.96469999998,98217.39349999998,186529.9612,127403.73199999999
2026-10-08T08:18:00.894241+00:00,obs-20261007-01,LIGHT,XRPUSDT,1.0,1.4127,1.4128,1.41275,0.7078643731861511,26681224491,1.4127,1.4128,473,117,4625377.832769999,4143187.100160003,4746426.099049999,4147023.8468500017,38079.91738000003,71804.87772,975342.5396700002,903206.0737299997,1451060.5848100001,1112624.5381999998,2378356.3001400013,2009826.7605300003,2891436.415910001,2221576.75393
2026-10-08T08:18:00.894241+00:00,obs-20261007-01,LIGHT,HBARUSDT,1.0,0.09392,0.09393,0.09392500000000001,1.0647359454840633,8394545932,0.09392,0.09393,367,36,1402046.6338900004,970962.7343600002,1400844.7381199996,966396.2351199995,1309.45098,4776.7347199999995,142079.60149,126648.29222000002,281501.05878,178228.96037,448855.8348600001,354394.7573900001,817830.59771,721339.54928
2026-10-08T08:19:00.894374+00:00,obs-20261007-01,LIGHT,PEPEUSDT,1.0,4.05e-06,4.06e-06,4.055e-06,24.691358024691024,8828379263,4.05e-06,4.06e-06,218,39,544533.28857873,393091.91693481983,434964.51355127996,408919.4022930599,37505.906964450005,26360.271783570002,72084.89465505,165834.3603133,245023.72141453,299746.65430889,515016.13061300997,630614.61986753,945556.2175006599,874260.9973212001
2026-10-08T08:19:00.894374+00:00,obs-20261007-01,LIGHT,BNBUSDT,1.0,768.98,768.99,768.985,0.1300423938199735,20913009882,768.98,768.99,450,174,4420519.13123,4952513.08724,4137445.4571800036,5714544.154180001,17640.173710000003,32251.918419999976,757138.5955099998,787268.5646800001,1559568.4730699996,1513862.427559999,3338854.3037999975,3353760.6802599984,6159947.107740005,4947523.067980004
2026-10-08T08:19:00.894374+00:00,obs-20261007-01,LIGHT,AAVEUSDT,1.0,172.43,172.44,172.435,0.5799454851240782,10441524779,172.43,172.44,346,66,668238.8860400006,397525.2080600001,651231.3471600005,418959.1234500001,9502.81457,11085.754500000001,97672.28629,81892.14401000002,194376.89337999996,120266.3646,283376.7021399999,168956.70851000005,812697.43131,228546.19094000003
2026-10-08T08:19:00.894374+00:00,obs-20261007-01,LIGHT,AVAXUSDT,1.0,10.871,10.872,10.871500000000001,0.9198785760267114,10523230875,10.871,10.872,396,101,1864521.5943299998,1362515.4449900002,1819353.086120001,1425951.3544299996,7142.16667,36858.03139,194263.03741999998,136737.5444,374469.6601199998,246536.76699000003,601730.91615,366821.54136000026,665673.3737399996,383029.2744400004
2026-10-08T08:19:00.894374+00:00,obs-20261007-01,LIGHT,FILUSDT,1.0,1.0624,1.0626,1.0625,1.8825301204827838,9897198618,1.0624,1.0626,400,99,575928.3647460004,416072.823775,585906.9064330005,412332.41136699996,2011.3649609999973,9121.507502999999,90514.860344,88862.66410400001,203446.460267,139752.71706700002,293377.153536,197218.42214299992,384701.7149209999,252021.0415769998
2026-10-08T08:19:00.894374+00:00,obs-20261007-01,LIGHT,ALGOUSDT,1.0,0.1243,0.1244,0.12434999999999999,8.045052292839916,5665053464,0.1243,0.1244,328,44,489234.29120000004,324706.1559000002,499029.2971000001,308885.4816,24061.2813,16845.7297,44365.471300000005,13394.3032,91446.7096,34279.6657,140712.1498,93046.3291,185789.35030000002,113586.4502
2026-10-08T08:19:00.894374+00:00,obs-20261007-01,LIGHT,XRPUSDT,1.0,1.4146,1.4147,1.41465,0.7069136151560684,26681231353,1.4146,1.4147,452,129,5249208.566090001,4116612.6538799983,4869298.2465499975,4393019.35327,102543.35844999999,261879.02547000008,1152953.91897,655175.8645800002,1615560.289440001,888122.06843,2639303.486370001,1750973.4814800003,3169804.6218000003,1954766.9689300018
2026-10-08T08:19:00.894374+00:00,obs-20261007-01,LIGHT,HBARUSDT,1.0,0.09398,0.09399,0.093985,1.0640561821673167,8394549308,0.09398,0.09399,321,75,1008800.8232099996,667293.0073599999,976862.1919099995,693801.8782300003,4030.61924,22990.866880000005,159553.01122000001,103160.13264000003,309096.84818000003,192319.42838000003,478701.27631000004,337966.9169200001,847530.9602000001,694747.0730600001
2026-10-08T08:20:00.895582+00:00,obs-20261007-01,LIGHT,PEPEUSDT,1.0,4.04e-06,4.05e-06,4.045e-06,24.752475247524774,8828379865,4.04e-06,4.05e-06,169,15,350511.83848618006,216877.80640738003,377761.7449081701,188712.82547075005,5931.05380182,2679.3237785800006,126822.22730892,89762.05756215,282358.94412934,285799.98984997,621895.2997838199,537285.18773595,943245.05340925,866651.40686432
2026-10-08T08:20:00.895582+00:00,obs-20261007-01,LIGHT,BNBUSDT,1.0,768.72,768.73,768.725,0.13008637735456574,20913015178,768.72,768.73,420,103,1621571.3945799998,1749054.4677700005,1697362.7317300003,1563917.5551499997,19585.113820000006,2336.37509,780614.7721899999,634389.3333699995,1527791.8698400003,1605032.2740299983,3457509.916559998,3158297.666709998,6096189.883140008,5135590.150070002
2026-10-08T08:20:00.895582+00:00,obs-20261007-01,LIGHT,AAVEUSDT,1.0,172.13,172.14,172.135,0.5809562539926816,10441527327,172.13,172.14,303,28,527395.9657000001,444120.7930899998,555995.5891100003,415085.16064,3890.78584,841.75883,142106.28907,90282.7186,212077.41812999995,130498.30078000003,282906.15624000004,191055.50055000014,797317.2338800001,251741.2691200001
2026-10-08T08:20:00.895582+00:00,obs-20261007-01,LIGHT,AVAXUSDT,1.0,10.866,10.867,10.8665,0.9203018590109302,10523235418,10.866,10.867,386,63,1474970.6019600015,600142.7471200001,1482045.1592800003,554968.7488199997,18701.327649999996,9241.58917,216689.9511,128707.09888000002,398411.68809000007,273421.59605000005,594693.6967300001,411323.4303600003,662450.54868,428201.68156000035
2026-10-08T08:20:00.895582+00:00,obs-20261007-01,LIGHT,FILUSDT,1.0,1.0612,1.0613,1.0612499999999998,0.9423294383714698,9897201263,1.0612,1.0613,363,21,300391.9260400003,279005.613225,316037.6010620002,270445.77452,14565.963379000003,194.935054,107548.437768,76633.56286800001,200416.926354,130638.01036200003,283859.89881999994,200183.87412300002,361857.5956289998,260524.95629199993
2026-10-08T08:20:00.895582+00:00,obs-20261007-01,LIGHT,ALGOUSDT,1.0,0.1244,0.1245,0.12445,8.03858520900258,5665055582,0.1244,0.1245,300,18,343803.08209999977,308058.05679999996,336764.09320000006,299325.1833999999,3027.4597999999996,2946.7378000000003,34423.4462,13997.307700000001,85867.73189999998,35325.205799999996,135259.2866,102218.49239999999,189391.69189999998,117333.1045
2026-10-08T08:20:00.895582+00:00,obs-20261007-01,LIGHT,XRPUSDT,1.0,1.4132,1.4133,1.4132500000000001,0.7076139258410663,26681236631,1.4132,1.4133,536,107,2473917.201860001,2795375.4524999987,3059383.617620002,2525361.3606700003,126424.43996999998,67781.04717,787488.4627300001,741895.28029,1168215.17949,1013577.8320399999,2166199.00688,2007410.29448,2655756.81072,2221270.617729999
2026-10-08T08:20:00.895582+00:00,obs-20261007-01,LIGHT,HBARUSDT,1.0,0.09388,0.09389,0.093885,1.065189603748351,8394551362,0.09388,0.09389,320,23,486677.79985,335359.90506,526963.5058800001,295643.3338500001,1336.9566000000002,1244.2840599999997,168351.58452000003,112232.59248999998,294218.37817,186917.89704000007,448072.8049500002,367567.17645000014,812621.3541800001,734297.3279300001
2026-10-08T08:21:00.897126+00:00,obs-20261007-01,LIGHT,PEPEUSDT,1.0,4.04e-06,4.05e-06,4.045e-06,24.752475247524774,8828380374,4.04e-06,4.05e-06,163,19,205144.05850283,128520.20350953,190301.45844886,119602.80465186003,2829.4524971600003,2123.9420548500007,103898.54069068,123613.0018101,296444.36048233,301635.91119638,636737.89983779,546202.58659362,939332.34638133,859268.01462233
2026-10-08T08:21:00.897126+00:00,obs-20261007-01,LIGHT,BNBUSDT,1.0,768.39,768.4,768.395,0.13014224547358566,20913021829,768.39,768.4,429,139,3234862.949320001,4358378.059249999,3471606.594760001,4343680.1174599985,11337.05006000001,2601.6596699999996,810066.6869500002,892654.6679700001,1496214.3175199996,1578834.6555799996,3243806.4371599965,3166277.8901799973,6073663.472280008,5122279.3953100005
2026-10-08T08:21:00.897126+00:00,obs-20261007-01,LIGHT,AAVEUSDT,1.0,172.01,172.02,172.015,0.581361548748216,10441529530,172.01,172.02,291,25,516113.76524000027,324121.6044000001,524855.6552599999,315849.9332699999,1322.86778,929.62313,126908.04195999999,92267.37705000001,209351.3195399999,130099.01436000003,280815.91190000006,196767.82023000007,791133.9153400002,256793.13890000002
2026-10-08T08:21:00.897126+00:00,obs-20261007-01,LIGHT,AVAXUSDT,1.0,10.853,10.854,10.8535,0.9214042200311745,10523241322,10.853,10.854,379,80,2099718.210430002,729665.6502400006,2196392.0384699996,704873.2418800008,2706.24161,4978.27977,171740.29900000003,128235.91337999998,354636.48755,258250.38178,507381.48329,434832.83150000015,573393.3239199999,500647.3610500003
2026-10-08T08:21:00.897126+00:00,obs-20261007-01,LIGHT,FILUSDT,1.0,1.0607,1.0608,1.06075,0.9427736400491327,9897204550,1.0607,1.0608,390,15,356541.49684199976,266763.62340900005,374353.515913,270906.52967400005,1053.857464,190.69523199999998,87437.22251000002,70436.298313,196405.73438799998,129532.91131200001,273532.02579900005,191718.93677199996,344678.18659199984,253642.0224829998
2026-10-08T08:21:00.897126+00:00,obs-20261007-01,LIGHT,ALGOUSDT,1.0,0.1243,0.1244,0.12434999999999999,8.045052292839916,5665057701,0.1243,0.1244,302,48,322222.84020000004,318707.7316999997,369749.5690999999,333445.98429999995,9221.188599999994,5673.8634999999995,20985.9482,15344.7785,52265.7129,45663.9595,92579.1225,82542.61170000001,136420.214,104649.3096
2026-10-08T08:21:00.897126+00:00,obs-20261007-01,LIGHT,XRPUSDT,1.0,1.4123,1.4124,1.41235,0.7080648587409755,26681241913,1.4123,1.4124,443,65,2911503.736570002,2764296.566089999,2990428.5082800006,2860734.8433100013,16897.07878,22912.888930000005,806380.4100800003,706800.95335,1405993.5417900002,1023806.2544200001,2101094.42066,1897122.674780001,2574417.5832399996,2123817.917580002
2026-10-08T08:21:00.897126+00:00,obs-20261007-01,LIGHT,HBARUSDT,1.0,0.09385,0.09386,0.093855,1.0655301012252316,8394553359,0.09385,0.09386,285,24,543545.4031100002,374448.3182599999,537986.4397099998,369410.72347999987,1257.3814399999999,4572.93823,201891.28555,123481.90577999999,300130.32648,224737.49396000002,454161.8001500001,367918.61754000006,819827.40645,735175.01631
2026-10-08T08:22:00.914025+00:00,obs-20261007-01,LIGHT,PEPEUSDT,1.0,4.04e-06,4.05e-06,4.045e-06,24.752475247524774,8828380834,4.04e-06,4.05e-06,200,16,186295.07492001,282680.87900045,193237.30457919,178279.02252548005,1167.91237688,1410.63998445,105821.90493300001,130311.7443756,296729.75818535,314344.08691888,629795.67017861,650604.44306859,939319.83195992,878296.15921949
2026-10-08T08:22:00.914025+00:00,obs-20261007-01,LIGHT,BNBUSDT,1.0,768.3,768.31,768.305,0.1301574905632208,20913027177,768.3,768.31,386,127,1483942.20219,1446203.0421599993,1430079.8239300002,1478350.270509999,16841.425850000003,3288.4762899999987,932628.6912400003,849743.11389,1556770.1860299995,1539954.30795,3300842.3934399975,3046481.460859997,6149773.385630011,5077875.2825000025
2026-10-08T08:22:00.914025+00:00,obs-20261007-01,LIGHT,AAVEUSDT,1.0,171.95,171.96,171.95499999999998,0.5815644082596272,10441531388,171.95,171.96,267,14,544288.0075500002,283703.57603000005,548295.37098,284496.35511999996,201.40543,740.93151,145063.80102,89784.76907,206552.46905999992,130209.02711000005,276914.2778,195780.47974000013,789201.4057900003,255839.6831500001
2026-10-08T08:22:00.914025+00:00,obs-20261007-01,LIGHT,AVAXUSDT,1.0,10.855,10.856,10.8555,0.9212344541675854,10523245245,10.855,10.856,366,49,1683520.1176300019,598803.5707,1613746.0462200027,592836.3371700001,515.2169200000001,881.8387899999999,233567.16514000003,156776.48619,403502.51575,304583.4972900001,576847.1445,440828.1307800002,643099.80374,507638.48370000033
2026-10-08T08:22:00.914025+00:00,obs-20261007-01,LIGHT,FILUSDT,1.0,1.0594,1.0595,1.05945,0.9439305267155973,9897207397,1.0594,1.0595,349,27,302830.44678399997,250642.40404900003,330305.47880700004,237969.1786700001,16045.103218000002,1120.6665719999999,115027.37259599999,51230.282513,221029.99652400007,127988.71237699999,265319.0626940002,200423.00873900004,322284.2678940002,265837.1196829999
2026-10-08T08:22:00.914025+00:00,obs-20261007-01,LIGHT,ALGOUSDT,1.0,0.1243,0.1244,0.12434999999999999,8.045052292839916,5665059700,0.1243,0.1244,246,42,286247.3895000001,271540.2398999998,234025.81860000003,249078.60189999992,9155.543699999997,8631.6381,44679.2386,23631.445200000002,99689.39249999999,64274.1504,139538.33289999998,104388.8348,182709.3253,118703.36319999999
2026-10-08T08:22:00.914025+00:00,obs-20261007-01,LIGHT,XRPUSDT,1.0,1.412,1.4121,1.4120499999999998,0.7082152974513534,26681246109,1.412,1.4121,394,73,2366214.9810499987,2505778.224060002,2350843.9820000012,2365552.6452499996,50165.441889999995,51564.68130000001,991698.8839099999,675285.34803,1271680.7701199995,1008209.3311300004,2121741.8056799993,2037135.0141800009,2601480.7544999993,2263053.8268000027
2026-10-08T08:22:00.914025+00:00,obs-20261007-01,LIGHT,HBARUSDT,1.0,0.09393,0.09394,0.09393499999999999,1.0646225912913643,8394555848,0.09393,0.09394,284,24,663701.4837299999,464106.92549,643162.1447399998,476737.1203499999,887.7981800000001,4734.62183,163659.405,125883.61506,296938.90377,218392.66116000002,466586.23276000016,355847.09485000005,838672.5568100001,722680.4266100001
2026-10-08T08:23:00.916088+00:00,obs-20261007-01,LIGHT,PEPEUSDT,1.0,4.04e-06,4.05e-06,4.045e-06,24.752475247524774,8828381226,4.04e-06,4.05e-06,170,21,104526.17241720996,322386.3646976202,115628.60331355997,322020.9114772302,17761.8421836,1351.96947315,80415.84023396,156839.36008005,281815.47858894,315101.62959365,618693.23928226,650969.89628898,929314.25748271,878661.61243988
2026-10-08T08:23:00.916088+00:00,obs-20261007-01,LIGHT,BNBUSDT,1.0,768.25,768.26,768.255,0.13016596160042582,20913031932,768.25,768.26,364,112,1737477.3884899998,1410411.3203099999,1747841.1936500003,1221777.7493699999,13501.578500000003,23189.654599999998,927943.6804500005,898289.7177299997,1546530.3251600005,1536541.6244499998,3291372.3097799993,3234363.1168999965,6138157.75943001,5119169.965339996
2026-10-08T08:23:00.916088+00:00,obs-20261007-01,LIGHT,AAVEUSDT,1.0,171.92,171.93,171.925,0.5816658911128592,10441533700,171.92,171.93,267,32,467643.93829000014,204599.90951999993,474447.5430200003,216047.27069999996,9970.531289999999,6222.220449999999,117941.54264999997,83381.51178,206175.91257999995,118787.96578000004,270118.1623100001,182729.03008000008,791549.6397500002,243020.9255800001
2026-10-08T08:23:00.916088+00:00,obs-20261007-01,LIGHT,AVAXUSDT,1.0,10.846,10.847,10.846499999999999,0.9219988936015611,10523250283,10.846,10.847,399,77,1947056.8757399993,757377.9352599999,1994242.5550299995,766097.4762599999,3175.2623499999995,8487.24925,180223.63438,150299.08149999997,386994.36718999996,288298.87177999987,530199.94089,432002.71093999996,595444.9436299998,498858.7208500002
2026-10-08T08:23:00.916088+00:00,obs-20261007-01,LIGHT,FILUSDT,1.0,1.0588,1.059,1.0589,1.8889308651304226,9897209953,1.0587,1.059,317,25,332452.5931969999,216580.1273470001,341735.5757680002,210107.7782650001,1752.290677,8650.616517,87481.15408400001,71126.87891099999,197720.06462300007,144406.57634800003,260058.0588830001,199209.85168399996,317179.1907240002,272276.3800449998
2026-10-08T08:23:00.916088+00:00,obs-20261007-01,LIGHT,ALGOUSDT,1.0,0.1241,0.1242,0.12415000000000001,8.058017727639033,5665060810,0.1241,0.1242,188,16,131695.6495,223405.85239999986,139903.94540000003,206520.81029999998,3457.8082000000004,1031.8762,63735.9584,9255.0548,100088.1729,36352.7162,145733.41830000002,103744.3866,181870.5135,125304.8321
2026-10-08T08:23:00.916088+00:00,obs-20261007-01,LIGHT,XRPUSDT,1.0,1.4114,1.4115,1.4114499999999999,0.7085163667275296,26681251325,1.4114,1.4115,401,61,3343356.865529999,2691555.2399600013,3243533.778689999,2890157.145260001,26026.036309999992,55150.86856,926802.0552800001,635874.1914599999,1277396.3111900003,919991.7366999999,2277229.480959999,1834245.6467900004,2702844.3520899992,2041788.6381800012
2026-10-08T08:23:00.916088+00:00,obs-20261007-01,LIGHT,HBARUSDT,1.0,0.09393,0.09394,0.09393499999999999,1.0646225912913643,8394558281,0.09393,0.09394,339,20,541867.2120799999,372273.3151100002,557111.0085,372792.38573999977,304.77648999999997,3394.10481,149796.85632000005,123660.07529,282712.79286000005,217003.95487000002,451342.43634000025,355328.02422000014,823428.7579000002,722161.3559800001
2026-10-08T08:24:00.916176+00:00,obs-20261007-01,LIGHT,PEPEUSDT,1.0,4.03e-06,4.04e-06,4.035e-06,24.81389578163684,8828382500,4.03e-06,4.04e-06,233,71,340601.23794158007,491809.9378887401,452721.9816020801,494310.4458039002,20119.75529257,2973.5360965200002,139534.01533838,54768.423624040006,286966.92762242,240702.97886029002,647454.86109776,513578.1845935,929244.4514749701,793703.2497512499
2026-10-08T08:24:00.916176+00:00,obs-20261007-01,LIGHT,BNBUSDT,1.0,768.16,768.17,768.165,0.1301812122478374,20913037021,768.16,768.17,439,147,3644338.6120800017,2649611.4313000003,3928302.162760002,2804097.899219999,42322.0645,23415.79282000001,896281.7720000007,802606.5143600001,1567938.90297,1536502.2332700002,3174622.2391999965,3074659.630459997,5864500.15188,4882492.752040002
2026-10-08T08:24:00.916176+00:00,obs-20261007-01,LIGHT,AAVEUSDT,1.0,171.91,171.92,171.915,0.5816997266006041,10441535938,171.91,171.92,255,31,543580.8961500002,247530.07708000002,536218.1178599999,240385.27024999986,7165.407680000001,804.5389000000001,108801.98988,83942.07405,194405.85187000004,120366.41733000003,277487.5784000003,188050.02333000003,811166.87584,248024.38691000003
2026-10-08T08:24:00.916176+00:00,obs-20261007-01,LIGHT,AVAXUSDT,1.0,10.84,10.841,10.840499999999999,0.9225092250919609,10523255647,10.84,10.841,390,88,1470759.490229999,1297351.08539,1473788.396989999,1211573.66339,41684.94915,21664.941449999995,142939.04025000002,190837.70984000008,367075.2816000001,378166.28238,538146.4807900002,517679.27721000003,602164.83673,583721.94644
2026-10-08T08:24:00.916176+00:00,obs-20261007-01,LIGHT,FILUSDT,1.0,1.0578,1.0579,1.0578500000000002,0.9453582907914537,9897212459,1.0578,1.0579,339,26,322236.04853399977,230790.46059600005,338446.6013789999,207990.50014699998,13336.84779,138.36339,87409.86350599998,76704.17022100001,177787.98622099997,151755.29549400002,247586.74020200002,215101.165966,304258.8112220001,274533.3226449999
2026-10-08T08:24:00.916176+00:00,obs-20261007-01,LIGHT,ALGOUSDT,1.0,0.1244,0.1245,0.12445,8.03858520900258,5665063419,0.1244,0.1245,316,33,339800.52540000004,343054.8111999997,311477.7176,353003.06809999974,9455.894100000003,9846.5559,32811.4206,10265.6542,70751.773,38637.0702,151576.3805,106237.3481,200539.1215,125254.4824
2026-10-08T08:24:00.916176+00:00,obs-20261007-01,LIGHT,XRPUSDT,1.0,1.411,1.4111,1.41105,0.7087172218289695,26681256944,1.411,1.4111,425,127,3676784.329760001,2954894.1463800003,3662750.9145400003,2747276.535640003,278281.48569999996,54432.807190000014,818325.1699200001,690652.9145900001,1113050.95553,1143590.4015,2294576.7424299982,2016030.2596200001,2785626.947539999,2248446.888910001
2026-10-08T08:24:00.916176+00:00,obs-20261007-01,LIGHT,HBARUSDT,1.0,0.09395,0.09396,0.09395500000000001,1.064395955294728,8394560784,0.09395,0.09396,307,38,648652.3827799996,468734.66424999986,631583.0989799999,459948.4008299999,14036.3349,6112.952330000001,136407.60974,126560.63114999999,265866.0469,227266.69623999996,468350.8981400001,374150.89708,840505.5462800001,730975.3113800001
2026-10-08T08:25:00.928783+00:00,obs-20261007-01,LIGHT,PEPEUSDT,1.0,4.04e-06,4.05e-06,4.045e-06,24.752475247524774,8828383085,4.04e-06,4.05e-06,188,23,255992.56956463997,455389.3887221101,134348.18046016997,519514.79268711014,150.767851,6865.8840709900005,49458.77639944,160698.11083425,255721.91383421002,289933.36683683,566334.00255823,513759.43088746,901806.04013991,755941.11151816
2026-10-08T08:25:00.928783+00:00,obs-20261007-01,LIGHT,BNBUSDT,1.0,768.12,768.13,768.125,0.13018799146058413,20913039056,768.12,768.13,330,61,881247.7346100004,844464.63308,785316.55301,680383.4939800003,7016.364890000003,1020.9334399999999,893492.3618000009,805737.36991,1586924.2725000007,1526422.5833300003,3373814.9335499993,3238627.499019997,6091033.114170008,5130131.32694
2026-10-08T08:25:00.928783+00:00,obs-20261007-01,LIGHT,AAVEUSDT,1.0,171.91,171.92,171.915,0.5816997266006041,10441537425,171.91,171.92,230,11,309961.36105000024,90435.27786999999,321124.99425999995,88975.12884000002,28.542270000000002,1806.2970399999997,119288.78465999999,85754.09528000001,203181.56656999994,121972.12060000004,265825.14199000015,189510.17236000008,787280.9179500001,249484.5359400001
2026-10-08T08:25:00.928783+00:00,obs-20261007-01,LIGHT,AVAXUSDT,1.0,10.849,10.85,10.849499999999999,0.9217439395325933,10523259402,10.848,10.849,383,39,807102.5581499997,1257172.3650699996,792643.2720699996,1320556.8932299993,2094.0009700000005,1042.99646,136807.08699,178801.11544,392012.9221699999,338479.58985000005,549765.5284200002,454417.40668,606933.6990200001,520232.0022500002
2026-10-08T08:25:00.928783+00:00,obs-20261007-01,LIGHT,FILUSDT,1.0,1.0578,1.0579,1.0578500000000002,0.9453582907914537,9897213840,1.0578,1.0579,260,13,275536.468836,77094.99663700003,283200.14254900004,77068.199914,144.664736,568.191401,92885.07072099997,74780.80386200002,194535.28584599993,151689.23513999998,239923.06648899993,215127.96268899998,296300.68120999995,270536.16802099993
2026-10-08T08:25:00.928783+00:00,obs-20261007-01,LIGHT,ALGOUSDT,1.0,0.1243,0.1244,0.12434999999999999,8.045052292839916,5665065392,0.1243,0.1244,240,25,293017.3114999999,310378.2089,307929.8621999999,310662.6554999999,5061.5499,1374.9827,45533.3681,13277.159,101743.0134,45513.362700000005,142162.1584,105781.9841,192097.31289999993,121529.9932
2026-10-08T08:25:00.928783+00:00,obs-20261007-01,LIGHT,XRPUSDT,1.0,1.411,1.4111,1.41105,0.7087172218289695,26681260013,1.411,1.4111,354,49,1559069.206360001,1216879.4308900002,1627488.3983199992,1026133.2168299999,59496.36819,48535.28675,824019.45993,874937.9185899997,1078599.8817999999,1337307.9941799997,2226157.5504699983,2207787.510559999,2711328.2657299996,2439956.698029999
2026-10-08T08:25:00.928783+00:00,obs-20261007-01,LIGHT,HBARUSDT,1.0,0.09398,0.09399,0.093985,1.0640561821673167,8394561809,0.09398,0.09399,220,16,410311.46759999986,168648.48613999996,411936.5482699999,171221.16573999997,824.20312,1935.1860000000001,138749.87727000003,138379.29318,278363.33613,224507.90767,464714.27938,371622.63844000007,837271.5235100002,728409.82128
2026-10-08T08:26:00.941952+00:00,obs-20261007-01,LIGHT,PEPEUSDT,1.0,4.04e-06,4.05e-06,4.045e-06,24.752475247524774,8828383419,4.04e-06,4.05e-06,127,16,84799.72783052002,78289.54553453001,46478.505744270005,73541.90329189,1409.86866772,1920.58265295,110698.54019848001,130178.84949810001,300046.67199312,293907.57352172,604655.22464448,518507.07313010003,939360.82930041,846022.9282908
2026-10-08T08:26:00.941952+00:00,obs-20261007-01,LIGHT,BNBUSDT,1.0,768.35,768.36,768.355,0.13014902062957745,20913042424,768.35,768.36,385,69,1624295.4280400004,1837947.3389600012,1542249.0257400007,1872929.1558699997,3332.8251100000007,5561.542640000003,954995.71129,845277.8270800001,1664336.0133699987,1557185.2809200003,3184115.339869997,3297378.6355999964,6177449.918260009,5098227.180999995
2026-10-08T08:26:00.941952+00:00,obs-20261007-01,LIGHT,AAVEUSDT,1.0,172.03,172.04,172.035,0.5812939603555556,10441538973,172.03,172.04,230,14,275984.9415399999,133900.65933999998,264280.13328999997,145927.43137999997,43.01096,2183.8690399999996,100991.03231999998,80541.5502,192102.35247999997,127803.61143000003,275692.3782,179553.18402000004,777529.7690799999,240397.30368
2026-10-08T08:26:00.941952+00:00,obs-20261007-01,LIGHT,AVAXUSDT,1.0,10.858,10.859,10.8585,0.9209799226361781,10523262288,10.858,10.859,339,26,796502.5500099995,1227388.7852199997,742448.9977299994,1231931.0558199997,3842.3506099999995,3003.36135,147204.67756,195471.80902,362518.3311699999,345109.68202999997,600299.1780299998,450767.4242800001,655257.00719,516890.4707400002
2026-10-08T08:26:00.941952+00:00,obs-20261007-01,LIGHT,FILUSDT,1.0,1.059,1.0591,1.05905,0.9442870632669909,9897215631,1.059,1.0591,247,24,237912.856071,119890.61375000005,204958.12574800005,165126.21664600004,500.791254,1712.1081830000003,85178.82162199999,65633.25523200001,197798.37522099997,142683.88089700005,269126.12862399995,180058.36850400004,326027.9355710001,242267.2388609999
2026-10-08T08:26:00.941952+00:00,obs-20261007-01,LIGHT,ALGOUSDT,1.0,0.1244,0.1245,0.12445,8.03858520900258,5665066745,0.1244,0.1245,214,17,277629.7661,221971.4102999999,264193.5734,220776.94919999997,1889.4811000000002,4240.529199999999,31379.9516,15842.6713,91174.1406,53802.9735,149640.0295,107251.02090000002,198271.16109999997,124753.85510000002
2026-10-08T08:26:00.941952+00:00,obs-20261007-01,LIGHT,XRPUSDT,1.0,1.4117,1.4118,1.41175,0.7083658000994753,26681263556,1.4117,1.4118,390,62,2110926.7280100016,1964814.7607900004,2086605.9081099995,2221747.1734700003,10839.88409,60167.3372,889965.28051,789499.2890499999,1228694.0701899996,1095650.30082,2189521.343149998,1982064.3761100003,2698763.290219999,2188043.9502499993
2026-10-08T08:26:00.941952+00:00,obs-20261007-01,LIGHT,HBARUSDT,1.0,0.09402,0.09403,0.094025,1.0636034886180035,8394563014,0.09402,0.09403,262,21,587276.1018700001,234989.87943999996,570116.30394,235694.36478,2125.07903,3889.2728999999995,148915.29192,137701.04287,290035.41698,224135.70541,480914.11296,373684.25104,849001.5276299999,727716.07674
2026-10-08T08:27:00.975436+00:00,obs-20261007-01,LIGHT,PEPEUSDT,1.0,4.04e-06,4.05e-06,4.045e-06,24.752475247524774,8828383792,4.04e-06,4.05e-06,94,13,126432.30074484,245722.31328688,128148.89171671002,245008.88260754003,0.0,2199.6726768000003,110562.28895224001,136388.76422805001,298348.95226805005,295432.56642981,602938.63367261,519220.50380943995,937564.3782231801,846736.3589701399
2026-10-08T08:27:00.975436+00:00,obs-20261007-01,LIGHT,BNBUSDT,1.0,768.18,768.19,768.185,0.13017782290791757,20913047059,768.18,768.19,357,85,2005654.7810899997,1679831.2423000017,2017587.3263499995,1685114.5447100005,11006.06087,5541.787480000001,839551.5978300003,857847.0741400002,1647813.93538,1505807.7235899998,3174561.915299999,3198628.494429996,6158566.40849001,5091020.178929996
2026-10-08T08:27:00.975436+00:00,obs-20261007-01,LIGHT,AAVEUSDT,1.0,172.0,172.01,172.005,0.58139534883761,10441540233,172.0,172.01,172,7,333053.89969,83831.76718000001,335508.84143,78185.68046,141.74022,401.05736,103079.69010000002,85342.81246999999,191296.32436999993,128866.4247,273252.93329,183324.02852000005,776743.74162,243477.87626
2026-10-08T08:27:00.975436+00:00,obs-20261007-01,LIGHT,AVAXUSDT,1.0,10.852,10.853,10.8525,0.9214891264286429,10523265979,10.852,10.853,339,43,748144.8769400001,1287868.3327700007,791292.7398499999,1249744.9254100004,1825.3083199999999,2338.97552,147214.26946,181346.26851999995,370975.41125,373849.9029499998,560142.0672600003,488080.52501999994,617071.6072400003,554821.6550799998
2026-10-08T08:27:00.975436+00:00,obs-20261007-01,LIGHT,FILUSDT,1.0,1.0582,1.0583,1.0582500000000001,0.945000945000718,9897217158,1.0582,1.0583,226,11,205055.53722400003,111169.72318499995,224314.3984239999,81970.54651999995,5789.0337070000005,251.399165,104822.045201,68449.45172599998,196312.97293899994,148411.152137,253550.45435199997,199408.43531499998,309316.1768070001,254689.52312799983
2026-10-08T08:27:00.975436+00:00,obs-20261007-01,LIGHT,ALGOUSDT,1.0,0.1244,0.1245,0.12445,8.03858520900258,5665067508,0.1244,0.1245,172,12,75690.00609999998,214581.5174999998,130092.82189999998,230738.85829999993,2537.346,28.1144,20025.528599999998,17018.894,48998.66109999999,54373.0978,95237.2137,91093.68010000001,143752.4986,108596.51430000001
2026-10-08T08:27:00.975436+00:00,obs-20261007-01,LIGHT,XRPUSDT,1.0,1.4111,1.4112,1.4111500000000001,0.7086669973777049,26681267887,1.4111,1.4112,384,49,2575983.6829500003,2368161.0113399993,2566473.9418399986,2207270.5871400004,53576.39333,45667.75828,850356.51835,882362.9318899999,1120497.6042499999,1393648.37479,2252654.699679999,2113294.6423399993,2746350.71525,2344945.7918399996
2026-10-08T08:27:00.975436+00:00,obs-20261007-01,LIGHT,HBARUSDT,1.0,0.09403,0.09404,0.09403500000000001,1.0634903754125347,8394564759,0.09403,0.09404,261,23,402795.34596,352218.81247,392215.15784000023,358280.73435999994,4013.2472699999994,8795.0789,150245.80374,132528.79783000002,300376.17754,219335.55563000002,491457.9028900001,367622.32915000006,859589.42064,721654.15485
2026-10-08T08:28:00.977185+00:00,obs-20261007-01,LIGHT,PEPEUSDT,1.0,4.04e-06,4.05e-06,4.045e-06,24.752475247524774,8828384049,4.04e-06,4.05e-06,131,18,97420.67753085996,169551.80654087,100585.14878920998,172738.49825719008,1479.2935265600001,1304.5129663500002,107398.93903604001,127729.17107055,295185.46653682005,291641.68732349,599774.16241426,516033.81209311995,934399.90696483,843558.6849045199
2026-10-08T08:28:00.977185+00:00,obs-20261007-01,LIGHT,BNBUSDT,1.0,768.4,768.41,768.405,0.1301405517950549,20913049173,768.4,768.41,328,57,954820.1894600003,1278286.9374799998,1029478.7739700002,1288409.8392999994,1608.79824,5331.894820000001,761739.2285100002,845658.6989,1569383.7322099993,1536884.7636999998,3094708.1349899983,3282053.1430499963,6061187.566170007,5081763.083379998
2026-10-08T08:28:00.977185+00:00,obs-20261007-01,LIGHT,AAVEUSDT,1.0,172.13,172.14,172.135,0.5809562539926816,10441541891,172.13,172.14,190,16,354814.52708999976,156272.63759000003,344746.6991300001,170442.48909000002,433.66864,1123.47964,111740.48058999998,79405.92224,189155.19151999988,124003.75761000002,275471.82055,173394.7031100001,793347.95231,232386.47413000005
2026-10-08T08:28:00.977185+00:00,obs-20261007-01,LIGHT,AVAXUSDT,1.0,10.857,10.858,10.8575,0.9210647508539616,10523267923,10.857,10.858,254,24,601387.0294699997,803379.3410799996,694460.5578899994,917177.8995899997,1036.9370900000001,5533.488659999999,115172.82667999998,132854.98009000003,251513.39313999997,261753.39167,464544.83075000014,375092.2716000001,520021.8292200001,441231.9616500003
2026-10-08T08:28:00.977185+00:00,obs-20261007-01,LIGHT,FILUSDT,1.0,1.0581,1.0583,1.0582,1.8901805122384374,9897218071,1.0581,1.0582,193,3,77087.67857600003,63446.16037799998,77612.36041700003,59842.19463500002,38.800527,280.815069,100429.87943999999,76139.13269199998,195286.19842899992,152051.893635,253025.77251099996,202734.79094599994,308891.33239700005,258268.77128099985
2026-10-08T08:28:00.977185+00:00,obs-20261007-01,LIGHT,ALGOUSDT,1.0,0.125,0.1251,0.12505,7.999999999999119,5665070575,0.125,0.1251,299,56,381763.86470000003,406942.6553,289656.6393999999,395906.5456000002,10540.217599999998,6549.077700000001,22148.208,18064.1154,66356.7139,69404.7192,147352.9632,109027.88070000001,194899.23190000004,137036.6527
2026-10-08T08:28:00.977185+00:00,obs-20261007-01,LIGHT,XRPUSDT,1.0,1.4115,1.4116,1.41155,0.7084661707401629,26681270554,1.4115,1.4116,327,38,1762492.9116900002,1346579.7248299995,1667497.2999200004,1505484.7012299998,67415.56341,41029.242710000006,882338.67637,703489.7317100001,1346178.8323799996,1083999.32219,2347384.1493599988,1981764.71066,2803709.0984999994,2189232.289029999
2026-10-08T08:28:00.977185+00:00,obs-20261007-01,LIGHT,HBARUSDT,1.0,0.09414,0.09415,0.094145,1.0622477161659205,8394566818,0.09414,0.09415,246,50,1361842.0055599997,638245.5658599996,1357402.4195999997,657344.98072,3187.0748200000003,19152.796899999998,163136.71732999998,112488.04262000002,324990.54642,208780.05692,487620.4486699999,350996.37261,858260.7460999998,714533.12689
2026-10-08T08:29:00.988085+00:00,obs-20261007-01,LIGHT,PEPEUSDT,1.0,4.04e-06,4.05e-06,4.045e-06,24.752475247524774,8828384256,4.04e-06,4.05e-06,123,11,212571.41820838006,84941.13726910001,210725.99049985,101561.98574415002,89.5880908,922.3995608999999,109008.59576740001,125362.34519400001,296990.89424839005,275020.88768844004,601619.5901227901,499412.96361807006,936245.3346733601,741603.6618994701
2026-10-08T08:29:00.988085+00:00,obs-20261007-01,LIGHT,BNBUSDT,1.0,768.34,768.35,768.345,0.13015071452793237,20913051753,768.34,768.35,354,58,829856.7890300003,609624.6449,796687.8367099998,613258.5352599999,3670.949929999999,16548.921629999993,805074.2990300003,865059.6603,1596209.1920699994,1538323.0847300002,3130795.8528699973,3278338.5410099975,6113163.405830009,5082600.174630001
2026-10-08T08:29:00.988085+00:00,obs-20261007-01,LIGHT,AAVEUSDT,1.0,172.14,172.15,172.14499999999998,0.5809225049380196,10441542974,172.14,172.15,169,10,325664.98365999997,98037.58431999998,323208.11977,94717.09306000001,1003.38936,413.45245,94777.16107999998,82670.64503999999,172694.54404999994,127820.26483,274683.5468000001,176723.19193000003,789047.7064000001,235706.96539
2026-10-08T08:29:00.988085+00:00,obs-20261007-01,LIGHT,AVAXUSDT,1.0,10.856,10.857,10.8565,0.921149594692583,10523269874,10.856,10.857,262,26,646034.4668699998,688036.2042699999,542389.98324,620480.8394500002,2025.03932,2313.28463,174149.69185000003,183877.08983999994,335317.7362599999,328674.5476399999,568391.16182,442634.91585999995,626577.8872900001,508726.3437100001
2026-10-08T08:29:00.988085+00:00,obs-20261007-01,LIGHT,FILUSDT,1.0,1.0579,1.058,1.05795,0.9452689290112559,9897219004,1.0579,1.058,215,3,76812.266481,57501.54611500003,78435.26855800004,44793.60271699998,5.500560000000001,271.092528,105046.719054,91788.94834500001,203325.66446499992,165037.491309,251447.24757799992,215442.734344,307540.92450699996,270976.71467899997
2026-10-08T08:29:00.988085+00:00,obs-20261007-01,LIGHT,ALGOUSDT,1.0,0.1248,0.1249,0.12484999999999999,8.012820512821595,5665071582,0.1248,0.1249,182,17,98369.22209999998,130789.62109999999,113197.59990000003,116123.23070000001,2587.6157,124.254,36891.2531,20310.6017,85810.8812,67478.5347,142024.9928,116753.8173,186650.79680000004,141986.59319999997
2026-10-08T08:29:00.988085+00:00,obs-20261007-01,LIGHT,XRPUSDT,1.0,1.4111,1.4112,1.4111500000000001,0.7086669973777049,26681272485,1.4111,1.4112,297,18,814551.9616699998,792880.8787700001,877447.0529399998,663172.1148800002,9429.52339,14187.43351,881397.7558999999,784673.3700200001,1307302.57188,1208465.4144500003,2284755.2201799992,2084603.3781900008,2765744.84474,2316759.5114800013
2026-10-08T08:29:00.988085+00:00,obs-20261007-01,LIGHT,HBARUSDT,1.0,0.09412,0.09413,0.094125,1.0624734381647905,8394567716,0.09412,0.09413,230,15,632306.1481799997,98910.13768999997,639155.17809,88724.79186000001,2068.95172,3572.34656,166795.30986,123338.88172000002,302532.47448,217891.92666000003,487551.15875,361172.97108000016,851411.72936,724718.4727200001
2026-10-08T08:30:00.988866+00:00,obs-20261007-01,LIGHT,PEPEUSDT,1.0,4.04e-06,4.05e-06,4.045e-06,24.752475247524774,8828384550,4.04e-06,4.05e-06,105,13,30805.074817760007,252231.23227438005,40705.83483226,213760.63176491007,199.32158504,3213.33406695,93302.30026716001,162644.98090320002,287818.50344924,307011.72549982,591718.83010829,537883.5641275401,925452.8187553799,780074.26240894
2026-10-08T08:30:00.988866+00:00,obs-20261007-01,LIGHT,BNBUSDT,1.0,768.4,768.41,768.405,0.1301405517950549,20913053218,768.4,768.41,324,67,345364.5318300001,417892.17222999997,357087.74260999996,397365.20410999993,11509.83004,15324.100989999997,744927.17873,868724.7788499998,1591001.67287,1559531.6741300002,3116153.8765299986,3298946.220809997,6082760.656280011,5103331.163409997
2026-10-08T08:30:00.988866+00:00,obs-20261007-01,LIGHT,AAVEUSDT,1.0,172.16,172.17,172.165,0.5808550185859573,10441544273,172.16,172.17,190,13,411312.82198999985,102619.75627000001,413771.44431000017,106005.05025999999,56.81152,438.10779,112218.02857000002,78563.71976999998,186495.27229999998,127126.95651999998,270692.5877100001,173384.14736000006,777299.5955400001,232326.93940000003
2026-10-08T08:30:00.988866+00:00,obs-20261007-01,LIGHT,AVAXUSDT,1.0,10.856,10.857,10.8565,0.921149594692583,10523272661,10.856,10.857,350,27,1004183.6304199996,990338.1843099998,1014885.0938599997,979099.9509499994,13424.643999999998,3662.2176899999995,132940.93213,185198.14883,325405.89304000005,329715.53867,557689.6983800001,453867.55554000015,616658.71956,518933.6348800003
2026-10-08T08:30:00.988866+00:00,obs-20261007-01,LIGHT,FILUSDT,1.0,1.0582,1.0583,1.0582500000000001,0.945000945000718,9897220190,1.0582,1.0583,200,8,156193.33548499996,101319.89812400001,149337.0295159999,111932.988155,0.0,489.79413600000004,108990.78448599998,74738.307574,201749.8420989999,155304.46891599998,258259.0764029999,205107.254425,313619.919555,260383.30241799986
2026-10-08T08:30:00.988866+00:00,obs-20261007-01,LIGHT,ALGOUSDT,1.0,0.125,0.1251,0.12505,7.999999999999119,5665073535,0.125,0.1251,250,39,239178.0351000001,269482.1814,223649.3899,280159.518,15454.896899999998,3282.6870000000004,29090.146999999997,18551.3212,86593.6379,57939.246699999996,145020.0206,112481.2647,193630.65729999996,134015.46829999998
2026-10-08T08:30:00.988866+00:00,obs-20261007-01,LIGHT,XRPUSDT,1.0,1.4116,1.4117,1.4116499999999998,0.708415981864885,26681274487,1.4116,1.4117,320,37,902968.1380500004,524535.9269499999,908496.3206099997,596571.16373,57298.61536,16271.294819999996,814272.3554499998,742874.72351,1121161.3140099996,1149489.3987399999,2225673.501779999,2044193.5901100002,2730439.8638799996,2249297.7451700014
2026-10-08T08:30:00.988866+00:00,obs-20261007-01,LIGHT,HBARUSDT,1.0,0.09413,0.09414,0.094135,1.062360565176057,8394570784,0.09414,0.09415,260,79,827970.4358899998,1022782.9343499999,879655.4623400001,868329.4429800002,14927.94745,17532.63778,132723.3908,145492.39734999998,250960.14301999993,197132.08122999998,435858.5839099999,398366.58273000014,797929.8116299998,763392.2062800002
2026-10-08T08:31:01.014079+00:00,obs-20261007-01,LIGHT,PEPEUSDT,1.0,4.03e-06,4.04e-06,4.035e-06,24.81389578163684,8828385636,4.03e-06,4.04e-06,272,20,226573.14505369993,662417.1690615603,335875.52915439993,487109.42831054993,8967.367127880001,1185.49305589,151241.85340849002,41867.47116952,298108.79618383,261942.88893172,647309.16248759,609181.11746303,911188.08489249,957881.78415372
2026-10-08T08:31:01.014079+00:00,obs-20261007-01,LIGHT,BNBUSDT,1.0,768.05,768.06,768.055,0.1301998567804219,20913061793,768.05,768.06,452,162,5839165.70518,5978017.443539994,6086865.639200002,5744442.289879998,33274.91923000001,69485.78750000002,793406.3023800002,777129.7405899998,1538634.2192399998,1570122.9905699997,3351539.0047800005,3438467.9939899975,6068381.867760006,5327682.29658
2026-10-08T08:31:01.014079+00:00,obs-20261007-01,LIGHT,AAVEUSDT,1.0,171.97,171.98,171.975,0.58149677269137,10441548386,171.97,171.98,374,48,670588.0970399996,296723.15908999974,752879.82166,316433.1247999998,7917.38576,2570.3191499999994,79665.20121000001,61218.067399999985,118446.53737999997,97147.62806000006,198931.7075700001,151054.87690000012,713259.5856400001,211466.27740000008
2026-10-08T08:31:01.014079+00:00,obs-20261007-01,LIGHT,AVAXUSDT,1.0,10.848,10.849,10.848500000000001,0.9218289085533016,10523280329,10.848,10.849,461,124,1404282.3056600008,2589192.2474899995,1424627.8655299991,2592009.0250199987,8868.581760000001,10205.218189999998,125109.79093,166553.52283,340028.36192,310678.44921000005,539604.3456200002,450171.6527300001,597289.1426600002,516057.2479500002
2026-10-08T08:31:01.014079+00:00,obs-20261007-01,LIGHT,FILUSDT,1.0,1.0571,1.0573,1.0572,1.8919685933216357,9897223989,1.0571,1.0573,372,46,523185.04365400004,296786.431947,546342.9953530002,301177.6876850001,639.829898,1677.89675,109315.18576999998,52377.897765999995,175120.22947199998,124926.97071799998,242370.63895000005,200172.34620500004,293760.81209899986,253858.74203599987
2026-10-08T08:31:01.014079+00:00,obs-20261007-01,LIGHT,ALGOUSDT,1.0,0.1251,0.1253,0.12519999999999998,15.98721023181593,5665077055,0.1251,0.1253,342,69,551400.6287000001,447940.7379999999,536299.5440999999,467642.5043000001,15658.080699999999,30020.9424,24198.1057,29043.8909,79515.9832,53421.2644,143872.81910000002,84100.57989999998,204970.8651,112343.59139999998
2026-10-08T08:31:01.014079+00:00,obs-20261007-01,LIGHT,XRPUSDT,1.0,1.4103,1.4104,1.4103500000000002,0.7090689924127425,26681285239,1.4103,1.4104,512,140,5130445.384740001,5327224.719340002,5233483.401009998,5053687.92515,102208.03629000002,21930.645729999997,788023.76409,967812.6032599997,1340206.9230499999,1283667.2105799995,2181467.5441499995,2278813.5372699983,2683824.53623,2520604.995799998
2026-10-08T08:31:01.014079+00:00,obs-20261007-01,LIGHT,HBARUSDT,1.0,0.09402,0.09403,0.094025,1.0636034886180035,8394575983,0.09402,0.09403,427,85,1737646.517349999,1889944.5233300005,1760295.6057700005,1889715.3938299993,19167.946010000003,9046.383749999999,148946.41455000002,147457.74305999998,253704.36095000003,231462.10217999996,416139.58458,388253.17559000006,776429.3185,751771.6216200001
2026-10-08T08:32:01.026896+00:00,obs-20261007-01,LIGHT,PEPEUSDT,1.0,4.03e-06,4.04e-06,4.035e-06,24.81389578163684,8828386653,4.03e-06,4.04e-06,235,21,391333.73979968997,483065.20306087,348501.63434367,440628.13011891,12491.800365720002,5461.342294149999,148702.75364139,75630.00701868,295508.86849023,288633.57491238,671111.72810361,607921.9051010701,922389.23822741,946235.01943499
2026-10-08T08:32:01.026896+00:00,obs-20261007-01,LIGHT,BNBUSDT,1.0,767.9,767.91,767.905,0.13022528975170644,20913066251,767.9,767.91,382,90,2305269.89772,2016369.0525599995,2340764.857979999,1997220.989790002,50701.70457,1277.19794,660195.72067,699323.6228099997,1521873.5502699998,1571819.53915,3317871.092540001,3456128.359809999,6077084.478600008,5259582.511599999
2026-10-08T08:32:01.026896+00:00,obs-20261007-01,LIGHT,AAVEUSDT,1.0,171.96,171.97,171.965,0.5815305885081834,10441550186,171.96,171.97,247,18,728862.9017699996,228934.20286999995,656381.6710199995,195767.6688699999,728.17418,1578.69387,103828.97924,82942.93038,168255.02269,125892.89304000008,271457.5438200001,184221.4109000001,790107.8991200001,244506.16538000008
2026-10-08T08:32:01.026896+00:00,obs-20261007-01,LIGHT,AVAXUSDT,1.0,10.839,10.84,10.839500000000001,0.9225943352708654,10523283908,10.839,10.84,366,47,1027222.9519100001,1208510.1364699996,1030343.7702200002,1216121.2056900002,570.3737200000002,8600.87802,128115.07706,141528.75748,348036.34802000003,300340.33031,539165.9957699999,442435.52155000006,602957.1077399999,508182.26912000024
2026-10-08T08:32:01.026896+00:00,obs-20261007-01,LIGHT,FILUSDT,1.0,1.0576,1.0577,1.0576500000000002,0.9455370650535144,9897226889,1.0576,1.0577,380,70,448268.55020699993,239830.29473100012,428147.9619640001,239064.0297209999,18473.156651999987,10066.396777,107855.96245300001,74906.226561,189346.65261600004,148296.49913699998,255441.14662200012,201138.6573400001,313908.8140480001,254635.01625699995
2026-10-08T08:32:01.026896+00:00,obs-20261007-01,LIGHT,ALGOUSDT,1.0,0.1251,0.1252,0.12514999999999998,7.993605115907965,5665079014,0.1251,0.1252,291,33,441547.00810000004,226384.21560000008,432347.212,219090.96249999997,5540.3090999999995,2468.6996999999997,25976.5884,22545.888400000003,71867.8401,51187.66700000001,151603.1564,91361.27620000001,202931.8168,125441.04780000001
2026-10-08T08:32:01.026896+00:00,obs-20261007-01,LIGHT,XRPUSDT,1.0,1.4092,1.4093,1.4092500000000001,0.7096224808411655,26681290534,1.4092,1.4093,442,86,3138774.57991,2721071.735429999,3148769.4908000007,2722899.163079999,33802.83742,35073.649439999994,846703.7337999999,1028368.0772799999,1180502.5828000002,1265332.3259700001,2172914.6611300004,2275535.75674,2643073.4561000005,2515656.9837899995
2026-10-08T08:32:01.026896+00:00,obs-20261007-01,LIGHT,HBARUSDT,1.0,0.09402,0.09403,0.094025,1.0636034886180035,8394578906,0.09402,0.09403,357,41,642302.6736699999,570210.1538399999,629635.3376,584358.7781700003,8588.78293,4412.29419,153550.80525,138860.50734,264982.80915,219237.38030000002,428806.92064999987,374104.5512600001,789090.2012499999,737622.9972900002
2026-10-08T08:33:01.027553+00:00,obs-20261007-01,LIGHT,PEPEUSDT,1.0,4.03e-06,4.04e-06,4.035e-06,24.81389578163684,8828387331,4.03e-06,4.04e-06,243,24,196792.01758148006,197151.33638858006,227105.28798307,241844.68137297998,9375.607951580001,1798.64099872,80409.24434673,155099.15806436,269253.56027457,328062.74154686,640798.45770202,563228.56011667,927679.7202209199,893713.91230268
2026-10-08T08:33:01.027553+00:00,obs-20261007-01,LIGHT,BNBUSDT,1.0,767.43,767.44,767.435,0.13030504411037924,20913072060,767.43,767.44,421,121,4460372.050870007,5298271.119649997,4476190.528219999,5333622.56042,19403.86289,17165.29878,848704.2366,762735.4868099996,1556318.27957,1476323.4766499985,4100268.1303400015,3332420.0725299986,6083681.498890013,5280286.54982
2026-10-08T08:33:01.027553+00:00,obs-20261007-01,LIGHT,AAVEUSDT,1.0,171.78,171.79,171.785,0.5821399464434052,10441552184,171.78,171.79,246,28,677971.05213,227864.05927,690622.2935100001,219980.40109,1147.98588,502.80136,105816.47486999999,85161.74908,175697.52660999997,122852.38113999994,261791.05998000002,190234.5544,796520.9753500001,248391.07589000007
2026-10-08T08:33:01.027553+00:00,obs-20261007-01,LIGHT,AVAXUSDT,1.0,10.811,10.812,10.811499999999999,0.9249838127822763,10523289686,10.811,10.812,416,82,2169553.7209899975,898522.9408299996,2237496.0728199985,859377.9099100006,21059.631469999997,13429.55857,196290.65119,137918.8791,351624.69182,314952.3311999999,489293.62256,479721.1359999999,569811.0884599999,544741.2345999999
2026-10-08T08:33:01.027553+00:00,obs-20261007-01,LIGHT,FILUSDT,1.0,1.0553,1.0555,1.0554000000000001,1.8951956789559077,9897229520,1.0553,1.0555,340,65,381293.9755309999,211762.11412600012,403585.460641,192660.36370099997,6753.462950999998,34.972642,98764.62428399999,66499.991425,203592.91899099993,144576.954378,255181.09111100002,211605.34451200004,300460.0649949996,264947.31893500005
2026-10-08T08:33:01.027553+00:00,obs-20261007-01,LIGHT,ALGOUSDT,1.0,0.1258,0.1259,0.12585000000000002,7.949125596184992,5665084279,0.1258,0.1259,382,91,684653.6207999993,627860.4974999996,617211.1559999997,640336.5677000001,9897.7265,19929.365200000004,15563.9663,14811.3267,35135.722700000006,47634.007600000004,148558.4829,94134.09800000001,177138.25670000003,126469.38980000002
2026-10-08T08:33:01.027553+00:00,obs-20261007-01,LIGHT,XRPUSDT,1.0,1.4069,1.407,1.4069500000000001,0.7107825716112792,26681296725,1.4069,1.407,461,84,4431547.124430001,3973305.8244099994,4489376.9944400005,3915940.8642200013,119497.83539999997,25579.494039999998,772323.6210499997,879806.3016799999,1214559.8183000004,1429821.4130499996,2222389.4909700006,2193294.9541899986,2901818.1059100004,2547327.460249999
2026-10-08T08:33:01.027553+00:00,obs-20261007-01,LIGHT,HBARUSDT,1.0,0.09378,0.09379,0.09378500000000001,1.0663254425247182,8394581870,0.09378,0.09379,363,37,852938.50253,1578711.5967199998,880002.6566499998,1542480.1691599996,4419.92922,1969.5326,145717.78819,140228.95880999998,256489.97618999993,232051.77554,414497.2926299999,388675.2312199999,781204.2858499998,750349.0647599997
2026-10-08T08:34:01.032091+00:00,obs-20261007-01,LIGHT,PEPEUSDT,1.0,4.03e-06,4.04e-06,4.035e-06,24.81389578163684,8828388017,4.03e-06,4.04e-06,201,13,231001.35254464,345363.13065338,219044.52504260006,348506.03018881974,20605.911788280002,6481.068571760001,103040.4301888,118410.50112728,284015.51348956,325454.02609208005,652755.28520406,560085.6605812301,939509.28452408,890651.5680577202
2026-10-08T08:34:01.032091+00:00,obs-20261007-01,LIGHT,BNBUSDT,1.0,767.58,767.59,767.585,0.1302795799795753,20913078553,767.58,767.59,424,158,5932821.653259998,8135487.512769997,5979533.700039999,8337234.148530002,40469.46876000001,29825.372620000006,910318.1350499999,838757.5075599994,1661076.3404299992,1434144.4042499987,3973919.2669199994,3134692.1973499986,6137144.674100014,5234467.370759999
2026-10-08T08:34:01.032091+00:00,obs-20261007-01,LIGHT,AAVEUSDT,1.0,171.81,171.82,171.815,0.5820382981203132,10441555507,171.81,171.82,301,64,599579.00906,280497.3244599999,621441.1413199991,287994.28533000004,2472.0270199999995,13607.53856,123258.38402,74880.53410000002,186744.70247000008,112536.10918000001,241059.39762000018,180309.77383,779493.20324,238376.95955000006
2026-10-08T08:34:01.032091+00:00,obs-20261007-01,LIGHT,AVAXUSDT,1.0,10.821,10.822,10.8215,0.9241290084083253,10523298974,10.821,10.822,441,185,1889279.4471199994,2175557.620089999,1807491.5726200005,2180885.2471700003,70886.26092,56544.65202000001,183172.49438,169493.2483,426531.80391,345796.6312199999,566610.2239899999,474537.27310999983,639409.4415299996,539532.1337899999
2026-10-08T08:34:01.032091+00:00,obs-20261007-01,LIGHT,FILUSDT,1.0,1.0572,1.0574,1.0573,1.8917896329928574,9897232857,1.0572,1.0574,356,40,406341.21552200004,246281.257446,368275.450818,293544.4061019999,286.920683,12455.040584999999,92544.36758,63833.44665799999,174937.58842399996,131526.62819400002,278231.2692300001,172878.15934100005,336230.98716699996,220753.51167799995
2026-10-08T08:34:01.032091+00:00,obs-20261007-01,LIGHT,ALGOUSDT,1.0,0.1264,0.1265,0.12645,7.911392405062223,5665086213,0.1264,0.1265,280,31,406487.96879999974,216843.7488999998,318748.98469999986,234133.85459999996,4295.448700000001,5381.5731,15117.064900000001,17816.9224,38622.786,53169.83409999999,117612.9471,98040.7952,185151.3763,122496.67849999998
2026-10-08T08:34:01.032091+00:00,obs-20261007-01,LIGHT,XRPUSDT,1.0,1.4091,1.4092,1.40915,0.7096728408195752,26681305512,1.4091,1.4092,481,161,5320420.030509995,4993198.0451900065,5003970.484599996,5337383.974000001,91701.77616999997,324407.11351999996,923534.9843200004,569991.07623,1426462.137990001,1121855.7369600001,2431773.1086500026,1990940.8550300004,2926100.366360003,2231740.149670001
2026-10-08T08:34:01.032091+00:00,obs-20261007-01,LIGHT,HBARUSDT,1.0,0.09394,0.09395,0.093945,1.0645092612326934,8394586089,0.09394,0.09395,374,66,1864648.6252799982,1324543.2674399992,1747943.45383,1358966.1169199995,5533.2631,18145.795729999998,173621.28525000002,121177.65542000001,274109.82728,213124.6558500001,416226.40747,364424.96851000015,784075.0474699998,725447.0860900002
2026-10-08T08:35:01.041534+00:00,obs-20261007-01,LIGHT,PEPEUSDT,1.0,4.03e-06,4.04e-06,4.035e-06,24.81389578163684,8828388424,4.03e-06,4.04e-06,125,8,144802.62075146,362895.4726737798,138947.22601954002,359710.3200864398,0.0,888.8,86633.0408541,142914.31660572,281188.0271493,329243.16051942,658610.6799359799,563270.81316857,945357.1150551399,893855.2858504601
2026-10-08T08:35:01.041534+00:00,obs-20261007-01,LIGHT,BNBUSDT,1.0,767.26,767.27,767.265,0.13033391549122086,20913083409,767.26,767.27,392,163,3334879.5812799986,3586178.639859999,3526517.334349999,3509334.39441,46323.571049999984,1767.5589499999994,807607.72362,794336.3161799996,1535107.47001,1506288.2185399989,3786882.467229999,3126841.0590600013,6181387.323210015,5072789.200269999
2026-10-08T08:35:01.041534+00:00,obs-20261007-01,LIGHT,AAVEUSDT,1.0,171.81,171.82,171.815,0.5820382981203132,10441558188,171.81,171.82,272,32,507071.95251999993,246616.66685,477954.8912100004,242282.35880999998,4095.4437699999994,1513.72668,130872.46362,76762.05680999998,215099.62064999994,117956.48992999998,270176.45893,184644.08187,807148.4312399998,242711.26759000006
2026-10-08T08:35:01.041534+00:00,obs-20261007-01,LIGHT,AVAXUSDT,1.0,10.811,10.812,10.811499999999999,0.9249838127822763,10523304309,10.811,10.812,406,70,964731.8193199995,1794359.9847500005,1039700.6160500005,1757678.8466499997,9693.213939999996,6763.972969999999,174436.55748,178275.40805,365435.58604,376602.26392000006,496112.70033,510140.21752,576702.90426,575196.1977600001
2026-10-08T08:35:01.041534+00:00,obs-20261007-01,LIGHT,FILUSDT,1.0,1.0571,1.0572,1.05715,0.9459842966608178,9897235271,1.0571,1.0572,323,47,450644.8783159996,244186.0185280001,468720.1888379999,229496.5118550001,7184.667754,3457.043056,80476.43743,63758.04056200001,195287.26976300002,138437.49764900003,264155.8467180001,191612.63303900007,322237.7219589999,239932.49507799998
2026-10-08T08:35:01.041534+00:00,obs-20261007-01,LIGHT,ALGOUSDT,1.0,0.1269,0.127,0.12695,7.880220646176994,5665089987,0.1269,0.127,361,109,343531.6852999996,423437.24030000024,252958.3009,441496.12419999985,18862.554200000002,24458.217100000016,26951.6956,23355.893,46599.1536,57059.7465,111665.82810000001,102783.3592,188974.18369999997,137740.5397
2026-10-08T08:35:01.041534+00:00,obs-20261007-01,LIGHT,XRPUSDT,1.0,1.4087,1.4088,1.40875,0.7098743522404583,26681310390,1.4087,1.4088,410,61,2640293.754530002,2848909.01484,2780052.5749499984,2656053.313870002,31537.210050000005,30310.47430000001,878891.7443700002,943251.9471399996,1303632.5054100007,1180325.9716499988,2374234.635000002,2183172.2664499986,2787367.588810002,2422723.6815399984
2026-10-08T08:35:01.041534+00:00,obs-20261007-01,LIGHT,HBARUSDT,1.0,0.0939,0.09391,0.09390499999999999,1.0649627263048522,8394588960,0.0939,0.09391,353,50,847714.2239499999,566517.9518100001,835250.1372299996,549769.2636299998,11845.0689,3280.31257,145262.76486000002,122444.03494000001,271221.75764,190176.31441000002,429240.95032999996,381158.95269000006,792281.9215499999,741906.17033
2026-10-08T08:36:01.042004+00:00,obs-20261007-01,LIGHT,PEPEUSDT,1.0,4.03e-06,4.04e-06,4.035e-06,24.81389578163684,8828388679,4.03e-06,4.04e-06,149,13,118661.58079819001,473602.58456392976,312483.63040718,551667.9366204998,2264.38118764,970.5358256000002,40799.9860606,98476.80860296001,179546.43588148,311657.58078391,464788.63032699,485205.46111200005,658841.66878896,699229.2785882499
2026-10-08T08:36:01.042004+00:00,obs-20261007-01,LIGHT,BNBUSDT,1.0,767.22,767.23,767.225,0.13034071061790442,20913086553,767.19,767.2,392,106,1222895.1618799998,2172794.4557300005,1598391.37409,2558511.28244,53813.588859999974,1687.897,496479.6049799999,454498.4682699999,1159460.38583,1082088.52375,3411605.7710199994,2740848.3666700004,5798113.225020012,4653746.16292
2026-10-08T08:36:01.042004+00:00,obs-20261007-01,LIGHT,AAVEUSDT,1.0,171.87,171.88,171.875,0.5818351079289741,10441559615,171.87,171.88,196,15,733859.90759,123173.72300000001,790709.1069199998,182932.13036999994,245.82828999999998,4777.840329999999,93743.35737,62263.84700999999,147242.39947,91793.02728999998,206735.42120000007,122425.08806999997,747752.6149999998,183054.87022999997
2026-10-08T08:36:01.042004+00:00,obs-20261007-01,LIGHT,AVAXUSDT,1.0,10.811,10.812,10.811499999999999,0.9249838127822763,10523309168,10.811,10.812,388,70,621977.65662,1541032.557970001,732768.4887600001,1715466.3691300016,8375.59352,5957.04162,129371.65436,124937.70266000001,281706.09521999996,200999.02131000004,385321.86818999995,335706.4063600001,465822.2279200001,400762.3866000003
2026-10-08T08:36:01.042004+00:00,obs-20261007-01,LIGHT,FILUSDT,1.0,1.0574,1.0575,1.05745,0.9457159069437004,9897237595,1.0574,1.0575,341,19,391310.6688089999,97198.46413799995,528467.9547489999,234672.05478999994,2758.8517659999998,2937.456326,29578.20988300001,34040.347688,89372.929271,49590.274443999995,126962.57800299996,54334.025244,171064.14451499988,88329.22352
2026-10-08T08:36:01.042004+00:00,obs-20261007-01,LIGHT,ALGOUSDT,1.0,0.1271,0.1272,0.12714999999999999,7.867820613691734,5665093595,0.127,0.1272,345,118,422609.9131000001,467581.77850000013,396713.1644,476640.49310000037,22652.229700000004,19615.0686,9248.1456,14193.5229,22531.2314,54187.337999999996,104524.0506,87908.2576,173223.3957,116444.8001
2026-10-08T08:36:01.042004+00:00,obs-20261007-01,LIGHT,XRPUSDT,1.0,1.4081,1.4082,1.40815,0.7101768340311843,26681313662,1.4081,1.4082,363,43,1470248.0434100013,1090903.17261,1951882.7906399998,1565869.0288899995,9865.043160000001,3412.4598000000005,503154.18150000006,705929.1404099999,964632.9801200001,823595.37841,1904623.2215899995,1704936.42989,2577221.1640500007,1947146.4612499995
2026-10-08T08:36:01.042004+00:00,obs-20261007-01,LIGHT,HBARUSDT,1.0,0.09388,0.09389,0.093885,1.065189603748351,8394591529,0.09388,0.09389,309,28,1153687.0586799993,1349921.959000001,1271327.4777299992,1441768.6203299991,2456.5846599999995,4531.50373,71164.98780000003,77699.12705000001,158348.01550000004,103703.53894000004,311622.83928,288283.64088000014,674649.4726499997,636568.2548800001
2026-10-08T08:37:01.071337+00:00,obs-20261007-01,LIGHT,PEPEUSDT,1.0,4.02e-06,4.03e-06,4.025e-06,24.875621890549926,8828389421,4.02e-06,4.03e-06,196,21,343265.08843105,213447.22742654005,491662.1085658001,204308.11319413,11281.71631587,2193.69028693,84568.22127125999,59685.491711300005,180411.20262382,159974.02066754003,366094.09786197,405719.44767333,613598.42390788,627366.37393394
2026-10-08T08:37:01.071337+00:00,obs-20261007-01,LIGHT,BNBUSDT,1.0,766.98,766.99,766.985,0.13038149625721474,20913090480,766.98,766.99,406,133,2396219.3207400003,2487091.7506399998,2331368.393260001,2516901.3482800005,33208.24993,4160.624059999999,676956.6714900001,513339.84536999994,1210667.85361,1030886.4578099998,3669075.0074000005,2703524.1950299996,5932620.241470014,4621836.592839998
2026-10-08T08:37:01.071337+00:00,obs-20261007-01,LIGHT,AAVEUSDT,1.0,171.71,171.72,171.715,0.5823772639912406,10441561386,171.71,171.72,295,19,553098.5684600002,165640.81374999997,564831.5175500001,164374.85086999997,2850.78165,641.6297999999999,75111.58567000003,67829.98247,146287.66429,86217.53537999994,671695.50041,120931.43566999996,740641.8886999999,181505.57452999995
2026-10-08T08:37:01.071337+00:00,obs-20261007-01,LIGHT,AVAXUSDT,1.0,10.8,10.801,10.8005,0.9259259259253305,10523313945,10.8,10.801,412,62,1490327.4585899992,946739.3860000005,1438542.8147699998,982039.3486600005,9340.785890000001,20660.40933,217927.96756999995,96269.64979000002,331420.32204000006,194411.73990999997,443959.4856600001,299573.0655400001,512364.0311200003,365037.9608900003
2026-10-08T08:37:01.071337+00:00,obs-20261007-01,LIGHT,FILUSDT,1.0,1.0558,1.0559,1.05585,0.9471490812651417,9897240977,1.0558,1.0559,369,140,490424.6196189998,152285.30193599995,489973.1358879999,144354.98521400004,33645.197919999984,684.567538,36748.541162,31427.682790999996,80065.777025,53377.45528,131349.64716499994,61215.140126999984,177018.44048699987,93741.12692000004
2026-10-08T08:37:01.071337+00:00,obs-20261007-01,LIGHT,ALGOUSDT,1.0,0.1266,0.1267,0.12664999999999998,7.898894154818592,5665095543,0.1266,0.1267,330,56,390378.2354000002,236552.45300000004,409388.9896999999,218026.1119999999,8991.129200000001,5701.7003,9726.3534,14693.4403,26763.732,45018.0784,112449.75749999999,87322.3396,149143.88929999998,110916.41249999999
2026-10-08T08:37:01.071337+00:00,obs-20261007-01,LIGHT,XRPUSDT,1.0,1.4065,1.4066,1.4065500000000002,0.7109847138275782,26681318725,1.4065,1.4066,441,54,3320265.456929998,2811476.1047600005,3293387.28753,2396446.56892,70558.18588999998,13606.50546,583400.61019,583026.0960600001,941601.0924700001,1005650.2865900004,1945336.5555399996,1961601.80589,2637244.351310001,2208397.8837700007
2026-10-08T08:37:01.071337+00:00,obs-20261007-01,LIGHT,HBARUSDT,1.0,0.09373,0.09374,0.093735,1.066894270778107,8394593849,0.09373,0.09374,320,28,421361.2476,1739157.2619999999,418265.68091000005,1737350.55098,4085.019930000001,1907.94254,96770.99935,70597.76171,168609.97567,129588.73002,315661.98719,274131.40599999996,684145.3122999996,626261.8639599999
2026-10-08T08:38:01.076990+00:00,obs-20261007-01,LIGHT,PEPEUSDT,1.0,4.02e-06,4.03e-06,4.025e-06,24.875621890549926,8828390136,4.02e-06,4.03e-06,172,19,241014.77882383994,162065.84721713004,243681.10464487004,264122.50118477,4328.7482627300005,6341.22131941,95353.69043783999,47700.754231260005,177805.01231084997,155907.5118107,363427.77204094,303662.79370569,610715.75839832,525579.4903463699
2026-10-08T08:38:01.076990+00:00,obs-20261007-01,LIGHT,BNBUSDT,1.0,767.0,767.01,767.005,0.13037809647897802,20913092561,767.0,767.01,367,105,1065948.1936099997,915576.2925199996,972755.9732299998,932238.3317799999,18246.454359999996,9568.20051,671195.2628499999,538658.73554,1303790.6645,998731.45296,3572389.16808,2686931.100590001,6025756.192120015,4601640.090489999
2026-10-08T08:38:01.076990+00:00,obs-20261007-01,LIGHT,AAVEUSDT,1.0,171.81,171.82,171.815,0.5820382981203132,10441563030,171.81,171.82,262,19,537419.8283599999,149099.58925,529331.8703399998,151979.65929999994,1829.21155,454.8386700000001,81775.82418000003,57870.497110000004,147682.27306000004,89105.41464,205940.5236600001,120705.11649,736536.4296899998,178618.10565
2026-10-08T08:38:01.076990+00:00,obs-20261007-01,LIGHT,AVAXUSDT,1.0,10.801,10.802,10.8015,0.9258401999812094,10523318611,10.801,10.802,423,100,1734328.90581,851117.939,1759452.6720299984,852417.9449900002,58904.78394999997,34754.85226000001,164946.05444,79514.73904999999,302666.36111000006,182874.32992,418835.7194400002,299021.74422,487256.5909200002,362730.5330200002
2026-10-08T08:38:01.076990+00:00,obs-20261007-01,LIGHT,FILUSDT,1.0,1.0571,1.0573,1.0572,1.8919685933216357,9897244840,1.0571,1.0573,371,43,710913.7381710003,220524.92631900002,696786.6178120004,228755.04760499997,6465.910201999999,4257.380351000001,60092.31562900001,26917.660437,105054.38735500003,48386.81657099999,141548.1635820001,53839.237822999996,185365.97423500003,87571.363624
2026-10-08T08:38:01.076990+00:00,obs-20261007-01,LIGHT,ALGOUSDT,1.0,0.1271,0.1272,0.12714999999999999,7.867820613691734,5665098850,0.1271,0.1272,435,42,700681.8960999998,357576.0431999998,549492.2734999999,369641.84750000003,2650.1814,19029.3264,12073.4693,17019.5128,29484.1207,49635.3401,134074.1102,89727.54450000002,178414.40179999996,105845.36310000005
2026-10-08T08:38:01.076990+00:00,obs-20261007-01,LIGHT,XRPUSDT,1.0,1.4074,1.4075,1.4074499999999999,0.7105300554210991,26681322754,1.4074,1.4075,383,54,2591779.123769999,1387077.69306,2524437.614400001,1577180.3136100003,19972.7562,5161.372229999998,656209.3137200001,610818.7603099999,966020.3319900001,940523.7426100002,2003248.00832,1808631.1203999994,2702290.765010001,2025811.3207199993
2026-10-08T08:38:01.076990+00:00,obs-20261007-01,LIGHT,HBARUSDT,1.0,0.09385,0.09386,0.093855,1.0655301012252316,8394595586,0.09385,0.09386,258,17,447775.52464,366110.4427700002,441327.4304499999,365511.50693,193.32001,2800.4028799999996,81040.93185000001,77686.25497000001,183377.27770000004,155600.05470000004,322002.80380000005,288703.58299,686308.0138199998,637211.81672
2026-10-08T08:39:01.077378+00:00,obs-20261007-01,LIGHT,PEPEUSDT,1.0,4.03e-06,4.04e-06,4.035e-06,24.81389578163684,8828390833,4.03e-06,4.04e-06,194,19,245435.99895205017,371624.27791908995,198174.2958378,344927.0403024901,4384.51368771,2689.6724788000006,70506.54087516,45567.65375668,149341.53737208,187296.89654683002,352510.33397509996,399850.38485588,575439.61803159,699913.2004944499
2026-10-08T08:39:01.077378+00:00,obs-20261007-01,LIGHT,BNBUSDT,1.0,767.64,767.65,767.645,0.1302693971139135,20913098234,767.64,767.65,457,150,3718594.0516999993,3459133.5413200012,3938356.35346,3738767.846110003,11157.52641,35353.27290999998,437038.95158,480641.56721,1192597.7832399998,971306.0440599999,3344756.8501399993,2582810.8436399996,5690003.512960015,4744765.753369999
2026-10-08T08:39:01.077378+00:00,obs-20261007-01,LIGHT,AAVEUSDT,1.0,172.22,172.23,172.225,0.580652653581204,10441566151,172.22,172.23,341,33,1100758.0284299997,349399.30783,1087744.4828000003,364603.10530000005,811.22137,1499.3708700000002,68094.30313999999,59912.61710000001,128105.11030000003,83347.68542000001,192760.39693000013,108517.86024999997,725035.2634099998,167533.67264999993
2026-10-08T08:39:01.077378+00:00,obs-20261007-01,LIGHT,AVAXUSDT,1.0,10.814,10.815,10.814499999999999,0.9247272054735411,10523324292,10.814,10.815,439,142,974133.90531,1654486.0162799994,974214.1149199996,1647737.3155800006,11699.873229999997,14097.706089999994,115746.14579,138617.39844,299255.44973,207770.33975999994,411038.81978,306220.98204,483156.98653000017,371887.57835000014
2026-10-08T08:39:01.077378+00:00,obs-20261007-01,LIGHT,FILUSDT,1.0,1.0591,1.0593,1.0592,1.8883958077609009,9897249361,1.059,1.0592,429,48,636779.6180409995,272036.9234599999,647889.7141960002,274482.61695999996,3913.6697200000003,3842.711512,39602.653654999995,40464.771187,78755.41957100002,51644.686687999994,123997.853365,61612.576921,168418.88449399997,107981.05577700002
2026-10-08T08:39:01.077378+00:00,obs-20261007-01,LIGHT,ALGOUSDT,1.0,0.1276,0.1277,0.12764999999999999,7.836990595613269,5665102030,0.1276,0.1277,403,53,438702.68940000003,338788.7155,361788.5861999999,355708.2177999999,6622.739500000001,20037.018000000007,17731.9932,16486.3272,37948.1849,58713.2395,132588.114,80662.83499999999,187866.5349,119327.73120000001
2026-10-08T08:39:01.077378+00:00,obs-20261007-01,LIGHT,XRPUSDT,1.0,1.4092,1.4093,1.4092500000000001,0.7096224808411655,26681328719,1.4092,1.4093,426,58,3973920.92522,2723929.838830001,3920704.063930003,2799804.7307000007,8639.2397,19299.722649999996,624021.3103999998,556876.53848,971451.3345599996,883181.2773600002,1964740.603049999,1742461.0944600003,2442917.0174499988,1974538.4483100001
2026-10-08T08:39:01.077378+00:00,obs-20261007-01,LIGHT,HBARUSDT,1.0,0.09407,0.09408,0.09407499999999999,1.0630381630694075,8394599573,0.09407,0.09408,333,71,2161592.660079999,733081.1604599995,2157098.0534100006,742939.8588899997,4257.835999999998,12635.705759999997,82828.82493000003,93220.81742999998,167294.83106000003,154324.0382499999,318435.1474,294635.29757,682475.5744799998,636436.34119
2026-10-08T08:40:01.079907+00:00,obs-20261007-01,LIGHT,PEPEUSDT,1.0,4.03e-06,4.04e-06,4.035e-06,24.81389578163684,8828391307,4.03e-06,4.04e-06,120,11,118744.30452004,298439.60148514004,111010.54703016,297809.8250670301,0.0,3959.9297048000003,63549.71450581001,59734.45798104,154893.90026719,187927.12768494,360244.09146498,400480.16127399,581781.09211691,697349.0427425599
2026-10-08T08:40:01.079907+00:00,obs-20261007-01,LIGHT,BNBUSDT,1.0,767.51,767.52,767.515,0.1302914619993878,20913105757,767.51,767.52,421,155,4325903.274689996,3846260.224890002,4480707.662050002,3742483.3197399997,14805.698909999997,17030.824380000005,400711.9392800001,504852.6380099999,1022877.2917700005,1075169.8694999998,3191447.1470599994,2876101.77806,5285242.552540006,4881823.371110001
2026-10-08T08:40:01.079907+00:00,obs-20261007-01,LIGHT,AAVEUSDT,1.0,172.23,172.24,172.235,0.5806189397916661,10441568661,172.23,172.24,285,39,1077203.47963,235156.62325999993,1085887.99574,230158.18898999997,737.5779600000001,7164.57432,53038.51452999999,59998.58515000002,112832.31290000002,83235.73864000003,182887.0851000001,113516.29452000001,708201.9400599999,172738.69483999998
2026-10-08T08:40:01.079907+00:00,obs-20261007-01,LIGHT,AVAXUSDT,1.0,10.8,10.802,10.801,1.851851851850661,10523329743,10.8,10.801,408,84,1545775.7770599998,1466181.3987099987,1683511.5213699997,1474880.054540001,82340.18878000003,11703.800550000004,76425.96624000001,105333.76039000001,167396.20057000002,193788.73160999996,281019.7655200001,297071.78909,347788.87142000016,361794.8516100002
2026-10-08T08:40:01.079907+00:00,obs-20261007-01,LIGHT,FILUSDT,1.0,1.0592,1.0593,1.05925,0.944108761329332,9897253214,1.0592,1.0593,364,44,556319.9621619997,215483.641725,562777.8811480001,219460.53876100003,3732.481461,2510.877886999999,26247.555567,33212.72775299999,72653.87125000001,47281.029531999986,117539.934379,57662.42488500001,164865.40011899994,104033.24877600001
2026-10-08T08:40:01.079907+00:00,obs-20261007-01,LIGHT,ALGOUSDT,1.0,0.1279,0.128,0.12795,7.8186082877240715,5665107495,0.1279,0.128,435,104,754498.9430999999,515385.04990000016,689838.6544000001,532467.4327000002,33374.7522,28520.1372,7309.6656,12818.1374,18587.1322,17179.8972,104732.791,62214.355899999995,162185.50550000003,105244.70779999999
2026-10-08T08:40:01.079907+00:00,obs-20261007-01,LIGHT,XRPUSDT,1.0,1.4092,1.4093,1.4092500000000001,0.7096224808411655,26681334947,1.4092,1.4093,420,68,3607497.4387400015,2162261.42875,3728609.471209998,2128694.7313900003,12371.34481,17069.07401,490428.96399,593291.5059600002,845302.7617799998,923278.8929400004,1843628.5705799996,1776519.9008100007,2314516.900020001,2009107.5789900005
2026-10-08T08:40:01.079907+00:00,obs-20261007-01,LIGHT,HBARUSDT,1.0,0.09408,0.09409,0.094085,1.0629251700677855,8394602912,0.09408,0.09409,317,92,551888.1932300002,381902.9712699999,556853.9154099999,405357.96022999997,5808.957510000001,13411.633800000001,75293.79900000001,73007.50406,161650.02806000007,90621.62139000003,313461.88088000007,271180.3086100001,677497.63015,612981.35223
2026-10-08T08:41:01.079929+00:00,obs-20261007-01,LIGHT,PEPEUSDT,1.0,4.03e-06,4.04e-06,4.035e-06,24.81389578163684,8828391662,4.03e-06,4.04e-06,114,12,118485.78210232999,428565.12834496977,52173.610261109985,462062.18685726996,6.073669420000001,913.7249294800001,62293.01408785,70951.08933300001,167418.18223063,205057.9703028,426556.2633061999,366983.10276169,648093.26395813,578573.1025619099
2026-10-08T08:41:01.079929+00:00,obs-20261007-01,LIGHT,BNBUSDT,1.0,767.31,767.32,767.315,0.13032542258262225,20913108356,767.31,767.32,344,107,3220148.853420002,1570895.13182,3346159.5146500035,1399459.8349700007,7096.669559999999,7426.240120000003,417627.4781400001,402975.74473,984862.5671900004,1052281.5716099998,3068440.3438299997,2884205.1684600003,5333891.763410008,4614685.668780001
2026-10-08T08:41:01.079929+00:00,obs-20261007-01,LIGHT,AAVEUSDT,1.0,172.21,172.22,172.215,0.5806863712898291,10441570006,172.21,172.22,217,18,577411.8701799999,123317.52434999999,565105.7742499999,118848.49353000002,390.84668000000005,809.08888,67288.89745,66729.11909000001,118305.04058000004,88744.64675,201539.26113000017,117914.87963999998,711930.2501599998,179172.84683999998
2026-10-08T08:41:01.079929+00:00,obs-20261007-01,LIGHT,AVAXUSDT,1.0,10.788,10.789,10.788499999999999,0.9269558768987274,10523333515,10.788,10.789,370,56,1132439.8095099996,1338873.5111400012,1044797.2600999998,1275369.5394200007,2258.0222699999995,12948.72091,120581.34860999997,89466.09920000001,267087.6178499999,243027.03684,370541.39738999994,356611.07580999995,438894.88999999996,421352.6532700001
2026-10-08T08:41:01.079929+00:00,obs-20261007-01,LIGHT,FILUSDT,1.0,1.0582,1.0583,1.0582500000000001,0.945000945000718,9897255437,1.0582,1.0583,281,28,368554.8368539997,115754.34705700004,356649.4268550002,106586.95697300004,3673.445255,621.492346,46159.421337000014,27206.510793999998,88695.09718800001,51727.41932299997,135669.201471,60258.90248599998,179209.536291,96389.64738499999
2026-10-08T08:41:01.079929+00:00,obs-20261007-01,LIGHT,ALGOUSDT,1.0,0.1281,0.1282,0.12815,7.806401249026429,5665110968,0.1281,0.1282,412,45,579203.0770999998,249161.11000000004,499451.019,239226.3128000002,5160.7532999999985,20059.133499999996,22706.1472,15058.2661,41363.9479,43318.1228,138036.0627,76199.7257,191859.43600000002,121380.78640000001
2026-10-08T08:41:01.079929+00:00,obs-20261007-01,LIGHT,XRPUSDT,1.0,1.4088,1.4089,1.4088500000000002,0.7098239636560422,26681337473,1.4088,1.4089,335,37,1534548.5430500007,1462736.3829399992,1626641.0771199993,1310927.6217199995,8323.553729999998,5238.013250000002,570256.4019400001,709521.95472,858433.7422700003,1075970.4677,1930066.86277,1925967.5421099996,2336146.8473300003,2154257.739910001
2026-10-08T08:41:01.079929+00:00,obs-20261007-01,LIGHT,HBARUSDT,1.0,0.09399,0.094,0.093995,1.0639429726566618,8394605475,0.09399,0.094,267,60,666530.1849699998,575495.7530600001,666126.0826800003,514186.2878999999,3747.37448,3497.993029999999,96161.64295,114781.86087,184235.62536999997,188182.74598000004,320260.64355999994,327546.01963000005,683706.8019099999,674229.03651
2026-10-08T08:42:01.090960+00:00,obs-20261007-01,LIGHT,PEPEUSDT,1.0,4.02e-06,4.03e-06,4.025e-06,24.875621890549926,8828392291,4.02e-06,4.03e-06,171,17,283276.6464398099,495486.88388452993,336692.61030192993,283506.1665729999,47816.83379109,14061.60423791,97829.48428415999,173751.45083790002,212139.95103626998,286476.33208706003,443317.08053122,467482.79089095,674154.97629858,774920.78649127
2026-10-08T08:42:01.090960+00:00,obs-20261007-01,LIGHT,BNBUSDT,1.0,767.19,767.2,767.195,0.13034580742754542,20913113275,767.19,767.2,390,154,2272768.52141,3069489.47013,2407959.08156,3061215.5512700006,6618.436100000001,19665.748799999998,443944.94286000007,381445.86561000004,1029642.3747,1043544.8088700002,2934294.1927000005,2694890.2726000007,5131410.68422001,4611896.662510001
2026-10-08T08:42:01.090960+00:00,obs-20261007-01,LIGHT,AAVEUSDT,1.0,172.22,172.23,172.225,0.580652653581204,10441571678,172.22,172.23,253,16,1443355.2213899998,168275.09548999998,1443848.5543000004,171820.50901999994,771.99349,1000.5668600000001,67741.8419,63350.741839999995,117867.71027000004,83575.83385999997,195895.12322000018,114439.91180999996,713678.1605799998,175809.08706999995
2026-10-08T08:42:01.090960+00:00,obs-20261007-01,LIGHT,AVAXUSDT,1.0,10.783,10.784,10.7835,0.9273856997138452,10523338132,10.783,10.784,432,72,958137.6299799996,1866072.9503299997,1053441.8516499992,1907401.5326999992,9074.203220000003,10514.592260000001,76835.43664999999,91450.81123,172123.58582,213039.33125999998,275523.28856,314304.8677,345760.0313400001,375400.0175100002
2026-10-08T08:42:01.090960+00:00,obs-20261007-01,LIGHT,FILUSDT,1.0,1.0575,1.0576,1.05755,0.9456264775420387,9897257553,1.0575,1.0576,272,42,348317.925985,83400.02511300008,351530.91295799986,87791.04600000013,12993.151542,1144.5667329999999,52984.996527,27424.864826999998,100370.48369200001,47250.355723999994,135726.145493,55654.46692399999,178481.39310200006,89365.29579900001
2026-10-08T08:42:01.090960+00:00,obs-20261007-01,LIGHT,ALGOUSDT,1.0,0.1278,0.1279,0.12785000000000002,7.824726134586513,5665113441,0.1278,0.1279,308,40,673976.3805,183861.02529999998,666076.2198999998,173525.53150000007,14327.436700000002,8393.043200000002,17915.5699,16611.3909,31203.037,37141.7523,126860.6983,70928.6339,174256.0659,105847.3765
2026-10-08T08:42:01.090960+00:00,obs-20261007-01,LIGHT,XRPUSDT,1.0,1.408,1.4081,1.4080499999999998,0.7102272727266268,26681341133,1.408,1.4081,374,39,2014291.0094100016,1268467.89617,2052919.7341000014,1247152.35262,15180.160369999998,4873.8698699999995,538920.0311199999,672126.1995300002,975459.5302800003,959824.5326000005,1900132.8533799998,1944906.18927,2583442.104740001,2175173.411790001
2026-10-08T08:42:01.090960+00:00,obs-20261007-01,LIGHT,HBARUSDT,1.0,0.09397,0.09398,0.093975,1.0641694157698112,8394607575,0.09397,0.09398,270,74,237439.32161999997,269983.1943100003,239824.9330799999,271450.11078000005,4705.469010000001,3860.608,96370.71242000001,113076.25737,183214.65145,187653.41512000008,317896.89725,326042.2742000001,682448.19632,672754.9305400001
2026-10-08T08:43:01.116676+00:00,obs-20261007-01,LIGHT,PEPEUSDT,1.0,4.02e-06,4.03e-06,4.025e-06,24.875621890549926,8828392604,4.02e-06,4.03e-06,146,21,20878.92909671999,205524.35051940006,20779.484298549993,125822.07020811996,768.5035487399999,1562.82773335,97391.29828229999,144545.34415971002,211960.78559897997,292215.73198751,443416.52532938996,547185.0712022299,673405.90748453,868838.1374667598
2026-10-08T08:43:01.116676+00:00,obs-20261007-01,LIGHT,BNBUSDT,1.0,767.33,767.34,767.335,0.13032202572649254,20913116075,767.33,767.34,336,55,2041298.1345699995,1350871.6458300005,1437764.5769700003,1169865.6722299997,25873.207440000002,8644.068710000001,562346.40125,402035.27829000005,1265583.6009400005,1050517.1409499997,3536587.35096,2743287.78592,5938328.149830009,4610665.090020004
2026-10-08T08:43:01.116676+00:00,obs-20261007-01,LIGHT,AAVEUSDT,1.0,172.29,172.3,172.29500000000002,0.5804167392198245,10441572931,172.29,172.3,204,10,996837.5498299999,152777.95571000004,1012576.4181199999,154217.13121,25.8465,515.66373,69994.67558000002,51447.52954,120507.44056000005,86235.28126999996,175126.97843000013,113652.83305999995,694076.03312,172508.9908699999
2026-10-08T08:43:01.116676+00:00,obs-20261007-01,LIGHT,AVAXUSDT,1.0,10.786,10.787,10.7865,0.9271277582056925,10523340570,10.786,10.787,336,36,592296.6502900006,1152753.7225799996,384041.42925999983,1146796.4489400005,13709.787459999998,4140.750010000001,137269.27222,107628.5711,356286.9686800001,213133.03631999998,483765.0565700001,320763.65462999995,553776.2730100002,385440.39264000003
2026-10-08T08:43:01.116676+00:00,obs-20261007-01,LIGHT,FILUSDT,1.0,1.0579,1.058,1.05795,0.9452689290112559,9897258993,1.0579,1.058,243,18,251223.98735,63166.33301099999,240309.69877899997,65794.52308599996,159.97424999999998,1905.7616210000003,62651.195842,26670.723590000005,96402.99202000003,47588.57692799999,143414.98021300006,53207.90541200001,189012.7375240001,88723.516331
2026-10-08T08:43:01.116676+00:00,obs-20261007-01,LIGHT,ALGOUSDT,1.0,0.1273,0.1274,0.12735000000000002,7.855459544383603,5665118387,0.1273,0.1274,405,84,997000.3422000001,408780.5413999997,987786.1778999997,378857.72379999986,15944.688499999995,9433.9136,11060.538700000001,13254.706400000001,30734.490700000002,44204.0652,130792.06710000001,78180.9703,176773.04829999997,111409.36059999999
2026-10-08T08:43:01.116676+00:00,obs-20261007-01,LIGHT,XRPUSDT,1.0,1.4081,1.4082,1.40815,0.7101768340311843,26681344547,1.4081,1.4082,364,37,1317020.06386,1036771.2352600001,1321237.1976000003,1001060.1791200002,5926.46795,4581.22232,534485.42887,741293.8087300003,973107.9857100002,997634.1846000004,1893005.60524,1982703.7522699998,2575569.3814700004,2212929.137560001
2026-10-08T08:43:01.116676+00:00,obs-20261007-01,LIGHT,HBARUSDT,1.0,0.094,0.09401,0.094005,1.0638297872334057,8394609432,0.094,0.09401,217,61,317350.66015,332902.7619000001,305629.27654000005,337760.9009799999,1518.052469999999,3043.6512900000002,106126.59171,111689.66889,193737.78689,183280.90027,328641.06175,322068.2086400001,691452.1031,667903.98096
2026-10-08T08:44:01.117194+00:00,obs-20261007-01,LIGHT,PEPEUSDT,1.0,4.02e-06,4.03e-06,4.025e-06,24.875621890549926,8828392892,4.02e-06,4.03e-06,150,28,57320.054363790005,193857.72413214995,68439.06895067006,306994.0308820399,40.321082399999995,4206.768421960001,86219.91100109999,142867.99458646,200790.3857081,278942.95871502,432297.51074250997,434048.76445234,662804.1368599699,686874.8687785699
2026-10-08T08:44:01.117194+00:00,obs-20261007-01,LIGHT,BNBUSDT,1.0,767.63,767.64,767.635,0.13027109414753824,20913118994,767.63,767.64,311,64,2936657.0814100015,1816195.6296400006,2935760.9659399996,1779381.0461900008,1720.63773,7892.451900000001,534232.8894999999,520932.22988,1246023.0896700004,1089578.5806999994,3533213.59275,2890170.4791099993,5808573.056120008,4894081.911300003
2026-10-08T08:44:01.117194+00:00,obs-20261007-01,LIGHT,AAVEUSDT,1.0,172.45,172.46,172.45499999999998,0.5798782255728163,10441575292,172.45,172.46,286,24,1193095.3116099997,216177.60757000002,1172615.36861,219403.58103999993,1820.6476199999997,2890.8053999999997,85132.61929999999,58322.45467000001,134050.25136,83889.30621999998,190546.57640000002,112327.27417999998,712560.4025300001,171498.17089999988
2026-10-08T08:44:01.117194+00:00,obs-20261007-01,LIGHT,AVAXUSDT,1.0,10.788,10.789,10.788499999999999,0.9269558768987274,10523343846,10.788,10.789,351,59,561502.1813899998,1209295.226350001,570834.74535,1214541.3970799996,14819.810460000004,1311.48577,144414.63086,98020.38866,370526.72278000007,207881.83807999996,474159.8327900001,315999.15330999985,544123.36811,379029.3528899999
2026-10-08T08:44:01.117194+00:00,obs-20261007-01,LIGHT,FILUSDT,1.0,1.0582,1.0583,1.0582500000000001,0.945000945000718,9897260283,1.0582,1.0583,200,14,136714.47636499995,51568.351413,137007.152914,52435.973761000016,114.05629900000002,1031.8573850000002,55658.478185,23036.635247000006,108377.54448900002,47167.860093,143077.82652000006,52372.06917600001,185420.30672700013,87885.58329900002
2026-10-08T08:44:01.117194+00:00,obs-20261007-01,LIGHT,ALGOUSDT,1.0,0.1278,0.1279,0.12785000000000002,7.824726134586513,5665121340,0.1278,0.1279,347,29,772268.5224000001,294028.7936000001,689343.3030000002,308606.7835000001,1847.0322999999999,9540.906299999999,13859.4413,16354.0523,34155.3921,42794.554,124094.1765,80634.39079999998,169616.2685,118039.39099999997
2026-10-08T08:44:01.117194+00:00,obs-20261007-01,LIGHT,XRPUSDT,1.0,1.4091,1.4092,1.40915,0.7096728408195752,26681347778,1.4091,1.4092,320,33,1416280.80361,1242259.9129600006,1275958.0483399997,1511095.53784,11641.16017,8120.1026900000015,615560.67349,541090.39618,835788.53947,867671.1767400003,1950286.8712000004,1720281.6433800003,2435244.5925099994,1953865.6215300004
2026-10-08T08:44:01.117194+00:00,obs-20261007-01,LIGHT,HBARUSDT,1.0,0.09408,0.09409,0.094085,1.0629251700677855,8394611815,0.09408,0.09409,226,41,673378.34508,369113.1904799998,684923.9931999997,369284.92720999994,7935.25501,4247.360030000001,77958.40000999998,116086.50878,164005.52115999997,182808.16825,311656.10719999997,328935.89149,674699.4996199999,671588.2421599999
2026-10-08T08:45:01.181086+00:00,obs-20261007-01,LIGHT,PEPEUSDT,1.0,4.02e-06,4.03e-06,4.025e-06,24.875621890549926,8828393422,4.02e-06,4.03e-06,239,86,34838.33499711999,493351.20767626003,22789.50328645999,539704.2936089601,0.0,51101.40106006003,91993.56083513999,82948.67155133002,206472.60018378997,230434.86901617004,444346.34245317,387695.67851964006,675704.91082028,645353.81277981
2026-10-08T08:45:01.181086+00:00,obs-20261007-01,LIGHT,BNBUSDT,1.0,767.53,767.54,767.535,0.13028806691517403,20913123875,767.53,767.54,373,101,2514447.136079999,3116512.2619499983,2520100.4152500015,3132741.5488299993,26113.507640000007,3877.51864,572462.6782799998,478392.52618999995,1245213.4890999997,1069931.7428999997,3529031.46619,2870210.7740099994,5804491.46482001,4875581.363610003
2026-10-08T08:45:01.181086+00:00,obs-20261007-01,LIGHT,AAVEUSDT,1.0,172.5,172.54,172.51999999999998,2.3188405797092138,10441577789,172.5,172.54,295,27,1206260.07913,222352.75191000008,1138000.1704200003,227217.14807999998,1650.8314799999998,2198.64147,44605.662319999996,54188.41194,180443.62582,93636.52876,254266.28136,110768.41617999999,780094.1212100001,168462.87843999988
2026-10-08T08:45:01.181086+00:00,obs-20261007-01,LIGHT,AVAXUSDT,1.0,10.789,10.79,10.7895,0.9268699601450159,10523347880,10.789,10.79,375,56,659454.20643,1637376.1617400006,753721.7958799998,1649429.6060699997,10197.064190000001,4325.56147,75009.66507999999,92144.68529999998,275769.14969000005,196264.46277999997,379892.24334000004,303945.70897999994,448852.63414000004,370788.8462900001
2026-10-08T08:45:01.181086+00:00,obs-20261007-01,LIGHT,FILUSDT,1.0,1.0594,1.0595,1.05945,0.9439305267155973,9897263191,1.0594,1.0595,314,21,414878.345728,150191.14147699997,425428.25771399995,153289.57628799998,366.35220100000004,410.82871700000004,32740.651726999997,34258.55736299999,81879.76494900002,45254.73249099999,126280.06089700002,56586.795853999996,172630.96583800006,101598.158767
2026-10-08T08:45:01.181086+00:00,obs-20261007-01,LIGHT,ALGOUSDT,1.0,0.1283,0.1284,0.12835,7.7942322681212595,5665124677,0.1283,0.1284,337,36,795596.6867999999,227477.46619999997,746753.9974999999,245606.6285000001,5843.1711000000005,3372.3602,13038.026399999999,20860.4637,31721.718899999996,50348.7456,130437.7438,81576.55240000002,171480.156,123907.54760000002
2026-10-08T08:45:01.181086+00:00,obs-20261007-01,LIGHT,XRPUSDT,1.0,1.4095,1.4096,1.4095499999999999,0.7094714437738681,26681353607,1.4095,1.4096,424,52,3209127.3109200005,3004711.0289100013,3275445.456850001,2871564.1310199993,24961.09904,9737.873440000001,594904.79653,629632.8056,890597.5806999998,889041.3322900002,1883868.129369999,1856944.8241500002,2352265.934809999,2103295.8155899993
2026-10-08T08:45:01.181086+00:00,obs-20261007-01,LIGHT,HBARUSDT,1.0,0.09405,0.09406,0.094055,1.0632642211594323,8394613982,0.09405,0.09406,270,39,553541.1568499998,357257.78493,547459.7180599998,364599.9459999999,6377.00127,2426.1547199999995,83837.97264999998,118750.53765000001,187476.16810999997,180239.02527,317797.61000999995,316657.15042,684980.1525299998,664195.0410099999
2026-10-08T08:46:01.182105+00:00,obs-20261007-01,LIGHT,PEPEUSDT,1.0,4.03e-06,4.04e-06,4.035e-06,24.81389578163684,8828394371,4.03e-06,4.04e-06,241,47,143930.40416311,686597.1021307302,39244.959342519986,673427.5636641501,57.87271022,77630.66741223002,87039.40941423,78078.60855424001,199381.43172812997,239392.74574414,453586.59882437997,475395.10361214005,677038.13558173,773146.1515931201
2026-10-08T08:46:01.182105+00:00,obs-20261007-01,LIGHT,BNBUSDT,1.0,767.77,767.78,767.775,0.13024733969801972,20913129089,767.77,767.78,367,108,2713593.909099998,2634434.852010002,2698651.5552500007,2651992.0376399984,6121.257850000001,4816.658279999999,663023.00877,484795.5584799999,1213799.5418600002,1052465.7016499997,3073824.809430001,2861264.34125,5814494.994540008,4865350.074560001
2026-10-08T08:46:01.182105+00:00,obs-20261007-01,LIGHT,AAVEUSDT,1.0,172.57,172.58,172.575,0.579474995654472,10441579743,172.57,172.58,251,14,1100345.5141200006,177110.10328,1159469.2453799995,174414.24779999998,153.40565999999998,834.86561,54098.131810000006,58272.126670000005,133024.68696000002,96965.15841,192245.31992,113722.70236000001,707553.45985,221851.0305499999
2026-10-08T08:46:01.182105+00:00,obs-20261007-01,LIGHT,AVAXUSDT,1.0,10.807,10.808,10.807500000000001,0.9253261774766486,10523352407,10.807,10.808,400,50,1055500.0165799991,1914923.1329200002,1019262.7683899998,1942780.6766300001,3135.920160000001,3844.1346099999996,86062.69882000002,89948.08332,272580.8696,181103.20295000006,409603.7282200001,279050.35103,478568.4731800001,344118.8666900002
2026-10-08T08:46:01.182105+00:00,obs-20261007-01,LIGHT,FILUSDT,1.0,1.0604,1.0605,1.06045,0.9430403621268901,9897266277,1.0604,1.0605,336,27,581729.9445469998,168589.70441700006,580186.3520999999,175503.24167500008,636.424724,1462.09531,36152.001165,32776.772062,77611.669315,39258.68157,124281.26905899998,53897.42236100002,173017.20623400004,94790.43653700002
2026-10-08T08:46:01.182105+00:00,obs-20261007-01,LIGHT,ALGOUSDT,1.0,0.1288,0.1289,0.12885,7.763975155279379,5665128332,0.1288,0.1289,340,62,513016.9519999998,316052.0003999999,454480.6005000002,326865.1597999999,5889.203599999998,13630.914199999997,11450.8108,20714.3822,31789.254199999996,59446.2677,122432.27180000002,97611.7101,182201.00530000005,131044.8874
2026-10-08T08:46:01.182105+00:00,obs-20261007-01,LIGHT,XRPUSDT,1.0,1.4112,1.4113,1.41125,0.7086167800451904,26681360497,1.4112,1.4113,453,83,4020241.5933999997,2791879.2183000003,3909264.8521800023,3156989.5372000015,13842.04016,53095.32349,582047.4793599999,481177.7533000001,827179.1947399996,819665.4903700001,1981020.7602999995,1525295.18997,2436487.640150001,1745825.4796200003
2026-10-08T08:46:01.182105+00:00,obs-20261007-01,LIGHT,HBARUSDT,1.0,0.09411,0.09412,0.094115,1.062586335138782,8394616631,0.09411,0.09412,296,46,590740.3354700002,447322.06286999997,592106.3676000001,442190.2177899996,12922.53003,2957.1098700000002,81800.08494,121304.45991,168016.47388,184707.85001,316371.51385999995,327248.67646000005,679381.3072899999,669489.84525
2026-10-08T08:47:01.182162+00:00,obs-20261007-01,LIGHT,PEPEUSDT,1.0,4.03e-06,4.04e-06,4.035e-06,24.81389578163684,8828394774,4.03e-06,4.04e-06,147,18,25761.068859130002,412359.36735266994,28150.548965460002,409792.51974349015,930.7940157100002,1832.1706636000006,102744.99886820001,73274.3974234,199697.35458866,241960.37323060003,451197.11871804995,477961.9512213201,673800.14185952,770938.32965162
2026-10-08T08:47:01.182162+00:00,obs-20261007-01,LIGHT,BNBUSDT,1.0,767.82,767.83,767.825,0.13023885806484614,20913130905,767.82,767.83,366,57,836452.8211000002,1104308.5274099996,850948.2751600002,1100717.7823500002,2745.5838699999995,1765.1383799999999,636558.5988899999,497112.1511299999,1199942.646310001,1140567.1977199991,3057651.0311900014,2943317.8402799997,5794730.185260006,4870646.60937
2026-10-08T08:47:01.182162+00:00,obs-20261007-01,LIGHT,AAVEUSDT,1.0,172.75,172.76,172.755,0.578871201157849,10441581956,172.71,172.73,292,33,957194.5924000002,264856.70170000003,940011.8102899997,262998.4782199999,510.22896999999995,2810.65981,99064.79818,61514.29505,165978.96814,100384.41462999997,203231.6283600001,118192.72771999998,730588.1799400001,227386.97555999993
2026-10-08T08:47:01.182162+00:00,obs-20261007-01,LIGHT,AVAXUSDT,1.0,10.818,10.819,10.8185,0.9243852837870215,10523355979,10.818,10.819,379,44,673152.2686499999,1361984.0889899998,731907.6899100002,1360892.1307999997,1939.3174199999999,6224.676709999999,77958.62894000001,114557.66609999997,210279.10252000001,173189.55302999998,343556.11873000016,281643.4630399999,416465.1226500001,345870.37245000014
2026-10-08T08:47:01.182162+00:00,obs-20261007-01,LIGHT,FILUSDT,1.0,1.0599,1.0601,1.06,1.8869704689117306,9897268484,1.0599,1.0601,275,9,399484.637615,105594.93181400001,388064.8453559999,98461.96001699998,233.44564999999997,32.142232,47500.674349999994,33261.148217,93266.90929199998,49339.39270899999,135787.69847899996,60959.741244000004,183951.71266900006,106028.08814699999
2026-10-08T08:47:01.182162+00:00,obs-20261007-01,LIGHT,ALGOUSDT,1.0,0.1291,0.1292,0.12915,7.745933384974979,5665133044,0.1291,0.1292,415,106,358911.6982999997,394046.88680000004,332767.2509999998,402656.7813,18210.752099999998,16024.127000000002,8990.86,13119.189,40818.26640000001,54982.0643,106836.06210000001,91977.16549999999,173300.54630000002,122543.71689999997
2026-10-08T08:47:01.182162+00:00,obs-20261007-01,LIGHT,XRPUSDT,1.0,1.4118,1.4119,1.4118499999999998,0.7083156254417133,26681364427,1.4118,1.4119,380,46,2674185.572990001,1654433.01134,2726312.5249799998,1503174.9203700002,46381.47358,6036.254849999999,553635.2210299999,500278.23099,783541.2747799999,966818.4785399996,1886434.4121199988,1709172.5719899996,2383866.169279998,1926794.9517700002
2026-10-08T08:47:01.182162+00:00,obs-20261007-01,LIGHT,HBARUSDT,1.0,0.0941,0.09411,0.094105,1.0626992561091342,8394618336,0.0941,0.09411,265,22,442063.90659000014,230878.37876000005,440038.8880100001,230533.79055999996,1267.6441200000002,2361.04094,101581.92261000004,118459.29790999998,187055.06099000006,184599.95158999995,318396.53244000004,327585.66066,681397.7922400001,669752.1700199998
2026-10-08T08:48:01.184997+00:00,obs-20261007-01,LIGHT,PEPEUSDT,1.0,4.03e-06,4.04e-06,4.035e-06,24.81389578163684,8828395071,4.03e-06,4.04e-06,119,9,131210.29132246,125365.48062034001,145062.3246506,223196.59228907997,0.0,1170.14159232,67085.17513126001,103607.90015360001,183361.68074092,218326.1820629,437345.08538991003,380130.83955258003,659938.1085300401,592630.41167728
2026-10-08T08:48:01.184997+00:00,obs-20261007-01,LIGHT,BNBUSDT,1.0,767.49,767.5,767.495,0.13029485726123724,20913135448,767.49,767.5,352,76,1674167.8655200002,1586589.14806,1697214.4033899992,1581668.0953300002,8335.693720000001,3018.31743,658896.0661800001,495846.95818,1226474.300010001,1058034.5883299995,3506694.736850001,2755791.8674699995,5782237.401720009,4849716.019930001
2026-10-08T08:48:01.184997+00:00,obs-20261007-01,LIGHT,AAVEUSDT,1.0,172.57,172.58,172.575,0.579474995654472,10441584257,172.57,172.58,279,28,966513.4153500003,273114.07292999997,981333.4203100003,263638.24804,1857.5483400000003,1000.67397,88087.70028000002,65200.345720000005,139519.09371,100391.62779,197196.68425000005,125056.75073,721376.9758799999,233513.6054599999
2026-10-08T08:48:01.184997+00:00,obs-20261007-01,LIGHT,AVAXUSDT,1.0,10.791,10.792,10.7915,0.9266981744038283,10523360413,10.79,10.791,374,77,956434.9432799999,1831808.7975800019,932308.6021399995,1807522.269350001,13568.827000000003,5725.83893,122319.70905000002,73704.7029,267170.40597000014,190717.46034000002,379301.2800000001,301670.31663,455167.8995800001,367914.73665000015
2026-10-08T08:48:01.184997+00:00,obs-20261007-01,LIGHT,FILUSDT,1.0,1.0589,1.059,1.0589499999999998,0.9443762394933941,9897270716,1.0589,1.059,276,21,333650.25842200004,123718.18948599999,340866.8431220001,120152.63107599996,941.953985,57.22186599999999,58429.492742,34088.888044,101679.28671999997,51847.453108999995,137891.58580299997,59975.506421000006,179740.59126000002,109440.18845199999
2026-10-08T08:48:01.184997+00:00,obs-20261007-01,LIGHT,ALGOUSDT,1.0,0.1289,0.129,0.12895,7.757951900699833,5665136788,0.1289,0.129,378,101,536713.0791999998,247505.28930000012,524751.1877,244777.74209999994,31073.323599999996,14583.786900000001,24356.141499999998,11523.5573,40443.8004,43033.1033,121770.12180000002,92570.1828,171300.63060000003,122981.92509999998
2026-10-08T08:48:01.184997+00:00,obs-20261007-01,LIGHT,XRPUSDT,1.0,1.4104,1.4105,1.41045,0.7090187180947005,26681369534,1.4104,1.4105,420,46,2484571.1596200005,1789003.4740699998,2549523.526229999,1622706.9952299995,13553.18776,6144.097980000001,595360.1891000001,584465.4006099999,1148994.75123,855821.7715399996,1866848.1459099995,1830166.9493899997,2334318.7067300007,2064462.8355899998
2026-10-08T08:48:01.184997+00:00,obs-20261007-01,LIGHT,HBARUSDT,1.0,0.09399,0.094,0.093995,1.0639429726566618,8394620810,0.09399,0.094,275,29,609958.9271800001,487502.11699999997,616062.8403400001,482042.74375999987,1377.34351,3093.8571599999996,115215.30722999999,118988.87878,184509.09219999996,146426.63998,318687.2796699999,324974.6881,681148.40251,675120.10673
2026-10-08T08:49:01.189707+00:00,obs-20261007-01,LIGHT,PEPEUSDT,1.0,4.03e-06,4.04e-06,4.035e-06,24.81389578163684,8828395827,4.03e-06,4.04e-06,197,16,393800.02225043013,373797.64866913983,211325.99267312998,138941.26650852003,5381.126481510001,1070.62097164,90473.74105042001,149015.99577476,274489.26265792,326273.59478261,619819.11496721,614987.2217132,893052.0120759999,937546.16474809
2026-10-08T08:49:01.189707+00:00,obs-20261007-01,LIGHT,BNBUSDT,1.0,767.77,767.78,767.775,0.13024733969801972,20913140376,767.77,767.78,398,84,2890333.1919100005,3842551.140880001,2488082.87361,3497268.337989998,5760.63681,6434.493910000002,805632.3987200005,756102.9682899999,1561971.4385199996,1408661.573399999,3438153.1357999993,3215058.94193,6173975.573550012,5219166.148339999
2026-10-08T08:49:01.189707+00:00,obs-20261007-01,LIGHT,AAVEUSDT,1.0,172.69,172.7,172.695,0.5790723261323016,10441586553,172.69,172.7,284,36,1270546.68353,336699.5708999999,1219166.4479499995,300281.15360000014,1621.2689499999997,16183.51354,88317.10228,74519.01005,168331.27332000004,123176.81995999996,244380.54539000007,161978.2241,773217.37974,271530.68984999997
2026-10-08T08:49:01.189707+00:00,obs-20261007-01,LIGHT,AVAXUSDT,1.0,10.791,10.792,10.7915,0.9266981744038283,10523365605,10.791,10.792,439,70,1296824.6957899989,2113674.0182299996,1224553.3097300006,1997480.0778399995,31292.476750000005,8715.62121,146983.02864,134415.80455,321725.85955,286862.64619999996,451264.3720600001,416932.82002000004,529436.5590100002,484083.5932800001
2026-10-08T08:49:01.189707+00:00,obs-20261007-01,LIGHT,FILUSDT,1.0,1.0596,1.0597,1.05965,0.9437523593813779,9897272753,1.0596,1.0597,281,35,399157.60211499984,240461.46407899994,269341.02968299994,137019.944611,445.991266,1409.3388539999999,90845.59014700001,61135.01119599999,190811.25038599997,105961.88745000001,259041.19171800002,171207.43678900003,310555.306793,230509.56437200002
2026-10-08T08:49:01.189707+00:00,obs-20261007-01,LIGHT,ALGOUSDT,1.0,0.1292,0.1293,0.12925,7.739938080495445,5665140227,0.1292,0.1293,356,51,620391.1682,279777.68069999997,557167.4071999999,276037.30520000006,20418.543500000003,10653.913100000002,12924.1751,22879.555,35908.9821,60949.7328,135293.21810000003,108054.44489999999,175014.43289999999,143600.6876
2026-10-08T08:49:01.189707+00:00,obs-20261007-01,LIGHT,XRPUSDT,1.0,1.4114,1.4115,1.4114499999999999,0.7085163667275296,26681376202,1.4114,1.4115,445,71,4633601.574109998,3748378.7361900015,4236470.04196,3544236.0126499995,64973.786009999996,51210.550370000004,838102.9857400001,755497.7488099997,1137795.1335300005,1195843.0890399993,2260497.7880199994,2081365.5970299996,2711544.44075,2279726.6573700006
2026-10-08T08:49:01.189707+00:00,obs-20261007-01,LIGHT,HBARUSDT,1.0,0.09406,0.09407,0.09406500000000001,1.063151180098476,8394623503,0.09406,0.09407,291,26,1639738.0443299995,800041.4115700001,1524821.790290001,741906.6592000003,2611.2185099999997,5712.84771,150962.20330999995,158712.26077,293038.1869,247174.36709,427216.41766000004,390148.8600500001,790309.48935,732801.21072
2026-10-08T08:50:01.189890+00:00,obs-20261007-01,LIGHT,PEPEUSDT,1.0,4.03e-06,4.04e-06,4.035e-06,24.81389578163684,8828396302,4.03e-06,4.04e-06,88,9,67718.87680125,147034.53474505007,53749.89278456,158210.67026032,0.0,891.0849351200001,107727.06676628001,128293.08242284002,295652.81468804,314493.33938734,633788.0989839,603811.08619793,893723.17312036,940659.06268792
2026-10-08T08:50:01.189890+00:00,obs-20261007-01,LIGHT,BNBUSDT,1.0,767.8,767.81,767.805,0.13024225058666516,20913143109,767.8,767.81,323,86,1755775.3589700004,1152588.8375599997,1729481.4475799995,1116761.3647199997,8862.70393,19830.878610000003,860736.1953800004,765476.9439300001,1602674.5758199994,1440999.6173599989,3463220.2453099997,3251093.4638900002,6203280.376110013,5259922.150679999
2026-10-08T08:50:01.189890+00:00,obs-20261007-01,LIGHT,AAVEUSDT,1.0,172.65,172.66,172.655,0.5792064871124047,10441588344,172.65,172.66,245,22,1553390.9521499998,231765.20070000002,1549158.1490600002,219852.06858999998,1672.67998,783.50351,98721.02593,81670.33025000003,158537.99717,133615.12942,250163.05029999997,173592.44909000007,769237.1088399999,283218.03497000004
2026-10-08T08:50:01.189890+00:00,obs-20261007-01,LIGHT,AVAXUSDT,1.0,10.786,10.787,10.7865,0.9271277582056925,10523368627,10.786,10.787,331,42,755367.82022,1445078.6592100002,738791.8817599999,1387979.7268300003,18140.797570000006,2958.49997,157611.5024,166926.33879,342993.1986799999,321585.0653000001,468120.44843999983,473784.3494800001,546290.6156500002,538364.2057000002
2026-10-08T08:50:01.189890+00:00,obs-20261007-01,LIGHT,FILUSDT,1.0,1.0599,1.0601,1.06,1.8869704689117306,9897274181,1.0599,1.0601,238,37,156245.69067199997,90844.51967299997,156244.03610800003,92098.18510900001,818.0418620000002,2286.74778,76145.165508,59851.09746499999,176755.47175599996,108252.53893200002,258888.678612,174073.58389500002,310504.956626,229264.52974800003
2026-10-08T08:50:01.189890+00:00,obs-20261007-01,LIGHT,ALGOUSDT,1.0,0.1299,0.13,0.12995,7.6982294072380775,5665148847,0.1299,0.13,495,113,1058659.5417000004,643782.0691999999,906733.2997999999,673691.0795999995,89600.98009999999,36563.8574,21997.5873,22673.2661,49534.529299999995,52162.017700000004,137427.66950000002,104140.3338,186115.4126,136717.577
2026-10-08T08:50:01.189890+00:00,obs-20261007-01,LIGHT,XRPUSDT,1.0,1.412,1.4121,1.4120499999999998,0.7082152974513534,26681380455,1.412,1.4121,352,71,2723999.2767199995,1769245.5279200005,2536015.5263900007,1916752.79706,13678.149390000002,12995.111679999995,904918.4588300001,768347.96273,1399415.5954100003,1209885.0022800001,2400126.0325100017,1940200.4393500003,2898098.8575700023,2160914.3114000005
2026-10-08T08:50:01.189890+00:00,obs-20261007-01,LIGHT,HBARUSDT,1.0,0.09412,0.09413,0.094125,1.0624734381647905,8394625311,0.09413,0.09414,252,24,949666.4910599994,523455.9559500001,921827.9601699994,511781.6313700002,2274.85301,2848.0828100000003,158839.043,158867.89259,314023.60632,249487.34027999995,454547.4003300001,402346.28559000004,812255.77864,746047.90238
2026-10-08T08:51:01.189994+00:00,obs-20261007-01,LIGHT,PEPEUSDT,1.0,4.03e-06,4.04e-06,4.035e-06,24.81389578163684,8828396724,4.03e-06,4.04e-06,151,12,82546.26598476,227308.24030991024,89496.22808226,214343.3370886702,55.046152850000006,949.0151698,89322.93486701002,151555.84943672002,288702.41507146996,327558.37062872003,626838.1368863999,616775.9894191701,893691.0790416598,939323.20572438
2026-10-08T08:51:01.189994+00:00,obs-20261007-01,LIGHT,BNBUSDT,1.0,767.82,767.83,767.825,0.13023885806484614,20913146987,767.82,767.83,384,84,2324472.57295,2758331.0780700017,2337150.0181899993,2786367.6156499996,5414.706659999998,6453.54599,931043.4048200004,751187.94642,1620709.2142199997,1490914.9093599985,3450091.2777699996,3301312.6311599994,6190310.603380013,5232946.508949996
2026-10-08T08:51:01.189994+00:00,obs-20261007-01,LIGHT,AAVEUSDT,1.0,172.63,172.64,172.635,0.5792735909171398,10441589902,172.63,172.64,227,19,924310.5429299998,115178.38053999998,899995.2540699994,145866.01417,931.22184,1749.50767,116665.81240000001,62721.44242,199206.09982,103122.79046999998,274945.2652800001,142897.49149999995,790863.0113399999,252168.73625999992
2026-10-08T08:51:01.189994+00:00,obs-20261007-01,LIGHT,AVAXUSDT,1.0,10.79,10.791,10.7905,0.9267840593163434,10523372229,10.79,10.791,346,43,842621.9530999998,1524243.4076000007,836660.5919699998,1559229.1079899995,1830.0333999999998,4361.71994,154332.47974999997,153384.59696000002,325295.74417,304585.22269,473803.80975,438814.5572500001,550764.8980099999,507071.7747400001
2026-10-08T08:51:01.189994+00:00,obs-20261007-01,LIGHT,FILUSDT,1.0,1.0601,1.0603,1.0602,1.8866144703322263,9897275684,1.0601,1.0603,255,23,296806.4906399999,117282.11823799997,306808.20287400007,123278.66656499996,2565.070118,1621.385008,70448.17844499998,66831.948407,149919.14297999998,106361.69301400002,248853.33133299995,171619.82020000007,301311.9873289999,227400.1193050001
2026-10-08T08:51:01.189994+00:00,obs-20261007-01,LIGHT,ALGOUSDT,1.0,0.1302,0.1303,0.13025,7.680491551458335,5665152685,0.1302,0.1303,397,71,629964.0929000002,295650.7642,557979.0503999998,303171.77790000004,5912.3549,17722.8403,30340.8404,19715.6829,59184.1985,79279.9522,175291.3431,106886.4387,221038.68089999998,140341.93199999997
2026-10-08T08:51:01.189994+00:00,obs-20261007-01,LIGHT,XRPUSDT,1.0,1.4113,1.4114,1.41135,0.7085665698292054,26681385714,1.4113,1.4114,411,64,3213298.0266899993,3238141.793669998,3268647.166419998,3178896.236829997,19195.47607,36136.85936,980216.54521,731866.7472499997,1393442.1841000004,1122907.2662399996,2389401.928350002,1970498.8764799999,2844031.561710003,2206406.601210001
2026-10-08T08:51:01.189994+00:00,obs-20261007-01,LIGHT,HBARUSDT,1.0,0.09433,0.09434,0.094335,1.0601081310279703,8394628253,0.09433,0.09434,307,77,1719858.3749200006,551132.4678900001,1693534.1207500002,586843.54398,1546.3341000000003,39803.79753000002,147911.45457,128838.31437000002,240178.57330999995,228369.95739,469338.3913700001,368860.32545000006,834305.52208,731678.1738400001
2026-10-08T08:52:01.190067+00:00,obs-20261007-01,LIGHT,PEPEUSDT,1.0,4.03e-06,4.04e-06,4.035e-06,24.81389578163684,8828397039,4.03e-06,4.04e-06,124,14,106681.26538638,175821.62358634002,103666.01850640996,173801.23185656004,58.16595317000001,1055.4816210800004,117232.65802352001,148117.87282432002,291516.68823896,329577.31097752,629853.38376637,618796.38114895,896706.3259216299,941343.5974541599
2026-10-08T08:52:01.190067+00:00,obs-20261007-01,LIGHT,BNBUSDT,1.0,768.02,768.03,768.025,0.13020494257887094,20913150803,768.02,768.03,336,91,2238600.296650001,1221238.655680001,2240585.138730001,1162473.1895200002,2190.46888,12944.564530000005,797483.9397600006,812720.40293,1617394.0915499998,1546242.9637799992,3442665.667309999,3362300.9866999993,6084717.36651001,5297738.165359997
2026-10-08T08:52:01.190067+00:00,obs-20261007-01,LIGHT,AAVEUSDT,1.0,172.48,172.49,172.485,0.5797773654925287,10441592947,172.48,172.49,275,32,1915665.7596000016,317320.06137000007,1964004.43629,281025.16592999996,13192.042940000003,173.14724,80040.01466999999,82552.01323999999,131154.5707,130129.70473999996,232013.87303000008,168763.13222000003,754540.65378,234268.28162999995
2026-10-08T08:52:01.190067+00:00,obs-20261007-01,LIGHT,AVAXUSDT,1.0,10.792,10.793,10.7925,0.9266123054119113,10523376015,10.792,10.793,365,54,890820.4179400005,1524012.7547999995,848964.3331999994,1479405.1009600002,10229.652269999999,2944.24463,163514.59355,198270.35233000002,377679.4884899999,339853.20240999997,515642.4802699998,484783.0548500001,593365.5293499997,550730.2518700002
2026-10-08T08:52:01.190067+00:00,obs-20261007-01,LIGHT,FILUSDT,1.0,1.0602,1.0603,1.06025,0.943218260704981,9897277317,1.0602,1.0603,244,13,390582.0752,152872.60451900004,385809.49921,140597.27458200007,875.145928,44.109168000000004,82401.18667,64107.127985,153440.17825899995,106348.85979600002,250158.28082699995,183895.15013700005,306408.8958210001,237687.573107
2026-10-08T08:52:01.190067+00:00,obs-20261007-01,LIGHT,ALGOUSDT,1.0,0.1303,0.1304,0.13035,7.674597083653367,5665155216,0.1303,0.1304,330,31,490813.37200000003,244715.33529999995,480797.5165000001,241984.84079999992,10466.0839,3503.3201,22977.0996,42037.398799999995,76726.9507,82276.2785,157686.161,108795.47359999998,218846.1108,138975.8123
2026-10-08T08:52:01.190067+00:00,obs-20261007-01,LIGHT,XRPUSDT,1.0,1.4113,1.4114,1.41135,0.7085665698292054,26681389969,1.4113,1.4114,391,45,2355460.9809999997,2126627.25342,2512926.1504799994,1851972.7070100014,10257.702609999998,6562.612759999999,825785.54623,958948.8213399999,1234971.00944,1398792.8895899993,2231936.7588700005,2246165.5988899977,2686071.0151300016,2482579.411619998
2026-10-08T08:52:01.190067+00:00,obs-20261007-01,LIGHT,HBARUSDT,1.0,0.09435,0.09436,0.094355,1.0598834128239254,8394630982,0.09435,0.09436,342,77,859794.3096999996,424950.26081,896402.6785299993,419993.38174000004,9018.12277,4598.42482,152426.66093,139769.22668,283686.65766,230474.87701999996,432724.69874000025,373834.26024999993,797758.1968700003,738838.58899
2026-10-08T08:53:01.195840+00:00,obs-20261007-01,LIGHT,PEPEUSDT,1.0,4.02e-06,4.03e-06,4.025e-06,24.875621890549926,8828397699,4.02e-06,4.03e-06,159,15,263655.94436798,419773.24650739,345625.0278426,319545.7428316299,2370.58695175,987.2896558000002,132138.31119329997,83003.69820704001,307416.30485789,322885.60096316005,644998.60913799,617404.79468566,939540.55386912,963917.56466841
2026-10-08T08:53:01.195840+00:00,obs-20261007-01,LIGHT,BNBUSDT,1.0,767.35,767.36,767.355,0.1303186290479985,20913157619,767.35,767.36,428,98,3963135.1403099997,5012355.002040001,4155214.8758499967,5027384.159000001,19177.20357000001,1598.53746,826417.8790500007,632092.53669,1619920.9128500007,1378518.9659199994,3653737.3516800003,3152786.65483,6031430.015100009,5014240.100329996
2026-10-08T08:53:01.195840+00:00,obs-20261007-01,LIGHT,AAVEUSDT,1.0,172.39,172.4,172.39499999999998,0.5800800510491477,10441596172,172.39,172.4,343,40,1286490.88608,283114.02404,1208861.0579500003,278787.7942700001,2375.1811699999994,1010.33044,163693.99672000002,81978.39287999997,241934.21806999994,116213.92550999994,311539.66375,169635.39735999997,844498.9459200001,236770.5364399999
2026-10-08T08:53:01.195840+00:00,obs-20261007-01,LIGHT,AVAXUSDT,1.0,10.78,10.781,10.7805,0.9276437847871577,10523381257,10.78,10.781,375,81,1913924.6198899988,868280.7298299997,1931749.9427699996,885727.0711199996,17697.61834,35267.540810000006,148221.30865999998,137414.92305000004,364910.30455,321155.7246000001,498822.9587899999,465415.17845000024,576861.7394899997,526756.4624400003
2026-10-08T08:53:01.195840+00:00,obs-20261007-01,LIGHT,FILUSDT,1.0,1.0579,1.0581,1.058,1.8905378580202914,9897280724,1.0579,1.0581,361,35,486367.9744449998,297444.637277,505561.3779519995,257815.0037649999,5869.460877000002,2074.3670360000006,104438.14555,55460.71225199999,170531.33925800002,125151.745189,250936.29404,190251.56432900004,304734.4958209998,241625.26961000005
2026-10-08T08:53:01.195840+00:00,obs-20261007-01,LIGHT,ALGOUSDT,1.0,0.1304,0.1305,0.13045,7.668711656443339,5665158905,0.1304,0.1305,372,51,720735.6179000003,297837.8566000002,713739.7714000001,311796.5165999999,27151.553200000002,12674.844799999999,19856.1458,35271.0134,53625.907999999996,70760.82990000001,133838.2582,100439.5684,199829.6204,135431.2728
2026-10-08T08:53:01.195840+00:00,obs-20261007-01,LIGHT,XRPUSDT,1.0,1.4105,1.4106,1.4105500000000002,0.7089684509042904,26681395419,1.4105,1.4106,436,58,3293568.0189399994,2132754.047730001,3361273.5962900016,2186548.3353000013,19467.826510000003,9363.7013,829716.8647899999,876115.6646799999,1344054.6138599995,1210885.4907599995,2166587.6016099993,2177574.080289999,2636515.2294199998,2426338.668349999
2026-10-08T08:53:01.195840+00:00,obs-20261007-01,LIGHT,HBARUSDT,1.0,0.09421,0.09422,0.094215,1.061458443900598,8394635241,0.09421,0.09422,379,46,1097371.343310001,1507264.341809999,1137889.5210899995,1488327.8207999999,4763.067599999999,2894.1255400000005,129638.51262000002,155213.27463000003,226500.89808,237055.82553,397776.78553,385346.1852300001,757367.2120399999,754878.51352
2026-10-08T08:54:01.203128+00:00,obs-20261007-01,LIGHT,PEPEUSDT,1.0,4.02e-06,4.03e-06,4.025e-06,24.875621890549926,8828397918,4.02e-06,4.03e-06,96,15,100086.97189229,69652.86723365005,110157.14219588997,170182.01780401,2020.5700875,2559.9041182,116086.08275627998,80207.01317980001,297020.17798028997,302599.31020676,634928.4388343899,516875.64411530003,929470.3835655198,783563.3056958701
2026-10-08T08:54:01.203128+00:00,obs-20261007-01,LIGHT,BNBUSDT,1.0,767.48,767.49,767.485,0.13029655495877535,20913163175,767.48,767.49,369,130,3569101.5555100003,2458525.1973099993,3364466.122930001,2484588.1185899996,3940.3973400000013,35444.57850000001,846987.3721100002,776819.53753,1653188.8404300003,1353234.5758999984,3857131.3762600003,3127141.510419999,6232756.948910012,5223362.001279995
2026-10-08T08:54:01.203128+00:00,obs-20261007-01,LIGHT,AAVEUSDT,1.0,172.4,172.41,172.405,0.5800464037108988,10441597981,172.4,172.41,210,19,1247108.2484099995,148319.82901000002,1298530.46219,146625.43609000003,4541.45002,1837.6256,129030.13048000007,81032.93116999998,209084.25830000004,115847.34948999995,260117.4499700001,171329.79027999993,790850.8831600001,236998.74051999988
2026-10-08T08:54:01.203128+00:00,obs-20261007-01,LIGHT,AVAXUSDT,1.0,10.783,10.784,10.7835,0.9273856997138452,10523383623,10.783,10.784,287,23,1281503.12771,385492.3937300001,1286299.665930001,382448.57692,4919.21796,2069.16646,142047.77586999998,159513.29329,357954.70979999995,331995.78372,493329.48622999986,468502.00866000017,571301.5840499996,530355.0194200001
2026-10-08T08:54:01.203128+00:00,obs-20261007-01,LIGHT,FILUSDT,1.0,1.0583,1.0584,1.05835,0.9449116507598276,9897282654,1.0583,1.0584,271,14,392182.2517009998,103703.34598499999,380078.7718400001,101100.52714499994,475.974687,787.0478589999999,88173.73664399999,69114.716773,172859.780702,128573.89570500003,262968.745909,192886.1692810001,312924.664375,244257.7782330001
2026-10-08T08:54:01.203128+00:00,obs-20261007-01,LIGHT,ALGOUSDT,1.0,0.1294,0.1295,0.12945,7.727975270479526,5665167354,0.1294,0.1295,427,211,1228839.7231,586255.7736000003,1218064.4492000001,520683.2074999999,65109.1484,43711.37810000001,23700.9634,19852.4975,52057.0163,51375.9682,141945.0136,97439.8164,210506.56889999995,119603.0394
2026-10-08T08:54:01.203128+00:00,obs-20261007-01,LIGHT,XRPUSDT,1.0,1.4108,1.4109,1.41085,0.7088176920899691,26681398988,1.4108,1.4109,442,36,2266204.8674500003,1529909.5272800012,2102876.7510699993,1722770.4564400017,11167.712420000003,9406.145310000002,931461.3513899999,822304.10094,1351808.72282,1176701.0760200003,2329564.07084,1987836.0211200009,2781238.91027,2232080.391900002
2026-10-08T08:54:01.203128+00:00,obs-20261007-01,LIGHT,HBARUSDT,1.0,0.0943,0.09431,0.094305,1.0604453870644015,8394637421,0.0943,0.09431,265,29,617223.1542000002,360111.52021,577107.0707899999,384032.21239999984,3309.0738899999997,14576.35606,143169.10442,146822.50836,239080.42057000002,222644.9477,432841.29004000017,368291.7218900001,797525.5191800001,731117.81045
2026-10-08T08:55:01.281485+00:00,obs-20261007-01,LIGHT,PEPEUSDT,1.0,4.02e-06,4.03e-06,4.025e-06,24.875621890549926,8828398146,4.02e-06,4.03e-06,119,12,93872.33277048999,48785.06120923001,97763.28796602998,43045.83366452,587.6761016999999,888.60248685,113423.67809795999,111672.73401908002,292774.37656964,309801.24622072006,631037.48363885,522614.8716600101,925668.13245758,779957.84847323
2026-10-08T08:55:01.281485+00:00,obs-20261007-01,LIGHT,BNBUSDT,1.0,767.3,767.31,767.305,0.1303271210728596,20913168345,767.3,767.31,401,119,2021969.3248500002,2132923.97746,2293284.2198799993,2301637.83172,15377.131969999999,13121.759540000001,734007.4895100001,545947.5641100002,1446950.3707800005,1330208.0338299996,3588830.97419,2900776.90419,6163630.6441500075,4902469.728329999
2026-10-08T08:55:01.281485+00:00,obs-20261007-01,LIGHT,AAVEUSDT,1.0,172.33,172.34,172.335,0.58028201705973,10441599727,172.33,172.34,216,26,855387.68442,167211.53702,877293.7347599998,156221.50607999993,4468.85515,42.398250000000004,101401.98704,88546.36022999996,170889.36081999997,121572.91593999992,242498.39998000005,180338.80915999998,759793.54921,247699.8321599999
2026-10-08T08:55:01.281485+00:00,obs-20261007-01,LIGHT,AVAXUSDT,1.0,10.782,10.783,10.782499999999999,0.9274717121132703,10523386567,10.782,10.783,311,32,1342600.0890999998,455908.7405999999,1342874.1610999997,495539.9154600001,4869.24258,5346.156779999999,140106.52092999997,138556.04632,355972.88737,293652.78872000007,493363.7082299999,428870.83380000025,571612.5908599996,490729.46660000033
2026-10-08T08:55:01.281485+00:00,obs-20261007-01,LIGHT,FILUSDT,1.0,1.0582,1.0583,1.0582500000000001,0.945000945000718,9897284544,1.0582,1.0583,250,18,532238.976876,102389.66397599997,532857.873566,104029.98811699994,606.642837,301.166411,80742.008909,69278.759633,160330.16723700005,127268.60237900005,262383.83660700003,191245.8451400001,312123.584643,242612.4487860001
2026-10-08T08:55:01.281485+00:00,obs-20261007-01,LIGHT,ALGOUSDT,1.0,0.1293,0.1294,0.12935,7.733952049495674,5665170279,0.1293,0.1294,370,36,729659.7423999999,211189.69669999985,719967.4381999995,209641.33270000003,11496.302,9687.903799999998,31597.4888,12805.193500000001,82239.7705,36912.9464,143819.1585,92430.5142,201473.25639999993,115838.9734
2026-10-08T08:55:01.281485+00:00,obs-20261007-01,LIGHT,XRPUSDT,1.0,1.4105,1.4106,1.4105500000000002,0.7089684509042904,26681402882,1.4105,1.4106,377,47,2652131.836449999,1778406.4347799993,2754030.521210001,1527052.8891499997,34133.104550000004,5214.57268,864502.97961,890052.12175,1409367.5042799998,1272413.5727299997,2228017.0332299992,2239101.627259999,2686218.9117199993,2484396.784819999
2026-10-08T08:55:01.281485+00:00,obs-20261007-01,LIGHT,HBARUSDT,1.0,0.0942,0.09421,0.09420500000000001,1.0615711252648374,8394640167,0.0942,0.09421,321,27,628467.62952,785929.6576700002,652089.6229299997,762830.4246299993,3318.47044,2717.98873,146471.01473,140033.76893999998,260382.96907999998,232227.78561,414270.8755300001,384517.11408,773861.29706,754057.0543699999
2026-10-08T08:56:01.285309+00:00,obs-20261007-01,LIGHT,PEPEUSDT,1.0,4.02e-06,4.03e-06,4.025e-06,24.875621890549926,8828398414,4.02e-06,4.03e-06,140,12,95639.25554244999,102477.16719116001,92671.74648193999,111043.83272436,45.32345382,892.5999969900001,133316.94837186,43995.342098110006,296342.68730926,262514.67425019003,634004.99269936,514048.20612681005,928313.0435549,785920.3301373901
2026-10-08T08:56:01.285309+00:00,obs-20261007-01,LIGHT,BNBUSDT,1.0,767.39,767.4,767.395,0.1303118362239175,20913173041,767.39,767.4,386,98,1915745.1587300003,1584049.7842600003,1530835.16209,1420625.8903099997,28743.784900000002,14586.50377,1039121.4737000007,711712.9682999998,1776152.3250400003,1428091.895069999,3971427.7325899997,3121457.7996199997,6343589.266080012,4985919.573999998
2026-10-08T08:56:01.285309+00:00,obs-20261007-01,LIGHT,AAVEUSDT,1.0,172.33,172.34,172.335,0.58028201705973,10441601194,172.33,172.34,230,21,788864.0348999994,99216.29391000001,763362.68404,102921.85684000001,935.7431799999999,1581.4040200000002,124076.74243000001,86543.92745999998,200425.03719,118405.67319999999,267999.75084000017,176633.24623000002,785116.1803900001,244006.31938999996
2026-10-08T08:56:01.285309+00:00,obs-20261007-01,LIGHT,AVAXUSDT,1.0,10.786,10.787,10.7865,0.9271277582056925,10523390284,10.786,10.787,374,57,1651487.4710999997,636047.21149,1645741.4807000004,637634.648,12267.933560000001,9054.818490000001,143761.77914,146412.60525000005,307246.74314000004,296922.8308900001,498787.9516099999,427319.23483000026,567828.7195799998,492675.7918200002
2026-10-08T08:56:01.285309+00:00,obs-20261007-01,LIGHT,FILUSDT,1.0,1.0582,1.0583,1.0582500000000001,0.945000945000718,9897286727,1.0583,1.0584,292,8,498291.5236079998,131881.14818099997,495422.78600499994,139039.859216,63.480000000000004,566.945024,92848.896476,62515.719545,163305.083584,119999.47046400004,265252.57421,184087.13410500006,314697.862669,235458.77353600008
2026-10-08T08:56:01.285309+00:00,obs-20261007-01,LIGHT,ALGOUSDT,1.0,0.1291,0.1292,0.12915,7.745933384974979,5665173323,0.1291,0.1292,360,44,631397.9358999999,242068.35740000018,655736.8799999995,219225.16229999997,5727.7252,6917.137599999999,15506.2239,16783.8005,43657.6668,44068.246999999996,140895.9591,97843.33299999998,187378.02549999996,129709.80649999999
2026-10-08T08:56:01.285309+00:00,obs-20261007-01,LIGHT,XRPUSDT,1.0,1.411,1.4111,1.41105,0.7087172218289695,26681407874,1.411,1.4111,407,57,2505014.10019,1756031.8283799996,2279729.6302599986,2057245.79148,14499.83495,23170.30733,982993.8744199999,673599.4038599998,1341006.2034000005,972624.4066999999,2451391.4446900007,1953505.4707400003,2900427.988310001,2184728.8940600012
2026-10-08T08:56:01.285309+00:00,obs-20261007-01,LIGHT,HBARUSDT,1.0,0.09435,0.09436,0.094355,1.0598834128239254,8394643419,0.09435,0.09436,340,50,1255156.0134100004,852299.4405100003,1200961.2294099997,878202.5067299999,1334.50061,8568.68629,141844.25059999997,135479.63756,272288.01937,223288.25928,462895.3949600001,365015.4417999999,827928.86592,735168.6800499998
2026-10-08T08:57:01.285366+00:00,obs-20261007-01,LIGHT,PEPEUSDT,1.0,4.02e-06,4.03e-06,4.025e-06,24.875621890549926,8828399245,4.02e-06,4.03e-06,212,31,310593.6552270101,433222.63735297,277528.41504164005,244026.50788346003,15267.31478103,6814.210905450001,138985.78743929998,79396.33568373001,304651.30116421997,319645.44489533,644409.4673193899,652219.30223394,939870.76916719,1004605.3396395299
2026-10-08T08:57:01.285366+00:00,obs-20261007-01,LIGHT,BNBUSDT,1.0,767.2,767.21,767.205,0.1303441084465895,20913177050,767.2,767.21,380,104,1769810.479329999,2551202.3344399985,1921868.9857499998,2523138.8561400003,144210.45583999995,23309.799470000005,994663.67523,757003.1575600001,1620994.9381300008,1485982.3296100001,3822303.05415,3087911.7112900014,6328437.240900012,5005047.87966
2026-10-08T08:57:01.285366+00:00,obs-20261007-01,LIGHT,AAVEUSDT,1.0,172.24,172.25,172.245,0.5805852299101133,10441603319,172.24,172.25,271,21,640027.6830700001,205724.32008999994,658349.3288100002,200772.19979999994,705.3253899999999,6475.29317,122625.43324,85139.42335999999,204481.22867000007,122717.01887,254288.18762000013,176340.44508,777162.8947100001,246744.04825999995
2026-10-08T08:57:01.285366+00:00,obs-20261007-01,LIGHT,AVAXUSDT,1.0,10.782,10.783,10.782499999999999,0.9274717121132703,10523394101,10.782,10.783,358,52,1456401.0051899997,594874.70814,1443365.5346899992,574600.64168,14940.97042,4494.679950000001,186570.53935999997,151242.08944,377709.06411,309606.00377,512145.1691299998,447551.90985000005,581479.6221799995,509026.69301000005
2026-10-08T08:57:01.285366+00:00,obs-20261007-01,LIGHT,FILUSDT,1.0,1.0582,1.0583,1.0582500000000001,0.945000945000718,9897288808,1.0582,1.0583,263,18,469271.990307,150173.314261,464619.229797,142127.67055799998,423.75603199999995,804.303866,89701.11195700002,66551.776768,158827.317291,126638.29052500003,269905.33472000004,192132.77780800013,319145.96435699996,243499.41099900016
2026-10-08T08:57:01.285366+00:00,obs-20261007-01,LIGHT,ALGOUSDT,1.0,0.1292,0.1293,0.12925,7.739938080495445,5665175796,0.1292,0.1293,280,36,655152.2839000003,207253.69459999993,624239.3074999998,209017.55330000003,12408.526999999998,9340.1357,19902.0088,26799.9001,50364.066,58653.6813,140185.7497,99103.5559,194096.576,132912.09680000003
2026-10-08T08:57:01.285366+00:00,obs-20261007-01,LIGHT,XRPUSDT,1.0,1.411,1.4111,1.41105,0.7087172218289695,26681412251,1.411,1.4111,413,43,2397166.3478100016,1930467.1350299995,2571352.8882800033,1702261.8925299991,5154.785569999999,6122.9462,867613.59328,927644.5923799998,1168230.9826899997,1202742.1987299994,2278701.78737,2183734.923239998,2739456.644890001,2414957.206399998
2026-10-08T08:57:01.285366+00:00,obs-20261007-01,LIGHT,HBARUSDT,1.0,0.09429,0.0943,0.09429499999999999,1.0605578534295113,8394646124,0.09429,0.0943,325,37,1271247.6412900009,1027538.5575799994,1324236.2459300002,1028687.4732400001,3209.5379100000005,6907.94711,156154.46665000002,120978.57398000002,261915.89550999994,219684.32381000003,407290.40375000006,363816.12988,770999.44994,731806.2839099999
2026-10-08T08:58:01.303121+00:00,obs-20261007-01,LIGHT,PEPEUSDT,1.0,4.02e-06,4.03e-06,4.025e-06,24.875621890549926,8828399523,4.02e-06,4.03e-06,138,13,11854.05078061,69215.21514391,13786.759921150004,90293.59226755002,29.09695296,911.70093963,142077.95251715998,62678.57755939,302080.43946478993,298583.73710839,642476.7581788499,631140.9251103001,936771.2445204799,999487.5892926301
2026-10-08T08:58:01.303121+00:00,obs-20261007-01,LIGHT,BNBUSDT,1.0,767.15,767.16,767.155,0.13035260379323788,20913179456,767.15,767.16,274,56,727791.4935100005,721550.1263699998,701602.0921299998,724148.3512800002,23080.54437,9088.142790000004,1024622.3792100005,754786.7813899999,1647482.809640001,1477324.5869699998,3850598.6070399997,3081864.588030001,6361759.072910012,5002773.235440001
2026-10-08T08:58:01.303121+00:00,obs-20261007-01,LIGHT,AAVEUSDT,1.0,172.14,172.15,172.14499999999998,0.5809225049380196,10441604715,172.14,172.15,205,16,295526.4716200001,126203.24623,294671.0989799999,117012.04466,935.0838499999999,273.67413000000005,124949.85610000002,91002.80176000003,208800.64163000006,125312.87151999999,261635.89914000008,183657.10814999993,784777.11454,253127.4008799999
2026-10-08T08:58:01.303121+00:00,obs-20261007-01,LIGHT,AVAXUSDT,1.0,10.775,10.776,10.775500000000001,0.9280742459383262,10523395513,10.775,10.776,272,21,741055.4156000001,352099.95186000026,775942.5222099996,313726.6020999998,4262.00605,3471.2191,174786.25804000002,187167.45809000003,355312.66469,331370.3773099999,477788.07388999977,484812.64015999995,554506.5929599998,546160.92042
2026-10-08T08:58:01.303121+00:00,obs-20261007-01,LIGHT,FILUSDT,1.0,1.0581,1.0582,1.05815,0.9450902561192187,9897290257,1.0581,1.0582,266,5,415237.94624699967,86408.89494899995,414648.0019699998,80920.53379799987,330.616696,239.793363,93084.80120899997,74414.353328,159809.224294,132189.844756,270505.79690100014,197589.3528470001,323025.161239,248963.08627200013
2026-10-08T08:58:01.303121+00:00,obs-20261007-01,LIGHT,ALGOUSDT,1.0,0.1292,0.1293,0.12925,7.739938080495445,5665178054,0.1292,0.1293,296,15,555756.2154999999,163753.9741000001,556317.2129000002,166019.32480000012,2645.5687,3648.5655000000006,20270.6756,23152.9047,45784.1772,54007.5799,141618.71330000003,93700.7242,195200.8556,127365.3556
2026-10-08T08:58:01.303121+00:00,obs-20261007-01,LIGHT,XRPUSDT,1.0,1.4108,1.4109,1.41085,0.7088176920899691,26681414489,1.4108,1.4109,336,32,1061966.2369200005,971378.2747799995,1084201.0995500006,925489.9740999998,5055.41416,10919.2169,846027.4669899996,854222.6863099999,1435332.0645799993,1248460.1145999993,2258025.336059999,2216621.4496699986,2708717.237639999,2460864.6804499985
2026-10-08T08:58:01.303121+00:00,obs-20261007-01,LIGHT,HBARUSDT,1.0,0.09423,0.09424,0.094235,1.0612331529258334,8394648258,0.09423,0.09424,261,28,1037057.65172,1101637.6845700003,1028655.63714,1085257.2916999995,3233.1838799999996,3465.90466,155205.46248,140599.9803,278278.23906,225525.34247000006,420704.4182600001,379616.29863000015,779424.2048200001,737503.64388
2026-10-08T08:59:01.315041+00:00,obs-20261007-01,LIGHT,PEPEUSDT,1.0,4.02e-06,4.03e-06,4.025e-06,24.875621890549926,8828399905,4.02e-06,4.03e-06,190,16,21012.52029006001,48815.85513388001,29423.175452240004,183790.80150961003,332.89383624,1006.08752127,133756.2394275,10861.41056494,293666.33095461,232367.49444834003,634066.10301667,496165.9787345701,928360.5893583,824172.3479868701
2026-10-08T08:59:01.315041+00:00,obs-20261007-01,LIGHT,BNBUSDT,1.0,767.23,767.24,767.235,0.13033901177017526,20913181598,767.23,767.24,328,85,684924.9206000001,822421.5313800001,863131.0891799994,863102.2625199998,2340.11331,2754.3291800000006,868304.7297600001,732715.4976699998,1537283.378180001,1444494.7552599998,3670266.538389999,3048232.078910001,6320136.936410004,4966629.30189
2026-10-08T08:59:01.315041+00:00,obs-20261007-01,LIGHT,AAVEUSDT,1.0,172.16,172.17,172.165,0.5808550185859573,10441605640,172.16,172.17,197,5,246455.89480000007,85530.37793000002,245999.68924000012,89291.17067000002,0.0,881.66575,118451.68754999999,88691.11913000002,210475.53768,127473.47142999999,262071.48203000004,179942.56482999987,772764.9895799999,249390.48973999984
2026-10-08T08:59:01.315041+00:00,obs-20261007-01,LIGHT,AVAXUSDT,1.0,10.768,10.769,10.7685,0.928677563150071,10523399000,10.768,10.769,307,107,1044778.3811899996,721416.2978200001,1019474.7711700002,719559.4406199998,32002.184750000004,56602.22359999999,178710.96781000003,173644.98717000004,361458.4559799999,349234.8281,507534.0871699996,483976.0038,577222.8762499997,543022.6681799999
2026-10-08T08:59:01.315041+00:00,obs-20261007-01,LIGHT,FILUSDT,1.0,1.0581,1.0582,1.05815,0.9450902561192187,9897291462,1.0581,1.0582,205,5,234797.81079799993,80834.21384300003,238200.5314600001,85016.339909,534.1833809999999,420.838113,91857.516532,72908.878375,158505.67389000003,128040.38507400002,267103.07623900013,193407.22678100006,319622.440577,244780.9602060001
2026-10-08T08:59:01.315041+00:00,obs-20261007-01,LIGHT,ALGOUSDT,1.0,0.1293,0.1294,0.12935,7.733952049495674,5665179809,0.1293,0.1294,272,11,628979.1723000002,186299.44550000006,626520.4193,178114.85720000006,1916.2846,1845.4690999999998,18754.1957,23754.8115,40603.6756,59655.400299999994,133971.3543,111284.43779999999,188732.32269999993,136258.32439999998
2026-10-08T08:59:01.315041+00:00,obs-20261007-01,LIGHT,XRPUSDT,1.0,1.4112,1.4113,1.41125,0.7086167800451904,26681417223,1.4112,1.4113,323,42,1162498.4291399997,847113.4251899996,1155262.6638600004,1115318.4423099998,9145.28624,26620.4149,824874.3687799999,693169.96546,1154150.54361,1111536.7491200003,2263321.1584799998,1962986.7125700007,2706322.08308,2194964.136740002
2026-10-08T08:59:01.315041+00:00,obs-20261007-01,LIGHT,HBARUSDT,1.0,0.09437,0.09438,0.094375,1.0596587898703547,8394651686,0.09437,0.09438,285,84,940742.3799300002,874803.4318500003,791534.2543700002,873994.8829300001,14985.7203,29414.972979999995,135928.794,130300.39742000001,269851.66941999993,238999.45743,448981.04270000005,385694.1457800001,815420.0549300001,754226.10562
2026-10-08T09:00:01.322268+00:00,obs-20261007-01,LIGHT,PEPEUSDT,1.0,4.02e-06,4.03e-06,4.025e-06,24.875621890549926,8828400194,4.02e-06,4.03e-06,165,17,9877.630148109998,72137.51067267,13368.241963690003,75243.04956935,90.87739835999999,1091.8255093200003,132279.19471433997,9262.601012860001,291395.03535391996,229262.60032786,630575.4912010899,493060.43983789,924553.6918346598,821018.6463656299
2026-10-08T09:00:01.322268+00:00,obs-20261007-01,LIGHT,BNBUSDT,1.0,767.24,767.25,767.245,0.13033731296685502,20913183706,767.24,767.25,255,56,527278.2801099998,508214.3412,508529.1581000001,495526.08965000004,2105.52456,4658.278769999999,885353.8461400002,744695.8795199996,1554031.266660001,1457196.1151699994,3688840.9592999998,3060920.330460001,6340869.120860006,4982289.858469999
2026-10-08T09:00:01.322268+00:00,obs-20261007-01,LIGHT,AAVEUSDT,1.0,172.19,172.2,172.195,0.5807538184554595,10441606846,172.19,172.2,195,14,302451.4961199998,154475.36603,300132.50220000005,154854.12029000005,104.18492999999998,554.13018,124222.67083999999,90000.27962,202551.35196,128527.62039999997,264309.33433000004,179580.8532099999,770645.15168,249866.52469999986
2026-10-08T09:00:01.322268+00:00,obs-20261007-01,LIGHT,AVAXUSDT,1.0,10.769,10.77,10.7695,0.9285913269563295,10523400526,10.769,10.77,274,31,268370.50070000003,560560.0535100002,259494.99904000008,589139.7221,398.41529999999995,10732.175560000001,181974.77316999997,167950.44569000005,369521.9856399999,315829.07329000003,512223.86700999964,455401.4474,594118.4245799999,516003.97454
2026-10-08T09:00:01.322268+00:00,obs-20261007-01,LIGHT,FILUSDT,1.0,1.0577,1.0578,1.05775,0.9454476694714664,9897292283,1.0577,1.0578,180,4,84280.13633700003,54852.561797000024,95897.06006800002,47033.10852500004,209.641393,149.862114,92540.66721499998,74152.868189,182679.86762499996,141672.980697,255570.0759519999,199778.18939800005,307710.84791199974,250624.70087700008
2026-10-08T09:00:01.322268+00:00,obs-20261007-01,LIGHT,ALGOUSDT,1.0,0.1293,0.1294,0.12935,7.733952049495674,5665182623,0.1293,0.1294,290,31,796357.5917000003,315223.67740000004,762729.8032000001,315628.98629999993,11522.127299999998,14498.263400000002,19417.4357,31358.4485,45403.4308,58928.421599999994,136472.68,102577.31589999999,191765.8203,126035.7064
2026-10-08T09:00:01.322268+00:00,obs-20261007-01,LIGHT,XRPUSDT,1.0,1.4112,1.4113,1.41125,0.7086167800451904,26681419205,1.4112,1.4113,392,11,625008.6431100001,413216.8300099999,617435.9808499998,420649.0956700001,1826.8652499999998,452.6219699999999,830205.62283,684686.54898,1161989.5725900002,1104609.36014,2270893.82074,1956059.3235900004,2712924.01261,2188036.7477600016
2026-10-08T09:00:01.322268+00:00,obs-20261007-01,LIGHT,HBARUSDT,1.0,0.09436,0.09437,0.094365,1.059771089444439,8394653759,0.09436,0.09437,286,41,842153.5975999996,350548.1779099999,850243.7065200001,351221.15378,4840.34041,8378.75255,137500.63834,134303.46199,283801.85384999996,237767.23256,440963.62232000014,379875.09708000004,782868.3552200001,753541.19351
2026-10-08T09:01:01.323436+00:00,obs-20261007-01,LIGHT,PEPEUSDT,1.0,4.03e-06,4.04e-06,4.035e-06,24.81389578163684,8828401066,4.03e-06,4.04e-06,219,24,326708.7084692701,387542.07661094994,120411.10943504002,328112.49606503,454.11271523999994,1935.3057385900004,129510.28800879001,121053.43544984,340527.16814133,314417.02094504004,689570.1932961501,663037.03312932,1012124.5196814501,992540.61250334
2026-10-08T09:01:01.323436+00:00,obs-20261007-01,LIGHT,BNBUSDT,1.0,767.71,767.72,767.715,0.1302575191153288,20913193247,767.71,767.72,444,193,5275999.652409998,4459023.19601,5595865.064490001,5122943.737320001,18779.10428,45568.80424,714966.6615399999,616021.2994299999,1359972.2714500008,1307588.00121,2969995.121780001,2760114.24344,5479443.968570008,4262776.068040005
2026-10-08T09:01:01.323436+00:00,obs-20261007-01,LIGHT,AAVEUSDT,1.0,172.45,172.46,172.45499999999998,0.5798782255728163,10441610070,172.45,172.46,298,42,496462.25127,313745.7571799999,501574.14756999986,346565.33692,2504.4152399999994,2841.6273100000003,88163.52231000003,77302.36872,171934.21420000002,106999.94658999995,238134.63344000003,157313.53071999998,765766.6467800001,219730.70850999994
2026-10-08T09:01:01.323436+00:00,obs-20261007-01,LIGHT,AVAXUSDT,1.0,10.798,10.799,10.7985,0.9260974254488019,10523409003,10.798,10.799,455,129,1493439.8419599987,3156639.55068,1410600.5512799998,3178272.609179999,18081.05516,15053.620859999992,118654.08678,173109.52888,321667.29850000003,309159.64182,582016.77498,436360.42209000007,653925.4439500002,503690.72602000006
2026-10-08T09:01:01.323436+00:00,obs-20261007-01,LIGHT,FILUSDT,1.0,1.0598,1.06,1.0599,1.8871485185889547,9897294468,1.0598,1.06,273,22,300017.544325,187520.85972099996,263899.512213,234978.90950600003,261.759922,1130.882728,76634.365896,57247.553134,176343.14399199994,107544.40682600003,279070.528161,168722.99935000003,337341.11289000016,221716.95325100003
2026-10-08T09:01:01.323436+00:00,obs-20261007-01,LIGHT,ALGOUSDT,1.0,0.1289,0.129,0.12895,7.757951900699833,5665185206,0.1289,0.129,339,26,493618.93569999986,290291.40879999986,525375.8867999997,269393.6851,10478.1847,3119.0267,31854.417,18453.2448,76982.8303,49175.0037,125607.3555,96055.63160000001,158328.16500000007,126574.78990000002
2026-10-08T09:01:01.323436+00:00,obs-20261007-01,LIGHT,XRPUSDT,1.0,1.4127,1.4128,1.41275,0.7078643731861511,26681427747,1.4127,1.4128,454,135,4618462.650590001,4348939.819720001,4684211.165079996,4204701.24139,78118.30424999993,100531.76099,768321.9293000001,825577.5678699998,1040289.1274700002,1255448.85803,2148828.995660001,2150543.786069999,2637737.9736599997,2368071.3978900006
2026-10-08T09:01:01.323436+00:00,obs-20261007-01,LIGHT,HBARUSDT,1.0,0.09452,0.09453,0.094525,1.0579771476937339,8394658285,0.09452,0.09453,398,83,1839383.6357300014,1090709.2279999994,1824006.36015,1103907.592729999,12630.919769999999,26602.634180000012,143061.06160000002,146279.17183999997,252890.86585000006,235986.5012299999,454611.3730800001,382780.29422999994,794623.0996500001,741350.9408799999
2026-10-08T09:02:01.324123+00:00,obs-20261007-01,LIGHT,PEPEUSDT,1.0,4.03e-06,4.04e-06,4.035e-06,24.81389578163684,8828401339,4.03e-06,4.04e-06,137,14,124754.29656166,290776.52328294003,113831.32568173001,316401.0618957,62.41166295,936.6596418400001,146175.60668503,88556.28372840001,353158.76379181,284276.7071157,700493.16417608,637412.49451656,1021285.5174602701,997257.18966191
2026-10-08T09:02:01.324123+00:00,obs-20261007-01,LIGHT,BNBUSDT,1.0,767.98,767.99,767.985,0.13021172426297412,20913201783,767.98,767.99,473,190,4792851.674750001,4257433.45591,4336500.533339998,4247416.093910001,2177.507279999999,17549.717660000006,872856.8687800007,723232.62856,1651990.4976400007,1425134.27404,3339674.1777600003,3046774.357339998,6259387.735050003,4978926.529229999
2026-10-08T09:02:01.324123+00:00,obs-20261007-01,LIGHT,AAVEUSDT,1.0,172.58,172.59,172.585,0.579441418471216,10441612580,172.58,172.59,333,25,735883.5866899999,253054.64317000017,691567.4891499997,247592.2793899999,333.51828,540.85536,140344.48476999998,80525.81260999998,212531.05985,133450.2521899999,273623.41585999995,169356.12658999994,806650.95427,280601.37346999993
2026-10-08T09:02:01.324123+00:00,obs-20261007-01,LIGHT,AVAXUSDT,1.0,10.794,10.795,10.7945,0.9264406151565652,10523414341,10.794,10.795,406,76,962066.0803400006,2171700.2280900003,1011648.71009,2138567.3932499993,6153.371349999999,8351.15179,141387.60763999997,160652.23592000004,373609.36048999993,326356.7075300001,533647.1360399997,469479.51708000025,619570.1277299996,536798.1769500002
2026-10-08T09:02:01.324123+00:00,obs-20261007-01,LIGHT,FILUSDT,1.0,1.0602,1.0604,1.0603,1.886436521409962,9897296531,1.0602,1.0604,337,6,301470.95252200007,179802.45042199994,281219.1449069999,170263.62129100002,264.455649,135.477054,92019.09331699999,72987.05381600001,181736.86932300002,119430.24237400004,295502.043991,181880.87740200004,357829.2530470001,235404.19959700003
2026-10-08T09:02:01.324123+00:00,obs-20261007-01,LIGHT,ALGOUSDT,1.0,0.1292,0.1293,0.12925,7.739938080495445,5665187180,0.1292,0.1293,327,18,313815.3305000001,278129.27790000004,279524.9432000001,279393.17990000005,4945.282599999999,3398.3427,20805.2708,28935.2311,66161.8525,63386.4936,142931.32069999998,105212.1159,189792.70620000002,138531.5719
2026-10-08T09:02:01.324123+00:00,obs-20261007-01,LIGHT,XRPUSDT,1.0,1.4122,1.4123,1.41225,0.7081149978760415,26681434305,1.4122,1.4123,508,89,2988236.058269998,2730389.417329998,3002836.883759999,2765294.225839999,66201.72472999999,42686.53461,818759.97851,819484.15522,1186426.74109,1104484.8118300003,2143103.3841399997,2104145.04289,2625792.746909999,2333814.7009900017
2026-10-08T09:02:01.324123+00:00,obs-20261007-01,LIGHT,HBARUSDT,1.0,0.09454,0.09455,0.09454499999999999,1.0577533319233723,8394662060,0.09454,0.09455,384,45,987695.6449300002,889562.2521599995,985066.1512799998,905360.6092699995,2528.54029,13410.18854,146770.26304,128125.14959,265763.8359,216568.35370999997,451385.56532000005,367000.4621799999,789633.0805000002,722927.6616099998
2026-10-08T09:03:01.329989+00:00,obs-20261007-01,LIGHT,PEPEUSDT,1.0,4.04e-06,4.05e-06,4.045e-06,24.752475247524774,8828402170,4.04e-06,4.05e-06,184,42,268131.91325825016,307188.24312825,89021.16521173,382513.82444015995,96.94742499000002,41669.39221217,125330.25086896,140006.61651105,293422.47497617005,331273.20003557,684427.3761546001,663155.84826537,1002834.4583645001,983313.01804606
2026-10-08T09:03:01.329989+00:00,obs-20261007-01,LIGHT,BNBUSDT,1.0,768.57,768.58,768.575,0.1301117660079676,20913206941,768.57,768.58,430,99,4197621.9745700015,3089427.818169999,4229558.045219998,3337470.718049999,888.8917100000001,14438.867869999998,899300.6731199999,802943.6077199997,1610329.8759399995,1454148.82732,3129092.0656500002,3092197.9697400006,6018818.347640002,5003023.152180005
2026-10-08T09:03:01.329989+00:00,obs-20261007-01,LIGHT,AAVEUSDT,1.0,172.68,172.69,172.685,0.5791058605497668,10441616227,172.68,172.69,322,54,794759.1430899999,413841.09061,792016.85159,415749.78156000015,1728.46885,1686.3136399999996,117511.63918,80279.96511000002,204090.79115,126480.84386999997,270698.5761700001,167950.6661,809717.7209300003,280646.73159999994
2026-10-08T09:03:01.329989+00:00,obs-20261007-01,LIGHT,AVAXUSDT,1.0,10.826,10.827,10.8265,0.9237021984098703,10523420590,10.826,10.827,475,95,1293027.4856199995,2403474.029660001,1222944.7152600007,2453480.307199999,12222.38104,10737.43697,131057.49429999999,155438.53614,281760.14531,289392.3667999999,590475.68765,423139.1658799998,644234.1802199997,489168.36492999987
2026-10-08T09:03:01.329989+00:00,obs-20261007-01,LIGHT,FILUSDT,1.0,1.063,1.0632,1.0631,1.8814675446843232,9897299897,1.063,1.0632,390,42,545392.4979259998,370388.6072830002,493018.3197889997,393281.5517509999,884.237996,4071.711629,79762.80455500001,71978.61778999999,168243.59223299994,105978.51746099997,300401.6573189999,174437.374947,391328.269387,228055.600697
2026-10-08T09:03:01.329989+00:00,obs-20261007-01,LIGHT,ALGOUSDT,1.0,0.13,0.1301,0.13005,7.692307692306333,5665191903,0.13,0.1301,379,85,674758.8053999998,544905.7818000001,600362.7484999999,562000.4284,20946.3374,22561.664599999996,14217.4803,20028.9872,49892.0769,70453.3104,142873.47819999995,101632.2955,199827.83249999993,126664.4635
2026-10-08T09:03:01.329989+00:00,obs-20261007-01,LIGHT,XRPUSDT,1.0,1.4141,1.4142,1.4141499999999998,0.7071635669331222,26681439576,1.4141,1.4142,413,72,3813932.440290002,3043144.5604899977,3495856.3826600015,3214451.7981599984,14281.883419999998,115268.13713999999,1019859.8964499999,655641.5004899998,1337910.6703299992,1262529.3520899997,2352663.9517300003,1962057.3771299997,2878360.002129998,2169058.56718
2026-10-08T09:03:01.329989+00:00,obs-20261007-01,LIGHT,HBARUSDT,1.0,0.09492,0.09493,0.09492500000000001,1.0535187526339307,8394667427,0.09493,0.09494,397,147,2688194.4379900014,1074799.8330099995,2584998.78851,1109545.5954599997,17838.702890000008,38277.27200000002,145233.28129999994,124621.80337,228481.13766999994,208378.82488,432592.9136999999,350972.1780199999,768187.48584,715928.1542399995
2026-10-08T09:04:01.330738+00:00,obs-20261007-01,LIGHT,PEPEUSDT,1.0,4.04e-06,4.05e-06,4.045e-06,24.752475247524774,8828402742,4.04e-06,4.05e-06,157,15,179275.33754664005,254139.49214055997,179961.33429983997,258663.62145255995,40.278622240000004,991.6205125500001,127628.31757668001,139473.51302655,292489.09311146004,326718.20684133004,683741.3794014,658631.7189533701,1008529.4949565999,978788.8887340601
2026-10-08T09:04:01.330738+00:00,obs-20261007-01,LIGHT,BNBUSDT,1.0,768.62,768.63,768.625,0.13010330202067877,20913210899,768.62,768.63,407,117,1499872.7426799992,1235949.0901199994,1334553.5837199998,1240862.2412299998,18680.324479999996,12764.674350000003,793652.2741100001,865914.9953499996,1609291.0625499997,1449250.3421199997,3294004.1440400006,2894086.4014,6158754.563890006,5003205.734780005
2026-10-08T09:04:01.330738+00:00,obs-20261007-01,LIGHT,AAVEUSDT,1.0,172.67,172.68,172.675,0.5791393988552329,10441619193,172.67,172.68,311,38,732446.6652800001,248342.32252999998,730441.12576,246144.56503000009,2884.7562199999998,998.1760400000001,92879.20120999996,84376.48770000003,179971.42949000004,129630.36020999998,270210.3889000002,170148.42360000007,805206.5716700003,282891.1056
2026-10-08T09:04:01.330738+00:00,obs-20261007-01,LIGHT,AVAXUSDT,1.0,10.833,10.834,10.8335,0.9231053263181188,10523426239,10.833,10.834,423,73,1075228.0120299992,1886940.4327800001,953702.93941,1879487.965450001,2251.5524800000007,6936.66161,221081.93645999994,162135.15852,380286.20702000003,302914.44274999993,708007.32665,429910.7359899997,778203.3994799996,497107.44065999985
2026-10-08T09:04:01.330738+00:00,obs-20261007-01,LIGHT,FILUSDT,1.0,1.0639,1.064,1.0639500000000002,0.9399379640950833,9897304026,1.0639,1.064,417,50,551602.2187540005,474026.56221699994,542824.9553109999,478250.5448379996,2019.6903510000002,4668.562225000001,108109.70948399999,60481.509707,197434.932178,112954.62519699997,308156.8971879998,179132.46935000006,389675.881913,230541.7568440001
2026-10-08T09:04:01.330738+00:00,obs-20261007-01,LIGHT,ALGOUSDT,1.0,0.1304,0.1305,0.13045,7.668711656443339,5665194448,0.1304,0.1305,333,46,276489.2679999999,321780.5671999999,249608.24619999997,324166.2347000001,10955.171900000001,21099.0079,16927.6705,21309.5108,43952.722499999996,70227.11750000001,127028.4473,106472.00310000002,194935.87769999998,141560.94350000005
2026-10-08T09:04:01.330738+00:00,obs-20261007-01,LIGHT,XRPUSDT,1.0,1.4141,1.4142,1.4141499999999998,0.7071635669331222,26681444167,1.4141,1.4142,448,38,1996744.75299,1632099.4526100003,2037818.5056499997,1638746.746129999,16750.736670000002,18325.16277,983673.97973,678729.5777,1298908.8608599997,1256155.81544,2312570.1990700015,1956421.6079700002,2836560.9130800003,2163549.46672
2026-10-08T09:04:01.330738+00:00,obs-20261007-01,LIGHT,HBARUSDT,1.0,0.09485,0.09486,0.094855,1.0542962572479553,8394670462,0.09485,0.09486,356,59,781911.1752799994,538520.2435699999,759198.4150700001,488810.2398899997,14008.818389999997,3209.1555599999997,161165.66848999998,159593.90276000006,284796.50502,253830.42376,456545.83107,400178.1154499999,795184.7057400001,765604.8529999995
2026-10-08T09:05:01.335107+00:00,obs-20261007-01,LIGHT,PEPEUSDT,1.0,4.04e-06,4.05e-06,4.045e-06,24.752475247524774,8828403072,4.04e-06,4.05e-06,130,15,119114.00485605003,168760.21194443997,163106.85017062005,174214.60484210998,0.0,972.9095854500001,157982.3378832,106941.07838295,303774.65426655,314211.00445875,639748.53408683,653177.3260557001,1021888.50148137,1002988.0236302301
2026-10-08T09:05:01.335107+00:00,obs-20261007-01,LIGHT,BNBUSDT,1.0,768.79,768.8,768.795,0.1300745327070807,20913214856,768.79,768.8,371,102,2888593.941529998,2965478.12167,2822566.10783,2924860.6663899994,4902.4830999999995,9614.338999999996,783561.1888500002,806789.4998499998,1647307.8373699998,1494491.21165,3258970.0275899996,3041394.572679999,6123819.123940001,5064649.866800004
2026-10-08T09:05:01.335107+00:00,obs-20261007-01,LIGHT,AAVEUSDT,1.0,172.85,172.86,172.85500000000002,0.578536303155186,10441621312,172.85,172.86,290,27,635244.9953300002,246360.74653999996,615416.0590200002,264576.68338999996,236.29011,1954.6694200000002,137345.90535999995,73731.18620999999,201885.68334000005,125578.09139999992,273097.65234000015,156741.36049,818357.3753200003,269113.3403499999
2026-10-08T09:05:01.335107+00:00,obs-20261007-01,LIGHT,AVAXUSDT,1.0,10.852,10.853,10.8525,0.9214891264286429,10523430019,10.852,10.853,385,52,1181688.4313700006,1568178.0617199994,1078796.05793,1556472.96337,2787.696099999999,6938.371400000002,239281.78287000002,184588.03718000004,513179.2841799999,322424.1885000001,801870.2212999997,443491.65742000006,874488.6414699994,510270.6459200002
2026-10-08T09:05:01.335107+00:00,obs-20261007-01,LIGHT,FILUSDT,1.0,1.0646,1.0648,1.0647,1.8786398647385738,9897306440,1.0646,1.0648,345,56,511235.1014050001,227813.65127900007,500856.34243799996,224631.68537200007,14461.352736,11902.201104999998,86864.28746299999,70470.62662000001,187955.52347299992,124093.77392200001,312104.9222919998,184149.97111300007,392524.47463099996,246477.37420900012
2026-10-08T09:05:01.335107+00:00,obs-20261007-01,LIGHT,ALGOUSDT,1.0,0.1303,0.1304,0.13035,7.674597083653367,5665196550,0.1303,0.1304,273,44,383659.92769999994,295282.12029999995,339678.35499999986,291023.65410000004,7478.549699999999,9719.155700000001,22210.1485,20733.364,58093.60890000001,61373.7097,151355.70690000002,101055.1391,201380.3014,131107.19040000002
2026-10-08T09:05:01.335107+00:00,obs-20261007-01,LIGHT,XRPUSDT,1.0,1.4148,1.4149,1.41485,0.7068136839127881,26681447977,1.4148,1.4149,384,27,2353439.48849,1630986.9281499998,2392301.066889999,1627598.9553799997,2283.92947,12342.477930000003,894217.2698100002,596284.02686,1351608.0747600002,1105460.4482800001,2272894.965580002,1963051.7719500007,2766347.592820001,2171481.542510001
2026-10-08T09:05:01.335107+00:00,obs-20261007-01,LIGHT,HBARUSDT,1.0,0.09486,0.09487,0.094865,1.054185114905959,8394673759,0.09486,0.09487,332,68,857085.8316000002,760943.26519,880068.77021,742092.4180800002,9342.239779999998,10502.890820000002,150889.17557999998,151343.01287,260011.06063,230817.96031999998,433562.89245999994,419490.4793299999,776935.2344500001,785325.6419199995
2026-10-08T09:06:01.343359+00:00,obs-20261007-01,LIGHT,PEPEUSDT,1.0,4.04e-06,4.05e-06,4.045e-06,24.752475247524774,8828403207,4.04e-06,4.05e-06,88,19,235933.45601749,117475.51455121001,246276.24850138003,205760.22897921,1.6128811200000002,1824.1496622,129813.71263148001,123647.94389790001,292727.84835504,300314.14181702,629405.74160294,564892.6116277,940430.9309174799,834510.99860774
2026-10-08T09:06:01.343359+00:00,obs-20261007-01,LIGHT,BNBUSDT,1.0,768.8,768.81,768.805,0.1300728407915841,20913217955,768.8,768.81,388,71,1174897.4080599998,860720.7393899998,1169617.03002,797690.3338300001,7114.52302,14072.512370000004,815456.0212999998,848307.5363699998,1653548.5635499994,1557427.10566,3263344.684729999,3105095.0891099996,6129879.565910003,5127761.587470003
2026-10-08T09:06:01.343359+00:00,obs-20261007-01,LIGHT,AAVEUSDT,1.0,172.91,172.92,172.915,0.5783355502853027,10441622476,172.91,172.92,254,19,465221.50305000023,142942.7448399999,463901.2322400004,137532.14052,403.61199999999997,1304.95384,118665.64869999999,85746.99159999996,207442.53937000013,122992.37423999987,269300.7862800001,162805.68201999995,819593.2660800003,274546.1647699998
2026-10-08T09:06:01.343359+00:00,obs-20261007-01,LIGHT,AVAXUSDT,1.0,10.845,10.846,10.845500000000001,0.9220839096357736,10523434712,10.845,10.846,416,49,951499.79862,1637255.1148400002,1028679.2022799997,1601562.17243,1848.5773199999994,4985.599170000001,319841.71910000005,192993.40070000003,455322.42207,334057.23848,726314.6317499996,479127.1759999998,801227.4765399995,544963.48937
2026-10-08T09:06:01.343359+00:00,obs-20261007-01,LIGHT,FILUSDT,1.0,1.0647,1.0648,1.06475,0.9392317084633284,9897308254,1.0647,1.0648,301,17,330220.1465669998,141393.13308600005,324965.2402559999,143451.00240600007,125.50941399999999,2406.0097469999996,103482.22776499999,68742.915466,204575.31462499997,121811.032255,317234.8334249999,182092.10179300004,394573.73664299987,247781.0927260001
2026-10-08T09:06:01.343359+00:00,obs-20261007-01,LIGHT,ALGOUSDT,1.0,0.1301,0.1302,0.13015,7.68639508070823,5665198209,0.1301,0.1302,236,26,489676.23360000027,167323.09980000005,507862.13650000026,160865.3776,23547.5445,3382.2023,16341.486400000002,14597.5245,84531.01040000001,54490.9086,137967.18959999998,92426.9186,190136.49599999998,130047.65050000002
2026-10-08T09:06:01.343359+00:00,obs-20261007-01,LIGHT,XRPUSDT,1.0,1.4147,1.4148,1.4147500000000002,0.7068636460028088,26681451183,1.4147,1.4148,380,40,1643506.186960001,1334195.9992199996,1742199.997880001,1147020.6559199996,7103.68115,21864.69509,846965.5455,772319.7866199999,1281437.9762199998,1287766.66122,2174354.671380001,2150457.6672699996,2660551.21084,2359142.8342100014
2026-10-08T09:06:01.343359+00:00,obs-20261007-01,LIGHT,HBARUSDT,1.0,0.09474,0.09475,0.094745,1.055520371542329,8394676135,0.09474,0.09475,286,36,470196.8653699999,685476.76985,481432.0107299998,674404.6575800001,3765.6248000000005,5132.70824,163520.75081999996,146822.31775000005,260184.92581,270116.8678400001,426539.9570999998,424132.3780100001,768423.39598,791051.9893799997
2026-10-08T09:07:01.343520+00:00,obs-20261007-01,LIGHT,PEPEUSDT,1.0,4.04e-06,4.05e-06,4.045e-06,24.752475247524774,8828403396,4.04e-06,4.05e-06,121,17,69879.45854596,216472.35338191,69694.15342962,217310.83268037002,904.7113864800001,1050.5606728500002,128924.06214280002,118891.57655745001,292738.80173754005,299581.10438605,629591.0467192801,564054.13232924,940626.6460302799,833676.61930928
2026-10-08T09:07:01.343520+00:00,obs-20261007-01,LIGHT,BNBUSDT,1.0,768.78,768.79,768.785,0.1300762246669862,20913221752,768.78,768.79,358,84,1358855.7379600003,1214720.9763900004,1409800.5335600008,1268470.0470699994,13140.36955,3226.80647,730858.7182199999,849399.3839899999,1602838.9993999999,1502200.5376399998,3214357.450229999,3050675.9075599993,6079004.084100001,5073593.859860004
2026-10-08T09:07:01.343520+00:00,obs-20261007-01,LIGHT,AAVEUSDT,1.0,172.92,172.93,172.925,0.5783021050209669,10441623601,172.92,172.93,254,26,428613.36615,88727.48393999999,438224.36667000013,85719.78272,2591.6964599999997,440.14893,112273.84405000001,96352.90729999998,192293.7815000002,128326.69316999991,259348.94647000014,165813.38323999994,794228.2640200002,279136.92484999984
2026-10-08T09:07:01.343520+00:00,obs-20261007-01,LIGHT,AVAXUSDT,1.0,10.837,10.838,10.837499999999999,0.9227646027487602,10523438799,10.837,10.838,385,122,1010027.22177,1411927.5386099985,1142462.9912200002,1378138.5193899993,99617.97031000003,4520.2241,226051.58695,183105.80200000003,396542.41881,358686.93862000003,596776.2714499998,511762.4658999999,669474.5207099997,576770.0458999999
2026-10-08T09:07:01.343520+00:00,obs-20261007-01,LIGHT,FILUSDT,1.0,1.0634,1.0635,1.06345,0.9403799134855007,9897310441,1.0634,1.0635,311,19,326782.53486100025,201217.499781,373410.76641200006,170256.59188300004,920.9576810000001,4272.674900000001,105371.69101699999,79545.55692500001,196404.38147199998,135045.36437000005,275046.03190799995,206901.25833100005,355180.6050639998,268293.5584420002
2026-10-08T09:07:01.343520+00:00,obs-20261007-01,LIGHT,ALGOUSDT,1.0,0.1304,0.1305,0.13045,7.668711656443339,5665201166,0.1304,0.1305,306,46,615090.6851,340520.5410999999,596060.4555999999,335863.9442000001,5252.530499999999,7260.4468,13720.1329,13132.390000000001,46376.6671,54993.6481,131857.51200000002,106317.71220000001,188578.01759999996,145148.16300000003
2026-10-08T09:07:01.343520+00:00,obs-20261007-01,LIGHT,XRPUSDT,1.0,1.4146,1.4147,1.41465,0.7069136151560684,26681453638,1.4146,1.4147,335,34,876416.5721999995,943335.6626199998,854545.4643599995,952839.1652200001,4750.616239999999,33164.61524000001,896427.4799499997,759131.3494499999,1304844.7087799995,1283834.3246599997,2196288.105920001,2140431.8674299996,2684084.38646,2350036.5941300015
2026-10-08T09:07:01.343520+00:00,obs-20261007-01,LIGHT,HBARUSDT,1.0,0.09479,0.0948,0.09479499999999999,1.0549636037548993,8394677672,0.09479,0.0948,230,23,156156.45454,169789.27443000002,129705.74545,201704.89437000008,911.93496,3517.1856,195876.30174,146911.29968999999,300583.23301,242923.05295999997,450820.0196599999,392746.79925000004,798982.64914,759259.1496599996
2026-10-08T09:08:01.348762+00:00,obs-20261007-01,LIGHT,PEPEUSDT,1.0,4.04e-06,4.05e-06,4.045e-06,24.752475247524774,8828403885,4.04e-06,4.05e-06,88,12,328152.27650647,374102.57317352993,339615.53487288,279193.03259271005,30.14925144,942.39266535,127189.39660044001,106193.64052710001,286292.40696778,313542.89550724,618127.78835287,658963.67291006,929145.66941283,976229.78150782
2026-10-08T09:08:01.348762+00:00,obs-20261007-01,LIGHT,BNBUSDT,1.0,768.58,768.59,768.585,0.13011007312213607,20913227009,768.58,768.59,421,217,2821218.6836900003,2656455.766520002,2780986.128160001,2723772.4307500017,53735.195089999994,13475.24355,792634.1918199996,791167.4360299997,1653943.0927399993,1429587.05376,3466585.597579999,2875937.25458,6121748.870840006,4982271.075660004
2026-10-08T09:08:01.348762+00:00,obs-20261007-01,LIGHT,AAVEUSDT,1.0,172.75,172.76,172.755,0.578871201157849,10441625710,172.75,172.76,248,31,431142.3156299999,242832.92083999995,423809.15079000004,236080.73989000008,1317.3461800000002,1024.67354,123903.53730999999,87108.69224,212488.75714,134637.49920999995,279811.05387,171275.6866199999,816255.9265200002,282255.0002099999
2026-10-08T09:08:01.348762+00:00,obs-20261007-01,LIGHT,AVAXUSDT,1.0,10.835,10.836,10.8355,0.9229349330874825,10523443581,10.835,10.836,361,63,962317.1174200003,1682503.9956599995,943931.6651600002,1721244.8929200005,1606.23135,10865.93997,243530.96966000003,226524.55651999998,445008.4450499999,335480.0450300001,614730.5034099999,472980.52864000015,687033.3236699996,538854.0139400001
2026-10-08T09:08:01.348762+00:00,obs-20261007-01,LIGHT,FILUSDT,1.0,1.0634,1.0636,1.0635,1.8807598269710013,9897312685,1.0635,1.0636,279,15,491634.357966,309811.0670549998,534057.1897039999,329642.0476160001,354.63615799999997,489.41831499999995,79254.81271299999,75110.413699,151963.41905,127244.89859300002,232623.20017,178065.13828099996,312667.61048699997,239321.46025800004
2026-10-08T09:08:01.348762+00:00,obs-20261007-01,LIGHT,ALGOUSDT,1.0,0.1305,0.1306,0.13055,7.662835249040434,5665203716,0.1305,0.1306,316,37,612198.8044000004,279341.5107999999,611537.2812,279361.6023,6573.040499999999,6630.1551,19470.8275,11946.4845,68383.0246,60590.226800000004,138977.8132,106901.1333,191705.41150000002,149953.8556
2026-10-08T09:08:01.348762+00:00,obs-20261007-01,LIGHT,XRPUSDT,1.0,1.4141,1.4142,1.4141499999999998,0.7071635669331222,26681458198,1.4141,1.4142,370,51,2985942.404319999,2097144.1546900002,2924927.02171,2070592.43471,18713.29678,28008.21242,987205.24602,830671.8127099997,1378127.11901,1457372.65699,2257901.3002000023,2166051.50254,2755171.5216600015,2373191.4861500016
2026-10-08T09:08:01.348762+00:00,obs-20261007-01,LIGHT,HBARUSDT,1.0,0.09481,0.09482,0.09481500000000001,1.0547410610683983,8394681893,0.09481,0.09482,348,69,1521877.8854000003,1288222.7089600007,1504315.0821,1305488.7065600005,7774.22963,11957.947390000003,154489.87932,140694.92562,294861.0741600001,228283.49836,463968.50763999997,374463.10553999996,816653.4845100001,740984.5400499997
2026-10-08T09:09:01.379284+00:00,obs-20261007-01,LIGHT,PEPEUSDT,1.0,4.04e-06,4.05e-06,4.045e-06,24.752475247524774,8828404270,4.04e-06,4.05e-06,149,16,185831.81862627005,125567.05280159994,198717.22327986002,213853.4500714799,397.83416008000006,2143.5920068500004,98735.36399736001,129051.199647,272313.67731031,302728.28892276,605242.38369928,570677.27564018,916260.07914724,809797.9892793499
2026-10-08T09:09:01.379284+00:00,obs-20261007-01,LIGHT,BNBUSDT,1.0,768.35,768.36,768.355,0.13014902062957745,20913230485,768.35,768.36,366,105,1569464.9485000002,1242713.5531799996,1661031.54813,1161457.25796,4288.62131,13112.103630000005,770366.00475,838334.1405399998,1572997.4766099995,1387832.64146,3190379.568339998,2952231.1339899986,6072950.705770003,5055742.061750003
2026-10-08T09:09:01.379284+00:00,obs-20261007-01,LIGHT,AAVEUSDT,1.0,172.69,172.7,172.695,0.5790723261323016,10441627804,172.69,172.7,233,28,337397.7722499999,258191.27066000007,355470.11404,253603.71787000005,2103.9649900000004,441.63326000000006,112031.86283999999,78538.93457000003,199125.37483,126483.69928999996,266637.79376,169725.60534999994,798464.1342700002,284558.9077799999
2026-10-08T09:09:01.379284+00:00,obs-20261007-01,LIGHT,AVAXUSDT,1.0,10.831,10.832,10.8315,0.9232757824784166,10523448128,10.831,10.832,366,73,1104777.68901,1586942.9648300002,1131808.2973499997,1574259.6975699998,26290.563689999995,3571.1306600000003,226795.96383999995,157250.29769000004,442269.47383999993,345370.11744,591281.0569799999,484502.42614,670906.1868699995,551472.0514499999
2026-10-08T09:09:01.379284+00:00,obs-20261007-01,LIGHT,FILUSDT,1.0,1.0626,1.0628,1.0627,1.8821757952180995,9897314385,1.0626,1.0628,251,4,205228.93829199995,128472.38673600001,216017.44810999994,117483.53197200004,87.865161,264.44286800000003,75427.18647200002,62838.343473,179393.04035499998,123895.23209100001,229750.330371,186090.17598499998,313701.3114240001,250057.183322
2026-10-08T09:09:01.379284+00:00,obs-20261007-01,LIGHT,ALGOUSDT,1.0,0.1303,0.1304,0.13035,7.674597083653367,5665204907,0.1303,0.1304,220,16,346560.31360000005,158831.03540000005,367380.0248000002,148384.73530000003,5255.903399999999,1185.115,16096.3029,19204.2588,85893.2098,59539.0644,123413.50399999999,108063.0478,161767.4545,150869.75380000003
2026-10-08T09:09:01.379284+00:00,obs-20261007-01,LIGHT,XRPUSDT,1.0,1.4131,1.4132,1.41315,0.7076640011316471,26681462201,1.4131,1.4132,363,43,2112265.3855100013,1875226.30024,2332209.48371,1825720.0345199998,40186.10095,46303.260369999996,875802.2222,838070.17107,1331983.7445200002,1181956.46069,2124800.6252500005,2204368.6209799997,2595555.4133600006,2421665.1566100013
2026-10-08T09:09:01.379284+00:00,obs-20261007-01,LIGHT,HBARUSDT,1.0,0.0946,0.09461,0.094605,1.0570824524314126,8394685742,0.0946,0.09461,333,59,560092.7062600004,1023658.5129600003,644837.3206000007,974210.4534100003,13826.197409999997,12947.976909999996,150620.80197000003,133591.57767000003,252926.72243,247603.62143,400187.1162500001,411323.9547799999,750435.6793300003,777782.2974999996
2026-10-08T09:10:01.384462+00:00,obs-20261007-01,LIGHT,PEPEUSDT,1.0,4.04e-06,4.05e-06,4.045e-06,24.752475247524774,8828404576,4.04e-06,4.05e-06,140,12,281758.66571326007,79999.18136556001,301903.78590759,82302.99947636001,328.47410284,1057.0234725,85329.35160944001,128552.69068740001,258887.48570086004,300520.36974316003,585097.26350495,568373.45752938,902697.18248623,807494.1711685499
2026-10-08T09:10:01.384462+00:00,obs-20261007-01,LIGHT,BNBUSDT,1.0,768.25,768.26,768.255,0.13016596160042582,20913234360,768.25,768.26,389,82,1682065.2803800001,1786830.3046499998,1787422.0809399998,1758123.9430899997,2204.32296,9409.991219999998,797176.8823100004,809908.7360499998,1537077.27574,1417768.7339599992,3086304.419449998,2893109.8207899984,6108502.866040002,5078787.127000005
2026-10-08T09:10:01.384462+00:00,obs-20261007-01,LIGHT,AAVEUSDT,1.0,172.74,172.75,172.745,0.578904712282835,10441629250,172.74,172.75,219,27,391894.8428399999,180264.89466,384312.0994699999,183626.35765999992,958.22429,1264.4887800000001,114542.44470999997,83010.21909,202153.67318999997,132667.51339999994,269328.98032999993,170531.2723699999,805829.0594700002,281482.3383599999
2026-10-08T09:10:01.384462+00:00,obs-20261007-01,LIGHT,AVAXUSDT,1.0,10.834,10.835,10.8345,0.923020121839091,10523451863,10.834,10.835,321,50,796775.6235499993,1396594.0644,745754.0429899998,1373091.8263200005,10018.900070000002,12313.866050000006,233293.30758000002,232367.89500999998,464760.39498000004,378960.7417400001,639047.8982400001,508060.2438300001,709745.7624899999,575039.5934900001
2026-10-08T09:10:01.384462+00:00,obs-20261007-01,LIGHT,FILUSDT,1.0,1.0626,1.0627,1.06265,0.94108789761016,9897315515,1.0626,1.0627,255,6,75035.99249200002,71197.24165400006,69906.391474,61420.555317999984,100.82817800000001,172.82377099999997,74218.11149099999,77958.14114099999,174317.88775999995,136840.604418,234879.93138899995,195866.862321,322037.444883,259971.490488
2026-10-08T09:10:01.384462+00:00,obs-20261007-01,LIGHT,ALGOUSDT,1.0,0.13,0.1301,0.13005,7.692307692306333,5665206375,0.13,0.1301,226,16,249277.91580000002,173619.16339999996,253637.5475,155854.33880000009,1406.9224,556.4421,23326.9465,13632.681,102534.2837,57576.144400000005,132877.7305,96525.6658,159063.52180000002,134470.99920000005
2026-10-08T09:10:01.384462+00:00,obs-20261007-01,LIGHT,XRPUSDT,1.0,1.4133,1.4134,1.4133499999999999,0.7075638576381493,26681465085,1.4133,1.4134,372,42,1438160.7275699999,1124457.7973099996,1340270.5404599993,1202922.7993500007,4085.3994,22923.32347,926529.7924200001,758273.4130100001,1427593.7652399996,1105651.8279000006,2222416.72737,2127400.45922,2657388.23049,2344663.5282300017
2026-10-08T09:10:01.384462+00:00,obs-20261007-01,LIGHT,HBARUSDT,1.0,0.0947,0.09471,0.09470500000000001,1.055966209080328,8394689729,0.0947,0.09471,321,71,662258.2457599997,627906.8057299999,627183.5029699998,655764.4803999999,4843.205510000001,10944.47782,145723.87058000002,149493.66917,284002.67014000006,243046.74532999992,434209.91109999997,388958.0113799999,778915.8460100001,761054.4105999997
2026-10-08T09:11:01.390161+00:00,obs-20261007-01,LIGHT,PEPEUSDT,1.0,4.04e-06,4.05e-06,4.045e-06,24.752475247524774,8828404912,4.04e-06,4.05e-06,130,11,382874.08871938,52937.46715509,391764.80423117,53185.52575759,1999.7561862000002,936.6874708500001,73226.5506934,143373.0320649,250181.23883428003,300272.46366065997,576206.54799316,568125.39892688,894750.6437824399,804466.88220365
2026-10-08T09:11:01.390161+00:00,obs-20261007-01,LIGHT,BNBUSDT,1.0,768.08,768.09,768.085,0.13019477137721225,20913237574,768.08,768.09,320,86,2137437.8767599994,2086665.9987300003,2016045.2379100006,2134178.0657499996,5400.12227,1312.9594300000006,815671.3401900003,685101.45054,1519207.27266,1355937.8059099992,3464374.63177,2839980.422899998,6085732.810960006,5028507.393280004
2026-10-08T09:11:01.390161+00:00,obs-20261007-01,LIGHT,AAVEUSDT,1.0,172.71,172.72,172.715,0.5790052689480518,10441631123,172.71,172.72,245,23,400857.14417999977,144130.16591999997,398863.9717399999,138184.27151,5156.189329999999,508.73965,122072.42139999998,85280.11069000002,212069.82695000002,133618.28374999997,276296.93812,174038.91159999996,795899.0403300002,287148.9763099999
2026-10-08T09:11:01.390161+00:00,obs-20261007-01,LIGHT,AVAXUSDT,1.0,10.826,10.827,10.8265,0.9237021984098703,10523455032,10.826,10.827,329,21,665911.5820200001,1225331.72993,698745.5798500006,1233297.8265700007,2126.05872,1768.4534099999998,249284.01724000002,208339.31991000005,478390.63499000005,355086.5383900001,610989.7823999999,499996.1314000001,690244.1947899996,565928.6925000001
2026-10-08T09:11:01.390161+00:00,obs-20261007-01,LIGHT,FILUSDT,1.0,1.062,1.0622,1.0621,1.8832391713741181,9897318062,1.062,1.0622,292,13,285008.8020210001,252053.5542479999,297561.6372690002,249963.2180360001,315.42027599999994,70.39872000000001,79692.08873399998,64234.16299700001,178654.96560999993,127088.94625299999,228518.94153500002,193051.30645199996,310660.644732,260993.252644
2026-10-08T09:11:01.390161+00:00,obs-20261007-01,LIGHT,ALGOUSDT,1.0,0.1303,0.1304,0.13035,7.674597083653367,5665208951,0.1303,0.1304,285,33,895800.0393000001,298651.84210000007,864303.0241999999,302026.8819999999,5034.6154,10351.5963,23851.8322,12818.746,86097.06270000001,65345.159499999994,144260.1099,115179.32860000001,189758.907,155142.09600000005
2026-10-08T09:11:01.390161+00:00,obs-20261007-01,LIGHT,XRPUSDT,1.0,1.4124,1.4125,1.4124500000000002,0.7080147267068959,26681469519,1.4124,1.4125,389,53,2624538.379949998,2334154.484569999,2727091.422760001,2064739.8702900002,24622.880870000008,24081.9913,873372.8708600001,961160.6519299999,1289157.3500099997,1341454.57898,2133863.6831300003,2382934.7897199993,2594615.5887599997,2613063.297910001
2026-10-08T09:11:01.390161+00:00,obs-20261007-01,LIGHT,HBARUSDT,1.0,0.09472,0.09473,0.094725,1.0557432432434233,8394692517,0.09472,0.09473,277,36,720585.6387799998,1228373.4182099996,713141.1135100002,1207490.4638800004,4510.95163,4373.167100000001,137799.03818000003,152405.63981999998,285159.67441000004,223131.24424999993,441654.43637,409840.96571,780344.7001800002,781942.8711299998
2026-10-08T09:12:01.413538+00:00,obs-20261007-01,LIGHT,PEPEUSDT,1.0,4.04e-06,4.05e-06,4.045e-06,24.752475247524774,8828405109,4.04e-06,4.05e-06,135,11,24314.821028840008,57808.674753829946,8512.69983409,55862.067372869955,14.951918800000001,935.3737197000002,89568.53206920001,126225.5551308,265952.81118505006,302218.90628162003,592008.66918791,570072.00630784,909812.12968647,806413.48958461
2026-10-08T09:12:01.413538+00:00,obs-20261007-01,LIGHT,BNBUSDT,1.0,768.32,768.33,768.325,0.13015410245786896,20913240343,768.32,768.33,337,68,1019317.8615600007,830255.4915000001,977939.0374100008,832703.4819699996,2827.4690800000003,1301.46812,768848.17073,857547.0182299997,1551044.64315,1370260.111589999,3247992.0033399994,2930922.3413499985,6129326.993890005,5032854.232720005
2026-10-08T09:12:01.413538+00:00,obs-20261007-01,LIGHT,AAVEUSDT,1.0,172.62,172.63,172.625,0.5793071486492885,10441632537,172.62,172.63,180,14,310219.1653700001,170545.00499,323452.95540000004,159259.62612999993,1238.1004,175.15779000000003,103908.74522,82281.58082000002,199395.60835,139306.2219,263927.0012,180240.15258999998,783501.4902700002,295697.95745999995
2026-10-08T09:12:01.413538+00:00,obs-20261007-01,LIGHT,AVAXUSDT,1.0,10.83,10.831,10.8305,0.9233610341641274,10523457718,10.83,10.831,335,28,574108.1021499999,883546.51231,533549.1402499999,853746.0381599998,4620.070839999999,4054.53799,246455.99601999996,199166.29665000003,509260.31250999996,355360.6671200001,649585.5357799998,490922.2891300001,728897.2773299995,595806.3912900002
2026-10-08T09:12:01.413538+00:00,obs-20261007-01,LIGHT,FILUSDT,1.0,1.0629,1.063,1.0629499999999998,0.9408222786722042,9897319652,1.0629,1.063,226,14,151027.136239,101244.20710000001,129469.908146,111219.060599,184.56592199999997,936.2602329999999,83913.23736100002,75627.276745,183369.11858300003,129612.90625199999,239947.39380200006,189629.369076,330773.55026800017,252316.72391900004
2026-10-08T09:12:01.413538+00:00,obs-20261007-01,LIGHT,ALGOUSDT,1.0,0.1306,0.1307,0.13065,7.6569678407367725,5665210330,0.1306,0.1307,204,13,382121.7170000002,129114.63740000002,362468.8734,140567.84269999998,1615.4595,2227.9942,16929.400999999998,27515.5823,83891.2914,74501.0264,149767.49430000002,115001.7519,200556.8125,151221.73010000004
2026-10-08T09:12:01.413538+00:00,obs-20261007-01,LIGHT,XRPUSDT,1.0,1.4124,1.4125,1.4124500000000002,0.7080147267068959,26681472055,1.4124,1.4125,327,41,928956.0670299997,937107.7211799999,927570.17166,886057.56369,6202.087579999999,23838.007610000004,875014.5919999998,1013805.73131,1289654.5232599997,1392471.4940300002,2135249.5785,2433984.8763699997,2595775.314239999,2664112.8138800017
2026-10-08T09:12:01.413538+00:00,obs-20261007-01,LIGHT,HBARUSDT,1.0,0.09468,0.09469,0.09468499999999999,1.0561892691174357,8394694492,0.09468,0.09469,275,26,395387.49959000014,445616.3417499999,402991.03943999985,444994.4394699998,1381.7274300000001,4499.875609999999,158348.66898000002,142287.20084,279392.97757,219989.65577,434114.6397199999,410433.50402000005,772676.9494100001,782550.3818499999
2026-10-08T09:13:01.413819+00:00,obs-20261007-01,LIGHT,PEPEUSDT,1.0,4.04e-06,4.05e-06,4.045e-06,24.752475247524774,8828405420,4.04e-06,4.05e-06,135,22,86117.2916539,46341.029682519984,158593.10130793002,46785.04635120998,4240.2863734,6724.0718851500005,25548.453505200003,144778.7039751,201610.99512484003,301675.6116069,519532.85953388,569627.98963915,884394.0559855101,803024.28752234
2026-10-08T09:13:01.413819+00:00,obs-20261007-01,LIGHT,BNBUSDT,1.0,768.12,768.13,768.125,0.13018799146058413,20913242971,768.12,768.13,340,84,689183.7851800001,912360.0773100003,721691.2185199999,880561.2067499998,6655.924040000002,3894.50723,833813.5493599997,789625.4039999997,1527318.87289,1385836.7625999989,3473174.54303,2869644.723459997,6099055.847290005,5059368.737940006
2026-10-08T09:13:01.413819+00:00,obs-20261007-01,LIGHT,AAVEUSDT,1.0,172.56,172.57,172.565,0.5795085767257291,10441633976,172.56,172.57,198,20,324515.8785999999,147207.04799999998,323216.5352400001,153309.85898999992,842.0480000000001,1135.31077,122323.25121,81614.42473,204061.11092,131867.27110999997,269026.06905,173938.60116999995,799566.8429400001,288883.17289999995
2026-10-08T09:13:01.413819+00:00,obs-20261007-01,LIGHT,AVAXUSDT,1.0,10.813,10.814,10.813500000000001,0.9248127254224414,10523460748,10.813,10.814,316,79,779413.0307100003,933650.7545100005,936117.7398000006,890307.9440100002,107815.94161000001,1742.3374399999998,198434.93086999998,159016.58572999996,381064.1081299999,373698.27812,499366.49695000006,532653.0453000001,588128.6133199999,639259.3962
2026-10-08T09:13:01.413819+00:00,obs-20261007-01,LIGHT,FILUSDT,1.0,1.0616,1.0617,1.0616500000000002,0.9419743782967949,9897321132,1.0616,1.0617,261,15,139835.14523599995,119788.58249700002,162545.27359200004,93195.38991800003,332.75314700000007,314.88234,94946.27176999999,79665.96978999999,168826.33433399998,141040.72942799996,227441.54763700013,209591.10999599998,309378.40323800006,277426.36721000005
2026-10-08T09:13:01.413819+00:00,obs-20261007-01,LIGHT,ALGOUSDT,1.0,0.1304,0.1305,0.13045,7.668711656443339,5665211865,0.1304,0.1305,227,23,525671.5628999999,143113.54120000004,537263.5573000003,136249.98859999995,584.2703,4726.6202,28428.6377,19183.1825,71741.1498,69887.1634,142780.69139999998,114025.86890000002,194557.99239999996,154992.16900000002
2026-10-08T09:13:01.413819+00:00,obs-20261007-01,LIGHT,XRPUSDT,1.0,1.4117,1.4118,1.41175,0.7083658000994753,26681474832,1.4117,1.4118,309,35,1570453.0891299993,953230.91762,1600862.1170799988,1034237.6501699999,16556.092900000003,4170.307650000001,884160.0690300002,958872.8318599998,1453590.869340001,1315668.2450699997,2123489.87404,2352051.840639999,2606635.77043,2557283.5014900006
2026-10-08T09:13:01.413819+00:00,obs-20261007-01,LIGHT,HBARUSDT,1.0,0.09466,0.09467,0.094665,1.0564124234102579,8394696667,0.09466,0.09467,259,33,936935.83764,880860.9839299995,929234.7145999996,889868.5156100001,6662.55635,5090.033679999999,173920.30462000007,138630.09596999997,288133.66743000003,246588.51728000003,442301.1386399999,400222.3617199999,780564.5048000001,763894.0671599997
2026-10-08T09:14:01.413930+00:00,obs-20261007-01,LIGHT,PEPEUSDT,1.0,4.04e-06,4.05e-06,4.045e-06,24.752475247524774,8828406185,4.04e-06,4.05e-06,159,26,360268.06557472004,406605.96897334995,235050.59507258,311868.8892694401,9182.91721644,5548.549979200001,117559.7113986,105974.30153025,269517.99013814004,307225.17940683,588468.03335602,656786.26049194,907427.27541005,970474.87202175
2026-10-08T09:14:01.413930+00:00,obs-20261007-01,LIGHT,BNBUSDT,1.0,768.32,768.33,768.325,0.13015410245786896,20913246107,768.32,768.33,326,113,2089627.8247499997,1311350.3417600004,2010887.5880700012,1381533.3975100007,10077.04772,5725.464499999999,770116.8558300002,821586.98616,1573397.3302300002,1370413.4894699987,3294224.80668,2892538.1561599984,6176660.41076001,4997166.821260006
2026-10-08T09:14:01.413930+00:00,obs-20261007-01,LIGHT,AAVEUSDT,1.0,172.64,172.65,172.64499999999998,0.5792400370729922,10441635721,172.64,172.65,210,15,263884.57561000006,185064.53186999995,258825.70547000004,191852.26638,2310.57188,1185.7452700000001,100545.10789999997,74958.58873,203738.84444999998,129117.80741999997,270037.7515,167362.33536999996,792144.3356800001,283072.0103499999
2026-10-08T09:14:01.413930+00:00,obs-20261007-01,LIGHT,AVAXUSDT,1.0,10.829,10.83,10.8295,0.9234463015972416,10523463956,10.829,10.83,308,32,663810.6892700001,1500885.3779699993,582040.58552,1553788.9829499996,3919.0683200000003,4860.56918,173986.50356000004,229733.73527999996,425289.5344,353653.08672000014,574650.9304399999,481336.88414999994,656376.9709999997,587243.72425
2026-10-08T09:14:01.413930+00:00,obs-20261007-01,LIGHT,FILUSDT,1.0,1.0623,1.0624,1.06235,0.941353666572553,9897323462,1.0623,1.0624,284,19,254635.747407,197037.95455700005,222312.29669800014,225511.5408090001,486.372636,395.0549080000001,87484.30596599999,70443.897581,172868.57938199994,135287.62302399997,257171.167025,181206.69072799996,340698.7465959999,250541.64411799994
2026-10-08T09:14:01.413930+00:00,obs-20261007-01,LIGHT,ALGOUSDT,1.0,0.1308,0.1309,0.13085,7.64525993883769,5665213728,0.1308,0.1309,251,20,504292.2741,162609.04550000004,480867.7586000001,184753.9135,2019.9507999999998,5336.775199999999,19157.1936,26530.319799999997,111705.0383,73719.8135,145394.88129999998,104800.8038,183178.9482,139804.16620000004
2026-10-08T09:14:01.413930+00:00,obs-20261007-01,LIGHT,XRPUSDT,1.0,1.4133,1.4134,1.4133499999999999,0.7075638576381493,26681479159,1.4133,1.4134,380,50,2510003.8915799996,1841900.4685899995,2212305.8848099997,2279916.061429999,13261.287839999999,61910.158610000006,955468.2016499998,606548.68467,1321656.9367799996,1219686.36956,2387279.9839500003,1932882.5330000005,2858188.23272,2150155.97501
2026-10-08T09:14:01.413930+00:00,obs-20261007-01,LIGHT,HBARUSDT,1.0,0.09479,0.0948,0.09479499999999999,1.0549636037548993,8394699227,0.09479,0.0948,294,35,1364609.9277100004,365817.72472999984,1319820.5811100004,395413.06314,4166.72894,4853.79135,168684.67252999998,147509.04512,267355.71274999995,237937.85152999999,478452.21183,377910.53535,825169.92937,743764.9944799996
2026-10-08T09:15:01.427982+00:00,obs-20261007-01,LIGHT,PEPEUSDT,1.0,4.04e-06,4.05e-06,4.045e-06,24.752475247524774,8828406522,4.04e-06,4.05e-06,160,11,174592.39454957002,142657.89038248014,165227.35566779002,135545.78886398007,1450.04066628,892.7613288000001,99278.46849360001,136683.20612925,278276.61377826,318057.40048641,597833.0722378,663898.36201044,915174.8130182499,977378.63494437
2026-10-08T09:15:01.427982+00:00,obs-20261007-01,LIGHT,BNBUSDT,1.0,768.14,768.15,768.145,0.13018460176539293,20913248925,768.14,768.15,350,59,1075528.9721699995,970442.2086700002,1138492.4155099995,925931.3627900004,25284.56837,7386.997380000002,752252.7053900004,785344.24516,1551839.38994,1409291.651729999,3488754.377579999,2844043.1130199973,6115012.137600006,5037531.3431100035
2026-10-08T09:15:01.427982+00:00,obs-20261007-01,LIGHT,AAVEUSDT,1.0,172.61,172.62,172.615,0.5793407102716586,10441637323,172.61,172.62,244,19,382616.7760000002,188282.06835999998,392197.0281300001,183270.52236000003,3151.54494,573.47206,94581.51523999998,75804.92059000002,194148.41359,130206.74369999998,260457.49937,172330.11626999997,794043.09548,288611.42292999994
2026-10-08T09:15:01.427982+00:00,obs-20261007-01,LIGHT,AVAXUSDT,1.0,10.82,10.821,10.8205,0.9242144177434852,10523467304,10.82,10.821,349,26,542149.3966999999,1181328.3306699994,611072.2144899998,1120966.1378399997,6669.367249999998,3345.1752,161429.81051,180280.71987,385824.09652,388551.1203100001,509316.8077500001,541580.9030800001,589247.4653900001,646298.3426699999
2026-10-08T09:15:01.427982+00:00,obs-20261007-01,LIGHT,FILUSDT,1.0,1.0618,1.0619,1.0618500000000002,0.9417969485769895,9897325031,1.0618,1.0619,251,8,183860.25707500003,111114.34000699999,186598.53883200005,90486.89494400003,197.199169,97.228857,99091.84584599998,77522.07053899998,185038.39856599993,141634.547058,256861.011438,201783.993443,338249.269655,271129.31110000005
2026-10-08T09:15:01.427982+00:00,obs-20261007-01,LIGHT,ALGOUSDT,1.0,0.1307,0.1308,0.13075,7.651109410864443,5665216744,0.1307,0.1308,310,36,605614.1009000003,297547.9626000001,612249.4527,286457.21169999987,11772.917600000002,10456.755499999997,14514.3264,17431.435400000002,57471.566999999995,57108.645099999994,144960.94009999998,105935.81629999999,188810.1789,153317.24319999994
2026-10-08T09:15:01.427982+00:00,obs-20261007-01,LIGHT,XRPUSDT,1.0,1.4123,1.4124,1.41235,0.7080648587409755,26681483091,1.4123,1.4124,399,35,2322447.359550001,2179596.0655099987,2557193.289189997,1843554.9048000004,15091.387299999999,14975.093480000003,896037.6876700001,917311.5387200003,1347589.9835599998,1238356.13498,2167798.36191,2254376.7352299998,2682949.954889999,2484614.6596200024
2026-10-08T09:15:01.427982+00:00,obs-20261007-01,LIGHT,HBARUSDT,1.0,0.09473,0.09474,0.094735,1.0556317956300632,8394702218,0.09473,0.09474,405,39,638146.1287800004,567094.6460499996,675686.6551800006,396018.38534,3538.4294600000003,4601.66957,152834.50556000002,151759.7326,294207.7727600001,256241.91776000004,443570.03996,543100.15331,787689.1766500002,914757.4509699997
2026-10-08T09:16:01.449135+00:00,obs-20261007-01,LIGHT,PEPEUSDT,1.0,4.03e-06,4.04e-06,4.035e-06,24.81389578163684,8828407106,4.03e-06,4.04e-06,201,23,162649.68296546,330426.1326107999,259154.26699455004,311853.0570664799,6017.019138920001,1406.28605713,143760.40759145,76451.95182608001,304714.59882803,276208.79553908005,669171.39118471,564561.7326159601,938194.59983451,932094.7588318901
2026-10-08T09:16:01.449135+00:00,obs-20261007-01,LIGHT,BNBUSDT,1.0,767.64,767.65,767.645,0.1302693971139135,20913253052,767.64,767.65,373,107,2343179.93231,3945823.5795900016,2569161.4376199995,3879108.5853999997,36201.58335,2285.7419199999995,820706.7717800008,814596.27626,1513153.4735300003,1403852.1092400001,3855111.6905999994,2824974.5647299993,6084715.438740012,4848425.845760003
2026-10-08T09:16:01.449135+00:00,obs-20261007-01,LIGHT,AAVEUSDT,1.0,172.42,172.43,172.425,0.5799791207516947,10441640323,172.42,172.43,333,38,732307.8636499998,290571.1547,754783.84489,275497.0398900001,3284.90594,2081.78566,84226.80669000003,91086.92828,158105.58786,130286.31027999992,246963.336,181988.18608999992,778919.3026700002,247827.2883199999
2026-10-08T09:16:01.449135+00:00,obs-20261007-01,LIGHT,AVAXUSDT,1.0,10.796,10.797,10.7965,0.9262689885147779,10523472973,10.796,10.797,413,90,1109140.3358000002,1642416.24754,1120573.8634999997,1665155.6615899978,18727.553000000007,38447.37938,183982.21648,187662.00863,364765.73563999997,348583.30735,522253.80186000007,515522.68820000015,594220.2576099999,622400.4090900001
2026-10-08T09:16:01.449135+00:00,obs-20261007-01,LIGHT,FILUSDT,1.0,1.0606,1.0607,1.0606499999999999,0.9428625306440175,9897327337,1.0606,1.0607,316,22,274125.830229,182346.72025400013,315407.90927899984,157032.95553900002,1446.413361,983.59902,105132.88854500001,83855.74235900001,162492.20341000007,144916.53686400002,236606.7715510002,222538.66121000005,302437.6500000002,293918.34413300006
2026-10-08T09:16:01.449135+00:00,obs-20261007-01,LIGHT,ALGOUSDT,1.0,0.1308,0.1309,0.13085,7.64525993883769,5665218902,0.1308,0.1309,249,21,682549.5118000001,167833.0563,662112.1059999997,175748.5935,4399.2287,5448.3869,21330.9611,12999.3116,62808.2996,51810.5449,154887.6178,106534.43629999999,181462.11519999997,143575.07309999998
2026-10-08T09:16:01.449135+00:00,obs-20261007-01,LIGHT,XRPUSDT,1.0,1.4111,1.4112,1.4111500000000001,0.7086669973777049,26681487426,1.4111,1.4112,380,38,2811195.7845799993,2308771.146339999,2895540.9698400004,2277467.830419999,48978.56300999998,14684.416419999998,757980.0733900002,938582.18767,1151257.5240300002,1269851.8205500003,2144669.17099,2255248.3260999992,2589137.0638399995,2486679.006860001
2026-10-08T09:16:01.449135+00:00,obs-20261007-01,LIGHT,HBARUSDT,1.0,0.09453,0.09454,0.09453500000000001,1.0578652279691347,8394706201,0.09453,0.09454,359,57,1152613.7389099994,1839152.3454300007,1083154.15259,1871908.621779999,20214.77292,7257.375570000001,277767.63257,107475.76061,381735.27201999986,199781.76185,515952.4000199998,495696.67393999995,885812.56305,862613.5153299998
2026-10-08T09:17:01.457514+00:00,obs-20261007-01,LIGHT,PEPEUSDT,1.0,4.03e-06,4.04e-06,4.035e-06,24.81389578163684,8828407568,4.03e-06,4.04e-06,177,18,192257.56836114003,380704.5569654799,208106.40505242004,287214.5172949599,72.46685550000001,1196.3134274000001,104600.62519569001,112198.0919576,294596.12159354996,306710.3398703,653322.55449343,658051.7722864801,922352.8764785599,1012162.40264093
2026-10-08T09:17:01.457514+00:00,obs-20261007-01,LIGHT,BNBUSDT,1.0,767.16,767.17,767.165,0.13035090463464627,20913258416,767.16,767.17,422,142,3358869.1914999997,4023480.2998599997,3685188.0573899974,3991698.2279599984,12295.337590000001,5196.5583400000005,869353.71396,753435.0710999998,1472856.86627,1404159.4074299997,3727156.1620899984,2684327.7562300004,6211534.089610013,4842397.326720002
2026-10-08T09:17:01.457514+00:00,obs-20261007-01,LIGHT,AAVEUSDT,1.0,172.3,172.31,172.305,0.5803830528150478,10441642756,172.3,172.31,275,35,465848.25020999974,263802.88442,454850.2589599999,257297.41806000005,1400.07857,2492.389,122562.84637,81421.71017999997,206768.64674999996,131858.56999999995,262721.57433000003,183613.71041,790502.7177500001,254024.89917999998
2026-10-08T09:17:01.457514+00:00,obs-20261007-01,LIGHT,AVAXUSDT,1.0,10.786,10.787,10.7865,0.9271277582056925,10523477525,10.786,10.787,419,59,728300.6737299998,1467562.7074699998,760350.9669899988,1519972.9967300005,21545.552360000005,3015.4524,146420.22115000003,172133.34382999997,366847.96633,337923.79438999994,490539.95280999993,461165.92060000007,566803.86544,566618.81165
2026-10-08T09:17:01.457514+00:00,obs-20261007-01,LIGHT,FILUSDT,1.0,1.0599,1.06,1.0599500000000002,0.9434852344569755,9897329964,1.0599,1.06,342,17,318159.145243,184258.41969900002,324352.77166500007,183570.58978200002,153.5676,87.614251,93743.06074499998,62703.591615,166677.31923999998,142535.99330899998,241674.41523300007,219494.94064000004,300676.44402500015,296113.60670400015
2026-10-08T09:17:01.457514+00:00,obs-20261007-01,LIGHT,ALGOUSDT,1.0,0.1305,0.1306,0.13055,7.662835249040434,5665221863,0.1305,0.1306,319,28,598134.6721,279618.45420000004,630791.9164,268427.384,10212.507399999999,10516.308500000001,20550.822999999997,18533.711000000003,64253.626099999994,56290.2817,140747.60869999998,97847.8212,181866.39850000004,153033.12520000004
2026-10-08T09:17:01.457514+00:00,obs-20261007-01,LIGHT,XRPUSDT,1.0,1.4098,1.4099,1.40985,0.7093204709884837,26681492300,1.4098,1.4099,408,45,3151029.6960699977,2269110.4447100004,3112847.5057099974,2190198.0864300015,18765.90114,12776.267270000004,825745.80405,909204.41661,1303766.6482399998,1313086.2094999994,2191380.6890100003,2319599.281819999,2684424.573269999,2563816.690879999
2026-10-08T09:17:01.457514+00:00,obs-20261007-01,LIGHT,HBARUSDT,1.0,0.09444,0.09445,0.094445,1.0588733587479915,8394708953,0.09444,0.09445,309,41,522954.9339799997,621289.8288799999,646307.47471,564313.13998,6839.184420000001,3563.52439,157558.69215000005,139270.82621000003,261144.90972000005,247535.11522000007,397544.72768000007,408011.53034,766772.1557,919450.77131
2026-10-08T09:18:01.460778+00:00,obs-20261007-01,LIGHT,PEPEUSDT,1.0,4.03e-06,4.04e-06,4.035e-06,24.81389578163684,8828410000,4.03e-06,4.04e-06,315,30,643005.9333485003,892278.0935728601,601374.4302695601,821924.4588840095,11604.883995830003,6188.724421720001,127266.49955695002,96955.81477816001,281158.82093665,294546.42135076004,620496.4996612,649325.6428398701,891673.62035663,973557.1505021901
2026-10-08T09:18:01.460778+00:00,obs-20261007-01,LIGHT,BNBUSDT,1.0,767.39,767.4,767.395,0.1303118362239175,20913267726,767.39,767.4,478,196,7395555.418819992,6468452.687989996,7487205.831490003,6462503.698830001,26311.87093000001,19455.20193999999,797970.9311000003,833038.0137599999,1495044.040180001,1475832.4033399993,3631383.230690001,2754708.3086799993,6148657.931430013,4773969.0695100045
2026-10-08T09:18:01.460778+00:00,obs-20261007-01,LIGHT,AAVEUSDT,1.0,172.38,172.39,172.385,0.5801137022842795,10441648507,172.38,172.39,415,59,1372250.9377000004,480328.0251899995,1363489.3230299992,503233.4814000001,2057.3706100000004,2726.5900600000004,93350.24307,74416.66946,142567.65646000003,116995.33387999995,272288.30951000005,165591.77838,799917.9926200003,226297.60577000002
2026-10-08T09:18:01.460778+00:00,obs-20261007-01,LIGHT,AVAXUSDT,1.0,10.785,10.786,10.785499999999999,0.927213722763387,10523490691,10.785,10.786,513,211,3410977.9092600006,2679743.187359999,3333378.651179998,2700473.8297500005,30746.493299999984,17977.42794,157003.57315000004,168582.30916999996,349814.53028,341594.60602,581919.0259099997,440367.0896000003,651022.33776,544244.6199500002
2026-10-08T09:18:01.460778+00:00,obs-20261007-01,LIGHT,FILUSDT,1.0,1.0603,1.0604,1.0603500000000001,0.9431293030282006,9897336378,1.0603,1.0604,464,94,809453.5236820014,506151.3516420001,783177.0610650004,542744.4771529996,9953.068836000002,2915.428281000001,81583.39756099999,71818.709615,168436.50088899996,147690.27286600004,279043.206241,190609.94135900013,342454.6719980001,262887.38522700017
2026-10-08T09:18:01.460778+00:00,obs-20261007-01,LIGHT,ALGOUSDT,1.0,0.1309,0.131,0.13095,7.639419404126269,5665225254,0.1309,0.131,365,35,570359.5937000002,255750.22290000002,518648.82249999995,295405.86530000006,4194.416899999999,10092.936899999999,20313.147300000004,17100.432,43958.643200000006,47414.755600000004,124538.83669999999,74629.5268,174394.77129999996,103438.62160000001
2026-10-08T09:18:01.460778+00:00,obs-20261007-01,LIGHT,XRPUSDT,1.0,1.4104,1.4105,1.41045,0.7090187180947005,26681504566,1.4104,1.4105,499,161,8118465.254249998,6676109.123100001,7800190.749809994,7135167.33172,44025.727289999995,136049.01494,881052.4775,627211.2071100002,1273210.7745500002,1187899.3917400008,2501712.992970001,1877301.1360200013,2969060.27168,2107982.7747500013
2026-10-08T09:18:01.460778+00:00,obs-20261007-01,LIGHT,HBARUSDT,1.0,0.09423,0.09424,0.094235,1.0612331529258334,8394715676,0.09423,0.09424,439,110,1561437.085390001,2209634.05582,1542896.7639400004,2244179.395660002,5817.818229999998,6104.77436,151550.54995000002,126589.57151999998,287195.14205,194609.20702,434444.49109,360902.66435999994,793106.6468,872456.8233599996
2026-10-08T09:19:01.479647+00:00,obs-20261007-01,LIGHT,PEPEUSDT,1.0,4.03e-06,4.04e-06,4.035e-06,24.81389578163684,8828410555,4.03e-06,4.04e-06,164,13,310556.12228553015,414519.50874867,276713.99149102013,408876.49943611,13.433331990000001,1041.85096004,137007.6729957,114163.40580252,297394.76789346,300189.29832762,654338.63045571,654968.65215243,925359.9256210099,979091.86158765
2026-10-08T09:19:01.479647+00:00,obs-20261007-01,LIGHT,BNBUSDT,1.0,767.33,767.34,767.335,0.13032202572649254,20913275569,767.33,767.34,442,133,3246356.021870003,2662967.58629,3301129.5235500033,2641353.383730001,29539.748210000005,20181.706329999997,747185.7658300004,750894.7381099996,1444486.4489100014,1495760.7723199993,3578716.3419700013,2776194.6297999998,6223723.788360016,4795251.746770004
2026-10-08T09:19:01.479647+00:00,obs-20261007-01,LIGHT,AAVEUSDT,1.0,172.38,172.39,172.385,0.5801137022842795,10441652292,172.38,172.39,365,47,750999.7500099998,336061.11137999984,752213.3218100006,324652.7602000001,3968.69043,1871.4680999999996,111454.45233999999,83812.94626999997,179455.97071000005,126153.09616999989,268467.64127,177000.12955999988,797079.0702100003,237691.1108499999
2026-10-08T09:19:01.479647+00:00,obs-20261007-01,LIGHT,AVAXUSDT,1.0,10.776,10.777,10.776499999999999,0.9279881217505448,10523499369,10.776,10.777,462,106,1244211.7408999996,2400366.8542200015,1307521.3543899993,2386060.678080001,6913.373670000001,14293.067610000002,182981.24814,176534.12455999997,361345.44228,339562.89053,521422.02064999996,454581.46974000003,592304.2540900003,552431.26999
2026-10-08T09:19:01.479647+00:00,obs-20261007-01,LIGHT,FILUSDT,1.0,1.0595,1.0596,1.0595500000000002,0.9438414346396584,9897340262,1.0595,1.0596,413,57,537921.8351150001,388377.220351,546596.5797019999,371405.95788700035,2636.728213000001,1025.5264789999999,96729.315819,47515.210655,185730.52041,136903.71801200003,277337.02698400005,203073.55035000012,333987.59780300024,279736.7909980001
2026-10-08T09:19:01.479647+00:00,obs-20261007-01,LIGHT,ALGOUSDT,1.0,0.1306,0.1307,0.13065,7.6569678407367725,5665228056,0.1306,0.1307,291,29,528326.5567000001,254311.0757,538546.9361,220340.86979999996,1576.0433999999998,2179.1555,14049.502099999998,20820.3488,69333.6319,57909.4757,141624.4215,88482.1312,182400.36400000003,133786.5407
2026-10-08T09:19:01.479647+00:00,obs-20261007-01,LIGHT,XRPUSDT,1.0,1.4104,1.4105,1.41045,0.7090187180947005,26681511468,1.4104,1.4105,477,95,3458360.834599998,3496245.2520199986,3652793.5426100027,3271260.1089899996,49303.11626999999,82067.92979000001,826923.0087800004,810021.2902700001,1481957.1153600002,1130943.4637999996,2307280.2849600003,2104302.3729699994,2774627.5583400005,2334984.0470800004
2026-10-08T09:19:01.479647+00:00,obs-20261007-01,LIGHT,HBARUSDT,1.0,0.09412,0.09413,0.094125,1.0624734381647905,8394720183,0.09412,0.09413,372,65,1175222.9691299996,1215219.3781600008,1217350.3882200003,1183089.3815799996,8012.953490000002,7326.6519100000005,153856.54286999998,126224.12958999998,264679.38915999996,223724.7782999999,396857.65571,382856.73597000004,751014.0777899999,899618.2258599999
2026-10-08T09:20:01.490541+00:00,obs-20261007-01,LIGHT,PEPEUSDT,1.0,4.03e-06,4.04e-06,4.035e-06,24.81389578163684,8828410763,4.03e-06,4.04e-06,103,10,71157.79469361,213501.47153286004,64779.75427022001,214313.98597503005,106.70857262000001,1042.8430184000001,160045.52147909,96442.07980124,304369.23907685,299214.58556189004,660716.6708791,654156.13771026,931887.83201932,978723.0220968799
2026-10-08T09:20:01.490541+00:00,obs-20261007-01,LIGHT,BNBUSDT,1.0,767.59,767.6,767.595,0.13027788272390595,20913278399,767.59,767.6,302,73,2385840.44514,1236994.36991,2321856.14262,1272414.3460099997,1459.6777600000003,4770.519989999998,775068.3314600005,828770.89284,1488334.5147500008,1462629.8162599995,3633621.981210001,3044121.5084899995,6123694.841710012,4769036.992430003
2026-10-08T09:20:01.490541+00:00,obs-20261007-01,LIGHT,AAVEUSDT,1.0,172.55,172.56,172.555,0.5795421616916485,10441654526,172.55,172.56,291,32,561429.0946899999,211609.51791000005,537929.51736,222899.63701999994,783.6031700000001,3338.99985,125636.28387000003,80284.27892000003,212006.94720000002,134400.44503999996,281702.19577999995,171412.01982999998,814357.7672300002,281609.25924
2026-10-08T09:20:01.490541+00:00,obs-20261007-01,LIGHT,AVAXUSDT,1.0,10.786,10.787,10.7865,0.9271277582056925,10523503285,10.786,10.787,334,45,563851.2233800003,1533926.7189500004,518665.02987000014,1551607.145250001,1813.3271900000002,7733.203410000001,158829.14224999995,187364.58191999997,367453.52176000003,338982.4327,558456.6059299997,437000.35630000016,632707.5067800003,540872.4282700001
2026-10-08T09:20:01.490541+00:00,obs-20261007-01,LIGHT,FILUSDT,1.0,1.0601,1.0603,1.0602,1.8866144703322263,9897341934,1.0601,1.0603,314,15,295555.371378,152891.44057700006,289948.9386110001,149992.30634199997,465.478519,640.480019,73604.977205,80214.15686999999,169910.94375299997,157685.68161800003,279466.5170590001,209698.59009200011,339098.6149080002,282575.3852050001
2026-10-08T09:20:01.490541+00:00,obs-20261007-01,LIGHT,ALGOUSDT,1.0,0.1309,0.131,0.13095,7.639419404126269,5665230478,0.1309,0.131,253,28,501483.84920000023,219951.47580000001,493432.5636000001,238258.15650000007,9217.4661,5113.5337,15942.207,20933.8525,46041.957,61167.26999999999,120002.3075,96873.02169999998,151216.66039999996,126475.80629999997
2026-10-08T09:20:01.490541+00:00,obs-20261007-01,LIGHT,XRPUSDT,1.0,1.411,1.4111,1.41105,0.7087172218289695,26681516069,1.411,1.4111,504,53,1610607.5443899997,1411831.3517099991,1483503.3229899998,1620176.8828700003,21703.462760000002,42609.35309,944253.94357,652249.3178399999,1299601.6545199999,921697.6728300002,2429937.0819300003,1909997.341790001,2858008.576749999,2129284.9409800004
2026-10-08T09:20:01.490541+00:00,obs-20261007-01,LIGHT,HBARUSDT,1.0,0.09419,0.0942,0.094195,1.0616838305566034,8394723003,0.09419,0.0942,285,34,974037.3119700002,547736.04923,870826.6310900005,549199.9958099999,2040.45434,8222.25859,215909.15785000002,134584.81,337573.30496,223154.59632999997,486298.9689,384315.21245999995,848826.5839599998,892222.6049599997
2026-10-08T09:21:01.497020+00:00,obs-20261007-01,LIGHT,PEPEUSDT,1.0,4.03e-06,4.04e-06,4.035e-06,24.81389578163684,8828411103,4.03e-06,4.04e-06,138,19,89372.49155642003,174622.25587383998,102694.16405623002,275866.78822924,54.13235438000001,1482.6149560000003,128189.13122275002,114154.44606828001,290442.90404737,278219.75669433,647394.99837929,552911.6053548601,911686.85028526,827453.43927474
2026-10-08T09:21:01.497020+00:00,obs-20261007-01,LIGHT,BNBUSDT,1.0,767.48,767.49,767.485,0.13029655495877535,20913283350,767.48,767.49,438,121,1895782.212480001,1872856.3259400008,1948903.8442899997,2005961.7226400005,45511.84495,18239.149250000002,709685.7521800001,871910.2678799997,1448842.5335500007,1522735.5728699993,3581685.7360799992,2907112.835149999,6074268.69051001,4820117.579370002
2026-10-08T09:21:01.497020+00:00,obs-20261007-01,LIGHT,AAVEUSDT,1.0,172.51,172.52,172.515,0.5796765404908477,10441656170,172.51,172.52,257,14,504097.31620999996,141083.58189000003,504997.5533000002,146218.73252,1071.8150600000001,279.45506,105319.70968999999,80709.32216999998,195532.67536999998,132192.04168999993,282839.52045999985,166210.64727999992,816111.60022,227889.7723399999
2026-10-08T09:21:01.497020+00:00,obs-20261007-01,LIGHT,AVAXUSDT,1.0,10.772,10.773,10.7725,0.9283327144449238,10523508700,10.772,10.773,398,74,917821.67563,1661372.3739800001,953046.8992699994,1638527.909380001,13045.637600000002,9925.27608,169054.34722000003,167674.39026999997,360712.87483000004,328102.2756899999,531560.0476500002,458516.5759700001,598777.6912200005,556709.57721
2026-10-08T09:21:01.497020+00:00,obs-20261007-01,LIGHT,FILUSDT,1.0,1.0591,1.0592,1.0591499999999998,0.9441979038804504,9897344186,1.0591,1.0592,309,31,354354.0139409998,246224.47604,364061.5445509998,197942.08922600013,13239.955888999999,1007.5000780000001,89571.75984000001,102578.25989,183979.67834099993,174611.459522,274617.28829299996,253235.6362740001,331407.97901699995,330888.961919
2026-10-08T09:21:01.497020+00:00,obs-20261007-01,LIGHT,ALGOUSDT,1.0,0.1315,0.1316,0.13155,7.604562737641984,5665233280,0.1315,0.1316,329,46,459802.9935999999,260231.87920000014,371900.5933999999,286341.5005000001,2557.7921,18124.254900000004,19560.9921,25119.093,57759.3963,65043.5266,120637.33669999999,89363.5506,199106.9846,139388.64639999997
2026-10-08T09:21:01.497020+00:00,obs-20261007-01,LIGHT,XRPUSDT,1.0,1.4103,1.4104,1.4103500000000002,0.7090689924127425,26681520450,1.4103,1.4104,480,50,2380079.540840002,1562615.1386600004,2518986.232090001,1306487.9387099997,24275.913320000003,14051.392590000001,820318.2353700001,823598.41175,1565789.4964,1180538.4710899994,2293245.003080001,2153534.6091799997,2728158.30355,2384231.46339
2026-10-08T09:21:01.497020+00:00,obs-20261007-01,LIGHT,HBARUSDT,1.0,0.09409,0.0941,0.094095,1.0628122010847285,8394725925,0.09409,0.0941,332,72,841686.1327999999,567560.9745900001,872355.8292399995,555001.84571,48888.77618999999,4363.7819,149259.32561999996,142297.43954000002,244897.62553000002,221795.26618000004,460662.30356000015,390962.3574500001,818790.8671900001,899678.3017299998
2026-10-08T09:22:01.500307+00:00,obs-20261007-01,LIGHT,PEPEUSDT,1.0,4.03e-06,4.04e-06,4.035e-06,24.81389578163684,8828411518,4.03e-06,4.04e-06,149,15,145293.21677902,237538.93860994003,138084.79775553002,303047.64768131985,26.698717760000005,1010.00928796,139607.66229878002,13786.7304012,289678.97336894,203176.30192350002,654603.4174027799,487402.89628348,924988.55886225,801564.01250902
2026-10-08T09:22:01.500307+00:00,obs-20261007-01,LIGHT,BNBUSDT,1.0,767.67,767.68,767.675,0.13026430627727237,20913286057,767.67,767.68,325,55,2107898.81224,942824.3857399998,2030390.41973,941321.7851200001,891.96819,24276.763509999997,738192.7560600007,850880.7776999997,1469693.749360001,1526595.2507599993,3657110.4742,2913586.325019999,6145738.897410009,4842067.228250002
2026-10-08T09:22:01.500307+00:00,obs-20261007-01,LIGHT,AAVEUSDT,1.0,172.59,172.6,172.595,0.5794078451826223,10441658257,172.59,172.6,279,22,626895.3053500003,241255.18365999998,629229.7724200006,244751.41060999996,186.05576000000002,653.4073999999999,112936.56327000001,74702.94516999999,198379.2259,132379.23982999992,277264.26701999997,164956.82811999993,795602.5188300001,275936.44065999996
2026-10-08T09:22:01.500307+00:00,obs-20261007-01,LIGHT,AVAXUSDT,1.0,10.791,10.792,10.7915,0.9266981744038283,10523513601,10.791,10.792,379,52,1411721.2192300004,1029918.9408799997,1327878.1383199992,1077800.3587400003,7235.845269999997,20348.19411,214168.89373,161144.13337,432188.22884,301859.8886599999,606269.9703599998,411981.4958199999,682083.5822499999,518648.2254499998
2026-10-08T09:22:01.500307+00:00,obs-20261007-01,LIGHT,FILUSDT,1.0,1.0603,1.0604,1.0603500000000001,0.9431293030282006,9897346026,1.0603,1.0604,303,27,253561.74313199992,171310.90785500006,229201.05893500007,214254.04078900008,930.202615,23914.935223999993,98611.17689900001,85892.18750900001,171463.699455,163983.73085300002,290628.04800800007,215037.84397200006,353212.5297120003,288073.16128000006
2026-10-08T09:22:01.500307+00:00,obs-20261007-01,LIGHT,ALGOUSDT,1.0,0.1317,0.1318,0.13175,7.593014426725553,5665235752,0.1317,0.1318,318,40,336396.8700999998,234118.66420000003,300311.5523999999,230543.7583,17433.7363,11922.8309,15705.7107,21583.7592,38322.1694,77386.691,141455.06769999999,101051.7418,181990.6569,154549.3233
2026-10-08T09:22:01.500307+00:00,obs-20261007-01,LIGHT,XRPUSDT,1.0,1.4111,1.4112,1.4111500000000001,0.7086669973777049,26681523631,1.4111,1.4112,371,43,1780854.5022799992,983834.8894700002,1580751.1279199987,1278519.3303399994,2618.41774,41593.19793,1035270.9498199999,631600.01601,1356057.73921,883620.8992300002,2490903.679140001,1871976.9757100008,2913201.493289999,2091252.1262200016
2026-10-08T09:22:01.500307+00:00,obs-20261007-01,LIGHT,HBARUSDT,1.0,0.09431,0.09432,0.09431500000000001,1.0603329445446619,8394730445,0.09431,0.09432,390,64,1816675.74229,1116706.7200699993,1682804.670289999,1135473.9740000002,7783.961470000001,10560.626190000003,167587.05107999998,137830.71718,313836.9169600001,232198.46433000002,470019.5458100003,385231.33261999994,841249.1330100002,887307.1950499997
2026-10-08T09:23:01.502839+00:00,obs-20261007-01,LIGHT,PEPEUSDT,1.0,4.04e-06,4.05e-06,4.045e-06,24.752475247524774,8828412235,4.04e-06,4.05e-06,247,17,475133.0357764499,250506.42093124,467371.97132402996,259901.80938875992,473.643035,6623.60234228,85531.26355764,129748.5881658,226704.12821085,265342.92458222003,473192.7181432,578951.539007,779672.5112808499,892858.2055722901
2026-10-08T09:23:01.502839+00:00,obs-20261007-01,LIGHT,BNBUSDT,1.0,767.8,767.81,767.805,0.13024225058666516,20913290707,767.8,767.81,398,116,3315687.7252300014,3536721.7823999994,3380684.421570002,3479823.49629,8329.09052,5896.540030000001,803544.5586200003,884574.0482099999,1524608.3480599998,1497639.85306,3197852.9116499983,2974580.2687699986,6075844.696150005,4899899.27908
2026-10-08T09:23:01.502839+00:00,obs-20261007-01,LIGHT,AAVEUSDT,1.0,172.59,172.6,172.595,0.5794078451826223,10441660009,172.59,172.6,233,23,448091.39821999986,215445.81366999992,443977.32633999985,203545.46785000007,759.2051899999999,1446.48414,117674.33341000002,82427.94424999997,203820.75634,139964.0215599999,282918.6606,174049.5383799999,800379.58007,285039.1259199999
2026-10-08T09:23:01.502839+00:00,obs-20261007-01,LIGHT,AVAXUSDT,1.0,10.796,10.797,10.7965,0.9262689885147779,10523518541,10.796,10.797,362,44,1562508.681730001,818052.98369,1592076.2672299994,808159.0357799996,614.81708,4580.992750000001,212352.91766,157701.70967999997,400004.47478999995,301164.72587,568663.1979799998,423546.41636000003,644325.3235799997,529038.9740500001
2026-10-08T09:23:01.502839+00:00,obs-20261007-01,LIGHT,FILUSDT,1.0,1.0607,1.0609,1.0608,1.8855472800982653,9897347690,1.0607,1.0609,268,8,242998.0768199999,147310.95469400004,233163.087034,169214.60724299998,13.010778000000002,315.86770600000006,85860.042701,80693.16435,173362.97292800006,154118.88478900003,294882.5330980001,193242.99407600015,362291.40098100033,266305.2949890002
2026-10-08T09:23:01.502839+00:00,obs-20261007-01,LIGHT,ALGOUSDT,1.0,0.1318,0.1319,0.13185,7.587253414262918,5665237997,0.1318,0.1319,317,38,396468.4562999999,120969.0639,374490.8128000001,128421.52409999998,7378.976199999999,5198.054499999998,15432.2844,21125.5473,37501.229400000004,66306.7544,126906.34109999999,99740.5257,176063.1759,151735.31969999996
2026-10-08T09:23:01.502839+00:00,obs-20261007-01,LIGHT,XRPUSDT,1.0,1.4122,1.4123,1.41225,0.7081149978760415,26681528414,1.4122,1.4123,366,51,2598359.8254400007,1944141.32669,2643496.92678,2010925.5880899988,9950.46498,33113.02033,956714.8579600002,594249.65407,1267828.83263,983271.57339,2397677.844070002,1839413.9239300007,2834797.3144099996,2094757.2039300015
2026-10-08T09:23:01.502839+00:00,obs-20261007-01,LIGHT,HBARUSDT,1.0,0.09426,0.09427,0.094265,1.060895395714745,8394732324,0.09426,0.09427,251,17,313158.8691799999,491055.72998000006,328575.8338599998,489951.99095999997,893.8327899999999,4439.579250000001,184855.82656999998,124637.84546,322744.1266200001,227598.18161999996,461023.78364000015,385674.07781999983,826374.8172899999,888330.4376699995
2026-10-08T09:24:01.522201+00:00,obs-20261007-01,LIGHT,PEPEUSDT,1.0,4.04e-06,4.05e-06,4.045e-06,24.752475247524774,8828412695,4.04e-06,4.05e-06,170,11,223709.27763417005,85744.85187032999,218554.71019262006,177110.79480073,520.8357698,1079.2111383,101058.80740756,130603.6562256,230656.35159406002,253848.87140134,478347.28558475,487585.5960766,785196.99929104,721819.6963158101
2026-10-08T09:24:01.522201+00:00,obs-20261007-01,LIGHT,BNBUSDT,1.0,768.3,768.31,768.305,0.1301574905632208,20913294960,768.3,768.31,354,110,3403526.585850001,3112223.251389999,3338026.927349999,3433370.41326,5636.111000000001,108230.06701,687096.1367099996,822857.6390699998,1518782.9023799992,1370920.7946699995,3087736.521889998,2934223.5117699993,5953573.851370002,4823842.888790003
2026-10-08T09:24:01.522201+00:00,obs-20261007-01,LIGHT,AAVEUSDT,1.0,172.71,172.72,172.715,0.5790052689480518,10441661628,172.71,172.72,263,15,503460.46030000044,125705.95810999996,496009.6157100003,138409.86457,947.0662800000001,251.55439,95190.05895,81352.63873,205683.41634,131079.20703,277360.40296000004,161900.78861,800465.1573000001,272934.28296999994
2026-10-08T09:24:01.522201+00:00,obs-20261007-01,LIGHT,AVAXUSDT,1.0,10.799,10.8,10.7995,0.9260116677478614,10523522798,10.799,10.8,348,49,1407401.27085,655521.6756900001,1368786.2041800008,667063.423620001,2918.1294000000003,7489.696710000001,190160.11693000002,154698.32544999997,403828.15604,288294.84693999996,605947.5619999999,412017.75511999987,681927.4034399997,517500.14330999984
2026-10-08T09:24:01.522201+00:00,obs-20261007-01,LIGHT,FILUSDT,1.0,1.0611,1.0612,1.06115,0.9424182452177909,9897349502,1.0611,1.0612,282,7,206700.0613569999,163978.77662399993,193276.67940000008,164030.01847700012,205.976428,33.541371999999996,87613.29952400002,87213.22197299999,159668.91475700008,153982.67316499993,289689.81606100005,193260.76165400006,375814.13428600034,268502.4874610001
2026-10-08T09:24:01.522201+00:00,obs-20261007-01,LIGHT,ALGOUSDT,1.0,0.1321,0.1322,0.13215,7.570022710068347,5665240451,0.1321,0.1322,311,28,579892.9497000002,205421.60859999995,543707.4291,215789.72840000005,8289.106800000003,35655.351200000005,19782.472999999998,19513.4412,48813.79609999999,68795.3407,118224.75919999999,97295.8843,193999.93019999997,157876.4213
2026-10-08T09:24:01.522201+00:00,obs-20261007-01,LIGHT,XRPUSDT,1.0,1.4127,1.4128,1.41275,0.7078643731861511,26681531784,1.4127,1.4128,371,32,1259590.8849,1225620.69182,1256559.35546,1276432.8867900006,3714.99197,22630.282710000007,905755.5911700001,562574.50276,1267251.4412300007,1097213.13448,2392562.5455700033,1802242.8593100007,2810218.2603000016,2045942.1096700015
2026-10-08T09:24:01.522201+00:00,obs-20261007-01,LIGHT,HBARUSDT,1.0,0.09435,0.09436,0.094355,1.0598834128239254,8394734612,0.09435,0.09436,274,22,556295.86678,359725.39859999996,535890.39414,379284.07723999984,1150.4605599999998,6004.9247,180729.95097,111756.02459,329510.84478999994,214685.88252999994,474967.5249000001,362848.46803999995,842503.0163500002,866438.8651099998
2026-10-08T09:25:01.523366+00:00,obs-20261007-01,LIGHT,PEPEUSDT,1.0,4.04e-06,4.05e-06,4.045e-06,24.752475247524774,8828413128,4.04e-06,4.05e-06,103,11,204185.35758617,429794.69633918005,77416.5195176,256386.1914145401,0.0,1624.1783768999999,117645.81306636,98991.18928395,282654.19416990003,307415.42419907,605116.12365332,660994.1010012401,912108.4860839101,1005300.77153484
2026-10-08T09:25:01.523366+00:00,obs-20261007-01,LIGHT,BNBUSDT,1.0,768.33,768.34,768.335,0.1301524084706962,20913297000,768.33,768.34,353,61,1659220.3553499994,977631.2382600004,1459346.310480001,930171.3966599996,23440.20679999999,1428.3491200000003,680390.4590599998,870803.9600199999,1540886.30649,1440699.9899799987,3287401.3923399984,3069372.1295299986,6145793.891100004,5073068.325730003
2026-10-08T09:25:01.523366+00:00,obs-20261007-01,LIGHT,AAVEUSDT,1.0,172.68,172.69,172.685,0.5791058605497668,10441663397,172.68,172.69,235,24,640067.3327000001,212454.33018000005,643049.51558,200525.24533,4661.95215,1354.06015,115181.65344,86724.22655000002,200047.77233,136363.80582,272318.52583,171704.22226,789189.3409300001,284843.11172
2026-10-08T09:25:01.523366+00:00,obs-20261007-01,LIGHT,AVAXUSDT,1.0,10.807,10.808,10.807500000000001,0.9253261774766486,10523527741,10.807,10.808,301,135,1226893.9094999998,772004.7770099991,1224771.7656300005,741537.6998799996,35329.66723,35397.400440000005,188364.36578999998,145665.00645000002,414480.3570899999,313131.13249,597211.7368400001,443399.50702000014,674039.61108,548413.4566100001
2026-10-08T09:25:01.523366+00:00,obs-20261007-01,LIGHT,FILUSDT,1.0,1.0622,1.0624,1.0623,1.8828845791740711,9897351302,1.0622,1.0624,299,20,265996.3930879999,129710.66227100004,244139.16713900003,159758.38478099997,245.31583299999997,471.28214500000007,108499.19623899998,93352.785218,186766.94199500003,149134.02548300006,296103.988748,173407.10803300008,380160.3064240002,242561.8353660001
2026-10-08T09:25:01.523366+00:00,obs-20261007-01,LIGHT,ALGOUSDT,1.0,0.1325,0.1326,0.13255,7.547169811319421,5665243889,0.1325,0.1326,350,82,440837.8928000002,335426.3417000001,351810.6762000002,345379.3001,15764.309599999999,14294.785400000006,18519.039299999997,23988.5182,41616.136,70976.1491,133504.669,101249.1342,193524.0365,161514.05690000003
2026-10-08T09:25:01.523366+00:00,obs-20261007-01,LIGHT,XRPUSDT,1.0,1.4134,1.4135,1.41345,0.7075137965184553,26681535609,1.4134,1.4135,387,60,2199483.9893599986,1732505.133229999,2180417.5286699994,1662773.11688,41093.60734,41844.35347,974535.75309,569987.3822400001,1416181.2584600002,1030686.3727200003,2402776.093130001,1876925.6902100008,2815264.9794400004,2117781.7300800015
2026-10-08T09:25:01.523366+00:00,obs-20261007-01,LIGHT,HBARUSDT,1.0,0.09438,0.09439,0.094385,1.0595465140905702,8394737114,0.09438,0.09439,286,35,914185.6949300003,572014.38295,927587.47705,560927.53796,4609.20467,4493.968890000001,171158.39186000003,146152.13723999998,315811.3615600001,233065.5245399999,461553.0354900002,374735.9316099999,829019.4348800001,879301.0443399996
2026-10-08T09:26:01.535504+00:00,obs-20261007-01,LIGHT,PEPEUSDT,1.0,4.04e-06,4.05e-06,4.045e-06,24.752475247524774,8828413533,4.04e-06,4.05e-06,146,11,51855.1923914,38424.144779329996,52949.012356780004,37966.054803969986,35.49999712,1212.1970679,104053.41047892,121056.39780165,281696.95866219,308642.90352393,604022.30368794,661452.1909765999,910103.36388922,1005758.8615101998
2026-10-08T09:26:01.535504+00:00,obs-20261007-01,LIGHT,BNBUSDT,1.0,768.38,768.39,768.385,0.13014393919652534,20913298580,768.38,768.39,284,51,889081.6467400003,548685.8188699998,902587.9738300003,548756.4540799995,5364.69006,1383.8238999999996,698895.02025,900951.7008099996,1533872.3599300005,1442098.8423299983,3271464.6800699993,3069328.655999998,6107322.660380006,5072100.537280003
2026-10-08T09:26:01.535504+00:00,obs-20261007-01,LIGHT,AAVEUSDT,1.0,172.65,172.66,172.655,0.5792064871124047,10441664187,172.65,172.66,179,8,250954.8620600001,92246.9081,259729.35893000013,90562.42655,1024.29237,1430.69164,108487.84528,83545.97171000001,193953.35634,137641.91977,264852.67679999996,173321.20980000004,780403.5603,286322.06238
2026-10-08T09:26:01.535504+00:00,obs-20261007-01,LIGHT,AVAXUSDT,1.0,10.798,10.799,10.7985,0.9260974254488019,10523530809,10.798,10.799,299,29,901218.3632599999,567828.4642600002,950560.8884899999,542560.0532500002,4126.749160000001,1848.3819899999999,247502.67912000004,197803.05248,399589.94388000004,324959.9311400001,550848.0184499999,468206.5692800001,627789.2281899999,573673.6593600003
2026-10-08T09:26:01.535504+00:00,obs-20261007-01,LIGHT,FILUSDT,1.0,1.0618,1.0619,1.0618500000000002,0.9417969485769895,9897352836,1.0618,1.0619,276,2,195215.59294900007,107285.94512300004,203235.98945900015,83553.754447,29.148531,0.0,110831.78659699998,92318.85798800002,190739.50727300002,155444.169073,291623.321745,197084.14638500003,373087.5762120003,266256.8250190001
2026-10-08T09:26:01.535504+00:00,obs-20261007-01,LIGHT,ALGOUSDT,1.0,0.1338,0.1339,0.13385,7.4738415545572146,5665251103,0.1338,0.1339,447,221,588678.0110000009,531863.7206999997,443766.54310000007,596314.7182000004,45649.86089999999,68211.43789999996,17784.4201,28947.3969,41369.9415,54319.791000000005,77968.74250000001,102298.73610000001,196845.413,133208.4991
2026-10-08T09:26:01.535504+00:00,obs-20261007-01,LIGHT,XRPUSDT,1.0,1.4134,1.4135,1.41345,0.7075137965184553,26681537354,1.4134,1.4135,305,40,643713.3265300003,501688.69325000024,690767.9150600003,527483.86186,876.7320199999999,12328.547000000002,965130.6940600001,544013.36893,1390366.0116000006,1004896.6153100001,2355721.504600002,1851130.5216000008,2755987.9931500014,2091964.764670002
2026-10-08T09:26:01.535504+00:00,obs-20261007-01,LIGHT,HBARUSDT,1.0,0.09437,0.09438,0.094375,1.0596587898703547,8394738508,0.09437,0.09438,233,18,189815.9251200001,202410.00677,189606.16292000003,189673.58477000002,329.19546,1557.934,174236.09558000002,159112.06077999997,310873.57041999995,245350.7869899999,461770.36633,387325.7514499998,823879.6006099998,892037.4663399995
2026-10-08T09:27:01.535924+00:00,obs-20261007-01,LIGHT,PEPEUSDT,1.0,4.04e-06,4.05e-06,4.045e-06,24.752475247524774,8828413886,4.04e-06,4.05e-06,131,10,35571.734192350006,242687.67591420998,33784.053357130004,287119.5758558499,0.0,893.9991060000001,134837.99391472002,49284.6504345,285759.3490117,244224.68172847998,605809.98452316,617020.29103496,912348.56453618,977663.8029601899
2026-10-08T09:27:01.535924+00:00,obs-20261007-01,LIGHT,BNBUSDT,1.0,768.49,768.5,768.495,0.13012531067335686,20913301875,768.49,768.5,363,99,1500402.1702399992,1640477.3433099992,1515165.8732800002,1697371.1494499994,3393.03337,10604.372049999998,743418.7877600001,907254.0261299999,1513813.2534200007,1549310.3593599987,3255021.2367099994,3013411.9930399973,6075337.944930007,5114572.43291
2026-10-08T09:27:01.535924+00:00,obs-20261007-01,LIGHT,AAVEUSDT,1.0,172.75,172.76,172.755,0.578871201157849,10441665423,172.75,172.76,207,22,394706.23594,141792.41810999997,383837.18683000014,150046.41514000008,521.3820000000001,3919.33183,91951.35118000001,85450.98755,198000.55486999996,135855.43062,267195.66434,169073.85179999995,789627.18115,278881.47305
2026-10-08T09:27:01.535924+00:00,obs-20261007-01,LIGHT,AVAXUSDT,1.0,10.809,10.81,10.8095,0.9251549634581302,10523534590,10.809,10.81,365,48,1330168.2980700005,772023.777,1306354.739850001,835025.4681000003,1243.6428799999999,5884.08377,174678.0181,154259.48447000002,358635.0654599998,284934.23546999996,564404.6976899998,405660.6638500001,639498.7524499997,511667.0297900002
2026-10-08T09:27:01.535924+00:00,obs-20261007-01,LIGHT,FILUSDT,1.0,1.0625,1.0626,1.0625499999999999,0.941176470588001,9897354810,1.0625,1.0626,289,22,251783.11453900006,145794.941231,239538.15016399993,169121.23282499998,704.911231,895.7318920000001,118457.622485,85289.718997,199369.37034400002,137788.16203,300292.66927099996,175157.20834200003,384431.88155400025,243162.456973
2026-10-08T09:27:01.535924+00:00,obs-20261007-01,LIGHT,ALGOUSDT,1.0,0.1394,0.1395,0.13945000000000002,7.173601147776321,5665277336,0.1394,0.1395,588,1432,1378569.8131000006,1351330.2954000002,1077728.4900999996,1473454.5167999987,224509.27200000006,274576.17619999987,12656.1401,14465.515,32364.149600000004,62832.3882,67004.2396,97991.09920000001,109155.0059,130513.1864
2026-10-08T09:27:01.535924+00:00,obs-20261007-01,LIGHT,XRPUSDT,1.0,1.4138,1.4139,1.41385,0.7073136228608057,26681540282,1.4138,1.4139,356,39,1863314.4156500006,1315425.38369,1743390.5941700004,1344265.1020799996,8635.963350000002,35517.30511,1022129.6294000001,535266.62805,1390870.0423300005,992897.4487700003,2475365.019360001,1830675.4779800007,2852698.5067499997,2065160.721470002
2026-10-08T09:27:01.535924+00:00,obs-20261007-01,LIGHT,HBARUSDT,1.0,0.09475,0.09476,0.094755,1.0554089709757797,8394744318,0.09475,0.09476,393,98,2548770.898539999,1310978.8590099995,2541711.0829699985,1339379.14899,10784.746790000003,15375.38925,131053.43406000003,158799.50467999993,260804.07051000008,240191.4670399999,458809.50308999995,528517.5591099999,815087.8510400001,897673.4432999996
2026-10-08T09:28:01.536546+00:00,obs-20261007-01,LIGHT,PEPEUSDT,1.0,4.04e-06,4.05e-06,4.045e-06,24.752475247524774,8828414183,4.04e-06,4.05e-06,127,14,158016.94576720003,158999.13572243,156243.38168083003,136174.54559461,506.24927304000005,1185.5096698500001,136845.6772152,78785.29482885,288030.47921941,275723.25861883,607583.54860953,639844.88116278,920851.8540422199,1000488.40349706
2026-10-08T09:28:01.536546+00:00,obs-20261007-01,LIGHT,BNBUSDT,1.0,768.79,768.8,768.795,0.1300745327070807,20913305713,768.79,768.8,384,88,3501382.5340799997,2453241.422249999,3482916.3828699994,2470539.82383,11544.4887,95186.76877,692877.4164900001,897236.56736,1583132.5381200006,1557459.1056099993,3249118.0224000006,3108065.90275,6085385.106510005,5128170.887840003
2026-10-08T09:28:01.536546+00:00,obs-20261007-01,LIGHT,AAVEUSDT,1.0,172.69,172.7,172.695,0.5790723261323016,10441666658,172.69,172.7,187,16,340376.99398,142477.11408000003,338041.09192999994,141113.78658000004,53.02358,2011.3724700000002,116311.73683000002,83998.33674000001,205510.30694,132585.47856000002,276748.98012,168634.73119000002,792257.58657,279673.45875
2026-10-08T09:28:01.536546+00:00,obs-20261007-01,LIGHT,AVAXUSDT,1.0,10.805,10.806,10.805499999999999,0.9254974548822403,10523537812,10.805,10.806,344,31,903580.4134900001,533772.50408,924104.5971200003,524640.40841,4992.2834,10026.656369999999,166630.62720999998,148386.58798999997,374193.14358999976,281527.28331999993,553309.8325699997,414787.3020200002,636559.1956299995,519773.50643000024
2026-10-08T09:28:01.536546+00:00,obs-20261007-01,LIGHT,FILUSDT,1.0,1.0626,1.0627,1.06265,0.94108789761016,9897356292,1.0626,1.0627,266,17,184582.38865000018,113605.98421800001,193628.54787200002,107903.637411,950.2512470000001,511.8495840000001,97126.320257,82122.397766,188484.310333,138149.09720100003,291031.38656899997,184411.11737300007,377387.2665180002,249953.85821800004
2026-10-08T09:28:01.536546+00:00,obs-20261007-01,LIGHT,ALGOUSDT,1.0,0.1367,0.1368,0.13674999999999998,7.3152889539152,5665301046,0.1367,0.1368,592,886,1434329.034799999,1393028.6176000002,1457656.1306999973,1264062.0206999998,185432.33300000007,177700.29510000002,19024.9179,14149.3002,40954.15090000001,36261.9104,85548.1271,69187.6885,128717.67650000002,88165.69479999997
2026-10-08T09:28:01.536546+00:00,obs-20261007-01,LIGHT,XRPUSDT,1.0,1.4139,1.414,1.4139499999999998,0.707263597141683,26681543550,1.4139,1.414,356,44,1397615.665940001,1335280.9916700001,1442441.5640699994,1189980.6181799998,20543.4348,16843.13941,956903.17839,673632.34436,1352400.6588100006,1178084.74086,2430182.5921700015,1976896.4843900006,2806583.19865,2211544.996690001
2026-10-08T09:28:01.536546+00:00,obs-20261007-01,LIGHT,HBARUSDT,1.0,0.09482,0.09483,0.09482499999999999,1.0546298249303199,8394748240,0.09482,0.09483,376,76,1456455.6963200006,1021650.8337199998,1443878.6322100004,983466.8409700003,12106.612159999999,19972.538529999998,115855.38885,201697.87208,255086.4545400001,282594.7586400001,463762.5072600001,566721.5613500001,815579.8022300001,931994.1499099997
2026-10-08T09:29:01.536666+00:00,obs-20261007-01,LIGHT,PEPEUSDT,1.0,4.04e-06,4.05e-06,4.045e-06,24.752475247524774,8828414354,4.04e-06,4.05e-06,85,12,75436.45713979,91185.24687717,88047.40243009,154116.96497296,1159.48191496,915.04579365,119566.59892816,102400.32307140001,275408.82823911,291504.83874224004,594972.60331923,576913.16306699,908387.41367192,841030.96841905
2026-10-08T09:29:01.536666+00:00,obs-20261007-01,LIGHT,BNBUSDT,1.0,768.68,768.69,768.685,0.13009314669520933,20913307689,768.68,768.69,303,43,428694.86647999985,510346.75365999993,430183.81327999994,507542.32776000013,4052.2399100000002,1481.34312,756543.18678,769692.6284799998,1634745.5677300005,1557699.1381699985,3270329.118099999,3004701.888049999,6086014.292460004,5124131.509200005
2026-10-08T09:29:01.536666+00:00,obs-20261007-01,LIGHT,AAVEUSDT,1.0,172.47,172.48,172.475,0.579810981620188,10441669225,172.47,172.48,253,25,549302.8085299999,272332.71239,562698.3998799998,263318.38699,10378.65052,822.9567000000001,99134.96221000001,74599.80475999998,198416.65709000002,128698.68496999996,267898.34680000006,171921.52676999994,791846.9474300001,232815.25196999995
2026-10-08T09:29:01.536666+00:00,obs-20261007-01,LIGHT,AVAXUSDT,1.0,10.802,10.803,10.8025,0.925754489911057,10523540893,10.802,10.803,325,30,876411.9693500003,712834.5713100003,876771.0382,725299.6612700002,3901.24844,4861.946999999999,190773.29012000002,132662.19074999998,398886.30179999996,267524.12136999995,553034.0791599998,401909.84681,638305.1236099997,507404.41275000013
2026-10-08T09:29:01.536666+00:00,obs-20261007-01,LIGHT,FILUSDT,1.0,1.0627,1.0628,1.0627499999999999,0.9409993413012074,9897357770,1.0627,1.0628,269,7,113780.40116299999,90092.83858799998,106596.00521599995,92939.29467799998,233.332946,536.858781,96217.381515,82894.176309,198398.49077700003,135426.90691200003,298084.9433599999,181722.09292700008,384524.6538640001,247157.17171700005
2026-10-08T09:29:01.536666+00:00,obs-20261007-01,LIGHT,ALGOUSDT,1.0,0.1395,0.1396,0.13955,7.168458781361409,5665328391,0.1395,0.1396,535,948,1175140.7727000003,1045225.3381999998,1047675.1009999998,1036196.7813000003,176525.0734000001,250455.12099999978,15874.451700000001,9686.3747,31179.872300000003,24454.1873,57548.838,53835.1763,90248.7981,77349.65460000001
2026-10-08T09:29:01.536666+00:00,obs-20261007-01,LIGHT,XRPUSDT,1.0,1.4136,1.4137,1.41365,0.7074136955287358,26681545446,1.4136,1.4137,304,52,699352.1774700001,593489.4089599997,883513.5395999999,533311.14771,22913.902390000003,9476.783250000002,892929.5160500002,739710.79437,1172271.8241800005,1056965.1758200002,2246415.8282200014,2036552.3920700005,2646332.7859,2270787.748490001
2026-10-08T09:29:01.536666+00:00,obs-20261007-01,LIGHT,HBARUSDT,1.0,0.09484,0.09485,0.094845,1.0544074230289802,8394753030,0.09484,0.09485,325,73,1092204.0065900001,1556817.7090500006,1102916.773130001,1602496.2308800006,7815.503780000002,13993.47782,129755.17284,161389.55027999997,253325.62048999997,244624.0835199999,453157.91536999994,526677.0130299998,809664.7568500001,891989.6748099996
2026-10-08T09:30:01.536875+00:00,obs-20261007-01,LIGHT,PEPEUSDT,1.0,4.04e-06,4.05e-06,4.045e-06,24.752475247524774,8828414612,4.04e-06,4.05e-06,120,15,114431.13621927005,51227.84690043999,117474.55373437001,132212.85131467003,211.9653266,1118.5247920500003,123057.29615080002,22778.560646100002,273451.34074341005,209987.557122,591929.18580413,495928.15865276,904337.51286224,802640.87863157
2026-10-08T09:30:01.536875+00:00,obs-20261007-01,LIGHT,BNBUSDT,1.0,768.78,768.79,768.785,0.1300762246669862,20913310779,768.78,768.79,332,65,761347.8328600002,745826.7738500003,779435.6920400001,808118.1917899998,18154.42801,4132.68303,683173.6906100003,872614.4276299999,1612639.0040500008,1497102.9728499993,3230593.0566199995,3048578.910709999,6068468.193090004,5067279.620120005
2026-10-08T09:30:01.536875+00:00,obs-20261007-01,LIGHT,AAVEUSDT,1.0,172.51,172.52,172.515,0.5796765404908477,10441670799,172.51,172.52,217,14,481844.16956,306582.8177499999,489167.47738000005,311088.44408000004,592.0978,550.7813600000001,89385.94380000005,72428.79862999998,172265.56306000007,124842.57473999995,257537.21151000014,167565.20788999996,783941.7165400002,228600.13559999995
2026-10-08T09:30:01.536875+00:00,obs-20261007-01,LIGHT,AVAXUSDT,1.0,10.804,10.805,10.8045,0.925583117363793,10523545154,10.804,10.805,340,75,1349658.50621,731080.1872300003,1340732.6245699998,740359.0928300003,1623.8260800000003,21114.329510000007,173513.52101,132325.71455,390323.6203299999,264455.08748999995,561876.64536,393034.90345,638051.1517599998,498388.50604000007
2026-10-08T09:30:01.536875+00:00,obs-20261007-01,LIGHT,FILUSDT,1.0,1.0636,1.0637,1.06365,0.940203083865665,9897359665,1.0636,1.0637,266,19,173512.55824700004,141141.766816,170832.08102399998,167992.22131799997,571.117262,1382.923793,86396.97477100001,68121.37135100001,185202.061211,114483.39825599999,292473.82620099996,162044.18876499994,370515.26193900005,221074.41362699994
2026-10-08T09:30:01.536875+00:00,obs-20261007-01,LIGHT,ALGOUSDT,1.0,0.1402,0.1403,0.14024999999999999,7.132667617690824,5665355858,0.1402,0.1403,578,974,1107116.0605000001,1059862.6446000012,1025209.9890000001,989426.5514000009,155522.3802999999,181543.23649999974,21382.0801,14645.5176,32305.2597,26275.35,68781.495,73297.8418,112825.73100000001,102554.6587
2026-10-08T09:30:01.536875+00:00,obs-20261007-01,LIGHT,XRPUSDT,1.0,1.414,1.4141,1.41405,0.7072135785013423,26681548299,1.414,1.4141,354,53,955442.0605699996,944518.1940599997,803283.1276999998,1111154.6113,24943.91266,30099.635680000003,955252.28196,582759.3658100001,1314151.3452700009,1078917.8779900004,2398202.5385700013,1871543.8940100009,2773805.89798,2106165.4464100027
2026-10-08T09:30:01.536875+00:00,obs-20261007-01,LIGHT,HBARUSDT,1.0,0.09536,0.09537,0.095365,1.0486577181212375,8394763552,0.09536,0.09537,489,322,3810892.3632799974,2602747.236990001,3615771.57645,2675079.9445300037,48950.86087,142894.44973,139982.42595,248534.15093000003,257463.0295300001,336915.39362,489105.6660300001,489489.64651,852650.83768,846581.5665199999
2026-10-08T09:31:01.537053+00:00,obs-20261007-01,LIGHT,PEPEUSDT,1.0,4.04e-06,4.05e-06,4.045e-06,24.752475247524774,8828415576,4.04e-06,4.05e-06,204,29,439717.9994327001,531128.1187331602,407497.5244848101,329917.57646638,294.83085954,15854.463987160001,123336.71361232,85952.08733265,276586.74786184,290911.80069791,584710.26009994,650733.19166616,904777.57233268,997913.07684378
2026-10-08T09:31:01.537053+00:00,obs-20261007-01,LIGHT,BNBUSDT,1.0,768.87,768.88,768.875,0.13006099860879416,20913316637,768.87,768.88,380,137,2065911.9543599999,1972348.7926699996,2064918.1129999985,1938013.2745700004,11963.262749999998,34602.182019999986,712470.9026300001,919456.24322,1513687.4994800005,1514816.1192799993,3226153.2561299996,3505985.0035199993,5842251.475220006,5097688.623850004
2026-10-08T09:31:01.537053+00:00,obs-20261007-01,LIGHT,AAVEUSDT,1.0,172.43,172.44,172.435,0.5799454851240782,10441672712,172.43,172.44,279,22,630221.9516799999,271258.1789900001,594371.8016199999,271475.20308,703.99461,521.3875400000001,147276.04945999998,70580.80890999998,231191.19248999996,107603.43049999991,299470.74992000003,167108.82829999996,829046.9892800001,226527.75744000002
2026-10-08T09:31:01.537053+00:00,obs-20261007-01,LIGHT,AVAXUSDT,1.0,10.801,10.802,10.8015,0.9258401999812094,10523550620,10.801,10.802,382,76,1681842.52113,1121486.9976299994,1693438.1668,1117136.2367399994,6760.884989999999,12579.676370000001,184879.52346,177227.01967,395464.50792,277584.7157399999,550334.5535899998,396968.1752300001,635332.8262799996,502455.7218900002
2026-10-08T09:31:01.537053+00:00,obs-20261007-01,LIGHT,FILUSDT,1.0,1.0637,1.0638,1.0637500000000002,0.9401146939924665,9897363365,1.0637,1.0638,383,37,468429.69963799964,348810.09198699996,475719.71127899986,341228.4865659999,905.3323260000002,616.1451549999999,84704.30920600002,71611.63920899999,174363.240232,117399.10223199999,285138.90041100007,168958.38035700005,366377.63348500023,233162.94749400005
2026-10-08T09:31:01.537053+00:00,obs-20261007-01,LIGHT,ALGOUSDT,1.0,0.1395,0.1396,0.13955,7.168458781361409,5665380302,0.1395,0.1396,573,667,1187015.3333000003,880861.7181999995,1192169.3077,816244.4082999997,136722.15360000005,97416.51179999996,9042.0137,20403.2313,28562.674899999995,41272.8924,64850.7984,69545.9968,115071.7253,143849.45289999997
2026-10-08T09:31:01.537053+00:00,obs-20261007-01,LIGHT,XRPUSDT,1.0,1.414,1.4141,1.41405,0.7072135785013423,26681553488,1.414,1.4141,415,79,2910484.018790001,2386774.4559899988,2922446.2599600004,2319677.43312,24098.547099999996,64688.96529,945808.2002099998,749737.4548899999,1314966.1020600002,1148557.01956,2386240.2974000005,1941165.9811800006,2761843.6330799987,2175787.533580001
2026-10-08T09:31:01.537053+00:00,obs-20261007-01,LIGHT,HBARUSDT,1.0,0.09567,0.09568,0.09567500000000001,1.045259747047833,8394772578,0.09567,0.09568,489,311,2419033.255370001,1641206.4616999996,2201335.005239999,1801814.92693,57076.16826000001,207919.66948999997,116949.62786,101857.76505999998,206729.86797999995,173342.1481699999,346513.5395100001,349221.04103999987,367885.4519800002,720931.2950499996
2026-10-08T09:32:01.544654+00:00,obs-20261007-01,LIGHT,PEPEUSDT,1.0,4.05e-06,4.06e-06,4.055e-06,24.691358024691024,8828416498,4.05e-06,4.06e-06,177,17,466472.89104673977,329653.46660805005,230400.10104437,417045.95972245984,50.280143200000005,3012.9944719800005,136412.74697535002,114664.97232526001,364594.76724683004,320631.16023758,669841.83664267,657145.70409386,1066158.51475033,1014287.3438960699
2026-10-08T09:32:01.544654+00:00,obs-20261007-01,LIGHT,BNBUSDT,1.0,769.39,769.4,769.395,0.12997309556839198,20913322220,769.39,769.4,416,107,4292661.7263,2730416.031289997,4063431.749489999,3045024.71365,4182.1225,81758.44977,711495.3439799999,777113.8224600002,1435076.0843900002,1522389.9826999998,3236283.3839799985,3369453.779820001,6008562.935750002,5080964.840000005
2026-10-08T09:32:01.544654+00:00,obs-20261007-01,LIGHT,AAVEUSDT,1.0,172.63,172.64,172.635,0.5792735909171398,10441675524,172.65,172.66,288,41,780984.7496000001,326185.6050099999,788678.4061400006,331955.88088,2295.79998,4443.944229999999,121185.60176000002,57456.17206999999,207163.82373000003,114170.59432,279237.01573,161605.0158499999,812286.43872,272636.4468299999
2026-10-08T09:32:01.544654+00:00,obs-20261007-01,LIGHT,AVAXUSDT,1.0,10.82,10.821,10.8205,0.9242144177434852,10523557202,10.82,10.821,404,110,1836775.41224,948538.5332500003,1800573.7034600012,952258.2195100005,10782.92169,29532.93604,161398.50993000006,174973.12887000002,384386.62524000014,274875.07763000013,572677.4212700002,395601.1242100002,644894.7081499997,501201.8364700003
2026-10-08T09:32:01.544654+00:00,obs-20261007-01,LIGHT,FILUSDT,1.0,1.0653,1.0655,1.0654,1.8774054257009176,9897366597,1.0653,1.0655,369,28,402141.18069700006,277919.53484700003,368909.690231,277585.0321069999,1077.1811089999999,3439.0986519999997,90999.183969,64529.188229999985,170030.81386500003,124628.70125799996,305136.646837,183229.632309,386017.95957300026,233769.907278
2026-10-08T09:32:01.544654+00:00,obs-20261007-01,LIGHT,ALGOUSDT,1.0,0.1407,0.1408,0.14075,7.1073205401583905,5665409261,0.1407,0.1408,593,804,1308044.8297999997,1011221.6441,1243348.9748000002,1005003.3798000001,120580.95100000006,177935.40740000008,13759.5281,13358.328099999999,28406.748,24966.7073,69355.4855,60064.159900000006,97546.64389999998,76903.06360000001
2026-10-08T09:32:01.544654+00:00,obs-20261007-01,LIGHT,XRPUSDT,1.0,1.4154,1.4155,1.4154499999999999,0.706514059629626,26681558804,1.4154,1.4155,403,82,3060957.23819,2514175.6716100024,3018485.10538,2623331.0616100016,5023.7604599999995,64558.42484,915473.4942500001,584534.89062,1337065.3062900004,1020691.71356,2338032.97003,1853164.7745300003,2815720.238089999,2058493.098830002
2026-10-08T09:32:01.544654+00:00,obs-20261007-01,LIGHT,HBARUSDT,1.0,0.09576,0.09577,0.09576499999999999,1.0442773600671806,8394784901,0.09576,0.09577,521,318,2105723.55386,1827691.6885800012,2114640.4635799997,1927595.2851899995,43676.777220000025,37054.635060000015,121338.3233,131261.7418,225098.61560999998,183378.64761999992,335897.06656999997,250434.22066999984,490347.72237000015,386804.1119899998
2026-10-08T09:33:01.544732+00:00,obs-20261007-01,LIGHT,PEPEUSDT,1.0,4.05e-06,4.06e-06,4.055e-06,24.691358024691024,8828416831,4.05e-06,4.06e-06,133,10,127765.44281721998,384900.81425944,100104.74268718001,418932.60007894004,0.0,898.59479402,165733.67826945,61247.59045678,366839.97426293,263510.72761143,697502.53677271,623113.91827436,1080187.7620026502,973520.63322586
2026-10-08T09:33:01.544732+00:00,obs-20261007-01,LIGHT,BNBUSDT,1.0,769.94,769.95,769.945,0.12988025040794327,20913326470,769.94,769.95,407,102,4653793.51018,3008493.1390999993,4670665.5171099985,3229978.9651799994,1333.0205,78671.25973000006,662785.7329700002,851553.37506,1420171.7797700001,1483176.1689899997,3148468.0526299984,3549144.7675200026,5962053.120420003,5139127.228050003
2026-10-08T09:33:01.544732+00:00,obs-20261007-01,LIGHT,AAVEUSDT,1.0,172.81,172.82,172.815,0.5786702158427914,10441678835,172.81,172.82,353,35,738818.6159600002,522870.0662599998,730698.5845299999,527934.9427500003,548.66344,695.6249600000001,93483.34908999997,69054.37567,202968.40657999998,115610.77733999999,273334.06879,159493.38936,810611.1105200001,273234.0885699999
2026-10-08T09:33:01.544732+00:00,obs-20261007-01,LIGHT,AVAXUSDT,1.0,10.839,10.84,10.839500000000001,0.9225943352708654,10523563902,10.839,10.84,414,87,1494811.6042099998,1748230.2429299997,1480861.81188,1714464.1639600012,13306.585059999998,21424.28793,188012.66366,169529.71877999997,384065.6920499999,303404.36559,577280.9063099998,469309.78282999987,651355.2368199998,534747.9823700001
2026-10-08T09:33:01.544732+00:00,obs-20261007-01,LIGHT,FILUSDT,1.0,1.0677,1.0678,1.0677500000000002,0.9365926758442278,9897370312,1.0677,1.0678,361,47,471131.9698409997,326658.33976099995,463386.10997099994,372734.95334599976,3233.779572,4082.9596920000004,88685.28742499999,59894.781524000005,178358.73159000007,100828.38203900002,286621.4456740001,164284.628637,387873.9952440003,216510.32794299992
2026-10-08T09:33:01.544732+00:00,obs-20261007-01,LIGHT,ALGOUSDT,1.0,0.1423,0.1424,0.14235,7.0274068868569906,5665428207,0.1423,0.1424,553,496,1127389.0168999995,472861.0516000003,1053527.2425999995,486603.46699999995,81489.24780000006,90755.32899999987,12156.596999999998,13354.024099999999,22249.956499999997,22369.582,48205.8758,43749.604100000004,93029.4907,76227.69840000001
2026-10-08T09:33:01.544732+00:00,obs-20261007-01,LIGHT,XRPUSDT,1.0,1.4171,1.4172,1.41715,0.7056665020099828,26681564246,1.4171,1.4172,425,123,3359212.9048000006,2731781.8933499996,3345495.44602,2689750.21893,7584.460999999999,104234.71937,818548.2175199996,755788.8539699998,1300548.8620399996,1028524.3951600001,2346002.5343700023,1937868.1427599997,2791509.322130003,2120467.9440500005
2026-10-08T09:33:01.544732+00:00,obs-20261007-01,LIGHT,HBARUSDT,1.0,0.09589,0.0959,0.09589500000000001,1.0428616122637457,8394794749,0.09589,0.0959,497,272,2356754.3228900027,1947477.1711500022,2338438.7593099996,2077704.0393099994,81688.58490000003,71209.44803000001,121557.37967999997,98442.82148000001,232543.37649999995,164058.76066999996,346003.8595,238415.84294999993,507420.8010800001,369278.18951000005
2026-10-08T09:34:01.544913+00:00,obs-20261007-01,LIGHT,PEPEUSDT,1.0,4.06e-06,4.07e-06,4.065e-06,24.630541871921707,8828417891,4.06e-06,4.07e-06,255,17,493780.4186324303,498922.44724999025,387291.42675600003,554644.1547559998,1076.92093117,4648.202887020001,107205.49942144,147508.97002446,276933.40028494,345833.4676767,633095.4273615,719014.81284615,1040867.86145598,982758.1730315301
2026-10-08T09:34:01.544913+00:00,obs-20261007-01,LIGHT,BNBUSDT,1.0,769.99,770.0,769.995,0.1298718165165802,20913330759,769.99,770.0,435,116,3104793.092,1639947.69084,3135958.449109999,1829157.0394799993,39051.80484000001,11361.8764,718398.04096,781275.8694799999,1364393.118439999,1507543.34778,3117263.0569999972,3360252.7053700024,5917735.622090004,5149360.294310005
2026-10-08T09:34:01.544913+00:00,obs-20261007-01,LIGHT,AAVEUSDT,1.0,172.91,172.92,172.915,0.5783355502853027,10441681356,172.91,172.92,345,31,486636.2626700003,452339.9074599998,477570.01875000016,469477.65146999975,749.28149,1618.28523,93638.53523,80071.9917,160261.87091000006,111352.62761999998,271984.03664000006,147433.15652999998,819912.9743600001,258915.3766
2026-10-08T09:34:01.544913+00:00,obs-20261007-01,LIGHT,AVAXUSDT,1.0,10.848,10.849,10.848500000000001,0.9218289085533016,10523570246,10.848,10.849,426,83,981008.1978400004,1991348.561890001,989607.857500001,2014411.4255900003,9331.02129,20787.178999999993,176141.67749,143658.18125,398546.33974000014,284767.36029,567522.8978400001,445989.0776299999,637789.52134,512607.25126
2026-10-08T09:34:01.544913+00:00,obs-20261007-01,LIGHT,FILUSDT,1.0,1.0689,1.069,1.06895,0.9355412105893635,9897374622,1.0689,1.069,450,53,368694.51900700014,382081.2795179998,354587.49244400027,385096.65140499995,5652.757076000001,5477.633744000001,84841.926764,62465.468901,172383.041454,104593.29002100001,296720.6063500001,168519.67403100006,389249.2384500003,215613.74803400002
2026-10-08T09:34:01.544913+00:00,obs-20261007-01,LIGHT,ALGOUSDT,1.0,0.1423,0.1424,0.14235,7.0274068868569906,5665455945,0.1423,0.1424,591,780,1278225.9518,914682.5625999992,1166528.4493,856933.6065999996,120128.88019999991,146826.74210000027,18867.1754,18201.9107,33629.315,33802.9662,116460.6621,62246.9979,169010.68919999996,96467.8106
2026-10-08T09:34:01.544913+00:00,obs-20261007-01,LIGHT,XRPUSDT,1.0,1.4176,1.4177,1.41765,0.7054176072229801,26681571313,1.4176,1.4177,482,87,3559337.8854400027,3231645.08584,3486126.67454,3284014.56953,63410.05163999998,121133.06525000001,960205.4864299998,612234.23866,1475249.3972700003,1134632.5041500002,2418629.834440003,1888082.4853899993,2829739.5137700043,2071723.387330001
2026-10-08T09:34:01.544913+00:00,obs-20261007-01,LIGHT,HBARUSDT,1.0,0.09623,0.09624,0.096235,1.0391769718398614,8394802780,0.09623,0.09624,506,249,1721922.2588700003,1081761.7613600004,1656497.1558200014,1074437.81924,26946.34606,54352.824019999985,167659.08992,125401.99534000001,253947.36850999997,189667.28389999995,392007.7607199999,257110.98736,530883.7146399999,394041.3795000001
2026-10-08T09:35:01.550210+00:00,obs-20261007-01,LIGHT,PEPEUSDT,1.0,4.06e-06,4.07e-06,4.065e-06,24.630541871921707,8828418819,4.06e-06,4.07e-06,190,17,456564.3940753499,172659.4948314,443462.51907572,159617.65006468995,1416.7375196799999,1556.3612855300003,85357.36190996,146166.09800958,260582.85416006,344507.7371943,598565.5839898901,726760.66057746,1006614.87073641,990504.02076284
2026-10-08T09:35:01.550210+00:00,obs-20261007-01,LIGHT,BNBUSDT,1.0,769.76,769.77,769.765,0.12991062149136923,20913334875,769.76,769.77,330,91,2253938.412729999,2248927.40644,2107273.8221,2192000.1629299982,14709.728710000001,2630.896919999999,654909.6454300001,881094.8669699996,1428627.715989999,1548478.7759699994,3284834.5451999973,3415477.8449900015,5923119.799820006,5196912.456070005
2026-10-08T09:35:01.550210+00:00,obs-20261007-01,LIGHT,AAVEUSDT,1.0,172.81,172.82,172.815,0.5786702158427914,10441683918,172.81,172.82,337,28,723622.9805699999,439668.39832,744550.5606800003,429742.77183,1521.9934700000001,2363.2249500000003,99410.40423,66493.93595,187477.34873,114221.15404999995,261472.73260000002,152281.27183999994,797795.6326300002,265649.04409999994
2026-10-08T09:35:01.550210+00:00,obs-20261007-01,LIGHT,AVAXUSDT,1.0,10.855,10.856,10.8555,0.9212344541675854,10523578077,10.855,10.856,420,117,1791821.6420100008,1466135.26891,1808447.64418,1489977.9390100003,29983.38655,42735.29688,164073.1975,122433.20831,364814.36893,260147.03179000004,548797.0184999999,422215.02804999996,618405.1908399998,488826.40590000007
2026-10-08T09:35:01.550210+00:00,obs-20261007-01,LIGHT,FILUSDT,1.0,1.0699,1.07,1.06995,0.9346667912879525,9897378875,1.0699,1.07,403,54,475214.3800260002,367385.54261099995,486261.4557670001,388102.82429000014,1990.0571149999998,6989.708304,77397.606269,49120.333856,151909.792715,93118.21077100003,273794.10629300005,166897.13533400005,374608.26441600017,202756.78665600007
2026-10-08T09:35:01.550210+00:00,obs-20261007-01,LIGHT,ALGOUSDT,1.0,0.1425,0.1426,0.14255,7.017543859650921,5665472647,0.1425,0.1426,564,310,888650.0592,559005.1436000003,860506.4381000003,551898.9483000003,33220.174199999994,32117.632200000015,26275.298499999997,17581.5354,39373.7892,29822.952200000003,128259.4224,62439.2794,174486.25639999995,91708.6636
2026-10-08T09:35:01.550210+00:00,obs-20261007-01,LIGHT,XRPUSDT,1.0,1.4171,1.4172,1.41715,0.7056665020099828,26681578583,1.4171,1.4172,494,76,3909999.641310002,3130254.0293299984,3912320.29226,3031202.9448300013,60064.113990000005,91509.87463,999122.1756899998,658949.4295000003,1403958.7344499999,1241417.3209100005,2416903.057750002,1987579.0253499993,2822404.225900002,2171112.4149400005
2026-10-08T09:35:01.550210+00:00,obs-20261007-01,LIGHT,HBARUSDT,1.0,0.09623,0.09624,0.096235,1.0391769718398614,8394812010,0.09623,0.09624,480,169,1904797.8786900009,1413965.0907699994,1913854.87619,1416145.0419000008,14729.56227,23972.068169999988,176752.21393,133968.85660000003,269315.65659000014,181744.10784999997,375810.2237900002,249841.17270999996,517499.4041100003,386762.3658200001
2026-10-08T09:36:01.570598+00:00,obs-20261007-01,LIGHT,PEPEUSDT,1.0,4.06e-06,4.07e-06,4.065e-06,24.630541871921707,8828419251,4.06e-06,4.07e-06,138,16,279361.22625643003,140504.4121282,329177.51070821,235065.75107002002,0.0,2446.18104181,99888.75466052,143948.22000361,256574.11088642,320986.14144865004,548749.29953811,632199.32163564,859541.50515266,815595.01414258
2026-10-08T09:36:01.570598+00:00,obs-20261007-01,LIGHT,BNBUSDT,1.0,769.79,769.8,769.795,0.12990555865899367,20913339023,769.79,769.8,400,101,1528541.4512300005,1031077.6630100003,1500341.9348200003,1062133.5144200013,9431.092469999996,9413.11144,686879.93687,873183.2365799999,1434942.90773,1534894.1335899995,3313016.5336599997,3384534.7280300003,5932041.275720009,5173293.567120004
2026-10-08T09:36:01.570598+00:00,obs-20261007-01,LIGHT,AAVEUSDT,1.0,172.91,172.92,172.915,0.5783355502853027,10441686318,172.91,172.92,295,25,753115.48485,493429.19477,735213.5979999999,491984.5374,46.999109999999995,2395.1251899999997,109769.00061999999,76850.857,181372.69623000003,112953.60646999996,268951.84310000006,154646.35963,815559.6320100002,266221.87653999997
2026-10-08T09:36:01.570598+00:00,obs-20261007-01,LIGHT,AVAXUSDT,1.0,10.859,10.86,10.8595,0.920895110045894,10523584659,10.859,10.86,435,91,2019460.9550599994,843185.7455699999,2021805.7310199996,833929.4610100002,19772.096360000003,19510.14324,170094.55644999995,126938.6477,370456.4727,269167.4793,533267.30572,431492.15043000004,612101.5887199999,497199.7501200002
2026-10-08T09:36:01.570598+00:00,obs-20261007-01,LIGHT,FILUSDT,1.0,1.0694,1.0696,1.0695000000000001,1.8702075930443485,9897383167,1.0695,1.0696,414,61,710824.5063920002,405320.3718079998,712012.623864,352765.08174700016,1124.385624,2338.739962,84897.16181,82455.56322699999,172427.12709899995,134624.37846099996,276539.13105100003,218617.30323000002,371288.7655860001,258375.529361
2026-10-08T09:36:01.570598+00:00,obs-20261007-01,LIGHT,ALGOUSDT,1.0,0.1429,0.143,0.14295,6.997900629810427,5665497862,0.1429,0.143,593,535,1213968.3363000005,804845.6075000004,1180743.0653999988,789308.1091000001,61360.80100000007,81520.10300000005,17156.1835,19044.8293,30529.236899999996,32239.3393,118160.55069999999,63719.1393,162305.70909999998,135370.8637
2026-10-08T09:36:01.570598+00:00,obs-20261007-01,LIGHT,XRPUSDT,1.0,1.4171,1.4172,1.41715,0.7056665020099828,26681584003,1.4171,1.4172,505,47,2072404.6616700012,1784584.7516899996,2058995.3936600003,1825502.378749998,6357.477610000001,28994.717759999996,1021585.96072,621448.3598100002,1426498.76603,1200993.7856200004,2430312.325760002,1947673.6169499992,2832317.364500001,2130700.72036
2026-10-08T09:36:01.570598+00:00,obs-20261007-01,LIGHT,HBARUSDT,1.0,0.09659,0.0966,0.096595,1.035303861685044,8394822247,0.09659,0.0966,516,507,2159975.692070002,1239104.3897599997,2084202.7606300004,1380251.797960001,67191.6036,153456.82033999992,183139.46023000003,127974.56838,325501.01813000004,166964.82890999995,432732.26693000004,233623.45400999996,570018.0931500001,371582.87467
2026-10-08T09:37:01.571074+00:00,obs-20261007-01,LIGHT,PEPEUSDT,1.0,4.06e-06,4.07e-06,4.065e-06,24.630541871921707,8828419602,4.06e-06,4.07e-06,151,12,123112.02332845997,54203.19150373999,92031.67464760001,58533.713618049995,1201.7880546000001,4162.591958690001,99540.15444926001,139487.68247392,255102.90467381,308778.28119424,579829.64821897,627868.7995213299,883578.7901248999,811264.18777476
2026-10-08T09:37:01.571074+00:00,obs-20261007-01,LIGHT,BNBUSDT,1.0,769.71,769.72,769.715,0.12991906042536527,20913341810,769.71,769.72,336,94,648790.3383300005,1050662.8661,703602.2767200001,1012628.3510400002,4697.74232,28541.933999999994,698946.8453999998,872809.3252099997,1424368.9924199998,1527642.4219899992,3292236.8608099986,3422262.9300900004,5885114.058860006,5210546.707000003
2026-10-08T09:37:01.571074+00:00,obs-20261007-01,LIGHT,AAVEUSDT,1.0,173.03,173.04,173.035,0.577934462231422,10441688112,173.03,173.04,279,31,768685.6306000003,413373.4038000001,749141.0328700005,413275.49610000016,1751.17888,1663.09054,125385.34929000001,73201.98652999998,214160.6909900001,115890.41168999995,281112.10098000005,170331.59329,826519.5343200001,269167.9859199999
2026-10-08T09:37:01.571074+00:00,obs-20261007-01,LIGHT,AVAXUSDT,1.0,10.863,10.864,10.8635,0.9205560158354054,10523589657,10.863,10.864,403,59,1651370.451049999,667542.7313600002,1646823.3404199996,646681.3518800003,20909.103219999997,19619.96567,176652.65872999997,150420.98206000004,367352.8102699999,288055.00743,537274.05915,452969.6341000002,607014.6872899999,518289.96590000024
2026-10-08T09:37:01.571074+00:00,obs-20261007-01,LIGHT,FILUSDT,1.0,1.0729,1.073,1.07295,0.9320533134493658,9897388875,1.0729,1.073,472,108,907158.8703670001,568731.9342310003,882308.1486599998,598592.5495389999,8667.035056000002,9282.693909999998,87209.24452199998,76282.27554500001,178583.06612099998,128203.015321,277501.783647,208954.03540900006,366407.71643900004,245918.44388400004
2026-10-08T09:37:01.571074+00:00,obs-20261007-01,LIGHT,ALGOUSDT,1.0,0.1424,0.1425,0.14245,7.02247191011196,5665518590,0.1424,0.1425,577,335,1107064.4842999997,836425.0206999996,1157947.509700002,746779.6751,54809.7111,43567.2423,18241.2264,43164.764800000004,33542.539699999994,58126.2037,68881.36059999999,112946.57220000001,124848.85059999999,156755.5588
2026-10-08T09:37:01.571074+00:00,obs-20261007-01,LIGHT,XRPUSDT,1.0,1.4175,1.4176,1.4175499999999999,0.7054673721329507,26681587225,1.4175,1.4176,439,40,1436910.2545399999,1000478.6810499999,1504245.567249999,1000712.5074799993,32045.505519999995,46231.695219999994,972917.42181,699492.4774799999,1436403.9165599998,1047736.48101,2362729.3575700014,1947943.8408799989,2757299.421760001,2132345.7851399994
2026-10-08T09:37:01.571074+00:00,obs-20261007-01,LIGHT,HBARUSDT,1.0,0.09664,0.09665,0.09664500000000001,1.0347682119205004,8394833124,0.09664,0.09665,512,381,2269001.47078,1914121.5218499985,2295892.07278,1941597.6896400007,92976.41884,63343.91952000002,172701.79770999996,131096.84514999998,257841.71361999997,172731.84408999994,395637.51131999993,207184.11628,524698.9687199999,344840.72716
2026-10-08T09:38:01.578368+00:00,obs-20261007-01,LIGHT,PEPEUSDT,1.0,4.06e-06,4.07e-06,4.065e-06,24.630541871921707,8828420034,4.06e-06,4.07e-06,124,16,20414.408653889997,375293.68223085,6873.504200199999,281585.44482551,24.306505440000002,1459.0181584,110411.36332450001,113508.70303982,265929.5827906,322251.33126614,593370.55267266,721577.03692667,894873.7571512,1015113.19510014
2026-10-08T09:38:01.578368+00:00,obs-20261007-01,LIGHT,BNBUSDT,1.0,769.99,770.0,769.995,0.1298718165165802,20913344472,769.99,770.0,381,105,1087300.88341,886688.2871000003,1041347.5393599999,990604.63389,5743.9398,22198.075850000005,701541.7148800002,838154.5968399999,1416114.104029999,1472718.4423399994,3290708.2685899967,3514930.673750001,5923619.658960003,5110263.249780003
2026-10-08T09:38:01.578368+00:00,obs-20261007-01,LIGHT,AAVEUSDT,1.0,173.01,173.02,173.015,0.5780012716050109,10441689666,173.01,173.02,252,29,608859.6458800002,377274.52593999985,613053.8855699996,361393.67827000003,121.49445,8146.089030000001,124512.24669000001,93654.3569,214214.17298000006,129878.72714999996,278133.70664,183738.15571000002,809562.64824,284680.18149999995
2026-10-08T09:38:01.578368+00:00,obs-20261007-01,LIGHT,AVAXUSDT,1.0,10.868,10.869,10.868500000000001,0.9201324990804061,10523593246,10.868,10.869,366,33,1229695.1832599998,649569.25533,1233227.2459500004,650617.6072299997,480.52063,2978.48812,187469.27584999998,161938.29442,381731.74597999995,288891.57861,531588.6200299999,451921.2822000003,599661.5349599997,520492.72155000037
2026-10-08T09:38:01.578368+00:00,obs-20261007-01,LIGHT,FILUSDT,1.0,1.0712,1.0713,1.07125,0.9335324869308437,9897393320,1.0712,1.0713,462,67,747290.6436510002,500271.66359200014,783123.968111,457129.653116,4280.320286000001,4746.377726000001,88033.86324300001,83785.108414,183525.051083,152809.35305099998,254784.70937499998,232528.86711900003,353950.37909299997,287978.57716600015
2026-10-08T09:38:01.578368+00:00,obs-20261007-01,LIGHT,ALGOUSDT,1.0,0.1424,0.1425,0.14245,7.02247191011196,5665535838,0.1424,0.1425,539,427,987696.4179000001,656864.6111000001,914945.5048999995,636408.1708000004,53560.21530000002,59759.19729999999,32647.9813,36674.5119,79725.5754,73232.7607,124389.7947,102920.72769999999,181962.98649999997,144213.92729999998
2026-10-08T09:38:01.578368+00:00,obs-20261007-01,LIGHT,XRPUSDT,1.0,1.4175,1.4176,1.4175499999999999,0.7054673721329507,26681589660,1.4175,1.4176,336,44,850972.01132,851469.7549599998,836699.1391599999,866179.0606399998,15595.1212,39936.585060000005,984883.7339,655439.6649600001,1448348.5177200001,1034200.1660000004,2377002.229730002,1933234.5351999993,2768897.2405100022,2118142.9071199996
2026-10-08T09:38:01.578368+00:00,obs-20261007-01,LIGHT,HBARUSDT,1.0,0.09654,0.09655,0.09654499999999999,1.035840066292426,8394850742,0.09654,0.09655,550,934,3028361.5415600007,2385066.5900999974,3035158.648010001,2362932.9428999987,81271.09633999996,142051.21369999996,126314.46736,97977.78086,242251.31651999996,146121.61818999995,354990.8249800001,228007.29611000002,482966.6512700001,360348.9290800001
2026-10-08T09:39:01.579831+00:00,obs-20261007-01,LIGHT,PEPEUSDT,1.0,4.06e-06,4.07e-06,4.065e-06,24.630541871921707,8828420370,4.06e-06,4.07e-06,181,18,347414.3849383799,114350.37282964,348695.52224374993,110128.66242149001,3532.93535938,9789.80995377,113146.11437262001,125097.36104822,267783.60719427,326471.4060383,592089.41536729,725798.74733482,893674.4490022102,1018992.535271
2026-10-08T09:39:01.579831+00:00,obs-20261007-01,LIGHT,BNBUSDT,1.0,769.79,769.8,769.795,0.12990555865899367,20913348032,769.79,769.8,383,94,1524633.4668299998,1419211.8837999997,1585203.3960800003,1287654.2012499997,10564.108240000007,8797.364949999997,612211.2575199996,960308.4266399998,1395079.818239999,1600820.6806499993,3251055.9136899975,3450210.57885,5943920.137890005,5234240.414340003
2026-10-08T09:39:01.579831+00:00,obs-20261007-01,LIGHT,AAVEUSDT,1.0,173.04,173.05,173.04500000000002,0.5779010633388815,10441691374,173.04,173.05,251,15,445497.4685800002,290459.51071999996,441209.5796600001,292832.79222,921.66313,1500.4932700000002,128514.03295000002,104034.95312999998,217298.96180000005,137135.52673999997,281205.75020999997,183839.15946000005,813842.5669000001,284611.5799
2026-10-08T09:39:01.579831+00:00,obs-20261007-01,LIGHT,AVAXUSDT,1.0,10.858,10.859,10.8585,0.9209799226361781,10523597310,10.858,10.859,356,37,1489602.83365,669034.2712900001,1489926.7850200008,636245.04833,4441.30147,2383.5002600000003,161814.03133000006,160666.83783,390370.63596000004,312599.18834999995,546460.2813699999,484174.27501000016,620932.4179,550204.2091300004
2026-10-08T09:39:01.579831+00:00,obs-20261007-01,LIGHT,FILUSDT,1.0,1.0722,1.0723,1.07225,0.9326618168259415,9897398119,1.0722,1.0723,417,99,652140.6898869994,403006.68613,622383.4227820006,427678.4953659999,4713.0456030000005,10919.122701,106932.578166,89109.972214,187029.67434900007,139683.885436,278996.31950900005,227815.8938690001,369922.90202500013,263378.0111200001
2026-10-08T09:39:01.579831+00:00,obs-20261007-01,LIGHT,ALGOUSDT,1.0,0.1415,0.1416,0.14155,7.067137809189106,5665552159,0.1415,0.1416,546,315,1053278.3163000008,750958.3265000001,1135396.2618000011,713261.0672000003,74359.8564,49042.41169999998,25697.379,16071.4039,54070.1769,29202.932699999998,81630.0717,101041.258,138406.6538,134995.28859999997
2026-10-08T09:39:01.579831+00:00,obs-20261007-01,LIGHT,XRPUSDT,1.0,1.417,1.4171,1.4170500000000001,0.70571630204741,26681593943,1.417,1.4171,387,63,1901034.5906299995,1646660.8950600005,2142210.9439900005,1315358.3918100002,141033.65699,28640.7833,759595.8219099998,844132.6078000001,1409259.7155999995,1355247.3847700001,2136073.53185,2264475.3659,2613894.39722,2447204.7881900016
2026-10-08T09:39:01.579831+00:00,obs-20261007-01,LIGHT,HBARUSDT,1.0,0.0964,0.09641,0.09640499999999999,1.0373443983402453,8394860732,0.09639,0.0964,529,290,1568085.4363700002,1681104.3096400003,1594739.3826800003,1307583.0354199999,25048.48491,31093.13207000001,122586.43678000002,123992.5692,187026.45838999993,187758.55219,288042.14362999995,267017.53516999993,421076.45362000004,396855.33376
2026-10-08T09:40:01.579983+00:00,obs-20261007-01,LIGHT,PEPEUSDT,1.0,4.06e-06,4.07e-06,4.065e-06,24.630541871921707,8828420886,4.06e-06,4.07e-06,170,14,161048.50572934994,371462.85467835976,165305.73493842996,378940.66705514985,241.71966378000002,923.89,106694.11234902,124429.47718212,263526.28910607,318993.51050772,587832.18615821,718320.93495803,889337.3596887501,1011514.72289421
2026-10-08T09:40:01.579983+00:00,obs-20261007-01,LIGHT,BNBUSDT,1.0,769.71,769.72,769.715,0.12991906042536527,20913350283,769.71,769.72,344,55,844342.2880300002,664609.5986499996,834854.9658700004,700136.4414200005,1313.1713000000004,6193.728110000002,705596.7051999996,867806.57193,1424204.8444899996,1523854.3627199992,3363760.3774499977,3414377.42308,5953075.248000006,5196977.240250003
2026-10-08T09:40:01.579983+00:00,obs-20261007-01,LIGHT,AAVEUSDT,1.0,172.98,172.99,172.985,0.5781015146277824,10441693070,172.98,172.99,248,29,526750.9958800001,341316.2885900003,544394.3000500001,344320.86341999995,30102.92824,457.6261199999999,93328.77358,90802.46566999999,181245.88796,121705.36758999992,261482.36883999992,178087.71927000003,798119.54297,281285.53254999995
2026-10-08T09:40:01.579983+00:00,obs-20261007-01,LIGHT,AVAXUSDT,1.0,10.856,10.857,10.8565,0.921149594692583,10523601756,10.856,10.857,356,50,1795516.9601999982,871055.7938499997,1795747.6883800002,893199.8268499998,6653.072539999999,10547.52596,188366.97847000003,124692.76941999998,361776.35977999994,273355.44841000007,546438.9249299997,462017.52145000023,623184.9651699996,528958.6283800004
2026-10-08T09:40:01.579983+00:00,obs-20261007-01,LIGHT,FILUSDT,1.0,1.0721,1.0722,1.0721500000000002,0.9327488107446769,9897401575,1.0721,1.0722,398,44,502516.089292,337516.0100159999,506427.27723799995,334341.1109919999,3984.180196000001,1799.6474459999997,90443.30226199997,88266.607182,171336.32569700005,146460.45351699996,276596.972938,227863.84334000005,366191.243023,270633.48001400015
2026-10-08T09:40:01.579983+00:00,obs-20261007-01,LIGHT,ALGOUSDT,1.0,0.1403,0.1404,0.14035,7.1275837491091565,5665577186,0.1403,0.1404,578,405,1499061.3241999978,976804.3292999993,1555520.5227999974,887409.9445000007,117338.97619999998,56713.55360000002,17544.549899999998,18918.9499,42197.0343,34698.986899999996,82330.946,67937.4814,142958.2752,112398.98030000001
2026-10-08T09:40:01.579983+00:00,obs-20261007-01,LIGHT,XRPUSDT,1.0,1.4175,1.4176,1.4175499999999999,0.7054673721329507,26681598085,1.4175,1.4176,391,80,1994632.0035799998,1674600.9177600006,1840730.37457,1930907.94108,34068.957689999996,153546.48439000003,880251.4889600001,703500.2112,1357786.6170300003,1105220.2555700003,2289727.5053800023,2010255.018369999,2758623.7943200017,2193227.4327599998
2026-10-08T09:40:01.579983+00:00,obs-20261007-01,LIGHT,HBARUSDT,1.0,0.09617,0.09618,0.09617500000000001,1.039825309347986,8394867653,0.09617,0.09618,424,207,1200611.46831,1301518.1715599997,1148851.30578,1214383.2288599997,13834.39073,35028.079440000016,127842.86189999999,94126.79964,205761.43515,163352.76177,317561.49635,259661.23509,442737.0851100001,391005.4962400002
2026-10-08T09:41:01.583942+00:00,obs-20261007-01,LIGHT,PEPEUSDT,1.0,4.06e-06,4.07e-06,4.065e-06,24.630541871921707,8828421326,4.06e-06,4.07e-06,191,15,269064.80456421,439493.50289435015,266849.98739625,434880.42683382006,208.90092174,3045.28249399,80649.47003722,132466.6282984,262771.15455547,321276.10777072003,590047.00332617,722934.01101856,964445.0113348,1016051.4850547301
2026-10-08T09:41:01.583942+00:00,obs-20261007-01,LIGHT,BNBUSDT,1.0,769.66,769.67,769.665,0.12992750045404122,20913352438,769.66,769.67,304,57,812446.4339099999,777013.6273699994,788916.70738,769280.1623100003,3814.539939999999,1816.4896699999993,692361.7860199997,882856.0955899997,1452549.8470699994,1528312.7854399993,3608839.8509599986,3421261.9607600006,5980483.791230011,5208643.834430003
2026-10-08T09:41:01.583942+00:00,obs-20261007-01,LIGHT,AAVEUSDT,1.0,172.91,172.92,172.915,0.5783355502853027,10441694638,172.91,172.92,239,16,448700.59389,462969.8608600001,448436.5111700002,454549.97668,111.20918000000002,1327.5134699999999,116413.51735000001,103471.92985999997,206959.83576000002,137517.19072999994,265977.30376,173256.47572000002,797088.648,289574.35059999995
2026-10-08T09:41:01.583942+00:00,obs-20261007-01,LIGHT,AVAXUSDT,1.0,10.848,10.849,10.848500000000001,0.9218289085533016,10523606470,10.848,10.849,372,56,1644513.2540500008,992346.1749499998,1666518.65986,970142.2126200004,6305.1798100000005,3006.265,167077.16182,132248.83701000002,354543.87135,275741.1556,533578.7171499999,484132.25704999996,604638.38273,551069.8470300002
2026-10-08T09:41:01.583942+00:00,obs-20261007-01,LIGHT,FILUSDT,1.0,1.0715,1.0718,1.07165,2.7998133457796115,9897403818,1.0715,1.0718,307,36,276531.111998,223001.25124700007,287194.3251399999,212249.30442699994,3660.670663,428.772596,88950.827185,87854.274683,198320.65384,144937.90624700004,269679.217897,238461.25275900005,360957.252065,281462.04140600015
2026-10-08T09:41:01.583942+00:00,obs-20261007-01,LIGHT,ALGOUSDT,1.0,0.1386,0.1388,0.1387,14.430014430015792,5665601077,0.1386,0.1388,571,376,1365812.5786999986,987106.5284,1433120.0952,834206.6494999998,76194.80290000001,49181.03259999998,13681.435899999999,18502.696,25736.812700000002,32137.106,71498.76379999999,92292.2005,117550.5701,116453.23100000003
2026-10-08T09:41:01.583942+00:00,obs-20261007-01,LIGHT,XRPUSDT,1.0,1.4169,1.417,1.41695,0.7057661091103284,26681601038,1.4169,1.417,343,40,1018935.29596,1233523.6760400005,1173178.3404499998,921684.7379300002,57776.62124,31202.087,760778.8334799999,900325.5897900001,1408935.9596299995,1290300.8582399997,2135764.8016100004,2321424.7411700008,2613771.6212700005,2503910.609880002
2026-10-08T09:41:01.583942+00:00,obs-20261007-01,LIGHT,HBARUSDT,1.0,0.09612,0.09613,0.09612499999999999,1.040366208904242,8394871777,0.09612,0.09613,401,142,764954.1341000004,557385.9559699999,763998.8482899998,547949.69981,6522.584119999997,19121.686419999998,155578.33151,102407.80600999999,225220.43217999997,164476.62999000002,320068.78849999985,268415.07577999996,443981.79230000003,404322.86033000005
2026-10-08T09:42:01.588079+00:00,obs-20261007-01,LIGHT,PEPEUSDT,1.0,4.06e-06,4.07e-06,4.065e-06,24.630541871921707,8828421707,4.06e-06,4.07e-06,168,15,184204.13015288993,377239.20905438,174457.70545582,379155.60079915007,6.827040220000001,1831.25070029,99238.8615001,128850.10233007,272765.6220175,319396.25665855,599793.4280232401,721017.61927379,968435.5837645599,1015828.71317498
2026-10-08T09:42:01.588079+00:00,obs-20261007-01,LIGHT,BNBUSDT,1.0,769.94,769.95,769.945,0.12988025040794327,20913355465,769.94,769.95,313,149,712004.5353500004,763002.8512499996,723696.4083199997,831415.2189300001,2312.0501299999996,30464.180569999997,611786.81215,865144.1700700001,1400691.6071199994,1504611.7416999994,3251531.358309998,3550130.9340500017,5963752.669320009,5142476.931540005
2026-10-08T09:42:01.588079+00:00,obs-20261007-01,LIGHT,AAVEUSDT,1.0,172.96,172.97,172.965,0.5781683626260303,10441696006,172.96,172.97,193,16,369924.40957,378205.31408999994,369643.7508799999,378889.75917,26.63395,2809.48647,93784.74662,86542.33794,200070.98412000004,131736.76144999996,262035.15899999996,185823.15837000005,795911.8258,286541.21706999996
2026-10-08T09:42:01.588079+00:00,obs-20261007-01,LIGHT,AVAXUSDT,1.0,10.86,10.861,10.8605,0.9208103130764478,10523610246,10.86,10.861,327,37,1275930.7962699994,870383.4559099997,1248925.5847000007,898125.4376100003,3073.75884,7885.225520000001,180210.46688999998,129306.26946999998,353419.33423999994,264372.35011999996,537312.7710699998,456663.88577000017,624874.2398799999,523667.5421800003
2026-10-08T09:42:01.588079+00:00,obs-20261007-01,LIGHT,FILUSDT,1.0,1.0728,1.0729,1.0728499999999999,0.9321401938855445,9897405948,1.0727,1.0728,287,30,293357.86882300006,176521.77399099988,276279.36833,214302.8358169999,777.3828279999999,3236.6409970000004,105225.458972,73095.59406300001,187985.81242400003,122418.17054800001,281311.290687,204480.945211,371618.42647899996,244085.27582100005
2026-10-08T09:42:01.588079+00:00,obs-20261007-01,LIGHT,ALGOUSDT,1.0,0.1387,0.1388,0.13874999999999998,7.209805335257613,5665619276,0.1387,0.1388,572,240,994982.4146000008,853722.2430999995,982039.4524000009,785700.1919000004,44197.05349999999,35966.370899999994,17045.504,40888.9225,34033.9285,60421.685300000005,81684.7367,103326.4107,134810.79910000003,124239.2436
2026-10-08T09:42:01.588079+00:00,obs-20261007-01,LIGHT,XRPUSDT,1.0,1.4173,1.4174,1.4173499999999999,0.7055669230227046,26681603925,1.4173,1.4174,366,55,1401028.0644199997,804393.2592799993,1259999.915219999,891819.6752200003,24815.365859999998,40655.8747,868938.4612499999,894559.78898,1524710.0407900002,1328221.1276199992,2276650.5504600024,2234926.32727,2745996.073430002,2417765.245060001
2026-10-08T09:42:01.588079+00:00,obs-20261007-01,LIGHT,HBARUSDT,1.0,0.09643,0.09644,0.09643499999999999,1.0370216737531912,8394880415,0.09643,0.09644,444,373,1996713.0913999986,1350532.4648900004,1890655.1119300004,1520531.8322500004,18858.421449999983,65747.08726999996,157195.09944,109360.12945000001,290068.59825,152326.08349999995,408081.6475300001,221291.42713,552579.8594900002,703696.3824100003
2026-10-08T09:43:01.595134+00:00,obs-20261007-01,LIGHT,PEPEUSDT,1.0,4.06e-06,4.07e-06,4.065e-06,24.630541871921707,8828422035,4.06e-06,4.07e-06,95,13,37071.116936089995,200580.01786775998,39464.09371944001,217357.79764044998,20.1066019,1583.10898262,99260.0613382,106601.0471229,266438.08952005,302618.47688586,597400.4512398901,704239.8395011,973294.7186774701,1013338.29502551
2026-10-08T09:43:01.595134+00:00,obs-20261007-01,LIGHT,BNBUSDT,1.0,769.93,769.94,769.935,0.1298819373207749,20913357576,769.93,769.94,329,61,960513.3133399998,484813.1596800001,1521519.5306800003,480362.6416699998,5631.1262000000015,2536.1390399999996,542859.7091699999,869750.9512400002,1198157.4618999995,1509042.9149599995,2690557.155049999,3554544.902980002,5413129.440260005,5148859.5248700045
2026-10-08T09:43:01.595134+00:00,obs-20261007-01,LIGHT,AAVEUSDT,1.0,172.96,172.97,172.965,0.5781683626260303,10441698365,172.96,172.97,247,36,611317.5056700002,310912.41819999984,612746.1087200003,307429.30533000024,638.0524300000001,5244.146519999998,75676.72614,95926.37753999997,122240.90531000003,135219.94812999992,260606.5559499999,189306.27123999997,822917.5639699998,290024.3299399999
2026-10-08T09:43:01.595134+00:00,obs-20261007-01,LIGHT,AVAXUSDT,1.0,10.867,10.868,10.8675,0.9202171712519025,10523614092,10.867,10.868,316,33,1339636.0207299993,666463.8906799996,1319514.6356999993,658634.2316299998,2106.7236199999998,24299.57363,170003.90552000003,146713.18373,315158.4438700001,273611.46621000004,530637.0597500001,464858.11184000026,666458.9157300001,533440.5800000005
2026-10-08T09:43:01.595134+00:00,obs-20261007-01,LIGHT,FILUSDT,1.0,1.0761,1.0763,1.0762,1.8585633305456817,9897412644,1.0761,1.0763,475,165,776221.5101790002,557393.3192469997,780812.7441899995,601363.7881530001,16817.415899999996,13656.133112,69513.70843000001,63896.384509999996,125721.494191,129343.349921,253186.74771500012,194047.18090000012,374464.9233650001,228776.84475000013
2026-10-08T09:43:01.595134+00:00,obs-20261007-01,LIGHT,ALGOUSDT,1.0,0.1394,0.1395,0.13945000000000002,7.173601147776321,5665637645,0.1394,0.1395,567,350,906958.5531000015,791630.7967999995,863097.5556999998,808303.3112999995,54003.123000000014,77352.86089999999,16188.2199,15170.4724,35351.282300000006,35989.0584,80959.9814,78998.4465,132946.9296,98260.77130000001
2026-10-08T09:43:01.595134+00:00,obs-20261007-01,LIGHT,XRPUSDT,1.0,1.4178,1.4179,1.41785,0.7053180984617491,26681606578,1.4178,1.4179,351,43,1041510.8842400004,1016224.5909500001,953389.3195900006,1102610.501099999,5973.198539999999,37894.20285,904289.4750700002,862598.27606,1284961.8197900003,1244328.8989800003,2363739.1874600025,2150365.610080002,2853112.1312200017,2333399.549420003
2026-10-08T09:43:01.595134+00:00,obs-20261007-01,LIGHT,HBARUSDT,1.0,0.09633,0.09634,0.096335,1.0380982040891773,8394885087,0.09633,0.09634,389,233,1209026.5385500002,1719811.433449999,1115850.7649299998,1348849.1273300007,12754.511729999998,16383.756749999999,159396.12209,99748.26418000001,301790.3748,174749.13587,487578.33255,368815.4076799999,877210.5078899997,731659.1885400001
2026-10-08T09:44:01.597641+00:00,obs-20261007-01,LIGHT,PEPEUSDT,1.0,4.06e-06,4.07e-06,4.065e-06,24.630541871921707,8828422370,4.06e-06,4.07e-06,140,12,136161.91980502,282037.8507739101,137661.60968949003,267671.22801097,0.0,1423.7294920200002,81170.8672061,143570.97705566,263607.47652485,317631.21498134,595900.7613554201,718606.4622640399,899466.46866768,1013410.5172515699
2026-10-08T09:44:01.597641+00:00,obs-20261007-01,LIGHT,BNBUSDT,1.0,769.42,769.43,769.425,0.1299680278643578,20913361998,769.42,769.43,382,74,3120638.3413199987,2803200.2186200004,2708940.9314800017,2758805.2536899988,9988.909499999996,14291.858849999999,702932.8273,877381.0168099996,1455345.05523,1552080.7069299996,3462937.268399999,3392218.755919999,5972154.547790009,5049655.455460004
2026-10-08T09:44:01.597641+00:00,obs-20261007-01,LIGHT,AAVEUSDT,1.0,172.73,172.74,172.735,0.5789382272913812,10441700237,172.73,172.74,249,21,512424.7795199999,171272.31346999996,603842.3096700002,193976.94564999995,626.72081,319.83833000000004,65810.79587999999,66210.8831,109341.46384000001,109918.09680999999,185329.58306999996,145831.41120999996,713321.7972000001,263113.90630999993
2026-10-08T09:44:01.597641+00:00,obs-20261007-01,LIGHT,AVAXUSDT,1.0,10.865,10.866,10.8655,0.9203865623552687,10523620820,10.865,10.866,392,105,2123431.7454999997,1041012.2417000002,2188944.9169099987,1041885.0199600006,33456.65119,27099.00687,147914.18396999998,133163.82114000004,292850.55181999994,316706.56176,488986.20145999995,463227.7746200002,601861.04326,532489.8062300005
2026-10-08T09:44:01.597641+00:00,obs-20261007-01,LIGHT,FILUSDT,1.0,1.0762,1.0764,1.0763,1.8583906337110712,9897416203,1.0762,1.0764,409,44,564187.5249360001,355925.71955500013,552751.8572740002,357985.0197560001,10477.214645,1388.008952,52544.76807400001,61198.02480100001,153730.381746,132348.48292799995,269292.04395200004,191987.880699,361912.394158,226756.7769
2026-10-08T09:44:01.597641+00:00,obs-20261007-01,LIGHT,ALGOUSDT,1.0,0.1376,0.1377,0.13765,7.267441860463464,5665654566,0.1376,0.1377,551,180,924348.6753000002,758683.0807000006,999317.0431,666568.9640000003,26848.0612,32584.0728,9389.5474,16165.426099999999,34603.0936,37911.972499999996,63923.8134,81030.6483,104178.432,100257.21570000002
2026-10-08T09:44:01.597641+00:00,obs-20261007-01,LIGHT,XRPUSDT,1.0,1.4167,1.4168,1.41675,0.7058657443348437,26681610964,1.4167,1.4168,384,72,2072179.7768599987,1981900.770190001,2354295.8564999993,1777378.4715000007,112418.23298000002,179472.80581999998,776258.0435,947203.0173499999,1353145.7688100003,1327316.7767499993,2082834.4842500011,2352529.51793,2573312.4478200004,2547245.7259300016
2026-10-08T09:44:01.597641+00:00,obs-20261007-01,LIGHT,HBARUSDT,1.0,0.09629,0.0963,0.09629499999999999,1.0385294423098657,8394891418,0.09629,0.0963,428,276,1694031.5408,2102415.4185199994,1730162.219480001,2104095.6238399986,21023.903739999994,12128.929520000002,147493.82855000003,90589.62425,296582.65101000003,203982.38206000003,453325.10759,365814.7736100001,822714.6079299998,729381.1371000003
2026-10-08T09:45:01.602801+00:00,obs-20261007-01,LIGHT,PEPEUSDT,1.0,4.06e-06,4.07e-06,4.065e-06,24.630541871921707,8828422842,4.06e-06,4.07e-06,174,18,198471.34817048,252553.39446622005,192069.39089046998,254952.69058272,3894.2991185,1138.63632982,103097.29793622,119110.07043804,269306.73828762,314627.90378484,602302.7186354301,716207.16614754,899588.08991957,1011011.22113279
2026-10-08T09:45:01.602801+00:00,obs-20261007-01,LIGHT,BNBUSDT,1.0,769.43,769.44,769.435,0.12996633871997787,20913366331,769.43,769.44,373,85,1474987.7312699982,1992465.1650700008,1455416.1813299998,2006567.2503099993,28643.66724,7392.6023300000015,606048.40775,884955.0534399996,1470758.7413599996,1537092.1583100003,3291777.5383799984,3384619.610840001,5988430.373110008,5116157.876520006
2026-10-08T09:45:01.602801+00:00,obs-20261007-01,LIGHT,AAVEUSDT,1.0,172.74,172.75,172.745,0.578904712282835,10441701740,172.74,172.75,235,16,624784.7750599998,157342.48648999998,539275.58801,124314.84994000001,279.95682,1258.55778,96679.23157000003,89055.28098999998,176654.64862000002,140065.58307999995,269632.2945699999,178905.45677999995,801170.28215,294772.45342999994
2026-10-08T09:45:01.602801+00:00,obs-20261007-01,LIGHT,AVAXUSDT,1.0,10.88,10.881,10.880500000000001,0.9191176470579876,10523625846,10.88,10.881,365,58,1916367.8028200008,830391.7605999997,1768349.744380001,879802.1713900001,2106.60298,13605.214680000003,230130.89284,146705.04635,450103.45949000004,289187.39839999995,633573.0433499997,466798.3860900001,702810.1889499999,484949.66838
2026-10-08T09:45:01.602801+00:00,obs-20261007-01,LIGHT,FILUSDT,1.0,1.0766,1.0767,1.0766499999999999,0.9288500835968883,9897418858,1.0766,1.0767,329,47,537495.2322980001,217274.53676000005,515463.0227699999,217689.00596600006,1797.0239390000002,1516.940213,74361.86401700001,76724.47842800002,160589.70415999996,136621.39549000002,290880.159367,191787.94274800006,379790.0915029999,230549.39461300007
2026-10-08T09:45:01.602801+00:00,obs-20261007-01,LIGHT,ALGOUSDT,1.0,0.1377,0.1378,0.13774999999999998,7.262164124910431,5665669066,0.1377,0.1378,533,221,868172.2646000012,610292.9412999994,862638.4342000004,579800.2597000006,25571.816400000003,30878.80879999999,11155.464200000002,20096.2647,33881.94410000001,37014.116200000004,73692.513,84550.64270000001,126868.28520000001,114998.73180000002
2026-10-08T09:45:01.602801+00:00,obs-20261007-01,LIGHT,XRPUSDT,1.0,1.4171,1.4172,1.41715,0.7056665020099828,26681614705,1.4171,1.4172,369,45,2384105.7798,1277825.3172399993,2137816.93887,1495095.4636399997,15316.859840000001,43770.67848,980404.9391099999,799185.9101500002,1308780.54735,1409991.6009800003,2329054.5915100016,2138549.1901000002,2813626.7386200004,2332135.013400001
2026-10-08T09:45:01.602801+00:00,obs-20261007-01,LIGHT,HBARUSDT,1.0,0.09608,0.09609,0.096085,1.0407993338890087,8394896193,0.09608,0.09609,389,176,1337820.4385700002,2118716.8699200014,1364700.9031799997,1837502.4168999998,15737.191859999999,101186.90858000003,182348.14991000004,129160.47929,292738.21009999997,238422.92009,451572.00974999985,415686.64687000006,795228.4927299998,782061.7538600002
2026-10-08T09:46:01.602895+00:00,obs-20261007-01,LIGHT,PEPEUSDT,1.0,4.07e-06,4.08e-06,4.075e-06,24.57002457002533,8828423634,4.07e-06,4.08e-06,173,18,186943.14250849,393169.70477696,84229.05434101999,491101.86068638996,9.62747394,11843.49919841,46122.36114255,190411.08525936,216890.04303407,420294.39264152,540562.7339313701,728501.0393279099,910608.03728493,990791.87059104
2026-10-08T09:46:01.602895+00:00,obs-20261007-01,LIGHT,BNBUSDT,1.0,769.94,769.95,769.945,0.12988025040794327,20913371963,769.94,769.95,390,111,3730898.9405599996,2915044.8834800003,3711935.425769999,2967163.6466499995,1735.8374399999998,34436.14956999999,682533.5984900001,835321.1929599999,1430688.02987,1491206.0642199998,3136553.489739999,3532905.5875100032,6000392.152040008,5127073.418450006
2026-10-08T09:46:01.602895+00:00,obs-20261007-01,LIGHT,AAVEUSDT,1.0,172.93,172.94,172.935,0.5782686636202072,10441704911,172.93,172.94,328,49,994328.2309299998,484032.5929800001,978902.5879800001,504249.6678400003,7403.09404,3793.826130000001,111374.12507,83659.72020000001,180311.90037000005,114989.12563,267652.0413700001,172023.45602,809863.1791300001,274398.42526999995
2026-10-08T09:46:01.602895+00:00,obs-20261007-01,LIGHT,AVAXUSDT,1.0,10.899,10.9,10.8995,0.9175153683838033,10523632413,10.899,10.9,410,86,2023830.6717700004,1091959.0843500004,2040466.4495999997,1098693.22758,15617.460079999999,11606.782009999995,200185.28439000004,193036.16417999996,381800.9681800001,295724.98973999993,613273.8498000001,470067.66318,675783.79471,481129.56652
2026-10-08T09:46:01.602895+00:00,obs-20261007-01,LIGHT,FILUSDT,1.0,1.0774,1.0775,1.0774499999999998,0.9281603861155396,9897423114,1.0774,1.0775,419,72,619154.5392800003,403069.021023,612138.3423099996,399491.37052699976,5424.017432,2883.8555800000004,95875.00722500001,92310.32022000002,160587.45225700003,143917.09543000002,290774.138144,199421.12578400003,371456.42338100006,239966.087476
2026-10-08T09:46:01.602895+00:00,obs-20261007-01,LIGHT,ALGOUSDT,1.0,0.1378,0.1379,0.13785,7.256894049345597,5665680333,0.1377,0.1378,524,101,692962.3204999998,442027.97709999996,692587.8764000001,438031.4111,13897.086599999999,19088.7422,16859.7232,12879.8962,40139.6022,39164.131,79634.3412,79377.97989999999,125245.8077,106271.1048
2026-10-08T09:46:01.602895+00:00,obs-20261007-01,LIGHT,XRPUSDT,1.0,1.418,1.4181,1.41805,0.705218617771397,26681620519,1.418,1.4181,421,79,3153528.910089998,2781384.0900099995,2994394.3454299998,2849369.826279999,135980.27946000002,85252.99564,1027986.6125,797560.3513099997,1425565.6448499998,1194170.7858299997,2482985.2121500014,2075344.1078799986,2956191.894590001,2269920.83274
2026-10-08T09:46:01.602895+00:00,obs-20261007-01,LIGHT,HBARUSDT,1.0,0.0959,0.09591,0.09590499999999999,1.0427528675704956,8394901726,0.0959,0.09591,346,155,1453703.0630400004,867281.1337400001,1455899.6787899996,782528.0046499998,35429.67614999999,13268.01505,162057.60518999994,99445.28571000001,259384.16487999994,182574.75128,450401.03477,373814.53356999997,812495.7631600001,746402.3123200001
2026-10-08T09:47:01.616613+00:00,obs-20261007-01,LIGHT,PEPEUSDT,1.0,4.07e-06,4.08e-06,4.075e-06,24.57002457002533,8828424695,4.07e-06,4.08e-06,248,27,447556.95902317006,569228.5061252498,421894.07154372026,558166.8616019493,1933.4074194599998,8488.185125439999,110975.82429065,136588.81315056,267569.86119639,332753.51978513994,537022.68720908,734741.1197032799,869960.02012723,998075.3961320799
2026-10-08T09:47:01.616613+00:00,obs-20261007-01,LIGHT,BNBUSDT,1.0,770.01,770.02,770.015,0.12986844326601243,20913376466,770.01,770.02,339,90,2068566.0320299997,1699657.3069399998,2087539.9027099994,1902120.7561800007,4288.40526,23931.255189999993,703873.91714,681182.97914,1409954.2112699992,1484066.6183300007,3117232.7728199987,3330830.195460004,5984620.789000008,5118659.518220006
2026-10-08T09:47:01.616613+00:00,obs-20261007-01,LIGHT,AAVEUSDT,1.0,172.97,172.98,172.975,0.5781349366928978,10441707194,172.97,172.98,281,34,698672.2943000005,425699.6250300001,691614.3696600002,416771.92022000015,2145.38872,1842.56738,121226.30460000002,90560.81551999999,180956.29691000003,129273.19005999998,273190.13396000006,180968.54571999997,817219.7436700001,283457.0213899999
2026-10-08T09:47:01.616613+00:00,obs-20261007-01,LIGHT,AVAXUSDT,1.0,10.899,10.9,10.8995,0.9175153683838033,10523639538,10.899,10.9,431,87,2423819.718600001,1000754.7266499997,2473289.410589999,1005967.1391100002,9865.937290000002,33368.963249999986,167777.92704000004,141983.78265,380585.46397,284333.49675999995,561612.5254899999,464855.25072,629512.3152699999,477063.70368000004
2026-10-08T09:47:01.616613+00:00,obs-20261007-01,LIGHT,FILUSDT,1.0,1.0783,1.0784,1.07835,0.9273856997116248,9897426940,1.0783,1.0784,410,94,474503.447488,416767.82470000023,466571.13237999973,421947.2273480001,4282.814681,28731.044180000008,75052.280251,92784.22052299998,155119.252593,143158.057472,293102.7344880001,205725.517619,379091.75873199984,235222.63214399997
2026-10-08T09:47:01.616613+00:00,obs-20261007-01,LIGHT,ALGOUSDT,1.0,0.1377,0.1378,0.13774999999999998,7.262164124910431,5665695650,0.1377,0.1378,537,140,890758.8375,598434.0071999995,865805.8973999989,576209.0337000001,31478.639199999998,17467.656700000007,16689.6146,14271.723399999999,42616.7604,38463.902899999994,89156.08979999999,71032.9058,130944.7033,96448.4192
2026-10-08T09:47:01.616613+00:00,obs-20261007-01,LIGHT,XRPUSDT,1.0,1.4173,1.4174,1.4173499999999999,0.7055669230227046,26681625072,1.4173,1.4174,424,57,2092112.9902799986,1596152.22843,2337527.284540001,1456631.48692,76219.70201999997,20359.013469999998,861289.0721,846063.5675300001,1499597.37139,1323444.8664000004,2238673.8924000016,2214378.999570001,2707379.273510001,2408504.7833900014
2026-10-08T09:47:01.616613+00:00,obs-20261007-01,LIGHT,HBARUSDT,1.0,0.09589,0.0959,0.09589500000000001,1.0428616122637457,8394906904,0.09589,0.0959,449,71,1104974.9646000012,1346323.391249999,1050020.63997,1316680.4579899982,9164.123599999997,8384.029530000002,200178.20342,112510.05545,361256.27965999994,210423.78864999997,509441.14739000006,399209.4378999998,866781.8594200002,762527.1897699999
2026-10-08T09:48:01.622804+00:00,obs-20261007-01,LIGHT,PEPEUSDT,1.0,4.07e-06,4.08e-06,4.075e-06,24.57002457002533,8828425143,4.07e-06,4.08e-06,160,12,324065.6496218701,116898.16966997998,343600.52493894,214666.19455355997,0.0,1221.275478,91299.67897699,132212.8340304,249975.51648893004,312590.53866287996,517487.81189201004,636973.0948196999,851159.5789436001,813330.0814125099
2026-10-08T09:48:01.622804+00:00,obs-20261007-01,LIGHT,BNBUSDT,1.0,769.63,769.64,769.635,0.12993256499838068,20913381130,769.63,769.64,410,97,1867089.34388,1895282.5064500002,1908716.0122100003,1822171.2422699996,9140.812159999996,2235.09399,646926.4550299998,909644.9495199994,1432573.6645100003,1512451.8515399992,3235042.08012,3400948.849090001,5946443.444150011,5187490.606380002
2026-10-08T09:48:01.622804+00:00,obs-20261007-01,LIGHT,AAVEUSDT,1.0,172.87,172.88,172.875,0.578469370047241,10441708629,172.87,172.88,230,22,433663.1935700001,335650.37023000006,453193.7372700002,331252.99365000013,880.10301,1339.6637799999999,108011.80176,79211.18423999999,196694.18925000008,129055.93436999996,259101.86190000002,172042.84462999995,800260.0557,287470.71693999995
2026-10-08T09:48:01.622804+00:00,obs-20261007-01,LIGHT,AVAXUSDT,1.0,10.889,10.89,10.8895,0.9183579759408644,10523644709,10.889,10.89,347,70,2134753.453700001,753268.1537199992,2106349.7089399993,686624.3859999998,6586.076579999998,7043.66076,193412.39772,150321.13053000002,364546.7188200001,326450.91245,592707.3081500003,524000.19597000006,673675.4493100005,542585.5106200003
2026-10-08T09:48:01.622804+00:00,obs-20261007-01,LIGHT,FILUSDT,1.0,1.0772,1.0773,1.0772499999999998,0.9283327144449238,9897429298,1.0772,1.0773,344,59,424725.9286919998,178338.86981900004,443377.1939509999,160802.8484769999,1155.8406679999996,1260.0607710000004,90333.68174100001,87918.36323700001,177713.22912299997,145263.40874599997,283669.30218099995,211621.93665499994,361595.01026999974,249220.43707099985
2026-10-08T09:48:01.622804+00:00,obs-20261007-01,LIGHT,ALGOUSDT,1.0,0.1377,0.1378,0.13774999999999998,7.262164124910431,5665705304,0.1377,0.1378,489,87,615130.2145999995,561435.3191999998,602159.1030000004,545027.0987,12818.0282,10285.708000000002,15582.932699999998,13620.976,39386.3446,45402.9562,80022.69149999999,82234.71160000001,126272.5196,102367.83480000001
2026-10-08T09:48:01.622804+00:00,obs-20261007-01,LIGHT,XRPUSDT,1.0,1.4168,1.4169,1.4168500000000002,0.70581592320762,26681629056,1.4168,1.4169,393,65,1550030.4299800012,1538561.17655,1729178.8272100005,1462087.1453399998,51249.543959999995,35201.04714,717934.51369,913143.2680200001,1328769.7672999995,1263358.74658,2059690.4789900007,2290063.4499500003,2538808.979550001,2484592.3817100013
2026-10-08T09:48:01.622804+00:00,obs-20261007-01,LIGHT,HBARUSDT,1.0,0.09575,0.09576,0.095755,1.044386422976995,8394911705,0.09575,0.09576,363,89,942854.80082,1457449.6906599994,999373.6313300004,1350933.0153400004,41423.64761,7977.53585,170488.10085000005,111795.82083,269044.2449800001,208039.22049,468518.3435600001,379586.16876999993,824162.71861,752528.9924999999
2026-10-08T09:49:01.637223+00:00,obs-20261007-01,LIGHT,PEPEUSDT,1.0,4.06e-06,4.07e-06,4.065e-06,24.630541871921707,8828425901,4.06e-06,4.07e-06,227,17,262239.6740010599,450833.75855830015,298959.45640532003,267433.82260162,10292.45823795,935.9327422399999,131847.70766258,70909.8006408,274450.61389313,279454.95733631996,577054.4288635401,688680.51947766,867858.75616477,1009571.68254757
2026-10-08T09:49:01.637223+00:00,obs-20261007-01,LIGHT,BNBUSDT,1.0,769.54,769.55,769.545,0.129947761000615,20913385520,769.54,769.55,359,108,2443699.5525100017,2698683.627160002,2441733.1315999995,2695693.876950003,16181.515309999999,4661.35036,606481.5885199999,871277.9822099993,1447015.69772,1550153.4066699997,3238488.1129499995,3403584.9346200023,5950476.58433001,5136456.287220005
2026-10-08T09:49:01.637223+00:00,obs-20261007-01,LIGHT,AAVEUSDT,1.0,172.78,172.79,172.785,0.5787706910509449,10441710838,172.78,172.79,237,25,387038.97965000017,340285.5604599999,384278.3907499999,341980.33742000005,505.54770999999994,963.67501,121352.02038000002,67247.99473999998,202166.65271999998,124173.64244999997,274655.2510599999,165583.74061999994,805891.7404799999,278934.99063999986
2026-10-08T09:49:01.637223+00:00,obs-20261007-01,LIGHT,AVAXUSDT,1.0,10.884,10.885,10.8845,0.9187798603460529,10523651123,10.884,10.885,398,82,2258186.209640001,1109294.8238099997,2267205.9835700016,1095643.1833799991,2264.041040000001,6663.972599999999,167930.61769999997,143654.06463999997,386443.0467,317906.08845999994,583820.8619399995,537150.1267999999,668093.7221699996,557119.5290900001
2026-10-08T09:49:01.637223+00:00,obs-20261007-01,LIGHT,FILUSDT,1.0,1.0752,1.0753,1.07525,0.9300595238093123,9897433661,1.0752,1.0753,441,109,758448.3268569999,364396.3785939996,813658.4183139999,317695.7400320001,22057.96667199999,14319.446114999999,72159.163903,81099.27343500001,160909.17873400002,161522.974511,240629.71313400008,232796.392288,339792.1808989999,291216.57076100016
2026-10-08T09:49:01.637223+00:00,obs-20261007-01,LIGHT,ALGOUSDT,1.0,0.1377,0.1378,0.13774999999999998,7.262164124910431,5665714853,0.1377,0.1378,474,104,584903.6997000002,484329.9429999999,571336.3673000003,490552.3871000006,14018.1344,24757.51040000001,15187.8927,22189.9081,46079.8322,51147.3554,86852.446,77718.295,132478.14730000004,106107.2612
2026-10-08T09:49:01.637223+00:00,obs-20261007-01,LIGHT,XRPUSDT,1.0,1.4163,1.4164,1.41635,0.7060650992030126,26681634029,1.4163,1.4164,443,78,3063568.05972,2342692.0328499987,3012215.206709999,2417649.3910300015,75686.81414,36187.47841999999,797112.33078,829410.9895100002,1221609.6398599998,1175376.6326500003,2112115.96056,2214278.0662000002,2628794.7434799997,2408388.5722800014
2026-10-08T09:49:01.637223+00:00,obs-20261007-01,LIGHT,HBARUSDT,1.0,0.09567,0.09568,0.09567500000000001,1.045259747047833,8394915815,0.09567,0.09568,358,62,1005314.6818199999,1264226.40947,1012478.1189800001,1245663.0133299998,5737.673639999999,8996.12646,188280.21793999997,97525.52673999999,325259.16791,191000.30642999997,461483.53242999996,393700.11052999995,820286.91147,762537.4157799998
2026-10-08T09:50:01.650625+00:00,obs-20261007-01,LIGHT,PEPEUSDT,1.0,4.06e-06,4.07e-06,4.065e-06,24.630541871921707,8828426225,4.06e-06,4.07e-06,161,25,208212.12647313002,45064.0680899,210505.55152584,29943.565296,217.11416776000002,5347.91866917,114760.2763552,99700.76455229,271748.0230609,294324.01450829,574761.0038108301,703801.02227156,866744.625619,1007690.817948
2026-10-08T09:50:01.650625+00:00,obs-20261007-01,LIGHT,BNBUSDT,1.0,769.2,769.21,769.205,0.1300052002073393,20913388613,769.2,769.21,343,64,1527411.2061299994,1947233.0402300002,1863910.8079799996,1748279.1285199998,12684.479609999997,2951.072830000001,704310.1907500002,785839.1133800001,1416984.4475300005,1540145.4413899994,3127576.3132699993,3419740.1063800002,5984160.330220004,5132290.493850006
2026-10-08T09:50:01.650625+00:00,obs-20261007-01,LIGHT,AAVEUSDT,1.0,172.61,172.62,172.615,0.5793407102716586,10441712138,172.61,172.62,193,19,247931.92571999988,244014.41928000012,260942.39121000003,219643.47033000004,1295.3471599999998,5.52672,120803.38587,79682.88654000002,202948.68672000003,134316.12874000001,271697.34887999995,182978.28756000006,797568.1630999998,302784.32898
2026-10-08T09:50:01.650625+00:00,obs-20261007-01,LIGHT,AVAXUSDT,1.0,10.877,10.878,10.877500000000001,0.9193711501320756,10523655006,10.877,10.878,350,39,2174582.3201800007,816877.1369700002,2213668.1413599993,796529.2605000001,5058.43211,1034.13981,165175.61148000002,144416.14712,333650.4942099999,323374.23369,545116.7955699998,556591.7132799998,638298.04497,573031.2077900002
2026-10-08T09:50:01.650625+00:00,obs-20261007-01,LIGHT,FILUSDT,1.0,1.0736,1.0737,1.0736500000000002,0.9314456035758312,9897436337,1.0736,1.0737,330,60,493264.2441659995,216713.1078739999,527673.3464789997,173880.57058299994,7076.122494,15113.219976,83078.39578599998,83662.81564100001,161550.158824,159334.204755,218537.78386700005,262315.27287399996,313581.64676300006,325298.8124210002
2026-10-08T09:50:01.650625+00:00,obs-20261007-01,LIGHT,ALGOUSDT,1.0,0.1374,0.1375,0.13745000000000002,7.278020378458372,5665727942,0.1374,0.1375,502,185,687436.7716000001,748711.1763000006,690007.8961000006,727749.5999,34035.316300000006,47051.3369,11855.650099999999,14024.270199999999,36820.6964,47497.17,81175.4352,72171.7274,129066.31560000002,92038.41679999999
2026-10-08T09:50:01.650625+00:00,obs-20261007-01,LIGHT,XRPUSDT,1.0,1.4157,1.4158,1.41575,0.7063643427285271,26681637102,1.4157,1.4158,371,37,1419598.7986400002,1304182.65124,1623077.4387999994,1145290.2717000002,37310.56589,5224.58184,734894.265,959580.01241,1020874.0780799999,1327245.7563500004,1910260.34856,2335243.52385,2432340.546620001,2558999.091190002
2026-10-08T09:50:01.650625+00:00,obs-20261007-01,LIGHT,HBARUSDT,1.0,0.09576,0.09577,0.09576499999999999,1.0442773600671806,8394920135,0.09576,0.09577,371,59,1381950.5288300002,978302.9241200006,1449029.6103700004,996127.4341600005,8496.68182,7271.83933,197636.46752000003,105798.54886000001,328278.02016,213557.50166000004,389990.95965999993,378418.71103,418458.21865999995,757707.27867
2026-10-08T09:51:01.721117+00:00,obs-20261007-01,LIGHT,PEPEUSDT,1.0,4.06e-06,4.07e-06,4.065e-06,24.630541871921707,8828426904,4.06e-06,4.07e-06,167,23,139263.57887195997,440219.59257906006,147936.37354421,532509.2526477101,111.41084570000001,3367.1409226399996,101660.08755392,98580.45775644,263748.43234637,282155.89726212,566088.20913858,611511.36220291,857789.96097712,835278.40441867
2026-10-08T09:51:01.721117+00:00,obs-20261007-01,LIGHT,BNBUSDT,1.0,768.83,768.84,768.835,0.1300677653048865,20913393014,768.83,768.84,341,108,2961275.362020001,2919388.0293799993,2924632.4101499976,3102929.8168199966,24372.528409999995,28004.073110000012,708357.3439599997,776758.34514,1581597.62557,1514962.3581299991,3274894.87933,3230843.0360099995,6060940.712940007,4893986.072790004
2026-10-08T09:51:01.721117+00:00,obs-20261007-01,LIGHT,AAVEUSDT,1.0,172.61,172.62,172.615,0.5793407102716586,10441714443,172.61,172.62,241,44,499235.2056200001,336295.30468,477418.8476000003,348779.19510000007,956.5809999999999,6869.707630000002,92878.45105000002,71184.32674000002,177583.10509000003,128002.93225000006,293264.26589999994,171977.42662000016,819781.2271799998,289393.04095000005
2026-10-08T09:51:01.721117+00:00,obs-20261007-01,LIGHT,AVAXUSDT,1.0,10.878,10.879,10.878499999999999,0.9192866335716587,10523659960,10.878,10.879,337,70,2443236.9330899995,855575.3035100003,2419013.346770001,877804.6368700003,5601.126410000001,13894.340279999999,184350.97444000002,131313.39288000003,405904.47698000004,315640.05765,569321.6464300001,534378.42094,662442.86935,551815.6670700004
2026-10-08T09:51:01.721117+00:00,obs-20261007-01,LIGHT,FILUSDT,1.0,1.0726,1.0727,1.0726499999999999,0.9323140033568045,9897439555,1.0726,1.0727,365,64,455122.217542,251436.515865,450447.86139599985,248087.17159200003,806.6786629999999,3342.221998,75967.70717,65327.111056999995,181214.70562600007,135393.74081999998,234689.25260800007,248156.84508299996,330884.58708300005,308781.5582120001
2026-10-08T09:51:01.721117+00:00,obs-20261007-01,LIGHT,ALGOUSDT,1.0,0.1373,0.1374,0.13735,7.283321194464509,5665739494,0.1373,0.1374,521,124,588598.885,450831.5623000001,575413.5555000006,429762.9629,30438.2968,15048.322600000001,21160.6057,15583.8703,44339.8035,45735.38510000001,87415.63320000001,78664.1976,131983.36650000003,95592.42619999999
2026-10-08T09:51:01.721117+00:00,obs-20261007-01,LIGHT,XRPUSDT,1.0,1.4155,1.4156,1.41555,0.7064641469445299,26681642341,1.4155,1.4156,387,77,3011635.431520004,2765094.925390002,2790051.701790003,2964225.7861099998,84634.10474999998,118995.38028000001,839048.23296,777436.60915,1284882.96454,1148517.92794,2133007.18304,2147709.24035,2654515.9648400005,2353678.456750002
2026-10-08T09:51:01.721117+00:00,obs-20261007-01,LIGHT,HBARUSDT,1.0,0.09574,0.09575,0.095745,1.0444955086685859,8394924607,0.09574,0.09575,360,65,1213736.2233600006,783405.7683200003,1084217.1838500006,770240.4620399993,3149.0315600000004,11606.97033,223754.85306999998,128047.14829,383859.50224,214189.20875000005,523915.9112,391578.5042699999,881864.2901500002,770857.3484299999
2026-10-08T09:52:01.721521+00:00,obs-20261007-01,LIGHT,PEPEUSDT,1.0,4.06e-06,4.07e-06,4.065e-06,24.630541871921707,8828427407,4.06e-06,4.07e-06,168,19,567004.9577702401,328420.58388048,545575.75078723,235280.99154658,46.617618320000005,1196.63124944,115629.76377092,83197.02576504,283829.75754797,311475.14669183997,587517.41612159,704650.9545368099,879978.97760438,1008540.7502155299
2026-10-08T09:52:01.721521+00:00,obs-20261007-01,LIGHT,BNBUSDT,1.0,768.83,768.84,768.835,0.1300677653048865,20913398456,768.83,768.84,383,115,2842006.491790001,3619670.9587999987,3223128.656709999,3860495.4005200034,4724.4798200000005,6236.549820000001,528712.1621,694867.3384899999,1381579.7867100006,1271634.8524499994,3084035.214410001,2856510.49369,5722899.019270004,4596472.723780005
2026-10-08T09:52:01.721521+00:00,obs-20261007-01,LIGHT,AAVEUSDT,1.0,172.75,172.76,172.755,0.578871201157849,10441717397,172.75,172.76,306,29,644451.0123699997,261506.83910999994,637054.9315600004,264974.99432000006,411.36054999999993,515.47287,114152.90368,75958.17886,201273.59044000006,135715.59631999998,269106.03628,172650.87266000008,822115.00452,286838.15903000004
2026-10-08T09:52:01.721521+00:00,obs-20261007-01,LIGHT,AVAXUSDT,1.0,10.887,10.888,10.8875,0.9185266832001382,10523665401,10.887,10.888,384,66,2489556.6017400003,884391.49643,2531911.1498300005,984625.3092300005,6271.8280700000005,7084.629089999999,171699.90388000003,103613.55138,369416.16124,230237.96959,525525.20786,435502.14297,601631.4014799999,455130.23683999997
2026-10-08T09:52:01.721521+00:00,obs-20261007-01,LIGHT,FILUSDT,1.0,1.0749,1.075,1.0749499999999999,0.9303190994502941,9897442825,1.0749,1.075,344,56,472612.8849790003,275940.68620099995,472774.0852850002,330091.89527999994,1235.765894,3426.0428779999997,65128.125172000015,72424.40209400002,137028.25252200002,157108.71631999998,215297.39071700006,219609.18176600005,317277.7386139999,262608.34826400003
2026-10-08T09:52:01.721521+00:00,obs-20261007-01,LIGHT,ALGOUSDT,1.0,0.1378,0.1379,0.13785,7.256894049345597,5665749282,0.1378,0.1379,505,97,601214.0078999999,513964.3315,552610.6624,527935.8417000001,16305.712599999997,22656.5913,14768.488099999999,19940.801900000002,39544.76209999999,39028.1145,78759.70969999999,62386.852100000004,129245.5734,82981.00660000002
2026-10-08T09:52:01.721521+00:00,obs-20261007-01,LIGHT,XRPUSDT,1.0,1.4161,1.4162,1.41615,0.7061648188688707,26681647995,1.4161,1.4162,443,74,2639248.2822999996,1773760.15364,2426776.848520001,1884370.2144200006,37513.37743000001,85195.96762999997,1010163.88632,712334.0336900002,1325788.7137199999,1160686.3789500003,2344176.04363,2075076.2129,2865189.43055,2257870.3034499995
2026-10-08T09:52:01.721521+00:00,obs-20261007-01,LIGHT,HBARUSDT,1.0,0.09574,0.09575,0.095745,1.0444955086685859,8394929021,0.09574,0.09575,337,112,1130362.8755,901854.2033800003,1147110.104219999,893509.5412600001,23442.510210000004,19629.0306,188370.44018,133105.62947,367526.9465699999,186308.58528000006,507168.68247999996,399923.16639000014,865118.4738500002,779202.0105500001
2026-10-08T09:53:01.723210+00:00,obs-20261007-01,LIGHT,PEPEUSDT,1.0,4.06e-06,4.07e-06,4.065e-06,24.630541871921707,8828427632,4.06e-06,4.07e-06,113,14,219599.75922913002,68477.51690989002,202863.79960617004,76437.62798761006,5.00732792,2395.2988419800004,139168.38750948,75184.0976282,300565.71717093,302166.8026838,604253.37574455,696690.84345909,877883.8235119401,1014911.2317468399
2026-10-08T09:53:01.723210+00:00,obs-20261007-01,LIGHT,BNBUSDT,1.0,768.96,768.97,768.965,0.1300457761121976,20913401208,768.96,768.97,289,67,1590830.5184400002,1595299.6814399993,1339543.6415399997,1315216.9306899998,2578.977190000001,2471.29812,743197.9376799995,820349.5112299998,1480928.9904499997,1470276.3704599992,3334500.7518199994,3139314.343659999,6086000.750410007,5035112.046460005
2026-10-08T09:53:01.723210+00:00,obs-20261007-01,LIGHT,AAVEUSDT,1.0,172.77,172.78,172.775,0.5788041905407937,10441718713,172.77,172.78,222,5,592496.3561100002,243231.91309,577683.0934700002,249952.19661000004,21.42224,204.35079000000002,124611.55652999999,69272.22972999999,216144.44951000006,128995.32666000004,283669.75156,166655.6360900001,836670.8172200001,280132.32637
2026-10-08T09:53:01.723210+00:00,obs-20261007-01,LIGHT,AVAXUSDT,1.0,10.886,10.887,10.8865,0.9186110600789554,10523668611,10.886,10.887,326,33,1875272.9306300008,497803.3822200001,1791767.3655899998,451123.2896100002,5583.984610000001,404.9568799999999,183024.81128000005,135442.95213,405801.17366,276566.45761999994,609053.6222599997,482174.6483399999,686128.1743299998,501882.58907999995
2026-10-08T09:53:01.723210+00:00,obs-20261007-01,LIGHT,FILUSDT,1.0,1.0753,1.0754,1.0753499999999998,0.9299730307810172,9897445475,1.0753,1.0754,343,39,625250.7658739998,213179.09021400003,567789.063549,210907.30201599983,1286.4779800000001,3910.200108000001,72107.11868000001,74362.346415,168002.63546500003,156036.51579,269241.08358200005,226335.23752700014,370449.9883639996,264886.5231620002
2026-10-08T09:53:01.723210+00:00,obs-20261007-01,LIGHT,ALGOUSDT,1.0,0.1382,0.1383,0.13824999999999998,7.235890014472002,5665762624,0.1382,0.1383,535,148,653742.3910000004,722665.0915000007,616180.6314000002,702358.8115999998,21918.391,40475.198200000006,16339.5655,12447.365000000002,32975.2036,42471.723900000005,74504.9891,80033.4902,123397.0265,105972.8712
2026-10-08T09:53:01.723210+00:00,obs-20261007-01,LIGHT,XRPUSDT,1.0,1.4164,1.4165,1.4164500000000002,0.7060152499294148,26681651202,1.4164,1.4165,370,42,986853.2594699993,867840.9141800002,865600.72539,872973.4712199998,14705.765510000003,21858.45951,1035747.9464,694929.0055300002,1447049.6853800002,1326406.8999100002,2463933.384530002,2070972.7809899999,2977141.8638000023,2253214.6669
2026-10-08T09:53:01.723210+00:00,obs-20261007-01,LIGHT,HBARUSDT,1.0,0.0957,0.09571,0.095705,1.0449320794148065,8394931323,0.0957,0.09571,278,51,592429.3858299999,566087.59393,607214.66786,556953.51479,5602.26598,6504.5343,188030.94183999996,124016.82733,357491.02411999984,222950.75121,503412.0161999999,402355.1028700002,854530.0077699999,787729.2817700002
2026-10-08T09:54:01.724158+00:00,obs-20261007-01,LIGHT,PEPEUSDT,1.0,4.06e-06,4.07e-06,4.065e-06,24.630541871921707,8828428273,4.06e-06,4.07e-06,148,20,179926.86242913004,245151.73736588995,187390.30140841997,314227.50183465995,11115.80160295,5320.352413749999,129970.37609836001,85731.02885985,287763.89555176004,276866.29908441,567712.42634733,602545.32206393,866749.66263783,840901.9660391
2026-10-08T09:54:01.724158+00:00,obs-20261007-01,LIGHT,BNBUSDT,1.0,768.89,768.9,768.895,0.13005761552387085,20913405371,768.89,768.9,355,84,2416658.310289999,1715787.2169900006,2505239.6156999995,1632232.2315200004,20925.887739999995,13806.977390000005,672852.5771299998,808819.5339399999,1440360.0981200004,1538960.981389999,3246399.7802200005,3222043.7925099987,5994543.440020008,5115602.981460004
2026-10-08T09:54:01.724158+00:00,obs-20261007-01,LIGHT,AAVEUSDT,1.0,172.86,172.87,172.865,0.5785028346627641,10441720378,172.86,172.87,213,19,535727.3629500001,140597.31801999992,538238.3591499999,143130.26069999998,271.05078000000003,852.5189499999999,114746.52174000001,77118.89719999998,187176.8728300001,127553.63543999994,267688.2982600002,164829.50988,832914.5120200003,278974.60584
2026-10-08T09:54:01.724158+00:00,obs-20261007-01,LIGHT,AVAXUSDT,1.0,10.894,10.895,10.8945,0.9179364787947897,10523674160,10.894,10.895,404,74,2333928.694530001,704040.5620299999,2346926.56732,760401.7395200001,19863.326500000006,4648.352309999999,168916.17988000004,136100.85144,393429.4500400001,273476.23613,595939.8517899998,431016.5474999999,672817.6509799997,445165.5284400001
2026-10-08T09:54:01.724158+00:00,obs-20261007-01,LIGHT,FILUSDT,1.0,1.0768,1.0769,1.0768499999999999,0.928677563150071,9897448406,1.0768,1.0769,317,55,625372.5345780002,253031.48668800006,593660.0798569997,288061.35118600004,1396.965275,9734.228682000003,75915.07071700001,79856.145304,170078.02973100002,148942.17417700004,293292.2193510001,198877.8714380002,375981.3492249999,237602.04647800018
2026-10-08T09:54:01.724158+00:00,obs-20261007-01,LIGHT,ALGOUSDT,1.0,0.1373,0.1375,0.13740000000000002,14.566642388929019,5665772246,0.1373,0.1375,481,96,499555.4352999996,468358.94279999996,513181.6697999999,424908.1228999997,18809.899599999993,6815.917299999998,19311.6675,16189.3154,40636.3595,35260.5136,86673.95640000001,74108.96339999998,136598.0324,101887.52929999997
2026-10-08T09:54:01.724158+00:00,obs-20261007-01,LIGHT,XRPUSDT,1.0,1.4164,1.4165,1.4164500000000002,0.7060152499294148,26681654972,1.4164,1.4165,445,57,1670650.6520200002,2069853.1463699997,1893700.9205400008,1869315.48135,37947.823979999994,37285.06671,856929.4807400001,855883.54138,1379273.1857699999,1244727.7325799996,2240883.116010001,2271510.37547,2749102.127460001,2454256.8692700015
2026-10-08T09:54:01.724158+00:00,obs-20261007-01,LIGHT,HBARUSDT,1.0,0.09558,0.09559,0.095585,1.0462439840974724,8394935396,0.09558,0.09559,317,81,984816.1683999998,1027554.5836199999,1126042.2737599998,1036332.7331699997,41263.83899999999,8782.550439999999,138167.23737,127350.98753000001,227683.40238999997,214969.68087000004,362341.44953,382928.7925000002,729102.1965600002,764205.7564000003
2026-10-08T09:55:01.731077+00:00,obs-20261007-01,LIGHT,PEPEUSDT,1.0,4.06e-06,4.07e-06,4.065e-06,24.630541871921707,8828428747,4.06e-06,4.07e-06,121,17,110550.86561564005,461300.47519822995,112803.72359016005,344728.86665846006,0.0,1034.64767516,112088.70714482,118017.58390334,278922.30824447,313088.23258742,565459.56837281,719116.9306037,934410.8303796101,1023006.51636278
2026-10-08T09:55:01.731077+00:00,obs-20261007-01,LIGHT,BNBUSDT,1.0,768.59,768.6,768.595,0.13010838028071348,20913411741,768.59,768.6,380,149,3296383.482000001,2578724.00975,3262976.50332,2624439.8023599996,26143.286650000002,9473.674920000003,684390.9526500003,767097.1869299999,1524760.9724300005,1489869.6212499994,3307433.5260800007,3093603.1982199997,6067584.680120009,4813203.458620004
2026-10-08T09:55:01.731077+00:00,obs-20261007-01,LIGHT,AAVEUSDT,1.0,172.8,172.81,172.805,0.5787037037041642,10441722985,172.8,172.81,241,43,662985.461280001,203594.69895,664620.2613400002,195709.72670999996,10803.12893,1768.4853099999996,110870.87994,83776.81268999998,199357.78440999996,133658.42414999998,273039.8730999999,172098.59516000008,829217.6945200001,285783.23292000004
2026-10-08T09:55:01.731077+00:00,obs-20261007-01,LIGHT,AVAXUSDT,1.0,10.885,10.886,10.8855,0.9186954524564861,10523679574,10.885,10.886,366,64,1701029.564059999,1446763.908929999,1772422.3582600008,1354129.6153700002,42742.90012000001,3734.26265,238460.72483999998,193753.42853,379473.64360000007,358650.5303500001,525110.18811,518464.8897399999,611297.7230400001,537586.6842500003
2026-10-08T09:55:01.731077+00:00,obs-20261007-01,LIGHT,FILUSDT,1.0,1.0769,1.077,1.07695,0.9285913269563295,9897451972,1.0769,1.077,363,67,558729.7088399999,343627.8136449999,573723.1640120001,323908.08045700006,8597.718197000002,2118.5330439999993,87844.27226399998,80529.79208199997,168264.24137499998,163598.58739799997,278292.708731,218615.34501300007,361253.40840099973,257363.82306300002
2026-10-08T09:55:01.731077+00:00,obs-20261007-01,LIGHT,ALGOUSDT,1.0,0.1375,0.1376,0.13755,7.2727272727268755,5665779116,0.1375,0.1376,439,62,363936.6389000001,399830.8584000002,358980.70540000027,394662.8436000001,13975.476800000002,6709.9426,15737.706300000002,13993.1428,44415.706900000005,45327.5945,86414.6787,80404.83590000002,136674.2467,104267.9936
2026-10-08T09:55:01.731077+00:00,obs-20261007-01,LIGHT,XRPUSDT,1.0,1.4158,1.4159,1.4158499999999998,0.7063144511931796,26681659951,1.4158,1.4159,361,97,2979319.0988800004,2589547.829419998,2978837.52893,2725209.084579998,167804.05167999995,46783.08268999999,846732.3512,783204.0157700002,1352057.6017400003,1236650.92267,2242951.555420002,2135849.1702699997,2772844.129240003,2311294.255410002
2026-10-08T09:55:01.731077+00:00,obs-20261007-01,LIGHT,HBARUSDT,1.0,0.09571,0.09572,0.095715,1.0448229025183942,8394941120,0.09571,0.09572,409,117,1846906.0008399999,1441951.3099800013,1685643.45182,1330300.5389500007,15761.752030000005,21442.102240000004,203072.55912999998,127494.81241,362961.70240999997,224045.61949,519039.71455000015,390938.9807500001,878424.2550900005,769684.8272199997
2026-10-08T09:56:01.743815+00:00,obs-20261007-01,LIGHT,PEPEUSDT,1.0,4.06e-06,4.07e-06,4.065e-06,24.630541871921707,8828429098,4.06e-06,4.07e-06,149,16,102217.44839050001,139461.92618808002,101293.53180879,145151.04556636998,272.45716862,6264.959669100001,114334.4498121,111726.84512693,280026.313083,307392.99194909,566383.4849545201,713427.81122541,937454.9492167002,1017323.96342553
2026-10-08T09:56:01.743815+00:00,obs-20261007-01,LIGHT,BNBUSDT,1.0,768.89,768.9,768.895,0.13005761552387085,20913416152,768.89,768.9,359,96,1426124.86032,1505575.15454,1412690.1620200002,1508305.052689999,1319.85454,10269.195499999994,660835.2301400001,838850.9645599998,1487149.9993800002,1503478.4222099995,3293252.114,3173598.10175,6041785.097810007,5070092.126730005
2026-10-08T09:56:01.743815+00:00,obs-20261007-01,LIGHT,AAVEUSDT,1.0,172.8,172.81,172.805,0.5787037037041642,10441724410,172.8,172.81,184,15,341379.9273400001,128317.77819999993,335924.5439199999,127680.45455000002,365.82532,2136.46286,118604.24576000002,83991.22254999999,212197.8075,133465.45126999993,278495.25651999994,172735.91881000003,822448.55376,286420.38195999997
2026-10-08T09:56:01.743815+00:00,obs-20261007-01,LIGHT,AVAXUSDT,1.0,10.885,10.886,10.8855,0.9186954524564861,10523683419,10.885,10.886,364,35,987367.85914,1277419.9427899995,1008775.952319999,1309603.4208700003,895.0739599999999,1732.4571100000005,143008.34141,188171.98130000004,307870.21602999995,319975.5249000001,503702.09493,486281.4116599999,589942.30547,505414.14372
2026-10-08T09:56:01.743815+00:00,obs-20261007-01,LIGHT,FILUSDT,1.0,1.0783,1.0784,1.07835,0.9273856997116248,9897456398,1.0783,1.0784,413,68,912933.5211310004,412982.6403640001,889652.3927549998,414115.7346690001,768.8221599999999,9290.342803000005,77036.74379899999,114651.34986900001,165951.00146699997,158647.0101,289342.8570980001,229405.6312460001,376016.0184589999,266557.83769599994
2026-10-08T09:56:01.743815+00:00,obs-20261007-01,LIGHT,ALGOUSDT,1.0,0.1376,0.1377,0.13765,7.267441860463464,5665785478,0.1376,0.1377,409,60,358877.6882,397517.86980000004,363371.4069000001,388158.43090000015,13499.635599999998,13823.1302,9377.862700000001,20046.231099999997,28565.5783,50129.02450000001,70250.16410000001,89277.85320000001,120574.39739999999,111826.77830000002
2026-10-08T09:56:01.743815+00:00,obs-20261007-01,LIGHT,XRPUSDT,1.0,1.416,1.4161,1.4160499999999998,0.7062146892655718,26681663109,1.416,1.4161,354,38,1453079.6550600005,980034.8268500001,1428294.1884699997,955237.8695700002,23106.981959999994,41014.359749999996,862566.08767,847074.3168199997,1376969.4944400007,1417004.9367299995,2267424.582080002,2160952.3588799997,2790336.700610002,2343734.877700001
2026-10-08T09:56:01.743815+00:00,obs-20261007-01,LIGHT,HBARUSDT,1.0,0.09551,0.09552,0.09551499999999999,1.0470107842097676,8394944937,0.09551,0.09552,293,101,849261.6922300003,1761474.118950001,952811.6811400003,1671352.2724499996,3641.5221899999997,6145.571429999999,170690.77939999997,174460.71333,284511.35714,286956.26601,427055.37850000005,465379.04099999997,785990.36687,847204.8760099999
2026-10-08T09:57:01.779166+00:00,obs-20261007-01,LIGHT,PEPEUSDT,1.0,4.06e-06,4.07e-06,4.065e-06,24.630541871921707,8828429484,4.06e-06,4.07e-06,121,15,72669.08834025002,17274.87659972,73180.30827727001,123222.38824098,1949.5323915200001,9126.36753622,111200.56481268001,102311.12392809,278580.01456458005,281826.85193961,565872.2650175001,607480.29958415,870348.2241227502,831253.69832131
2026-10-08T09:57:01.779166+00:00,obs-20261007-01,LIGHT,BNBUSDT,1.0,768.87,768.88,768.875,0.13006099860879416,20913419304,768.87,768.88,321,89,1352841.6411399995,1342127.1064499991,1318533.2813100002,1309192.53575,1197.1033700000003,11379.09839,699268.86125,862563.8296299999,1521696.98921,1535345.5040199994,3327603.862139999,3205567.3955000006,6110816.200240006,4865261.512580006
2026-10-08T09:57:01.779166+00:00,obs-20261007-01,LIGHT,AAVEUSDT,1.0,172.75,172.76,172.755,0.578871201157849,10441725716,172.75,172.76,185,16,437542.85802,103209.26045000003,433180.57129000017,93003.87707999998,247.89803999999998,1263.2897899999998,127274.90275000001,82664.35214999998,210053.48296000002,142993.85530999998,282909.54853000003,182125.32572000005,827087.17143,296347.70451000007
2026-10-08T09:57:01.779166+00:00,obs-20261007-01,LIGHT,AVAXUSDT,1.0,10.89,10.891,10.8905,0.9182736455448648,10523686733,10.89,10.891,323,31,875066.17121,935730.5759899997,848354.33997,952450.40902,252.36703,7763.94112,162656.95507,203679.02769,311327.94992000004,317656.38921999995,529871.6107,470076.6011199999,607147.6023399999,489835.30033999996
2026-10-08T09:57:01.779166+00:00,obs-20261007-01,LIGHT,FILUSDT,1.0,1.077,1.0771,1.0770499999999998,0.9285051067786654,9897459678,1.077,1.0771,360,53,693541.7401550001,301636.51810299995,733864.5697850003,274265.69586,9991.107210999999,2832.025287,80985.74138200002,78384.437017,164917.049114,175876.052461,258250.42809900004,240297.58148600004,339893.44572799996,290395.4307040001
2026-10-08T09:57:01.779166+00:00,obs-20261007-01,LIGHT,ALGOUSDT,1.0,0.1373,0.1374,0.13735,7.283321194464509,5665791592,0.1373,0.1374,426,46,391029.10290000035,333868.96599999996,389236.5893000001,311245.4835999999,5375.138199999999,7046.107600000001,16261.3475,16908.5747,44823.099799999996,47244.4299,85106.5401,89133.13470000001,134270.2077,114136.84650000001
2026-10-08T09:57:01.779166+00:00,obs-20261007-01,LIGHT,XRPUSDT,1.0,1.4158,1.4159,1.4158499999999998,0.7063144511931796,26681665935,1.4158,1.4159,453,39,615888.6336500004,885598.5996900001,650188.8848300007,864873.8958599999,12648.29071,16749.80051,840318.6042899997,830362.3374900001,1346313.4843900003,1283979.31345,2233187.2682300014,2181370.7255700002,2756182.022150002,2356815.8107100027
2026-10-08T09:57:01.779166+00:00,obs-20261007-01,LIGHT,HBARUSDT,1.0,0.09556,0.09557,0.09556500000000001,1.0464629552120464,8394949649,0.09556,0.09557,353,112,2058071.526829999,1434056.6214899998,1950888.5130700006,1400864.9927399992,9783.280480000005,8166.651119999999,207739.58193,116808.20257000001,373004.20187000005,232710.82387999998,529927.4190700002,389223.26493,899751.4949700006,769318.1290299997
2026-10-08T09:58:01.784001+00:00,obs-20261007-01,LIGHT,PEPEUSDT,1.0,4.06e-06,4.07e-06,4.065e-06,24.630541871921707,8828429727,4.06e-06,4.07e-06,100,11,5757.324862870001,225357.05323718002,5761.080618760001,226040.79474486006,0.0,917.34554989,111200.56481268001,101002.83157745,279272.88437283004,281143.11043193,565868.5092616101,606796.55807647,870344.4683668602,830569.9568136301
2026-10-08T09:58:01.784001+00:00,obs-20261007-01,LIGHT,BNBUSDT,1.0,768.81,768.82,768.815,0.13007114892049643,20913422897,768.81,768.82,341,85,834451.87076,852104.2426500003,851822.70691,893071.3455099999,1651.4568299999996,1470.7709200000002,713704.5318499999,761871.83548,1547504.7821700003,1491968.2367899993,3312567.42674,3163457.2413800005,6094971.422760008,4817530.399810006
2026-10-08T09:58:01.784001+00:00,obs-20261007-01,LIGHT,AAVEUSDT,1.0,172.71,172.72,172.715,0.5790052689480518,10441727242,172.71,172.72,231,17,496371.74913000036,162842.51765999995,508947.11483000044,166940.82369,920.6065100000001,590.5167299999999,122266.68675000004,75924.42130999999,212271.06518000003,137877.12317,300541.21864,177967.3515100001,814806.35293,291933.4901000001
2026-10-08T09:58:01.784001+00:00,obs-20261007-01,LIGHT,AVAXUSDT,1.0,10.892,10.893,10.8925,0.9181050312156991,10523690338,10.892,10.893,355,33,1178052.0821900005,962047.06399,1179976.9229999993,968112.7404500002,2836.1163800000004,5211.232910000001,157758.97335,170773.10254,324277.09909000003,309587.9056899999,527946.7698899999,468668.6546599999,604853.7336699999,483786.1333599999
2026-10-08T09:58:01.784001+00:00,obs-20261007-01,LIGHT,FILUSDT,1.0,1.0812,1.0813,1.0812499999999998,0.9248982611920198,9897470986,1.0816,1.0817,443,352,1164523.3240659998,810363.4716350003,1119105.6086580001,881566.550778001,45729.11721899996,58486.593019999986,72970.52949899998,59765.72558000001,139949.69763299997,122691.25852800003,244816.22126399993,199221.74876699998,313892.2829190001,243682.278674
2026-10-08T09:58:01.784001+00:00,obs-20261007-01,LIGHT,ALGOUSDT,1.0,0.1379,0.138,0.13795000000000002,7.251631617115617,5665799744,0.1379,0.138,439,108,583751.0981999999,445108.73580000026,531793.4459999998,463858.94320000004,24339.967800000013,59223.646400000005,31566.996199999998,21401.5056,49793.018299999996,39779.147399999994,95576.46710000001,79927.6384,139471.56280000004,107156.53719999999
2026-10-08T09:58:01.784001+00:00,obs-20261007-01,LIGHT,XRPUSDT,1.0,1.4158,1.4159,1.4158499999999998,0.7063144511931796,26681668952,1.4158,1.4159,340,41,1128307.7577700003,1140577.8164499998,1083511.4037,1183246.6934899997,8912.207630000003,54108.45094,890508.7976900002,787993.6746000001,1391109.8384600007,1241660.2598700004,2277983.622300002,2139206.71091,2800978.356130002,2314652.3680900023
2026-10-08T09:58:01.784001+00:00,obs-20261007-01,LIGHT,HBARUSDT,1.0,0.09551,0.09552,0.09551499999999999,1.0470107842097676,8394951521,0.09551,0.09552,309,144,348116.1610500002,447280.0620099999,365996.3247200003,432285.1992599999,11142.009239999992,3489.92256,202861.26999000006,144112.49865,371125.06925,241356.33419999998,512081.39621000004,402009.9366999999,881886.5733800002,782888.6677799997
2026-10-08T09:59:01.815114+00:00,obs-20261007-01,LIGHT,PEPEUSDT,1.0,4.06e-06,4.07e-06,4.065e-06,24.630541871921707,8828430036,4.06e-06,4.07e-06,140,17,265778.23849019007,164000.66757023995,235535.33509947004,76053.82221749,164.16719214,1790.36445709,140836.94761318,77222.92532888999,311144.19672013004,288056.58406953,596111.41265233,694743.40342922,876736.25804218,1014994.8621684499
2026-10-08T09:59:01.815114+00:00,obs-20261007-01,LIGHT,BNBUSDT,1.0,769.16,769.17,769.165,0.13001196110140611,20913427041,769.16,769.17,385,106,1880466.2688300002,1860355.5545199998,1838810.266060001,1829963.9491899996,5311.8581699999995,24676.03340999999,741778.14701,855467.1027400002,1488761.0587500005,1530646.4830699996,3244262.1618699986,3393688.544710001,6097188.425560005,5107050.1004700065
2026-10-08T09:59:01.815114+00:00,obs-20261007-01,LIGHT,AAVEUSDT,1.0,172.75,172.76,172.755,0.578871201157849,10441728782,172.75,172.76,187,35,322258.5007000001,179536.4712799999,314542.61906000006,183903.47053999995,1331.7806900000003,13022.485039999998,125155.40666000001,73627.66475999997,216423.54724999997,133463.93679999997,278050.06447000004,173660.02043000003,821338.3948,287882.39922
2026-10-08T09:59:01.815114+00:00,obs-20261007-01,LIGHT,AVAXUSDT,1.0,10.898,10.899,10.898499999999999,0.9175995595511743,10523695070,10.898,10.899,349,66,1112266.9165500011,1461769.4606399997,1063550.9863700003,1454704.5042600008,13638.961099999997,20422.90202,182024.58151000005,173464.41572000005,390377.4060600001,323626.18909,576641.8834899999,478612.74321000004,647939.2675899997,490953.0751500001
2026-10-08T09:59:01.815114+00:00,obs-20261007-01,LIGHT,FILUSDT,1.0,1.0825,1.0826,1.08255,0.9237875288681252,9897479573,1.0825,1.0826,493,202,1171791.618159,693371.6299949997,1150336.2298580005,704665.7373670001,12735.914469000001,17583.416104999997,92117.96754000001,68011.11973,175693.84803599998,122328.11390400003,263089.80816300004,200710.4491049999,328758.0677569999,234632.73576899993
2026-10-08T09:59:01.815114+00:00,obs-20261007-01,LIGHT,ALGOUSDT,1.0,0.1374,0.1375,0.13745000000000002,7.278020378458372,5665804860,0.1374,0.1375,338,47,323647.86289999995,342663.0804000001,358418.26939999976,311508.9272,26986.053999999993,6374.811800000001,13624.07,15727.080399999999,39731.4734,48244.7597,77790.7656,80678.607,125111.6623,103492.1874
2026-10-08T09:59:01.815114+00:00,obs-20261007-01,LIGHT,XRPUSDT,1.0,1.4165,1.4166,1.41655,0.7059654076946309,26681672852,1.4165,1.4166,321,82,2114405.84705,1943472.6925,2045823.5560500005,1925274.2305900005,43237.285370000005,140663.84618,892357.9905699999,802015.44512,1488834.5424199996,1248154.6371199999,2344963.899,2159959.649410001,2853819.1752400007,2338612.7990000024
2026-10-08T09:59:01.815114+00:00,obs-20261007-01,LIGHT,HBARUSDT,1.0,0.09552,0.09553,0.095525,1.0469011725300348,8394954838,0.09552,0.09553,288,134,633213.4403499998,456892.53086000006,618121.85266,464957.29553000035,9201.133710000004,40687.96095999999,216895.15872000004,126663.91313,385269.53342000005,228678.92265,527151.7079000002,389465.46562,896321.6942700004,770338.6008599998
2026-10-08T10:00:01.816337+00:00,obs-20261007-01,LIGHT,PEPEUSDT,1.0,4.06e-06,4.07e-06,4.065e-06,24.630541871921707,8828430207,4.06e-06,4.07e-06,93,12,109399.55421159,21512.08811553,124142.80992057001,102679.15124230001,1.54193116,2112.7931497199997,113081.6350482,88967.92336817,297417.1893603,287683.16909537,581368.15694335,613576.34030245,861361.36792201,839383.0898618401
2026-10-08T10:00:01.816337+00:00,obs-20261007-01,LIGHT,BNBUSDT,1.0,769.24,769.25,769.245,0.12999844001937433,20913428978,769.24,769.25,306,63,675912.2619400002,720449.5128500002,679177.4340899995,721741.7720599998,2665.98368,51365.39928999999,736326.8583600001,868042.60338,1524479.091840001,1509763.7092599985,3235778.29782,3392980.520259999,6091101.154270005,5098030.511950006
2026-10-08T10:00:01.816337+00:00,obs-20261007-01,LIGHT,AAVEUSDT,1.0,172.73,172.74,172.735,0.5789382272913812,10441729610,172.73,172.74,175,10,328207.91878000007,53202.41172999999,336186.37098,50608.799730000006,2443.0383699999998,187.76838,122015.16067000001,78175.52382999999,210451.54653000002,135191.2549,272626.84413000004,176201.64005000007,813153.4454600001,290233.21700000006
2026-10-08T10:00:01.816337+00:00,obs-20261007-01,LIGHT,AVAXUSDT,1.0,10.9,10.901,10.900500000000001,0.9174311926596346,10523697477,10.9,10.901,284,27,751715.7034899999,756931.0304700001,771409.5669499999,771333.5219799996,1708.2361299999998,1523.0974699999997,196483.40110999995,160235.82886,364806.11128,326158.89002,556914.0298799998,464311.96791999997,627605.3721999998,476539.46288000006
2026-10-08T10:00:01.816337+00:00,obs-20261007-01,LIGHT,FILUSDT,1.0,1.0814,1.0815,1.0814499999999998,0.9247272054735411,9897483080,1.0814,1.0815,375,50,741454.717764,308404.7847290001,765157.7233340003,269797.90075299994,4587.0137300000015,1332.457877,76195.804645,76910.371498,167874.404258,146119.52129,243050.16813500007,225989.11388299998,326099.52113399986,286987.7734709999
2026-10-08T10:00:01.816337+00:00,obs-20261007-01,LIGHT,ALGOUSDT,1.0,0.1377,0.1378,0.13774999999999998,7.262164124910431,5665814215,0.1377,0.1378,460,114,743050.4923000002,444889.53559999994,700966.6469999999,450131.19659999997,32676.8906,32762.4862,10665.8325,22046.8017,33225.533299999996,45223.3558,86902.88469999998,75711.14159999999,146623.18570000003,106709.60479999999
2026-10-08T10:00:01.816337+00:00,obs-20261007-01,LIGHT,XRPUSDT,1.0,1.4162,1.4163,1.4162499999999998,0.7061149555154245,26681674680,1.4162,1.4163,305,18,355566.7867200001,606542.0166999999,393999.9351600001,605766.7158999998,16707.84487,3359.1803399999994,880459.3394500001,797783.96626,1574543.1611100002,1246770.23202,2307947.294780001,2160518.5014000013,2829978.6134100016,2338930.311410003
2026-10-08T10:00:01.816337+00:00,obs-20261007-01,LIGHT,HBARUSDT,1.0,0.0956,0.09561,0.095605,1.0460251046029434,8394957028,0.0956,0.09561,231,71,512121.43660000013,401815.88177,474186.53703,417901.30663999997,2369.08989,10183.939620000001,216472.73320000005,127533.20326000002,387202.59342000005,220854.69633000012,565066.2661000001,375645.2877900002,934311.4043300004,756713.9489099998
2026-10-08T10:01:01.816854+00:00,obs-20261007-01,LIGHT,PEPEUSDT,1.0,4.06e-06,4.07e-06,4.065e-06,24.630541871921707,8828431034,4.06e-06,4.07e-06,200,24,386519.37248463026,213454.77345430004,365536.22550859,200732.2817202299,5111.3870537,3839.6220612100005,112911.47932764,82879.00399922,279261.67729134,276488.67944114003,566788.9711859301,602453.7590471001,866556.74040896,847665.9233207201
2026-10-08T10:01:01.816854+00:00,obs-20261007-01,LIGHT,BNBUSDT,1.0,769.1,769.11,769.105,0.1300221037570104,20913434495,769.1,769.11,422,167,4672339.269,3674740.2107099993,4514432.99603,3853707.2188900034,19192.06399000001,12835.781970000002,735564.76058,734659.2386400006,1497309.6237300015,1458194.58074,3209150.2686399994,3211271.2261200002,6065603.503140004,5108518.850690007
2026-10-08T10:01:01.816854+00:00,obs-20261007-01,LIGHT,AAVEUSDT,1.0,172.69,172.7,172.695,0.5790723261323016,10441731501,172.69,172.7,267,27,578422.1792400003,145857.00877,571880.0979600004,138726.60122,1753.3984100000002,1854.45646,129689.79659000001,80872.57260999999,217020.61276000005,138312.03718999997,305924.93613000005,183319.13860000015,820189.9698000001,297295.7852700001
2026-10-08T10:01:01.816854+00:00,obs-20261007-01,LIGHT,AVAXUSDT,1.0,10.896,10.897,10.8965,0.9177679882510503,10523701820,10.896,10.897,378,49,965444.8420100005,1378153.3676399996,1009350.0705200002,1343388.64572,7539.308149999999,3363.41277,175932.53828,178657.71068000002,368475.42939000006,336228.3616400001,513048.29339999997,498907.3987800002,581176.9562800002,510330.43413000024
2026-10-08T10:01:01.816854+00:00,obs-20261007-01,LIGHT,FILUSDT,1.0,1.0826,1.0827,1.0826500000000001,0.9237021984120908,9897491842,1.0825,1.0826,485,257,1100352.0998339995,791251.0717780003,1116761.927898,810444.6292719999,20088.247910000002,31778.173673999998,73954.670701,63809.103705,168629.618625,131988.835531,222547.45618800007,209440.97453999994,317330.282199,278341.87795800006
2026-10-08T10:01:01.816854+00:00,obs-20261007-01,LIGHT,ALGOUSDT,1.0,0.1378,0.1379,0.13785,7.256894049345597,5665828683,0.1378,0.1379,525,120,983369.1170000002,588735.3570000001,966408.8298999995,595715.1503999997,16749.1298,19041.7383,15527.855,8403.078300000001,53758.074400000005,32925.2408,96521.44470000001,64348.3559,143638.93610000002,91048.60850000002
2026-10-08T10:01:01.816854+00:00,obs-20261007-01,LIGHT,XRPUSDT,1.0,1.4158,1.4159,1.4158499999999998,0.7063144511931796,26681679280,1.4158,1.4159,436,56,2373767.1800600006,2446492.2781099984,2511918.197249999,2321773.87137,50798.11765,32254.60291000001,839095.1952899997,918689.4363600003,1288351.6149300002,1373091.0656,2169981.7476700014,2284414.067770001,2692976.48583,2455606.351580003
2026-10-08T10:01:01.816854+00:00,obs-20261007-01,LIGHT,HBARUSDT,1.0,0.09554,0.09555,0.09554499999999999,1.0466820180021763,8394962023,0.09554,0.09555,358,158,1206181.6355500007,1190599.2069899996,1296052.4125599999,1181757.1097300004,6982.149930000001,14961.51469,203638.40830000004,136623.26196,331858.22783,224851.04790000003,486537.33611000003,379399.14515000023,843914.1976900003,761166.1516799999
2026-10-08T10:02:01.830586+00:00,obs-20261007-01,LIGHT,PEPEUSDT,1.0,4.06e-06,4.07e-06,4.065e-06,24.630541871921707,8828431261,4.06e-06,4.07e-06,114,13,89212.38211613,187066.09327787007,87492.08477767001,178984.09736708002,0.0,1269.5349250099998,130002.30055232,81038.13155031,281030.16242897,285459.73633071,568509.26852439,610535.75495789,866968.29125245,850660.3211638001
2026-10-08T10:02:01.830586+00:00,obs-20261007-01,LIGHT,BNBUSDT,1.0,769.49,769.5,769.495,0.12995620475964031,20913437729,769.49,769.5,325,81,2075003.1981700005,971432.9861499999,1497773.7439300003,1044078.3641,3907.1673499999997,19325.9075,1280184.5932300002,836818.0058699996,2059532.7952799997,1472646.2808899994,3749043.789529998,3321101.02858,6566200.522100002,5047772.311230003
2026-10-08T10:02:01.830586+00:00,obs-20261007-01,LIGHT,AAVEUSDT,1.0,172.62,172.63,172.625,0.5793071486492885,10441733220,172.62,172.63,256,21,378025.60813999985,124447.04078000002,377991.7570000001,118727.78413999995,670.31296,967.34034,109937.35945000003,78604.17395000001,214735.40373000008,138006.90830999997,307611.1183900001,181802.59984000013,831226.94558,300687.9423100001
2026-10-08T10:02:01.830586+00:00,obs-20261007-01,LIGHT,AVAXUSDT,1.0,10.903,10.904,10.903500000000001,0.9171787581396806,10523704778,10.903,10.904,298,27,519052.8410200003,1122590.61064,471005.48362999986,1154725.2069300008,994.2859099999998,14394.067940000003,180340.48171999998,188326.33832000004,405755.65129,320136.47088000004,560717.7986899997,466995.1617500001,630052.5825799997,479261.2181500001
2026-10-08T10:02:01.830586+00:00,obs-20261007-01,LIGHT,FILUSDT,1.0,1.0824,1.0825,1.0824500000000001,0.923872875091547,9897497303,1.0824,1.0825,421,118,619199.8667570002,302996.42556899984,604606.8229539997,288531.4356509998,22037.520623,11059.219892999998,89068.93390600002,77106.646876,183494.52215900001,143035.88515400002,240699.056556,223514.67238799998,332021.79199699993,290668.40687599994
2026-10-08T10:02:01.830586+00:00,obs-20261007-01,LIGHT,ALGOUSDT,1.0,0.1382,0.1383,0.13824999999999998,7.235890014472002,5665843968,0.1382,0.1383,535,200,789312.4673999992,649354.6345000004,749172.5864999999,639189.8662999996,23460.165000000005,37952.845400000006,18854.5049,16436.5503,37460.0951,30442.528899999998,87240.2117,65299.0824,138666.2299,90901.71999999999
2026-10-08T10:02:01.830586+00:00,obs-20261007-01,LIGHT,XRPUSDT,1.0,1.416,1.4161,1.4160499999999998,0.7062146892655718,26681682804,1.416,1.4161,487,47,1414440.1606299991,1122070.8940399997,1178860.1166599991,1300172.6466700002,15394.14393,30683.23004,1070986.13527,802992.8659400002,1518316.4776000003,1202712.9017100004,2405498.8543100017,2107628.4829700007,2928410.961350001,2286158.1299600024
2026-10-08T10:02:01.830586+00:00,obs-20261007-01,LIGHT,HBARUSDT,1.0,0.09558,0.09559,0.095585,1.0462439840974724,8394965823,0.09558,0.09559,334,103,1624543.1914300001,992154.2801300003,1592651.3707699997,994988.4765300001,11856.346400000006,7614.407539999998,200980.19060999996,130447.66415000001,362131.2194100001,227850.34789,507094.7863100001,381638.02951000014,879846.3548300005,759809.5929199998
