timestamp_utc,session_id,mode,symbol,quote_to_usdt,best_bid,best_ask,mid_usdt,spread_bps,update_id,bookticker_bid,bookticker_ask,depth_events,agg_trades,bid_add_1pct_usd,ask_add_1pct_usd,bid_remove_1pct_usd,ask_remove_1pct_usd,taker_sell_quote_usd,taker_buy_quote_usd,bid_depth_25bps_usd,ask_depth_25bps_usd,bid_depth_50bps_usd,ask_depth_50bps_usd,bid_depth_100bps_usd,ask_depth_100bps_usd,bid_depth_200bps_usd,ask_depth_200bps_usd
2026-10-07T18:02:08.228318+00:00,obs-20261007-01,LIGHT,PEPEUSDT,1.0,4.03e-06,4.04e-06,4.035e-06,24.81389578163684,8827881806,,,0,0,0.0,0.0,0.0,0.0,0.0,0.0,65375.68726312001,148765.22958924,208212.80366704002,281732.45616774005,512775.52373564,589171.49700738,835547.3364065399,871860.3038389699
2026-10-07T18:02:08.228318+00:00,obs-20261007-01,LIGHT,BNBUSDT,1.0,769.95,769.96,769.955,0.12987856354396143,20909388638,,,0,0,0.0,0.0,0.0,0.0,0.0,0.0,485289.1663599999,622591.4978300001,1030927.5855200002,1388834.9553000007,2691096.477939998,3588330.0512500005,5147119.259100002,4643877.421350001
2026-10-07T18:02:08.228318+00:00,obs-20261007-01,LIGHT,AAVEUSDT,1.0,171.57,171.58,171.575,0.5828524800377544,10439095381,,,0,0,0.0,0.0,0.0,0.0,0.0,0.0,142491.87954,62516.434960000006,323333.6525400002,115154.30937,905292.8207300002,161741.93647999992,1042982.8325000003,212749.67454999985
2026-10-07T18:02:08.228318+00:00,obs-20261007-01,LIGHT,AVAXUSDT,1.0,11.287,11.288,11.287500000000001,0.8859750155032486,10519033624,,,0,0,0.0,0.0,0.0,0.0,0.0,0.0,177381.95172,79250.92340999999,284712.61042,154770.21592000002,429857.12462,238894.98969000007,567625.4313700001,368464.9377400004
2026-10-07T18:02:08.228318+00:00,obs-20261007-01,LIGHT,FILUSDT,1.0,1.0242,1.0243,1.0242499999999999,0.976371802381415,9895011578,,,0,0,0.0,0.0,0.0,0.0,0.0,0.0,81350.316134,66819.74953699998,152197.83971999996,120599.69192499996,292032.170565,182562.32807200006,420493.3608249999,267409.210068
2026-10-07T18:02:08.228318+00:00,obs-20261007-01,LIGHT,ALGOUSDT,1.0,0.1172,0.1173,0.11725,8.532423208191808,5664308718,,,0,0,0.0,0.0,0.0,0.0,0.0,0.0,14090.5294,24367.307699999998,39071.9599,51993.0878,84108.0435,77357.9618,171620.55830000003,84749.12630000003
2026-10-07T18:02:08.228318+00:00,obs-20261007-01,LIGHT,XRPUSDT,1.0,1.4211,1.4212,1.42115,0.7036802476956261,26676973672,1.4209,1.421,0,0,0.0,0.0,0.0,0.0,0.0,0.0,859143.9926,746814.17055,1688614.2179500007,1278902.6316900006,2777444.0676500006,1928359.2489299998,4102247.4690799993,2706434.65152
2026-10-07T18:02:08.228318+00:00,obs-20261007-01,LIGHT,HBARUSDT,1.0,0.09245,0.09246,0.09245500000000001,1.0816657652790163,8392778464,,,0,0,0.0,0.0,0.0,0.0,0.0,0.0,113863.35617000001,97787.9842,169664.73574,178824.03902999999,377592.28596,324821.00809999986,940591.3407600003,679444.7696599996
2026-10-07T18:03:08.266464+00:00,obs-20261007-01,LIGHT,PEPEUSDT,1.0,4.04e-06,4.05e-06,4.045e-06,24.752475247524774,8827882906,4.04e-06,4.05e-06,252,18,525095.1770262097,841437.4292359402,391107.12768841,945834.1820992604,127.41904339999999,4019.9503203199993,63964.300877680005,197055.97830360002,232193.74847571002,371414.86675728,455258.06982144,619605.9205000601,827771.2874810499,876071.9638171
2026-10-07T18:03:08.266464+00:00,obs-20261007-01,LIGHT,BNBUSDT,1.0,770.45,770.46,770.455,0.12979427607140437,20909394414,770.45,770.46,562,110,4307015.30031,3696652.448850002,4235445.322150001,3811599.6786600016,4298.078050000001,39707.65963,526607.74391,657254.6568,1030194.0829699999,1996052.84078,2739565.149859996,3600204.747009999,4982467.232950005,4664293.861540002
2026-10-07T18:03:08.266464+00:00,obs-20261007-01,LIGHT,AAVEUSDT,1.0,171.79,171.8,171.79500000000002,0.582106059725529,10439099878,171.79,171.8,427,121,982793.7026599998,586552.3403700001,970503.7164700007,589260.41976,29952.76995,9587.91315,69114.73185999999,64845.62882000002,325373.8683900001,116837.70913000003,418852.42922999995,174232.0660599999,1033911.0680899998,214640.43696999984
2026-10-07T18:03:08.266464+00:00,obs-20261007-01,LIGHT,AVAXUSDT,1.0,11.314,11.315,11.314499999999999,0.8838607035532853,10519046447,11.314,11.315,549,288,3706904.9749700003,1590443.2691200015,3727892.476790001,1531213.39177,160168.87029999995,44249.252400000005,158546.36599,148641.04027,263171.6988400001,224089.49704999998,364215.48605000007,375570.8422400002,513283.72641000006,438853.74611000024
2026-10-07T18:03:08.266464+00:00,obs-20261007-01,LIGHT,FILUSDT,1.0,1.0244,1.0245,1.0244499999999999,0.9761811792263764,9895015680,1.0244,1.0245,453,139,249202.36524299998,235936.49485200006,257864.4331660001,234842.7513900001,3259.387717000001,10930.887197999999,81780.33109600001,67023.50594299998,144667.946578,113944.44198299997,283240.10467000003,183701.06193900004,412030.94878199993,268774.00255300006
2026-10-07T18:03:08.266464+00:00,obs-20261007-01,LIGHT,ALGOUSDT,1.0,0.1175,0.1176,0.11754999999999999,8.510638297871687,5664309706,0.1175,0.1176,243,12,117907.53780000002,86102.77859999999,77787.87109999997,90948.1916,1185.9019999999998,775.1614999999999,16119.456600000001,23232.0125,39287.1455,50457.538400000005,88832.2335,81456.3499,180268.1994,94159.33030000002
2026-10-07T18:03:08.266464+00:00,obs-20261007-01,LIGHT,XRPUSDT,1.0,1.423,1.4231,1.42305,0.7027406886850329,26676981759,1.423,1.4231,577,184,5055181.863339997,4727302.718520002,5054894.619520003,4783417.467070005,36254.67905000001,322802.30553000007,973449.8150899999,666034.38196,1457116.00362,1233838.1594200002,2692184.9201100003,1875238.7802299997,4262513.273199997,2697993.85014
2026-10-07T18:03:08.266464+00:00,obs-20261007-01,LIGHT,HBARUSDT,1.0,0.09255,0.09256,0.092555,1.0804970286337756,8392782431,0.09255,0.09256,507,238,1339122.2343800005,914337.139,1304846.9679099992,913602.7119400001,2561.8715,12792.32196999996,112369.32854000002,93461.77819999999,208734.77867000003,178298.57166999995,400835.66982,326402.2948300001,942305.5443000003,682213.8319699999
2026-10-07T18:04:08.279408+00:00,obs-20261007-01,LIGHT,PEPEUSDT,1.0,4.04e-06,4.05e-06,4.045e-06,24.752475247524774,8827883892,4.04e-06,4.05e-06,220,15,403202.87039302994,602543.2886103002,336291.53258079995,692479.5423469599,1428.48770664,1655.3737222600002,82654.21317832,143024.1982911,278922.43610702,281322.81599562,495241.44463767,529669.6667634,858233.8536273299,904774.0697130999
2026-10-07T18:04:08.279408+00:00,obs-20261007-01,LIGHT,BNBUSDT,1.0,770.66,770.67,770.665,0.12975890794963973,20909398260,770.66,770.67,434,68,2798431.349070001,2016241.7476199998,2640585.530050002,2003079.5381599995,4351.32209,16572.859370000002,515809.4494300001,675841.6792700001,997077.3576700002,2030795.5056299996,2853400.3713699966,3617715.91294,4918857.423340003,4723572.984770005
2026-10-07T18:04:08.279408+00:00,obs-20261007-01,LIGHT,AAVEUSDT,1.0,172.07,172.08,172.075,0.5811588307103044,10439103118,172.07,172.08,326,97,416845.0558000001,706324.4340399995,393784.40835999994,699001.5742500001,3187.72962,11044.741539999999,64115.40621,67851.38619000002,323019.25381,126140.75376000005,395398.87451000005,186342.02727000005,1017450.7134300001,222885.00181999995
2026-10-07T18:04:08.279408+00:00,obs-20261007-01,LIGHT,AVAXUSDT,1.0,11.331,11.332,11.3315,0.8825346394858435,10519055251,11.331,11.332,435,195,1880294.5560400004,1236785.79181,1896169.5863899996,1239366.5392600002,61419.229719999996,27252.837229999994,134168.69626000003,164544.30877000006,227205.65237999998,239421.85739000008,313039.09069,380756.6659500002,446828.2682000001,437893.2205500003
2026-10-07T18:04:08.279408+00:00,obs-20261007-01,LIGHT,FILUSDT,1.0,1.0244,1.0245,1.0244499999999999,0.9761811792263764,9895016912,1.0244,1.0245,292,45,53023.50375300001,55272.80144400002,50220.917797999995,64149.451688999994,2595.596186,7091.21276,81850.31469500001,58146.842909,149914.01275,105001.44826399999,286042.69062500005,174824.41169400004,414289.5637660001,260187.096308
2026-10-07T18:04:08.279408+00:00,obs-20261007-01,LIGHT,ALGOUSDT,1.0,0.1176,0.1177,0.11765,8.503401360544505,5664310791,0.1176,0.1177,206,11,68821.70039999999,77920.8417,63101.98480000003,72134.78350000002,2742.4840999999997,6267.094799999999,17955.0642,17698.297300000002,43660.442299999995,49825.3827,87477.1571,87617.6973,171951.0026,102242.16170000003
2026-10-07T18:04:08.279408+00:00,obs-20261007-01,LIGHT,XRPUSDT,1.0,1.4225,1.4226,1.4225500000000002,0.7029876977160399,26676985654,1.4225,1.4226,441,111,1802992.3319599994,2156119.6517399997,1898559.7300600007,1901781.1685600001,30585.050960000004,125581.31063000004,1038051.4851500001,911798.4301599999,1487178.5239400002,1340657.8682900004,2617048.5382700004,2130312.2938800002,4156510.180359998,2949251.5228200015
2026-10-07T18:04:08.279408+00:00,obs-20261007-01,LIGHT,HBARUSDT,1.0,0.09257,0.09258,0.09257499999999999,1.0802635843143449,8392784757,0.09257,0.09258,359,91,886795.2974500007,605896.5488400002,873536.3011500001,573164.0874799999,1181.6066700000001,4596.56663,124560.32201,132978.96527,213558.5828000001,209466.13710999995,414075.88074000005,361957.80088000005,945592.4022300002,710215.81825
2026-10-07T18:05:08.295494+00:00,obs-20261007-01,LIGHT,PEPEUSDT,1.0,4.05e-06,4.06e-06,4.055e-06,24.691358024691024,8827884949,4.05e-06,4.06e-06,237,40,611707.12673746,609889.2352715302,520403.6881403201,744082.11063777,453.75923385,13472.272232570003,99635.3410428,108505.31791372,267337.97714644,256085.80085812,472194.76950443,513993.76245348994,826959.9294808401,843715.0389965499
2026-10-07T18:05:08.295494+00:00,obs-20261007-01,LIGHT,BNBUSDT,1.0,771.46,771.47,771.465,0.12962434863705852,20909404380,771.46,771.47,479,117,5680444.047929997,4734745.76654,5733007.646310001,4989408.820319999,547.46524,16854.341359999995,519513.2278,769022.6517599999,1026740.7744800007,2152401.244190001,2508679.5313099986,3437980.10235,4736595.402809998,4599875.888250003
2026-10-07T18:05:08.295494+00:00,obs-20261007-01,LIGHT,AAVEUSDT,1.0,172.34,172.35,172.345,0.5802483462913344,10439106706,172.34,172.35,387,85,477130.2508499997,550793.3967200001,623710.0169500001,565929.9361499998,1876.84908,7987.178410000002,84442.18491,66202.72513,132233.14131,113827.01560000004,220673.08609000006,175856.4250800001,822162.8123900001,211760.35289999997
2026-10-07T18:05:08.295494+00:00,obs-20261007-01,LIGHT,AVAXUSDT,1.0,11.382,11.383,11.3825,0.8785802143740362,10519067205,11.381,11.383,490,384,1509839.5966600003,2248952.5176099995,1325395.9449600012,2248393.641409999,50170.45280999999,53767.72754000008,119459.33914,252747.00250000003,266107.86976,324480.77893999993,443200.95597999985,403960.23548,546517.1696699997,483588.81766
2026-10-07T18:05:08.295494+00:00,obs-20261007-01,LIGHT,FILUSDT,1.0,1.0268,1.0269,1.02685,0.9738994935726275,9895022494,1.0268,1.0269,359,201,412208.4872720004,406030.41577099997,379591.8372390002,438155.56141899986,6823.092627000005,28186.29959999999,57771.139778000004,46387.148617,136232.92880999998,103068.00825900001,284125.012764,169414.06401099992,423696.44593300007,264317.3004199999
2026-10-07T18:05:08.295494+00:00,obs-20261007-01,LIGHT,ALGOUSDT,1.0,0.1178,0.1179,0.11785000000000001,8.48896434634927,5664311950,0.1178,0.1179,241,11,109064.15370000002,99735.71259999997,79865.6225,112363.4135,4891.7381000000005,1683.0937000000001,17865.743300000002,16855.128,42926.1316,45811.7995,86311.7284,78238.35759999999,168439.30299999999,83966.59629999999
2026-10-07T18:05:08.295494+00:00,obs-20261007-01,LIGHT,XRPUSDT,1.0,1.4243,1.4244,1.42435,0.7020992768391743,26676993399,1.4243,1.4244,498,151,5244959.1986299995,4200676.753870003,5009512.9407100035,4566774.1542099975,114367.00627999999,149173.39175,1118424.54736,784144.37127,1574445.4291899996,1142682.6922300002,2550437.331629999,1903139.1872300003,4375932.6108899955,2630100.257800002
2026-10-07T18:05:08.295494+00:00,obs-20261007-01,LIGHT,HBARUSDT,1.0,0.09266,0.09267,0.092665,1.079214331964895,8392788063,0.09266,0.09267,373,195,1661320.7664499998,583939.0932700001,1653385.8302600007,614661.61545,2096.2540700000004,7208.582509999978,115252.61082,105495.98818,213977.62596000003,192955.07327000002,417672.22917,342166.53920999996,937585.6697700003,673368.41092
2026-10-07T18:06:08.298383+00:00,obs-20261007-01,LIGHT,PEPEUSDT,1.0,4.05e-06,4.06e-06,4.055e-06,24.691358024691024,8827885971,4.05e-06,4.06e-06,253,14,521503.73221303016,538031.2414457999,516454.02403811,524195.34313591,13746.091432500001,816.14547518,97310.4727734,105995.49868516,262756.23274076,269603.64707522,477244.47767935006,527829.66076338,799412.4996082002,897291.8736838099
2026-10-07T18:06:08.298383+00:00,obs-20261007-01,LIGHT,BNBUSDT,1.0,771.72,771.73,771.725,0.12958067692858677,20909409818,771.72,771.73,490,79,4621092.533149995,3071958.46739,4365440.21535,2908220.5398200015,2183.5622699999994,10510.724670000003,492726.0299699999,946065.7400699999,947344.07943,2242612.6835200028,2292166.2802199987,3709401.175020002,4176963.5986199956,4862075.416880005
2026-10-07T18:06:08.298383+00:00,obs-20261007-01,LIGHT,AAVEUSDT,1.0,172.91,172.92,172.915,0.5783355502853027,10439116694,172.91,172.92,516,222,1750714.7920699988,1396633.2504400015,1537750.4183799992,1349895.2026099998,9118.991159999998,20753.270409999994,212287.91699,129596.80385000001,325317.7386500001,173547.04602999994,384322.95841000014,238567.26184999995,995326.7682500001,287833.8988900001
2026-10-07T18:06:08.298383+00:00,obs-20261007-01,LIGHT,AVAXUSDT,1.0,11.385,11.386,11.3855,0.8783487044361493,10519085204,11.385,11.386,550,362,2177957.690569999,3996793.05223,2292133.6239300007,4000535.355450001,63324.97116999999,75493.92302999996,132919.5895,229675.86801,243928.49852999998,303044.0311400001,340617.6631299998,401516.04537000024,447957.2699699999,485844.9294900002
2026-10-07T18:06:08.298383+00:00,obs-20261007-01,LIGHT,FILUSDT,1.0,1.028,1.0281,1.02805,0.9727626459143934,9895029849,1.028,1.0281,484,298,627993.676698,577931.4647920002,638147.5009930001,572150.4318190002,11889.982624000007,20783.291844,79810.32235599999,45592.577099,147030.668546,89860.757937,242383.86518900003,181465.034065,388830.64610100014,280939.2171100001
2026-10-07T18:06:08.298383+00:00,obs-20261007-01,LIGHT,ALGOUSDT,1.0,0.1178,0.1179,0.11785000000000001,8.48896434634927,5664312712,0.1178,0.1179,198,5,71593.1609,55598.361899999996,59733.144299999985,45333.62590000001,1415.8264000000001,828.2475000000001,23628.199099999998,15542.143199999999,53670.91160000001,44860.18949999999,102622.09950000001,88503.09359999998,179321.6554,101076.06589999997
2026-10-07T18:06:08.298383+00:00,obs-20261007-01,LIGHT,XRPUSDT,1.0,1.4231,1.4232,1.4231500000000001,0.7026913077079477,26677004931,1.4231,1.4232,566,166,7231760.613939996,6444934.85616,7314917.264210001,6041128.207220006,79325.12952999998,163495.61302,1024560.3828099999,921544.9601099999,1435171.926139999,1501524.25123,2749745.9583499995,2171275.171460001,4157014.1174499984,2999708.689160002
2026-10-07T18:06:08.298383+00:00,obs-20261007-01,LIGHT,HBARUSDT,1.0,0.09266,0.09267,0.092665,1.079214331964895,8392792586,0.09266,0.09267,439,217,1340540.9281700002,849476.5186299998,1354861.6574499998,847898.3655100001,3372.58023,13560.382869999965,111513.10042999998,115707.88854000001,198471.90277000002,156111.68666000004,400107.2333299999,343751.43225,919110.0105000001,690446.6175500002
2026-10-07T18:07:08.298500+00:00,obs-20261007-01,LIGHT,PEPEUSDT,1.0,4.04e-06,4.05e-06,4.045e-06,24.752475247524774,8827887453,4.04e-06,4.05e-06,236,38,1098270.27503431,636860.8032580501,1128047.3305689804,554273.3654853401,24532.76324532,4213.32987435,165069.35602768,51401.5103394,295661.78259449004,233787.71497752,546981.58733716,491243.38495270995,866283.3934011401,906998.2867079
2026-10-07T18:07:08.298500+00:00,obs-20261007-01,LIGHT,BNBUSDT,1.0,771.45,771.46,771.455,0.12962602890631558,20909414279,771.45,771.46,486,160,2816748.9868300008,1916519.65358,2221327.4822000028,1869121.5862100008,35942.24171000002,29964.422709999988,469758.78592000005,866402.4051999999,970234.2735900002,2163898.059780001,2783958.157259999,3649091.943020001,4809981.999679998,4851346.631270004
2026-10-07T18:07:08.298500+00:00,obs-20261007-01,LIGHT,AAVEUSDT,1.0,172.72,172.73,172.725,0.5789717461790467,10439122178,172.72,172.73,417,150,963042.10087,692003.5803300007,955301.5135500001,731602.3292099991,29810.853320000017,9089.33062,278684.2834000001,64546.315680000014,323532.4803700002,113107.36857000002,429912.08961,191806.36711000008,989100.4599500002,245226.54505000002
2026-10-07T18:07:08.298500+00:00,obs-20261007-01,LIGHT,AVAXUSDT,1.0,11.343,11.344,11.343499999999999,0.881600987392428,10519096085,11.343,11.344,483,197,3265047.95554,1019375.2573800003,3308400.3416799996,983086.26196,43929.482229999994,21143.181090000002,174939.65570000003,132702.30306,261080.92006999996,225442.7988999999,367020.15356,412136.16425999993,425441.9059699999,488760.5201499999
2026-10-07T18:07:08.298500+00:00,obs-20261007-01,LIGHT,FILUSDT,1.0,1.0259,1.026,1.02595,0.9747538746474049,9895035775,1.0259,1.026,461,200,505198.2318619999,496857.60225599987,539963.0461020004,428047.6375169997,12970.420835999996,10784.686895999997,77031.47866699999,64752.507426,137245.837105,133990.142011,249178.56618100003,220656.45895,356165.1733000001,309469.41366099997
2026-10-07T18:07:08.298500+00:00,obs-20261007-01,LIGHT,ALGOUSDT,1.0,0.1178,0.1179,0.11785000000000001,8.48896434634927,5664313576,0.1178,0.1179,202,3,76648.02990000001,51866.378099999994,64344.20940000002,53503.26289999998,1910.3626,117.9,20849.5155,15632.8982,55855.3092,46359.318,114925.92000000001,86866.2088,178352.4598,100417.2171
2026-10-07T18:07:08.298500+00:00,obs-20261007-01,LIGHT,XRPUSDT,1.0,1.4216,1.4217,1.42165,0.7034327518296024,26677012303,1.4216,1.4217,504,153,5375749.122130001,3849890.1918899957,5502556.600930002,3915036.342490001,103594.81009000003,94167.28476000002,1046797.37102,1006413.7602000001,1470624.6858799995,1415935.1978800006,2702461.98015,2105813.750460001,4040047.3842799985,2928388.926830002
2026-10-07T18:07:08.298500+00:00,obs-20261007-01,LIGHT,HBARUSDT,1.0,0.09259,0.0926,0.09259500000000001,1.0800302408453533,8392796676,0.09259,0.0926,397,101,1288352.0666699999,1327341.2032600008,1285407.6235899997,1310123.3804100004,1200.2102399999999,10366.928989999991,115517.81346999996,119728.50966999997,169691.5066699999,205095.07796999995,410599.3228899999,355329.9329999999,928080.9212600002,695158.50391
2026-10-07T18:08:08.326118+00:00,obs-20261007-01,LIGHT,PEPEUSDT,1.0,4.04e-06,4.05e-06,4.045e-06,24.752475247524774,8827888320,4.04e-06,4.05e-06,198,27,944521.32549473,317871.3002127999,899729.2071754598,256826.29859969,2294.84838331,1714.9649447299998,88985.58631708,123124.25673630001,297236.90861142,288769.57848422,571972.48874313,552288.4356458201,875994.16172228,948573.9555303801
2026-10-07T18:08:08.326118+00:00,obs-20261007-01,LIGHT,BNBUSDT,1.0,770.89,770.9,770.895,0.12972019354240416,20909418919,770.89,770.9,435,184,3891497.507309998,4659703.284139998,3650401.2663099985,4325839.465389999,34451.95989,4033.12417,696078.5228100001,712496.15824,1244308.6503800002,2322587.7045299984,3239825.049219999,3918510.9286700003,5496265.87354,5222032.760089994
2026-10-07T18:08:08.326118+00:00,obs-20261007-01,LIGHT,AAVEUSDT,1.0,172.38,172.39,172.385,0.5801137022842795,10439125569,172.38,172.39,359,67,1039779.7529599996,695461.8150700004,1035493.8224500001,658242.8163500001,4819.623879999999,1761.0369400000002,293899.38698999997,90233.45081000002,372739.83372999984,135708.19864000005,444931.84870999964,212500.7076400001,975163.49261,247711.92670999997
2026-10-07T18:08:08.326118+00:00,obs-20261007-01,LIGHT,AVAXUSDT,1.0,11.358,11.359,11.3585,0.8804366966019828,10519105582,11.358,11.359,445,152,3032045.944039999,841464.3091799994,3002916.9331800006,921420.8751,17975.539089999995,17931.570589999996,176851.397,143845.82334000003,314053.99007,300833.22552999994,393105.7625699998,337807.8907799999,421030.2911899999,410388.37000000005
2026-10-07T18:08:08.326118+00:00,obs-20261007-01,LIGHT,FILUSDT,1.0,1.0241,1.0242,1.0241500000000001,0.9764671418799331,9895039571,1.0241,1.0242,385,133,320304.32266900013,359213.2503950001,361560.406816,316750.6659019997,10203.294218999996,5637.151686,91763.44871400003,69385.225965,156844.16803300005,136527.95603800006,224890.85611700005,234786.26652000015,328114.3507600002,333177.6649100001
2026-10-07T18:08:08.326118+00:00,obs-20261007-01,LIGHT,ALGOUSDT,1.0,0.1178,0.1179,0.11785000000000001,8.48896434634927,5664314456,0.1178,0.1179,187,4,143866.13040000002,52914.1714,134429.99910000002,52269.86660000001,359.42560000000003,125.4456,26794.019800000002,21292.865999999998,60448.8248,55100.6019,121395.18720000001,84485.1766,171523.2415,97058.1489
2026-10-07T18:08:08.326118+00:00,obs-20261007-01,LIGHT,XRPUSDT,1.0,1.4202,1.4203,1.4202499999999998,0.7041261794116238,26677020655,1.4202,1.4203,516,111,5710513.232640004,4596504.23053,5778013.028520004,4280967.999789998,70341.77335999999,46495.20121999998,977333.4459500001,1056197.9249800001,1606493.5658600002,1735531.10522,2708149.048450001,2414734.8793800017,3983116.8159399983,3206541.0036600027
2026-10-07T18:08:08.326118+00:00,obs-20261007-01,LIGHT,HBARUSDT,1.0,0.09246,0.09247,0.09246499999999999,1.081548777850383,8392799236,0.09246,0.09247,361,36,465172.5172299999,796345.9513699999,458698.22669999994,756517.4319500002,1944.35237,3889.6292900000003,134777.10525,124655.92135000002,251039.82528000002,233826.41565000004,420723.21174,386704.3719700001,924474.8078800003,732700.1600500002
2026-10-07T18:09:08.361198+00:00,obs-20261007-01,LIGHT,PEPEUSDT,1.0,4.03e-06,4.04e-06,4.035e-06,24.81389578163684,8827889180,4.03e-06,4.04e-06,221,28,546883.3220047401,317279.58024632,618058.13931654,188269.86063444,17382.79778476,1301.7445483499998,177628.72890204002,52025.188884040006,295839.27381378,216031.44538684003,652495.1390353299,544553.3163709801,857380.84657639,1007354.6810349801
2026-10-07T18:09:08.361198+00:00,obs-20261007-01,LIGHT,BNBUSDT,1.0,770.25,770.26,770.255,0.12982797792826517,20909423409,770.25,770.26,416,116,4700374.1965,4105212.744870001,4884808.24821,3920589.9670600006,17311.68799999999,2833.3035700000005,723385.0527599999,771134.9241599999,1302889.2633399994,2282984.48038,3491159.783699996,4048336.7926800014,5769119.321,5330796.262749995
2026-10-07T18:09:08.361198+00:00,obs-20261007-01,LIGHT,AAVEUSDT,1.0,172.25,172.26,172.255,0.5805515239476478,10439127620,172.25,172.26,329,29,1108818.9087599993,418649.12871,1106863.2580599994,410288.53980999993,365.82435000000004,2988.5236099999997,306398.78543,83392.99541000002,380779.40680999984,135415.36646,450609.8679099996,218467.42220000003,978258.2298200001,254810.42724999992
2026-10-07T18:09:08.361198+00:00,obs-20261007-01,LIGHT,AVAXUSDT,1.0,11.348,11.349,11.348500000000001,0.8812125484669586,10519115824,11.348,11.349,483,172,3176237.3504200033,961663.9353899995,3192986.6124400017,934651.2539700003,36790.88681999996,41568.07999,190843.87152000002,102353.44382,292898.00881,285783.3010099999,379607.29269999993,359540.65579,413998.64611,422575.73881999997
2026-10-07T18:09:08.361198+00:00,obs-20261007-01,LIGHT,FILUSDT,1.0,1.0221,1.0222,1.02215,0.9783778495253692,9895043449,1.0221,1.0222,410,192,454270.2187600002,247264.78608399985,427427.25700900005,198624.9438919999,19680.110741000004,15476.955699999997,78566.01567099999,75918.549829,185450.1183120001,146194.52584199994,286274.18707100005,254236.65572699995,356406.61103800003,333033.6204719998
2026-10-07T18:09:08.361198+00:00,obs-20261007-01,LIGHT,ALGOUSDT,1.0,0.1178,0.1179,0.11785000000000001,8.48896434634927,5664315368,0.1178,0.1179,232,1,207072.98729999998,26648.05599999999,180770.35310000004,18439.3988,81.6838,0.0,29183.2132,26257.6282,72391.6721,62458.3547,147697.8214,92693.8338,185855.97009999998,105266.80609999999
2026-10-07T18:09:08.361198+00:00,obs-20261007-01,LIGHT,XRPUSDT,1.0,1.4189,1.419,1.4189500000000002,0.7047713017116486,26677025694,1.4189,1.419,469,122,3734589.4734499976,3076694.5522599993,3797736.370539998,3101026.6317500016,109092.31721,61486.964900000006,907672.6968800003,1060676.38554,1514708.57544,1604411.59195,2689497.551860002,2382567.927890001,4005927.78256,2536053.4531500023
2026-10-07T18:09:08.361198+00:00,obs-20261007-01,LIGHT,HBARUSDT,1.0,0.09242,0.09243,0.09242500000000001,1.08201687946341,8392802115,0.09242,0.09243,405,61,1238048.4058799993,779827.5282600002,1254817.2288199998,769551.1726000002,979.8423999999999,4294.83784,129162.87099,133797.57542,237026.91702999998,242516.77457000004,430107.93467,393256.29055000015,909933.6185400004,726024.0115500002
2026-10-07T18:10:08.373803+00:00,obs-20261007-01,LIGHT,PEPEUSDT,1.0,4.04e-06,4.05e-06,4.045e-06,24.752475247524774,8827890213,4.04e-06,4.05e-06,222,26,689303.88799354,330540.06058147,635384.4028171799,456818.2119388601,567.6261690800001,3095.0006365,68030.06958136,142472.01452355,257050.93898353,290979.65956525004,560522.6330756899,545461.8542043901,859491.4613266898,941864.71800087
2026-10-07T18:10:08.373803+00:00,obs-20261007-01,LIGHT,BNBUSDT,1.0,770.59,770.6,770.595,0.12977069518083084,20909427260,770.59,770.6,416,57,1298618.7947200001,1462758.7339399995,1282227.8162000002,1462996.3726999995,3437.9167399999997,7481.293999999999,674198.5088500003,872380.2252299996,1271217.7020099994,2337805.8779699975,3149383.894519996,4068687.0987600023,5524309.34801,5373784.028349995
2026-10-07T18:10:08.373803+00:00,obs-20261007-01,LIGHT,AAVEUSDT,1.0,172.5,172.51,172.505,0.5797101449278586,10439129732,172.5,172.51,318,38,844586.1900500002,552218.7685500004,832381.6252600005,576513.8115999999,2918.8446,2518.09215,83585.31844,83178.16365000002,378545.17590999993,150224.50371999998,445851.1049999997,201317.02544000006,983288.4659600001,233081.33629999994
2026-10-07T18:10:08.373803+00:00,obs-20261007-01,LIGHT,AVAXUSDT,1.0,11.363,11.364,11.3635,0.8800492827609752,10519123441,11.363,11.364,437,107,2141137.3312499975,699353.1230299996,2090831.17392,715296.9997000007,13336.67645,32152.925680000015,176477.93378,145109.65344,310429.11354,315444.17345999996,426405.7212,350767.74753999995,454233.71874000004,421697.82350000006
2026-10-07T18:10:08.373803+00:00,obs-20261007-01,LIGHT,FILUSDT,1.0,1.023,1.0231,1.02305,0.9775171065484756,9895046359,1.023,1.0231,388,54,270744.06089100003,252806.9462829999,246845.98177800013,274929.77188500005,1412.319335,3066.053842,89031.79502800002,81231.02773099998,160797.41494700007,148222.89486,280749.42310500005,236249.462574,379578.0630660002,315026.3304729999
2026-10-07T18:10:08.373803+00:00,obs-20261007-01,LIGHT,ALGOUSDT,1.0,0.118,0.1181,0.11804999999999999,8.474576271186862,5664316509,0.118,0.1181,213,3,438343.9929000002,43648.33799999999,433946.91840000014,51914.0053,0.0,1050.2179999999998,21852.7828,29953.919199999997,62849.3543,66882.1078,143853.9182,86510.33460000002,187383.17380000002,101752.56280000001
2026-10-07T18:10:08.373803+00:00,obs-20261007-01,LIGHT,XRPUSDT,1.0,1.4197,1.4198,1.41975,0.7043741635559542,26677029798,1.4197,1.4198,463,98,2553402.1558000003,1813963.8639300002,2371360.9741900004,2039917.1648199994,57549.61665,74871.11658999999,934025.7005399999,962437.9366,1675853.7621699993,1417693.6371099995,2720824.9819300002,2158608.4819499985,4132618.1562600005,2833513.6751900003
2026-10-07T18:10:08.373803+00:00,obs-20261007-01,LIGHT,HBARUSDT,1.0,0.09252,0.09253,0.092525,1.080847384349326,8392804708,0.09252,0.09253,323,75,1065159.2610099998,426633.83941999974,1038309.33675,445436.99407999974,2394.94256,8536.653949999994,141267.08553,128794.99545000002,223569.82339999994,241217.91073000003,439960.24897999986,375173.9445000001,929363.9847500001,707628.3353700001
2026-10-07T18:11:08.374854+00:00,obs-20261007-01,LIGHT,PEPEUSDT,1.0,4.04e-06,4.05e-06,4.045e-06,24.752475247524774,8827890669,4.04e-06,4.05e-06,161,11,189567.13555575,212424.21941665,182875.31163566,207553.66638020996,1.0999990800000001,639.50845815,67519.62873964,140969.25629685,228806.42627917,295850.22892169,567214.45699578,550332.40724083,865381.73950671,946987.6750010699
2026-10-07T18:11:08.374854+00:00,obs-20261007-01,LIGHT,BNBUSDT,1.0,770.6,770.61,770.605,0.12976901115901995,20909429448,770.6,770.61,312,69,865509.5807799998,686618.4757000002,847432.8028899999,700669.3556200004,13092.867750000003,3037.78708,697075.4499800004,894595.4418499996,1293526.9945899996,2324242.9015499977,3167205.1042599953,4054642.445320003,5542406.67107,5359810.965819996
2026-10-07T18:11:08.374854+00:00,obs-20261007-01,LIGHT,AAVEUSDT,1.0,172.46,172.47,172.465,0.5798446016469505,10439131960,172.46,172.47,315,37,1288691.6301100005,575507.7517599998,1345463.82657,573353.21961,1554.13883,10773.09542,222131.25125,85217.34789,303085.5882,140398.97525,391239.7620299998,203359.5456600001,924703.1950600003,234977.93665000002
2026-10-07T18:11:08.374854+00:00,obs-20261007-01,LIGHT,AVAXUSDT,1.0,11.358,11.359,11.3585,0.8804366966019828,10519128927,11.358,11.359,376,78,1179115.6457900002,1185921.19963,1205147.8139799994,1171775.7468100002,8134.939630000001,12043.48119,151490.38136999996,145890.02433000007,295444.02098999993,323603.67085,400430.57718999975,363022.14835000003,428471.9630199998,435602.69275000016
2026-10-07T18:11:08.374854+00:00,obs-20261007-01,LIGHT,FILUSDT,1.0,1.0236,1.0237,1.02365,0.9769441187956751,9895049820,1.0236,1.0237,354,69,342649.976117,426385.39763000037,338270.171303,446710.95897199993,2283.373214999999,2413.2933390000007,95409.07828900001,72161.99339500001,178953.40014000007,143238.53944200004,282146.7389960001,220328.3266470001,383187.82253900013,298951.6639379999
2026-10-07T18:11:08.374854+00:00,obs-20261007-01,LIGHT,ALGOUSDT,1.0,0.118,0.1181,0.11804999999999999,8.474576271186862,5664317528,0.118,0.1181,187,8,401345.3239000001,64798.12259999998,397470.8713000001,65733.4202,3051.4539999999997,1648.6439999999998,22590.5955,23678.766300000003,59543.92599999999,64585.225300000006,147728.37080000003,85575.037,186848.12610000005,102494.73409999997
2026-10-07T18:11:08.374854+00:00,obs-20261007-01,LIGHT,XRPUSDT,1.0,1.4198,1.4199,1.4198499999999998,0.7043245527538211,26677034197,1.4198,1.4199,467,97,2924477.8517400012,2553921.9850300015,2752326.8273500013,2521836.6124200015,137982.47752,70318.97763999998,1133991.3641899999,940627.5929000002,1722318.657439999,1570407.9603799996,2892939.0035400004,2191666.4662199984,4176069.4929400003,2866203.87648
2026-10-07T18:11:08.374854+00:00,obs-20261007-01,LIGHT,HBARUSDT,1.0,0.09247,0.09248,0.092475,1.0814318157259528,8392807215,0.09247,0.09248,320,53,858032.7266999997,617984.88966,889622.1283999997,604347.9056200004,2706.5564400000003,3066.7648799999993,119929.65048999999,135362.10192999998,241900.15218999994,241315.20438999994,410313.6871599999,388299.34743,897880.0037500003,721224.8413300001
2026-10-07T18:12:08.398132+00:00,obs-20261007-01,LIGHT,PEPEUSDT,1.0,4.04e-06,4.05e-06,4.045e-06,24.752475247524774,8827891037,4.04e-06,4.05e-06,147,15,197157.58250455002,185921.95232121006,158614.61090436002,192079.13508556,704.9952792800001,1224.6146635500002,68814.2512806,134767.5353325,269165.14895298006,289693.04615734,605757.42859597,544175.2244764799,877960.37418832,940830.42396659
2026-10-07T18:12:08.398132+00:00,obs-20261007-01,LIGHT,BNBUSDT,1.0,770.64,770.65,770.645,0.12976227551142472,20909432488,770.64,770.65,366,67,1814872.5217999998,1726313.6700499991,1717606.67562,1505286.8641400002,16072.462759999995,17786.557469999996,824925.8223900006,1120079.08859,1395961.9100799998,2540819.921279999,3264377.873969996,4276112.896560001,5638616.727900002,5587909.309009996
2026-10-07T18:12:08.398132+00:00,obs-20261007-01,LIGHT,AAVEUSDT,1.0,172.47,172.48,172.475,0.579810981620188,10439133518,172.47,172.48,273,19,972653.1046099997,646492.7421200002,978453.3172899998,605673.93452,456.35386,2244.63533,213995.02197,122460.96262000003,296601.21969,190838.10367999994,385432.0363499997,244196.81740000003,907136.63846,275705.31643999997
2026-10-07T18:12:08.398132+00:00,obs-20261007-01,LIGHT,AVAXUSDT,1.0,11.365,11.366,11.3655,0.8798944126708896,10519135768,11.365,11.366,431,109,1060409.6010100006,1712247.1442599997,1036547.6915600001,1677143.3915500005,29548.61563,7419.578279999998,167891.57105,186565.66661,318967.1964100001,372328.84777999984,424182.81047,401228.2907899998,452096.96586,471083.6414999999
2026-10-07T18:12:08.398132+00:00,obs-20261007-01,LIGHT,FILUSDT,1.0,1.0221,1.0222,1.02215,0.9783778495253692,9895053883,1.0221,1.0222,409,154,334426.6300429997,416808.1350289998,368059.88687999966,384887.3888009998,5519.836157999996,7018.665527,73083.394896,66361.86196,179892.427746,135544.56452699998,280918.8141609999,243681.28474700003,352378.267324,322508.21741599985
2026-10-07T18:12:08.398132+00:00,obs-20261007-01,LIGHT,ALGOUSDT,1.0,0.1177,0.1178,0.11775,8.49617672047609,5664318639,0.1177,0.1178,222,3,294158.8024,85000.1848,311792.6217,72296.07290000003,208.66280000000003,0.0,26064.4922,23434.6485,68470.0309,60564.5143,142807.8732,92374.51550000002,177459.7691,110124.09870000003
2026-10-07T18:12:08.398132+00:00,obs-20261007-01,LIGHT,XRPUSDT,1.0,1.4203,1.4204,1.42035,0.7040766035348867,26677040471,1.4203,1.4204,459,110,4482972.824030001,4119150.656690001,4557145.018959999,3799989.40279,107888.96803999999,54777.917800000025,969209.4240899999,1148815.6212699998,1631890.7249899998,1641249.5978399992,2742811.7256600005,2529828.1553200004,4115914.335170001,3188156.7749300012
2026-10-07T18:12:08.398132+00:00,obs-20261007-01,LIGHT,HBARUSDT,1.0,0.09253,0.09254,0.092535,1.0807305738680384,8392809349,0.09253,0.09254,296,45,485027.6270199997,229755.96371000004,498561.35163999966,262187.13902,997.6810200000002,5288.71303,113251.65116,121408.47539999998,218446.43892999997,216934.24955999994,394780.23906,356379.7532300001,884040.8700900002,688834.1441
2026-10-07T18:13:08.422438+00:00,obs-20261007-01,LIGHT,PEPEUSDT,1.0,4.04e-06,4.05e-06,4.045e-06,24.752475247524774,8827891647,4.04e-06,4.05e-06,199,17,248199.29330258,525304.4652882998,229321.46733066,532535.6952659398,541.9387704000001,7273.949307300001,109263.63404688,103574.520747,309212.36720677,281598.2712516,624635.25456789,536943.99449884,867861.14794958,933721.59544251
2026-10-07T18:13:08.422438+00:00,obs-20261007-01,LIGHT,BNBUSDT,1.0,770.86,770.87,770.865,0.1297252419374395,20909434991,770.86,770.87,301,44,950036.5067000001,1226707.79988,933810.9671799998,1365054.63383,3473.3967,4460.593500000001,714470.7970700006,985890.6761699998,1323863.53791,2417982.470919999,3203400.5086999983,4148010.9616500037,5646891.690640003,5451311.708479997
2026-10-07T18:13:08.422438+00:00,obs-20261007-01,LIGHT,AAVEUSDT,1.0,172.57,172.58,172.575,0.579474995654472,10439135756,172.57,172.58,274,37,1785832.581890001,572879.8298899999,1803775.1819100003,623664.6361699998,7062.278569999999,4090.5005599999995,195394.47380999997,74609.58078999999,287618.40621,147471.89740000002,360671.31541999977,198554.7475000001,887509.1585800002,238448.25370000006
2026-10-07T18:13:08.422438+00:00,obs-20261007-01,LIGHT,AVAXUSDT,1.0,11.361,11.362,11.3615,0.8802042073763339,10519144721,11.361,11.362,438,222,1255790.3639400005,2475679.384939999,1311874.803380001,2452661.9546999997,72838.45478000003,24244.59911999999,131629.29695,189712.29309,261611.24951000002,364466.8377999999,368177.3437899999,421149.1835499999,396994.39941999986,493732.68714
2026-10-07T18:13:08.422438+00:00,obs-20261007-01,LIGHT,FILUSDT,1.0,1.0235,1.0236,1.0235500000000002,0.9770395701025336,9895056821,1.0235,1.0236,377,70,265301.9434200001,358438.6212169998,236179.89278800006,383637.8492900003,1398.2457930000003,2076.3402840000003,76936.72883200001,76090.62514299998,159490.630735,145445.49114699996,277614.97896300006,226732.65053799996,379863.91286700004,305505.54567199975
2026-10-07T18:13:08.422438+00:00,obs-20261007-01,LIGHT,ALGOUSDT,1.0,0.1179,0.118,0.11795,8.481764206953457,5664319761,0.1179,0.118,184,5,399551.6424999999,70092.4739,384213.66109999997,76526.73300000005,0.0,1931.1877000000002,20074.4194,31584.7299,61394.72,66836.6433,147973.1069,91411.691,189847.98220000003,104151.9918
2026-10-07T18:13:08.422438+00:00,obs-20261007-01,LIGHT,XRPUSDT,1.0,1.4222,1.4223,1.42225,0.7031359864995146,26677047972,1.4222,1.4223,429,139,4745840.1877799975,4485606.796479999,4626299.77962,4687218.26993,81628.29958,105533.54253,910440.48463,1275844.1250200004,1536771.02133,1458904.1625200002,2812352.0043900013,2334420.66499,4195014.251250001,3033969.5738300015
2026-10-07T18:13:08.422438+00:00,obs-20261007-01,LIGHT,HBARUSDT,1.0,0.09255,0.09256,0.092555,1.0804970286337756,8392811347,0.09255,0.09256,310,55,326556.24507,301591.52366000006,291026.57072999986,315864.63882,1798.97664,3733.4112600000003,146805.81504,110660.98596999997,252924.45616999996,203281.38327000005,429469.57476000005,342560.20303000015,919455.9115600004,674575.3777400001
2026-10-07T18:14:08.460577+00:00,obs-20261007-01,LIGHT,PEPEUSDT,1.0,4.04e-06,4.05e-06,4.045e-06,24.752475247524774,8827892139,4.04e-06,4.05e-06,141,10,233636.22289553998,287464.42585170997,275740.4322962199,284523.94637483,80.80000000000001,664.64011755,69884.56049756,128426.83270110001,291407.99587314,284538.89317848,582531.04516721,539884.47397572,869733.5718682101,936712.6758255501
2026-10-07T18:14:08.460577+00:00,obs-20261007-01,LIGHT,BNBUSDT,1.0,770.94,770.95,770.945,0.12971178042331388,20909439495,770.94,770.95,420,125,3477710.260949999,3980116.4100699998,3450429.871429999,3862992.32722,29179.514380000008,10464.936850000002,724665.23554,1060867.7546500002,1321276.4673099995,2511158.5808699983,3230399.278609998,4265479.964229998,5662501.210800002,5571170.178729995
2026-10-07T18:14:08.460577+00:00,obs-20261007-01,LIGHT,AAVEUSDT,1.0,172.42,172.43,172.425,0.5799791207516947,10439138284,172.42,172.43,243,83,1302213.2567899993,523926.79474000016,1299888.3517900002,508372.49008999986,58776.33919999999,2940.27406,239608.34143000003,84223.56788999998,317019.87639000005,128353.84529999997,369396.4390500001,209369.17354000005,905045.7470400004,240699.02907999998
2026-10-07T18:14:08.460577+00:00,obs-20261007-01,LIGHT,AVAXUSDT,1.0,11.351,11.352,11.351500000000001,0.8809796493691735,10519149191,11.351,11.352,346,75,694992.52271,1273590.1439500006,717051.5607399999,1241563.3966600008,34418.232729999996,27921.628200000003,135820.67012,197716.78440999996,269461.9838399999,378734.5610199998,349203.05355999974,452994.37181999977,361650.9268899997,512260.07616999984
2026-10-07T18:14:08.460577+00:00,obs-20261007-01,LIGHT,FILUSDT,1.0,1.0228,1.0229,1.02285,0.9777082518569458,9895059817,1.0228,1.0229,349,132,316896.26237099984,321182.01886300027,323104.15485799994,307715.391054,6040.352507999995,2188.585589,106375.86000200002,78286.949396,181058.16848400002,153939.82619099997,276078.2472309999,240086.836732,374940.451589,318751.78103999986
2026-10-07T18:14:08.460577+00:00,obs-20261007-01,LIGHT,ALGOUSDT,1.0,0.1178,0.1179,0.11785000000000001,8.48896434634927,5664320184,0.1178,0.1179,101,3,261073.12419999996,22144.4374,271654.1459,15122.227299999997,508.31770000000006,7.1919,23944.607900000003,28107.1296,67362.0211,62034.3537,144506.58399999997,98087.7965,180926.45589999997,111129.6909
2026-10-07T18:14:08.460577+00:00,obs-20261007-01,LIGHT,XRPUSDT,1.0,1.4206,1.4207,1.4206500000000002,0.7039279177800672,26677052244,1.4206,1.4207,453,89,2336261.129909999,2971097.1334399995,2453819.6576700015,2932288.6336499997,80077.99436999999,28864.927879999992,1050387.54446,1067756.70646,1555840.6561899998,1490175.7381399996,2743725.3555100006,2369657.022740001,4104338.6836700006,3046410.0090000015
2026-10-07T18:14:08.460577+00:00,obs-20261007-01,LIGHT,HBARUSDT,1.0,0.09248,0.09249,0.09248500000000001,1.0813148788924032,8392812662,0.09248,0.09249,269,25,188845.53034000003,235183.07229000007,204007.52104999986,197889.83387000012,719.0735099999999,3039.4890400000004,153366.88457,127159.87723999999,263440.17571999994,233661.82489,416355.83928999986,378918.8371800001,904800.5327600002,712077.6575500001
2026-10-07T18:15:08.461304+00:00,obs-20261007-01,LIGHT,PEPEUSDT,1.0,4.04e-06,4.05e-06,4.045e-06,24.752475247524774,8827892616,4.04e-06,4.05e-06,159,10,116504.53429082998,294498.46382498986,117975.30072815,308511.39266805997,2294.51106736,652.5527831999999,73892.04712296001,108961.13944845,290191.82879093004,274432.55097051,581060.27872989,525871.5451326501,868491.22487447,834826.0110928601
2026-10-07T18:15:08.461304+00:00,obs-20261007-01,LIGHT,BNBUSDT,1.0,771.06,771.07,771.065,0.1296915933912679,20909441516,771.06,771.07,328,33,689417.9341300005,669371.7860999996,683461.8251900004,697044.69943,2896.66915,1728.61684,738101.43499,1060008.0313300004,1346082.0695099996,2511982.955999999,3234793.653029996,4247717.96057,5668559.975440001,5545925.316429997
2026-10-07T18:15:08.461304+00:00,obs-20261007-01,LIGHT,AAVEUSDT,1.0,172.43,172.44,172.435,0.5799454851240782,10439139298,172.43,172.44,208,8,653581.8015000002,372994.45818,609718.0195399999,374609.81954000005,543.62151,1155.942,282120.66253999993,87467.13202000002,361277.55804999993,131580.78007,411748.5839599999,209862.59453000012,947659.8075700003,239371.67930000005
2026-10-07T18:15:08.461304+00:00,obs-20261007-01,LIGHT,AVAXUSDT,1.0,11.352,11.353,11.3525,0.8809020436917336,10519153473,11.352,11.353,321,83,896777.8247700003,1116680.7204499997,777125.0816299992,1099036.1788000003,6297.144150000001,11065.86416,155916.19106,181488.1467,321772.38646,399022.85968,468855.79669999983,470655.30985,484467.55688999983,530723.2432
2026-10-07T18:15:08.461304+00:00,obs-20261007-01,LIGHT,FILUSDT,1.0,1.0241,1.0242,1.0241500000000001,0.9764671418799331,9895062316,1.0241,1.0242,315,89,204895.968534,241098.92963100004,188401.3778550001,268048.6756700001,1578.8532250000005,6627.311418000002,86311.64570899997,75894.95751200002,160337.483741,146433.61109900006,277535.08393499994,225624.40383500012,380954.07913900004,299851.4188779999
2026-10-07T18:15:08.461304+00:00,obs-20261007-01,LIGHT,ALGOUSDT,1.0,0.1178,0.1179,0.11785000000000001,8.48896434634927,5664321070,0.1178,0.1179,161,2,377780.7252000001,59171.431,377039.87330000004,62282.30580000001,174.1084,117.8,24244.5133,31774.738899999997,62103.8984,62459.3191,145247.4359,94976.92170000002,181840.6827,108018.74880000003
2026-10-07T18:15:08.461304+00:00,obs-20261007-01,LIGHT,XRPUSDT,1.0,1.4202,1.4203,1.4202499999999998,0.7041261794116238,26677055659,1.4202,1.4203,397,89,1458549.0420300008,1662168.9755500003,1515331.8542199994,1710783.3350600004,87306.55353,46843.77918,1020589.04495,914584.17922,1575922.3207800006,1532247.6204600001,2717085.424340002,2320878.9680700004,4042402.499560002,2994031.9230600013
2026-10-07T18:15:08.461304+00:00,obs-20261007-01,LIGHT,HBARUSDT,1.0,0.0925,0.09251,0.092505,1.0810810810801819,8392814061,0.0925,0.09251,265,90,162037.99321000004,132906.10505000004,158848.42554999996,139695.42636999997,1408.15607,12218.140300000003,128772.89826,128639.03402999998,244957.66710000002,227679.91599999997,419237.4570399999,372549.25278,908016.7503900002,705315.8159
2026-10-07T18:16:08.466153+00:00,obs-20261007-01,LIGHT,PEPEUSDT,1.0,4.04e-06,4.05e-06,4.045e-06,24.752475247524774,8827893083,4.04e-06,4.05e-06,168,12,246914.4213615,330510.9642368899,231172.76215204998,337083.0748853799,8.54725024,750.5875935,121672.78951632002,76815.2380239,313021.74341229,269871.22925326,596801.9379393399,519299.43448416004,874581.0678631699,916261.3447843901
2026-10-07T18:16:08.466153+00:00,obs-20261007-01,LIGHT,BNBUSDT,1.0,771.37,771.38,771.375,0.12963947262578657,20909445706,771.37,771.38,363,149,2255969.238930001,1776963.3620300004,2278433.34672,1969043.9781500008,21431.542609999997,15429.815980000005,690712.9907000001,929302.0525799999,1298362.8038500007,2418355.245399999,3191748.3899099994,4064684.3900500014,5624324.167470003,5412891.454289995
2026-10-07T18:16:08.466153+00:00,obs-20261007-01,LIGHT,AAVEUSDT,1.0,172.74,172.75,172.745,0.578904712282835,10439142171,172.74,172.75,326,33,802596.5425,539899.0206800001,792675.62449,574443.6140099998,3090.2229299999995,2785.95069,128880.53889000001,71341.99897,309378.81196,143590.17854999998,405499.48438,179958.03146999987,936301.0010400001,221388.50217999984
2026-10-07T18:16:08.466153+00:00,obs-20261007-01,LIGHT,AVAXUSDT,1.0,11.396,11.397,11.3965,0.8775008775008253,10519161709,11.396,11.397,400,206,1075964.1200700004,1879502.2168499993,1149077.8015800004,2061704.5409900004,52129.772389999984,40549.41608,118264.47080000002,168146.60223,222079.38684,240146.63471,386767.88719,326124.74158000003,402214.01547,375106.61724
2026-10-07T18:16:08.466153+00:00,obs-20261007-01,LIGHT,FILUSDT,1.0,1.0257,1.0258,1.02575,0.974943940723616,9895065505,1.0257,1.0258,391,67,551558.4604990004,340441.15328200033,525651.0529690004,398109.34968299966,2214.161491,2509.43513,75649.42346300001,62398.20072099999,162592.13913999993,136335.49829000002,286454.9212449999,175534.15745100006,395216.1810959999,256069.51246400003
2026-10-07T18:16:08.466153+00:00,obs-20261007-01,LIGHT,ALGOUSDT,1.0,0.1179,0.118,0.11795,8.481764206953457,5664322139,0.1179,0.118,193,2,273149.0567,66800.71579999999,268570.9857000001,73688.76939999999,19.7736,117.9,15960.1124,29208.468,52585.449199999995,64425.585399999996,143239.0171,88434.97270000001,185094.1223,101175.54750000002
2026-10-07T18:16:08.466153+00:00,obs-20261007-01,LIGHT,XRPUSDT,1.0,1.4206,1.4207,1.4206500000000002,0.7039279177800672,26677060939,1.4206,1.4207,453,133,3013465.34368,2402363.2334899995,2765715.9539199993,2723421.81904,112435.41838999999,155420.02925999998,1146496.59848,838281.5110500001,1621786.9508200001,1247270.80973,2934691.933080001,2012475.826669999,4281985.688180001,2677029.4186599986
2026-10-07T18:16:08.466153+00:00,obs-20261007-01,LIGHT,HBARUSDT,1.0,0.09257,0.09258,0.09257499999999999,1.0802635843143449,8392815902,0.09257,0.09258,248,71,357270.60805,197704.28685,346322.2370399999,240622.59823999996,1820.8655800000001,5403.255259999996,123960.32678,109257.42223999999,240628.15198,196416.34894000003,428426.73734,332528.0944300001,922692.9661000003,662474.9182800002
2026-10-07T18:17:08.467129+00:00,obs-20261007-01,LIGHT,PEPEUSDT,1.0,4.04e-06,4.05e-06,4.045e-06,24.752475247524774,8827893408,4.04e-06,4.05e-06,124,9,307149.01412963006,162822.99745141994,332416.17852838006,141281.15669324002,0.0,788.0835384000001,68176.08657416,119694.24165915001,282077.13842462003,292338.31237883,571534.77354059,540841.2752423399,858460.89696399,933807.14289167
2026-10-07T18:17:08.467129+00:00,obs-20261007-01,LIGHT,BNBUSDT,1.0,771.17,771.18,771.175,0.12967309412914574,20909448629,771.17,771.18,303,77,1353968.0432799996,1451624.3988700004,1498653.7965799992,1204393.6624399999,21608.265840000004,3284.8152600000003,557880.4533700002,1161960.7468000003,1179507.9954900008,2664535.0087499977,3066457.4519199985,4303713.879430001,5500662.463630001,5603433.190999999
2026-10-07T18:17:08.467129+00:00,obs-20261007-01,LIGHT,AAVEUSDT,1.0,172.64,172.65,172.64499999999998,0.5792400370729922,10439143581,172.64,172.65,243,30,795049.1110299999,358010.7150000001,760455.29451,317653.23314,914.53364,5229.216899999999,197522.72103,101206.89596000002,348185.0087500001,161718.50131000005,443866.67763999995,219180.91345999992,980446.9095100003,261094.84258999987
2026-10-07T18:17:08.467129+00:00,obs-20261007-01,LIGHT,AVAXUSDT,1.0,11.39,11.391,11.3905,0.8779631255473319,10519168419,11.39,11.391,419,196,1252132.7735900008,1664170.5820900006,1234329.1346700005,1588668.6402599998,52299.85096000001,23759.53389,153535.94154,224881.37316999998,311304.68767,308896.96982999996,404762.5640099999,392361.35621999984,423147.83932999993,446548.79296999983
2026-10-07T18:17:08.467129+00:00,obs-20261007-01,LIGHT,FILUSDT,1.0,1.0239,1.024,1.0239500000000001,0.9766578767456124,9895068449,1.0239,1.024,357,75,296611.7963209998,351942.64051000006,327530.36647600017,304313.111129,5016.174521,4316.475377000001,84920.876049,66661.280593,173050.15047800003,140729.638657,267741.269218,211540.53093900005,370254.47704599984,290420.5147159999
2026-10-07T18:17:08.467129+00:00,obs-20261007-01,LIGHT,ALGOUSDT,1.0,0.1177,0.1178,0.11775,8.49617672047609,5664323071,0.1177,0.1178,218,1,257982.64849999992,47114.61639999999,266420.3124999998,34571.1921,731.6232,0.0,32060.550199999998,28345.8338,89021.5236,64595.0711,144731.27310000002,93631.04639999999,180340.23160000003,111380.9036
2026-10-07T18:17:08.467129+00:00,obs-20261007-01,LIGHT,XRPUSDT,1.0,1.419,1.4191,1.41905,0.7047216349542751,26677065251,1.419,1.4191,399,95,1792972.53662,2494139.520220001,2284561.1796199987,2156741.898960001,177177.5261,21696.592239999994,747155.5537200001,1081912.52079,1368609.4255500005,1539984.0815699995,2528965.1974200024,2329875.932199999,3819454.7056800015,2488340.860330001
2026-10-07T18:17:08.467129+00:00,obs-20261007-01,LIGHT,HBARUSDT,1.0,0.09249,0.0925,0.092495,1.0811979673475136,8392817391,0.09248,0.0925,263,34,264830.99996999983,209688.71787,290257.1245599999,167880.84324999995,1648.74702,3123.07687,129820.75280999999,122603.62653999998,237607.62344999998,232053.14496,404759.70345999993,371019.07909000013,897843.3863400002,704177.7345800002
2026-10-07T18:18:08.467495+00:00,obs-20261007-01,LIGHT,PEPEUSDT,1.0,4.04e-06,4.05e-06,4.045e-06,24.752475247524774,8827893883,4.04e-06,4.05e-06,140,13,336357.6429970801,135041.65190668002,325353.25220973004,136277.90743610004,446.07816752,31087.0586151,82363.54581564001,112429.47279465,293585.52144667006,290498.24727012997,582539.16432794,539605.0197129201,831285.04087878,932869.7818550002
2026-10-07T18:18:08.467495+00:00,obs-20261007-01,LIGHT,BNBUSDT,1.0,770.89,770.9,770.895,0.12972019354240416,20909452962,770.89,770.9,333,117,2000299.8754500004,2007796.6784999997,1947327.9527100003,2048677.411510001,4200.781749999999,28142.9956,654755.3629600003,1026658.4575000005,1238042.4269600005,2485880.2881699987,3122833.9146599984,4251937.84541,5559169.511850003,5555049.727849998
2026-10-07T18:18:08.467495+00:00,obs-20261007-01,LIGHT,AAVEUSDT,1.0,172.57,172.58,172.575,0.579474995654472,10439144952,172.57,172.58,199,34,616027.47678,490412.1667299999,683889.63951,443968.20258000004,2211.51585,3134.7989900000002,199783.26552000002,141302.01652,285766.3507300001,209325.96433999992,379307.3028199999,265180.6068199999,904112.92737,307042.13136
2026-10-07T18:18:08.467495+00:00,obs-20261007-01,LIGHT,AVAXUSDT,1.0,11.359,11.36,11.3595,0.880359186548052,10519175512,11.36,11.361,393,169,1195208.3562500007,1648087.5155999993,1229871.832960001,1572714.1226000004,44803.06038999998,49889.34206,177871.28451,161702.47757,331338.37804,329939.71621,377968.6610199999,439531.72096999985,400843.85669999983,514462.40122999996
2026-10-07T18:18:08.467495+00:00,obs-20261007-01,LIGHT,FILUSDT,1.0,1.0232,1.0233,1.02325,0.9773260359646763,9895070944,1.0232,1.0233,336,78,176548.624479,306780.87703100004,186477.515433,284416.11930300004,3328.433693000001,2280.4883299999997,100739.28310299998,70704.12139599999,176652.47402899998,141677.18932799998,261157.44538799993,229487.20690899994,361652.2055799999,308580.7473359998
2026-10-07T18:18:08.467495+00:00,obs-20261007-01,LIGHT,ALGOUSDT,1.0,0.118,0.1181,0.11804999999999999,8.474576271186862,5664324062,0.118,0.1181,168,8,439221.34209999983,70186.66699999999,411192.8311000002,89926.76129999994,966.5036,2900.3976,20796.194300000003,32854.139800000004,60136.39719999999,65291.8942,146254.87159999998,80893.5107,188882.1256,99277.61339999999
2026-10-07T18:18:08.467495+00:00,obs-20261007-01,LIGHT,XRPUSDT,1.0,1.4183,1.4184,1.41835,0.7050694493426768,26677070309,1.4183,1.4184,428,149,3042791.8429699987,3340197.9253499983,2896146.567090001,3497586.583510001,150091.2015,276272.3184500001,899211.8431399999,841055.3526799999,1382193.5199600002,1235019.25297,2692415.11711,2172311.352449999,4084357.6601599995,2329932.333160001
2026-10-07T18:18:08.467495+00:00,obs-20261007-01,LIGHT,HBARUSDT,1.0,0.09249,0.0925,0.092495,1.0811979673475136,8392818998,0.09249,0.0925,278,63,428818.8607699999,814810.8571200002,439071.07838999986,817033.57298,1867.30862,7696.912750000002,116393.32328,120084.54800000001,171119.71504,229007.26243,394507.48584000004,368796.36323000013,879473.7266300003,682979.2064900002
2026-10-07T18:19:08.469816+00:00,obs-20261007-01,LIGHT,PEPEUSDT,1.0,4.04e-06,4.05e-06,4.045e-06,24.752475247524774,8827894776,4.04e-06,4.05e-06,189,27,331771.40142238996,285015.64022818004,392379.7387807001,283645.66914308997,3402.351787360001,2413.2871532599997,69751.7154844,133530.22454670002,265373.92081711005,292472.20822522003,498477.12146963004,540974.99079801,806267.20916295,934444.19113858
2026-10-07T18:19:08.469816+00:00,obs-20261007-01,LIGHT,BNBUSDT,1.0,770.41,770.42,770.415,0.12980101504300734,20909459026,770.41,770.42,386,156,4974319.886959996,4844695.376810003,5098527.121119999,4817443.643100001,31451.054260000004,2522.0522599999995,748657.6190400003,956796.5934200003,1359354.6813299991,2538790.538119999,3076751.102179996,4264370.786840001,5605248.520759999,5534877.159549997
2026-10-07T18:19:08.469816+00:00,obs-20261007-01,LIGHT,AAVEUSDT,1.0,172.36,172.37,172.365,0.5801810164762777,10439147890,172.36,172.37,313,42,1130382.1444100002,722670.1232900003,1142348.926369999,768618.7038899999,2131.0885500000004,1151.9550100000001,244511.20779000004,85456.59142,325680.34116000007,141343.99411,379946.71528000006,209018.82642000006,910449.5627200004,242106.53329999998
2026-10-07T18:19:08.469816+00:00,obs-20261007-01,LIGHT,AVAXUSDT,1.0,11.356,11.357,11.3565,0.8805917576615307,10519183174,11.356,11.357,440,99,1359201.3107199995,1867792.11285,1350052.0084300009,1844445.192330001,10467.37958,45520.000459999996,186625.37579000005,180347.93556000004,334230.47637000016,356592.65515,387128.3077900001,453937.13665,411150.50474,514960.4929300001
2026-10-07T18:19:08.469816+00:00,obs-20261007-01,LIGHT,FILUSDT,1.0,1.0218,1.0219,1.0218500000000001,0.978665100801468,9895073819,1.0218,1.0219,373,65,296182.5634569999,248229.05213500018,325983.8979719999,217433.42003300012,1592.4231499999999,3263.260761,91136.753269,86837.361401,176660.32580500003,147873.21174499998,276620.65296300006,252983.59085999994,331595.0498340002,334294.24147499976
2026-10-07T18:19:08.469816+00:00,obs-20261007-01,LIGHT,ALGOUSDT,1.0,0.1178,0.1179,0.11785000000000001,8.48896434634927,5664325229,0.1178,0.1179,198,4,239306.97250000018,77613.97740000002,227890.98170000003,67855.22140000001,66.12440000000001,124.1593,32807.4828,19289.1264,72890.7408,54492.3662,155319.42440000002,88550.8342,189952.5732,101562.15359999999
2026-10-07T18:19:08.469816+00:00,obs-20261007-01,LIGHT,XRPUSDT,1.0,1.4159,1.416,1.41595,0.7062645667055278,26677079062,1.4159,1.416,500,228,4811387.131309997,5354561.615560002,4960575.697209999,5214787.667190001,125155.9509,174131.85967999982,1034638.4589999998,948819.4910700002,1750562.2325100005,1558853.84865,2623843.8376500015,2309513.956659999,4070732.4518899997,2463006.33226
2026-10-07T18:19:08.469816+00:00,obs-20261007-01,LIGHT,HBARUSDT,1.0,0.09239,0.0924,0.092395,1.082368221667629,8392821406,0.09239,0.0924,317,71,513294.0779000002,953608.6810299999,514436.42292000004,922421.4397200001,2821.76998,10847.667230000005,120531.81146999999,133735.12862000003,194091.34257,244953.48178,411760.97836000007,395197.6100099999,880251.8725100004,709057.9633
2026-10-07T18:20:08.472501+00:00,obs-20261007-01,LIGHT,PEPEUSDT,1.0,4.04e-06,4.05e-06,4.045e-06,24.752475247524774,8827895237,4.04e-06,4.05e-06,138,15,213354.17365374,138830.52385590994,188990.91468661002,152094.36519544997,1034.9999967200001,878.4721188000002,76720.15526972001,132795.6033411,217836.24498874,279208.38723568,522840.38043676,527711.14945847,832019.37104291,833068.87054437
2026-10-07T18:20:08.472501+00:00,obs-20261007-01,LIGHT,BNBUSDT,1.0,770.52,770.53,770.525,0.1297824845547524,20909464083,770.52,770.53,415,161,2810939.839719999,2119559.358400002,2748381.8126200004,2155586.663920002,14467.230169999993,10204.750320000001,792899.32369,1055831.5851600002,1400553.8231499996,2504979.1839399985,3138953.6855199966,4229692.08517,5649802.679770004,5499862.954199996
2026-10-07T18:20:08.472501+00:00,obs-20261007-01,LIGHT,AAVEUSDT,1.0,172.4,172.41,172.405,0.5800464037108988,10439150360,172.4,172.41,328,47,1752753.4327099994,710733.54769,1778249.0166999989,711207.54184,2453.2732200000005,4540.90664,177338.59417,97913.30815000001,237351.38891000004,141698.60163,350119.69667000003,211621.00656,886922.3069900005,240269.5533599999
2026-10-07T18:20:08.472501+00:00,obs-20261007-01,LIGHT,AVAXUSDT,1.0,11.34,11.341,11.340499999999999,0.8818342151672987,10519190711,11.34,11.341,440,86,1369373.52615,1835398.021369999,1384015.5885,1803482.9141999995,12491.67434,2810.37201,212197.01455999998,167788.39088999995,344464.56917000003,282267.8581099999,377968.96580000006,470857.9923300001,416201.6197,533127.3303600001
2026-10-07T18:20:08.472501+00:00,obs-20261007-01,LIGHT,FILUSDT,1.0,1.0231,1.0233,1.0232,1.954843123841421,9895076781,1.0231,1.0233,389,50,369075.6626110001,356753.1940979997,333399.6518890001,389397.35745599994,1396.79031,12638.809747999998,91297.55013900001,78275.692208,159874.46768900004,147213.056536,268492.11580299994,230745.127102,368893.928962,312230.8601819999
2026-10-07T18:20:08.472501+00:00,obs-20261007-01,LIGHT,ALGOUSDT,1.0,0.1179,0.118,0.11795,8.481764206953457,5664326180,0.1179,0.118,190,2,351235.2674,38708.94830000001,348978.89729999995,45245.032899999984,63.72,149.96880000000002,29747.225100000003,18206.7454,78431.5434,60732.9321,150216.59730000002,82360.8542,190712.37050000002,99604.07319999998
2026-10-07T18:20:08.472501+00:00,obs-20261007-01,LIGHT,XRPUSDT,1.0,1.4169,1.417,1.41695,0.7057661091103284,26677085608,1.4169,1.417,532,119,2682599.3816099977,2903382.823059998,2382519.35332,3211258.5398299997,37398.71278000001,185564.85481999995,1097458.0988399999,761681.7317799997,1876521.53908,1047394.0122799998,2868532.3975799996,2004638.8000799995,4329827.724569999,2159653.430039999
2026-10-07T18:20:08.472501+00:00,obs-20261007-01,LIGHT,HBARUSDT,1.0,0.09236,0.09238,0.09237000000000001,2.165439584236317,8392823360,0.09236,0.09238,283,65,345014.5234799999,350237.46011999995,339876.1909900001,342979.51293,4090.70554,7909.0586600000015,126767.33313999999,130333.50904999998,259951.16267999998,250035.88692000002,417809.25142000004,401940.1679999999,881157.1847000003,716220.35113
2026-10-07T18:21:08.489507+00:00,obs-20261007-01,LIGHT,PEPEUSDT,1.0,4.03e-06,4.04e-06,4.035e-06,24.81389578163684,8827896086,4.03e-06,4.04e-06,169,29,397089.0427583399,599999.1612587702,436561.84012457996,394050.26626618,19271.09461721,1841.1985955199998,141437.88492886,90939.11835040001,272063.72983024,276547.82640595,574821.05717852,596537.57492194,822004.4975660401,968988.24430795
2026-10-07T18:21:08.489507+00:00,obs-20261007-01,LIGHT,BNBUSDT,1.0,770.34,770.35,770.345,0.12981280992807598,20909467775,770.34,770.35,390,91,1260255.7278799994,1525921.06679,1359512.3132999998,1459144.1636199995,4859.11373,1832.1673100000003,803096.5667800001,930314.5984200004,1346611.7626499995,2527802.017559999,3188365.5519499965,4294875.290749997,5823862.97128,5565123.122569993
2026-10-07T18:21:08.489507+00:00,obs-20261007-01,LIGHT,AAVEUSDT,1.0,172.39,172.41,172.39999999999998,1.1601601020938546,10439152443,172.39,172.4,306,30,1392513.11429,621105.8019099999,1355966.850100001,643115.4976900001,1125.8913599999998,1493.2719999999997,250822.31686000002,90817.17848999999,308918.856,126920.51630999998,387357.72689999983,189611.31078,919637.6187200003,218259.9391599999
2026-10-07T18:21:08.489507+00:00,obs-20261007-01,LIGHT,AVAXUSDT,1.0,11.328,11.329,11.3285,0.882768361583075,10519198002,11.328,11.329,401,131,1058339.47576,1798073.754890001,1083903.1162100008,1806901.2118399995,40884.60717999999,11426.918630000002,168756.93045999995,165002.66235,324161.1159399999,254187.85775999998,352698.9302099998,461055.93515000027,390941.52076999977,520660.2538400003
2026-10-07T18:21:08.489507+00:00,obs-20261007-01,LIGHT,FILUSDT,1.0,1.0238,1.0239,1.02385,0.9767532721238759,9895079117,1.0238,1.0239,318,45,287101.79453799996,217907.35855999988,266549.5616490001,231740.50789899993,1269.1017339999996,690.4282810000001,98411.82686100001,74017.15352400001,168289.90997600005,153799.30872800003,286007.70430899994,221198.46155400007,388086.2966969999,302670.9677969999
2026-10-07T18:21:08.489507+00:00,obs-20261007-01,LIGHT,ALGOUSDT,1.0,0.1178,0.1179,0.11785000000000001,8.48896434634927,5664326931,0.1178,0.1179,178,4,292357.62580000004,65197.07729999999,303382.03870000003,49681.65999999999,355.8222,130.88,29455.4649,24155.5133,81959.3336,63878.66619999999,146303.8824,94663.9063,181420.85359999997,107699.3814
2026-10-07T18:21:08.489507+00:00,obs-20261007-01,LIGHT,XRPUSDT,1.0,1.4151,1.4152,1.4151500000000001,0.706663840011057,26677093007,1.4151,1.4152,476,169,3539405.01323,4095992.8406499973,3731182.08082,3994593.7203800017,126249.65705000002,84796.62850000002,1110435.65495,810047.4471100002,1893109.4426100003,1258220.2934500005,2758443.871330001,2102313.86923,4186584.560679999,2251087.8804000006
2026-10-07T18:21:08.489507+00:00,obs-20261007-01,LIGHT,HBARUSDT,1.0,0.09229,0.0923,0.09229499999999999,1.0835410120257905,8392825391,0.09229,0.0923,316,100,407442.62421000015,832312.7718499998,419110.4327000001,827482.79062,3183.5781799999995,11779.485360000002,125850.23786,121198.24828000001,244271.35505000004,234696.90996000005,407559.5611500002,404111.81487000006,876610.7590100004,710100.90434
2026-10-07T18:22:08.495876+00:00,obs-20261007-01,LIGHT,PEPEUSDT,1.0,4.03e-06,4.04e-06,4.035e-06,24.81389578163684,8827896362,4.03e-06,4.04e-06,121,14,85923.96600917,97554.38991228,76450.89729644,173512.61235767003,39.74810359,1030.0920916,156623.91475328003,4168.1182374,272858.2774889,194555.15067195,584294.12589125,520579.35247655003,831468.40079791,918098.77406875
2026-10-07T18:22:08.495876+00:00,obs-20261007-01,LIGHT,BNBUSDT,1.0,770.39,770.4,770.395,0.12980438479193168,20909470855,770.39,770.4,289,92,2768068.690689999,1684707.7330599993,2789832.818169999,1752294.5081300007,127176.71562,4174.0348699999995,630486.7344699998,1046337.2919500005,1314462.2120799988,2504664.2769999993,3019019.846149997,4227451.130820001,5805271.685530001,5497321.463179997
2026-10-07T18:22:08.495876+00:00,obs-20261007-01,LIGHT,AAVEUSDT,1.0,172.24,172.25,172.245,0.5805852299101133,10439154326,172.24,172.25,249,26,1472204.12214,757133.0092900003,1458725.2451399995,722399.4633200004,1897.6655300000002,640.86074,281471.99597000005,93447.33874999998,357708.07312000013,141475.13915999993,401728.57931999967,216496.88373000003,933449.25794,249321.36091999995
2026-10-07T18:22:08.495876+00:00,obs-20261007-01,LIGHT,AVAXUSDT,1.0,11.338,11.339,11.3385,0.8819897689194001,10519201932,11.338,11.339,323,59,680373.7632299998,986139.2149099993,645575.7784699999,1009359.5022199999,3544.5186999999996,14680.74846,178609.36824,166384.56749999995,311284.96812000003,277790.20613,387203.31010999985,438617.49648000026,424460.57254999975,490056.37206000026
2026-10-07T18:22:08.495876+00:00,obs-20261007-01,LIGHT,FILUSDT,1.0,1.0249,1.025,1.02495,0.9757049468239742,9895080944,1.0249,1.025,322,39,309591.82426600007,113437.52959899996,290664.64644399984,151399.90447899993,986.4845,1293.8093219999994,84329.532872,77759.28123499999,147808.16385200003,142140.50335399993,297180.267603,195255.641157,406047.33314599993,276388.56029399997
2026-10-07T18:22:08.495876+00:00,obs-20261007-01,LIGHT,ALGOUSDT,1.0,0.1179,0.118,0.11795,8.481764206953457,5664327287,0.1179,0.118,108,0,221049.7606,14981.0662,213462.5194,17064.003299999997,0.0,0.0,17770.034200000002,41091.275200000004,62885.899300000005,69596.1315,146779.42560000002,92927.0738,188280.4226,105660.95529999999
2026-10-07T18:22:08.495876+00:00,obs-20261007-01,LIGHT,XRPUSDT,1.0,1.4153,1.4154,1.41535,0.7065639793690792,26677099196,1.4153,1.4154,546,209,3006917.2572699995,2632430.7566899993,2841133.198090001,2625241.933609999,208525.69454999993,112444.7116600001,1084294.7123800002,955503.4926699998,1999126.4849599996,1395093.8655600005,2915881.33834,2110614.7707799985,4350482.6764699975,2258898.8009099984
2026-10-07T18:22:08.495876+00:00,obs-20261007-01,LIGHT,HBARUSDT,1.0,0.09227,0.09228,0.092275,1.0837758751480742,8392827313,0.09226,0.09227,293,56,595928.6431600001,704300.4820099999,581337.6181999999,612577.2337800002,5981.943129999999,5308.985560000005,136289.92431,119175.99878999998,258142.1508600001,230373.57617,424885.81315000006,385208.92519999994,906519.5157700003,689567.2430899999
2026-10-07T18:23:08.498964+00:00,obs-20261007-01,LIGHT,PEPEUSDT,1.0,4.03e-06,4.04e-06,4.035e-06,24.81389578163684,8827896735,4.03e-06,4.04e-06,139,15,220113.13641155002,329775.0020364498,242736.46551225,341676.53094231983,10103.725501480001,947.3817856800001,110474.43390282,96326.96964068,249638.83397819998,269675.06915873,561670.79679055,508677.82357068,808845.0716972101,880300.546138
2026-10-07T18:23:08.498964+00:00,obs-20261007-01,LIGHT,BNBUSDT,1.0,770.29,770.3,770.295,0.12982123615667973,20909475520,770.29,770.3,391,112,2248964.4246399994,1587601.3616200008,2213371.633490001,1509831.6828100004,14206.443809999999,35588.65398000001,703855.3078399999,1101928.4808700003,1361213.9571699994,2580477.5299700005,3392972.759719996,4288668.065909999,5840149.937260002,5574476.770169993
2026-10-07T18:23:08.498964+00:00,obs-20261007-01,LIGHT,AAVEUSDT,1.0,172.08,172.09,172.085,0.5811250581122529,10439156686,172.08,172.09,267,50,1442445.5120000003,482888.7064299998,1577212.7172600003,465713.90306,2356.47221,9062.84751,132692.9358,103356.12543000003,203216.13060000003,151791.61624999996,270713.3160000001,224044.34730000002,806449.5978700004,254615.42419999998
2026-10-07T18:23:08.498964+00:00,obs-20261007-01,LIGHT,AVAXUSDT,1.0,11.29,11.291,11.2905,0.8857395925598865,10519211612,11.29,11.291,411,289,1378510.8171399997,2016610.7400399994,1501936.2394499995,1979762.1737099998,102252.57649000004,127798.08238999991,141365.69278,167847.34251999998,213801.5419,251045.24393,272844.73868,434363.1361599999,385563.8082899999,507719.74252000015
2026-10-07T18:23:08.498964+00:00,obs-20261007-01,LIGHT,FILUSDT,1.0,1.0237,1.0238,1.0237500000000002,0.976848686138343,9895082899,1.0237,1.0238,300,53,292904.5401880002,195379.51470300002,316947.52702800004,156207.98306899998,1931.993791,5355.992313,91978.14097000002,79563.653717,172483.46703800006,150776.37301200003,280891.39319699997,226283.06607400006,384175.47075799986,307943.1319759999
2026-10-07T18:23:08.498964+00:00,obs-20261007-01,LIGHT,ALGOUSDT,1.0,0.1178,0.1179,0.11785000000000001,8.48896434634927,5664327836,0.1178,0.1179,141,2,191532.90670000002,31505.8222,198457.23040000003,27304.1212,52.421,17.7,27989.5913,26766.0418,90949.3922,67156.1462,146966.79989999998,96782.67020000001,182045.67289999995,109654.0018
2026-10-07T18:23:08.498964+00:00,obs-20261007-01,LIGHT,XRPUSDT,1.0,1.4155,1.4156,1.41555,0.7064641469445299,26677106577,1.4155,1.4156,500,221,3816722.0982799996,3609265.3454900007,3617906.44229,3636869.916819997,164043.30151999992,204567.33700999996,1090913.97769,878973.8136900001,2054950.8714400001,1374460.9716500002,3103520.51091,2083578.8518799993,4549720.345579998,2231986.23786
2026-10-07T18:23:08.498964+00:00,obs-20261007-01,LIGHT,HBARUSDT,1.0,0.09218,0.09219,0.09218499999999999,1.0848340203950535,8392829840,0.09218,0.09219,386,39,377175.1164400001,495550.92231,427527.8461700001,479798.4204299998,2295.10281,3646.062600000001,135178.8103,109957.51357999998,228560.62483000004,192797.44972,386159.31214000005,397420.93637999985,856282.2858700003,769963.23217
2026-10-07T18:24:08.525920+00:00,obs-20261007-01,LIGHT,PEPEUSDT,1.0,4.04e-06,4.05e-06,4.045e-06,24.752475247524774,8827897113,4.04e-06,4.05e-06,116,24,107526.95486096,293993.3350026499,30156.410552779995,403154.47507617006,26.98267156,3039.7879533200007,28174.77524676,138980.85950025,202669.80460866002,287621.29029295,491258.31597473,526189.89691556,811673.6022442001,830606.89358801
2026-10-07T18:24:08.525920+00:00,obs-20261007-01,LIGHT,BNBUSDT,1.0,770.54,770.55,770.545,0.12977911594491687,20909480310,770.54,770.55,384,134,2862624.7499299995,3537193.32724,2785835.4995399998,3634000.415169998,100482.42570999998,86879.76233000004,673715.2576200002,1012869.8198000006,1388303.9732199996,2487328.2264399985,3130320.6422699955,4315441.959659999,5645405.067270003,5479564.912989993
2026-10-07T18:24:08.525920+00:00,obs-20261007-01,LIGHT,AAVEUSDT,1.0,172.14,172.15,172.14499999999998,0.5809225049380196,10439159037,172.14,172.15,285,54,1230174.4659099996,425025.23080000025,1137732.8856400002,441390.16327,12350.830019999998,1492.03766,229850.14381999994,91825.87796000001,290732.35590999987,146054.56968999995,359297.2328499996,211618.37917000003,888181.7917599996,239772.69813999993
2026-10-07T18:24:08.525920+00:00,obs-20261007-01,LIGHT,AVAXUSDT,1.0,11.299,11.3,11.2995,0.8850340738120188,10519220346,11.305,11.306,445,250,1198924.0156099997,1934546.6300199998,1035213.5408700003,1999954.67041,17675.490950000003,58557.83691999996,176576.88393000004,143561.2292,297418.95321000007,230594.55106000003,435876.66163000005,400750.24717000005,534798.5142700004,454159.1977800002
2026-10-07T18:24:08.525920+00:00,obs-20261007-01,LIGHT,FILUSDT,1.0,1.0249,1.025,1.02495,0.9757049468239742,9895084760,1.0249,1.025,294,45,230800.95996399998,167548.28641300005,207270.6863989999,204415.42232899996,1111.229084,7268.094723000001,88304.94077199999,73890.403017,148594.84336099998,140296.854716,296667.5543279999,197560.03687500008,405246.18507099984,281829.48107600014
2026-10-07T18:24:08.525920+00:00,obs-20261007-01,LIGHT,ALGOUSDT,1.0,0.1179,0.118,0.11795,8.481764206953457,5664328255,0.1179,0.118,101,1,160310.42129999996,26868.6532,151677.3476,33192.9601,87.761,0.0,24546.0175,25387.9214,76896.4872,63365.620299999995,148488.1756,90804.46789999999,188984.07419999997,103538.23859999998
2026-10-07T18:24:08.525920+00:00,obs-20261007-01,LIGHT,XRPUSDT,1.0,1.4171,1.4172,1.41715,0.7056665020099828,26677114200,1.4171,1.4172,499,184,4010019.9376199967,3650810.9379500006,3892799.2826899993,3870822.3473599968,40555.35063999998,70191.97302,982740.25142,735233.0027499999,1834419.4475799995,1049160.7515000002,3150337.78396,1879794.0013299996,4601996.9158799965,2024767.53136
2026-10-07T18:24:08.525920+00:00,obs-20261007-01,LIGHT,HBARUSDT,1.0,0.09228,0.09229,0.092285,1.0836584308626662,8392832724,0.09228,0.09229,343,131,697895.5250599999,637584.3178900006,679596.75049,668017.7389400004,4335.47972,5779.84371,113778.36320999998,113593.88608000001,247254.59149,218742.92035,399247.0835,370374.27649,883506.3876400002,739613.94761
2026-10-07T18:25:08.526218+00:00,obs-20261007-01,LIGHT,PEPEUSDT,1.0,4.04e-06,4.05e-06,4.045e-06,24.752475247524774,8827897447,4.04e-06,4.05e-06,128,11,142153.17171042002,265625.38187001,82464.88426853,260263.58439575,10136.37153016,626.36699385,91127.93496180001,120180.74685210001,283872.20697729004,285899.93997116,550946.60341662,531551.6943898201,833935.55860753,929243.8833817801
2026-10-07T18:25:08.526218+00:00,obs-20261007-01,LIGHT,BNBUSDT,1.0,770.78,770.79,770.785,0.12973870624488626,20909484834,770.78,770.79,417,98,3348213.6341700014,2886153.6737300023,3355514.068029997,3252045.2100700014,15826.905689999996,10285.545530000001,652947.8539299998,935589.55055,1309205.51196,2252761.151219999,3047974.652399996,3961560.128180001,5648068.727329999,4939802.793989997
2026-10-07T18:25:08.526218+00:00,obs-20261007-01,LIGHT,AAVEUSDT,1.0,172.67,172.68,172.675,0.5791393988552329,10439163879,172.67,172.68,394,128,1787011.0494199996,997459.7864699992,1700807.501089999,1040128.3597100006,3554.629610000001,10102.504049999998,183783.84082,68235.75671000003,319955.70111,132765.07299000004,416409.2966099998,173289.27894,947257.4689199999,219570.23353
2026-10-07T18:25:08.526218+00:00,obs-20261007-01,LIGHT,AVAXUSDT,1.0,11.323,11.324,11.3235,0.8831581736279404,10519227148,11.323,11.324,392,159,1006684.9227400004,1644842.576940001,979280.3737800003,1639141.98428,51469.85702,11485.695729999998,184529.23221,166372.75261999996,331694.69736999995,255370.00918999995,436598.8359499998,415013.8065800001,536342.9618099999,463630.4784300001
2026-10-07T18:25:08.526218+00:00,obs-20261007-01,LIGHT,FILUSDT,1.0,1.0258,1.0259,1.0258500000000002,0.9748488984206993,9895086623,1.0258,1.0259,292,23,395919.71371599997,187179.69270499996,375414.1028040001,196613.29762099998,448.82850200000007,1891.481784,88032.50883700002,77789.24892800002,169158.56447500005,141138.23258100005,304386.63147900015,196146.4382630001,419484.0381250001,275357.7327370002
2026-10-07T18:25:08.526218+00:00,obs-20261007-01,LIGHT,ALGOUSDT,1.0,0.118,0.1181,0.11804999999999999,8.474576271186862,5664328836,0.118,0.1181,157,2,137890.18540000002,37599.1014,132047.24500000002,43919.0669,15.327,118.0,26555.3318,21104.9583,73501.1433,53279.3942,151821.9016,86261.53600000002,193695.16110000003,100147.76520000001
2026-10-07T18:25:08.526218+00:00,obs-20261007-01,LIGHT,XRPUSDT,1.0,1.4185,1.4186,1.4185500000000002,0.704970038774011,26677120464,1.4185,1.4186,439,93,3599979.12984,3767205.3862699983,3903760.5389399994,3739410.7966100005,13953.80308,51227.923050000005,889356.72733,682075.9787499999,1528160.33563,1132634.4148400002,2817503.54177,1911066.9707000002,4176433.2033499987,2057227.7759800006
2026-10-07T18:25:08.526218+00:00,obs-20261007-01,LIGHT,HBARUSDT,1.0,0.09237,0.09238,0.092375,1.082602576594205,8392834782,0.09237,0.09238,300,75,758018.8884200002,348952.0833299999,677009.38799,389245.44528,540.54019,4334.686550000004,117281.02824999999,108251.25549000001,211506.97259,187651.46074,363811.87474,341738.67390999995,849235.1998600003,699597.6177799999
2026-10-07T18:26:08.526231+00:00,obs-20261007-01,LIGHT,PEPEUSDT,1.0,4.04e-06,4.05e-06,4.045e-06,24.752475247524774,8827897748,4.04e-06,4.05e-06,141,14,131512.38197501,303385.2223300301,173067.30735584005,223777.33838143994,22.04008264,1428.2961619500002,57786.642632560004,134197.80208065,251262.40789924003,283981.71150433004,509391.67803579,611159.57833841,846201.5448448099,1004178.3148346901
2026-10-07T18:26:08.526231+00:00,obs-20261007-01,LIGHT,BNBUSDT,1.0,770.78,770.79,770.785,0.12973870624488626,20909486969,770.78,770.79,367,48,793352.7729599999,1308405.41348,1069353.74726,1008823.3613000001,3850.850510000001,1578.5786699999999,519229.2541600002,1005651.4381000001,1175431.7383399997,2422407.891069999,2771973.6780999945,4261142.180359996,4996587.97158,5460565.045809992
2026-10-07T18:26:08.526231+00:00,obs-20261007-01,LIGHT,AAVEUSDT,1.0,172.53,172.54,172.535,0.5796093433030336,10439166286,172.53,172.54,312,50,352508.6963500001,619812.6601200001,392048.5071299999,594480.6624299998,3316.20291,2045.9575300000001,235615.4822,86145.0095,283277.17927,153085.54189000002,385523.8745399996,197296.92275,955668.3242699999,227129.32762999996
2026-10-07T18:26:08.526231+00:00,obs-20261007-01,LIGHT,AVAXUSDT,1.0,11.321,11.322,11.3215,0.8833141948594303,10519233348,11.321,11.322,433,91,897122.13856,1574254.1407299987,924076.0173800003,1594261.9091099985,6864.844999999998,18631.019669999998,132793.01616,161223.66992,239391.01046999995,260300.33132999993,418974.7038299998,395006.0382000002,532763.99756,444642.68369000015
2026-10-07T18:26:08.526231+00:00,obs-20261007-01,LIGHT,FILUSDT,1.0,1.0255,1.0256,1.02555,0.9751340809360798,9895088541,1.0255,1.0256,283,43,160567.70923100002,292526.101492,201797.99052,272311.183548,2497.338318999999,2919.0278679999997,62383.09065599999,99555.31710600003,126165.09013400003,166482.36795,266300.25621699996,212093.8763390001,405744.38494699984,292436.2336880002
2026-10-07T18:26:08.526231+00:00,obs-20261007-01,LIGHT,ALGOUSDT,1.0,0.1179,0.118,0.11795,8.481764206953457,5664329275,0.1179,0.118,124,1,61507.93150000001,39225.61,97198.71479999999,32740.632599999997,6.6024,0.0,26516.5476,23087.8881,69151.122,66107.1277,122847.0015,92424.3158,187881.30409999998,109703.22149999997
2026-10-07T18:26:08.526231+00:00,obs-20261007-01,LIGHT,XRPUSDT,1.0,1.4188,1.4189,1.41885,0.7048209754723089,26677125931,1.4188,1.4189,456,78,3760739.5553099983,3941383.5677500027,3849724.22218,3672954.485420002,4994.569200000001,62831.18308999999,876368.7297399999,749342.36534,1400810.5768100005,1409896.7023800001,2727346.4674500003,2181197.1963899983,4101667.011469999,2327632.108279999
2026-10-07T18:26:08.526231+00:00,obs-20261007-01,LIGHT,HBARUSDT,1.0,0.09231,0.09232,0.09231500000000001,1.0833062506776514,8392835621,0.09231,0.09232,189,22,157150.54674,645049.9530600001,153671.60696000006,601772.6562099999,1284.8570899999997,452.12172,97283.78412999999,120489.66255999998,172192.47185,221732.00740999993,383160.21919999993,373358.2113899999,868225.5766200001,742806.23703
2026-10-07T18:27:08.548772+00:00,obs-20261007-01,LIGHT,PEPEUSDT,1.0,4.04e-06,4.05e-06,4.045e-06,24.752475247524774,8827898042,4.04e-06,4.05e-06,124,8,55233.97793277,190926.74537511996,93220.53871866,282412.72232080996,0.0,661.049586,85110.01605428,117989.70632505,254850.75699496001,272041.47088349005,471405.1172499,519673.60139272,752215.39680054,829334.8509488801
2026-10-07T18:27:08.548772+00:00,obs-20261007-01,LIGHT,BNBUSDT,1.0,770.99,771.0,770.995,0.12970336839668306,20909491818,770.99,771.0,449,281,2930285.454549999,2228143.842699999,3094179.222949999,2628888.7626999975,36550.58007,13456.06238,580026.6561600001,889929.57846,1106415.2451699998,2172843.998529998,2605536.3723899964,3861675.6507699997,4741780.384649999,4921830.168449993
2026-10-07T18:27:08.548772+00:00,obs-20261007-01,LIGHT,AAVEUSDT,1.0,172.36,172.37,172.365,0.5801810164762777,10439168346,172.36,172.37,244,41,715991.7010100002,586543.8237000001,821004.8328099999,594609.31146,1767.98284,1769.9315400000003,203780.16966999997,63820.958859999984,253396.14157000004,107522.47838999997,311902.21343999973,186509.76326,844752.9956499999,222445.27644999995
2026-10-07T18:27:08.548772+00:00,obs-20261007-01,LIGHT,AVAXUSDT,1.0,11.33,11.331,11.3305,0.8826125330974044,10519240303,11.33,11.331,381,146,735304.7225600007,1461513.5397899994,795744.4547700001,1443903.1733099993,43867.21525000001,22119.105380000008,126024.55369000002,167836.36542999998,236229.49081000002,257411.36834,331435.92334,413886.00865000015,365109.61435999983,470032.0034900002
2026-10-07T18:27:08.548772+00:00,obs-20261007-01,LIGHT,FILUSDT,1.0,1.026,1.0261,1.0260500000000001,0.974658869394851,9895089751,1.026,1.0261,248,30,90176.992431,186458.39821699995,100108.70607100005,198752.894754,1872.1693720000003,1043.608665,67578.004726,83549.13796400001,130786.23044500001,141092.81514600004,242816.54530399994,204071.97849800004,363108.3611069998,285229.51898300013
2026-10-07T18:27:08.548772+00:00,obs-20261007-01,LIGHT,ALGOUSDT,1.0,0.1179,0.118,0.11795,8.481764206953457,5664329889,0.1179,0.118,145,4,42882.15419999998,47899.5179,84712.1689,48740.1507,22.7547,132.7554,19830.1017,22989.5853,51568.6996,58032.12539999999,92884.67659999999,90150.5527,134736.7534,108407.8369
2026-10-07T18:27:08.548772+00:00,obs-20261007-01,LIGHT,XRPUSDT,1.0,1.4196,1.4197,1.4196499999999999,0.704423781345831,26677129621,1.4196,1.4197,398,49,2298399.4062800016,1275448.7109100004,1643397.7312800009,1534050.4393600011,4499.616999999999,15273.290570000001,885640.8960000002,715344.6088300002,1625005.7516100009,1286028.6016499996,3361525.9869200015,1924840.4437899995,4708779.025179998,2608801.08034
2026-10-07T18:27:08.548772+00:00,obs-20261007-01,LIGHT,HBARUSDT,1.0,0.09239,0.0924,0.092395,1.082368221667629,8392836926,0.09239,0.0924,245,51,181186.42253999997,151198.29197999998,185555.18187,191009.04857999994,1244.97035,5464.088850000001,115740.38872999998,106201.58635000001,208619.69410000002,185408.59311000005,362830.13487000007,345205.21416,848317.7674500004,706854.7849199999
2026-10-07T18:28:08.561921+00:00,obs-20261007-01,LIGHT,PEPEUSDT,1.0,4.04e-06,4.05e-06,4.045e-06,24.752475247524774,8827898472,4.04e-06,4.05e-06,113,12,156958.66053955993,218269.11086064,102640.27946822002,204453.22575764003,8.08,61570.1551968,138760.10933668,104940.410544,276268.58497173,283379.3673422,525723.4983212401,533489.48649572,822186.31145663,931071.5119447999
2026-10-07T18:28:08.561921+00:00,obs-20261007-01,LIGHT,BNBUSDT,1.0,771.33,771.34,771.335,0.12964619553246237,20909495137,771.33,771.34,342,70,2575296.23003,2610068.4070900003,2479892.0804500007,2660774.435209999,5075.101269999999,28290.19816,595047.39121,954881.5713399996,1090546.9819800006,2372634.8714399966,2697817.403029999,3829446.13954,4934670.995449998,5133250.71363999
2026-10-07T18:28:08.561921+00:00,obs-20261007-01,LIGHT,AAVEUSDT,1.0,172.4,172.41,172.405,0.5800464037108988,10439169536,172.4,172.41,216,23,354538.05837000004,371769.2219700001,259293.53460999994,369256.47597,1054.9041,1796.07881,168185.74272999997,69238.47864999999,302297.6182699999,111168.95199,404370.5645799996,189035.56631999998,955326.4808599998,225498.46842999995
2026-10-07T18:28:08.561921+00:00,obs-20261007-01,LIGHT,AVAXUSDT,1.0,11.338,11.339,11.3385,0.8819897689194001,10519245592,11.338,11.339,337,95,711567.5167,1128664.157069999,690262.9586499999,1137226.3722199996,22827.452340000003,6260.596159999999,138218.94152999998,165126.461,231643.3632899999,253456.95101,340374.0493099999,405630.2583800002,377838.1380799998,461423.4647400002
2026-10-07T18:28:08.561921+00:00,obs-20261007-01,LIGHT,FILUSDT,1.0,1.0266,1.0267,1.02665,0.9740892265730494,9895091880,1.0266,1.0267,299,52,140187.929613,169811.34356100013,122633.08429599999,183202.4810339999,2814.6764460000004,1475.9655229999998,70254.05474700002,75214.34963,138620.752324,152813.34222400002,251142.01088299992,194834.093653,388049.5113659999,279894.74296500004
2026-10-07T18:28:08.561921+00:00,obs-20261007-01,LIGHT,ALGOUSDT,1.0,0.118,0.1181,0.11804999999999999,8.474576271186862,5664330995,0.118,0.1181,180,11,142527.33719999998,105084.92310000003,113305.1788,98876.6077,899.0531,685.4033,18196.6545,25878.773999999998,55240.11709999999,67930.0842,118225.82809999998,91757.43539999999,178338.59879999998,110432.84439999997
2026-10-07T18:28:08.561921+00:00,obs-20261007-01,LIGHT,XRPUSDT,1.0,1.4209,1.421,1.42095,0.7037792948128008,26677134589,1.4209,1.421,440,58,3179179.9489100007,3491821.5544700017,3416563.6947800005,3401085.4370400007,10365.245859999999,42044.026089999985,961218.8303000001,845204.4053800001,1506128.5538100007,1398348.1222400002,3109028.1981600015,2037581.3471999995,4462195.277359998,2709794.183729999
2026-10-07T18:28:08.561921+00:00,obs-20261007-01,LIGHT,HBARUSDT,1.0,0.09252,0.09253,0.092525,1.080847384349326,8392838816,0.09252,0.09253,280,35,1231177.6369300005,297614.2572600002,1163040.1490300002,321255.3966300001,220.55464999999998,6903.236140000001,106986.85783000001,110523.45109999998,212864.82981999998,182220.38431999998,419907.7703999998,322650.98859,916451.8920099997,699280.57254
2026-10-07T18:29:08.561925+00:00,obs-20261007-01,LIGHT,PEPEUSDT,1.0,4.04e-06,4.05e-06,4.045e-06,24.752475247524774,8827898897,4.04e-06,4.05e-06,147,9,339927.97922056,306904.81085135,327315.04122621997,384699.3201850899,0.0,3301.4960343000002,140831.95302048,454.8909537,273705.86620262,205723.24419946,538336.43631558,455694.97716197994,841423.07546698,874517.1626625201
2026-10-07T18:29:08.561925+00:00,obs-20261007-01,LIGHT,BNBUSDT,1.0,771.3,771.31,771.305,0.1296512381698811,20909499715,771.3,771.31,421,296,2404994.7941999985,3138554.691449999,2343336.47965,2956026.8525799983,35169.43627,36882.06171999998,619150.7062900001,1078119.2176400002,1114675.9937500006,2474374.7222499987,2759577.2773599993,4011494.0932000014,5034772.349589996,5386199.247709996
2026-10-07T18:29:08.561925+00:00,obs-20261007-01,LIGHT,AAVEUSDT,1.0,172.35,172.36,172.35500000000002,0.5802146794331442,10439171751,172.35,172.36,254,66,712762.78021,461747.55880000006,718486.8813199993,451017.6401999999,5985.882379999999,6738.996410000002,237877.97585,82125.5171,284071.27301999996,134051.34688999996,397444.87242999976,198149.4682799999,949627.00588,227469.01246999987
2026-10-07T18:29:08.561925+00:00,obs-20261007-01,LIGHT,AVAXUSDT,1.0,11.339,11.34,11.339500000000001,0.8819119851843915,10519253045,11.339,11.34,400,126,1100507.7294000005,1712139.715810001,1025642.5430299994,1733262.2122100005,22719.06477,42704.934819999995,121756.65698,157798.13588000002,231762.37460999997,242576.69616,392733.00739999994,384535.2467800002,478514.6239699998,435021.49858000025
2026-10-07T18:29:08.561925+00:00,obs-20261007-01,LIGHT,FILUSDT,1.0,1.0264,1.0265,1.02645,0.9742790335143248,9895094052,1.0264,1.0265,310,45,212524.9422129999,227235.7079940001,185941.00169399995,228121.07538499986,4051.7143889999993,5295.551902000002,64416.39846,86466.02215599998,137790.06074800002,149412.29197999992,266154.4913669999,193932.7288749999,410405.72836899984,275999.9106239999
2026-10-07T18:29:08.561925+00:00,obs-20261007-01,LIGHT,ALGOUSDT,1.0,0.1179,0.118,0.11795,8.481764206953457,5664331786,0.1179,0.118,174,5,120195.98830000003,63427.4937,115204.58990000002,60203.9906,4491.4052,666.5235,26119.0322,19337.8114,55788.3343,63793.8129,132922.20090000003,92884.68729999999,184609.11190000002,106135.64009999998
2026-10-07T18:29:08.561925+00:00,obs-20261007-01,LIGHT,XRPUSDT,1.0,1.4213,1.4214,1.42135,0.7035812284517107,26677141575,1.4213,1.4214,435,149,4701730.84264,4783978.128020004,4700398.4844900025,5029036.424569999,151530.03358,227467.02225999994,840399.4271700002,660974.2276900003,1203148.6708100003,1146329.5533000005,3088825.18642,1792806.7923999995,4468855.483129997,2456320.3438600004
2026-10-07T18:29:08.561925+00:00,obs-20261007-01,LIGHT,HBARUSDT,1.0,0.09257,0.09258,0.09257499999999999,1.0802635843143449,8392841223,0.09257,0.09258,288,66,780884.22475,589761.48636,754267.4422299997,583163.6889799999,4455.217619999999,28318.98758,135103.94376999998,108565.40856999999,233977.72918000005,195221.54488999996,440178.2092600001,331069.51798,956413.1683700002,697883.18256
2026-10-07T18:30:08.562272+00:00,obs-20261007-01,LIGHT,PEPEUSDT,1.0,4.05e-06,4.06e-06,4.055e-06,24.691358024691024,8827899447,4.05e-06,4.06e-06,122,18,316805.28491084004,244387.98417913003,232949.45531885998,178471.31919812993,4379.493965690001,27900.887375110004,32484.217105350002,167010.01774506,219412.35175575002,387844.77985269,484864.33059648,630442.1860639399,860834.9923561701,898591.5277484799
2026-10-07T18:30:08.562272+00:00,obs-20261007-01,LIGHT,BNBUSDT,1.0,771.27,771.28,771.275,0.12965628119809836,20909501680,771.27,771.28,347,57,1607408.1004800003,1276237.57561,1147912.27975,1165636.9617100002,6073.196459999998,4939.308140000002,760645.27244,1148597.8604400002,1407679.8411900003,2544716.6136600003,3219172.363939999,4116762.4521000027,5640409.514650002,5566011.105539998
2026-10-07T18:30:08.562272+00:00,obs-20261007-01,LIGHT,AAVEUSDT,1.0,172.39,172.4,172.39499999999998,0.5800800510491477,10439173140,172.39,172.4,246,21,743009.5805499996,639691.1375899999,722169.65429,589656.5231700001,2357.13438,491.5601199999999,277610.8145100001,132945.95606999996,342251.17367000005,187899.17370999994,416437.2989099997,248197.13975999993,951421.0520499999,277733.3958699998
2026-10-07T18:30:08.562272+00:00,obs-20261007-01,LIGHT,AVAXUSDT,1.0,11.34,11.341,11.340499999999999,0.8818342151672987,10519257339,11.34,11.341,332,69,608173.1910700001,980114.5911999999,579106.20155,977181.6955700003,6764.218390000002,3519.17809,166556.94917,146081.77637999997,279476.59298,238070.1278399999,421799.99692000006,386854.1255500001,456390.71335999994,438129.7048100002
2026-10-07T18:30:08.562272+00:00,obs-20261007-01,LIGHT,FILUSDT,1.0,1.0267,1.0268,1.0267499999999998,0.9739943508324522,9895096286,1.0267,1.0268,311,47,213565.97577700004,232646.70267000006,173951.31351699994,235281.88614500003,1451.6004639999996,8237.904945,86262.92146799997,86932.917598,188936.63721699998,158601.76292100002,305751.652205,191770.958159,417691.069583,273611.05511
2026-10-07T18:30:08.562272+00:00,obs-20261007-01,LIGHT,ALGOUSDT,1.0,0.1179,0.118,0.11795,8.481764206953457,5664332438,0.1179,0.118,156,4,95984.85690000001,52380.30839999999,88480.15410000001,46927.7901,2602.6558000000005,129.69,30073.5654,32259.4379,100408.0131,74085.1782,140426.90369999997,97241.12830000001,180771.75789999994,109822.44099999998
2026-10-07T18:30:08.562272+00:00,obs-20261007-01,LIGHT,XRPUSDT,1.0,1.4221,1.4222,1.4221499999999998,0.7031854299976992,26677145722,1.4221,1.4222,406,55,2275484.8629000005,2020633.7122499999,1950631.8493099997,2024242.1359999997,11454.1028,32031.868380000004,1122941.6951000001,679122.6067500002,1560603.3928199997,1272362.91119,3358445.75389,1792616.2851699993,4764704.416089997,2480159.5245400006
2026-10-07T18:30:08.562272+00:00,obs-20261007-01,LIGHT,HBARUSDT,1.0,0.09259,0.0926,0.09259500000000001,1.0800302408453533,8392842854,0.09259,0.0926,293,36,579597.9217500004,318762.6923600002,540040.7573800003,325274.32071000006,9505.94799,2771.27099,174348.85842999996,107492.90613999999,294257.4505799999,192137.90821,478944.62281,324563.40731000004,970825.7103600001,691406.7372900001
2026-10-07T18:31:08.566410+00:00,obs-20261007-01,LIGHT,PEPEUSDT,1.0,4.04e-06,4.05e-06,4.045e-06,24.752475247524774,8827900017,4.04e-06,4.05e-06,163,18,181967.74007005006,337123.7205111099,218635.82890957012,312774.16226318997,18036.323415450002,1293.93375424,138609.88834816002,94827.44448315,278186.4534340401,288401.42234741,585648.10953857,536135.73029856,888006.2411273,929543.4319707799
2026-10-07T18:31:08.566410+00:00,obs-20261007-01,LIGHT,BNBUSDT,1.0,771.16,771.17,771.165,0.1296747756618366,20909503814,771.16,771.17,328,55,833518.3488600003,554146.7964900002,1320661.4990500011,520805.7439099999,10015.202310000002,5338.925310000003,607382.1859600003,1154797.3442999995,1132380.5247000006,2577377.8945399993,2732876.713779999,4147898.3477000017,5027960.325089999,5598499.521589997
2026-10-07T18:31:08.566410+00:00,obs-20261007-01,LIGHT,AAVEUSDT,1.0,172.17,172.18,172.175,0.580821281292998,10439176234,172.17,172.18,325,53,1524358.3131599994,1205040.4507499996,1715631.545480001,1121535.2675099997,4615.247180000001,1326.7427100000002,105097.12737,196519.04871,156821.63523999997,248758.93793000001,240177.82239000002,326313.5968500003,805802.0240800002,357042.9664100002
2026-10-07T18:31:08.566410+00:00,obs-20261007-01,LIGHT,AVAXUSDT,1.0,11.326,11.327,11.3265,0.8829242451002806,10519263617,11.326,11.327,416,106,928438.9063799997,1385924.45763,972423.0412299997,1315415.5033200004,6841.6758500000005,16428.161959999994,145839.58691999997,163700.93025,288969.53627000004,268418.12068000005,378912.08102999994,455676.9633900003,500597.7729199998,507542.1346200003
2026-10-07T18:31:08.566410+00:00,obs-20261007-01,LIGHT,FILUSDT,1.0,1.0256,1.0257,1.0256500000000002,0.9750390015605959,9895098787,1.0256,1.0257,335,64,177285.9051799999,200066.78453499993,225985.83058399992,179986.78189200003,4459.899032000001,2755.0896250000005,63120.783095,76768.13237000004,130517.67954399998,149862.66892500003,271148.382083,201109.50664,392379.81761699996,288028.08413400006
2026-10-07T18:31:08.566410+00:00,obs-20261007-01,LIGHT,ALGOUSDT,1.0,0.1174,0.1175,0.11745,8.517887563883608,5664334117,0.1174,0.1175,170,35,238930.88079999998,97140.71160000001,261496.38889999993,79154.4902,10645.842999999995,1765.2805,26901.9503,17150.980499999998,75144.4505,52159.094399999994,142700.726,99683.66460000002,169623.5042,107161.66340000003
2026-10-07T18:31:08.566410+00:00,obs-20261007-01,LIGHT,XRPUSDT,1.0,1.422,1.4221,1.42205,0.7032348804503208,26677151402,1.422,1.4221,451,68,2881701.8625100013,2713247.54796,3289843.4782900023,2432398.5868200003,58104.79433,59965.777050000004,807719.1866400001,927561.5417599999,1231015.2270600004,1194133.38277,2950348.62775,2073922.4190999991,4344263.045069997,2771679.136019999
2026-10-07T18:31:08.566410+00:00,obs-20261007-01,LIGHT,HBARUSDT,1.0,0.09249,0.0925,0.092495,1.0811979673475136,8392844603,0.09249,0.0925,324,27,567325.59602,450302.6711699999,664807.6812599996,416468.3104100001,1961.9502900000002,1119.8315899999998,119044.37455999998,108012.61557,199507.49848,174143.18590999997,384329.73845,355075.36043,908559.5794200003,725094.7613900001
2026-10-07T18:32:08.572645+00:00,obs-20261007-01,LIGHT,PEPEUSDT,1.0,4.04e-06,4.05e-06,4.045e-06,24.752475247524774,8827900220,4.04e-06,4.05e-06,126,12,185463.04174894997,208565.67770252004,183940.65860683,144233.20357222,83.43170448000001,2494.17491895,118602.65965496,115574.0063931,279645.49062216,273257.95338038,587170.49268069,600468.20442886,904601.74543799,993804.4445110098
2026-10-07T18:32:08.572645+00:00,obs-20261007-01,LIGHT,BNBUSDT,1.0,771.05,771.06,771.055,0.12969327540357511,20909507113,771.05,771.06,322,83,2650087.18586,1665100.5152399999,2833413.9043099987,2135220.715209999,5695.105560000001,17432.11199,553976.13119,962056.0089999996,1049048.6679000005,2206035.0195799987,2550400.4320999985,3677050.7409200016,4689367.323220001,4667665.918220006
2026-10-07T18:32:08.572645+00:00,obs-20261007-01,LIGHT,AAVEUSDT,1.0,172.05,172.06,172.055,0.5812263876769919,10439177596,172.05,172.06,259,19,779484.4849699999,765990.2407199998,799094.9140600001,856781.9964599998,924.48413,120.97276,132773.18855999998,126778.11088999997,170471.77072,165001.48731999993,226507.34313000005,232727.1564199999,758270.4921500001,264443.25767999986
2026-10-07T18:32:08.572645+00:00,obs-20261007-01,LIGHT,AVAXUSDT,1.0,11.309,11.31,11.3095,0.8842514811213675,10519268213,11.309,11.31,323,55,586298.46567,1219350.1274999997,711370.9706899998,1203268.9087100006,15082.310790000001,28824.83043,146643.53995000003,168742.02323999998,237111.77770000004,246083.01327999998,264895.07052000007,470621.59543000004,360094.04115,518243.3328800001
2026-10-07T18:32:08.572645+00:00,obs-20261007-01,LIGHT,FILUSDT,1.0,1.0244,1.0245,1.0244499999999999,0.9761811792263764,9895100800,1.0244,1.0245,279,46,181218.07981000008,168478.521235,227162.91170899986,168382.04076800006,3693.9047339999997,5457.856470999999,88919.68209399999,55512.729859,142299.511715,128896.40501200002,230143.4563409999,193653.63300000003,338606.7728229999,279279.21911899996
2026-10-07T18:32:08.572645+00:00,obs-20261007-01,LIGHT,ALGOUSDT,1.0,0.1176,0.1177,0.11765,8.503401360544505,5664334619,0.1176,0.1177,111,4,92270.53120000001,52070.38580000001,119099.76490000001,76579.79910000002,53.417,1156.1389,24415.4292,20678.6333,57905.9032,48061.7309,94914.4636,78095.66190000002,130178.33910000001,93172.73130000001
2026-10-07T18:32:08.572645+00:00,obs-20261007-01,LIGHT,XRPUSDT,1.0,1.4216,1.4217,1.42165,0.7034327518296024,26677156223,1.4216,1.4217,400,51,2393641.3077200004,2236602.2096700007,2264879.9443000006,2438281.646050001,5849.164460000001,26401.988100000002,1014192.01273,720384.1624599998,1256577.6856300002,986906.4073600001,3118127.79797,1872170.993529999,4459186.820389997,2570873.61301
2026-10-07T18:32:08.572645+00:00,obs-20261007-01,LIGHT,HBARUSDT,1.0,0.09239,0.0924,0.092395,1.082368221667629,8392846089,0.09239,0.0924,265,36,363991.7455900001,1012847.3441199997,400382.31360000017,997192.7645399999,2614.75851,271.88374000000005,132535.50039,104419.26823999999,203793.69965000002,171354.86018999998,381712.82023000007,363005.46915,874507.0511500004,728856.65977
2026-10-07T18:33:08.573172+00:00,obs-20261007-01,LIGHT,PEPEUSDT,1.0,4.04e-06,4.05e-06,4.045e-06,24.752475247524774,8827900539,4.04e-06,4.05e-06,135,8,62158.00391495001,231968.0001625299,82014.16986666,307993.30340953,0.0,688.5592636500002,100564.50178448,119754.6568578,265784.06611157,276153.01560408,567314.3267289799,524442.90118186,883373.2440748699,834335.64425194
2026-10-07T18:33:08.573172+00:00,obs-20261007-01,LIGHT,BNBUSDT,1.0,770.9,770.91,770.905,0.12971851083065644,20909509154,770.9,770.91,294,51,1909147.6496800003,1804095.7457599998,1257131.1194200004,1240121.6107399997,11458.280349999999,1849.4422,700385.2254700002,966230.2567,1399379.5323099992,2464992.4283199995,3204199.2640499985,4231111.633109998,5644704.526550002,5533632.933059998
2026-10-07T18:33:08.573172+00:00,obs-20261007-01,LIGHT,AAVEUSDT,1.0,172.08,172.09,172.085,0.5811250581122529,10439179653,172.08,172.09,231,41,1230695.0490200003,681798.5234800001,1032056.1783099995,721126.8789100007,767.0018400000002,1588.1062200000003,290499.87610999995,73678.98546,365984.57118999993,132892.22143,425140.0816,195934.2264,956447.3155000003,225744.67328999998
2026-10-07T18:33:08.573172+00:00,obs-20261007-01,LIGHT,AVAXUSDT,1.0,11.299,11.3,11.2995,0.8850340738120188,10519272242,11.302,11.303,360,49,672252.3061900005,1057585.9682500002,553658.66351,1083266.48848,10778.275169999999,15626.303010000001,180331.36226,122704.48655999998,316110.64614,220506.23033000002,383642.17126999993,444144.43877000007,487762.0175099999,491294.1351200002
2026-10-07T18:33:08.573172+00:00,obs-20261007-01,LIGHT,FILUSDT,1.0,1.0232,1.0233,1.02325,0.9773260359646763,9895102430,1.0232,1.0233,244,37,192288.0140510001,177032.18432200007,167301.17397100004,126372.553979,2534.9130790000004,630.183265,103751.637654,77896.38057500002,184805.78626600007,143277.80937800003,263953.68634600006,235915.46605199997,365953.15731100005,321683.11889599974
2026-10-07T18:33:08.573172+00:00,obs-20261007-01,LIGHT,ALGOUSDT,1.0,0.1174,0.1175,0.11745,8.517887563883608,5664335257,0.1174,0.1175,147,1,118860.6192,80580.56240000002,93916.87940000003,55613.5407,0.0,6.932499999999999,57817.3156,18990.414099999998,109392.17629999999,57625.570999999996,142450.6905,98712.9559,169391.04280000002,106191.04820000002
2026-10-07T18:33:08.573172+00:00,obs-20261007-01,LIGHT,XRPUSDT,1.0,1.4219,1.422,1.4219499999999998,0.7032843378573794,26677159863,1.4219,1.422,381,54,1526790.49821,902437.6668599996,1304879.1943499998,1044311.6179599995,5974.785249999999,19796.994690000003,1205260.7367499997,610171.92187,1523924.7376699995,1079136.50295,3319298.4878499997,1732342.3866199993,4665113.373589996,2429599.7613800005
2026-10-07T18:33:08.573172+00:00,obs-20261007-01,LIGHT,HBARUSDT,1.0,0.09235,0.09236,0.09235499999999999,1.0828370330262516,8392848564,0.09236,0.09237,334,60,645641.49999,778480.8391799999,598183.8563499997,775973.2990599996,2098.23472,13660.621059999998,168913.75215999997,88643.51959000001,269249.99871,209198.46571,430296.01995999995,364846.49026000005,916125.0780400002,734387.73987
2026-10-07T18:34:08.579493+00:00,obs-20261007-01,LIGHT,PEPEUSDT,1.0,4.04e-06,4.05e-06,4.045e-06,24.752475247524774,8827900907,4.04e-06,4.05e-06,155,10,114707.10604491997,362308.11688012996,116686.22427611,255380.70298349,57.67682972,863.2074055500002,77586.43444728,149629.52911725,263611.51455243,388215.64041589,565335.20849779,631370.3150785,901357.5194079701,936468.2164157999
2026-10-07T18:34:08.579493+00:00,obs-20261007-01,LIGHT,BNBUSDT,1.0,770.69,770.7,770.695,0.1297538569322576,20909512462,770.69,770.7,329,75,2138531.7048900006,1796791.8292200002,2151263.4153400003,1694675.0046599996,13782.12586,1467.98183,851491.5492400003,1151535.9500700007,1389753.9368999994,2622528.058539999,3268519.488129998,4323463.022759999,5637134.565390004,5650252.725409998
2026-10-07T18:34:08.579493+00:00,obs-20261007-01,LIGHT,AAVEUSDT,1.0,171.89,171.9,171.89499999999998,0.5817674093910874,10439181517,171.89,171.9,263,45,540442.3786700002,630624.65099,732684.3809499998,607187.1279999998,3806.7497999999996,222.35263,109827.96214,83735.83222,182742.8025700001,141069.70602,237571.9957600001,213348.60684999992,784107.6653700002,247311.9093099999
2026-10-07T18:34:08.579493+00:00,obs-20261007-01,LIGHT,AVAXUSDT,1.0,11.27,11.271,11.2705,0.8873114463181508,10519278232,11.27,11.271,402,80,851401.8017099996,1605809.6308900001,944815.9253399994,1580458.8270899998,17839.09325,39853.10312000001,143889.63903000002,143738.44128,249526.53639000008,222163.18555000002,293779.34504000004,357673.4150500001,416998.86937999993,487895.14455000026
2026-10-07T18:34:08.579493+00:00,obs-20261007-01,LIGHT,FILUSDT,1.0,1.0219,1.022,1.02195,0.9785693316377575,9895104766,1.0219,1.022,339,94,243318.27802299988,196031.892665,260595.61365900005,173488.46062299996,5071.207531000003,3306.189288,103637.19845799997,74436.50275500001,184573.23523099997,144291.41147900003,272906.7914979999,251316.5360550001,349963.05252599996,333102.74959999975
2026-10-07T18:34:08.579493+00:00,obs-20261007-01,LIGHT,ALGOUSDT,1.0,0.1173,0.1174,0.11735000000000001,8.525149190110604,5664336563,0.1173,0.1174,239,90,75860.43189999998,67928.18900000001,80935.60200000004,67623.44999999998,4505.5576,0.0,47675.3151,22351.989,107266.1398,59575.64,140207.1982,95324.25370000002,166539.07710000002,113236.70990000005
2026-10-07T18:34:08.579493+00:00,obs-20261007-01,LIGHT,XRPUSDT,1.0,1.4211,1.4212,1.42115,0.7036802476956261,26677163753,1.4211,1.4212,394,48,1554451.5672200006,2174997.368009999,1932332.0491000006,1919830.0841,23806.782290000003,13394.158729999997,927947.77537,817653.6231800001,1240594.0771800003,1023485.0548100005,2981833.6494000014,1985590.097699999,4297834.99152,2644573.5068999995
2026-10-07T18:34:08.579493+00:00,obs-20261007-01,LIGHT,HBARUSDT,1.0,0.09231,0.09232,0.09231500000000001,1.0833062506776514,8392850366,0.09231,0.09232,271,36,538237.9271699997,423304.32896000013,619084.7376499997,416529.54843,4424.22529,4869.35561,118641.12096999997,93556.47158999999,193166.4336,169950.07247999997,349850.49175,371059.90719,836274.00133,736943.6030799999
2026-10-07T18:35:08.662048+00:00,obs-20261007-01,LIGHT,PEPEUSDT,1.0,4.04e-06,4.05e-06,4.045e-06,24.752475247524774,8827901237,4.04e-06,4.05e-06,149,10,90244.83796612,81393.53736266,69594.17225754,82620.27018208001,437.77504640000006,640.2944943,98931.6816202,146241.34079175,284655.48318506003,387434.39899127,585985.87420637,630143.58225908,903238.2908987901,935241.48359866
2026-10-07T18:35:08.662048+00:00,obs-20261007-01,LIGHT,BNBUSDT,1.0,770.74,770.75,770.745,0.1297454394477704,20909515365,770.74,770.75,387,50,1347547.0212700008,1628112.7001900007,1336902.1886400003,1615295.6900799996,4898.243010000001,10975.768669999996,725666.8793500004,1159749.40742,1399664.7582299993,2625360.454109999,3204140.802639998,4336400.691309999,5646149.058980003,5658921.797280001
2026-10-07T18:35:08.662048+00:00,obs-20261007-01,LIGHT,AAVEUSDT,1.0,171.9,171.91,171.905,0.5817335660251999,10439183304,171.9,171.91,291,26,482200.09337,590540.1322700001,438034.64336000016,588773.0508499999,1194.18877,6176.50691,148970.27015,94551.25507,219197.4266900001,150248.75478999998,277678.1919500001,215115.6882699999,832197.0782900002,248243.69008999987
2026-10-07T18:35:08.662048+00:00,obs-20261007-01,LIGHT,AVAXUSDT,1.0,11.269,11.27,11.2695,0.887390185464465,10519283234,11.269,11.27,381,99,847726.8499099999,1495520.8473000003,760715.2191500005,1491622.5487399995,13887.293359999996,23530.265099999993,197861.72206,153265.81704000002,325810.43132999993,253872.12378,380798.4509900001,361571.71361000004,494621.05432999996,490889.1883000001
2026-10-07T18:35:08.662048+00:00,obs-20261007-01,LIGHT,FILUSDT,1.0,1.0228,1.0229,1.02285,0.9777082518569458,9895106274,1.0228,1.0229,240,27,124444.53580000003,105202.24920200004,105124.74698999999,115667.807566,2128.201529,553.878404,113671.57702199998,81385.78731900001,188653.87405999997,158217.90035000004,268689.2981139999,244826.86209899996,371397.15849999984,327429.86159399967
2026-10-07T18:35:08.662048+00:00,obs-20261007-01,LIGHT,ALGOUSDT,1.0,0.1173,0.1174,0.11735000000000001,8.525149190110604,5664337110,0.1173,0.1174,126,4,43162.9174,79779.6627,43071.75800000001,73558.20240000001,594.2418,499.9326,34901.3767,26313.6517,101461.2383,59524.9731,140298.3576,98491.021,165690.40929999997,114148.22760000003
2026-10-07T18:35:08.662048+00:00,obs-20261007-01,LIGHT,XRPUSDT,1.0,1.4218,1.4219,1.42185,0.703333802223316,26677167765,1.4218,1.4219,403,53,1903944.2604099996,1254622.5691900002,1528910.179970001,1429425.3138899994,37901.34106000001,14745.76674,1186367.75266,680747.92044,1483231.2101700003,995283.4799600001,3338010.743210001,1814139.4815699991,4671066.539429996,2494806.96348
2026-10-07T18:35:08.662048+00:00,obs-20261007-01,LIGHT,HBARUSDT,1.0,0.09235,0.09236,0.09235499999999999,1.0828370330262516,8392851715,0.09235,0.09236,247,28,469687.42964,481365.7862899997,374048.66432,476930.53801999986,977.7164699999998,5599.1573499999995,178289.31121,91141.51065999999,274607.83602000005,216734.28455999997,445087.9747999999,376056.51905999996,935078.85646,741017.8965299998
2026-10-07T18:36:08.666253+00:00,obs-20261007-01,LIGHT,PEPEUSDT,1.0,4.04e-06,4.05e-06,4.045e-06,24.752475247524774,8827901687,4.04e-06,4.05e-06,153,10,53189.43435947001,218923.14108958998,52166.58696482001,226844.70703621002,282.12089216000004,1206.40737825,100291.07476224001,131172.9421752,285997.4425471,292712.92594372004,587008.72160102,622222.01631246,904666.2367349099,927319.9176520399
2026-10-07T18:36:08.666253+00:00,obs-20261007-01,LIGHT,BNBUSDT,1.0,770.88,770.89,770.885,0.12972187629634035,20909518639,770.88,770.89,388,76,1598165.5844499993,1234132.71192,1576470.9808300002,1295691.844520001,3579.0263200000004,8728.88411,712682.1533499999,1095013.28687,1417376.4736999988,2574106.665009999,3223081.385999998,4284353.969619998,5662105.457550003,5603142.532990002
2026-10-07T18:36:08.666253+00:00,obs-20261007-01,LIGHT,AAVEUSDT,1.0,171.84,171.85,171.845,0.5819366852888308,10439185070,171.84,171.85,253,30,398552.35321000003,888196.7806499996,400783.3710500001,888417.9153800001,1101.7664300000001,6585.697070000001,151709.66734,93725.77461999998,221574.55767,146405.18049999996,280069.81689,214723.20580999993,829655.3195999998,245281.06767999986
2026-10-07T18:36:08.666253+00:00,obs-20261007-01,LIGHT,AVAXUSDT,1.0,11.273,11.274,11.273499999999999,0.8870753126943853,10519290764,11.273,11.274,431,133,1070466.7798799996,1880330.483650001,1035803.28354,1921173.1793499994,6051.482270000001,49559.33924999998,156118.16478999998,130414.20752000001,299068.24153000006,237361.98160999996,410576.3549900002,320750.8716099999,519642.56595,451151.77052
2026-10-07T18:36:08.666253+00:00,obs-20261007-01,LIGHT,FILUSDT,1.0,1.0236,1.0237,1.02365,0.9769441187956751,9895108525,1.0236,1.0237,287,44,195832.85566999996,179822.8347500001,181267.17621200002,208386.84591699997,1542.85297,964.9507730000001,96271.49734499998,74735.32673100001,178902.285914,144844.643047,280211.38498400006,220417.47358899997,384713.5455660001,303132.85812199966
2026-10-07T18:36:08.666253+00:00,obs-20261007-01,LIGHT,ALGOUSDT,1.0,0.1173,0.1174,0.11735000000000001,8.525149190110604,5664338114,0.1173,0.1174,189,1,39498.474499999975,159237.19729999997,39214.25119999999,164296.51289999997,0.0,236.561,42335.55069999999,14435.503499999999,103800.45289999997,54802.8852,140582.5809,93431.70539999998,165647.75569999995,109253.36200000001
2026-10-07T18:36:08.666253+00:00,obs-20261007-01,LIGHT,XRPUSDT,1.0,1.4222,1.4223,1.42225,0.7031359864995146,26677172442,1.4222,1.4223,389,66,2021022.3604200005,1649909.9698599998,2141889.3492199993,1542789.9072200002,15183.028789999995,8387.83514,994784.2544100002,774646.2108900001,1474859.5503700005,1110940.59892,3179510.9793900005,1921457.452879999,4538275.897329998,2604212.6732999994
2026-10-07T18:36:08.666253+00:00,obs-20261007-01,LIGHT,HBARUSDT,1.0,0.09231,0.09232,0.09231500000000001,1.0833062506776514,8392853596,0.09231,0.09232,276,54,395278.67795000016,310559.8347199999,410152.1968200001,311938.8677499998,2627.41827,3609.443810000001,155658.31644999998,94599.78074,261664.55239000006,218560.0784,430615.7381999999,374116.12243000005,921270.6574,735504.0114
2026-10-07T18:37:08.673074+00:00,obs-20261007-01,LIGHT,PEPEUSDT,1.0,4.04e-06,4.05e-06,4.045e-06,24.752475247524774,8827901986,4.04e-06,4.05e-06,150,14,28549.018138160005,84481.82663735996,29150.482987569998,79842.86473752996,30.499996160000002,1900.6424334,99671.09591784001,135838.01384865,285393.37980485003,297279.71897139004,586407.25675161,626860.9782122901,904204.3777547401,931958.87955187
2026-10-07T18:37:08.673074+00:00,obs-20261007-01,LIGHT,BNBUSDT,1.0,770.88,770.89,770.885,0.12972187629634035,20909520147,770.88,770.89,349,18,573837.98328,391510.4924800003,560181.5537699999,347282.62042000005,492.59232000000003,2753.61908,705481.8876299998,1165455.9927300003,1413183.3452099985,2607382.2447699998,3236737.8155099973,4328581.841679998,5668059.562320004,5644723.813959998
2026-10-07T18:37:08.673074+00:00,obs-20261007-01,LIGHT,AAVEUSDT,1.0,171.8,171.81,171.805,0.5820721769489445,10439186388,171.8,171.81,197,14,371821.4866300001,593834.78968,340108.50694000005,585602.7174800001,1647.01585,665.42482,186387.96938,100718.34773999998,254041.07076999996,150943.64441,313899.18862000015,221197.84053999995,850899.14881,253403.9522999999
2026-10-07T18:37:08.673074+00:00,obs-20261007-01,LIGHT,AVAXUSDT,1.0,11.267,11.268,11.2675,0.887547705690217,10519297406,11.267,11.268,393,101,1144743.9730300005,1876027.9973900006,1156564.5745300006,1844240.3368799994,14676.341,3807.5731500000006,176821.20808,146774.90644000002,321432.35050000006,254600.53545000005,399041.74895000027,352307.47341000004,516585.0778299999,481701.35231000016
2026-10-07T18:37:08.673074+00:00,obs-20261007-01,LIGHT,FILUSDT,1.0,1.0227,1.0228,1.0227499999999998,0.9778038525465327,9895110712,1.0227,1.0228,327,77,130533.60979799996,224034.961356,154610.63119999995,194333.75470599995,4310.531652999999,2180.4888979999996,104880.01228499999,83346.49505300002,195247.48362799993,148650.99832600003,262812.8560119999,245929.968582,362301.64648700005,328567.0558049998
2026-10-07T18:37:08.673074+00:00,obs-20261007-01,LIGHT,ALGOUSDT,1.0,0.1173,0.1174,0.11735000000000001,8.525149190110604,5664338354,0.1173,0.1174,89,1,16660.107299999996,114455.43600000003,14617.979599999999,101545.7397,0.0,9.509400000000001,49489.048500000004,26755.853,106839.10450000002,64053.2352,142624.70860000004,106341.40169999999,168158.002,122162.89570000001
2026-10-07T18:37:08.673074+00:00,obs-20261007-01,LIGHT,XRPUSDT,1.0,1.4225,1.4226,1.4225500000000002,0.7029876977160399,26677176086,1.4225,1.4226,382,57,1592215.82367,1598387.5325800003,1356447.0970700006,1609794.3227800007,24962.88393,35989.107549999986,1154185.6637199998,766168.1828300001,1726047.70291,1102765.88084,3407669.494680001,1911798.029359999,4765332.905769998,2594495.3989999993
2026-10-07T18:37:08.673074+00:00,obs-20261007-01,LIGHT,HBARUSDT,1.0,0.09228,0.09229,0.092285,1.0836584308626662,8392854688,0.09228,0.09229,215,35,179818.87054,144921.13171999998,192124.28076000002,129553.17799000003,5569.004449999999,2246.5008399999997,153172.97373000003,100767.18904000003,272413.8287200001,229229.56783999997,419111.54840999993,389484.0761599999,908988.9939200002,750663.6106099997
2026-10-07T18:38:08.679285+00:00,obs-20261007-01,LIGHT,PEPEUSDT,1.0,4.04e-06,4.05e-06,4.045e-06,24.752475247524774,8827902283,4.04e-06,4.05e-06,121,11,27825.773477269995,240078.13836254002,40346.165199150004,340597.7551823501,62.11662812,1229.3147533500003,124593.82256764,84494.72208915,272680.46397762,276042.79157675,573886.8650297299,526341.36139248,891413.60602352,831469.9360456599
2026-10-07T18:38:08.679285+00:00,obs-20261007-01,LIGHT,BNBUSDT,1.0,770.99,771.0,770.995,0.12970336839668306,20909522666,770.99,771.0,319,44,1521710.7591,1004782.05956,1553784.5256499993,1043544.4573300001,1567.4257,8608.189289999997,693949.28665,1114133.17799,1402480.5086799993,2580680.8721499993,3204136.653189999,4290167.495819997,5634924.395430005,5610481.752199995
2026-10-07T18:38:08.679285+00:00,obs-20261007-01,LIGHT,AAVEUSDT,1.0,172.06,172.07,172.065,0.5811926072296636,10439189816,172.04,172.05,301,37,1861119.43446,817962.2504300001,1899300.1068900006,835403.4798500005,621.97758,3119.8450099999995,117808.47938999998,91952.03604,198459.82349,158406.28551000002,264700.0558900001,206810.8874399999,794501.9873299998,238251.51318999982
2026-10-07T18:38:08.679285+00:00,obs-20261007-01,LIGHT,AVAXUSDT,1.0,11.281,11.282,11.281500000000001,0.8864462370361537,10519303443,11.281,11.282,374,89,1020672.2936400005,1710633.4588800005,997778.2905299999,1780821.262449999,5321.73877,11545.576910000002,190965.47005000006,142069.77725,298357.06078000006,228277.78262000004,415101.8052800001,282390.25879000017,519722.35700999986,429680.5587400003
2026-10-07T18:38:08.679285+00:00,obs-20261007-01,LIGHT,FILUSDT,1.0,1.0231,1.0232,1.02315,0.9774215619207105,9895112790,1.0231,1.0232,291,50,147558.07033500014,255797.18800899998,134755.23097599996,267934.81944299996,1628.69053,2045.512899,97433.704491,81367.11662000002,179721.84762999997,149143.56539800006,271963.34474499995,233866.08739000003,374168.29831100017,316479.5578449998
2026-10-07T18:38:08.679285+00:00,obs-20261007-01,LIGHT,ALGOUSDT,1.0,0.1175,0.1176,0.11754999999999999,8.510638297871687,5664338947,0.1175,0.1176,118,4,82487.6814,85519.44619999999,73257.3445,93603.17590000002,0.0,1279.6759,46743.626000000004,27382.0029,102316.399,72583.457,139611.24089999998,104489.6314,174847.38449999996,117484.10440000001
2026-10-07T18:38:08.679285+00:00,obs-20261007-01,LIGHT,XRPUSDT,1.0,1.4243,1.4244,1.42435,0.7020992768391743,26677182433,1.4243,1.4244,460,83,4019854.399110002,3488590.1462499998,4065689.1279200017,3553652.2956600017,8778.15318,95035.18802999999,1206653.9723099996,652311.5505200003,1643694.79359,923025.6609000001,2533791.14044,1861155.0510000002,4716002.5482399985,2571598.9206900005
2026-10-07T18:38:08.679285+00:00,obs-20261007-01,LIGHT,HBARUSDT,1.0,0.09232,0.09233,0.09232499999999999,1.0831889081441837,8392856183,0.09232,0.09233,240,50,222523.62850000014,204444.84271000006,270375.15894999995,234814.7677700001,2599.21834,3699.5532000000026,135936.61301,94666.37275,216114.4421600001,207094.83542,370222.3457300002,359127.20469999994,861105.1085700003,720502.0400699999
2026-10-07T18:39:08.679569+00:00,obs-20261007-01,LIGHT,PEPEUSDT,1.0,4.04e-06,4.05e-06,4.045e-06,24.752475247524774,8827902550,4.04e-06,4.05e-06,114,15,184719.50598911004,250745.88252061995,187119.77202607002,237027.12473954,349.91075492000004,738.93751335,101459.69529860001,120934.43713440001,270216.89674936,290359.73850616,571486.59899277,540060.11917356,889013.33998656,845188.6938267399
2026-10-07T18:39:08.679569+00:00,obs-20261007-01,LIGHT,BNBUSDT,1.0,770.7,770.71,770.705,0.1297521733478746,20909525719,770.69,770.7,323,64,1139353.0203399998,1254193.4806499996,1138682.1955900001,1223999.4729099998,20342.80357,2052.3990699999995,844379.0779500001,1089274.6375999998,1388799.976869999,2599475.5524999984,3283104.782189997,4310385.832289998,5646192.986040004,5634127.638329998
2026-10-07T18:39:08.679569+00:00,obs-20261007-01,LIGHT,AAVEUSDT,1.0,171.87,171.88,171.875,0.5818351079289741,10439192829,171.87,171.88,290,36,747959.2037699996,812197.5009100001,750557.9442799997,805250.8013200006,2384.37153,2946.66166,129979.16924000003,90221.08774000002,203783.56285000002,138440.21362000002,265514.44605999993,211970.12317999994,816207.9417299996,242536.89119999987
2026-10-07T18:39:08.679569+00:00,obs-20261007-01,LIGHT,AVAXUSDT,1.0,11.263,11.264,11.2635,0.8878629139652539,10519307494,11.26,11.261,328,73,668290.62575,1177259.3608999995,698241.7522999997,1107273.0038400001,1671.3334499999999,12196.41937,205734.67713999996,129942.74579999999,323292.02935999987,239032.53932,398870.9578099998,350296.05121000006,516397.87832999945,480556.91850000015
2026-10-07T18:39:08.679569+00:00,obs-20261007-01,LIGHT,FILUSDT,1.0,1.0226,1.0227,1.02265,0.9778994719344958,9895114240,1.0226,1.0227,246,18,95679.48977900001,167299.96651200007,108590.56036199995,151205.51438900005,3262.3599110000005,365.135,108735.60694099999,85323.444913,196127.494211,154533.186884,276585.55428799987,249881.71773199996,362264.6422400001,332503.3986759998
2026-10-07T18:39:08.679569+00:00,obs-20261007-01,LIGHT,ALGOUSDT,1.0,0.1175,0.1176,0.11754999999999999,8.510638297871687,5664339362,0.1175,0.1176,137,0,30195.10399999998,40928.425899999995,29761.580499999993,39238.7009,0.0,0.0,47641.640100000004,33105.8148,102310.7463,77100.6096,140044.7644,106179.35640000002,173773.126,119173.82940000003
2026-10-07T18:39:08.679569+00:00,obs-20261007-01,LIGHT,XRPUSDT,1.0,1.4235,1.4236,1.42355,0.7024938531796643,26677185998,1.4235,1.4236,377,42,1532720.0804599996,1342484.3839500016,2000486.5552600008,1023680.6702799998,18467.466480000006,20347.426059999994,780946.6145200003,973053.7450200001,1243338.3753500003,1234439.3633700006,2847734.028960001,2179243.823830001,4251858.185990002,2888753.3702300014
2026-10-07T18:39:08.679569+00:00,obs-20261007-01,LIGHT,HBARUSDT,1.0,0.09223,0.09224,0.09223500000000001,1.0842459069704269,8392857816,0.09222,0.09223,270,25,400910.6939099995,776633.3917000003,371121.37744999997,747433.1485600002,4195.92302,202.78265,152237.8672,96544.39510999998,199707.76848999996,222172.43529999998,413854.52857999987,385482.89207999996,891042.0664200002,742132.7022399999
2026-10-07T18:40:08.699417+00:00,obs-20261007-01,LIGHT,PEPEUSDT,1.0,4.04e-06,4.05e-06,4.045e-06,24.752475247524774,8827902793,4.04e-06,4.05e-06,77,11,178864.38244778998,139347.76628856998,177328.24112999,145974.63083828002,53.78942456,15662.44933605,123729.25952956,110814.77374650001,271816.33925846004,282721.44859018,573022.74031057,533433.25462385,893293.6630000001,824106.70190683
2026-10-07T18:40:08.699417+00:00,obs-20261007-01,LIGHT,BNBUSDT,1.0,770.69,770.7,770.695,0.1297538569322576,20909526730,770.69,770.7,258,18,247697.88430999988,404061.65377000015,259696.97180000006,390994.5463699999,237.37251999999998,2363.7369000000003,855879.3068099999,1056808.5063300005,1394702.478239999,2621816.6203999994,3271113.3245999967,4323452.939689999,5635332.711600004,5649287.13918
2026-10-07T18:40:08.699417+00:00,obs-20261007-01,LIGHT,AAVEUSDT,1.0,171.85,171.87,171.86,1.163805644457394,10439194294,171.85,171.87,170,17,520978.09841,594347.85796,534966.61669,556587.8987799999,1784.41234,1470.1417800000002,116397.29234000001,127280.56736000002,192143.14651000005,172511.40397,251525.92778000006,249715.84797999993,796721.2284799997,280278.9262499998
2026-10-07T18:40:08.699417+00:00,obs-20261007-01,LIGHT,AVAXUSDT,1.0,11.261,11.262,11.2615,0.8880206020789316,10519311261,11.261,11.262,347,57,569559.2645899996,1086335.7158899999,627369.6526299998,1106871.74877,8039.4317,18175.697850000004,144246.73389999996,141233.32948999997,246863.03758999993,222738.60825000002,341146.42727000004,328451.41141,457626.2018199996,460975.46667999995
2026-10-07T18:40:08.699417+00:00,obs-20261007-01,LIGHT,FILUSDT,1.0,1.0232,1.0233,1.02325,0.9773260359646763,9895115389,1.0232,1.0233,230,21,55725.45814200002,100513.49612800001,44600.482160000014,113121.15523400002,1035.368281,950.4829259999998,94207.24103700001,92735.2484,177438.71450099998,151005.114655,268711.7531739999,237357.94406700003,374300.85121999995,320258.58686199976
2026-10-07T18:40:08.699417+00:00,obs-20261007-01,LIGHT,ALGOUSDT,1.0,0.1174,0.1175,0.11745,8.517887563883608,5664339694,0.1174,0.1175,85,2,55589.48759999999,63496.533999999985,56144.11329999998,61767.69350000001,40.503,136.4175,38324.5944,20989.543899999997,113945.4524,72300.70049999999,147134.4214,105369.67869999999,173786.5209,119771.2006
2026-10-07T18:40:08.699417+00:00,obs-20261007-01,LIGHT,XRPUSDT,1.0,1.4235,1.4236,1.42355,0.7024938531796643,26677188658,1.4235,1.4236,368,37,1080971.4033300006,1143469.91342,958437.3813299995,1131236.9369899998,52762.08906,60881.375980000004,932820.0493500003,984179.0256599999,1388431.832240001,1245324.9200700002,2970268.050960002,2191977.4418100007,4365409.996350002,2901498.744170001
2026-10-07T18:40:08.699417+00:00,obs-20261007-01,LIGHT,HBARUSDT,1.0,0.09221,0.09222,0.09221499999999999,1.0844810758037227,8392858727,0.09221,0.09222,239,19,210222.98873999988,307489.7242200001,201145.98339000004,292953.02005000005,830.0685800000001,1190.7967399999998,160504.05666,112777.46879999999,264290.05011,196745.95120000004,424599.30817999993,399014.8811600001,900119.0649700003,755222.4104100001
2026-10-07T18:41:08.726787+00:00,obs-20261007-01,LIGHT,PEPEUSDT,1.0,4.04e-06,4.05e-06,4.045e-06,24.752475247524774,8827903154,4.04e-06,4.05e-06,112,9,276560.82357854006,87371.67351068005,274570.0948390001,86286.97039417001,0.0,1750.4344458,117264.74404172001,120071.06742105,273583.76127441,283806.15170669,575013.46905011,534517.95774036,895879.2525873,839653.6666641401
2026-10-07T18:41:08.726787+00:00,obs-20261007-01,LIGHT,BNBUSDT,1.0,770.76,770.77,770.765,0.1297420727586207,20909529441,770.76,770.77,320,62,823658.8893900003,913472.7065799999,782689.8211799999,926772.5274499996,1282.5456299999998,7510.755810000003,786960.34423,1117427.8406200001,1425753.9376299991,2609342.546209999,3237040.5616599983,4310434.141999998,5672127.812350006,5636406.84837
2026-10-07T18:41:08.726787+00:00,obs-20261007-01,LIGHT,AAVEUSDT,1.0,171.86,171.87,171.865,0.581868963109855,10439195992,171.86,171.87,263,28,583114.5164800001,868336.2361599999,589886.5217999999,903042.7702,130.4395,3414.8761000000013,114412.31288000001,85802.45424000004,189133.1824000001,141816.19624000002,244753.92246000012,215009.31393999996,783558.9169899997,245579.22890999992
2026-10-07T18:41:08.726787+00:00,obs-20261007-01,LIGHT,AVAXUSDT,1.0,11.264,11.265,11.2645,0.8877840909105039,10519315449,11.264,11.265,324,64,816142.2792600006,1272810.8137899993,751133.1188800002,1257905.2003699995,10763.1208,1852.0017400000004,214172.07633,139925.07707,308224.6731100001,235416.08392000006,406056.6864800002,345133.77386,522402.5084599998,475515.5258
2026-10-07T18:41:08.726787+00:00,obs-20261007-01,LIGHT,FILUSDT,1.0,1.0235,1.0236,1.0235500000000002,0.9770395701025336,9895116752,1.0235,1.0236,239,22,88007.31606899996,110344.05450599999,75630.91643200001,126087.13246800001,1163.0839120000003,558.5991580000001,95808.904019,77301.07392900002,177919.257301,146888.96227600003,279558.03158500005,225724.76386000006,386577.44663700013,308305.2801779997
2026-10-07T18:41:08.726787+00:00,obs-20261007-01,LIGHT,ALGOUSDT,1.0,0.1175,0.1176,0.11754999999999999,8.510638297871687,5664339933,0.1175,0.1176,72,1,29028.5678,30509.9892,25180.6237,33510.900400000006,11.9748,0.0,21703.442900000002,35905.812000000005,82883.7677,74883.9915,143338.0828,104907.28570000001,177061.3716,117901.27080000003
2026-10-07T18:41:08.726787+00:00,obs-20261007-01,LIGHT,XRPUSDT,1.0,1.4231,1.4232,1.4231500000000001,0.7026913077079477,26677191925,1.4231,1.4232,365,32,1734924.0004499997,1357856.90264,1729206.4330600007,1512336.9763200006,2738.98088,10272.626709999999,982451.7704800001,898651.9510699996,1379187.1215600003,1215058.3322399994,3004680.9729900006,2037718.082869999,4379745.18767,2713820.3077799994
2026-10-07T18:41:08.726787+00:00,obs-20261007-01,LIGHT,HBARUSDT,1.0,0.09222,0.09223,0.092225,1.0843634786383838,8392860086,0.09222,0.09223,267,101,448538.7225299998,322524.94853,435773.34386999987,338810.26753,6675.906790000001,21847.170800000033,172511.82443,92267.11281999998,261624.75458000004,215853.74180999995,436504.5495399999,382737.1065,912893.0761700001,737988.17113
2026-10-07T18:42:08.761349+00:00,obs-20261007-01,LIGHT,PEPEUSDT,1.0,4.04e-06,4.05e-06,4.045e-06,24.752475247524774,8827903345,4.04e-06,4.05e-06,94,7,43179.375006320006,125880.69164509997,44592.665261170005,123480.84111645998,0.0,615.3920001,101504.43672704001,138112.31169585002,272170.47101956,286206.00223533006,573600.17879526,536917.808269,893616.4487209801,842052.50481553
2026-10-07T18:42:08.761349+00:00,obs-20261007-01,LIGHT,BNBUSDT,1.0,770.76,770.77,770.765,0.1297420727586207,20909530583,770.76,770.77,287,47,459922.2559399999,554164.5777499999,777712.0099499999,824171.7968199997,447.04080000000005,18242.58436,666132.4397900001,891420.5214299996,1265396.9963899993,2408937.6095999987,2919250.8076499966,4040426.9229300036,5366130.679970002,5367049.86273
2026-10-07T18:42:08.761349+00:00,obs-20261007-01,LIGHT,AAVEUSDT,1.0,171.9,171.91,171.905,0.5817335660251999,10439197492,171.9,171.91,195,11,733613.4140599997,732251.1399800001,710749.07159,738900.3691399997,567.27621,814.72307,131828.22262,85518.36727,206655.647,148974.31023,266725.53037000005,208531.43250999993,806096.6799299998,238946.30357999986
2026-10-07T18:42:08.761349+00:00,obs-20261007-01,LIGHT,AVAXUSDT,1.0,11.252,11.253,11.252500000000001,0.888730892285583,10519318063,11.252,11.253,283,33,485495.5621,977878.3726399995,516710.8725900001,970461.8085599998,3652.6269100000004,12964.16891,194183.30298000004,121036.01213,323312.2032,217116.17031000002,376083.0747900002,337024.9897399999,492661.46842999995,552144.5773800004
2026-10-07T18:42:08.761349+00:00,obs-20261007-01,LIGHT,FILUSDT,1.0,1.0229,1.023,1.0229499999999998,0.9776126698590737,9895117457,1.0229,1.023,138,30,44344.749164,62743.639344000025,59643.22114399997,45740.65134300001,1448.325662,217.6554,101741.504502,79234.59219699999,178863.654752,152224.50104200005,267267.62584699993,238607.28349000006,372116.89152599993,321178.2791049998
2026-10-07T18:42:08.761349+00:00,obs-20261007-01,LIGHT,ALGOUSDT,1.0,0.1174,0.1175,0.11745,8.517887563883608,5664340214,0.1174,0.1175,77,0,30968.715099999994,55373.285700000015,32873.537000000004,49797.73190000001,0.0,0.0,40821.745500000005,26027.3768,113199.63620000001,70964.98479999999,149077.54360000003,107944.3213,175462.79950000005,122181.53070000002
2026-10-07T18:42:08.761349+00:00,obs-20261007-01,LIGHT,XRPUSDT,1.0,1.4231,1.4232,1.4231500000000001,0.7026913077079477,26677193508,1.4231,1.4232,315,34,762308.3908599995,471155.02125,750393.0745499999,437653.8838700001,5421.016680000001,11913.183050000001,995869.69375,930654.1318899997,1390945.4314500007,1248553.4497599995,3016596.289300001,2071219.2202499993,4391655.44988,2747393.5151599995
2026-10-07T18:42:08.761349+00:00,obs-20261007-01,LIGHT,HBARUSDT,1.0,0.0922,0.09221,0.09220500000000001,1.0845986984819866,8392860902,0.0922,0.09221,212,23,363880.79162,228929.16971000013,379492.4587999998,210404.51311,1447.96808,159.34698999999998,160418.62099999998,103223.43327999998,246896.24415999994,236594.29648999998,421753.0196599998,396922.36993999995,897372.77102,756512.8277299999
2026-10-07T18:43:08.772943+00:00,obs-20261007-01,LIGHT,PEPEUSDT,1.0,4.04e-06,4.05e-06,4.045e-06,24.752475247524774,8827903638,4.04e-06,4.05e-06,112,11,33272.396522480005,158949.12458584996,33550.364856800006,163949.01357824996,265.57229668,673.8607728000001,101224.05039272,140727.44502855002,271892.50268524,281225.22328673,573322.21046094,531917.9192766,893338.4803866601,837052.61582313
2026-10-07T18:43:08.772943+00:00,obs-20261007-01,LIGHT,BNBUSDT,1.0,770.73,770.74,770.735,0.12974712285673817,20909532728,770.73,770.74,323,36,1097417.3702299998,784237.2669600003,1081678.3226400006,732743.8791199997,25355.357610000003,748.39585,663743.34394,958439.2187199999,1262424.4907199992,2460203.265009999,2935373.659639996,4091720.2450800035,5377103.325050002,5416197.9521
2026-10-07T18:43:08.772943+00:00,obs-20261007-01,LIGHT,AAVEUSDT,1.0,171.87,171.88,171.875,0.5818351079289741,10439200041,171.87,171.88,263,37,1025192.86365,1270876.67741,1037185.2513400003,1220469.2351999993,7843.855669999999,524.29588,128109.71079000003,138340.09076000002,198666.40841,188166.4151,255625.87724000006,258781.76136999996,794267.4867699996,290949.07840999984
2026-10-07T18:43:08.772943+00:00,obs-20261007-01,LIGHT,AVAXUSDT,1.0,11.253,11.254,11.253499999999999,0.8886519150452798,10519321888,11.253,11.254,341,56,721269.6508,1362599.7202000008,820544.2677499996,1390222.8074699997,10414.656839999998,40539.6974,125379.02122,135009.15060000002,209441.35712000006,215647.71148,275776.33684,309415.31434999994,395515.4967699998,447266.60714999994
2026-10-07T18:43:08.772943+00:00,obs-20261007-01,LIGHT,FILUSDT,1.0,1.0221,1.0222,1.02215,0.9783778495253692,9895118998,1.0221,1.0222,272,37,86835.20229599994,179304.5032719999,110925.33247400002,156000.03829300002,4237.866156000001,1469.616541,93281.20969099998,79023.157003,184524.15399399996,152194.56762599997,263095.5031389999,258123.54036799996,348576.32523300004,340420.3083939997
2026-10-07T18:43:08.772943+00:00,obs-20261007-01,LIGHT,ALGOUSDT,1.0,0.1174,0.1175,0.11745,8.517887563883608,5664340487,0.1174,0.1175,102,2,16008.409300000001,36324.0013,16989.6835,36638.3462,8.218,6.932499999999999,39403.7131,25716.4848,112231.5604,73654.0068,148096.26940000002,107629.97640000001,174481.40930000003,122030.82920000002
2026-10-07T18:43:08.772943+00:00,obs-20261007-01,LIGHT,XRPUSDT,1.0,1.4236,1.4237,1.4236499999999999,0.702444506883726,26677195437,1.4236,1.4237,312,38,994461.4489099997,724842.9706799999,773093.8957900003,781030.8284700002,4462.893910000001,27297.385840000006,1124645.8777599998,839901.6938400001,1605097.5497400002,1195262.2805299996,3209198.1587200006,2016452.7296899997,4602529.245299999,2726105.33162
2026-10-07T18:43:08.772943+00:00,obs-20261007-01,LIGHT,HBARUSDT,1.0,0.09218,0.09219,0.09218499999999999,1.0848340203950535,8392861985,0.09218,0.09219,235,28,373954.32668999984,368478.97397999995,382994.6044699998,363930.83084,6462.919290000002,724.3077300000001,153758.94805,116345.05165,255402.90984,237530.91864999998,412727.43795999995,399982.6097,888366.1063100002,754734.9974499999
2026-10-07T18:44:08.773492+00:00,obs-20261007-01,LIGHT,PEPEUSDT,1.0,4.04e-06,4.05e-06,4.045e-06,24.752475247524774,8827903927,4.04e-06,4.05e-06,101,7,15.107152510000002,319110.07250272,0.0,320260.00260345987,0.0,659.5863169500001,101239.05039156001,124465.00981545,271907.60983775003,280075.45083337,573337.31761345,530767.98917586,886296.2078143301,835902.68572239
2026-10-07T18:44:08.773492+00:00,obs-20261007-01,LIGHT,BNBUSDT,1.0,770.93,770.94,770.935,0.1297134629618668,20909535180,770.93,770.94,343,55,740909.2305100006,805679.1195900002,736560.1907300001,972153.96822,478.68061,6963.882090000004,628357.0863099999,894081.5729499996,1282592.345239999,2376224.3432999984,2936368.1219099974,3935380.6640400025,5306086.045000002,5250481.305089997
2026-10-07T18:44:08.773492+00:00,obs-20261007-01,LIGHT,AAVEUSDT,1.0,171.92,171.93,171.925,0.5816658911128592,10439202361,171.92,171.93,255,26,1094507.58518,962626.7476500007,951898.3339100003,1014535.9814600003,4026.6013999999996,1455.5977,245428.58609999996,85377.79272999999,336558.0074199998,140279.41223,397290.48294999974,207048.04674999995,936650.0745299995,239039.8445999999
2026-10-07T18:44:08.773492+00:00,obs-20261007-01,LIGHT,AVAXUSDT,1.0,11.26,11.261,11.2605,0.8880994671400799,10519325890,11.26,11.261,335,39,938741.52189,1368218.24375,801140.1874799997,1363233.9703300006,986.5867000000001,7786.97375,210073.37549,139828.44709,330338.62268,244321.55976,412977.7919700001,328127.26821999997,531777.1588699998,461782.68779999984
2026-10-07T18:44:08.773492+00:00,obs-20261007-01,LIGHT,FILUSDT,1.0,1.0222,1.0223,1.02225,0.9782821365678096,9895120602,1.0222,1.0223,275,51,59576.667144000035,218843.954691,56116.440250000014,228580.37799300003,1730.2625429999996,3730.8360730000004,96750.30210199997,91720.779219,187984.25317499996,148109.54386100004,266529.16503299994,248387.11706600006,351427.1453969999,327576.4453199998
2026-10-07T18:44:08.773492+00:00,obs-20261007-01,LIGHT,ALGOUSDT,1.0,0.1175,0.1176,0.11754999999999999,8.510638297871687,5664341244,0.1175,0.1176,132,1,72466.336,58380.21669999998,65613.0326,66257.5335,0.0,361.50239999999997,53383.3526,20851.375500000002,110149.6412,68466.9749,145515.40730000002,102291.17780000002,178118.3195,115284.98170000003
2026-10-07T18:44:08.773492+00:00,obs-20261007-01,LIGHT,XRPUSDT,1.0,1.4242,1.4243,1.4242499999999998,0.7021485746383505,26677198973,1.4242,1.4243,451,52,1707961.4164399998,1371521.9340499998,1676357.77498,1307671.413679999,44260.772130000005,76313.42554,1115877.3977,887209.1471299997,1500843.67601,1254410.3842999993,2500604.20143,2081886.74937,4633535.895009998,2792526.9605099997
2026-10-07T18:44:08.773492+00:00,obs-20261007-01,LIGHT,HBARUSDT,1.0,0.09221,0.09222,0.09221499999999999,1.0844810758037227,8392862678,0.09221,0.09222,183,40,278092.87607,83817.22866000004,264842.0089399999,92948.5317,0.0,6205.052609999997,155112.30405999997,99160.19999000001,250145.56894000003,233372.69756000006,425963.6090099999,396671.05886000005,901591.9163400001,745610.37125
2026-10-07T18:45:08.784511+00:00,obs-20261007-01,LIGHT,PEPEUSDT,1.0,4.04e-06,4.05e-06,4.045e-06,24.752475247524774,8827904359,4.04e-06,4.05e-06,130,10,31296.884081890003,82568.62725400002,36396.13578852001,82187.07322180003,380.27087012000004,894.8227869000001,97157.39007316,139925.77919145,267598.47900647,280476.25920937,568238.06590682,531149.54320806,885096.6481224401,836284.23975459
2026-10-07T18:45:08.784511+00:00,obs-20261007-01,LIGHT,BNBUSDT,1.0,771.04,771.05,771.045,0.12969495746029125,20909537106,771.04,771.05,265,39,818651.5631,744912.60821,802949.3663900006,794696.7783599995,12526.82936,15815.344989999998,629699.92157,924524.1812199996,1276734.9622799996,2325701.0335799986,2950493.3200599975,3895493.3857000032,5309442.2168999985,5205944.049619998
2026-10-07T18:45:08.784511+00:00,obs-20261007-01,LIGHT,AAVEUSDT,1.0,172.1,172.11,172.10500000000002,0.5810575246956162,10439204576,172.1,172.11,205,31,971918.0621600001,616906.6718999998,1098101.47239,624374.5920400004,5274.223209999999,2294.644119999999,99469.53601,88315.89876000003,182242.55339000002,155415.29244999995,263191.4807600001,202703.50792999993,798950.8311500001,231906.26665999988
2026-10-07T18:45:08.784511+00:00,obs-20261007-01,LIGHT,AVAXUSDT,1.0,11.254,11.255,11.2545,0.8885729518404162,10519328421,11.254,11.255,289,45,623322.2208800002,723648.5178499998,634690.31888,719989.73818,1320.54037,10634.399420000002,184348.41998000004,130741.89490999999,311505.67247,222452.26195000001,401697.73866000015,318058.36743999994,513186.9134600001,460094.3621199999
2026-10-07T18:45:08.784511+00:00,obs-20261007-01,LIGHT,FILUSDT,1.0,1.0221,1.0222,1.02215,0.9783778495253692,9895121687,1.0221,1.0222,193,29,69469.37199399999,108422.32165899994,70397.49612700003,108396.37754899997,1858.1942450000001,1718.5645439999998,95513.20998199997,75758.02840200001,186756.20616099995,147885.264002,265627.6058999999,248413.061176,350895.373998,327578.38877799973
2026-10-07T18:45:08.784511+00:00,obs-20261007-01,LIGHT,ALGOUSDT,1.0,0.1175,0.1176,0.11754999999999999,8.510638297871687,5664341452,0.1175,0.1176,69,1,20150.5014,26961.857999999997,25063.980799999998,17568.7765,0.0,32.928,48090.454,34341.1804,104357.3397,78646.015,140601.92789999998,111684.25930000002,174187.305,124678.06320000003
2026-10-07T18:45:08.784511+00:00,obs-20261007-01,LIGHT,XRPUSDT,1.0,1.4235,1.4236,1.42355,0.7024938531796643,26677201549,1.4235,1.4236,336,48,988376.41226,1154984.2414100002,1238896.2699199999,997023.9761399998,54456.0046,38146.85886,939173.6750200002,1043329.0461800001,1391390.5823600003,1407826.3435200003,2991352.2435800005,2238644.423680001,4385566.482259999,2950044.620430001
2026-10-07T18:45:08.784511+00:00,obs-20261007-01,LIGHT,HBARUSDT,1.0,0.09217,0.09218,0.092175,1.08495171964762,8392864353,0.09217,0.09218,268,65,437672.8119400001,584822.5213799998,438118.49720999994,599316.55223,14609.06511,4145.990159999999,143446.13582,114756.79368,265180.3070999999,222436.56381000002,425611.28593999986,376308.77070999995,910482.7924600003,725937.4055300001
2026-10-07T18:46:08.813060+00:00,obs-20261007-01,LIGHT,PEPEUSDT,1.0,4.04e-06,4.05e-06,4.045e-06,24.752475247524774,8827904678,4.04e-06,4.05e-06,139,13,177159.93208186,346886.1366184301,155923.54421244003,352041.04831522005,948.62249392,690.8352826500001,120865.11107204,117768.0796371,288784.2429515,275321.19097258,589474.45377624,525994.63151127,887257.7829442599,831130.3429102999
2026-10-07T18:46:08.813060+00:00,obs-20261007-01,LIGHT,BNBUSDT,1.0,771.12,771.13,771.125,0.12968150223002795,20909540221,771.12,771.13,345,74,1991906.4714000006,2380650.08616,2019885.91196,2342454.7238,13121.226999999997,19708.462139999996,643079.23082,1070589.43441,1266414.4834999996,2362466.7332199984,2922057.369659999,3934192.626070003,5284463.066630001,5096198.098749998
2026-10-07T18:46:08.813060+00:00,obs-20261007-01,LIGHT,AAVEUSDT,1.0,172.23,172.24,172.235,0.5806189397916661,10439206732,172.23,172.24,264,22,1226406.3738199999,469991.7095000002,1169830.54295,480679.79041000013,714.25311,5951.482290000001,178039.12552999996,100126.07303,251097.39891,156009.55422999995,308877.54120000004,194791.40595999992,846639.8802799999,222157.28697999983
2026-10-07T18:46:08.813060+00:00,obs-20261007-01,LIGHT,AVAXUSDT,1.0,11.268,11.269,11.2685,0.8874689385862666,10519333651,11.268,11.269,408,84,1047407.57534,1202314.416429999,989891.6520400003,1217963.7812399992,8439.785759999997,18320.467389999998,266104.97388999996,136068.31042,359958.63469000004,240213.25250999996,454260.26232000027,317954.1656099999,562365.7487200004,448400.01789999986
2026-10-07T18:46:08.813060+00:00,obs-20261007-01,LIGHT,FILUSDT,1.0,1.0227,1.0228,1.0227499999999998,0.9778038525465327,9895123251,1.0227,1.0228,302,27,118950.07224700006,158172.1036740001,96669.24752099998,167398.37020200002,1145.985472,1133.8577199999997,113585.609616,91434.524921,204338.993734,153772.15616900002,271630.3257359999,242906.75946299997,371360.31120600004,322401.51784799976
2026-10-07T18:46:08.813060+00:00,obs-20261007-01,LIGHT,ALGOUSDT,1.0,0.1176,0.1177,0.11765,8.503401360544505,5664341891,0.1176,0.1177,107,1,41750.99709999999,41851.38649999999,35086.68069999999,48879.5244,0.0,117.6,35906.8169,40320.262,95889.27459999999,80027.0587,143129.8539,106472.4546,177128.89409999998,117926.38990000001
2026-10-07T18:46:08.813060+00:00,obs-20261007-01,LIGHT,XRPUSDT,1.0,1.4242,1.4243,1.4242499999999998,0.7021485746383505,26677204631,1.4242,1.4243,359,60,1691093.2501200004,1354684.5600499995,1310429.6728400001,1555944.2749199993,2377.7457699999995,54988.991919999986,1257609.77186,853669.21736,1634086.86564,1213450.3478599996,2630757.93205,2039092.3637800002,4763701.0222499985,2750138.4406600003
2026-10-07T18:46:08.813060+00:00,obs-20261007-01,LIGHT,HBARUSDT,1.0,0.09221,0.09222,0.09221499999999999,1.0844810758037227,8392865933,0.09221,0.09222,277,78,566148.6699999999,280149.45889,548803.57149,300188.3076599999,117.12702,4273.246019999999,167046.74947,102099.65273,276720.6072099999,208953.80119,442863.0222499999,362138.17923999997,927800.3391500002,705915.5758
2026-10-07T18:47:08.826380+00:00,obs-20261007-01,LIGHT,PEPEUSDT,1.0,4.04e-06,4.05e-06,4.045e-06,24.752475247524774,8827904923,4.04e-06,4.05e-06,117,9,177224.19621263994,86716.71760542002,176470.35898621997,99705.5840551,14.457750040000002,662.5834992000001,121363.56676896001,83135.77327935,289944.55034009006,261890.87377591,590228.2910026601,513005.76506159,887916.3991518201,818325.84240085
2026-10-07T18:47:08.826380+00:00,obs-20261007-01,LIGHT,BNBUSDT,1.0,771.19,771.2,771.195,0.12966973119477032,20909541994,771.19,771.2,303,46,1022439.3504599998,1101979.9034900006,693624.4791899998,769723.5162300001,16506.79751,2980.44514,785152.82683,1234070.8754599998,1423183.0409099993,2641667.6425399985,3250246.219929999,4267737.29503,5677436.669540003,5579696.986359998
2026-10-07T18:47:08.826380+00:00,obs-20261007-01,LIGHT,AAVEUSDT,1.0,172.36,172.37,172.365,0.5801810164762777,10439209226,172.36,172.37,244,30,1186407.8666800002,608314.5061500003,1215451.5231199996,611457.1684299998,526.04697,2395.3352799999993,120257.66836,99367.03571000001,193130.26148999995,152869.26911,273202.50720000005,195521.32416,806894.3779900002,223241.98109999992
2026-10-07T18:47:08.826380+00:00,obs-20261007-01,LIGHT,AVAXUSDT,1.0,11.272,11.273,11.2725,0.8871540099364417,10519337302,11.272,11.273,325,48,498693.2026400001,1076231.47343,494672.79109000036,1083295.2708499997,8883.26642,6689.2670899999985,226710.73820000002,149063.23338999998,365439.30017,247790.80234999987,458232.81176,311113.9121399997,557894.9833800002,441597.25058999966
2026-10-07T18:47:08.826380+00:00,obs-20261007-01,LIGHT,FILUSDT,1.0,1.023,1.0231,1.02305,0.9775171065484756,9895124504,1.023,1.0231,235,25,65662.724772,163952.96843100004,64915.13581499996,169563.53046999994,2350.7209220000004,1183.038785,92720.85875599999,86864.23045799999,176029.64193299998,159709.89992300002,268732.9987529999,237369.94766600002,371815.22223099996,316827.13004499977
2026-10-07T18:47:08.826380+00:00,obs-20261007-01,LIGHT,ALGOUSDT,1.0,0.1176,0.1177,0.11765,8.503401360544505,5664342302,0.1176,0.1177,119,1,24679.5951,42400.82389999998,24492.3491,48189.65619999999,0.0,6.468,41512.3041,27114.102600000002,99467.4432,72268.55900000001,143317.0999,100683.62230000002,176798.8881,113561.49170000003
2026-10-07T18:47:08.826380+00:00,obs-20261007-01,LIGHT,XRPUSDT,1.0,1.4243,1.4244,1.42435,0.7020992768391743,26677206880,1.4243,1.4244,314,32,975214.4729299999,836319.1710699997,878720.9828600001,916939.9189999995,3623.0411599999998,8976.97223,1311746.8372199996,773485.5197900002,1729848.8782799996,1133377.3145299999,2724137.92451,1959006.1657800004,4859937.547369998,2669561.1362100006
2026-10-07T18:47:08.826380+00:00,obs-20261007-01,LIGHT,HBARUSDT,1.0,0.09226,0.09227,0.092265,1.083893344895337,8392867103,0.09226,0.09227,278,17,559486.90529,252022.28915000006,541851.9628000003,263494.8605400001,1864.7538100000002,1215.0413399999995,175355.34335,97486.62534,302501.00672000006,197266.74305,459510.6054900001,352531.91958999995,945411.6128400005,694953.54939
2026-10-07T18:48:08.826529+00:00,obs-20261007-01,LIGHT,PEPEUSDT,1.0,4.04e-06,4.05e-06,4.045e-06,24.752475247524774,8827905208,4.04e-06,4.05e-06,109,9,99605.69157505002,235453.71301365987,85347.48289557,205451.71192474998,0.0,1141.1662806000002,135223.92633176,121906.16367030001,303543.08110917,291896.44497114,604486.49968214,543007.7661505,901835.4153313,936290.3633337499
2026-10-07T18:48:08.826529+00:00,obs-20261007-01,LIGHT,BNBUSDT,1.0,771.17,771.18,771.175,0.12967309412914574,20909544689,771.17,771.18,326,63,1047046.5142599999,988530.8644900001,1102253.12551,984890.3912699999,14134.30719,4125.3661600000005,753919.0372100001,1240350.7489499997,1392793.9082199996,2649158.321349998,3195647.380649999,4270445.424949999,5627939.357660002,5583270.484039998
2026-10-07T18:48:08.826529+00:00,obs-20261007-01,LIGHT,AAVEUSDT,1.0,172.12,172.13,172.125,0.5809900069708718,10439212324,172.12,172.13,290,35,718762.7787500005,1226913.6492500002,755591.92402,1150442.5927900004,2181.9218500000006,605.86526,109707.34378999998,159325.26585000003,189493.37954999995,210740.75321000005,251702.52703,264649.4898000001,775545.2237399997,296283.32993999997
2026-10-07T18:48:08.826529+00:00,obs-20261007-01,LIGHT,AVAXUSDT,1.0,11.269,11.27,11.2695,0.887390185464465,10519342001,11.269,11.27,325,81,690900.4360599997,1035817.8580099995,698111.2149100003,1034672.0825499998,11062.319990000004,3370.3726299999994,262427.77559000003,142333.18730000002,357215.4447300002,242626.59295999998,451036.2019000003,312259.68759999983,559466.7242500001,442889.6510099999
2026-10-07T18:48:08.826529+00:00,obs-20261007-01,LIGHT,FILUSDT,1.0,1.0226,1.0227,1.02265,0.9778994719344958,9895126013,1.0226,1.0227,264,36,95298.02156200004,232116.02747200005,107141.75944600005,225530.41601900008,2024.779595,662.5039219999999,106469.55038199999,88954.05603699999,193136.95452899998,156952.689764,274415.1063089999,243876.737338,360258.3497459999,326497.55858499976
2026-10-07T18:48:08.826529+00:00,obs-20261007-01,LIGHT,ALGOUSDT,1.0,0.1175,0.1176,0.11754999999999999,8.510638297871687,5664342813,0.1175,0.1176,117,4,75101.93700000002,75965.7189,78767.38909999999,64883.170199999986,3043.3704,320.144,47749.7424,21686.209300000002,107418.628,70121.2496,143788.0382,107810.25059999998,172415.63230000003,124367.20039999999
2026-10-07T18:48:08.826529+00:00,obs-20261007-01,LIGHT,XRPUSDT,1.0,1.4238,1.4239,1.4238499999999998,0.702345835088547,26677210952,1.4238,1.4239,339,87,1970471.48943,2276867.4122600006,2403177.0570300003,1981616.80732,67464.16808999998,82519.79119,1012813.4206800001,1093411.8076800003,1434578.46242,1299321.8520300004,3035373.3684900007,2254888.016300001,4426105.145919999,2964820.6812800015
2026-10-07T18:48:08.826529+00:00,obs-20261007-01,LIGHT,HBARUSDT,1.0,0.09232,0.09233,0.09232499999999999,1.0831889081441837,8392869119,0.09232,0.09233,311,34,899219.33334,316825.51553000015,894937.2979699996,335972.97746,6134.98706,5386.45275,184024.08939,94146.04835000001,290739.63827999996,184243.46635000006,452972.0575299998,333844.54587000003,949573.5666700002,676113.73858
2026-10-07T18:49:08.850543+00:00,obs-20261007-01,LIGHT,PEPEUSDT,1.0,4.04e-06,4.05e-06,4.045e-06,24.752475247524774,8827905507,4.04e-06,4.05e-06,124,15,67382.68545497,224896.77830209,83679.33660283001,223478.20031687,19.528523720000003,1131.2961714,82787.76783768,139369.54904460002,287499.93284399004,293918.85410636,588189.84853428,544426.34413572,898828.3971281799,937707.87080782
2026-10-07T18:49:08.850543+00:00,obs-20261007-01,LIGHT,BNBUSDT,1.0,771.31,771.32,771.315,0.1296495572478129,20909547691,771.31,771.32,334,58,1447280.4972299992,1006284.7125800002,1433881.137510001,1055951.79468,14182.33978,21263.627349999995,755300.9981799999,1143765.2517800003,1385936.5922599996,2600210.4960299986,3207717.4209399987,4228103.89741,5616334.328330002,5534839.627749996
2026-10-07T18:49:08.850543+00:00,obs-20261007-01,LIGHT,AAVEUSDT,1.0,172.03,172.04,172.035,0.5812939603555556,10439215106,172.03,172.04,289,41,1122191.17546,1108790.6634599995,1123712.7709899999,1106606.6003499997,3730.86539,6038.221459999998,91111.82583999999,143365.02161999998,190900.0042299999,197083.27555,252664.92191999994,266154.46829,784350.3980499994,297464.96265999996
2026-10-07T18:49:08.850543+00:00,obs-20261007-01,LIGHT,AVAXUSDT,1.0,11.259,11.26,11.2595,0.8881783462122428,10519345701,11.259,11.26,323,49,572978.4013299997,887084.9396300006,648657.34581,874538.05574,13489.735960000002,13289.03953,200104.33888,138867.35879000006,293894.15950999997,231300.38625000004,380297.09951000015,324414.04672,491602.7724099999,453102.21043999994
2026-10-07T18:49:08.850543+00:00,obs-20261007-01,LIGHT,FILUSDT,1.0,1.0226,1.0227,1.02265,0.9778994719344958,9895127688,1.0226,1.0227,271,25,104469.096661,255388.05426200008,103573.19231799999,257861.46219700004,2070.700887,825.2235009999999,106278.314163,86384.27094799998,193464.70852199994,154199.875151,275311.01065199985,241403.32940299995,360946.905289,324024.15113299974
2026-10-07T18:49:08.850543+00:00,obs-20261007-01,LIGHT,ALGOUSDT,1.0,0.1175,0.1176,0.11754999999999999,8.510638297871687,5664343108,0.1175,0.1176,86,2,38786.207899999994,55732.9103,40629.20830000001,51170.6411,0.0,1004.8919999999999,47502.4657,28564.4824,105759.7451,71495.5989,141945.03780000002,112372.5198,170196.74510000003,128929.2388
2026-10-07T18:49:08.850543+00:00,obs-20261007-01,LIGHT,XRPUSDT,1.0,1.4238,1.4239,1.4238499999999998,0.702345835088547,26677213663,1.4238,1.4239,340,44,1099055.3455000003,1049948.2327599996,1113323.3241900003,1074552.4579599996,3519.58599,32401.637219999997,997357.90586,1066625.7560400004,1420678.52831,1275217.8920700003,3021105.3898000005,2230789.06589,4411776.101899999,2940739.7108700005
2026-10-07T18:49:08.850543+00:00,obs-20261007-01,LIGHT,HBARUSDT,1.0,0.0923,0.09232,0.09231,2.166847237270453,8392870912,0.0923,0.09232,268,28,826128.67947,775703.7610699999,868655.54208,756872.8192600004,1891.9784499999996,2545.37865,180792.34972000003,96549.90673000002,258860.62227999998,204499.44202000002,410687.03873,352662.43408,901519.4571100002,694939.3132699999
2026-10-07T18:50:08.850545+00:00,obs-20261007-01,LIGHT,PEPEUSDT,1.0,4.04e-06,4.05e-06,4.045e-06,24.752475247524774,8827905867,4.04e-06,4.05e-06,202,17,3304.96892319,24077.01905570002,7472.67313138,25072.77152895002,1396.2242828000003,1078.0207137000002,79006.1757438,138880.48050135002,283331.46075011,292923.09756311006,584022.14432609,543430.59166247,895722.28669501,936712.11833457
2026-10-07T18:50:08.850545+00:00,obs-20261007-01,LIGHT,BNBUSDT,1.0,771.28,771.29,771.285,0.12965460014502384,20909548840,771.28,771.29,267,44,327707.8250399999,252726.50709999996,314843.09916000004,253306.0141799999,7491.46779,6336.15545,780518.24059,1142973.1414200002,1411573.6821399997,2599585.255099999,3220886.8169599986,4222095.536850001,5644483.716100002,5533615.566929997
2026-10-07T18:50:08.850545+00:00,obs-20261007-01,LIGHT,AAVEUSDT,1.0,172.03,172.04,172.035,0.5812939603555556,10439217456,172.03,172.04,223,44,792394.2762700001,979697.9847500002,787669.5721699999,984144.5695599997,4840.52214,9800.89559,111499.85966000002,146251.73414,195375.33684,196241.90800999998,257389.62602000003,261707.88348000002,789582.4449199996,293018.37784999993
2026-10-07T18:50:08.850545+00:00,obs-20261007-01,LIGHT,AVAXUSDT,1.0,11.252,11.253,11.252500000000001,0.888730892285583,10519348201,11.252,11.253,312,42,487952.40193000034,853555.5693200002,485415.2231600003,823844.3626600001,6919.50965,22528.838690000004,167851.60199,151368.39914000005,322055.16533000005,239859.64055000007,384231.05304000026,340384.1610499998,493964.6365200001,478173.8291399998
2026-10-07T18:50:08.850545+00:00,obs-20261007-01,LIGHT,FILUSDT,1.0,1.0219,1.022,1.02195,0.9785693316377575,9895129019,1.0219,1.022,241,49,67464.14485600001,197311.45385500003,95871.31743099996,185876.73729399996,1381.8845949999993,1694.3034530000004,89954.34070799999,78333.171629,170705.17533499998,148579.91126799997,252925.29191899995,248901.3220949999,330298.1756080001,331405.9296539996
2026-10-07T18:50:08.850545+00:00,obs-20261007-01,LIGHT,ALGOUSDT,1.0,0.1173,0.1174,0.11735000000000001,8.525149190110604,5664343855,0.1173,0.1174,134,3,84525.08929999993,114425.8413,95677.6363,110773.20240000001,16050.9835,117.4,41446.505699999994,20709.7824,108630.6541,54113.8951,141264.65130000003,105706.0136,165990.45610000007,127501.98200000003
2026-10-07T18:50:08.850545+00:00,obs-20261007-01,LIGHT,XRPUSDT,1.0,1.4238,1.4239,1.4238499999999998,0.702345835088547,26677214803,1.4238,1.4239,332,27,258725.96587000004,328875.14100000006,262271.30415000004,369100.81106,1021.2917400000001,7875.306119999998,1000747.1491300002,1026811.8927500003,1419291.5069500003,1234992.2220100004,3017560.051520001,2190563.3958300003,4406387.968850001,2900513.97055
2026-10-07T18:50:08.850545+00:00,obs-20261007-01,LIGHT,HBARUSDT,1.0,0.09231,0.09232,0.09231500000000001,1.0833062506776514,8392872345,0.09232,0.09234,257,81,255445.43241000015,317462.05836,214870.69865000003,310711.44216000015,714.4522199999999,6054.888019999996,184251.84598000004,106955.97285999998,298928.45958,215450.30336999998,451256.38048,359413.05027999997,942085.6208900003,701695.2965899999
2026-10-07T18:51:08.861634+00:00,obs-20261007-01,LIGHT,PEPEUSDT,1.0,4.04e-06,4.05e-06,4.045e-06,24.752475247524774,8827906231,4.04e-06,4.05e-06,131,20,201292.81715602003,192144.20365973,201397.12578262002,222765.82040494,9.902912640000002,1346.0875164000001,113009.26549072,109994.0407929,283259.29914832005,261697.39325790002,583917.83569949,512808.97491726,881816.4440874001,822742.34030424
2026-10-07T18:51:08.861634+00:00,obs-20261007-01,LIGHT,BNBUSDT,1.0,771.96,771.97,771.965,0.12954039069423828,20909553861,771.96,771.97,391,125,5336929.37215,3423962.860499997,5139939.146370002,3421968.4742899993,1461.3767299999997,12670.435930000001,753192.0171900002,1292937.3221899986,1391511.14604,2688564.339180001,3164039.015629999,4403792.827250006,5313476.997940002,5659026.642960002
2026-10-07T18:51:08.861634+00:00,obs-20261007-01,LIGHT,AAVEUSDT,1.0,172.39,172.4,172.39499999999998,0.5800800510491477,10439220961,172.39,172.4,313,39,1637520.7101200009,1100376.5227000008,1536711.3613799992,1132113.31865,775.4425200000001,6459.352599999997,162023.88535999993,148283.39109,248211.46445999996,198783.91508999994,331505.6083599998,234801.71182999993,868986.7246399997,262514.4127599998
2026-10-07T18:51:08.861634+00:00,obs-20261007-01,LIGHT,AVAXUSDT,1.0,11.275,11.276,11.275500000000001,0.8869179600878851,10519353918,11.275,11.276,431,106,1228820.6920500002,1613560.54367,1154950.6224499997,1676868.9888199996,12700.759879999996,21132.509869999994,236200.98968000003,152151.86148999998,350155.24217000016,240265.7211099999,447709.58397000027,292992.6918999998,552144.04691,434974.2146699998
2026-10-07T18:51:08.861634+00:00,obs-20261007-01,LIGHT,FILUSDT,1.0,1.0233,1.0234,1.0233500000000002,0.9772305286825933,9895131677,1.0233,1.0234,332,73,220494.08500000022,325430.4469340002,182590.86872400006,351493.0573219999,1463.2586689999998,6145.804369000001,91628.42065499997,88789.695863,162830.82441399994,159584.468906,265803.2624119999,230658.9090819999,367251.52597300004,315510.05981599964
2026-10-07T18:51:08.861634+00:00,obs-20261007-01,LIGHT,ALGOUSDT,1.0,0.1175,0.1176,0.11754999999999999,8.510638297871687,5664344738,0.1175,0.1176,193,5,101826.67730000001,111521.21970000003,87539.1285,122798.85710000004,99.16999999999999,1899.7912000000001,51092.7865,20155.4503,110015.11189999999,57559.1942,145080.03960000002,102674.7739,178211.1234,115501.60830000002
2026-10-07T18:51:08.861634+00:00,obs-20261007-01,LIGHT,XRPUSDT,1.0,1.4256,1.4257,1.42565,0.7014590347931282,26677220672,1.4256,1.4257,409,105,4078236.1549299997,3479432.418919999,3969485.960429999,3678890.019409999,55802.865249999995,64784.55665999998,949893.9813800001,809875.2863899999,1431654.4382900004,1130003.0520000004,2352199.706250001,1995433.3987500006,4504797.818900001,2718869.361740001
2026-10-07T18:51:08.861634+00:00,obs-20261007-01,LIGHT,HBARUSDT,1.0,0.09249,0.0925,0.092495,1.0811979673475136,8392874878,0.09249,0.0925,307,126,1205302.3271299996,356233.67415000015,1089706.85922,398750.6811100001,1485.00282,9123.841199999992,149471.47684,100211.97327000002,245463.48984000002,189587.99566999997,446598.08257999993,324720.84803999995,948603.4387300003,667428.5978299999
2026-10-07T18:52:08.861640+00:00,obs-20261007-01,LIGHT,PEPEUSDT,1.0,4.05e-06,4.06e-06,4.055e-06,24.691358024691024,8827907396,4.05e-06,4.06e-06,201,31,682896.47805399,499792.9678769599,483199.41667520994,491709.17567649,2840.7078675000002,5967.7717377300005,22998.126633300002,177090.83866614,220674.78814574002,379684.72984087,611711.58647817,629863.50025497,985402.0752883401,903464.7310458099
2026-10-07T18:52:08.861640+00:00,obs-20261007-01,LIGHT,BNBUSDT,1.0,772.08,772.09,772.085,0.1295202569684406,20909558905,772.08,772.09,411,190,2836628.6137,3207558.403139998,2849501.8203600002,3136671.31596,20133.542980000006,25041.26738000001,727688.20387,1945646.5004399992,1379236.3490699998,2760427.9845800004,3132599.4820499993,4476593.444440005,5298997.273360001,5739175.9746199995
2026-10-07T18:52:08.861640+00:00,obs-20261007-01,LIGHT,AAVEUSDT,1.0,172.32,172.33,172.325,0.5803156917383312,10439225001,172.32,172.33,372,70,1104630.4378900009,1065049.4542000007,1184394.6796499998,1037083.6781600001,2207.0380200000004,3743.949400000001,105184.13942,155038.79257000005,187477.72983,211391.27404000002,252722.31110000005,262708.12818999996,789431.8537700003,289782.37229
2026-10-07T18:52:08.861640+00:00,obs-20261007-01,LIGHT,AVAXUSDT,1.0,11.282,11.283,11.282499999999999,0.8863676653070307,10519359551,11.282,11.283,445,108,1054030.82652,1538962.0710699987,1029654.2146099993,1552289.2939599992,2249.309320000001,24979.49968,228479.81,146079.94788000002,343327.3108100001,240950.89911000006,468968.8028400003,279879.9105700001,564479.1842300005,433643.6384300003
2026-10-07T18:52:08.861640+00:00,obs-20261007-01,LIGHT,FILUSDT,1.0,1.0236,1.0237,1.02365,0.9769441187956751,9895134619,1.0236,1.0237,332,61,235101.584069,358592.24116599973,229093.514554,372846.0052790003,1654.7502540000003,3578.6123449999996,85013.996499,69627.30066100002,181268.6456,149391.538926,270250.199176,216709.95409900002,372739.7212540002,301453.2372209997
2026-10-07T18:52:08.861640+00:00,obs-20261007-01,LIGHT,ALGOUSDT,1.0,0.1176,0.1178,0.1177,17.00680272108901,5664345605,0.1176,0.1178,185,7,77442.19380000001,110024.5128,79093.35409999998,108022.41230000003,307.65279999999996,1988.0603999999998,32025.502299999996,15942.6025,84902.1926,62073.6097,131222.65039999998,106489.76239999999,161611.5278,121481.0649
2026-10-07T18:52:08.861640+00:00,obs-20261007-01,LIGHT,XRPUSDT,1.0,1.4257,1.4258,1.4257499999999999,0.7014098337654318,26677226292,1.4257,1.4258,455,87,3370254.9685000004,2911170.253119999,3456819.744639999,2804502.577040001,74550.94206,81408.73981000001,1030714.9006400001,904971.9530499998,1365383.7548300012,1107663.23782,2265090.2708500014,2116305.0170899997,4418336.963320001,2827206.2297099987
2026-10-07T18:52:08.861640+00:00,obs-20261007-01,LIGHT,HBARUSDT,1.0,0.09246,0.09247,0.09246499999999999,1.081548777850383,8392877210,0.09246,0.09247,328,65,600111.7630400002,889961.2947099998,622650.6332799997,874283.9611699998,5294.9755399999995,3687.2422500000002,161715.27237999998,108088.71001,276244.36704000004,197944.60257999998,429937.53572,334809.8141,926157.6000000002,684387.6055899999
2026-10-07T18:53:08.866957+00:00,obs-20261007-01,LIGHT,PEPEUSDT,1.0,4.05e-06,4.06e-06,4.055e-06,24.691358024691024,8827908464,4.05e-06,4.06e-06,191,31,423769.06685650005,419915.8539754799,322461.69923734,504167.71213349013,3941.718483150001,1799.0589120100003,104236.56436095001,141779.10197262,302869.52316743,290103.67513752,672502.21596612,545611.64209696,997930.2265999101,902567.2259233799
2026-10-07T18:53:08.866957+00:00,obs-20261007-01,LIGHT,BNBUSDT,1.0,772.22,772.23,772.225,0.12949677552942518,20909562734,772.22,772.23,368,79,2819863.3937000004,1657186.3986800006,2793025.328569999,1782362.5845199998,5995.938919999999,2703.4806900000003,771827.3071199999,1939692.2215999996,1401356.7353700001,2833208.3493500007,3157004.3567699986,4354807.511220004,5313283.305589999,5720981.472479998
2026-10-07T18:53:08.866957+00:00,obs-20261007-01,LIGHT,AAVEUSDT,1.0,172.35,172.36,172.35500000000002,0.5802146794331442,10439230211,172.35,172.36,390,77,1603067.8275099995,1443792.2632800005,1544541.4159500005,1498080.5501899996,9048.101320000003,16249.310509999998,141640.49597999998,93159.36505999998,241798.70235000004,150859.16726000005,310957.8467499999,207643.76006999996,841809.3733800002,235111.7253599999
2026-10-07T18:53:08.866957+00:00,obs-20261007-01,LIGHT,AVAXUSDT,1.0,11.267,11.268,11.2675,0.887547705690217,10519366843,11.267,11.268,418,150,1253711.0693000008,1806321.5771599994,1373715.75902,1750959.7018499991,22103.63782,35389.95085,157074.38068999996,153795.65645000004,250165.36260999992,257373.0451900001,337875.7737200002,334793.43788,445226.35492000007,465506.62046
2026-10-07T18:53:08.866957+00:00,obs-20261007-01,LIGHT,FILUSDT,1.0,1.0234,1.0236,1.0235,1.9542700801244983,9895137338,1.0234,1.0236,335,49,304683.1669009999,342055.445892,308904.5437489999,347996.20052400016,1328.0219280000001,817.304402,91868.900437,62805.823108,174726.716423,136787.288799,267565.61258499994,214811.97402700002,366313.23626900004,299402.8396429997
2026-10-07T18:53:08.866957+00:00,obs-20261007-01,LIGHT,ALGOUSDT,1.0,0.1177,0.1178,0.11775,8.49617672047609,5664346584,0.1177,0.1178,197,5,73986.41829999998,129118.45060000004,70480.32699999998,130247.7835,1334.085,990.2268,44680.770399999994,22102.8962,93593.8097,70013.2358,134728.7417,106574.7552,171325.46360000002,121820.93280000001
2026-10-07T18:53:08.866957+00:00,obs-20261007-01,LIGHT,XRPUSDT,1.0,1.4264,1.4265,1.42645,0.7010656197437015,26677231201,1.4264,1.4265,430,62,2909340.0123700025,2470893.8066999996,2582276.6950000008,2561183.225319998,8247.777829999999,52082.33849,1214017.72831,838135.3831199999,1655108.7135400008,1175345.8090899999,2554274.705730001,2040963.6248699995,4714996.019790001,2741771.4253300005
2026-10-07T18:53:08.866957+00:00,obs-20261007-01,LIGHT,HBARUSDT,1.0,0.09257,0.09258,0.09257499999999999,1.0802635843143449,8392880067,0.09257,0.09258,329,80,1136592.3745200003,552696.4459099995,1131178.0401799998,569661.0641000001,3138.7510700000003,5700.182079999997,155315.1826,112271.55630999999,270484.70229000004,198528.18538999994,426802.0154999999,335167.00846999994,925769.7335200001,659677.83016
2026-10-07T18:54:08.872540+00:00,obs-20261007-01,LIGHT,PEPEUSDT,1.0,4.04e-06,4.05e-06,4.045e-06,24.752475247524774,8827908997,4.04e-06,4.05e-06,165,14,255009.11059985997,143204.83880037,372005.9193266901,112216.45185871999,530.0584515,744.25808182,146347.99587416,17202.404423250002,368014.36052337,202016.10206217002,655880.7029574399,457807.1006843,960315.4032177799,882245.5045787098
2026-10-07T18:54:08.872540+00:00,obs-20261007-01,LIGHT,BNBUSDT,1.0,772.18,772.19,772.185,0.12950348364570985,20909564613,772.18,772.19,310,29,644789.0644400001,477946.03627999994,624316.52649,484724.0182699998,775.2770599999999,2678.7292700000003,808029.9363599997,1919138.8107099992,1421891.2031,2826322.4928800007,3177879.7784699993,4347202.014330003,5341847.338309999,5713493.48748
2026-10-07T18:54:08.872540+00:00,obs-20261007-01,LIGHT,AAVEUSDT,1.0,172.28,172.29,172.285,0.5804504295325863,10439232187,172.28,172.29,252,24,998886.3704100004,1056728.79994,843619.8168999999,1005891.6928300003,2687.85083,2427.0519600000002,320470.90635999996,139707.65275,404028.58888,193225.55591999998,468388.37604999973,258341.28448,1004850.54921,285691.4209099998
2026-10-07T18:54:08.872540+00:00,obs-20261007-01,LIGHT,AVAXUSDT,1.0,11.253,11.254,11.253499999999999,0.8886519150452798,10519373065,11.253,11.254,412,132,999996.1534300005,1581465.8136600005,960546.1326200002,1564816.5968300004,11585.999609999995,35140.226019999995,181477.75994000002,141915.30681999997,313255.28965000005,228671.47242000003,382594.69137000025,335783.6887899999,493494.6031000002,474906.81145000004
2026-10-07T18:54:08.872540+00:00,obs-20261007-01,LIGHT,FILUSDT,1.0,1.0225,1.0226,1.0225499999999998,0.977995110025276,9895139364,1.0225,1.0226,302,45,211999.19325999994,226642.38452400002,230988.78091900007,206385.41162600004,1735.3940260000002,4336.705194,97686.443779,59312.024702999995,184130.65525399998,139419.681204,268371.4964849999,220925.334843,347842.93988300004,315476.06887299975
2026-10-07T18:54:08.872540+00:00,obs-20261007-01,LIGHT,ALGOUSDT,1.0,0.1176,0.1177,0.11765,8.503401360544505,5664346875,0.1176,0.1177,79,1,36013.0963,38957.853,41966.729100000004,34119.15780000001,0.0,9.7774,48800.3941,19455.9123,100857.30449999998,73876.7157,136844.9474,107587.01060000001,165607.8837,126202.1671
2026-10-07T18:54:08.872540+00:00,obs-20261007-01,LIGHT,XRPUSDT,1.0,1.426,1.4261,1.42605,0.7012622720892203,26677235016,1.426,1.4261,388,64,1837918.54836,1724346.5735100005,1830420.6386599995,1740779.9815700003,5289.88189,59221.74460000001,1165898.4330699998,841823.8178099999,1692418.240460001,1037250.5217899997,2567403.025500001,2023831.3505199992,4711686.25867,2722271.9295000006
2026-10-07T18:54:08.872540+00:00,obs-20261007-01,LIGHT,HBARUSDT,1.0,0.09249,0.0925,0.092495,1.0811979673475136,8392881713,0.09249,0.0925,283,26,296575.7626300002,418656.94909,309059.6959599998,391118.5266499999,1417.77537,146.46840999999998,146665.47533000002,104198.97158000003,267955.1729,222873.82433000003,416077.17287999997,354866.0046700001,913611.3457800003,686528.9194
2026-10-07T18:55:08.872555+00:00,obs-20261007-01,LIGHT,PEPEUSDT,1.0,4.04e-06,4.05e-06,4.045e-06,24.752475247524774,8827909746,4.04e-06,4.05e-06,135,36,422865.0020035899,265590.88120945997,343430.01619518996,192065.81990104995,37321.90949358,18797.741750240002,113067.73746112,113181.6291759,314774.12367089,284061.93607236,700027.5657069599,531332.1619927101,1017981.7853265799,914874.6901570201
2026-10-07T18:55:08.872555+00:00,obs-20261007-01,LIGHT,BNBUSDT,1.0,772.01,772.02,772.015,0.12953200088094974,20909568173,772.01,772.02,352,132,1445580.642589999,932531.2787500002,1560290.4582799992,1176180.2639900004,24945.219210000003,16335.63903,648667.0397300001,1017085.5032300006,1313699.6802100004,2467033.521040003,3084021.8904300006,4099202.295230005,5233301.443910001,5484238.052750002
2026-10-07T18:55:08.872555+00:00,obs-20261007-01,LIGHT,AAVEUSDT,1.0,172.18,172.19,172.185,0.5807875479146851,10439234548,172.18,172.19,245,44,833158.3462400002,756179.8776400001,1001600.1751399998,795511.2533899997,4827.401849999998,2017.0105399999998,176543.25837999996,96580.50017,239122.30670000002,139510.17243999997,301404.23246999976,212334.76111999992,832864.4217199996,244076.94694999987
2026-10-07T18:55:08.872555+00:00,obs-20261007-01,LIGHT,AVAXUSDT,1.0,11.249,11.25,11.249500000000001,0.8889679082590973,10519381146,11.249,11.25,415,237,1339983.2522199994,1851765.0981799995,1255815.1415000004,1913005.5719099997,30498.810130000005,86068.72922000001,255788.67519999997,137480.27148999998,379829.5228699999,209417.03839999996,469686.27149000025,273321.6936,582363.8880700003,410676.08148000005
2026-10-07T18:55:08.872555+00:00,obs-20261007-01,LIGHT,FILUSDT,1.0,1.0212,1.0213,1.0212500000000002,0.9792401096753167,9895141361,1.0212,1.0213,300,45,194789.76779200003,222350.02284300007,207303.89221000008,192331.78472600004,4229.7271759999985,699.3188389999999,92203.258905,60449.454885999985,170945.09861800002,140763.236683,283570.0124889999,246444.00621499997,341536.85003800015,328702.1643589999
2026-10-07T18:55:08.872555+00:00,obs-20261007-01,LIGHT,ALGOUSDT,1.0,0.1175,0.1176,0.11754999999999999,8.510638297871687,5664347382,0.1175,0.1176,130,3,76260.7511,61350.089700000026,80791.7186,45422.58159999999,4490.2032,47.08,40227.7839,39496.9409,98894.45880000001,78954.9827,134961.0323,120024.76869999997,164739.038,135520.32409999997
2026-10-07T18:55:08.872555+00:00,obs-20261007-01,LIGHT,XRPUSDT,1.0,1.4252,1.4253,1.4252500000000001,0.7016559079420226,26677238900,1.4252,1.4253,410,61,1678940.4307099981,2092155.0477600014,2022191.37384,1954204.5967500003,33514.71849,12480.760569999999,972626.3263500001,979340.1577600002,1339265.2878500002,1168083.3984499997,2246369.70449,2136063.5039999997,4373915.182709999,2859355.92427
2026-10-07T18:55:08.872555+00:00,obs-20261007-01,LIGHT,HBARUSDT,1.0,0.09241,0.09242,0.092415,1.0821339681843511,8392883925,0.09242,0.09243,287,87,286744.80519999994,518205.5018500001,303954.48405000026,484831.3862800001,6172.474459999999,6986.452809999994,156031.64035,112284.46625,253773.32965000012,236460.03017999997,414568.52905000007,387060.62902999995,897817.2519300004,711773.4284399999
2026-10-07T18:56:08.880015+00:00,obs-20261007-01,LIGHT,PEPEUSDT,1.0,4.04e-06,4.05e-06,4.045e-06,24.752475247524774,8827910002,4.04e-06,4.05e-06,106,10,301846.23072973,19840.96398098,300116.76377194,17865.31015193,96.43590292000002,1135.0821681000002,118988.52866016001,111297.50224155,316182.29207642004,281986.12194637,701757.03266475,533307.81582176,1018862.73867237,912043.7789238698
2026-10-07T18:56:08.880015+00:00,obs-20261007-01,LIGHT,BNBUSDT,1.0,772.24,772.25,772.245,0.1294934217344057,20909570855,772.24,772.25,363,90,1121821.3244499997,903491.0120100003,1004693.0925600001,738290.5532700005,1774.99535,16939.690119999996,800476.2024799999,1885506.5213199994,1427588.12227,2767243.6385700004,3179396.84417,4272813.117430004,5336922.116930002,5657227.928669998
2026-10-07T18:56:08.880015+00:00,obs-20261007-01,LIGHT,AAVEUSDT,1.0,172.2,172.21,172.20499999999998,0.5807200929153211,10439235593,172.2,172.21,192,16,333939.49704999995,364229.05146000016,376370.3495999999,299558.59647999995,532.40069,4038.7632600000006,135232.10056000005,166052.32948999997,196601.3982700001,207617.80028999998,258421.70930000008,277047.99998,790878.8426699999,308747.40193
2026-10-07T18:56:08.880015+00:00,obs-20261007-01,LIGHT,AVAXUSDT,1.0,11.245,11.246,11.2455,0.8892841262797546,10519384270,11.245,11.246,348,81,564123.0064700004,1049003.4888300002,587911.6096099997,1049445.22098,20294.103980000007,63716.35903999998,225927.44026,122979.04678000002,359677.87175999995,195168.67852000002,446204.8858200002,272733.07878999994,558732.2273800002,409576.56315999985
2026-10-07T18:56:08.880015+00:00,obs-20261007-01,LIGHT,FILUSDT,1.0,1.0218,1.0219,1.0218500000000001,0.978665100801468,9895142609,1.0218,1.0219,219,22,96345.116471,171921.01739500006,95509.26111200004,179456.31112700017,1792.8142570000005,1146.701103,94450.66259199998,68036.503485,179959.51271899996,146012.81552,282947.371055,243310.16535199998,339777.3796950001,321706.64243499987
2026-10-07T18:56:08.880015+00:00,obs-20261007-01,LIGHT,ALGOUSDT,1.0,0.1175,0.1176,0.11754999999999999,8.510638297871687,5664347715,0.1175,0.1176,103,0,20687.38019999999,20079.533399999997,12182.4357,29979.415000000005,0.0,0.0,51625.134000000005,21140.9879,106863.8697,65700.1991,143465.97679999997,110124.88709999999,172508.56669999997,125620.53609999998
2026-10-07T18:56:08.880015+00:00,obs-20261007-01,LIGHT,XRPUSDT,1.0,1.4257,1.4258,1.4257499999999999,0.7014098337654318,26677241815,1.4257,1.4258,331,108,1294596.0016899994,901777.5865100009,1190051.83076,1085103.485600001,68319.85981000002,94492.9344,986128.0996100002,811561.4990300001,1320544.3912800006,1010868.5203999999,2332794.0516499993,1967241.9743299994,4472675.484669999,2677789.58712
2026-10-07T18:56:08.880015+00:00,obs-20261007-01,LIGHT,HBARUSDT,1.0,0.09245,0.09246,0.09245500000000001,1.0816657652790163,8392884900,0.09245,0.09246,191,45,136970.58494,179500.53479,120255.45410000002,184308.47991000005,1218.18802,7763.119449999997,159947.23290000003,115245.36301,263221.81067000004,238846.62770999997,429017.66378999996,382851.0088399999,913217.4415200001,706965.4833199999
2026-10-07T18:57:08.926149+00:00,obs-20261007-01,LIGHT,PEPEUSDT,1.0,4.04e-06,4.05e-06,4.045e-06,24.752475247524774,8827910160,4.04e-06,4.05e-06,83,7,86586.85450021001,123811.50796785002,202841.04980947,137912.04638153003,0.0,750.8860096500001,119066.06178284001,110490.69892275,288717.66975466005,268489.44536269,585502.8373554901,519207.27740808,902638.54336311,809984.31531635
2026-10-07T18:57:08.926149+00:00,obs-20261007-01,LIGHT,BNBUSDT,1.0,772.38,772.39,772.385,0.12946995002538486,20909573020,772.38,772.39,285,59,1722977.8416000006,1595608.1496799996,1717146.1027499991,1421441.57278,865.8050499999999,6733.22405,782656.9330699999,2030983.5583299992,1493929.91194,2941609.258010001,3184896.755300001,4552285.259470005,5341948.771270004,5832123.2226800015
2026-10-07T18:57:08.926149+00:00,obs-20261007-01,LIGHT,AAVEUSDT,1.0,172.29,172.3,172.29500000000002,0.5804167392198245,10439238545,172.29,172.3,307,53,1073747.915570001,1149821.4261399999,1077681.64285,1184710.51365,2293.07839,3208.7729400000003,101625.60553000002,123048.15774999997,188002.09772000008,185578.11973999994,249576.0030100001,249138.14525999996,783945.1446500001,276488.28168999986
2026-10-07T18:57:08.926149+00:00,obs-20261007-01,LIGHT,AVAXUSDT,1.0,11.22,11.221,11.220500000000001,0.8912655971471395,10519389102,11.22,11.221,397,134,797193.5760700003,1493156.4467500001,859308.0462200003,1412391.10987,77387.27267999998,39897.08374,206769.74909999996,138279.72124999997,336338.54850000003,234897.49299999993,389196.06875000015,349793.5125999999,654567.1048499999,483638.6189299998
2026-10-07T18:57:08.926149+00:00,obs-20261007-01,LIGHT,FILUSDT,1.0,1.0216,1.0217,1.0216500000000002,0.9788566953794486,9895143761,1.0216,1.0217,196,8,66880.778193,198668.39104800005,67524.986742,200424.892984,1401.42157,5.251538,93967.76505799999,64254.76951699999,179779.209365,135468.34130899998,282337.64795,241229.34879399996,341086.64750800026,316678.7384949999
2026-10-07T18:57:08.926149+00:00,obs-20261007-01,LIGHT,ALGOUSDT,1.0,0.1176,0.1177,0.11765,8.503401360544505,5664348134,0.1176,0.1177,135,1,28786.503999999994,41617.7391,26499.455899999994,40974.957500000004,0.0,117.6,34169.7463,32359.0107,92141.87329999999,80296.8334,143105.97249999997,112464.48909999999,172375.81599999993,126559.47769999999
2026-10-07T18:57:08.926149+00:00,obs-20261007-01,LIGHT,XRPUSDT,1.0,1.4255,1.4256,1.4255499999999999,0.701508242721971,26677244963,1.4255,1.4256,361,83,1107075.5232999998,1256577.48932,1077053.5140300004,1184181.1273900003,69006.0687,18848.216249999998,1047236.6749799998,849236.7952400002,1353483.1816700003,1080524.3033300005,2363590.479819999,2028354.86552,4471887.1364899995,2751301.874650001
2026-10-07T18:57:08.926149+00:00,obs-20261007-01,LIGHT,HBARUSDT,1.0,0.09247,0.09248,0.092475,1.0814318157259528,8392885968,0.09247,0.09248,226,50,153298.67931999994,85152.11983,144924.92201000004,100659.65322000001,50.11606,3155.68392,168410.95334,108887.31429000001,271889.72313000006,226060.57030999995,436891.42962,367378.68052,921598.9613500002,691463.70345
2026-10-07T18:58:08.926178+00:00,obs-20261007-01,LIGHT,PEPEUSDT,1.0,4.04e-06,4.05e-06,4.045e-06,24.752475247524774,8827910402,4.04e-06,4.05e-06,69,11,82549.36804643001,71239.72338809,71902.2781838,73593.32807917,0.0,4874.21852535,105663.09276732,128649.00815595001,299365.75343767,266271.11759741,596149.92721812,516853.672717,913285.6332257399,807630.7106252699
2026-10-07T18:58:08.926178+00:00,obs-20261007-01,LIGHT,BNBUSDT,1.0,772.38,772.39,772.385,0.12946995002538486,20909574005,772.38,772.39,297,41,247544.69937000002,133327.19347,245870.33274999994,122279.22950000002,1338.53454,3584.66199,784976.7562999999,2042031.5334999992,1496249.66065,2952657.221980001,3186571.1219200017,4563333.2234400045,5344382.332740004,5843171.186650001
2026-10-07T18:58:08.926178+00:00,obs-20261007-01,LIGHT,AAVEUSDT,1.0,172.16,172.17,172.165,0.5808550185859573,10439239579,172.16,172.17,197,14,148859.6850500001,584488.7855100002,154734.89602,540917.7888900001,761.6856099999999,40.48345,128592.94654000002,174248.19338,188400.95410000012,216829.2977200001,247053.59102000014,285677.7346100002,767296.59264,317272.4823800002
2026-10-07T18:58:08.926178+00:00,obs-20261007-01,LIGHT,AVAXUSDT,1.0,11.225,11.226,11.2255,0.8908685968833652,10519393981,11.225,11.226,326,91,816132.68308,1398882.1607299994,829239.71312,1401045.5624300002,115209.15507,70340.68189,159534.77497,152997.15110000002,265730.54877000005,257811.80857999995,376033.70726999996,348976.0344199999,545420.5271599998,482804.3051999998
2026-10-07T18:58:08.926178+00:00,obs-20261007-01,LIGHT,FILUSDT,1.0,1.0218,1.0219,1.0218500000000001,0.978665100801468,9895144732,1.0218,1.0219,214,18,86326.21517099999,111219.53390500005,72519.33334200001,110421.83505300002,1502.228861,479.155924,95819.48917399999,64887.55663199999,181735.725961,144765.531228,296110.04433499987,242351.36226800003,352860.85351200006,320747.8496999999
2026-10-07T18:58:08.926178+00:00,obs-20261007-01,LIGHT,ALGOUSDT,1.0,0.1175,0.1176,0.11754999999999999,8.510638297871687,5664348451,0.1175,0.1176,102,3,10813.648800000003,27820.378,16486.3086,26808.441799999997,8.82,418.2983,53023.796,30985.164500000003,105804.8491,67910.7952,140080.36509999997,111779.60489999998,168983.64919999999,127275.25389999997
2026-10-07T18:58:08.926178+00:00,obs-20261007-01,LIGHT,XRPUSDT,1.0,1.4251,1.4252,1.42515,0.7017051434976551,26677246909,1.4251,1.4252,323,49,667733.0417599998,454523.5531200001,714003.59628,393427.8343399999,17425.768419999997,20366.70014,907940.1860999997,876109.66401,1309753.7376,1116355.9676499995,2339725.52302,2088168.5328399993,4431110.088880001,2811465.807229999
2026-10-07T18:58:08.926178+00:00,obs-20261007-01,LIGHT,HBARUSDT,1.0,0.09242,0.09243,0.09242500000000001,1.08201687946341,8392887098,0.09242,0.09243,218,43,164964.7427599999,138181.54862000005,196769.21721000003,114977.44000999999,1115.75179,2412.03257,146206.45161000005,112190.62359000002,247608.24442000006,233503.36642999997,406414.19675,390472.2431499999,891201.5870300004,714662.0585399999
2026-10-07T18:59:08.972998+00:00,obs-20261007-01,LIGHT,PEPEUSDT,1.0,4.04e-06,4.05e-06,4.045e-06,24.752475247524774,8827910795,4.04e-06,4.05e-06,173,10,17598.54874682,416356.5926820299,16529.32603904,417649.35609852994,0.0,1771.61710815,105024.83780324,133350.37822575,300424.97614379,264968.35417843,597219.1499258999,515560.90930049994,914378.7157469599,806337.9472087699
2026-10-07T18:59:08.972998+00:00,obs-20261007-01,LIGHT,BNBUSDT,1.0,772.41,772.42,772.415,0.12946492147891675,20909576417,772.41,772.42,338,188,935352.4735600001,835480.9541399996,859095.5131799995,845651.7032799998,24363.770799999995,17054.174840000007,858638.5866500002,2032110.5996099992,1572497.9765799998,2943846.9833500013,3262544.3868900016,4553606.365800005,5419029.935540003,5838164.699900001
2026-10-07T18:59:08.972998+00:00,obs-20261007-01,LIGHT,AAVEUSDT,1.0,172.21,172.22,172.215,0.5806863712898291,10439240896,172.21,172.22,230,16,662362.2414599998,567403.0273900001,579600.96399,648643.3319000001,1394.46034,745.4737200000001,178701.06868,91727.28484000001,264544.03272,140882.36003,325452.02151999983,204825.46341,848693.4620299998,236379.54432999995
2026-10-07T18:59:08.972998+00:00,obs-20261007-01,LIGHT,AVAXUSDT,1.0,11.23,11.231,11.2305,0.8904719501323655,10519398486,11.23,11.231,357,70,778923.6318500002,1412359.9606200005,765733.7612300003,1394513.2283599996,13939.93518,18118.279450000013,192820.79725000003,181649.66013000003,301164.45810000005,281182.0421,386836.9399700001,367368.2900299999,548475.83729,503288.13648999983
2026-10-07T18:59:08.972998+00:00,obs-20261007-01,LIGHT,FILUSDT,1.0,1.0221,1.0222,1.02215,0.9783778495253692,9895146018,1.0221,1.0222,252,16,73021.58131000004,112662.22862100003,72282.89227300005,112235.76503600003,1245.47609,1311.335638,80439.76337799999,64815.796425,173999.39964399996,142297.556551,272955.09600499994,242914.04339299994,353764.8485940001,323813.1044179998
2026-10-07T18:59:08.972998+00:00,obs-20261007-01,LIGHT,ALGOUSDT,1.0,0.1175,0.1176,0.11754999999999999,8.510638297871687,5664348724,0.1175,0.1176,88,4,12709.781600000002,17138.179399999997,10769.3949,15393.024799999997,8.82,117.6,54387.5653,31341.942600000002,107874.5272,69403.8062,142020.75179999997,113524.7595,170865.93939999997,129020.40849999999
2026-10-07T18:59:08.972998+00:00,obs-20261007-01,LIGHT,XRPUSDT,1.0,1.4253,1.4254,1.42535,0.7016066792964182,26677249257,1.4253,1.4254,349,41,766312.0845100001,548525.7342399997,666466.0473899998,614737.9081199998,9221.4065,11531.284,1009515.3572499999,829675.1492499999,1399082.3564500008,1075851.4413299996,2427290.9980899994,2023465.6310399992,4533555.10406,2746068.2581700003
2026-10-07T18:59:08.972998+00:00,obs-20261007-01,LIGHT,HBARUSDT,1.0,0.09241,0.09242,0.092415,1.0821339681843511,8392888093,0.09241,0.09242,241,29,124171.95105000008,125699.91927,116740.50665999997,124295.51977000001,2063.6562,949.60572,157621.17949999997,114548.57321999999,255554.17667000004,234752.67252999998,415284.38714,391353.6586299999,898633.0280200002,716066.4580399998
2026-10-07T19:00:08.979505+00:00,obs-20261007-01,LIGHT,PEPEUSDT,1.0,4.04e-06,4.05e-06,4.045e-06,24.752475247524774,8827911086,4.04e-06,4.05e-06,112,12,174258.47886189003,100248.75430815002,174385.31182439002,126164.67080031999,124.75918344000002,982.7814240000001,123566.64528756001,71652.76082550001,300371.02915406006,238456.3067793,597092.3169634,489644.99280833,914250.88278446,794744.2544299
2026-10-07T19:00:08.979505+00:00,obs-20261007-01,LIGHT,BNBUSDT,1.0,772.43,772.44,772.435,0.1294615693336887,20909578332,772.43,772.44,347,117,861522.9260299997,717449.3326999997,844530.6005800002,870184.9121000004,9843.075490000001,7883.433729999998,838653.78672,2029624.7468399992,1559925.7977099996,2941094.8543200013,3279316.4776600013,4401011.992810005,5424292.670530003,5837310.195460003
2026-10-07T19:00:08.979505+00:00,obs-20261007-01,LIGHT,AAVEUSDT,1.0,172.3,172.31,172.305,0.5803830528150478,10439242270,172.3,172.31,202,19,583914.5339200002,320434.44607,611666.7133200001,333690.9029899999,573.44528,2660.71146,145887.97673000002,82173.07749999998,231792.5121500001,146677.11513,291325.57645,198137.56045000002,814827.1652900001,225672.13012999995
2026-10-07T19:00:08.979505+00:00,obs-20261007-01,LIGHT,AVAXUSDT,1.0,11.243,11.244,11.243500000000001,0.8894423196648127,10519402230,11.243,11.244,297,55,686806.6892200004,1147104.32047,647072.9199599997,1199885.57116,4400.12499,6140.03596,176945.87122999996,167673.26174,323521.67114999995,246915.32052,424978.9455300001,316748.51115999994,538713.3547800002,451783.3648799998
2026-10-07T19:00:08.979505+00:00,obs-20261007-01,LIGHT,FILUSDT,1.0,1.0226,1.0227,1.02265,0.9778994719344958,9895147299,1.0226,1.0227,228,17,112073.05880100004,92363.50527999998,95157.60191900001,104548.45537499999,1166.612989,1018.228544,109454.03490800002,65154.247288,197971.398582,148310.04360099998,287473.3774969999,234443.9865739999,369897.4281010001,315662.0845809998
2026-10-07T19:00:08.979505+00:00,obs-20261007-01,LIGHT,ALGOUSDT,1.0,0.1176,0.1177,0.11765,8.503401360544505,5664349108,0.1176,0.1177,121,0,20337.388799999993,15144.719799999997,11891.7978,29384.4375,0.0,0.0,34393.361099999995,35006.0634,97099.4971,70828.7804,147819.2904,100981.86219999999,176019.73229999997,117335.95079999999
2026-10-07T19:00:08.979505+00:00,obs-20261007-01,LIGHT,XRPUSDT,1.0,1.4262,1.4263,1.42625,0.7011639321263807,26677252546,1.4262,1.4263,355,75,1451519.4084299998,1286996.6686099998,1045323.4222299997,1392102.1258500002,38617.69158000001,33700.34478000001,1248823.0448699999,771029.80189,1661336.8882000004,1096367.95897,2818571.2633700003,1944014.6120499994,4932883.37246,2642566.1991999997
2026-10-07T19:00:08.979505+00:00,obs-20261007-01,LIGHT,HBARUSDT,1.0,0.09248,0.09249,0.09248500000000001,1.0813148788924032,8392889447,0.09248,0.09249,235,130,150595.53435999993,119458.77165,126691.09752999997,145942.32414,1942.9202500000001,7977.192069999984,168793.14096000002,108690.35266000003,271368.75667,226723.17589,423487.78894999996,365534.17794,921130.3610000003,689588.6590699999
2026-10-07T19:01:08.999151+00:00,obs-20261007-01,LIGHT,PEPEUSDT,1.0,4.05e-06,4.06e-06,4.055e-06,24.691358024691024,8827911597,4.05e-06,4.06e-06,177,17,265256.22884508,169120.70954137002,144713.68503544,223982.38965290997,1157.37498189,1115.376626,90872.22760515001,174724.64713438,270982.33926543,292833.30003497,583610.4946852,543734.48508592,921079.38424317,886962.1254298401
2026-10-07T19:01:08.999151+00:00,obs-20261007-01,LIGHT,BNBUSDT,1.0,772.49,772.5,772.495,0.1294515139349528,20909580870,772.49,772.5,425,175,1251446.7663,1213778.87798,1270018.45657,1226234.9707799996,14802.490640000005,12767.24326,858919.3567099998,1917350.86288,1483032.5324799994,2928838.0370999984,3260577.3065400003,4540360.966630003,5586914.256850003,5824373.448030002
2026-10-07T19:01:08.999151+00:00,obs-20261007-01,LIGHT,AAVEUSDT,1.0,172.52,172.53,172.525,0.5796429399484992,10439244377,172.52,172.53,238,32,878236.4930899998,517115.94567,721754.4469000003,533837.02055,1451.23501,711.3762899999999,262809.62357,86206.85507000002,347906.4230299999,156702.1663100001,431412.83183999965,184113.8551600001,968367.9176799994,212310.73082000006
2026-10-07T19:01:08.999151+00:00,obs-20261007-01,LIGHT,AVAXUSDT,1.0,11.257,11.258,11.2575,0.8883361463962736,10519408936,11.257,11.258,411,93,1132480.8489799995,1855298.140639999,1109036.1686599995,1877143.8455900005,14700.77976,7906.2713,189151.38814000005,181275.70764,334504.54395,261608.74730999998,446594.6987600002,309526.5851399998,551760.3648699998,433340.44336999964
2026-10-07T19:01:08.999151+00:00,obs-20261007-01,LIGHT,FILUSDT,1.0,1.0232,1.0233,1.02325,0.9773260359646763,9895148633,1.0232,1.0233,200,13,95558.24814599995,79009.58785499998,87943.47976999996,89109.76826299998,756.072829,547.349513,104737.386686,88385.976188,165040.18462399993,146601.99518199998,275779.5728449999,224427.69160699996,377506.6868450001,305924.7520049997
2026-10-07T19:01:08.999151+00:00,obs-20261007-01,LIGHT,ALGOUSDT,1.0,0.1177,0.1178,0.11775,8.49617672047609,5664349834,0.1177,0.1178,173,9,42862.23939999998,46603.871,36170.444599999995,45511.2918,99.7248,3600.3306000000002,29694.0322,29198.374299999996,80183.9791,72474.39989999999,146441.24669999996,105900.88119999999,181917.39959999995,121399.8148
2026-10-07T19:01:08.999151+00:00,obs-20261007-01,LIGHT,XRPUSDT,1.0,1.4262,1.4263,1.42625,0.7011639321263807,26677255902,1.4262,1.4263,384,117,1233797.8757200004,1410268.81909,1125163.2103299994,1375793.8825299991,21501.42367,52069.08949,1371203.8417800001,838371.8428100003,1770718.8923300006,1131324.8710100004,2927205.9287600005,1978994.5566099999,5041562.107650001,2677546.143760001
2026-10-07T19:01:08.999151+00:00,obs-20261007-01,LIGHT,HBARUSDT,1.0,0.09253,0.09254,0.092535,1.0807305738680384,8392891145,0.09253,0.09254,276,86,284845.91902000015,247805.21821,258246.51557000005,266647.59104,842.22736,2305.813790000001,153194.55716999996,114671.92892000002,239992.86412999997,212086.85483,449187.22570999997,356870.92886000004,947504.1076000001,670786.76432
2026-10-07T19:02:08.999726+00:00,obs-20261007-01,LIGHT,PEPEUSDT,1.0,4.05e-06,4.06e-06,4.055e-06,24.691358024691024,8827912077,4.05e-06,4.06e-06,179,8,197934.68262227997,203066.12526988986,175590.40383028,199619.0853236699,0.0,690.02717392,104502.471489,145415.30082548,294768.15176156,291484.94394169,605954.7734772,547181.5250321401,933521.72018487,890410.1777234601
2026-10-07T19:02:08.999726+00:00,obs-20261007-01,LIGHT,BNBUSDT,1.0,772.64,772.65,772.645,0.12942638227375625,20909583013,772.64,772.65,339,76,1570950.8067299994,801747.3102200002,1537346.8110799992,1023408.5903900008,3142.7042700000015,22363.640290000003,874764.1701900002,1913943.2395600008,1503086.6095800002,2982635.144409999,3293795.059560002,4427670.409720001,5614875.7057700055,5649743.2391300015
2026-10-07T19:02:08.999726+00:00,obs-20261007-01,LIGHT,AAVEUSDT,1.0,172.58,172.59,172.585,0.579441418471216,10439246163,172.58,172.59,252,25,1096077.4755300004,537009.3969000004,1191593.913029999,537810.98792,1093.65653,889.5899000000003,176204.48798999997,89940.27645,269451.71021999995,159183.80267000006,332071.3314499998,184791.90118000007,872803.8602899996,226465.22333000007
2026-10-07T19:02:08.999726+00:00,obs-20261007-01,LIGHT,AVAXUSDT,1.0,11.278,11.279,11.278500000000001,0.8866820358210958,10519415718,11.28,11.281,391,106,1072675.6812300002,1868087.6451899996,1077000.8187400002,1900894.2559700012,15225.869349999997,9363.400849999998,193584.71351999996,157828.28202,345081.1375500001,235951.39871999997,437098.2720100001,277179.9019499999,520536.69522999995,427280.2929099999
2026-10-07T19:02:08.999726+00:00,obs-20261007-01,LIGHT,FILUSDT,1.0,1.0255,1.0256,1.02555,0.9751340809360798,9895152739,1.0255,1.0256,392,75,412199.8929210001,368747.63791499985,363446.7577529999,428769.359869,2710.2281369999996,1895.9565259999995,93369.446559,73903.82853100002,185496.740843,148839.63809100003,297618.51102599996,188862.17651499997,425588.120391,266796.93051699986
2026-10-07T19:02:08.999726+00:00,obs-20261007-01,LIGHT,ALGOUSDT,1.0,0.1178,0.1179,0.11785000000000001,8.48896434634927,5664350281,0.1178,0.1179,126,1,83738.61630000002,29801.74170000001,80908.14770000002,34288.342,0.0,5.5366,43717.2844,35882.2442,110162.2903,75753.4178,143168.1717,104531.3669,182427.0426,117780.54779999999
2026-10-07T19:02:08.999726+00:00,obs-20261007-01,LIGHT,XRPUSDT,1.0,1.4266,1.4267,1.42665,0.7009673349211987,26677259133,1.4266,1.4267,360,50,1572395.36115,1355491.9868200005,1548910.8520099996,1386234.0092400007,17077.921980000003,18142.386389999996,1322311.70293,749170.2768800001,1758737.2595700005,1100105.5479600003,2943284.6415700014,1950679.1670399997,5047916.996660002,2667141.03129
2026-10-07T19:02:08.999726+00:00,obs-20261007-01,LIGHT,HBARUSDT,1.0,0.0926,0.09261,0.09260499999999999,1.079913606911731,8392892870,0.0926,0.09261,267,75,426638.9624700001,227230.7130299999,433299.4732000001,242599.52148000002,1571.87778,1523.841330000001,156273.1633,118733.39034000001,241929.25191,200149.07710000002,435387.62443,344343.48874,940764.9995200002,655571.8820999999
2026-10-07T19:03:09.048843+00:00,obs-20261007-01,LIGHT,PEPEUSDT,1.0,4.05e-06,4.06e-06,4.055e-06,24.691358024691024,8827912626,4.05e-06,4.06e-06,148,13,686206.90431255,106738.98279041999,710979.5447402801,100350.77972316997,70.26449085,1491.1280958000002,37211.90606775,167360.3814092,231285.60373079003,298194.0316499,581182.1330494701,553569.72809939,939475.9455659601,896776.0418957901
2026-10-07T19:03:09.048843+00:00,obs-20261007-01,LIGHT,BNBUSDT,1.0,772.49,772.5,772.495,0.1294515139349528,20909586243,772.49,772.5,416,190,1356357.5954100003,1833128.09976,1414122.1155700013,1389830.1293300008,47294.04886999998,3028.705450000001,827523.8374399998,1934097.3827000007,1477120.5560599996,2956156.7434299984,3237147.2615300003,4761997.656890001,5565362.247650003,6046010.138289999
2026-10-07T19:03:09.048843+00:00,obs-20261007-01,LIGHT,AAVEUSDT,1.0,172.38,172.39,172.385,0.5801137022842795,10439249077,172.38,172.39,272,54,970777.4521100001,608857.6994400002,992435.7624499997,538469.6613300001,2349.42405,4788.22168,156086.43222999998,142538.31522999995,261741.99237,193461.21175000002,330478.6642699998,251155.57242000004,863630.5034199998,281215.49639999995
2026-10-07T19:03:09.048843+00:00,obs-20261007-01,LIGHT,AVAXUSDT,1.0,11.286,11.287,11.2865,0.8860535176324902,10519423926,11.286,11.287,496,127,1338592.6831600002,1952338.1417599998,1372949.3010000004,1905082.220070001,20792.447259999994,16326.254429999997,146908.02697000004,199209.86279,295193.34991,273433.15631,401893.7906700001,325227.06788000005,477532.14248000004,484142.3340700003
2026-10-07T19:03:09.048843+00:00,obs-20261007-01,LIGHT,FILUSDT,1.0,1.0248,1.0249,1.0248499999999998,0.9758001561288587,9895155634,1.0248,1.0249,357,49,208754.81724000003,259856.71534299996,226513.58414999995,232393.2936470001,912.7990679999998,1878.5484040000001,103753.48999099998,90461.84814399997,171321.48878299998,148043.01515999998,292693.77465500013,208523.341253,408639.06644700025,287296.3982049999
2026-10-07T19:03:09.048843+00:00,obs-20261007-01,LIGHT,ALGOUSDT,1.0,0.1178,0.1179,0.11785000000000001,8.48896434634927,5664351346,0.1178,0.1179,231,9,141491.08520000003,85765.20209999998,142439.8801,82902.66470000001,691.3832,164.35729999999998,25040.6482,28983.460399999996,84491.3818,75152.73539999999,142219.3768,108835.37159999997,177107.22639999999,124337.76759999998
2026-10-07T19:03:09.048843+00:00,obs-20261007-01,LIGHT,XRPUSDT,1.0,1.4264,1.4265,1.42645,0.7010656197437015,26677264634,1.4264,1.4265,419,81,2655642.22397,3217967.538100001,3164840.4747100016,3014409.8164099995,27741.009829999995,61246.55287,1144968.0701200005,920642.1086599999,1597702.7562500006,1431016.7127999999,2435944.0873800004,2155182.8417100003,4554442.20709,2856005.97203
2026-10-07T19:03:09.048843+00:00,obs-20261007-01,LIGHT,HBARUSDT,1.0,0.09255,0.09256,0.092555,1.0804970286337756,8392894906,0.09255,0.09256,286,42,612106.7244500002,702841.3653599998,619457.7554899998,677373.6831199998,3653.05474,3158.2230200000004,150504.14813000005,127700.00796,264458.8480900001,221257.44168000002,429192.38329000026,367423.3676100001,927492.3857000003,680899.98691
2026-10-07T19:04:09.055555+00:00,obs-20261007-01,LIGHT,PEPEUSDT,1.0,4.04e-06,4.05e-06,4.045e-06,24.752475247524774,8827913120,4.04e-06,4.05e-06,126,16,133562.01771071,239362.15307050996,191086.8174151899,145844.61675324003,20874.82424355,1036.0804413700002,138430.82250704002,104779.9858968,325263.54337833007,273799.30966352,624039.37360645,528287.65487557,925427.18818129,926288.20453554
2026-10-07T19:04:09.055555+00:00,obs-20261007-01,LIGHT,BNBUSDT,1.0,772.3,772.31,772.305,0.12948336138851602,20909589917,772.3,772.31,388,115,2247735.5293899984,1747130.0403299998,2087185.9652300002,1997293.4311600002,15712.720910000002,138574.23079000006,927178.4169099999,1740175.8978200012,1705868.5946499996,2893327.55303,3398558.627400002,4358457.29975,5780508.772920001,5793778.202489999
2026-10-07T19:04:09.055555+00:00,obs-20261007-01,LIGHT,AAVEUSDT,1.0,172.17,172.18,172.175,0.580821281292998,10439251193,172.17,172.18,278,30,618522.62925,554095.6155300001,631233.1556,540726.65817,1824.1356799999999,149.51126,201619.82258,152563.22606000004,262419.39486000006,195232.45616000003,325389.4219899998,258053.82914999998,856105.7133499999,291063.98773000005
2026-10-07T19:04:09.055555+00:00,obs-20261007-01,LIGHT,AVAXUSDT,1.0,11.271,11.272,11.2715,0.8872327211428832,10519430858,11.271,11.272,446,94,1184401.6644600008,2003415.856460001,1191841.3138700004,1937211.1987800002,24934.036659999994,5955.819089999999,160214.25345999998,227642.43037999998,368427.2282799999,310228.39645999996,399331.07735000004,390589.8018399999,489661.35699999984,519305.22706000006
2026-10-07T19:04:09.055555+00:00,obs-20261007-01,LIGHT,FILUSDT,1.0,1.0244,1.0245,1.0244499999999999,0.9761811792263764,9895159312,1.0244,1.0245,371,126,470208.354052,358833.3003010002,488104.19699400006,350474.96218800027,3415.723335,11073.245128000002,81347.824013,83671.42936599998,150933.90189,152524.17207600002,275089.27901900007,212793.08054499998,400934.4718060001,291772.10753799987
2026-10-07T19:04:09.055555+00:00,obs-20261007-01,LIGHT,ALGOUSDT,1.0,0.1177,0.1178,0.11775,8.49617672047609,5664352149,0.1177,0.1178,159,5,201483.73479999995,49092.41350000001,211005.59959999996,40364.37430000001,26.7406,26.8584,28577.175199999998,24146.7085,84004.4249,70820.6977,137593.6626,111720.0348,167283.65010000006,130130.5167
2026-10-07T19:04:09.055555+00:00,obs-20261007-01,LIGHT,XRPUSDT,1.0,1.426,1.4261,1.42605,0.7012622720892203,26677270983,1.426,1.4261,453,130,2727843.330820001,2708826.1507200035,2735901.54425,2789521.592420001,84507.0591,205596.67398000002,1060686.84652,831992.12963,1582173.37951,1225775.6170299991,2433503.15328,2075303.1143199985,4548026.8444300005,2774264.9657799993
2026-10-07T19:04:09.055555+00:00,obs-20261007-01,LIGHT,HBARUSDT,1.0,0.0925,0.09251,0.092505,1.0810810810801819,8392897477,0.0925,0.09251,356,66,406877.2676199999,460857.1071700001,430698.32973999984,446177.04779000004,4236.961469999999,4578.43542,148493.80039,122167.39907,259619.0995,233548.9565,407111.62649999995,371527.91218000004,903983.5781500001,695552.86396
2026-10-07T19:05:09.072388+00:00,obs-20261007-01,LIGHT,PEPEUSDT,1.0,4.04e-06,4.05e-06,4.045e-06,24.752475247524774,8827913511,4.04e-06,4.05e-06,139,12,232485.90879202,88644.97768465997,217274.50212446996,73090.47742250998,344.08619804,591.7570425000001,147765.54136604,120431.46624525,350862.21128231,289375.13247225,639250.780274,543842.15513772,939790.0812374101,922724.62449911
2026-10-07T19:05:09.072388+00:00,obs-20261007-01,LIGHT,BNBUSDT,1.0,772.07,772.08,772.075,0.12952193453985572,20909592264,772.07,772.08,393,95,2356665.71972,2392127.0622600005,2405385.4061300005,2348401.9143800014,71794.30076999999,1913.2405,1007737.1083799999,1890528.4702999995,1677085.49063,2850149.8383700005,3353105.431530003,4291185.952970003,5747964.750890004,5836642.355850001
2026-10-07T19:05:09.072388+00:00,obs-20261007-01,LIGHT,AAVEUSDT,1.0,172.31,172.32,172.315,0.5803493703204765,10439252853,172.31,172.32,237,20,1018515.6355400009,518493.2400599999,972897.0091900007,587058.6595199996,207.62181999999999,2224.68829,215765.8398,78924.46711000001,300116.3389500001,145287.81816999998,362100.7609399999,194307.03703999997,897566.6738199999,222980.92938999992
2026-10-07T19:05:09.072388+00:00,obs-20261007-01,LIGHT,AVAXUSDT,1.0,11.272,11.273,11.2725,0.8871540099364417,10519435246,11.272,11.273,361,64,771767.1637600004,1312289.8929,759360.8011800003,1355693.4223000002,7259.074590000001,8512.955100000001,178810.83514,200393.90008999998,348973.5965300001,277591.01060999994,411737.4399300001,347176.02819,501244.3109299999,476930.15373
2026-10-07T19:05:09.072388+00:00,obs-20261007-01,LIGHT,FILUSDT,1.0,1.0243,1.0244,1.02435,0.9762764814991165,9895161573,1.0243,1.0244,307,54,218444.24056,269669.807279,221873.80399600003,272333.528292,2243.3390019999997,3610.2709939999995,76799.386919,82546.25773399998,150688.73895600002,150672.664363,271669.7257370001,206992.92824799998,397499.8992550003,289108.3891569999
2026-10-07T19:05:09.072388+00:00,obs-20261007-01,LIGHT,ALGOUSDT,1.0,0.1177,0.1178,0.11775,8.49617672047609,5664353090,0.1177,0.1178,223,4,93720.1444,60332.14140000001,90997.35959999995,65757.5346,23.4223,126.6452,36096.8255,24613.0893,86279.6048,70051.4441,140316.4474,106183.70790000001,174433.55120000002,124589.16779999998
2026-10-07T19:05:09.072388+00:00,obs-20261007-01,LIGHT,XRPUSDT,1.0,1.4252,1.4253,1.4252500000000001,0.7016559079420226,26677276253,1.4252,1.4253,474,104,2259655.272689999,2130555.29096,2265114.7529899995,2110304.125199999,54761.694509999965,36049.861460000015,1033466.9799999997,882367.3588299997,1342652.2528399995,1088548.3195799992,2450011.7772599985,2070811.7005499983,4557205.77762,2794342.6132799974
2026-10-07T19:05:09.072388+00:00,obs-20261007-01,LIGHT,HBARUSDT,1.0,0.09245,0.09246,0.09245500000000001,1.0816657652790163,8392899053,0.09245,0.09246,264,48,205488.75826,588208.7403799997,204027.63241,578478.4727899998,661.04703,1777.8856400000002,163255.14354000002,114167.94155000002,260727.11629,196808.95134999996,422007.79127000016,380619.9329799998,905452.4670500004,705249.7334799998
2026-10-07T19:06:09.073165+00:00,obs-20261007-01,LIGHT,PEPEUSDT,1.0,4.04e-06,4.05e-06,4.045e-06,24.752475247524774,8827913702,4.04e-06,4.05e-06,102,8,28741.900801100008,249124.5899754,40511.2025071,264195.99073442,0.0,593.09588745,150935.86498884,118169.73372555,339092.74877631,274177.07016099,627481.478568,528770.7543786999,928020.7795314101,819380.9739531399
2026-10-07T19:06:09.073165+00:00,obs-20261007-01,LIGHT,BNBUSDT,1.0,772.13,772.14,772.135,0.12951186976195572,20909593870,772.13,772.14,311,66,791695.8578000002,467200.15449999983,752508.8264699999,543323.4984200002,1632.2026799999999,12701.61613,948862.9765300001,1871028.0067399994,1688583.8032699998,2773769.7654200005,3392041.7491100025,4215281.742490002,5777701.715120003,5761205.783459997
2026-10-07T19:06:09.073165+00:00,obs-20261007-01,LIGHT,AAVEUSDT,1.0,172.39,172.4,172.39499999999998,0.5800800510491477,10439254729,172.39,172.4,237,24,1296550.1836599996,567434.0251099998,1222596.4967600005,571813.32837,648.43726,2331.0591299999996,266155.39821,79285.22409,368783.72972,144790.34928999998,429729.45295999997,189987.09345999995,967988.05137,219299.4426399999
2026-10-07T19:06:09.073165+00:00,obs-20261007-01,LIGHT,AVAXUSDT,1.0,11.266,11.267,11.2665,0.8876264867740957,10519440361,11.266,11.267,391,73,911554.5531100006,1447493.4917699995,937747.6184300004,1382496.68526,12408.233239999998,17202.89404,175470.32890000002,233972.14562999996,325476.09,333284.266,387803.85683000024,411799.53239999997,487066.32138000004,541890.6595400005
2026-10-07T19:06:09.073165+00:00,obs-20261007-01,LIGHT,FILUSDT,1.0,1.0253,1.0254,1.02535,0.9753242953269847,9895164035,1.0253,1.0254,323,51,438416.5646749998,261846.27387799995,400179.7768610002,291770.4756969999,2612.804382000001,981.1165819999999,108522.79757499998,74699.485421,196275.096215,139223.45083600006,300450.54536800005,184339.37311199997,412485.0883440003,263117.9380079999
2026-10-07T19:06:09.073165+00:00,obs-20261007-01,LIGHT,ALGOUSDT,1.0,0.1177,0.1178,0.11775,8.49617672047609,5664353835,0.1177,0.1178,183,3,81281.80920000002,30977.4656,86419.90460000002,34604.00539999999,150.3128,34.8688,45596.958199999994,27143.0828,95026.992,66701.97429999999,135178.352,102557.16809999998,169434.5272,120962.65399999997
2026-10-07T19:06:09.073165+00:00,obs-20261007-01,LIGHT,XRPUSDT,1.0,1.4257,1.4258,1.4257499999999999,0.7014098337654318,26677278828,1.4257,1.4258,361,26,744614.91873,854460.9718600002,592987.6005200003,905096.4099399997,13439.11415,42237.5881,1116129.5663100001,817326.6861699999,1371813.8177600005,1064224.4832399997,2579527.3398600006,2034708.7067199987,4694315.716480001,2745464.93888
2026-10-07T19:06:09.073165+00:00,obs-20261007-01,LIGHT,HBARUSDT,1.0,0.09248,0.09249,0.09248500000000001,1.0813148788924032,8392901222,0.09248,0.09249,276,81,819726.6226000001,598871.7613099999,807667.1184999996,605682.8125800001,413.61681,3824.41347,152200.32134000002,116910.59491999999,271120.98504000006,236177.55414999998,420632.2564500001,373874.62858,917610.7811100002,697929.67539
2026-10-07T19:07:09.126989+00:00,obs-20261007-01,LIGHT,PEPEUSDT,1.0,4.04e-06,4.05e-06,4.045e-06,24.752475247524774,8827914262,4.04e-06,4.05e-06,161,9,101896.89376624997,250680.70296358003,119381.99957822997,247473.91408170012,2.5791723600000003,1000.6295958000001,107828.2215944,141920.65484595002,321301.06420704,277987.62875287,609996.3727560199,531977.54326058,927529.4253405798,822587.7628373
2026-10-07T19:07:09.126989+00:00,obs-20261007-01,LIGHT,BNBUSDT,1.0,771.39,771.4,771.395,0.1296361114344613,20909600815,771.39,771.4,462,202,6733064.250939997,5528098.079670002,7045334.644119999,5567682.433830002,30977.719930000003,12288.981469999997,812746.8303500001,1012846.5583299997,1533649.5746300004,2509845.65972,3545250.97348,4168901.6819600016,5771987.537870004,5645625.344979999
2026-10-07T19:07:09.126989+00:00,obs-20261007-01,LIGHT,AAVEUSDT,1.0,172.22,172.23,172.225,0.580652653581204,10439258031,172.22,172.23,321,48,1163734.1315099995,659851.0399400002,1317516.2207,639803.3498599998,14151.883270000002,992.7541699999999,123142.27119,88871.90789999999,205697.17500000005,142098.26876999997,288225.7069800001,205362.88858,818292.25866,235876.95229999995
2026-10-07T19:07:09.126989+00:00,obs-20261007-01,LIGHT,AVAXUSDT,1.0,11.256,11.257,11.256499999999999,0.8884150675192437,10519449578,11.256,11.257,478,170,1551442.1836699983,2175577.125410002,1574942.2876999998,2184241.49533,37084.333649999986,19458.69981,153325.37139000001,166161.78418,336058.45236,314274.3546300001,366083.71987000015,388623.95604999986,472381.79406999977,525900.9921799998
2026-10-07T19:07:09.126989+00:00,obs-20261007-01,LIGHT,FILUSDT,1.0,1.023,1.0231,1.02305,0.9775171065484756,9895166965,1.023,1.0231,347,81,414596.35638799984,274188.91055300017,476146.34671399975,219753.11730400007,15710.214399000004,417.454121,100133.42860700001,71717.97607299998,167846.33830200002,141445.41776499996,259153.47256499992,225887.87026499995,356953.2884800001,305676.7658209998
2026-10-07T19:07:09.126989+00:00,obs-20261007-01,LIGHT,ALGOUSDT,1.0,0.1176,0.1177,0.11765,8.503401360544505,5664354668,0.1176,0.1177,175,10,100663.6355,66445.84160000001,104000.38119999995,55577.635600000016,1844.2075,294.95590000000004,26140.613599999997,28036.4807,90120.0165,74531.6675,137440.29189999998,109539.84100000001,166033.73249999995,131120.7621
2026-10-07T19:07:09.126989+00:00,obs-20261007-01,LIGHT,XRPUSDT,1.0,1.4248,1.4249,1.4248500000000002,0.7018528916336031,26677285433,1.4248,1.4249,522,87,3003518.4352900046,3266347.36555,3247075.222709998,3214224.5574499983,95702.85627999999,40155.94552,958663.8029700001,912411.7159200001,1245899.1547400001,1237832.6821599996,2371726.32578,2072740.629739999,4462126.19584,2796202.9197699986
2026-10-07T19:07:09.126989+00:00,obs-20261007-01,LIGHT,HBARUSDT,1.0,0.09235,0.09236,0.09235499999999999,1.0828370330262516,8392904396,0.09235,0.09236,367,79,611041.5943200003,829077.11327,616808.6568599996,802432.4665299999,4934.09588,3864.1203499999997,163879.49623000002,117107.39443,256836.10336000004,203922.43969000003,433305.7560200001,393829.92838999984,914198.9525600002,767383.9093799997
2026-10-07T19:08:09.146042+00:00,obs-20261007-01,LIGHT,PEPEUSDT,1.0,4.04e-06,4.05e-06,4.045e-06,24.752475247524774,8827914516,4.04e-06,4.05e-06,132,10,38911.192543209996,54814.91962232,23470.98630804,55564.70234347,61.10363044,737.3236976999999,123884.71058088001,142871.3253225,336749.21722996,277247.8378942,625436.5789911901,531227.76053943,929126.8300009,821837.9801161499
2026-10-07T19:08:09.146042+00:00,obs-20261007-01,LIGHT,BNBUSDT,1.0,771.41,771.42,771.415,0.12963275041855127,20909604200,771.41,771.42,406,123,2222526.1591600003,1984560.7834099985,2161520.4796099993,1940756.3002299992,1176.4946599999998,28965.769989999997,873840.29304,1103673.4902400002,1595424.8284200008,2555716.2773900013,3413722.7461300017,4212822.2529000025,5830079.574310004,5689595.147789996
2026-10-07T19:08:09.146042+00:00,obs-20261007-01,LIGHT,AAVEUSDT,1.0,172.25,172.26,172.255,0.5805515239476478,10439259529,172.25,172.26,214,25,814667.96903,240700.67495000004,699961.8108000002,245139.70321000004,1313.9240600000003,2827.47014,232559.70823999995,83352.87498999998,316993.8746299999,141023.48122,402875.59060999984,201099.73387999999,920451.1683299999,231660.32257999992
2026-10-07T19:08:09.146042+00:00,obs-20261007-01,LIGHT,AVAXUSDT,1.0,11.257,11.258,11.2575,0.8883361463962736,10519452537,11.257,11.258,291,41,535153.2522099997,833176.0641500005,511958.3262199999,790905.53188,5905.05761,7017.170359999998,169337.22052000003,196082.75741,335706.27348000015,343532.5885100001,388810.7936100004,445366.4517199999,495249.87736000004,569174.7596100004
2026-10-07T19:08:09.146042+00:00,obs-20261007-01,LIGHT,FILUSDT,1.0,1.0227,1.0228,1.0227499999999998,0.9778038525465327,9895168973,1.0227,1.0228,279,47,155152.60040200004,182281.17508699998,158040.70956300004,175186.82214199996,3427.3798620000002,4765.721758000001,106272.10567400002,72004.395726,192926.65521,142692.158687,260219.5678879999,229771.92828999992,354056.691355,309620.17606199987
2026-10-07T19:08:09.146042+00:00,obs-20261007-01,LIGHT,ALGOUSDT,1.0,0.1176,0.1177,0.11765,8.503401360544505,5664355127,0.1176,0.1177,115,2,45356.656800000026,51805.6459,46973.28470000004,46507.222399999984,9.062899999999999,9.062899999999999,28403.1894,38862.6845,87495.2574,78652.32440000001,135823.664,114838.26450000003,165157.57170000003,134158.0922
2026-10-07T19:08:09.146042+00:00,obs-20261007-01,LIGHT,XRPUSDT,1.0,1.4259,1.426,1.4259499999999998,0.7013114524156983,26677289168,1.4259,1.426,372,75,2225552.0391600006,1861538.67902,1808654.2880400002,1980565.6643600005,17919.988329999996,51694.05983000001,1190801.4998899999,802912.3307099998,1527295.24408,1011462.2323299999,2750734.5327000003,1980949.7530999999,4864357.22385,2680013.989000001
2026-10-07T19:08:09.146042+00:00,obs-20261007-01,LIGHT,HBARUSDT,1.0,0.09233,0.09234,0.092335,1.0830715910326028,8392906625,0.09233,0.09234,312,111,373552.12711999996,644774.2087199998,394191.61914,638559.7588699998,7097.072209999999,5663.7749200000035,153375.24592,120358.71409,261841.33306999994,244781.51200999998,416987.3206299999,400044.37823999976,910069.1325500001,768701.9876799996
2026-10-07T19:09:09.161511+00:00,obs-20261007-01,LIGHT,PEPEUSDT,1.0,4.04e-06,4.05e-06,4.045e-06,24.752475247524774,8827914979,4.04e-06,4.05e-06,157,10,106390.64353851,122052.33135127998,93843.72780888002,204226.6100629199,190.99999708,660.9215695500001,162965.82714504,13129.5940659,341961.32991840004,194092.62055462,637983.4947208201,449053.48182779003,938717.84250925,780049.3637664601
2026-10-07T19:09:09.161511+00:00,obs-20261007-01,LIGHT,BNBUSDT,1.0,772.05,772.06,772.055,0.12952528981369227,20909608556,772.05,772.06,425,111,3692753.66676,2701899.125820001,3580403.056350002,2869068.7105500004,1327.61266,9926.765469999997,809797.05938,1056896.5922700001,1553170.2787100002,2600632.810930001,3368648.780620002,4157235.000300003,5760352.587660008,5590586.476599999
2026-10-07T19:09:09.161511+00:00,obs-20261007-01,LIGHT,AAVEUSDT,1.0,172.54,172.55,172.54500000000002,0.5795757505522303,10439262368,172.54,172.55,269,31,1264354.184220001,801479.4276000002,1181725.7165100006,846798.7656600003,285.50921,5972.416289999999,212232.65047000002,64845.02544,356969.6663800001,129130.56429999995,463569.3368699998,164738.67953999995,995754.6832999997,192122.40511999992
2026-10-07T19:09:09.161511+00:00,obs-20261007-01,LIGHT,AVAXUSDT,1.0,11.28,11.281,11.2805,0.8865248226963551,10519459787,11.28,11.281,378,136,1281360.7612099997,1669829.7352500015,1271459.8662999994,1766933.74492,11814.290000000003,28426.434120000013,140052.80154000001,207260.29297000007,284841.30993,297029.37166000006,391740.9340300001,348741.3916900001,477272.4475299999,498886.43485000025
2026-10-07T19:09:09.161511+00:00,obs-20261007-01,LIGHT,FILUSDT,1.0,1.0237,1.0238,1.0237500000000002,0.976848686138343,9895170908,1.0237,1.0238,259,51,137965.02171699997,158366.810483,130791.79173000001,192079.49273700005,1562.6998310000001,6434.191870999999,79074.83594199999,58406.26286799999,168303.8137419999,133803.207686,260405.0169009998,203606.52044700002,360308.44135799987,280211.28072099993
2026-10-07T19:09:09.161511+00:00,obs-20261007-01,LIGHT,ALGOUSDT,1.0,0.1178,0.1179,0.11785000000000001,8.48896434634927,5664356017,0.1178,0.1179,195,6,100642.20869999997,72158.16780000001,83498.8208,90420.34029999997,23.52,1262.9540000000002,23123.8052,31125.587399999997,95755.7531,72315.3504,141829.8663,104894.6387,178041.50609999997,118380.30019999998
2026-10-07T19:09:09.161511+00:00,obs-20261007-01,LIGHT,XRPUSDT,1.0,1.428,1.4281,1.4280499999999998,0.7002801120448154,26677294237,1.428,1.4281,391,75,3676271.1421700013,3251151.09305,3624913.893509999,3416919.2123599984,13049.919379999996,52848.75623,1143524.1939700004,641076.3285999999,1879024.1029400001,989706.4453700001,2709982.7551700016,1820723.1775299998,4801109.120820002,2540052.81879
2026-10-07T19:09:09.161511+00:00,obs-20261007-01,LIGHT,HBARUSDT,1.0,0.0925,0.09251,0.092505,1.0810810810801819,8392909543,0.0925,0.09251,354,88,1869690.8296899989,694042.2838400002,1857651.2855300005,775238.0574299999,1348.4415999999999,4398.171690000003,126513.05720999998,105090.42367,212656.02823000005,186058.4755,417912.8753600001,321043.62336,912723.8766300002,688529.8066499998
2026-10-07T19:10:09.166540+00:00,obs-20261007-01,LIGHT,PEPEUSDT,1.0,4.04e-06,4.05e-06,4.045e-06,24.752475247524774,8827915222,4.04e-06,4.05e-06,104,11,84211.71956350001,179509.81843082994,83066.74522104001,96266.84857172002,8.09076256,1469.0409115500001,145261.18350768002,118795.11451605,342445.58682176005,278900.31885569,639128.46906328,532296.4516869,940871.0014760899,822916.6658506499
2026-10-07T19:10:09.166540+00:00,obs-20261007-01,LIGHT,BNBUSDT,1.0,771.86,771.87,771.865,0.12955717358043017,20909611092,771.86,771.87,376,171,1267974.2752400006,1380970.2578200004,1266133.6640400006,1284040.7424299999,24068.828509999992,4421.08099,858661.8850799998,1107886.9833299993,1618749.1454000005,2626172.73637,3389843.590970002,4146157.835740002,5770244.119220009,5680582.254760002
2026-10-07T19:10:09.166540+00:00,obs-20261007-01,LIGHT,AAVEUSDT,1.0,172.4,172.41,172.405,0.5800464037108988,10439264393,172.4,172.41,272,21,918853.4625899997,739757.1873000001,1079263.8264200005,706966.1296000003,958.48326,3457.4493500000003,134970.79432999995,78663.43131,223309.4985399999,142150.60574000003,311034.4518599998,194527.41720000003,837721.7966499999,221807.95514999997
2026-10-07T19:10:09.166540+00:00,obs-20261007-01,LIGHT,AVAXUSDT,1.0,11.265,11.266,11.2655,0.8877052818467845,10519465774,11.265,11.266,407,73,1013704.2056200001,1629964.048980001,993543.1558500004,1571371.20529,10828.613809999999,18934.312659999996,171742.07751999996,225644.33873000002,332789.76258999994,328444.41859,416876.55614000023,406894.52877,518133.95460000006,535782.7464900005
2026-10-07T19:10:09.166540+00:00,obs-20261007-01,LIGHT,FILUSDT,1.0,1.0222,1.0223,1.02225,0.9782821365678096,9895172607,1.0222,1.0223,239,37,136990.47511499995,184531.51264099995,155816.18740599992,139976.388595,1325.976624,4113.978202,94935.39560299998,78444.52558599999,186570.96246099993,141779.32219599996,250948.4588489999,236882.34449899997,333464.09509499994,316219.0895599999
2026-10-07T19:10:09.166540+00:00,obs-20261007-01,LIGHT,ALGOUSDT,1.0,0.1178,0.1179,0.11785000000000001,8.48896434634927,5664356472,0.1178,0.1179,156,0,58458.5078,18262.501500000006,62406.37439999999,11919.677599999999,0.0,0.0,23366.352899999998,38268.787599999996,92021.6428,78993.02419999999,137881.99970000001,111237.46259999997,174488.9802,124470.08879999995
2026-10-07T19:10:09.166540+00:00,obs-20261007-01,LIGHT,XRPUSDT,1.0,1.4269,1.427,1.4269500000000002,0.7008199593516728,26677298876,1.4269,1.427,447,113,2192914.834409999,2432570.7989400006,2385996.9866700005,2228203.6248000013,13164.90067999997,91381.82434,1089751.94744,818267.8991800003,1363373.2139999997,1050751.34274,2596841.4689900004,2023874.1718399997,4695960.89285,2740445.7917500003
2026-10-07T19:10:09.166540+00:00,obs-20261007-01,LIGHT,HBARUSDT,1.0,0.09238,0.09239,0.092385,1.082485386447729,8392911650,0.09238,0.09239,315,35,476735.0569599997,1241750.5443599997,475269.7557499997,1185785.7865700005,2023.76485,2856.16023,151227.47428000002,122199.46096999999,243725.93876000005,222259.86886999998,435451.80633000017,376383.0140199999,917647.6399900004,743924.3766099998
2026-10-07T19:11:09.183450+00:00,obs-20261007-01,LIGHT,PEPEUSDT,1.0,4.04e-06,4.05e-06,4.045e-06,24.752475247524774,8827915438,4.04e-06,4.05e-06,113,15,39363.92057528,72139.38772467001,38990.69496983999,73557.82903845,46.53021520000001,1637.1811894500004,148020.44778800002,120073.51746045,342883.66489630006,276867.04754119,639501.69466872,530878.01037312,941134.40053862,821498.2245368699
2026-10-07T19:11:09.183450+00:00,obs-20261007-01,LIGHT,BNBUSDT,1.0,771.8,771.81,771.805,0.1295672453993646,20909612488,771.8,771.81,318,34,468216.77344999986,845483.3680600002,489108.71873999975,725219.1588900003,1299.80706,903.81255,937692.1719800001,1211902.0473999998,1593960.2479700004,2732804.1993300025,3369327.5927500017,4266315.248440008,5745479.893510006,5795611.077560003
2026-10-07T19:11:09.183450+00:00,obs-20261007-01,LIGHT,AAVEUSDT,1.0,172.38,172.39,172.385,0.5801137022842795,10439266023,172.38,172.39,238,18,1400177.279020001,499891.98992999987,1242530.9986299998,492416.47494999995,1851.51024,944.5760700000001,294023.5009200001,82135.34775999998,381684.47257000004,146878.64721999998,468395.79075999977,202002.93217999997,993895.0442599998,229278.1949299999
2026-10-07T19:11:09.183450+00:00,obs-20261007-01,LIGHT,AVAXUSDT,1.0,11.261,11.262,11.2615,0.8880206020789316,10519469145,11.261,11.262,341,38,535933.26122,904449.9231500007,537060.0745900002,891518.1596700003,5365.29501,1346.1324699999998,206081.57588,228904.01519000003,338565.76283,334958.39411000005,417296.1683500003,419806.2692199999,522778.4637699999,548743.5711800004
2026-10-07T19:11:09.183450+00:00,obs-20261007-01,LIGHT,FILUSDT,1.0,1.0212,1.0214,1.0213,1.9584802193506334,9895174316,1.0212,1.0214,284,48,117639.75044900001,203131.15010600002,136114.23017799997,185005.16199600004,3073.0984550000007,4397.901358,87525.90043300002,71734.668594,176214.40194200005,133420.47411200003,261454.96974899998,254478.61173,319572.6738320001,327178.8840129998
2026-10-07T19:11:09.183450+00:00,obs-20261007-01,LIGHT,ALGOUSDT,1.0,0.1178,0.1179,0.11785000000000001,8.48896434634927,5664357224,0.1178,0.1179,170,7,147421.51459999994,45732.62810000001,143899.08039999995,47592.185000000005,846.1931999999999,185.3388,42880.9461,34103.985499999995,105759.5471,74811.152,141404.43389999997,110802.81809999999,173275.06569999995,126046.32759999999
2026-10-07T19:11:09.183450+00:00,obs-20261007-01,LIGHT,XRPUSDT,1.0,1.4264,1.4265,1.42645,0.7010656197437015,26677302058,1.4264,1.4265,346,51,1357461.2588399996,1216405.6240400001,1438305.3095500004,1190101.5570099994,15825.16758,24209.37497,1076671.48565,855128.5754000001,1546862.70074,1175448.2783400004,2524025.0320700007,2049970.9497499994,4654273.139140001,2750698.1927600005
2026-10-07T19:11:09.183450+00:00,obs-20261007-01,LIGHT,HBARUSDT,1.0,0.0924,0.09241,0.092405,1.082251082251684,8392913324,0.0924,0.09241,316,41,218842.5006400001,418671.8606100003,209143.7176799999,427600.15247000015,2484.77795,4590.71276,161132.56063,113920.52593000002,222325.26928000007,220828.73489999998,433565.3693500001,367463.3076,927264.4417700003,735091.6441099998
2026-10-07T19:12:09.212128+00:00,obs-20261007-01,LIGHT,PEPEUSDT,1.0,4.04e-06,4.05e-06,4.045e-06,24.752475247524774,8827915623,4.04e-06,4.05e-06,84,13,34583.43799312,126692.733606,36294.75947786,138991.35181232996,185.05018,3714.044805000001,147835.397608,87321.07219230001,342089.63936100004,264234.79603398003,637790.37318398,518579.39216679,939423.07905388,823522.84489634
2026-10-07T19:12:09.212128+00:00,obs-20261007-01,LIGHT,BNBUSDT,1.0,771.82,771.83,771.825,0.1295638879539318,20909613530,771.82,771.83,261,29,315884.6898600001,617224.2231900004,289013.1086199999,624059.3616800004,6920.0515399999995,2309.26344,970094.0808099998,1220562.3724099996,1625043.1928600003,2739822.4555900013,3396186.948390002,4259576.771880006,5781204.201100007,5793520.841140003
2026-10-07T19:12:09.212128+00:00,obs-20261007-01,LIGHT,AAVEUSDT,1.0,172.43,172.44,172.435,0.5799454851240782,10439267594,172.43,172.44,207,15,697928.0630700001,273274.34354,833185.0567599998,269068.83474,331.36762,4570.05581,156355.67568,92385.69776000001,240099.51971999992,154262.27495000002,325805.94763999974,206507.27706000002,846983.0602599998,233551.37222999998
2026-10-07T19:12:09.212128+00:00,obs-20261007-01,LIGHT,AVAXUSDT,1.0,11.256,11.257,11.256499999999999,0.8884150675192437,10519473447,11.256,11.257,352,51,740988.0968399995,1020109.08322,756259.1023700001,1005223.6417600003,15499.57165,5808.414989999999,202576.94379999998,184109.67966999998,365837.82832,331065.86804000003,402425.0302500002,420200.5302199999,508829.2534199999,558339.9394800005
2026-10-07T19:12:09.212128+00:00,obs-20261007-01,LIGHT,FILUSDT,1.0,1.0214,1.0215,1.0214500000000002,0.9790483649885218,9895175838,1.0214,1.0215,217,29,124478.62060999995,124649.46517400003,108839.32783600001,128101.14927500005,2672.999627,1572.5971189999998,93450.51333500001,66332.82731100002,192090.76931300003,130309.14582300001,277078.9135249999,251026.92762899998,334800.517612,323740.93584199983
2026-10-07T19:12:09.212128+00:00,obs-20261007-01,LIGHT,ALGOUSDT,1.0,0.1179,0.118,0.11795,8.481764206953457,5664358157,0.1179,0.118,137,23,125210.87989999996,37489.6434,125379.13789999991,44049.25519999999,33.8323,1146.1205,37728.0389,40518.082800000004,81188.52699999999,83501.7733,138997.05299999996,104782.4911,170347.5156999999,119783.48029999998
2026-10-07T19:12:09.212128+00:00,obs-20261007-01,LIGHT,XRPUSDT,1.0,1.4269,1.427,1.4269500000000002,0.7008199593516728,26677305313,1.4269,1.427,345,45,1487786.622740001,1303475.7664499998,1370254.2372400004,1308409.5529300012,6809.22029,12225.938720000002,1131463.53225,878415.0772500001,1404414.2091499998,1200813.72399,2633529.8037800007,2047770.8134699995,4723258.9942,2764329.35097
2026-10-07T19:12:09.212128+00:00,obs-20261007-01,LIGHT,HBARUSDT,1.0,0.09239,0.0924,0.092395,1.082368221667629,8392914446,0.09239,0.0924,229,41,236773.94344000006,200629.81818,217611.98678000004,199066.34554000004,1059.6945999999998,3227.60459,182153.29343000002,115006.44073999999,283082.5618300001,221324.90060999998,453524.0253300001,369018.19479999994,946508.3804600002,736655.1167499998
2026-10-07T19:13:09.261962+00:00,obs-20261007-01,LIGHT,PEPEUSDT,1.0,4.04e-06,4.05e-06,4.045e-06,24.752475247524774,8827915775,4.04e-06,4.05e-06,99,14,5064.102916050001,19824.280521959998,2236.72428714,36390.95041387002,364.74087984000005,1693.3486590000002,150883.14531588,73993.90354605,344595.74779473,247688.47238041,640617.75181289,502012.72227488,942276.29482389,806956.17500443
2026-10-07T19:13:09.261962+00:00,obs-20261007-01,LIGHT,BNBUSDT,1.0,771.83,771.84,771.835,0.12956220929449813,20909614731,771.83,771.84,288,38,276551.7814499999,303956.3195199997,261358.99167000002,292763.61527999997,4559.93968,6314.357569999999,985203.2440500002,1218732.6307899996,1640224.5742700007,2738936.669030001,3411343.060890002,4270769.476120006,5786941.9877600055,5802230.901680003
2026-10-07T19:13:09.261962+00:00,obs-20261007-01,LIGHT,AAVEUSDT,1.0,172.38,172.39,172.385,0.5801137022842795,10439268472,172.38,172.39,173,9,720765.7843500001,525532.9998599999,588923.7486299998,524830.9281499998,303.44175,18.10061,315082.58829000004,90269.42047000001,382318.98495,139200.02542,464731.4108699999,206910.51269,980945.5883699999,234191.00863999993
2026-10-07T19:13:09.261962+00:00,obs-20261007-01,LIGHT,AVAXUSDT,1.0,11.25,11.251,11.250499999999999,0.8888888888880508,10519476469,11.25,11.251,319,33,390942.4633500001,641902.4862799997,405557.6569199999,625232.0290500001,6563.730779999999,754.8368200000001,206859.7048,203378.74345,367044.9508600001,338666.8503300001,388877.6100700002,435667.9635000001,491942.1848799999,570862.4595300005
2026-10-07T19:13:09.261962+00:00,obs-20261007-01,LIGHT,FILUSDT,1.0,1.0206,1.0207,1.0206499999999998,0.9798157946305786,9895177978,1.0206,1.0207,328,70,209002.89748199997,224368.78899600008,200521.9346079999,216877.02415499993,2621.520481,2063.6446079999996,97234.17304099999,87875.189251,187801.04972899996,145488.27772599997,295965.2472059999,251249.33769599986,348693.7645719999,327385.9641039997
2026-10-07T19:13:09.261962+00:00,obs-20261007-01,LIGHT,ALGOUSDT,1.0,0.1178,0.1179,0.11785000000000001,8.48896434634927,5664358747,0.1178,0.1179,110,2,197939.91739999998,62802.0954,192667.88400000005,57050.8812,9.0783,9.0783,31098.5429,23101.546,87495.832,66699.04089999999,146508.2093,109994.4205,178241.61809999996,125490.515
2026-10-07T19:13:09.261962+00:00,obs-20261007-01,LIGHT,XRPUSDT,1.0,1.4262,1.4263,1.42625,0.7011639321263807,26677308186,1.4262,1.4263,409,35,1152069.21368,1251748.2868499998,1409202.2008299993,1239570.2425799996,15361.74417,13152.235149999999,914185.48103,800372.0401099997,1435776.9664299998,1178146.4503299997,2388522.5474,2059084.3606099992,4504457.772539999,2757350.72829
2026-10-07T19:13:09.261962+00:00,obs-20261007-01,LIGHT,HBARUSDT,1.0,0.0924,0.09241,0.092405,1.082251082251684,8392915681,0.0924,0.09241,233,44,148068.80198000008,157819.78913000014,148523.40185000002,158957.11586000002,1239.03328,3363.696789999999,182008.68447999997,112349.91515000002,281771.98571000004,220096.49044,452272.72614000004,367889.45350999996,945955.4734900004,735517.7900199997
2026-10-07T19:14:09.266305+00:00,obs-20261007-01,LIGHT,PEPEUSDT,1.0,4.04e-06,4.05e-06,4.045e-06,24.752475247524774,8827915930,4.04e-06,4.05e-06,95,11,16004.24679126,60877.681093830004,21109.78899258,51328.09270320001,27.864158760000002,4752.83622645,145733.49476072,83610.0771831,339705.29116287,257238.06077103998,635512.20961157,511562.31066550995,938288.2235425699,802182.52482926
2026-10-07T19:14:09.266305+00:00,obs-20261007-01,LIGHT,BNBUSDT,1.0,771.84,771.85,771.845,0.12956053067947337,20909615573,771.84,771.85,286,17,315866.07134999987,412318.85798999993,309859.9334999999,515431.27901999996,979.4522700000001,418.33775999999995,889877.33714,1130195.4022099995,1649471.2054000008,2648300.262860001,3417085.5773400026,4167657.0550900027,5802010.786790005,5701610.9318200005
2026-10-07T19:14:09.266305+00:00,obs-20261007-01,LIGHT,AAVEUSDT,1.0,172.31,172.32,172.315,0.5803493703204765,10439269696,172.31,172.32,194,14,734359.8892000003,528069.2341999998,909380.9488000005,472594.7721299998,704.8257,2112.56536,120701.94737999998,146246.04246000003,212058.79997999998,202316.83563000002,289819.3731799998,262325.61507999996,807892.4801599998,288967.69620000006
2026-10-07T19:14:09.266305+00:00,obs-20261007-01,LIGHT,AVAXUSDT,1.0,11.249,11.25,11.249500000000001,0.8889679082590973,10519479124,11.249,11.25,314,16,314792.8503999999,502119.58352,314126.59595,525130.1814100003,1801.4077,1576.1479899999997,190115.03541000004,187440.88427999997,357366.3627199999,319531.36929,389543.86452,412625.43624999985,503859.6807199996,548843.6171100003
2026-10-07T19:14:09.266305+00:00,obs-20261007-01,LIGHT,FILUSDT,1.0,1.0209,1.021,1.02095,0.9795278675683861,9895179579,1.0209,1.021,313,39,110866.35915099998,148877.530559,111639.15846399998,155163.44486900006,1462.1799489999999,3191.7564159999997,108796.79980600001,80181.437914,180908.89661700002,140211.08820399994,287995.09522899997,245486.04665699988,349376.6759300001,320843.01351299975
2026-10-07T19:14:09.266305+00:00,obs-20261007-01,LIGHT,ALGOUSDT,1.0,0.1178,0.1179,0.11785000000000001,8.48896434634927,5664359530,0.1178,0.1179,140,0,20910.874200000006,7000.9488,22170.974,5762.1921999999995,0.0,0.0,28621.2856,25608.5959,84833.02590000001,69206.0908,145248.1095,111233.1771,176981.51829999994,126729.17829999999
2026-10-07T19:14:09.266305+00:00,obs-20261007-01,LIGHT,XRPUSDT,1.0,1.4265,1.4266,1.4265500000000002,0.701016473887428,26677310631,1.4265,1.4266,319,40,998715.5804999998,862784.4572899998,800489.4528299996,885059.06919,5737.92635,20701.971329999997,1070299.4490600002,864113.7686499999,1608202.8945600004,1163527.0751999998,2582045.147950001,2038512.8724599993,4728131.07286,2745724.9839700004
2026-10-07T19:14:09.266305+00:00,obs-20261007-01,LIGHT,HBARUSDT,1.0,0.09238,0.09239,0.092385,1.082485386447729,8392916712,0.09238,0.09239,232,21,98714.17020999995,133084.51748,114827.10224,121915.52303,1613.24274,457.13699000000014,168935.26455999998,122591.36783000002,266956.98283000005,232246.77448000002,447745.01405000006,379049.86251999997,929940.8443100002,744216.5121099999
2026-10-07T19:15:09.280538+00:00,obs-20261007-01,LIGHT,PEPEUSDT,1.0,4.04e-06,4.05e-06,4.045e-06,24.752475247524774,8827916053,4.04e-06,4.05e-06,83,12,14845.419277769997,126280.05823740001,12112.07295251,125004.65602717001,35.44146964000001,718.47741555,148466.75242176,84883.44533355,342223.55191867,258834.73317689,638245.55593683,512837.71287574,940062.62584572,803457.92703949
2026-10-07T19:15:09.280538+00:00,obs-20261007-01,LIGHT,BNBUSDT,1.0,771.89,771.9,771.895,0.12955213825716072,20909616842,771.89,771.9,274,35,353421.0604900001,763280.2417699998,355412.25872000004,760392.2334999995,3593.85246,6000.370639999999,863935.8355400003,1122471.3691399992,1646755.702780001,2641182.1897500004,3414738.2862300025,4171036.206470002,5798207.486510006,5702595.9788299985
2026-10-07T19:15:09.280538+00:00,obs-20261007-01,LIGHT,AAVEUSDT,1.0,172.4,172.41,172.405,0.5800464037108988,10439271137,172.4,172.41,203,15,1287203.6808500006,281810.1300999999,1195630.43328,346539.4190099999,284.51214,1586.95269,226541.20555999994,89084.38125999997,293466.0560299999,147007.35355999993,377825.8445299997,197655.68584999998,895423.2410699998,224941.4569999999
2026-10-07T19:15:09.280538+00:00,obs-20261007-01,LIGHT,AVAXUSDT,1.0,11.242,11.243,11.2425,0.8895214374660121,10519482310,11.242,11.243,312,48,558589.1571700003,731696.1177599997,540669.9419300001,745812.5888299999,2074.58672,30641.31024,218638.89597,171031.24177000005,372057.19474999997,301891.8324700001,407528.4387000002,398346.29696,524321.4612799999,534586.5863800002
2026-10-07T19:15:09.280538+00:00,obs-20261007-01,LIGHT,FILUSDT,1.0,1.0207,1.0208,1.02075,0.979719800136003,9895181372,1.0207,1.0208,261,49,129535.455829,193764.948747,129097.913524,190042.72835499997,1488.8031669999998,981.52284,97764.697487,80023.32179,184177.727263,142270.48083499994,291783.633103,248815.59903199982,350264.8746900001,324324.2553569996
2026-10-07T19:15:09.280538+00:00,obs-20261007-01,LIGHT,ALGOUSDT,1.0,0.1178,0.1179,0.11785000000000001,8.48896434634927,5664359941,0.1178,0.1179,101,1,39561.79089999999,16523.016999999996,44901.746300000006,14156.468299999999,0.0,9.7857,32573.616,39048.0455,96278.2961,81085.83439999999,139908.15409999999,113599.72579999999,172148.41949999996,128843.11589999998
2026-10-07T19:15:09.280538+00:00,obs-20261007-01,LIGHT,XRPUSDT,1.0,1.4268,1.4269,1.42685,0.7008690776566517,26677312463,1.4268,1.4269,267,27,720030.1392699999,618235.4511000002,462857.35298,646179.27811,4529.8507500000005,23498.328950000003,1281080.0226899995,772570.95386,1726393.1676499995,1161981.7819,2832192.2474100003,2011243.0066299993,4964138.537889999,2727703.88271
2026-10-07T19:15:09.280538+00:00,obs-20261007-01,LIGHT,HBARUSDT,1.0,0.09235,0.09236,0.09235499999999999,1.0828370330262516,8392917725,0.09235,0.09236,212,54,81405.33761000005,156360.68070000006,90572.85719000002,152427.69132,1829.55849,705.22527,174899.05068,118113.75160000002,274354.48230000003,232304.64492000005,439675.4266200001,381817.45779,920983.9854300003,748094.8596899998
2026-10-07T19:16:09.305684+00:00,obs-20261007-01,LIGHT,PEPEUSDT,1.0,4.04e-06,4.05e-06,4.045e-06,24.752475247524774,8827916271,4.04e-06,4.05e-06,120,10,14267.072750070005,140210.43599019,11960.099654140002,137003.35220330002,1567.31124108,602.1324459000001,148619.83896612,106351.9345017,343861.18841134,262031.8576613,640552.52903276,516044.79666263005,942125.5942237598,806665.01082638
2026-10-07T19:16:09.305684+00:00,obs-20261007-01,LIGHT,BNBUSDT,1.0,772.0,772.01,772.005,0.12953367875656596,20909619372,772.0,772.01,365,50,774881.2472300002,848461.0829199995,747540.4292100003,854230.9372399998,5688.5476499999995,22021.58053,892586.44009,1182426.356699999,1632015.1953700003,2727306.291040001,3441278.1734200018,4271962.279280002,5817440.394820005,5708733.749729998
2026-10-07T19:16:09.305684+00:00,obs-20261007-01,LIGHT,AAVEUSDT,1.0,172.47,172.48,172.475,0.579810981620188,10439272829,172.47,172.48,219,21,1253032.08479,475157.11328999995,1186550.6740500003,475212.89463999984,2678.0866600000004,2875.39003,285831.20978999994,92011.30645999999,351912.21267999994,164679.08941999997,440960.2320899998,197981.82103000002,952950.4954399999,224963.59344999996
2026-10-07T19:16:09.305684+00:00,obs-20261007-01,LIGHT,AVAXUSDT,1.0,11.243,11.244,11.243500000000001,0.8894423196648127,10519486658,11.243,11.244,344,57,757895.9240700005,1086484.3110600002,760387.2760700003,1090208.65273,7823.7614,12399.183099999998,215472.95937,174218.15893999994,366762.1544400001,301372.7116599999,405037.0867000004,394621.9552899998,521630.0115900002,529875.2515600001
2026-10-07T19:16:09.305684+00:00,obs-20261007-01,LIGHT,FILUSDT,1.0,1.0199,1.02,1.0199500000000001,0.9804882831643269,9895184957,1.0199,1.02,346,107,241809.19179700006,328693.64307600004,267631.43594600004,328730.64351399994,3168.7684470000004,4717.890646,95216.96343499998,68348.603762,173737.81409200002,143397.790447,283415.95826799993,244280.73642799997,452441.239339,320409.22031899984
2026-10-07T19:16:09.305684+00:00,obs-20261007-01,LIGHT,ALGOUSDT,1.0,0.1178,0.1179,0.11785000000000001,8.48896434634927,5664360248,0.1178,0.1179,120,0,47281.19659999999,20476.537799999995,49746.15829999999,16058.486199999994,0.0,0.0,26505.2827,40174.61689999999,93670.4792,83722.711,137443.1924,118017.77739999999,169683.36449999997,130996.36749999998
2026-10-07T19:16:09.305684+00:00,obs-20261007-01,LIGHT,XRPUSDT,1.0,1.4257,1.4258,1.4257499999999999,0.7014098337654318,26677317692,1.4257,1.4258,396,117,2175859.545979999,2573531.7039800007,2675935.932120001,2458591.8646600023,43301.65782000001,74243.05182000002,912143.61242,842020.0826000001,1268317.13886,1105452.08206,2347762.5352800004,2114737.901869999,4503311.70735,2824564.1878999984
2026-10-07T19:16:09.305684+00:00,obs-20261007-01,LIGHT,HBARUSDT,1.0,0.09237,0.09238,0.092375,1.082602576594205,8392919509,0.09237,0.09238,264,84,161377.24689999997,453291.94146999996,152086.29985,458491.08986000007,7676.579180000001,11857.717620000001,149905.70671000003,114018.02945999999,266720.3055000001,229658.45239000002,447932.7379000002,376769.3459099999,930100.4510400004,742950.3530999998
2026-10-07T19:17:09.324482+00:00,obs-20261007-01,LIGHT,PEPEUSDT,1.0,4.04e-06,4.05e-06,4.045e-06,24.752475247524774,8827916465,4.04e-06,4.05e-06,100,9,33042.03483472,27246.14040069999,30461.38698306,28009.99407277,15.788029120000001,590.62465845,151244.2709492,101600.44936335001,347001.92868848005,260946.67274361,643133.17688442,515280.94299055997,944706.2420754199,805901.1571543099
2026-10-07T19:17:09.324482+00:00,obs-20261007-01,LIGHT,BNBUSDT,1.0,771.97,771.98,771.975,0.12953871264320682,20909622513,771.97,771.98,403,47,599749.8560900004,453992.67777000007,615964.8709500001,430694.5939800001,3766.44559,4295.32927,878784.5912000003,1212278.5853399993,1614563.3968200006,2738250.4035500013,3425195.378260002,4190028.573320002,5808960.458430006,5725089.892479996
2026-10-07T19:17:09.324482+00:00,obs-20261007-01,LIGHT,AAVEUSDT,1.0,172.36,172.37,172.365,0.5801810164762777,10439276347,172.36,172.37,306,71,2644785.8975800006,787108.3176000003,2664677.6420800006,782691.7860699999,23210.436540000002,6132.014780000001,255170.44984,95173.13458000001,338306.22972,150483.51822,422260.2600899998,202003.37897000002,948391.1055599998,229039.18127999996
2026-10-07T19:17:09.324482+00:00,obs-20261007-01,LIGHT,AVAXUSDT,1.0,11.261,11.262,11.2615,0.8880206020789316,10519490760,11.261,11.262,358,52,878890.40236,1051176.2375399997,796887.8039700001,1111427.2923300003,10239.63114,64208.529149999995,241027.26008,190679.38646,412503.43308999995,295417.11461,485491.07793000014,350265.27672999987,590905.7214400006,479228.3374899998
2026-10-07T19:17:09.324482+00:00,obs-20261007-01,LIGHT,FILUSDT,1.0,1.0195,1.0196,1.0195500000000002,0.9808729769500424,9895187774,1.0195,1.0196,347,72,228211.9973040001,341859.672272,216865.83408300008,345649.73643600015,2870.6266909999995,3225.3228660000004,96780.41776999999,66311.470987,197650.20156799996,142554.471179,295903.27702799987,236664.70523999992,463566.3728479999,312179.5500029999
2026-10-07T19:17:09.324482+00:00,obs-20261007-01,LIGHT,ALGOUSDT,1.0,0.1177,0.1178,0.11775,8.49617672047609,5664360758,0.1177,0.1178,111,3,55385.98569999997,25033.9351,54737.78679999998,23928.981900000002,18.494600000000002,39.0172,49809.0828,31992.3819,112371.0238,75194.2769,141780.73189999998,114942.2606,171412.69849999997,131683.77279999998
2026-10-07T19:17:09.324482+00:00,obs-20261007-01,LIGHT,XRPUSDT,1.0,1.4255,1.4256,1.4255499999999999,0.701508242721971,26677320479,1.4255,1.4256,341,48,1263846.14382,994196.1740699998,1122684.6378199996,1068728.2510799998,8333.77568,21319.19793,1087357.17616,809497.3519499999,1413702.02837,1039196.97447,2489698.4601800004,2028305.100569999,4644684.072559999,2749992.8999300003
2026-10-07T19:17:09.324482+00:00,obs-20261007-01,LIGHT,HBARUSDT,1.0,0.09241,0.09242,0.092415,1.0821339681843511,8392921156,0.09241,0.09242,270,55,281982.9054000002,205362.40370000005,257900.02050999994,219108.41646000004,656.88643,5308.476909999999,188050.79889999997,117128.01499000003,288054.59834,222979.65341000003,460360.25111,364081.27494000003,954053.4891300002,729299.8996999998
2026-10-07T19:18:09.361900+00:00,obs-20261007-01,LIGHT,PEPEUSDT,1.0,4.05e-06,4.06e-06,4.055e-06,24.691358024691024,8827917226,4.05e-06,4.06e-06,203,21,447917.84700001,173226.65505199996,254286.07973337997,175206.81644019988,11026.920628130001,5360.706288150001,77155.911882,175039.24948216,311356.88021060004,380316.05085554,701263.5709456902,621808.1707991699,1051974.9525988502,877178.42388794
2026-10-07T19:18:09.361900+00:00,obs-20261007-01,LIGHT,BNBUSDT,1.0,772.54,772.55,772.545,0.12944313563023613,20909626637,772.54,772.55,384,126,3871804.04791,2743514.902449998,4019757.656039999,2862945.9510099995,11823.528910000005,40311.993290000035,814940.7887499997,1797147.1768500013,1611976.89401,2732072.3995,3254564.6483100015,4444151.662500002,5586436.728620003,5623223.641869998
2026-10-07T19:18:09.361900+00:00,obs-20261007-01,LIGHT,AAVEUSDT,1.0,172.49,172.5,172.495,0.5797437532595318,10439278157,172.49,172.5,225,30,661116.0585000002,360906.0059199998,620889.9693,364251.4318199998,10472.12729,713.32443,287160.05382000003,93228.34038000001,349418.40493000014,165136.33831,451907.62477999995,199178.35305000003,982025.0539,226296.31915
2026-10-07T19:18:09.361900+00:00,obs-20261007-01,LIGHT,AVAXUSDT,1.0,11.285,11.286,11.285499999999999,0.8861320336728262,10519497087,11.285,11.286,420,99,1147699.0380799992,1481789.6935199997,1160104.7096699995,1528886.8316000004,23042.443700000007,25543.088480000006,196308.26946999997,209092.13583000004,368032.21323000005,275718.98439000006,465557.2301500002,303812.70521,552008.6694600006,462971.08949000016
2026-10-07T19:18:09.361900+00:00,obs-20261007-01,LIGHT,FILUSDT,1.0,1.0214,1.0215,1.0214500000000002,0.9790483649885218,9895190230,1.0214,1.0215,290,59,234304.227303,269811.4891630001,192241.23228999996,300255.8039490001,1095.053832,2597.598654,107880.02482400001,85744.61190699998,183191.60737399998,146837.544523,316754.21024,226262.873661,378334.350671,297593.64258999994
2026-10-07T19:18:09.361900+00:00,obs-20261007-01,LIGHT,ALGOUSDT,1.0,0.1179,0.118,0.11795,8.481764206953457,5664361886,0.1179,0.118,145,8,76972.5136,68515.75759999998,61680.324100000005,85585.86480000002,909.2024,3270.0057,31226.4675,23315.251099999998,93392.0742,73055.8577,151144.4579,102592.1464,180590.1293,117846.2642
2026-10-07T19:18:09.361900+00:00,obs-20261007-01,LIGHT,XRPUSDT,1.0,1.427,1.4271,1.42705,0.7007708479322972,26677324643,1.427,1.4271,376,50,2655771.7213,1762380.322059999,2196739.9914599997,1856792.1575799985,46191.88651,47030.34126999998,1291988.2765799998,801642.4054600003,1708023.4682999996,1114694.6747600003,2924796.6747399997,1960976.5716499998,5046266.7915199995,2677536.2905900003
2026-10-07T19:18:09.361900+00:00,obs-20261007-01,LIGHT,HBARUSDT,1.0,0.09248,0.09249,0.09248500000000001,1.0813148788924032,8392923322,0.09248,0.09249,283,85,454215.8048899999,331478.1492999999,446884.69845000014,353344.9920000001,2307.41485,4241.181449999997,201437.80728000004,120455.72856,305814.81545000005,204613.09756,463208.8030900001,342739.04128000006,959952.6924900002,707438.8105199998
2026-10-07T19:19:09.366568+00:00,obs-20261007-01,LIGHT,PEPEUSDT,1.0,4.05e-06,4.06e-06,4.055e-06,24.691358024691024,8827917701,4.05e-06,4.06e-06,202,12,113753.00849245,137871.39140396996,204362.65144443998,214404.43785636994,52.32484575,1263.6946869400003,77493.80292435,170196.6034608,305505.10951335,290375.23890272,610653.9279937,545275.1243467699,1045178.15930263,889388.8474294399
2026-10-07T19:19:09.366568+00:00,obs-20261007-01,LIGHT,BNBUSDT,1.0,772.65,772.66,772.655,0.12942470717591803,20909629737,772.65,772.66,298,73,1671429.7321699988,1660971.8039799999,1522746.9269599996,1519411.6231799999,11636.783029999999,29657.129989999983,865406.5233299998,1880154.908210001,1598600.8579799994,2958604.3362999996,3402240.153360001,4586345.475080004,5737113.215620001,5792851.53124
2026-10-07T19:19:09.366568+00:00,obs-20261007-01,LIGHT,AAVEUSDT,1.0,172.28,172.29,172.285,0.5804504295325863,10439282046,172.28,172.29,310,105,1329029.4223800001,916375.7400900004,1484789.9843,901182.3991900001,57779.02615999998,14084.609689999997,167099.25919,88901.39678999998,250979.40060000002,148125.1001,312893.7138699999,209938.90584000005,847555.54582,238207.27602
2026-10-07T19:19:09.366568+00:00,obs-20261007-01,LIGHT,AVAXUSDT,1.0,11.285,11.286,11.285499999999999,0.8861320336728262,10519501375,11.285,11.286,371,101,796594.4628400004,1233942.50571,832386.73549,1243490.8517999994,10024.830410000002,33941.08258999999,189910.19269,166345.38564999998,359324.0157199999,238888.99096999998,429764.95749999996,293508.51891,516333.64397999976,452439.8557800002
2026-10-07T19:19:09.366568+00:00,obs-20261007-01,LIGHT,FILUSDT,1.0,1.0209,1.021,1.02095,0.9795278675683861,9895192447,1.0209,1.021,322,104,253954.39946299992,336548.5718730001,282945.720207,335563.85356399993,4068.7118540000033,9981.754574999999,85609.88489899998,82184.879779,158464.50561400002,142553.775319,290970.90763900004,220031.94345699996,352156.78557000024,295070.9041939999
2026-10-07T19:19:09.366568+00:00,obs-20261007-01,LIGHT,ALGOUSDT,1.0,0.1179,0.118,0.11795,8.481764206953457,5664362717,0.1179,0.118,143,4,118604.81619999997,29784.287900000003,125610.30269999999,25946.199600000004,163.666,23.718,31925.889199999998,21912.1016,100541.80299999999,77757.22150000001,142933.9458,106430.23470000002,172777.28069999994,123951.05250000002
2026-10-07T19:19:09.366568+00:00,obs-20261007-01,LIGHT,XRPUSDT,1.0,1.4269,1.427,1.4269500000000002,0.7008199593516728,26677327731,1.4269,1.427,349,42,1048195.5781300002,1294030.3604000001,1328909.6111700002,1206756.2211200001,18504.84106,20867.409290000003,1129271.51725,807141.1994600001,1427513.0786199993,1151149.5652200002,2653417.6220300007,2048101.1079600002,4791295.02802,2764659.6104200007
2026-10-07T19:19:09.366568+00:00,obs-20261007-01,LIGHT,HBARUSDT,1.0,0.09254,0.09255,0.09254499999999999,1.0806137886310019,8392925116,0.09254,0.09255,249,83,739258.1739700002,521967.93641000014,751325.3550499999,518052.23649999994,2185.3673200000003,5501.215919999992,172980.09027,115540.49648999999,278723.31024,202484.93110000002,450241.65532,356833.86494000006,947580.4177400001,711394.9885099998
2026-10-07T19:20:09.372844+00:00,obs-20261007-01,LIGHT,PEPEUSDT,1.0,4.05e-06,4.06e-06,4.055e-06,24.691358024691024,8827917963,4.05e-06,4.06e-06,91,9,103997.00704542,68704.72402091998,77236.27399448001,76784.41607612,0.0,1226.48163232,112730.00396805,130326.26977482,325237.56298989,282616.82662534,637414.66104464,537195.43229157,963553.00209816,881309.1553711201
2026-10-07T19:20:09.372844+00:00,obs-20261007-01,LIGHT,BNBUSDT,1.0,772.65,772.66,772.655,0.12942470717591803,20909631501,772.65,772.66,359,42,497561.77634999994,638638.8778699997,481535.13987999986,646918.0224700001,7921.980450000001,4083.5080999999996,947832.6901199997,1857675.2178900011,1619784.1254999994,2937872.9517399995,3418266.7898300006,4578066.330480002,5752561.016180001,5779088.276870002
2026-10-07T19:20:09.372844+00:00,obs-20261007-01,LIGHT,AAVEUSDT,1.0,172.43,172.44,172.435,0.5799454851240782,10439283302,172.43,172.44,220,34,551119.1468500003,281268.6994400002,492881.65751,286686.5251799999,78.97294000000001,4172.577459999998,188123.42096999998,94603.53779,251514.89237999998,149921.62648000006,359945.73939999985,206542.64817000003,892888.3219,233586.74334
2026-10-07T19:20:09.372844+00:00,obs-20261007-01,LIGHT,AVAXUSDT,1.0,11.301,11.302,11.3015,0.8848774444736307,10519506234,11.301,11.302,412,80,847748.2329199993,1432914.4102199997,833919.6466699992,1428476.2937299996,22978.28019,17398.139290000003,160576.49701000002,174163.49919,324855.4492200001,250701.06821000006,440117.4184500002,408799.63730999996,513262.7352800002,458480.8457800002
2026-10-07T19:20:09.372844+00:00,obs-20261007-01,LIGHT,FILUSDT,1.0,1.0219,1.022,1.02195,0.9785693316377575,9895194341,1.0219,1.022,313,29,169507.936722,237848.36372300002,144854.16774,262320.631363,3338.8409739999997,983.222167,108595.790895,74895.21072899998,181878.72859200003,138977.77308799996,291061.3541660001,203289.04974099994,372037.7075470001,283491.1060579999
2026-10-07T19:20:09.372844+00:00,obs-20261007-01,LIGHT,ALGOUSDT,1.0,0.1181,0.1182,0.11815,8.467400508043177,5664363751,0.1181,0.1182,150,1,106746.59419999996,57122.78920000001,94712.28830000001,60373.8688,0.0,186.3618,23789.234600000003,36903.597,76133.6398,80585.8589,139557.5289,108550.37610000001,182801.6798,121470.9516
2026-10-07T19:20:09.372844+00:00,obs-20261007-01,LIGHT,XRPUSDT,1.0,1.4269,1.427,1.4269500000000002,0.7008199593516728,26677330543,1.4269,1.427,352,40,1054082.7869799994,1070331.1699999997,923360.0520800002,1143173.25069,7974.653190000001,18032.89099,1259361.2164800004,735171.8369,1560980.82276,1079359.4880300001,2784130.470130001,1976268.8800700002,4916510.611040001,2692827.382530001
2026-10-07T19:20:09.372844+00:00,obs-20261007-01,LIGHT,HBARUSDT,1.0,0.09255,0.09256,0.092555,1.0804970286337756,8392926463,0.09255,0.09256,259,59,145891.05495000005,289346.51830999984,139591.78455000004,296385.69028,1228.71558,2709.3837600000006,152803.73037,115698.44566,284173.79028,197344.27239999996,455700.58708000014,349807.59320999996,953547.3473000001,704811.4900199998
2026-10-07T19:21:09.390517+00:00,obs-20261007-01,LIGHT,PEPEUSDT,1.0,4.05e-06,4.06e-06,4.055e-06,24.691358024691024,8827918386,4.05e-06,4.06e-06,117,11,150087.31677382,97721.55288644994,151867.99679999004,95842.51126561998,4.8307590000000005,1896.64798456,114827.36413545,120142.47054684,323362.36320049,283892.12616617,635633.98101847,539074.4739124,961742.75429583,883188.19699195
2026-10-07T19:21:09.390517+00:00,obs-20261007-01,LIGHT,BNBUSDT,1.0,772.55,772.56,772.555,0.12944146009941093,20909636320,772.55,772.56,455,351,655795.5328399999,634679.4764400003,654038.8852100001,615596.32208,34204.69181000004,7507.751699999998,951950.9815899999,1876478.1683500013,1623705.7471099994,2865700.77408,3612142.9538,4596515.853060003,5758048.674630002,5801718.47918
2026-10-07T19:21:09.390517+00:00,obs-20261007-01,LIGHT,AAVEUSDT,1.0,172.34,172.35,172.345,0.5802483462913344,10439285171,172.34,172.35,220,22,747208.8066499997,701824.6306099999,820824.45576,702047.7187799999,807.21024,1940.7710700000002,140385.29932,94271.23255,222902.52095,152675.74934000007,291037.6039199999,204481.1660400001,822819.3083,231430.78647000002
2026-10-07T19:21:09.390517+00:00,obs-20261007-01,LIGHT,AVAXUSDT,1.0,11.296,11.297,11.2965,0.8852691218130815,10519509550,11.296,11.297,317,64,535624.3669999996,750078.8919100004,522364.5413799998,739313.8031700001,10094.210920000005,8141.47283,188561.98197000005,172439.66032,347971.68603000004,253451.19702000002,454095.32113999996,398487.92128000007,527297.0051900004,469141.2701400004
2026-10-07T19:21:09.390517+00:00,obs-20261007-01,LIGHT,FILUSDT,1.0,1.0224,1.0225,1.02245,0.9780907668233141,9895196260,1.0224,1.0225,269,41,146025.38299499993,223864.1153669999,133785.30968999997,236926.19125799986,3182.2905400000004,1497.0908349999997,97778.195681,79263.997454,190711.75850100003,136897.750264,291190.386687,190266.57972300003,383917.210241,270866.4370840001
2026-10-07T19:21:09.390517+00:00,obs-20261007-01,LIGHT,ALGOUSDT,1.0,0.118,0.1181,0.11804999999999999,8.474576271186862,5664364230,0.118,0.1181,115,4,104173.01610000004,26404.474,111761.36960000002,22033.598400000003,14.0497,18.1874,32620.8551,34489.0619,96237.4805,79369.40909999999,140724.0502,110137.02829999998,176473.51539999997,125322.63489999996
2026-10-07T19:21:09.390517+00:00,obs-20261007-01,LIGHT,XRPUSDT,1.0,1.4267,1.4268,1.4267500000000002,0.7009182028450134,26677332309,1.4267,1.4268,290,31,438998.43052999984,569631.4487600002,546853.6198599999,531375.3960799999,1205.81773,11607.277880000001,1168608.94721,800174.9793,1700213.0473999996,1114733.34796,2681730.525120001,2014385.5757699998,4808525.23145,2730793.8966700006
2026-10-07T19:21:09.390517+00:00,obs-20261007-01,LIGHT,HBARUSDT,1.0,0.09252,0.09253,0.092525,1.080847384349326,8392927177,0.09252,0.09253,250,23,221041.48105000003,406856.41183999996,229797.69311999998,398719.5207099999,1603.4196200000001,496.65263999999996,177662.24072000003,114879.18102999999,291200.90781000006,161773.17453,447850.75725000014,357232.78368000005,945136.8155900002,705390.43388
2026-10-07T19:22:09.398268+00:00,obs-20261007-01,LIGHT,PEPEUSDT,1.0,4.05e-06,4.06e-06,4.055e-06,24.691358024691024,8827918707,4.05e-06,4.06e-06,127,9,163327.32899445004,297678.4149350002,196537.38563466002,297700.12460509024,348.79828365000003,663.8945698,100132.44492780001,125274.99592762001,290089.16637408,284474.15857608,602423.92437826,539052.76424231,928532.69765562,883166.48732186
2026-10-07T19:22:09.398268+00:00,obs-20261007-01,LIGHT,BNBUSDT,1.0,772.52,772.53,772.525,0.12944648682289284,20909638369,772.52,772.53,374,61,793157.1148399995,1071028.2915800002,798448.2129399999,1034672.1168300002,12463.77239,15728.687999999998,899883.3520799996,1921998.7878500011,1601186.613529999,2886928.49062,3607129.4797499995,4631993.444080004,5747094.915810001,5788292.482200002
2026-10-07T19:22:09.398268+00:00,obs-20261007-01,LIGHT,AAVEUSDT,1.0,172.32,172.33,172.325,0.5803156917383312,10439286196,172.32,172.33,205,11,624867.17195,477458.89420000016,530301.6897200003,471921.2384700001,689.12006,438.64342,238692.40860999995,95519.29224,320187.52238999994,152897.19911,385969.23447999987,210018.82177000004,921411.73413,236660.90288999997
2026-10-07T19:22:09.398268+00:00,obs-20261007-01,LIGHT,AVAXUSDT,1.0,11.315,11.316,11.3155,0.8837825894847384,10519517457,11.315,11.316,434,186,1381753.8175599982,1736611.217940001,1378218.6024700003,1747173.537140001,44311.122609999984,24918.379849999994,156608.42589,162510.38452000005,359964.1304700001,254549.04333000004,449625.38245000027,410038.7332400001,525111.4805900003,462252.42466000025
2026-10-07T19:22:09.398268+00:00,obs-20261007-01,LIGHT,FILUSDT,1.0,1.0221,1.0222,1.02215,0.9783778495253692,9895197931,1.0221,1.0222,282,36,135353.252039,205274.47161400007,135710.13113800003,194724.603745,2557.402948,1002.8940719999999,98444.73242900001,86678.980955,194351.17085600007,139060.653892,291002.961361,200786.916482,384065.8168830002,281348.237533
2026-10-07T19:22:09.398268+00:00,obs-20261007-01,LIGHT,ALGOUSDT,1.0,0.1181,0.1182,0.11815,8.467400508043177,5664365348,0.1181,0.1182,159,6,186039.33300000004,23699.171199999997,177471.45220000006,32905.0972,484.09189999999995,4252.0432,24629.018600000003,43039.4877,71550.9415,78001.03809999999,140537.05620000002,103715.3257,179990.00710000002,116185.8379
2026-10-07T19:22:09.398268+00:00,obs-20261007-01,LIGHT,XRPUSDT,1.0,1.4265,1.4266,1.4265500000000002,0.701016473887428,26677335461,1.4265,1.4266,408,31,906819.9476099998,747145.021,1080628.5307900002,684116.24239,7587.578450000001,7131.8861099999995,1028488.5868000003,826010.4477299999,1545404.8177500002,1153405.36751,2509919.6930700014,2078339.1858199998,4655841.039039999,2786074.1271700007
2026-10-07T19:22:09.398268+00:00,obs-20261007-01,LIGHT,HBARUSDT,1.0,0.0925,0.09251,0.092505,1.0810810810801819,8392928486,0.0925,0.09251,229,39,166915.53988000008,485513.74357999995,180915.32670000003,474241.6440199999,1538.4386200000001,3135.3989900000006,172339.55861,130880.20964999999,279825.39492,220166.0834,434684.89352000004,359081.73381000006,931142.46837,714010.31374
2026-10-07T19:23:09.398399+00:00,obs-20261007-01,LIGHT,PEPEUSDT,1.0,4.05e-06,4.06e-06,4.055e-06,24.691358024691024,8827919639,4.05e-06,4.06e-06,159,30,300335.03560000996,281485.84086711006,281244.92655820004,290499.07482497004,10579.847972500002,5020.91956773,128407.0166343,76399.49494352,291390.14330982,271257.05391971,593701.2383975299,530039.5302844499,918551.6032603699,887824.9042091001
2026-10-07T19:23:09.398399+00:00,obs-20261007-01,LIGHT,BNBUSDT,1.0,772.68,772.69,772.685,0.12941968214663646,20909640562,772.68,772.69,340,63,1174754.3982000004,1269189.2109099994,1158068.4779100001,1337273.4277499998,3869.758109999999,6335.444580000001,914992.9780699998,1882179.5112400015,1634435.7411799987,2939103.934339999,3431364.71338,4565804.615710001,5768574.128060001,5769196.404160005
2026-10-07T19:23:09.398399+00:00,obs-20261007-01,LIGHT,AAVEUSDT,1.0,172.47,172.48,172.475,0.579810981620188,10439287863,172.47,172.48,255,26,596827.4895900001,546048.3134100001,552037.3281399998,551857.47949,948.5319399999998,3373.1968899999997,252005.08129,94229.76853000002,313794.3877999999,170716.98453,419416.6428199998,204650.93190000005,938867.6996199999,233200.89612
2026-10-07T19:23:09.398399+00:00,obs-20261007-01,LIGHT,AVAXUSDT,1.0,11.312,11.313,11.3125,0.8840169731261227,10519521934,11.312,11.313,380,75,1043887.1943400003,1303381.1068000004,1078813.5574799997,1261116.0150799998,28901.753309999996,9897.553339999999,163683.02245000002,183766.68327,337191.6425100001,265868.09042,421803.17931000015,452212.8685600001,489948.8456100002,501661.7630700003
2026-10-07T19:23:09.398399+00:00,obs-20261007-01,LIGHT,FILUSDT,1.0,1.0235,1.0236,1.0235500000000002,0.9770395701025336,9895200323,1.0235,1.0236,323,47,215580.36909800002,234026.45005799996,187217.83662100002,255889.25952199995,2785.4131209999996,1785.3997670000003,102386.02866299999,75027.77939899998,181227.01934999996,136712.11603,293965.5642720001,190594.89693600006,403560.04155100015,272027.38078000006
2026-10-07T19:23:09.398399+00:00,obs-20261007-01,LIGHT,ALGOUSDT,1.0,0.1182,0.1183,0.11825,8.460236886633776,5664367481,0.1182,0.1183,211,7,195911.26079999996,85165.15320000002,180151.5724999998,91132.3446,268.30440000000004,3500.2472,40678.7923,22446.1318,104794.3535,67359.3493,153631.6015,99647.07190000002,185693.2797,114851.21410000004
2026-10-07T19:23:09.398399+00:00,obs-20261007-01,LIGHT,XRPUSDT,1.0,1.4275,1.4276,1.42755,0.700525394046192,26677339390,1.4275,1.4276,373,45,2020976.6512499992,1897844.57473,1752654.1813800011,1922142.8890799999,2301.42572,25920.297290000002,1192596.98682,879105.7762900001,1559376.9660499995,1191142.8539999998,2753042.9844299993,2057410.31683,4856777.336719997,2777511.33633
2026-10-07T19:23:09.398399+00:00,obs-20261007-01,LIGHT,HBARUSDT,1.0,0.09266,0.09267,0.092665,1.079214331964895,8392931210,0.09266,0.09267,320,100,1399364.5315999996,434705.2396100002,1383287.2943800008,461345.8953400001,4384.99034,16412.912349999995,140673.06347,119483.00093000004,278220.4267799999,210894.48709,439884.2430699998,343469.70829,939757.9418600003,697660.83656
2026-10-07T19:24:09.402633+00:00,obs-20261007-01,LIGHT,PEPEUSDT,1.0,4.05e-06,4.06e-06,4.055e-06,24.691358024691024,8827919845,4.05e-06,4.06e-06,97,10,152106.39339725004,115358.04346982,141215.65994956004,102935.65369045999,460.8333486,998.5018855000001,112475.12133285,116622.89190944,294598.15109937004,283679.59057907,604591.97184522,542461.92006381,931520.8503198801,876067.03485424
2026-10-07T19:24:09.402633+00:00,obs-20261007-01,LIGHT,BNBUSDT,1.0,772.8,772.81,772.805,0.1293995859219521,20909642860,772.8,772.81,308,51,1881049.1327799996,1118076.7589599998,1868459.3790500017,1120841.2600599995,6210.982380000002,5294.181040000002,946169.2568699995,1806446.8171000015,1755859.9472999985,2944223.6331299986,3321024.972459999,4567711.3436199995,5767672.407019998,5765538.016850003
2026-10-07T19:24:09.402633+00:00,obs-20261007-01,LIGHT,AAVEUSDT,1.0,172.44,172.45,172.445,0.5799118533977854,10439288869,172.44,172.45,184,16,1056367.6865700001,344912.25095,1058691.35047,349954.5983000001,651.6413,5621.4039299999995,254296.24846,87203.18067000002,316307.93198999995,147900.11585,418928.3650499998,199546.40330000003,943823.0394199999,228137.79106999998
2026-10-07T19:24:09.402633+00:00,obs-20261007-01,LIGHT,AVAXUSDT,1.0,11.305,11.306,11.305499999999999,0.8845643520571933,10519526460,11.305,11.306,368,61,1000216.0485899998,1277422.3963799996,962908.8939699995,1275898.1440300003,9700.996270000001,3984.06771,183389.51083000004,183658.86761999992,358678.4344600001,256899.49325999996,457040.2729800002,453485.0441,533853.3207000003,503160.8433200002
2026-10-07T19:24:09.402633+00:00,obs-20261007-01,LIGHT,FILUSDT,1.0,1.024,1.0241,1.02405,0.9765624999991118,9895202183,1.024,1.0241,296,42,159922.3648,180429.41239900002,149725.91598,192228.05022099998,1450.517803,3032.1774130000003,98967.06333900001,68437.753088,181510.61009600002,130856.440383,295749.0787820001,183435.88916700004,403728.6491460002,264252.5080349999
2026-10-07T19:24:09.402633+00:00,obs-20261007-01,LIGHT,ALGOUSDT,1.0,0.1183,0.1184,0.11835000000000001,8.453085376163294,5664368538,0.1183,0.1184,181,3,206012.38519999996,32680.594299999993,203903.11679999996,36156.6429,250.0862,3740.7681000000002,29616.8569,28820.245899999998,83665.364,67901.102,148643.2047,99059.2188,188361.86250000008,114201.93360000002
2026-10-07T19:24:09.402633+00:00,obs-20261007-01,LIGHT,XRPUSDT,1.0,1.4268,1.4269,1.42685,0.7008690776566517,26677342393,1.4268,1.4269,334,49,1163165.8118500002,1311008.17895,1288042.465999999,1241033.10037,18198.8813,16030.892609999997,1213452.3203300002,905523.18973,1570010.67621,1101405.8112200003,2646303.6615200005,2127232.8321099994,4778176.468669999,2843693.7081899997
2026-10-07T19:24:09.402633+00:00,obs-20261007-01,LIGHT,HBARUSDT,1.0,0.09272,0.09273,0.092725,1.0785159620363416,8392932714,0.09272,0.09273,265,48,1199276.78828,427689.80451999995,1161585.06608,447682.8416399999,568.1431,5529.394829999998,170361.19628,112298.25767000004,268459.22307,195427.80473000003,475254.14227,327998.5505500001,967949.0671500002,677427.7650100002
2026-10-07T19:25:09.518788+00:00,obs-20261007-01,LIGHT,PEPEUSDT,1.0,4.05e-06,4.06e-06,4.055e-06,24.691358024691024,8827920155,4.05e-06,4.06e-06,123,13,97802.21878440001,308922.70164069,101423.37001764,303685.22286919004,0.0,2290.65243036,114893.55036135,108317.87597176,291132.30942995,288885.52296193,600970.82061198,547699.39883531,927061.3244365501,881309.62796966
2026-10-07T19:25:09.518788+00:00,obs-20261007-01,LIGHT,BNBUSDT,1.0,772.89,772.9,772.895,0.12938451784849647,20909644902,772.89,772.9,269,62,1684023.8814600003,1172054.5474099999,1727492.5544800002,1340827.00229,11032.396980000001,18139.933279999997,866945.6154199998,1663258.472840001,1714353.8357899992,2804737.3255199995,3277191.3414099994,4399574.27777,5502616.742509999,5599979.810170004
2026-10-07T19:25:09.518788+00:00,obs-20261007-01,LIGHT,AAVEUSDT,1.0,172.51,172.52,172.515,0.5796765404908477,10439290211,172.51,172.52,192,16,653315.7057800001,354898.35097000015,665117.8962000003,362107.69891000004,2057.16098,1172.6200199999998,249980.78433000005,88116.21992,318150.39009,163493.49062,401242.34500999976,192530.23867999998,923379.4407599998,223900.0013799999
2026-10-07T19:25:09.518788+00:00,obs-20261007-01,LIGHT,AVAXUSDT,1.0,11.306,11.307,11.3065,0.8844861135681725,10519529778,11.306,11.307,337,66,636023.9118499999,897321.4310900001,634215.3706999997,901332.25983,3860.7218400000006,18063.53642,212601.17717,178269.07257000002,386493.70126000006,251983.07059000008,461020.31229000003,449536.79148,537717.1955200001,501532.20707000024
2026-10-07T19:25:09.518788+00:00,obs-20261007-01,LIGHT,FILUSDT,1.0,1.0238,1.0239,1.02385,0.9767532721238759,9895203872,1.0238,1.0239,276,46,79748.61677400007,144877.98602899993,82720.44982800004,132723.23911599998,1870.3017379999994,306.23467300000004,100677.71486500002,80034.627829,187264.310187,140972.417332,301149.6420620001,191127.5920630001,400225.09921100014,272673.51213300007
2026-10-07T19:25:09.518788+00:00,obs-20261007-01,LIGHT,ALGOUSDT,1.0,0.1183,0.1184,0.11835000000000001,8.453085376163294,5664369596,0.1183,0.1184,154,6,180146.64790000004,33924.022899999996,184321.89940000002,33266.55180000001,92.0451,127.63520000000001,29317.896999999997,23936.091500000002,101364.2628,68291.7963,144467.95320000002,99716.6899,182004.65350000007,114864.6177
2026-10-07T19:25:09.518788+00:00,obs-20261007-01,LIGHT,XRPUSDT,1.0,1.4266,1.4267,1.42665,0.7009673349211987,26677345270,1.4266,1.4267,343,54,865520.9579399998,1423720.3666100001,978026.4039900001,1348630.35132,2405.7525599999994,11666.201439999999,1132669.7086600002,979042.7523200002,1589205.26058,1175399.6202800004,2539602.40769,2203168.77348,4686669.514129998,2933684.88359
2026-10-07T19:25:09.518788+00:00,obs-20261007-01,LIGHT,HBARUSDT,1.0,0.09274,0.09275,0.092745,1.0782833728706365,8392934083,0.09274,0.09275,254,47,735778.0774800002,163681.20656999998,753098.8457600004,163321.30873000002,5479.28412,1943.1374800000006,127651.63868,120882.41352,273212.67557,192239.09340000004,454194.5397200001,328358.44839000015,949006.3012900001,677899.0810200003
2026-10-07T19:26:09.521831+00:00,obs-20261007-01,LIGHT,PEPEUSDT,1.0,4.05e-06,4.06e-06,4.055e-06,24.691358024691024,8827920321,4.05e-06,4.06e-06,100,10,22860.21703765,179803.97695241997,34718.838165249996,217008.21495345,26.06284755,1152.1646396400001,129939.00441570001,70058.8602343,278539.06755354,251681.2849609,589112.19948438,510495.16083427996,915052.96561539,771627.9007067701
2026-10-07T19:26:09.521831+00:00,obs-20261007-01,LIGHT,BNBUSDT,1.0,772.81,772.82,772.815,0.1293979115191135,20909646656,772.81,772.82,293,85,1011025.7971999999,818996.8523699999,983433.6482599997,783609.9678500001,4690.57542,7097.76476,953661.4056299999,1789571.8447100008,1743956.9052799996,2945037.0952299978,3305148.4483800004,4434342.945139999,5751528.779039999,5739498.825660002
2026-10-07T19:26:09.521831+00:00,obs-20261007-01,LIGHT,AAVEUSDT,1.0,172.56,172.57,172.565,0.5795085767257291,10439291745,172.56,172.57,232,19,1180580.9078199998,862077.4709200003,1250146.8455900003,866919.67587,439.451,349.42331,173368.05779,76828.99974,242874.61646999995,153017.67259000003,329732.6187599998,187701.97533000004,856092.7215099997,232600.1206
2026-10-07T19:26:09.521831+00:00,obs-20261007-01,LIGHT,AVAXUSDT,1.0,11.318,11.319,11.3185,0.8835483300950742,10519532526,11.314,11.315,346,30,549435.1911500001,685662.2844900003,521261.87492999976,724063.6567400001,2914.7038100000004,451.12633,218455.35428000003,159814.80562,384927.92199999996,246214.22268,481961.70123000006,413887.4078500001,555832.5268500001,467050.9939800002
2026-10-07T19:26:09.521831+00:00,obs-20261007-01,LIGHT,FILUSDT,1.0,1.0241,1.0242,1.0241500000000001,0.9764671418799331,9895204881,1.0241,1.0242,236,28,73120.36411099999,54439.879833999985,70558.67369200001,61111.95684799999,1916.0551169999999,569.841387,96151.72435,76864.872351,189590.740529,135753.595531,300059.5085110001,188918.55906600007,402562.1427990002,269735.177934
2026-10-07T19:26:09.521831+00:00,obs-20261007-01,LIGHT,ALGOUSDT,1.0,0.1184,0.1185,0.11845,8.445945945945166,5664370180,0.1184,0.1185,121,1,208060.8382000001,15960.4877,204851.99910000002,16026.1567,0.0,60.739200000000004,16509.1123,41913.331300000005,57793.9376,77378.7835,143993.43070000003,102311.4033,183196.02250000005,115118.7342
2026-10-07T19:26:09.521831+00:00,obs-20261007-01,LIGHT,XRPUSDT,1.0,1.4276,1.4277,1.4276499999999999,0.7004763239004674,26677347991,1.4276,1.4277,305,40,1314646.9127500001,1142022.84478,833885.9763400002,1331607.4612000005,183.32720000000003,15467.142989999998,1405590.7192000002,808098.5923000001,1805688.55722,1150226.9924700002,2994773.20619,2016532.1738000002,5062564.027949998,2750789.00385
2026-10-07T19:26:09.521831+00:00,obs-20261007-01,LIGHT,HBARUSDT,1.0,0.09277,0.09278,0.092775,1.077934677158332,8392935615,0.09277,0.09278,222,37,636663.5272400002,213343.65621000004,625722.7857100001,206421.5145,1416.98902,6833.143969999999,136636.97992,120007.33856999999,260749.67336,202912.83499,464249.1179100001,335408.3960900001,958786.0680200001,684826.6149300002
2026-10-07T19:27:09.561589+00:00,obs-20261007-01,LIGHT,PEPEUSDT,1.0,4.05e-06,4.06e-06,4.055e-06,24.691358024691024,8827920546,4.05e-06,4.06e-06,110,13,86180.94638045,212541.91923334997,80832.26095355,184822.08033894995,6.98275485,847.0795652200002,113306.28755220001,115958.36933884,278710.78072544,279432.72328394,594460.88491128,538214.99972868,916329.4925486601,784845.8705861199
2026-10-07T19:27:09.561589+00:00,obs-20261007-01,LIGHT,BNBUSDT,1.0,772.5,772.51,772.505,0.1294498381865239,20909650050,772.5,772.51,359,85,1277637.3584299998,2293087.89471,1371315.2740399993,2243940.979339999,9901.561859999998,1532.3367099999996,863477.3272,1771702.554760001,1668905.4426600006,2820627.9040199984,3529112.492230002,4474495.1009599995,5672396.7759000035,5748377.08875
2026-10-07T19:27:09.561589+00:00,obs-20261007-01,LIGHT,AAVEUSDT,1.0,172.51,172.52,172.515,0.5796765404908477,10439292559,172.51,172.52,178,17,678102.4717099998,530225.38568,711697.3989899999,512194.79727999977,1050.31724,2053.89295,144790.23722000004,102928.45415,232322.08947999997,174727.03005000003,296384.33972999983,205718.62213000006,822540.2380199998,237088.38483
2026-10-07T19:27:09.561589+00:00,obs-20261007-01,LIGHT,AVAXUSDT,1.0,11.31,11.311,11.310500000000001,0.8841732979658623,10519536261,11.31,11.311,360,55,721079.8291400005,847796.3036300003,735788.6613799997,828859.4400000001,7374.51891,17030.03685,215802.33196000004,171031.60265000004,360674.4937600001,243782.6350400001,473712.78676000005,432562.3691500001,542232.5720500002,482073.33190000034
2026-10-07T19:27:09.561589+00:00,obs-20261007-01,LIGHT,FILUSDT,1.0,1.0239,1.024,1.0239500000000001,0.9766578767456124,9895206879,1.0239,1.024,286,46,193392.07071400012,158946.02418899996,227882.33182900026,158108.689613,1660.7438390000002,7161.285494000001,75219.751397,65549.713208,150518.169554,136351.902959,269543.78715000005,185769.39392800003,368990.2728800002,266838.7696949999
2026-10-07T19:27:09.561589+00:00,obs-20261007-01,LIGHT,ALGOUSDT,1.0,0.1184,0.1185,0.11845,8.445945945945166,5664370997,0.1184,0.1185,158,5,196372.57979999992,41219.70559999998,195461.76169999994,41139.08899999999,179.7312,1379.7152,16780.9062,44903.135899999994,58699.0876,75682.43509999999,144904.2488,102392.01989999998,184106.84060000003,114946.54439999998
2026-10-07T19:27:09.561589+00:00,obs-20261007-01,LIGHT,XRPUSDT,1.0,1.4277,1.4278,1.42775,0.7004272606292439,26677351794,1.4277,1.4278,400,78,1429230.16156,1490333.2334099985,1686568.217440001,1429668.8581599994,12860.950660000002,67399.23034999998,1184092.18812,868220.1144800001,1543611.2325199994,1369809.01315,2683937.8189699985,2079540.66425,4817071.926759996,2813579.9606699995
2026-10-07T19:27:09.561589+00:00,obs-20261007-01,LIGHT,HBARUSDT,1.0,0.09275,0.09276,0.092755,1.07816711590214,8392936695,0.09275,0.09276,246,15,386061.6451600002,137222.17059,391459.1982400002,129417.28846999996,1581.54185,1042.3738600000001,135843.94163000002,127396.95178999998,263820.40631000005,210321.49021000002,459737.72817000013,343085.47222000005,954558.0507800002,692631.4970500001
2026-10-07T19:28:09.562247+00:00,obs-20261007-01,LIGHT,PEPEUSDT,1.0,4.05e-06,4.06e-06,4.055e-06,24.691358024691024,8827920823,4.05e-06,4.06e-06,107,13,160298.18422625,37511.11271901001,161207.35000253,36238.828331900004,61.7706405,1552.9736779200002,98095.92001290001,132831.41502988,275988.20266614005,281308.59879105,593551.719135,539487.28411579,915445.3267723802,786118.15497323
2026-10-07T19:28:09.562247+00:00,obs-20261007-01,LIGHT,BNBUSDT,1.0,772.14,772.15,772.145,0.12951019245255324,20909653252,772.14,772.15,390,85,3008891.95852,2526121.5171900005,3042465.92139,2529268.0650000013,6895.884009999998,8162.186659999999,953944.0668999999,1692163.8520200006,1562195.7993300003,2849766.1249800003,3497898.724770001,4208147.542749999,5705466.331460003,5738841.6461299965
2026-10-07T19:28:09.562247+00:00,obs-20261007-01,LIGHT,AAVEUSDT,1.0,172.42,172.43,172.425,0.5799791207516947,10439293911,172.42,172.43,195,35,1566365.2709000001,429300.54477999994,1556282.1710600005,371825.25763999997,2178.6627499999995,3139.4606700000004,144590.87171,155873.07392999998,245278.82684999995,208287.23337000003,314561.3240399997,262727.30925000005,839927.3615399996,293949.4524400001
2026-10-07T19:28:09.562247+00:00,obs-20261007-01,LIGHT,AVAXUSDT,1.0,11.294,11.295,11.2945,0.8854258898516321,10519539362,11.294,11.295,274,41,484621.8260699998,876679.8272099996,554642.0706799998,846618.4833499998,3842.201400000001,11430.1552,158606.97231000004,170181.08926999994,370799.94286,242577.89722999997,405641.49756,438050.58387,496160.0059500001,510285.58577000024
2026-10-07T19:28:09.562247+00:00,obs-20261007-01,LIGHT,FILUSDT,1.0,1.0232,1.0233,1.02325,0.9773260359646763,9895207921,1.0232,1.0233,214,38,61527.87377499999,69985.998861,49981.043483999994,65682.747669,6152.149310000001,1031.866819,75811.165951,49489.442665,161186.45510799994,118513.545797,284852.3282750001,182585.061689,382670.49550300016,267198.82652099995
2026-10-07T19:28:09.562247+00:00,obs-20261007-01,LIGHT,ALGOUSDT,1.0,0.1185,0.1186,0.11854999999999999,8.438818565401629,5664372058,0.1185,0.1186,168,8,386503.3077000002,56735.68640000002,380050.6925000001,64058.74620000001,63.1207,2881.2544,20344.239,28966.0867,55125.106,70805.3056,144824.1924,96777.43819999999,183448.6159,111657.9844
2026-10-07T19:28:09.562247+00:00,obs-20261007-01,LIGHT,XRPUSDT,1.0,1.4274,1.4275,1.4274499999999999,0.7005744710664175,26677353801,1.4274,1.4275,341,39,577418.7841299998,536043.6697000002,689618.01934,547420.3911100003,16837.33556,15247.750669999998,1143348.46341,886800.6234800001,1437857.2408399994,1079010.60414,2626884.5295499996,2067191.47068,4731165.392119997,2799424.9095800007
2026-10-07T19:28:09.562247+00:00,obs-20261007-01,LIGHT,HBARUSDT,1.0,0.09271,0.09272,0.09271499999999999,1.0786322942513138,8392937440,0.09271,0.09272,197,26,439128.64446,109033.70084000003,451195.21151,93952.58736999996,2219.74591,165.08718000000002,159799.73375,133329.93308999998,286013.78308,219234.03939,451511.42334000004,358166.58569000004,942562.66228,707601.3721100001
2026-10-07T19:29:09.567294+00:00,obs-20261007-01,LIGHT,PEPEUSDT,1.0,4.05e-06,4.06e-06,4.055e-06,24.691358024691024,8827921093,4.05e-06,4.06e-06,99,10,14737.547758779998,192463.89922310004,30662.633459030007,194689.62519057008,0.0,704.3005667599999,80580.3019587,133847.14371462,260321.85133546,280429.44128358003,577626.63343475,537261.5581483201,915757.4730169701,782991.42900655
2026-10-07T19:29:09.567294+00:00,obs-20261007-01,LIGHT,BNBUSDT,1.0,772.05,772.06,772.055,0.12952528981369227,20909655462,772.05,772.06,327,78,1448663.59463,2277138.0515899984,1577228.4105100005,2355119.87529,14538.460700000003,4891.55487,966813.0857,968597.2707300002,1626841.927700001,2674008.8495300002,3371082.1182900025,4129497.4021400004,5769223.276880005,5660040.924590001
2026-10-07T19:29:09.567294+00:00,obs-20261007-01,LIGHT,AAVEUSDT,1.0,172.39,172.4,172.39499999999998,0.5800800510491477,10439294730,172.39,172.4,191,14,583478.8918000002,399206.54368,603407.1689500002,405085.3905299999,282.22739,2023.50966,141907.69342,142976.59909,224210.75770999992,204118.82811,294633.0468899999,256802.14382000003,832270.24191,288054.77728999994
2026-10-07T19:29:09.567294+00:00,obs-20261007-01,LIGHT,AVAXUSDT,1.0,11.275,11.276,11.275500000000001,0.8869179600878851,10519543480,11.275,11.276,341,55,698199.4430799999,1210398.2629600002,692243.1003599999,1165167.3803000008,5118.64987,14811.295219999998,230791.49319,177859.09244000007,377661.09495,256099.64974000017,417362.33047000016,374836.43976000015,523249.83544000005,524159.07055000024
2026-10-07T19:29:09.567294+00:00,obs-20261007-01,LIGHT,FILUSDT,1.0,1.0229,1.023,1.0229499999999998,0.9776126698590737,9895208622,1.0229,1.023,197,21,57415.711776000004,81515.91337400001,54040.979114999995,59466.337028,1845.7952279999997,111.161079,114566.95246200002,85046.28736400002,180760.30122700005,146077.411336,289705.00595200015,204619.05639900002,388482.2216300002,285883.875738
2026-10-07T19:29:09.567294+00:00,obs-20261007-01,LIGHT,ALGOUSDT,1.0,0.1184,0.1185,0.11845,8.445945945945166,5664372953,0.1184,0.1185,196,5,414356.2916999998,32602.315700000006,432706.5785999999,24234.336700000003,311.88169999999997,42.5415,20454.281899999998,32509.1999,47527.9646,76463.73400000001,144935.2833,103574.5941,178256.76050000003,119744.77810000001
2026-10-07T19:29:09.567294+00:00,obs-20261007-01,LIGHT,XRPUSDT,1.0,1.4262,1.4263,1.42625,0.7011639321263807,26677356930,1.4262,1.4263,343,85,1265179.20573,1556222.26087,1428234.2647600002,1392501.4946799984,29216.378219999995,21569.408930000005,1104254.7736199999,949877.5594099999,1554523.2810399998,1319312.9051999997,2493720.7316099997,2228683.227299999,4664485.597799998,2942228.671049999
2026-10-07T19:29:09.567294+00:00,obs-20261007-01,LIGHT,HBARUSDT,1.0,0.09261,0.09262,0.092615,1.0797969981646283,8392938880,0.09261,0.09262,261,34,418149.9183599999,896948.6381200001,464446.0888400001,861726.6540899999,2665.93147,261.43652999999995,134390.28944,126673.05815000003,228103.89706000002,242356.89931000007,410063.62405999994,388793.1444,909389.15097,733151.46692
2026-10-07T19:30:09.567855+00:00,obs-20261007-01,LIGHT,PEPEUSDT,1.0,4.05e-06,4.06e-06,4.055e-06,24.691358024691024,8827921342,4.05e-06,4.06e-06,132,11,43114.20552754,111836.25681456999,33271.0532213,19714.437139380007,217.14675210000001,1152.05056176,74745.12469725001,145038.31756834,269471.53944973,381137.01703717,587469.78574099,629383.37782351,926247.12424001,875113.2486817399
2026-10-07T19:30:09.567855+00:00,obs-20261007-01,LIGHT,BNBUSDT,1.0,772.0,772.01,772.005,0.12953367875656596,20909657429,772.0,772.01,285,24,833413.6288500002,1050179.21327,1044813.9158900002,1043927.8140899999,4254.0993499999995,8787.64658,965369.4394200001,975803.1592800001,1607708.277460001,2639241.4572599996,3177791.1000600024,4134517.551669999,5141260.096060005,5663418.16368
2026-10-07T19:30:09.567855+00:00,obs-20261007-01,LIGHT,AAVEUSDT,1.0,172.39,172.4,172.39499999999998,0.5800800510491477,10439296367,172.39,172.4,217,30,1363585.5632299997,578359.5679400001,1323799.5061700004,634440.5771600001,4974.831160000001,769.7280300000001,181319.05562,77653.25044000002,262263.94555,143003.91785000003,332734.6897499998,200721.13460000008,859831.0985699998,232138.14395
2026-10-07T19:30:09.567855+00:00,obs-20261007-01,LIGHT,AVAXUSDT,1.0,11.277,11.278,11.2775,0.8867606632989578,10519547777,11.277,11.278,341,72,783346.8781300007,1146713.7561200005,747085.66416,1181976.1745399998,3841.040069999999,18843.87798,248422.07202,144719.50720000005,396104.3055000002,225539.35036000004,452671.33953000023,331083.21811,548692.2603400005,480595.64529000013
2026-10-07T19:30:09.567855+00:00,obs-20261007-01,LIGHT,FILUSDT,1.0,1.023,1.0231,1.02305,0.9775171065484756,9895209736,1.023,1.0231,223,27,86958.58223900002,110891.54463600004,98473.30037799997,109584.32775800006,1602.099222,1278.014238,112817.65594000001,84665.61458700002,177357.82912400004,148018.10521200005,278185.2744530001,205936.79125300006,376867.67905000015,287210.086821
2026-10-07T19:30:09.567855+00:00,obs-20261007-01,LIGHT,ALGOUSDT,1.0,0.1184,0.1185,0.11845,8.445945945945166,5664373397,0.1184,0.1185,126,3,284785.21030000004,37737.58389999999,286560.9076,36277.50959999999,107.5072,694.7655,21471.7592,36920.6835,64896.9862,75432.567,143159.58599999998,105034.6684,176442.6517,121204.9724
2026-10-07T19:30:09.567855+00:00,obs-20261007-01,LIGHT,XRPUSDT,1.0,1.426,1.4261,1.42605,0.7012622720892203,26677360053,1.426,1.4261,351,76,1230610.12704,1522889.86178,1163164.0738000004,1691589.2873999996,38789.11102999997,16788.671169999998,1184033.2823899998,736075.9628499999,1498373.83427,1049810.28254,2561235.9643999995,2060134.8999399992,4720506.103849998,2773579.769800001
2026-10-07T19:30:09.567855+00:00,obs-20261007-01,LIGHT,HBARUSDT,1.0,0.09259,0.0926,0.09259500000000001,1.0800302408453533,8392939540,0.09259,0.0926,172,29,120379.33755000004,229588.15571999998,117407.7608,227050.20945000002,354.38317000000006,582.7019599999999,128939.38425999998,125861.08342000001,245520.35899999997,243611.40074000004,413370.1995299998,390808.16362999985,912368.4958699999,735374.8644
2026-10-07T19:31:09.570810+00:00,obs-20261007-01,LIGHT,PEPEUSDT,1.0,4.05e-06,4.06e-06,4.055e-06,24.691358024691024,8827921623,4.05e-06,4.06e-06,167,12,46288.290512169995,73648.45702899998,33149.316479490015,75499.78715231999,1279.1485899,721.45057516,89276.8403178,147482.19932754,282804.15731932,379682.03242662,600608.75977367,627532.04770019,925559.2689641701,873261.9185584199
2026-10-07T19:31:09.570810+00:00,obs-20261007-01,LIGHT,BNBUSDT,1.0,771.9,771.91,771.905,0.1295504599041486,20909660825,771.9,771.91,393,97,1987543.7732300002,2098233.20666,1384277.6114600003,2069410.260329999,2972.87367,7184.971989999999,883946.48827,1049924.4503499998,1639930.9581200008,2669223.03326,3590797.920630002,4163053.574189999,5784335.870820003,5682909.277189999
2026-10-07T19:31:09.570810+00:00,obs-20261007-01,LIGHT,AAVEUSDT,1.0,172.46,172.47,172.465,0.5798446016469505,10439298398,172.46,172.47,271,32,1026177.1575800001,910644.8317999998,1071505.73648,886769.5789700004,18183.80419,1227.71936,168637.07681000003,128735.97541,210566.33138,178628.43681999994,281403.75708,227522.88622000001,817754.83288,256343.56597999996
2026-10-07T19:31:09.570810+00:00,obs-20261007-01,LIGHT,AVAXUSDT,1.0,11.282,11.283,11.282499999999999,0.8863676653070307,10519552659,11.282,11.283,379,57,775363.9778999995,1290679.9343299998,779536.6373000001,1298037.0339000004,5432.90668,8807.98473,177404.15727,146349.01203999997,382717.2911500001,228873.0675599999,446848.9164000001,323933.8399999999,546500.1958900002,485167.1328000001
2026-10-07T19:31:09.570810+00:00,obs-20261007-01,LIGHT,FILUSDT,1.0,1.0225,1.0226,1.0225499999999998,0.977995110025276,9895211889,1.0225,1.0226,283,69,233391.35537000003,247369.92593800006,248347.68132300003,250568.12127699994,4540.5758970000015,1220.520437,99217.41806699999,67029.85484999999,191085.604791,128593.66747999999,276750.4542369999,198957.340179,362887.01968800003,283930.681482
2026-10-07T19:31:09.570810+00:00,obs-20261007-01,LIGHT,ALGOUSDT,1.0,0.1184,0.1185,0.11845,8.445945945945166,5664374065,0.1184,0.1185,142,4,269265.0535,28277.97940000001,276699.8792999999,30010.8215,180.2048,127.63520000000001,25529.1826,31744.636599999998,52977.4829,73037.07489999999,135724.76020000002,103301.82629999999,169179.99460000003,117195.93029999999
2026-10-07T19:31:09.570810+00:00,obs-20261007-01,LIGHT,XRPUSDT,1.0,1.4262,1.4263,1.42625,0.7011639321263807,26677363035,1.4262,1.4263,370,80,1232060.4668800002,1216309.0159199992,1199287.7237999996,1267014.9695000004,8419.359490000003,21396.543670000003,1217275.5418200002,780119.3432000001,1530302.82832,1144155.8311600003,2593939.52793,2010790.4901599998,4749745.301069997,2735817.880700001
2026-10-07T19:31:09.570810+00:00,obs-20261007-01,LIGHT,HBARUSDT,1.0,0.09262,0.09263,0.092625,1.0796804145973837,8392941137,0.09262,0.09263,286,40,755691.6875899996,509765.67855000007,734531.1249299998,526776.7501600004,2005.34525,5379.285319999999,148144.74619000003,128237.38178999997,248530.05065000008,238456.20083000005,434195.7634699999,374320.01906,933506.5475699999,719663.8224599999
2026-10-07T19:32:09.598222+00:00,obs-20261007-01,LIGHT,PEPEUSDT,1.0,4.05e-06,4.06e-06,4.055e-06,24.691358024691024,8827922120,4.05e-06,4.06e-06,178,13,98416.87485135999,352210.9387232605,79930.45681278,352542.36496596056,5355.9558882,720.2501549599999,74886.60435570001,153850.94541586,285022.05388898,378971.29418214003,619095.17781225,627200.62145749,957802.18159729,958771.59947622
2026-10-07T19:32:09.598222+00:00,obs-20261007-01,LIGHT,BNBUSDT,1.0,771.95,771.96,771.955,0.12954206878745822,20909663690,771.95,771.96,262,94,1352223.00225,1040985.7050300009,1477660.87917,1226944.3470899996,6855.54325,5089.238809999998,756924.65415,941599.3628500002,1501657.5638899999,2487199.8845199994,3465198.0304200007,3977189.2701899987,5657537.892240003,5497060.0812599985
2026-10-07T19:32:09.598222+00:00,obs-20261007-01,LIGHT,AAVEUSDT,1.0,172.5,172.51,172.505,0.5797101449278586,10439299808,172.5,172.51,254,23,937959.6451800008,423885.7608300001,918095.3224999999,483532.5046600001,2657.7957400000005,3703.9234700000006,172532.82277000003,74451.08306,221863.61332999996,135065.40643,292815.36288,168020.03292000003,818985.90145,198983.1175
2026-10-07T19:32:09.598222+00:00,obs-20261007-01,LIGHT,AVAXUSDT,1.0,11.291,11.292,11.2915,0.8856611460439368,10519557728,11.291,11.292,357,83,833905.9884699999,1152518.2496499997,836008.2820600002,1185266.54432,11346.89213999999,48269.650450000016,181087.93681,139561.18442000003,373863.1152,214487.60429000005,438168.23054000014,381432.97826999996,532296.69074,455433.65009000024
2026-10-07T19:32:09.598222+00:00,obs-20261007-01,LIGHT,FILUSDT,1.0,1.0229,1.023,1.0229499999999998,0.9776126698590737,9895213238,1.0229,1.023,257,27,83547.475314,118819.08996800001,71149.159755,127432.28159700005,1730.064747,895.28111,87030.22661700001,72422.87351800001,154731.618604,135253.526131,275632.27741900005,194109.382551,375263.1107590002,275374.19716499996
2026-10-07T19:32:09.598222+00:00,obs-20261007-01,LIGHT,ALGOUSDT,1.0,0.1184,0.1185,0.11845,8.445945945945166,5664374262,0.1184,0.1185,87,1,18985.8253,12072.7141,56904.094000000005,9279.2299,17.6416,0.0,23823.2662,34852.1137,51677.3815,75831.6328,97806.4915,106095.3105,131304.5846,119989.41450000001
2026-10-07T19:32:09.598222+00:00,obs-20261007-01,LIGHT,XRPUSDT,1.0,1.426,1.4261,1.42605,0.7012622720892203,26677366251,1.426,1.4261,349,72,1014791.02524,1596435.6206899995,1153235.99718,1524186.9415999998,18426.184949999995,39638.54389,1063781.14221,883177.6008400002,1392607.5894900002,1082283.1877700007,2455563.7355400003,2083694.9016499997,4611431.149129998,2808621.75331
2026-10-07T19:32:09.598222+00:00,obs-20261007-01,LIGHT,HBARUSDT,1.0,0.09262,0.09263,0.092625,1.0796804145973837,8392942872,0.09262,0.09263,302,43,563853.16202,216950.13624999998,565833.8540100001,218892.5988299999,1076.26613,7197.388889999996,150405.84679,126432.48383999999,248108.01251000006,236094.60205,432215.07148,372377.55647999997,931624.68544,717721.9432399999
2026-10-07T19:33:09.667163+00:00,obs-20261007-01,LIGHT,PEPEUSDT,1.0,4.05e-06,4.06e-06,4.055e-06,24.691358024691024,8827922414,4.05e-06,4.06e-06,158,11,146722.51491647994,65264.620145999994,170698.40468983998,151717.52086598994,59.62172265,1558.211151,69099.24546045001,142650.4248575,261045.83087417003,284932.82429657003,595119.28803889,540747.7207375,939374.10765478,786477.5915957299
2026-10-07T19:33:09.667163+00:00,obs-20261007-01,LIGHT,BNBUSDT,1.0,771.79,771.8,771.795,0.1295689241898046,20909666428,771.79,771.8,349,56,2022060.0521000002,1869960.941519999,2136484.02995,1775879.66516,13547.130170000002,1105.27753,848578.28504,1021454.4599600001,1595787.6475200006,2534700.426800001,3351693.3201400004,4069618.5661700005,5748027.276750003,5590726.756750003
2026-10-07T19:33:09.667163+00:00,obs-20261007-01,LIGHT,AAVEUSDT,1.0,172.47,172.48,172.475,0.579810981620188,10439300694,172.47,172.48,195,9,301154.23901,468922.5686500002,356636.1563900002,416232.16817999986,945.82598,2221.5868299999997,127170.19786000001,132080.84855000002,171364.79275999995,186318.95325,241381.88898999995,220585.00700000007,763510.6810699998,251411.8979
2026-10-07T19:33:09.667163+00:00,obs-20261007-01,LIGHT,AVAXUSDT,1.0,11.288,11.289,11.288499999999999,0.8858965272851016,10519561644,11.288,11.289,306,65,736633.8696399999,898002.82007,710867.2495100001,888352.7233900005,3803.923700000001,5328.74268,192609.71221,145912.02371,373830.91709999996,229533.54747000002,464018.45237000013,322161.5673100001,558021.7229700002,465032.95323000033
2026-10-07T19:33:09.667163+00:00,obs-20261007-01,LIGHT,FILUSDT,1.0,1.0218,1.0219,1.0218500000000001,0.978665100801468,9895215595,1.0218,1.0219,298,65,167940.05085499998,176050.58628300004,246370.1732930001,163202.38010700003,2693.809523000001,1626.8482609999996,70710.581659,62257.040679000005,144168.858954,125076.09327400001,238747.12162300004,203011.09366100002,304074.1371450003,278366.08103199996
2026-10-07T19:33:09.667163+00:00,obs-20261007-01,LIGHT,ALGOUSDT,1.0,0.1183,0.1184,0.11835000000000001,8.453085376163294,5664374757,0.1183,0.1184,134,3,8721.060599999999,16974.435500000003,17068.736000000004,16985.5186,28.1792,18.4704,27636.8282,21322.7008,59591.5878,69088.81199999999,93128.5825,102093.41459999997,124823.5224,119658.36009999998
2026-10-07T19:33:09.667163+00:00,obs-20261007-01,LIGHT,XRPUSDT,1.0,1.4257,1.4258,1.4257499999999999,0.7014098337654318,26677368282,1.4257,1.4258,318,77,774736.3568200002,844807.1829599995,918464.6880800001,774733.3674999995,73004.88992000002,49770.343749999985,944651.51556,890537.98226,1252895.1941800003,1145086.3766299996,2315683.68479,2153539.8672199985,4494907.796879998,2878577.0363399987
2026-10-07T19:33:09.667163+00:00,obs-20261007-01,LIGHT,HBARUSDT,1.0,0.09262,0.09263,0.092625,1.0796804145973837,8392943982,0.09262,0.09263,224,29,279218.8842199999,163536.41881000006,280346.41520000005,170045.82549000002,2149.08261,2870.1062300000003,144073.40515,120285.48349999999,246856.03214999998,229572.71997000003,431087.54049999994,365868.1498000001,930406.8087899999,711212.0990400001
2026-10-07T19:34:09.672887+00:00,obs-20261007-01,LIGHT,PEPEUSDT,1.0,4.05e-06,4.06e-06,4.055e-06,24.691358024691024,8827922717,4.05e-06,4.06e-06,173,6,34493.79690638,257707.55818659,9834.68991628,269251.94400692004,0.0,554.9046818,95504.76316215,115589.75906436,285862.63448135,273389.68643725,619778.39502899,529203.33491717,941870.7750032799,774933.2057753999
2026-10-07T19:34:09.672887+00:00,obs-20261007-01,LIGHT,BNBUSDT,1.0,772.16,772.17,772.165,0.1295068379603137,20909669108,772.16,772.17,276,66,1547728.9071300006,1302063.2774200009,1462623.5472400007,1240092.8208400006,5272.45715,2588.21134,864807.8840699998,1778830.56932,1634078.4464500006,2775997.2130899993,3414930.4714900013,4240491.23036,5824874.58018,5670736.002200001
2026-10-07T19:34:09.672887+00:00,obs-20261007-01,LIGHT,AAVEUSDT,1.0,172.59,172.6,172.595,0.5794078451826223,10439301887,172.59,172.6,194,20,486194.1969599997,352329.37937999994,371210.0163,409286.19986000005,250.86869999999993,2104.21818,200628.24656999996,73674.11890000002,280718.31059999997,126243.46082,348492.5632699998,163784.11171,878426.5482199998,208743.87977999996
2026-10-07T19:34:09.672887+00:00,obs-20261007-01,LIGHT,AVAXUSDT,1.0,11.298,11.299,11.2985,0.8851124092745799,10519566179,11.298,11.299,353,60,778265.4212000007,1208498.8409899988,767864.3870200008,1234924.9279699996,6839.08948,16705.63592,196366.30323,145788.82268999994,374749.91912999994,212055.41312999994,474147.7894699999,386679.8485899999,560500.7119100002,438909.10997000017
2026-10-07T19:34:09.672887+00:00,obs-20261007-01,LIGHT,FILUSDT,1.0,1.0228,1.0229,1.02285,0.9777082518569458,9895217358,1.0228,1.0229,294,33,151297.920852,136543.31544500004,124795.71121599994,160426.221493,2161.010033,591.3294050000001,74215.439437,71113.84736199999,138619.60508699995,125204.107576,227669.74157499996,187080.545947,329158.0673230003,264312.7535949999
2026-10-07T19:34:09.672887+00:00,obs-20261007-01,LIGHT,ALGOUSDT,1.0,0.1183,0.1184,0.11835000000000001,8.453085376163294,5664375189,0.1183,0.1184,108,3,27316.3211,14343.652299999998,22447.5445,19181.9579,9.2352,151.1968,31800.7949,20013.1591,64174.941900000005,64250.5064,97997.3591,97255.10899999998,129560.09090000001,114820.05449999998
2026-10-07T19:34:09.672887+00:00,obs-20261007-01,LIGHT,XRPUSDT,1.0,1.4264,1.4265,1.42645,0.7010656197437015,26677370826,1.4264,1.4265,313,36,1131885.2757499998,1226098.7524899996,778324.59618,1385345.7276199993,3333.4020299999997,30582.53716,1272833.7222300004,734601.4658700001,1595319.6979800009,1134496.5154399998,2661228.7873200006,2008223.0075199988,4820443.443929997,2723523.17899
2026-10-07T19:34:09.672887+00:00,obs-20261007-01,LIGHT,HBARUSDT,1.0,0.09269,0.0927,0.092695,1.0788650339854655,8392945552,0.09269,0.0927,260,35,542052.6074600003,225664.97196,501035.2011999999,244941.64185000007,1487.6633199999999,2666.8750800000007,190534.08985,126727.26840999999,261640.06864999997,215351.27159999998,469061.71010999987,351154.24630999996,955916.74324,691949.74907
2026-10-07T19:35:09.679476+00:00,obs-20261007-01,LIGHT,PEPEUSDT,1.0,4.05e-06,4.06e-06,4.055e-06,24.691358024691024,8827923060,4.05e-06,4.06e-06,118,13,224685.71276869,126151.00423902996,204889.54058417,32903.82293938,222.7527621,626.2874962400001,104479.62358815,114018.53225574,305517.36290263,280211.20404418,639574.56721351,622450.51621682,961666.9471878,954021.4942356598
2026-10-07T19:35:09.679476+00:00,obs-20261007-01,LIGHT,BNBUSDT,1.0,772.15,772.16,772.155,0.12950851518533923,20909671855,772.15,772.16,301,47,1078840.8458599993,1644105.0724200008,1098837.9723899998,1902305.5989299996,811.5647299999999,966.7587199999998,823147.7586799995,1689337.0727200003,1614075.1794800009,2557505.19588,3395359.1380400024,3982285.2446900005,5813188.798690001,4957859.222829998
2026-10-07T19:35:09.679476+00:00,obs-20261007-01,LIGHT,AAVEUSDT,1.0,172.64,172.65,172.64499999999998,0.5792400370729922,10439303377,172.64,172.65,192,38,422341.32893000013,341849.29811000015,457146.3283800001,342739.4938700002,858.17342,2161.6446800000003,163946.2941499999,72643.82681000001,239971.65010999987,133083.9348,310593.7739799996,165601.22171999997,838792.0362499995,208156.28635999994
2026-10-07T19:35:09.679476+00:00,obs-20261007-01,LIGHT,AVAXUSDT,1.0,11.298,11.299,11.2985,0.8851124092745799,10519569246,11.298,11.299,317,28,452731.5998200001,716174.5295999994,435613.32943000033,739198.7874299998,6289.337770000001,10054.98584,213358.07656,128525.68474999999,392578.01427,185869.11156,491266.0598599999,363655.59076,578459.4968800001,415884.8072400003
2026-10-07T19:35:09.679476+00:00,obs-20261007-01,LIGHT,FILUSDT,1.0,1.0245,1.0246,1.02455,0.9760858955587537,9895219242,1.0245,1.0246,250,59,191959.551924,166547.67614900004,170398.16296000005,177595.629482,1625.23733,6224.290435,60355.22766599999,58650.449866999996,118972.84765200001,120658.73973200003,242354.54565100008,184723.125232,344979.4930690002,265454.66472099983
2026-10-07T19:35:09.679476+00:00,obs-20261007-01,LIGHT,ALGOUSDT,1.0,0.1183,0.1184,0.11835000000000001,8.453085376163294,5664375457,0.1183,0.1184,82,0,9843.1951,14959.304499999997,17253.0546,23236.379200000007,0.0,0.0,20951.051499999998,30315.539299999997,57154.7623,59425.821299999996,90587.49960000001,88978.03429999997,122150.13850000002,106542.97979999997
2026-10-07T19:35:09.679476+00:00,obs-20261007-01,LIGHT,XRPUSDT,1.0,1.4266,1.4267,1.42665,0.7009673349211987,26677372317,1.4266,1.4267,248,22,667225.6205999998,442783.03149000043,764239.5396499998,460989.2355200004,2941.0608,22082.746570000003,1144993.4264600005,755623.85397,1430341.9978500006,1298304.36618,2562357.1717200004,1991103.6005099993,4707438.552609998,2721525.69173
2026-10-07T19:35:09.679476+00:00,obs-20261007-01,LIGHT,HBARUSDT,1.0,0.0927,0.09271,0.09270500000000001,1.0787486515639877,8392946142,0.0927,0.09271,211,18,458064.46101999993,55540.002130000015,492161.98750999995,76049.75614999999,9.36169,1243.2759800000001,135121.69589,112785.86618,265751.43051000003,194923.49767,434172.48383,330644.49229,921832.93821,671439.99505
2026-10-07T19:36:09.679645+00:00,obs-20261007-01,LIGHT,PEPEUSDT,1.0,4.05e-06,4.06e-06,4.055e-06,24.691358024691024,8827923517,4.05e-06,4.06e-06,175,11,208824.13536785002,138116.01311335,266600.35231932,145008.22134429,253.62312165,654.7783594800001,80717.87668005,141566.52949544002,278226.54218569,367685.13292484,581798.35026204,615558.3079858801,953384.5551722801,947129.2860047199
2026-10-07T19:36:09.679645+00:00,obs-20261007-01,LIGHT,BNBUSDT,1.0,771.89,771.9,771.895,0.12955213825716072,20909674656,771.89,771.9,297,72,1835447.2423600005,2567316.5395699986,2321349.524880001,2065037.9823299986,9454.839660000001,1326.25736,641338.0577900002,1176439.4199699995,1340896.108610001,2691822.245579999,2930142.0167,4376332.81052,5118199.821450002,5746491.000839996
2026-10-07T19:36:09.679645+00:00,obs-20261007-01,LIGHT,AAVEUSDT,1.0,172.58,172.59,172.585,0.579441418471216,10439304495,172.58,172.59,164,14,519796.1474799999,403786.91323,464054.07844,371515.9629599999,1577.9143199999999,136.03399,164818.60031999994,90604.98232000002,264066.69800999993,151374.41398000004,386817.7607899996,195159.46230000004,914948.2347199994,239930.28613000002
2026-10-07T19:36:09.679645+00:00,obs-20261007-01,LIGHT,AVAXUSDT,1.0,11.309,11.31,11.3095,0.8842514811213675,10519574740,11.309,11.31,344,96,674886.1375100005,1308846.5126399996,699662.7730699996,1269604.2299799998,10379.40618,17481.512930000004,144498.62713,163235.26464,262826.69508,232990.08413000006,440044.2444599999,403986.90069000004,534697.1725100001,454905.9831900003
2026-10-07T19:36:09.679645+00:00,obs-20261007-01,LIGHT,FILUSDT,1.0,1.0245,1.0246,1.02455,0.9760858955587537,9895221156,1.0245,1.0246,323,38,221130.20140800008,227211.55936599994,186845.69147400002,204614.72453000006,4034.7728049999996,876.8196409999998,67022.7571,81043.28978199999,123791.818934,140585.68477900003,276633.5463070001,211367.55957200003,382066.94897000014,292135.370093
2026-10-07T19:36:09.679645+00:00,obs-20261007-01,LIGHT,ALGOUSDT,1.0,0.1182,0.1183,0.11825,8.460236886633776,5664376054,0.1182,0.1183,152,5,73121.4767,43579.6951,57265.822,22146.014199999998,27.6822,118.30000000000001,20886.765099999997,36267.8035,44589.9569,78101.98810000002,113556.628,106446.94420000003,172105.04879999996,125412.77100000005
2026-10-07T19:36:09.679645+00:00,obs-20261007-01,LIGHT,XRPUSDT,1.0,1.4258,1.4259,1.42585,0.7013606396411021,26677374911,1.4258,1.4259,301,25,995180.31935,1262785.46841,1140887.6638599997,1014884.1748799998,26243.08411,2578.6560800000007,986228.6545199999,887521.36167,1272099.85966,1214759.5076399997,2424478.4018999995,2225083.784719999,4606740.906319997,2950051.1703899987
2026-10-07T19:36:09.679645+00:00,obs-20261007-01,LIGHT,HBARUSDT,1.0,0.09261,0.09262,0.092615,1.0797969981646283,8392947873,0.09261,0.09262,266,65,332188.28173999983,385595.16507,367647.73966999986,335892.38811,4872.842160000001,6340.589289999994,125855.12974,123253.54564000003,215611.49243999997,236329.81725000008,402646.86883999984,375784.5028500001,922177.0727499999,721128.5979300002
2026-10-07T19:37:09.715189+00:00,obs-20261007-01,LIGHT,PEPEUSDT,1.0,4.04e-06,4.05e-06,4.045e-06,24.752475247524774,8827924153,4.04e-06,4.05e-06,171,29,237854.60859116,286702.20921539987,343386.38473195,173411.49882992002,24016.52350215,821.0352797900002,116375.49951648,108916.12585305,299885.17949062004,265579.73223513004,578511.3974590399,610425.92793576,932816.64604525,992549.16234311
2026-10-07T19:37:09.715189+00:00,obs-20261007-01,LIGHT,BNBUSDT,1.0,771.57,771.58,771.575,0.12960586855292888,20909679297,771.57,771.58,430,93,2815033.172329999,4015041.97424,2787611.969959999,4002920.3823400005,8205.927750000003,4655.774270000001,784736.0396799997,906632.8901100002,1354287.2603600004,2592762.38811,3014878.4303599996,4305396.910310003,5153069.814059999,5671693.253150004
2026-10-07T19:37:09.715189+00:00,obs-20261007-01,LIGHT,AAVEUSDT,1.0,172.4,172.41,172.405,0.5800464037108988,10439307474,172.4,172.41,328,54,1330056.4833600002,1079193.9793099998,1369250.2241400003,1062232.841420001,7944.69955,1944.8996300000001,184627.65282,93493.92637,242207.59118999998,154777.12179000003,357136.70892999973,211588.16239000004,913696.8150499997,240198.24102
2026-10-07T19:37:09.715189+00:00,obs-20261007-01,LIGHT,AVAXUSDT,1.0,11.293,11.294,11.2935,0.8855042946964709,10519582458,11.293,11.294,439,106,1043159.3383400006,1930525.014049999,1089873.1197700002,1884339.9786800009,11505.081129999997,11896.74899,158917.54395,180458.79679,295970.57129999995,254814.41469000003,419927.61965,426258.31778999994,539216.0850000002,500137.8606300002
2026-10-07T19:37:09.715189+00:00,obs-20261007-01,LIGHT,FILUSDT,1.0,1.023,1.0231,1.02305,0.9775171065484756,9895224075,1.023,1.0231,359,83,187949.55652900002,385189.53827300004,230639.87290699995,356596.027247,11435.584966999997,5262.10635,63917.24924800001,75619.57841999999,127943.06238699998,145623.14762799998,256619.49725499988,222781.86800499997,359735.427063,315709.94435099984
2026-10-07T19:37:09.715189+00:00,obs-20261007-01,LIGHT,ALGOUSDT,1.0,0.118,0.1181,0.11804999999999999,8.474576271186862,5664376987,0.118,0.1181,175,10,69023.2581,69873.66650000004,96206.64240000001,68158.74179999995,632.1029,46.657399999999996,20143.1025,22621.4041,46810.0675,67305.2745,103640.24879999999,99690.84400000001,172281.04419999997,117479.27850000001
2026-10-07T19:37:09.715189+00:00,obs-20261007-01,LIGHT,XRPUSDT,1.0,1.4242,1.4243,1.4242499999999998,0.7021485746383505,26677384179,1.4242,1.4243,504,122,5816532.671770005,5064543.203109996,5707817.208509998,5143691.865019996,71168.34627,124995.36689,968551.5536000002,878848.21969,1416739.1737800005,1452489.6938699998,2577607.8075099997,2140359.329880001,4771832.120029999,2867341.4330900013
2026-10-07T19:37:09.715189+00:00,obs-20261007-01,LIGHT,HBARUSDT,1.0,0.09247,0.09248,0.092475,1.0814318157259528,8392950909,0.09247,0.09248,337,107,702918.1986800001,1521681.4704099996,712231.8829499999,1520159.03162,2850.3315999999995,5189.5397,118555.39182999998,117153.52308,217742.94801,233858.51359000002,423147.65698,374903.66472000006,919839.8827200001,698253.24236
2026-10-07T19:38:09.942960+00:00,obs-20261007-01,LIGHT,PEPEUSDT,1.0,4.04e-06,4.05e-06,4.045e-06,24.752475247524774,8827924318,4.04e-06,4.05e-06,110,13,159666.49200484,169558.82147186,130172.30576074003,166272.53731568996,17.43758132,829.7905599000002,119214.66540584,106808.40950355,310197.47476812,268866.50696061004,608005.5837031399,613712.2120919301,930180.4789960198,995840.3198495801
2026-10-07T19:38:09.942960+00:00,obs-20261007-01,LIGHT,BNBUSDT,1.0,771.63,771.64,771.635,0.1295957907276879,20909683472,771.63,771.64,403,100,3026209.3339200006,1632359.05075,2610550.893449998,1523987.3435200013,5721.57175,16899.608320000003,982274.4183700003,1150791.75339,1617704.1027900013,2719338.4181600013,3428736.332200004,4414008.649110006,5770392.7184200045,5783886.341110005
2026-10-07T19:38:09.942960+00:00,obs-20261007-01,LIGHT,AAVEUSDT,1.0,172.31,172.32,172.315,0.5803493703204765,10439308727,172.31,172.32,231,13,195966.31127,598152.4079400002,269488.81572000013,540159.1187000003,817.2080099999998,531.27917,119962.63689000002,139957.14774000004,176537.21363000004,202985.15120000002,305403.95429,266959.0455500001,838287.4211200002,297746.2312500002
2026-10-07T19:38:09.942960+00:00,obs-20261007-01,LIGHT,AVAXUSDT,1.0,11.281,11.282,11.281500000000001,0.8864462370361537,10519587286,11.281,11.282,363,84,848786.7014600007,1416825.3246600004,874528.1442599999,1370441.0684300002,43896.17113,971.61302,173084.35164000004,193441.84715999995,357561.50736000005,287752.00455,426942.12932000024,382050.61950999993,526570.4278300002,537036.96607
2026-10-07T19:38:09.942960+00:00,obs-20261007-01,LIGHT,FILUSDT,1.0,1.0219,1.022,1.02195,0.9785693316377575,9895225696,1.0219,1.022,262,45,200483.5800180001,199507.19670699997,205663.145291,176176.526954,4331.825343,1116.2969759999999,108998.729541,71572.480036,193603.22692600003,147118.195003,263196.86874000006,233559.65844300005,343300.6512440002,334718.64818700013
2026-10-07T19:38:09.942960+00:00,obs-20261007-01,LIGHT,ALGOUSDT,1.0,0.118,0.1181,0.11804999999999999,8.474576271186862,5664378009,0.118,0.1181,156,10,68733.90160000001,50930.506199999996,74243.48509999998,39084.07780000001,1239.8989,340.3563,12943.3259,43493.6141,41315.3799,82125.1667,102588.6468,111537.27240000002,167255.3306,129325.70690000002
2026-10-07T19:38:09.942960+00:00,obs-20261007-01,LIGHT,XRPUSDT,1.0,1.4241,1.4242,1.42415,0.7021978793630979,26677388044,1.4241,1.4242,408,46,1821227.0979400005,1486981.7617399998,1752110.5536399994,1530252.7328999985,3496.7951500000004,13207.513130000005,1093876.61044,872070.6016100002,1540648.7535599999,1415085.9716600005,3392080.948809998,2098011.453820001,4823745.682559997,2838379.475440001
2026-10-07T19:38:09.942960+00:00,obs-20261007-01,LIGHT,HBARUSDT,1.0,0.09245,0.09246,0.09245500000000001,1.0816657652790163,8392952138,0.09245,0.09246,251,58,309409.1235799999,219380.46309999988,322182.45508999994,209352.32794999995,864.14936,2251.37221,122692.94354,123358.97468999999,209020.15790999998,232812.83767999997,425329.3295500001,384382.1092899999,907066.5512100002,708270.0591099998
2026-10-07T19:39:09.972392+00:00,obs-20261007-01,LIGHT,PEPEUSDT,1.0,4.04e-06,4.05e-06,4.045e-06,24.752475247524774,8827924509,4.04e-06,4.05e-06,96,12,98389.56007315002,222367.68537500003,95736.41210660002,350863.6811318799,0.0,804.4369443,134192.14124584,68378.74118595,306236.18238182005,235446.28991865,610658.73166969,485216.21633505,931985.1133510999,795571.5470817199
2026-10-07T19:39:09.972392+00:00,obs-20261007-01,LIGHT,BNBUSDT,1.0,771.84,771.85,771.845,0.12956053067947337,20909688173,771.84,771.85,409,110,2078148.2502500005,1928937.5469799982,2025775.8162100003,2085743.2316799988,11482.410410000006,10620.634180000003,941370.8663800008,1067412.2145999996,1671849.0093400017,2657141.2284500003,3426035.003990005,4258877.987230002,5827392.513530005,5628828.621490001
2026-10-07T19:39:09.972392+00:00,obs-20261007-01,LIGHT,AAVEUSDT,1.0,172.43,172.44,172.435,0.5799454851240782,10439310760,172.43,172.44,258,35,816311.0812399999,853911.9296900003,683905.0423999998,927748.7560300002,20226.782639999998,2033.2847300000003,262279.36675,83339.95703,328955.56292999996,141478.36087000006,431999.0495699996,196043.46137000006,958757.0536799995,224664.38152000002
2026-10-07T19:39:09.972392+00:00,obs-20261007-01,LIGHT,AVAXUSDT,1.0,11.295,11.296,11.2955,0.8853474988934629,10519591329,11.295,11.296,311,61,513997.72198,1013625.70191,481502.15164999984,1075746.26487,3738.77089,8068.336789999999,170116.31752,174200.20820999998,342243.60926999996,251292.03581,451202.6515200001,411333.96246,546779.9129500004,484575.9313600003
2026-10-07T19:39:09.972392+00:00,obs-20261007-01,LIGHT,FILUSDT,1.0,1.0229,1.023,1.0229499999999998,0.9776126698590737,9895228246,1.0229,1.023,312,43,245151.0218569998,275233.6736440001,242413.67733099998,297018.41882100014,969.258862,1053.7395220000003,74564.483736,78174.176127,154748.98652900005,152858.30691200006,254182.28986800014,224094.33030700008,345251.2747050002,317013.947796
2026-10-07T19:39:09.972392+00:00,obs-20261007-01,LIGHT,ALGOUSDT,1.0,0.1181,0.1182,0.11815,8.467400508043177,5664378682,0.1181,0.1182,194,4,84463.31839999996,24809.54609999999,72067.31139999998,37198.4397,735.73,153.2938,15101.5226,44251.6467,42211.8668,79511.7027,96098.6405,103006.8987,172812.33079999997,117210.70980000001
2026-10-07T19:39:09.972392+00:00,obs-20261007-01,LIGHT,XRPUSDT,1.0,1.4252,1.4253,1.4252500000000001,0.7016559079420226,26677393690,1.4252,1.4253,407,68,3161227.6735699987,3488155.299480002,2907066.990829999,3676166.87338,12970.35419,45237.23268000002,1198680.68123,755815.6367800001,1652177.2814600004,1102450.1999900003,2886863.3124599997,1941088.5926700002,5064098.900979998,2667907.459230001
2026-10-07T19:39:09.972392+00:00,obs-20261007-01,LIGHT,HBARUSDT,1.0,0.09253,0.09254,0.092535,1.0807305738680384,8392954137,0.09253,0.09254,272,59,603768.5669800001,372514.3514,564680.61339,407236.4923100002,1786.1290000000001,4191.457690000001,135897.42468,110130.69976000002,257606.02532000004,212554.74783000007,433303.17504999996,361013.8431500001,946149.0652,673599.7146799999
2026-10-07T19:40:09.979909+00:00,obs-20261007-01,LIGHT,PEPEUSDT,1.0,4.05e-06,4.06e-06,4.055e-06,24.691358024691024,8827924980,4.05e-06,4.06e-06,119,15,193544.40711879003,306536.90099216,104957.75835637999,294947.8225788801,7.509271050000001,6523.648243200001,31117.69705545,157815.4885188,228410.02632213003,367090.36062345,558935.2102743901,610118.0128510101,937379.1249609401,941016.32706506
2026-10-07T19:40:09.979909+00:00,obs-20261007-01,LIGHT,BNBUSDT,1.0,771.68,771.69,771.685,0.12958739374013817,20909691063,771.68,771.69,290,74,992719.2832899998,1059683.3716600004,1042445.3716200005,1036525.4363799999,3254.88619,4868.07449,1033228.0103900005,1062845.5465099998,1616217.2019600016,2673837.404690001,3431285.657210004,4281023.387120006,5778302.899070005,5650120.286330004
2026-10-07T19:40:09.979909+00:00,obs-20261007-01,LIGHT,AAVEUSDT,1.0,172.35,172.36,172.35500000000002,0.5802146794331442,10439311892,172.35,172.36,243,14,691623.0431199997,587983.5340000002,820156.2506799997,569783.53108,952.6273100000001,1236.89223,165277.37918,102571.22069999999,249829.02406,154909.26141,308406.34363999974,211368.52475000004,830284.0616999997,242544.19843999998
2026-10-07T19:40:09.979909+00:00,obs-20261007-01,LIGHT,AVAXUSDT,1.0,11.287,11.288,11.287500000000001,0.8859750155032486,10519595044,11.287,11.288,319,52,528049.1410200002,1014131.9816099999,561582.2006200001,889645.1819899996,9987.575270000001,10907.79458,165355.18778,193869.31119,344117.6176600001,286269.93996999995,419445.68643000006,465907.66387999995,511916.18918,608775.35734
2026-10-07T19:40:09.979909+00:00,obs-20261007-01,LIGHT,FILUSDT,1.0,1.0223,1.0224,1.0223499999999999,0.9781864423352715,9895229969,1.0223,1.0224,299,28,288762.0397910001,208046.00071799997,278510.41177899984,187524.88748699997,1806.067321,798.1071830000001,98159.65752699999,80682.41877899999,202025.14708000002,151952.025786,268757.94100500003,240833.58467700004,356387.3483400001,333512.95635700005
2026-10-07T19:40:09.979909+00:00,obs-20261007-01,LIGHT,ALGOUSDT,1.0,0.1182,0.1183,0.11825,8.460236886633776,5664379597,0.1182,0.1183,187,5,298977.7739999998,46691.392799999994,249230.1652,56986.86320000001,544.0947,3369.7655,19428.1475,35792.3297,63365.1664,69912.178,140458.86729999998,96032.3005,170923.27469999995,111011.3922
2026-10-07T19:40:09.979909+00:00,obs-20261007-01,LIGHT,XRPUSDT,1.0,1.4244,1.4245,1.4244500000000002,0.702049985958908,26677397056,1.4244,1.4245,436,32,1578218.07956,1702316.3743999994,1952663.6642400015,1535494.9470699995,25745.475179999998,2128.7537899999998,928007.69259,824804.6150799999,1560004.91459,1136094.8508100002,2522895.2158399983,2094367.7870699996,4691361.028209996,2830738.5123900003
2026-10-07T19:40:09.979909+00:00,obs-20261007-01,LIGHT,HBARUSDT,1.0,0.09247,0.09248,0.092475,1.0814318157259528,8392955741,0.09247,0.09248,313,26,243947.42524999985,396189.8756099998,232945.72176,367138.7460700002,848.6152400000001,1119.05193,163586.61299,117789.22923999999,288494.98632,234569.8777,446005.81211,379260.78849999997,928240.45667,702614.5521399998
2026-10-07T19:41:09.998689+00:00,obs-20261007-01,LIGHT,PEPEUSDT,1.0,4.05e-06,4.06e-06,4.055e-06,24.691358024691024,8827925313,4.05e-06,4.06e-06,178,14,245982.36355029995,49630.53375844,151392.02662243997,49202.84297540999,407.7663444,968.90301984,83422.32173865,155424.94602866,281706.24298369,367523.11834216,653525.54720225,610545.70363404,990211.3934237399,941472.82311969
2026-10-07T19:41:09.998689+00:00,obs-20261007-01,LIGHT,BNBUSDT,1.0,771.8,771.81,771.805,0.1295672453993646,20909693657,771.8,771.81,301,69,1116119.2700899995,944612.4597500002,1092773.8430699995,906000.2661000004,1728.9665100000002,1234.87734,922784.8144900005,1127409.6766399995,1640223.1111500012,2718505.678930001,3399946.235990004,4320551.454230006,5798103.119790006,5686707.403570006
2026-10-07T19:41:09.998689+00:00,obs-20261007-01,LIGHT,AAVEUSDT,1.0,172.48,172.49,172.485,0.5797773654925287,10439313046,172.48,172.49,216,14,1015642.8107800003,610859.5410699997,970647.0728800003,620318.0120699999,975.1165199999998,1279.7082000000003,203440.27138000002,99269.8841,265825.4407299999,168949.88180000003,346168.4313799996,204951.86394,867942.3668399997,233435.64356999996
2026-10-07T19:41:09.998689+00:00,obs-20261007-01,LIGHT,AVAXUSDT,1.0,11.31,11.311,11.310500000000001,0.8841732979658623,10519600861,11.31,11.311,368,97,991961.5238500002,1396892.9067999993,923133.9934599998,1455733.5099799994,6984.73574,12501.83661,164359.88608,187002.1076,320295.3151,336275.79105999996,484195.17689000006,501540.2829199999,552097.6258500003,551051.2110699996
2026-10-07T19:41:09.998689+00:00,obs-20261007-01,LIGHT,FILUSDT,1.0,1.0235,1.0236,1.0235500000000002,0.9770395701025336,9895231909,1.0235,1.0236,269,31,388835.53254700016,227436.0355149999,370162.65594800015,260552.34171200008,1572.354374,2415.534148,83133.551196,77826.76487100002,170597.18204599997,147897.47098500005,280093.225475,223848.21289100006,371348.460224,305397.29451100004
2026-10-07T19:41:09.998689+00:00,obs-20261007-01,LIGHT,ALGOUSDT,1.0,0.1182,0.1183,0.11825,8.460236886633776,5664380411,0.1182,0.1183,177,5,220978.87190000006,43158.822500000024,224703.47000000012,38361.2724,9.464,3558.5823,27229.8177,29333.7034,102923.2481,71442.5256,136734.26919999998,100829.85059999999,166786.97949999996,115809.00859999999
2026-10-07T19:41:09.998689+00:00,obs-20261007-01,LIGHT,XRPUSDT,1.0,1.425,1.4251,1.4250500000000001,0.7017543859655362,26677399452,1.425,1.4251,322,28,1015630.9128600005,831739.9158799999,757303.1880800003,988334.61397,5554.567000000001,35697.89498000001,1173845.40187,759728.25368,1507895.89469,1112840.4472500002,2777287.8834299985,1951564.2013099997,4939407.6997099975,2676114.3472700007
2026-10-07T19:41:09.998689+00:00,obs-20261007-01,LIGHT,HBARUSDT,1.0,0.09257,0.09258,0.09257499999999999,1.0802635843143449,8392957167,0.09257,0.09258,251,56,371302.92041999986,138308.85002999997,340324.06569999986,171335.03083000006,1153.49382,4886.708160000001,145432.73943000002,118444.13706999998,296776.24844000005,210341.02846000003,459895.00399,357059.26482000004,959099.2389200001,669693.4296599999
2026-10-07T19:42:10.045565+00:00,obs-20261007-01,LIGHT,PEPEUSDT,1.0,4.05e-06,4.06e-06,4.055e-06,24.691358024691024,8827925642,4.05e-06,4.06e-06,154,7,304139.41456411994,55495.479182650015,318558.10205708,146965.95536476996,0.0,2069.3838472999996,73619.8709922,140851.91778322,259876.48993624002,271706.11277342,639106.85970929,519075.22745192,990567.9261194699,764611.7497327699
2026-10-07T19:42:10.045565+00:00,obs-20261007-01,LIGHT,BNBUSDT,1.0,771.73,771.74,771.735,0.1295789978361661,20909696266,771.73,771.74,311,75,826214.6431699997,884685.3488299998,810487.4255799998,870139.3339299996,8211.1456,21549.126050000006,1078411.0508200005,1156584.5508,1656123.0690600008,2728704.2139600012,3415958.4478800027,4334583.777400007,5819888.953090003,5703551.8847100055
2026-10-07T19:42:10.045565+00:00,obs-20261007-01,LIGHT,AAVEUSDT,1.0,172.31,172.32,172.315,0.5803493703204765,10439314776,172.31,172.32,248,28,1425251.2013299994,869693.2283999999,1505567.2207100005,856511.8724199994,1605.79111,549.5254699999999,133978.95389,81662.77160999998,217645.55707000004,150335.16013999993,275454.3024900001,215045.10710999998,805034.0382800002,245827.0596099999
2026-10-07T19:42:10.045565+00:00,obs-20261007-01,LIGHT,AVAXUSDT,1.0,11.3,11.301,11.3005,0.8849557522117024,10519604518,11.3,11.301,363,56,562374.6646199996,1019824.3765799999,592061.31498,993575.5994200003,3764.825419999999,6216.335610000001,171692.88038999995,184804.64142000003,370522.1367599999,353910.63777000003,456055.71689,524543.10449,542044.6845500004,576600.32372
2026-10-07T19:42:10.045565+00:00,obs-20261007-01,LIGHT,FILUSDT,1.0,1.0223,1.0224,1.0223499999999999,0.9781864423352715,9895233211,1.0223,1.0224,222,15,276417.3080579999,218139.5840369998,298058.537397,181292.65188300007,1074.9116159999999,639.8822,96392.77094399999,78537.03603599999,199372.01714700004,152577.25506800003,265784.08550300007,244564.21063400002,353413.4875470001,334107.150816
2026-10-07T19:42:10.045565+00:00,obs-20261007-01,LIGHT,ALGOUSDT,1.0,0.1181,0.1182,0.11815,8.467400508043177,5664381001,0.1181,0.1182,152,4,212578.37919999997,33740.9243,214548.37859999997,31366.16219999999,9.456,25.6551,47098.2711,24559.6964,96950.81539999999,70164.1985,138296.7338,101341.9727,165557.16069999992,117822.62020000002
2026-10-07T19:42:10.045565+00:00,obs-20261007-01,LIGHT,XRPUSDT,1.0,1.4236,1.4237,1.4236499999999999,0.702444506883726,26677403460,1.4236,1.4237,356,49,1916606.6215900006,2142697.379809999,2247801.1523799994,1897845.2841700006,40913.14006000001,12032.273439999999,892026.7115599999,863423.9866600002,1471995.4135099994,1212705.81827,3203715.3326399983,2179402.8598800017,4628412.050859995,2917759.710430003
2026-10-07T19:42:10.045565+00:00,obs-20261007-01,LIGHT,HBARUSDT,1.0,0.09255,0.09256,0.092555,1.0804970286337756,8392958238,0.09255,0.09256,229,12,426070.68374999997,142204.92189,438244.15262,132174.18138,1199.76445,890.7683400000001,130641.50300000001,127613.32425999996,266943.67238000006,220375.54280999996,458250.18986999994,367082.43263999996,942914.5334399999,679673.9387299998
2026-10-07T19:43:10.072339+00:00,obs-20261007-01,LIGHT,PEPEUSDT,1.0,4.05e-06,4.06e-06,4.055e-06,24.691358024691024,8827925902,4.05e-06,4.06e-06,145,10,39310.20834399,84613.92789278002,17158.62490297,92095.45600058003,0.0,761.2770517800001,104910.67295325,131547.2124547,289386.56071549,264224.59282561997,661258.4431503101,511593.69934411993,980225.5317923902,757131.2339723699
2026-10-07T19:43:10.072339+00:00,obs-20261007-01,LIGHT,BNBUSDT,1.0,771.9,771.91,771.905,0.1295504599041486,20909698180,771.9,771.91,254,50,1044363.0281199998,820637.8942599999,1036745.13755,870032.7436800003,8014.9964500000015,4492.41132,969706.4074100003,1075215.2724399997,1662317.7678800009,2685441.4129199996,3422650.998810003,4287182.310030005,5822443.064560004,5655646.100020003
2026-10-07T19:43:10.072339+00:00,obs-20261007-01,LIGHT,AAVEUSDT,1.0,172.4,172.41,172.405,0.5800464037108988,10439315631,172.4,172.41,198,10,603947.1400499997,517413.0407200001,565712.5321500001,469500.08125000005,38.61355,1517.7614500000002,161962.52849,155585.15600999998,246988.85849999997,209828.95012,303900.5016199998,265580.47266,834762.5706399998,294443.0687900001
2026-10-07T19:43:10.072339+00:00,obs-20261007-01,LIGHT,AVAXUSDT,1.0,11.3,11.301,11.3005,0.8849557522117024,10519608697,11.3,11.301,317,78,880351.9163300004,1118853.0858699998,884873.6918199998,1122394.46216,4992.510279999999,5601.65541,166893.76870000002,181291.60149000006,366311.74071,350375.39489,451533.94140000007,521001.7281999999,537191.8001300005,573058.9206699997
2026-10-07T19:43:10.072339+00:00,obs-20261007-01,LIGHT,FILUSDT,1.0,1.0227,1.0228,1.0227499999999998,0.9778038525465327,9895234782,1.0227,1.0228,202,34,237338.48953100006,173622.931357,222836.6099479999,185358.05506300004,2995.411874,472.156602,98376.22481700001,78401.30269199997,214446.30776100003,152668.848595,280228.5123030001,236542.70250299998,367345.6141580001,326371.99532999995
2026-10-07T19:43:10.072339+00:00,obs-20261007-01,LIGHT,ALGOUSDT,1.0,0.1181,0.1182,0.11815,8.467400508043177,5664381406,0.1181,0.1182,99,0,165594.01329999996,16198.8319,162620.9602,16507.6329,0.0,0.0,28548.461300000003,25994.3588,82590.327,71598.1319,141269.7869,101033.17169999999,168572.35869999992,117513.81920000001
2026-10-07T19:43:10.072339+00:00,obs-20261007-01,LIGHT,XRPUSDT,1.0,1.4243,1.4244,1.42435,0.7020992768391743,26677406094,1.4243,1.4244,336,45,1059985.93333,1025895.7896799999,846520.3059899999,1118168.569650001,3502.13829,42204.51613,1047757.4232799999,836318.1171500001,1536961.1503899994,1292534.3163800004,2659504.7978299977,2091818.9242300007,4840031.643579994,2828203.358120001
2026-10-07T19:43:10.072339+00:00,obs-20261007-01,LIGHT,HBARUSDT,1.0,0.09268,0.09269,0.09268499999999999,1.0789814415179677,8392960368,0.09268,0.09269,318,20,1487225.6574999995,432936.75355999987,1457187.6192499998,467528.3531499999,2756.0114200000003,3229.2402199999997,130112.60616000001,116448.72989,272850.5459300001,203158.97504000002,474161.99051000003,337469.38476,960136.5741600002,656619.8771299999
2026-10-07T19:44:10.092597+00:00,obs-20261007-01,LIGHT,PEPEUSDT,1.0,4.05e-06,4.06e-06,4.055e-06,24.691358024691024,8827926111,4.05e-06,4.06e-06,107,10,6978.968427119999,264971.51900806,7259.83820042,258797.71000338002,538.41715335,662.7381600000001,104588.79850665001,118778.22195358,290314.73221745004,270397.5756088,660977.5733770101,517767.5083488,980258.73373301,763305.04297705
2026-10-07T19:44:10.092597+00:00,obs-20261007-01,LIGHT,BNBUSDT,1.0,772.21,772.22,772.215,0.12949845249243808,20909700174,772.21,772.22,267,50,1508910.308429999,1122037.2836600002,1446848.3315899998,1075845.7750300006,505.66501,20059.670410000002,908820.5843699999,1862175.2173999997,1741096.4507799998,2746773.5662800013,3463799.1026100023,4443134.516400004,5866265.129060001,5719172.54448
2026-10-07T19:44:10.092597+00:00,obs-20261007-01,LIGHT,AAVEUSDT,1.0,172.42,172.43,172.425,0.5799791207516947,10439316239,172.42,172.43,175,3,134894.4642,748669.8351000001,92806.43526,696635.4998199998,0.0,1392.32183,202638.19723,206339.89251999994,285605.95935999986,257305.47199999998,345988.53055999964,317661.12651999993,871226.6833399996,346493.23237
2026-10-07T19:44:10.092597+00:00,obs-20261007-01,LIGHT,AVAXUSDT,1.0,11.3,11.301,11.3005,0.8849557522117024,10519610818,11.3,11.301,294,57,378056.87563000014,491430.6239000002,392186.4148300002,497569.8364999998,2541.5214699999997,8451.62939,176826.75183999998,174509.16858000009,376918.46316000004,343749.81554000004,437404.4022,514862.5155999999,522976.15656000015,566919.7348299999
2026-10-07T19:44:10.092597+00:00,obs-20261007-01,LIGHT,FILUSDT,1.0,1.0241,1.0242,1.0241500000000001,0.9764671418799331,9895236170,1.0241,1.0242,210,18,270821.864697,169556.44136199992,252229.51407699997,202629.52911000006,1517.7978150000001,655.247121,78834.656698,86461.37695,174038.52172800002,141020.92869800006,287853.8643930001,220526.56364400007,381754.57112300006,301343.24837299995
2026-10-07T19:44:10.092597+00:00,obs-20261007-01,LIGHT,ALGOUSDT,1.0,0.1182,0.1183,0.11825,8.460236886633776,5664381913,0.1182,0.1183,146,3,129539.14229999998,23500.340899999996,127348.91429999996,26266.050900000002,0.0,1082.9843,23068.3543,42129.5806,83696.66690000001,76247.57629999999,139927.5509,100130.1017,170452.17459999994,115138.61200000002
2026-10-07T19:44:10.092597+00:00,obs-20261007-01,LIGHT,XRPUSDT,1.0,1.425,1.4251,1.4250500000000001,0.7017543859655362,26677409004,1.425,1.4251,415,31,1394329.0272600001,1358438.8800200007,1141500.5814299993,1447690.0795900011,4193.173780000001,33306.809819999995,1270295.92533,827030.13061,1615826.7837999996,1180033.2517600001,2908145.337609998,2016402.20861,5082260.017279996,2741457.440030001
2026-10-07T19:44:10.092597+00:00,obs-20261007-01,LIGHT,HBARUSDT,1.0,0.09274,0.09275,0.092745,1.0782833728706365,8392961491,0.09274,0.09275,230,13,1011165.1096900002,235434.23535999996,993398.4427900001,249841.97703999988,0.0,1893.7197800000004,166392.24285999997,109633.90941000001,313222.03158,190395.71748999998,481203.8047599999,323510.55260000005,973335.8348199996,643151.1476299999
2026-10-07T19:45:10.112891+00:00,obs-20261007-01,LIGHT,PEPEUSDT,1.0,4.05e-06,4.06e-06,4.055e-06,24.691358024691024,8827926423,4.05e-06,4.06e-06,139,8,5870.099772500001,150631.22667607997,19988.289226459998,148681.35524116995,0.0,666.2523742,90524.91513285,139340.32523712,276191.96180365,272337.60323279,646859.38392305,519717.37978371,979931.6372519301,765246.6091403599
2026-10-07T19:45:10.112891+00:00,obs-20261007-01,LIGHT,BNBUSDT,1.0,772.0,772.01,772.005,0.12953367875656596,20909702527,772.0,772.01,284,53,638922.3272499999,1476869.9266600003,727056.5467900003,1468735.5674299994,10347.663989999997,7006.2773799999995,963211.0432900003,1162204.5776199994,1675264.8841400004,2658391.4714099998,3396321.978840004,4341823.949490001,5797313.875780007,5719644.9531
2026-10-07T19:45:10.112891+00:00,obs-20261007-01,LIGHT,AAVEUSDT,1.0,172.32,172.33,172.325,0.5803156917383312,10439317807,172.32,172.33,208,22,270019.55619999993,1292831.8191099998,347541.2293300001,1372310.5204699992,829.9754600000001,789.03823,134736.97713999997,115428.66357000002,215980.75848999995,168469.60562000002,272173.0134800001,235513.70050000004,793774.6137300001,266295.65300000005
2026-10-07T19:45:10.112891+00:00,obs-20261007-01,LIGHT,AVAXUSDT,1.0,11.298,11.299,11.2985,0.8851124092745799,10519613118,11.298,11.299,289,53,640367.3799,610797.3018300001,619861.71521,601950.09206,2433.4910900000004,6126.259269999997,172127.53777999998,184947.48781999998,374114.76872000005,344020.55669999996,458550.74637999997,523432.9835399998,544210.0893800004,575727.4317499998
2026-10-07T19:45:10.112891+00:00,obs-20261007-01,LIGHT,FILUSDT,1.0,1.0241,1.0242,1.0241500000000001,0.9764671418799331,9895237067,1.0241,1.0242,221,12,361694.59469000006,73573.43937399997,363670.809175,83930.69385799993,1004.834624,648.155591,68788.665015,69299.143564,159857.508301,127432.53663100002,285872.14388800005,210169.30916000006,379842.71463200013,290980.96695
2026-10-07T19:45:10.112891+00:00,obs-20261007-01,LIGHT,ALGOUSDT,1.0,0.1181,0.1182,0.11815,8.467400508043177,5664382580,0.1181,0.1182,165,2,141135.69300000003,25315.903399999985,148127.45409999997,14760.707899999998,9.456,9.456,30257.8265,33149.2364,81261.086,80016.6284,136468.2538,108822.6572,164675.19139999992,123032.80470000002
2026-10-07T19:45:10.112891+00:00,obs-20261007-01,LIGHT,XRPUSDT,1.0,1.4244,1.4245,1.4244500000000002,0.702049985958908,26677411068,1.4244,1.4245,278,23,688728.4251999997,872640.2869399999,1054585.3407,593523.2833299997,559.43561,11823.79094,915640.8614400002,1015926.18684,1583002.2389800001,1326328.5495200003,2546223.4792999984,2282740.871210002,4726212.113289996,3019107.4239300024
2026-10-07T19:45:10.112891+00:00,obs-20261007-01,LIGHT,HBARUSDT,1.0,0.09264,0.09265,0.092645,1.0794473229691626,8392962665,0.09264,0.09265,214,29,421745.31321999995,336173.5236300001,477844.5541400002,300148.47036000027,2165.69909,454.81849,161370.81415000002,126208.85208,268104.93929,216877.62894,432888.94355999987,354996.12943000003,930209.2420600001,679064.8736899998
2026-10-07T19:46:10.151763+00:00,obs-20261007-01,LIGHT,PEPEUSDT,1.0,4.05e-06,4.06e-06,4.055e-06,24.691358024691024,8827926661,4.05e-06,4.06e-06,143,7,95938.86636495999,45859.533734240016,120041.42912196001,44518.67724622002,95.3714898,589.32422094,32030.980568550003,142461.28208004,219554.11254155,273680.94550005,622756.82116605,521058.23627173,975486.64887171,766587.46562838
2026-10-07T19:46:10.151763+00:00,obs-20261007-01,LIGHT,BNBUSDT,1.0,771.91,771.92,771.915,0.12954878159332495,20909703846,771.91,771.92,247,51,363057.95076000015,606261.6468500001,360571.93583000003,589107.6484099998,10932.249070000002,2270.25713,975504.30119,1154044.6957099994,1720890.6872600003,2693541.743699999,3399073.9521200038,4358669.193000004,5801502.732950007,5745333.902730001
2026-10-07T19:46:10.151763+00:00,obs-20261007-01,LIGHT,AAVEUSDT,1.0,172.29,172.3,172.29500000000002,0.5804167392198245,10439319006,172.29,172.3,210,18,207916.5474300001,785796.7631099999,179415.34453000006,812036.9850000002,632.7767200000001,1132.52162,143848.26491000003,85403.56725,228059.33869000003,147466.98468999995,302997.06412,207612.18823,822487.45075,238450.33755999993
2026-10-07T19:46:10.151763+00:00,obs-20261007-01,LIGHT,AVAXUSDT,1.0,11.286,11.287,11.2865,0.8860535176324902,10519615750,11.286,11.287,288,39,354641.76775,598790.3790299998,389613.62758000015,579202.7318500001,1899.47777,702.7699599999997,172147.94729,185120.91032999998,381124.89427000005,262887.70157,427986.44709000015,431285.05591999996,516418.4146200001,595291.2209800001
2026-10-07T19:46:10.151763+00:00,obs-20261007-01,LIGHT,FILUSDT,1.0,1.025,1.0251,1.0250499999999998,0.9756097560975618,9895238407,1.025,1.0251,254,24,518465.246467,200223.60053000003,494505.2343670002,203853.366861,1032.9982119999997,1090.924923,71410.32607400001,88472.002114,172141.04203500002,140146.46690300002,309654.0543480001,214570.32757000002,402980.4312670001,291286.04019600013
2026-10-07T19:46:10.151763+00:00,obs-20261007-01,LIGHT,ALGOUSDT,1.0,0.118,0.1181,0.11804999999999999,8.474576271186862,5664383322,0.118,0.1181,185,3,78321.35930000003,36306.20159999999,78994.18470000001,41574.80909999998,24.4467,18.896,31062.852300000002,27191.413099999998,91691.2483,66400.3835,138163.4717,97952.79539999997,164817.13909999994,115747.49979999999
2026-10-07T19:46:10.151763+00:00,obs-20261007-01,LIGHT,XRPUSDT,1.0,1.4235,1.4236,1.42355,0.7024938531796643,26677413848,1.4235,1.4236,332,40,1558465.553029999,1846234.46,1729144.0657400002,1751079.3927499999,17099.775080000003,10287.75054,845170.1248899997,1067962.5095699998,1405334.7006299999,1414685.9128999999,3141431.179459999,2374045.838970002,4559460.125559997,3112481.8652500026
2026-10-07T19:46:10.151763+00:00,obs-20261007-01,LIGHT,HBARUSDT,1.0,0.0925,0.09251,0.092505,1.0810810810801819,8392964414,0.0925,0.09251,239,40,610563.0632699998,1221648.01932,628812.9356899997,1187729.5716600001,1237.12518,3233.17254,145990.28341,118971.70575999998,253073.44193000006,230968.0978199999,430104.59868,386043.2324299998,912322.8139700001,710914.2181699997
2026-10-07T19:47:10.161901+00:00,obs-20261007-01,LIGHT,PEPEUSDT,1.0,4.04e-06,4.05e-06,4.045e-06,24.752475247524774,8827927106,4.04e-06,4.05e-06,132,22,133704.67474074996,179983.58916724997,190865.52705545002,98807.61102078,6489.578835830001,2018.57550119,117936.37028652,86314.00566015001,311279.33878364,232165.86843607004,654380.87849959,484126.65458274004,975973.06217332,794948.0389597901
2026-10-07T19:47:10.161901+00:00,obs-20261007-01,LIGHT,BNBUSDT,1.0,771.84,771.85,771.845,0.12956053067947337,20909705354,771.84,771.85,317,38,824135.9627100001,558361.1574100005,825947.8576399992,595395.74262,2497.76913,436.09588,976841.7228100006,1089383.5949699995,1719744.8098600013,2655109.1460999995,3397642.6052000043,4320244.562730002,5794201.562700007,5707633.852670001
2026-10-07T19:47:10.161901+00:00,obs-20261007-01,LIGHT,AAVEUSDT,1.0,172.26,172.27,172.265,0.5805178218976081,10439319869,172.26,172.27,171,5,100666.63179,778233.5026600001,125190.47518000001,718480.6555700004,330.06366,10.679499999999999,117468.03236000001,138726.71772000002,224538.10319000005,197590.93717999995,278486.69576000003,263874.77549999993,798006.15064,298203.18464999995
2026-10-07T19:47:10.161901+00:00,obs-20261007-01,LIGHT,AVAXUSDT,1.0,11.269,11.27,11.2695,0.887390185464465,10519620725,11.269,11.27,387,80,766020.8145300006,1249479.4222800003,757095.5158800002,1241367.7023799994,20702.794209999996,5566.842549999998,240387.74284000005,173373.68831999996,358381.87572,270081.09093999997,441153.3194900001,438559.9757999998,555793.8992099998,573426.4440200003
2026-10-07T19:47:10.161901+00:00,obs-20261007-01,LIGHT,FILUSDT,1.0,1.0251,1.0252,1.02515,0.9755145839429602,9895239730,1.0251,1.0252,257,31,369825.8593210001,208361.0910789999,374832.35989900003,209598.716371,1192.4699039999998,1004.4811439999999,60487.96215600001,88825.90712900001,150585.04536699998,145844.06279800006,304613.5579700001,213332.70227800004,397947.777553,290986.45139300014
2026-10-07T19:47:10.161901+00:00,obs-20261007-01,LIGHT,ALGOUSDT,1.0,0.118,0.1181,0.11804999999999999,8.474576271186862,5664383818,0.118,0.1181,138,2,140561.83779999998,10375.733099999994,142075.98529999997,9967.402399999995,47.78999999999999,0.0,20861.4749,28132.1356,82499.97069999999,66556.57949999999,136649.32419999997,98361.1261,168196.2275999999,116155.83050000001
2026-10-07T19:47:10.161901+00:00,obs-20261007-01,LIGHT,XRPUSDT,1.0,1.4229,1.423,1.4229500000000002,0.7027900766032324,26677416358,1.4229,1.423,309,33,1205288.8360699997,1048762.9135500002,1197979.6206000003,1088384.2662400003,36903.81495000001,3129.5564600000002,890764.4699599998,1014243.4577500001,1684379.1535599998,1481460.9501899998,3204574.7362799994,2333956.4429900004,4551869.589399996,3038864.502330001
2026-10-07T19:47:10.161901+00:00,obs-20261007-01,LIGHT,HBARUSDT,1.0,0.0925,0.09251,0.092505,1.0810810810801819,8392966025,0.0925,0.09251,251,28,647783.4605599998,538809.6113600001,635099.87531,536126.0755700001,6136.4666799999995,6005.26805,165858.16747,117643.01909,281100.46312999993,234842.01046,442788.1839299999,388726.76822,921685.5301000001,713085.9561899999
2026-10-07T19:48:10.174613+00:00,obs-20261007-01,LIGHT,PEPEUSDT,1.0,4.05e-06,4.06e-06,4.055e-06,24.691358024691024,8827927702,4.05e-06,4.06e-06,171,13,276743.20161975996,60752.49923274995,157346.11032017003,138377.31390591,4011.1352806500004,8329.13501736,44133.6570759,144761.17107942,235505.53961818002,272449.60644336,642381.72049453,519804.09065931,991771.28310594,765343.5025256699
2026-10-07T19:48:10.174613+00:00,obs-20261007-01,LIGHT,BNBUSDT,1.0,771.42,771.43,771.425,0.12963106997387897,20909709340,771.42,771.43,357,90,2944129.8630299997,2644256.8582400028,2932575.7767700017,2655457.1256299997,11474.0478,28097.22092,961606.0961699997,974192.41312,1631810.6605000005,2497248.0578500014,3482648.446680003,4305937.020420005,5894309.735060003,5636188.514250001
2026-10-07T19:48:10.174613+00:00,obs-20261007-01,LIGHT,AAVEUSDT,1.0,172.22,172.23,172.225,0.580652653581204,10439321555,172.22,172.23,205,19,148217.01447999998,943405.2043999999,159043.1571699999,887860.8432100003,2808.63356,428.75986,110242.69234000002,200430.53717999998,214023.48211000004,254380.77119999993,268034.2026100001,319243.26313000004,787224.9087500001,353495.65508
2026-10-07T19:48:10.174613+00:00,obs-20261007-01,LIGHT,AVAXUSDT,1.0,11.282,11.283,11.282499999999999,0.8863676653070307,10519625948,11.282,11.283,372,72,787873.30219,1291790.5940100006,744549.6553399997,1358167.1051200004,7795.12063,18517.091660000006,221709.16603000002,145264.43956,403480.90251,230111.78844999993,482258.48043000005,372420.90452,571392.0520200004,533569.1847199999
2026-10-07T19:48:10.174613+00:00,obs-20261007-01,LIGHT,FILUSDT,1.0,1.025,1.0251,1.0250499999999998,0.9756097560975618,9895240943,1.025,1.0251,267,13,343001.3798759999,159583.63991399997,342697.96061000007,165678.85379899992,433.43860199999995,302.816178,95770.95075500001,76416.365574,188388.53177,133451.637254,304950.9730360002,207237.48839299998,398291.96778200025,284884.6606520001
2026-10-07T19:48:10.174613+00:00,obs-20261007-01,LIGHT,ALGOUSDT,1.0,0.1179,0.118,0.11795,8.481764206953457,5664384625,0.1179,0.118,206,4,195747.79629999996,39864.22380000003,196003.5466,33101.836400000015,3380.5859000000005,18.88,33697.994399999996,30223.185100000002,99023.2732,63179.771700000005,143477.14349999998,99999.4631,168651.8075999999,114692.37100000001
2026-10-07T19:48:10.174613+00:00,obs-20261007-01,LIGHT,XRPUSDT,1.0,1.4221,1.4222,1.4221499999999998,0.7031854299976992,26677420759,1.4221,1.4222,381,51,3060293.043609999,2178649.4086300014,3260988.142329998,2115869.73681,49674.32828999999,28229.640149999996,846877.1549200001,1250460.33922,1410270.9868400006,1563962.2354500005,3056980.7590200007,2396635.7700999994,4380764.357629999,3097495.60103
2026-10-07T19:48:10.174613+00:00,obs-20261007-01,LIGHT,HBARUSDT,1.0,0.09244,0.09245,0.092445,1.081782778018514,8392967785,0.09244,0.09245,293,22,416294.83824000007,393315.12794,437365.07845999976,383731.77809000004,1975.0696800000003,2091.52483,130711.38397000001,111930.98891,249409.15618000002,232085.66076999996,423026.40752999997,391941.35653,900614.0063300001,722107.83936
2026-10-07T19:49:10.198815+00:00,obs-20261007-01,LIGHT,PEPEUSDT,1.0,4.05e-06,4.06e-06,4.055e-06,24.691358024691024,8827927904,4.05e-06,4.06e-06,103,8,197645.03010359,17088.84482618,188919.95296918997,16045.989383659997,0.0,660.99327756,84544.00055730001,145122.75286866,274418.48914890003,273492.46188588,651106.7976289301,520846.94610183,991330.0592823401,767405.0912987699
2026-10-07T19:49:10.198815+00:00,obs-20261007-01,LIGHT,BNBUSDT,1.0,771.48,771.49,771.485,0.1296209882295507,20909714008,771.48,771.49,405,101,2493925.132,1952162.285620002,2761393.1736100013,2059302.06972,6925.742580000001,7994.7692099999995,817945.0925399999,981056.8740799997,1535869.7213400013,2537601.812710002,3201881.987620003,4198922.682480004,5632317.380780003,5532155.393940001
2026-10-07T19:49:10.198815+00:00,obs-20261007-01,LIGHT,AAVEUSDT,1.0,172.26,172.27,172.265,0.5805178218976081,10439322523,172.26,172.27,203,15,146964.37299000003,840717.8403099992,141524.05319,955349.6482999998,456.47565,4002.21528,90712.67527999998,85718.73898000002,218798.19814999998,140576.58014000006,273100.87287,204787.32870000013,792620.32775,239108.56080000006
2026-10-07T19:49:10.198815+00:00,obs-20261007-01,LIGHT,AVAXUSDT,1.0,11.288,11.289,11.288499999999999,0.8858965272851016,10519631307,11.288,11.289,382,114,770094.9362200005,1334971.0644600007,846783.9452899998,1334761.8269500001,10492.262480000001,11937.453969999997,130268.44884,154752.80315999998,318332.49126,240220.35549999998,398909.06306,393547.14933,485261.90333999996,535744.6049799998
2026-10-07T19:49:10.198815+00:00,obs-20261007-01,LIGHT,FILUSDT,1.0,1.026,1.0261,1.0260500000000001,0.974658869394851,9895242880,1.026,1.0261,288,46,428808.5069619999,264539.985943,445163.16673199984,286981.4440180001,3059.7223409999997,2680.5338750000005,69455.620589,78422.26540900001,136634.311261,134379.017325,273772.8001540001,188629.70796799992,374373.8711900001,267393.73724999983
2026-10-07T19:49:10.198815+00:00,obs-20261007-01,LIGHT,ALGOUSDT,1.0,0.1181,0.1182,0.11815,8.467400508043177,5664385322,0.1181,0.1182,126,6,162162.37079999998,40411.07890000001,150028.6618,48096.446899999995,70.2695,1437.3767,20304.7833,24012.978500000005,64263.4886,71751.38230000001,146159.2396,100330.76130000001,178781.89379999993,113213.25810000002
2026-10-07T19:49:10.198815+00:00,obs-20261007-01,LIGHT,XRPUSDT,1.0,1.4217,1.4218,1.4217499999999998,0.70338327354591,26677425318,1.4217,1.4218,512,45,2333230.9057799997,1646527.3605999998,2193739.9195800005,1826754.1844499994,45191.449559999994,45916.83753,817579.30859,1013978.05689,1520609.6302000007,1371316.0557200008,3222231.1113000014,2215723.0894800005,4539086.624449998,2915465.6708400003
2026-10-07T19:49:10.198815+00:00,obs-20261007-01,LIGHT,HBARUSDT,1.0,0.09248,0.09249,0.09248500000000001,1.0813148788924032,8392970073,0.09248,0.09249,313,63,566920.9510999998,414118.97954000003,542952.9771999998,417264.6436900001,4733.941309999998,12547.123909999998,125457.88518000001,121296.56817,268728.71194,248316.33311999997,445685.91760999995,389375.92475999997,924576.2441400001,712692.12215
2026-10-07T19:50:10.198927+00:00,obs-20261007-01,LIGHT,PEPEUSDT,1.0,4.05e-06,4.06e-06,4.055e-06,24.691358024691024,8827928181,4.05e-06,4.06e-06,84,10,104391.75804034,137489.60182841998,78330.54832144,59749.45363298,210.07897155,669.8716530800001,104171.92382970001,103082.61504366,300486.19569978,264792.33643512,677168.0073478301,598587.09429727,1005684.1686217901,945308.94221251
2026-10-07T19:50:10.198927+00:00,obs-20261007-01,LIGHT,BNBUSDT,1.0,771.61,771.62,771.615,0.12959914982957343,20909718025,771.61,771.62,357,95,3226972.7208399996,1273985.9986700008,3367579.6325199986,1326118.679910001,15518.51864,47719.95365999999,830304.6616800001,947339.2194199997,1575715.7889300012,2492732.9345500018,3058446.713950003,4148294.7552800025,5060897.4152999995,5536716.231020004
2026-10-07T19:50:10.198927+00:00,obs-20261007-01,LIGHT,AAVEUSDT,1.0,172.41,172.42,172.415,0.5800127602806349,10439324431,172.41,172.42,214,23,523203.05903999996,572927.25535,405996.9599499997,523188.9665499999,1689.00368,831.7434700000001,195388.55107999995,134455.87221999996,304069.02631999983,197091.8974399999,382402.7733799997,260777.88205999992,909789.6730899996,289611.7282599998
2026-10-07T19:50:10.198927+00:00,obs-20261007-01,LIGHT,AVAXUSDT,1.0,11.293,11.294,11.2935,0.8855042946964709,10519635697,11.293,11.294,308,76,627842.0310700003,1205517.4420300007,586679.9712699999,1193117.1573700004,10138.678090000009,19081.981770000002,134597.31794,158376.19359,302763.52427999995,250006.30233000006,439654.1358099999,475042.4242500001,524302.8633099998,549693.1712299999
2026-10-07T19:50:10.198927+00:00,obs-20261007-01,LIGHT,FILUSDT,1.0,1.028,1.0281,1.02805,0.9727626459143934,9895245225,1.028,1.0281,300,52,278772.0824179998,269369.23584699986,258628.61871600006,272680.0002990001,331.24417400000004,8803.216732000003,74538.560879,87068.536334,137956.82811699997,131766.088847,268841.1610659999,205867.22938899996,401041.92692399985,283867.367329
2026-10-07T19:50:10.198927+00:00,obs-20261007-01,LIGHT,ALGOUSDT,1.0,0.1182,0.1183,0.11825,8.460236886633776,5664385861,0.1182,0.1183,136,1,90542.5972,37270.65930000001,82782.15530000001,49260.618700000006,0.0,215.8332,22763.1955,21849.8047,50239.7902,61267.8907,148727.1045,88882.8779,180378.20289999992,104390.08980000003
2026-10-07T19:50:10.198927+00:00,obs-20261007-01,LIGHT,XRPUSDT,1.0,1.423,1.4231,1.42305,0.7027406886850329,26677432058,1.423,1.4231,489,84,4000911.9747399995,3175507.49134,3822913.073370002,3101193.4733799985,24886.625610000003,54924.91199,914650.62774,1051034.8870000003,1677050.4134800003,1463721.3938600007,3331602.6546999984,2303709.1593300006,4721975.496089995,2997268.9481400005
2026-10-07T19:50:10.198927+00:00,obs-20261007-01,LIGHT,HBARUSDT,1.0,0.09257,0.09258,0.09257499999999999,1.0802635843143449,8392972272,0.09257,0.09258,289,43,613829.5607200001,296856.68110000005,576452.1238300002,333498.76901999995,1294.86667,6722.10962,144290.14143,100999.58163,265301.87481,210754.80045,465254.73772,363527.90132,951504.8413,677527.31183
2026-10-07T19:51:10.214467+00:00,obs-20261007-01,LIGHT,PEPEUSDT,1.0,4.06e-06,4.07e-06,4.065e-06,24.630541871921707,8827929147,4.06e-06,4.07e-06,177,27,445336.34213894024,275787.2448036501,344626.38775926013,359175.87319538003,965.19331664,23731.85756596,45712.86955256,167020.70659736,220112.13000611,385880.33145872003,570440.21223909,635254.53066294,995680.6576456599,912481.80547272
2026-10-07T19:51:10.214467+00:00,obs-20261007-01,LIGHT,BNBUSDT,1.0,772.14,772.15,772.145,0.12951019245255324,20909723864,772.14,772.15,440,161,6771249.983280004,3974153.364,6166771.9260300035,3953465.1582699986,12437.70901,31119.436910000008,807318.2049199999,1752698.852370001,1611323.0211400006,2650915.845130003,3412098.2651200052,4279580.409440005,5687035.826160004,5558408.809850003
2026-10-07T19:51:10.214467+00:00,obs-20261007-01,LIGHT,AAVEUSDT,1.0,172.59,172.6,172.595,0.5794078451826223,10439327050,172.59,172.6,263,39,387402.6223,651132.29248,300239.12347999983,673438.8657099998,3190.44721,3785.3873099999996,235053.08311,110744.39872000001,353969.38327000017,190994.52631000002,453648.5914399998,236494.84216000003,994470.0122699996,281929.8857500001
2026-10-07T19:51:10.214467+00:00,obs-20261007-01,LIGHT,AVAXUSDT,1.0,11.308,11.309,11.308499999999999,0.8843296781035903,10519640145,11.308,11.309,378,50,591471.1509799995,1138427.3358799997,532023.0293300002,1160412.2678499995,6506.473510000002,10589.539589999998,145499.24004,165351.78961999997,332891.5348599999,321539.6739899999,497142.74476,476269.0462099999,573330.1519,526282.4811100002
2026-10-07T19:51:10.214467+00:00,obs-20261007-01,LIGHT,FILUSDT,1.0,1.0295,1.0296,1.02955,0.9713453132587091,9895248897,1.0295,1.0296,364,95,564438.412917,473115.62742999976,606197.8117580002,498441.27239000006,3884.0760050000004,7270.948526000002,63332.014974000005,49927.647855,137121.263273,114683.31845600001,212045.667176,199659.24351200004,337405.1045140001,272321.865029
2026-10-07T19:51:10.214467+00:00,obs-20261007-01,LIGHT,ALGOUSDT,1.0,0.1183,0.1184,0.11835000000000001,8.453085376163294,5664386407,0.1183,0.1184,122,3,74533.2499,46875.94790000001,69165.58070000002,43492.90410000002,33.3425,24.843,28538.6757,25417.6428,52730.1206,63856.7273,146997.1085,95161.76520000001,176740.01749999993,108314.90270000002
2026-10-07T19:51:10.214467+00:00,obs-20261007-01,LIGHT,XRPUSDT,1.0,1.4235,1.4236,1.42355,0.7024938531796643,26677437621,1.4235,1.4236,488,57,2750620.293560001,2792114.1622699993,2572798.6204600018,2872211.9788700007,36467.84926000001,37895.99858000001,1038349.3982400001,1024321.8757899998,1681690.1785500003,1388151.6057099996,3480623.5401299982,2226572.2243500007,4886763.550769996,2953301.114240001
2026-10-07T19:51:10.214467+00:00,obs-20261007-01,LIGHT,HBARUSDT,1.0,0.09265,0.09266,0.092655,1.0793308148948633,8392973655,0.09265,0.09266,229,19,760769.0428599998,356218.4256900001,756206.3151999998,381568.6994299999,1465.5144599999999,1479.13374,126564.03962,104915.18141,242786.11530999996,190906.46604000003,467434.0195899999,339058.3202400001,955815.1171,652286.13012
2026-10-07T19:52:10.223674+00:00,obs-20261007-01,LIGHT,PEPEUSDT,1.0,4.05e-06,4.06e-06,4.055e-06,24.691358024691024,8827929585,4.05e-06,4.06e-06,114,12,210835.69825673,220923.56236748004,260956.05592382987,122663.16895397997,12181.21744784,706.38944859,106226.7060798,115575.27465302001,302499.02796752006,353706.34915093,674064.50211599,602881.26150854,1000071.85904786,945850.96011978
2026-10-07T19:52:10.223674+00:00,obs-20261007-01,LIGHT,BNBUSDT,1.0,771.75,771.76,771.755,0.12957563978011066,20909728088,771.75,771.76,398,116,2264107.0438299994,2430584.1409,2330703.23093,2242213.4414700004,40522.465479999984,8740.27975,994149.4796100002,1152787.0416799996,1594634.4592400016,2631668.930830002,3348484.383690005,4358631.874480007,5740945.214990007,5728584.4816400055
2026-10-07T19:52:10.223674+00:00,obs-20261007-01,LIGHT,AAVEUSDT,1.0,172.36,172.37,172.365,0.5801810164762777,10439329204,172.36,172.37,260,41,549607.0954600003,953454.19797,769400.86208,938648.5708800001,11911.38122,710.97636,105630.52352999999,139168.81254,190426.18872000003,185505.9698100001,252973.25108000007,248186.52407000013,787200.98174,279895.39794999996
2026-10-07T19:52:10.223674+00:00,obs-20261007-01,LIGHT,AVAXUSDT,1.0,11.282,11.283,11.282499999999999,0.8863676653070307,10519644310,11.282,11.283,332,52,608073.7666699999,1036332.7539300004,716669.6557800005,990374.2062900001,10441.388830000005,3063.39899,163099.30785,150679.98791,345823.00111,252375.80383000005,397090.6937500001,406093.34099,487159.25222,565700.7009700001
2026-10-07T19:52:10.223674+00:00,obs-20261007-01,LIGHT,FILUSDT,1.0,1.0283,1.0284,1.02835,0.9724788485843128,9895252145,1.0283,1.0284,361,62,501994.3240549999,345528.158977,526892.0093479999,328109.786909,3154.074668,7259.950958999999,67605.27480500001,58276.87262,115507.74956599998,115333.62375200003,197362.43296599993,201373.57338500003,323761.3937509999,288691.79450500006
2026-10-07T19:52:10.223674+00:00,obs-20261007-01,LIGHT,ALGOUSDT,1.0,0.1181,0.1182,0.11815,8.467400508043177,5664387784,0.1181,0.1182,239,12,250141.75209999998,57697.35470000001,284296.93530000007,47277.835000000014,1281.4095,420.7061,24563.540699999998,20312.380900000004,64430.528999999995,59482.10220000001,122041.07770000001,99183.8897,151118.036,117512.0916
2026-10-07T19:52:10.223674+00:00,obs-20261007-01,LIGHT,XRPUSDT,1.0,1.4224,1.4225,1.42245,0.7030371203597952,26677441146,1.4224,1.4225,351,42,1873080.1673099992,1532163.4140400016,2208933.760359999,1407177.04362,17236.175339999998,16486.12822,826877.86528,1094863.1640500003,1431411.35997,1351157.5266200006,3198999.28833,2350732.945570001,4565106.083619995,3040217.501510001
2026-10-07T19:52:10.223674+00:00,obs-20261007-01,LIGHT,HBARUSDT,1.0,0.09255,0.09256,0.092555,1.0804970286337756,8392975393,0.09255,0.09256,254,48,336996.04009999987,590561.11204,354932.09912000014,557727.1888899999,2912.80731,3475.0004699999995,173806.94822000002,107767.08556000002,279743.9750600001,215957.7052900001,451900.1917400001,371003.97804000013,938132.1690400002,684960.7298000001
2026-10-07T19:53:10.227040+00:00,obs-20261007-01,LIGHT,PEPEUSDT,1.0,4.05e-06,4.06e-06,4.055e-06,24.691358024691024,8827929930,4.05e-06,4.06e-06,112,10,46385.90211882,262402.69371241995,45256.69405444,271922.9406583999,0.0,1253.86125326,104095.11053745,143178.92454166,303878.19803269,346456.41786551,675193.7101803699,593361.01456256,1008509.6091296199,931523.1357642
2026-10-07T19:53:10.227040+00:00,obs-20261007-01,LIGHT,BNBUSDT,1.0,771.72,771.73,771.725,0.12958067692858677,20909730791,771.72,771.73,315,58,2495726.4840200003,2023452.948229999,2452311.669479999,2030276.61312,5764.75666,4394.81897,1001139.8379100002,1113565.71758,1638660.1963500017,2672524.9596800026,3392062.697260004,4351788.723140009,5783721.562770004,5721700.845510009
2026-10-07T19:53:10.227040+00:00,obs-20261007-01,LIGHT,AAVEUSDT,1.0,172.32,172.33,172.325,0.5803156917383312,10439331208,172.32,172.33,226,31,505156.3519499998,799855.9558900004,451214.65133,844741.1385800003,1307.1094200000002,5906.555689999999,147921.51163,85094.85692999998,247429.80354000002,142403.14668,307293.72738999996,203255.03876000008,841142.3669099997,234317.54380999997
2026-10-07T19:53:10.227040+00:00,obs-20261007-01,LIGHT,AVAXUSDT,1.0,11.272,11.273,11.2725,0.8871540099364417,10519648520,11.272,11.273,340,60,559139.8947599999,1186830.6415900001,545088.4918900001,1167415.3069300007,2907.5646500000003,2691.14595,226447.84358,156980.25146,374654.10074999987,244676.42193000004,415538.4853999999,424784.35264,515232.6856799998,558248.4966300004
2026-10-07T19:53:10.227040+00:00,obs-20261007-01,LIGHT,FILUSDT,1.0,1.0281,1.0282,1.0281500000000001,0.97266802840279,9895254306,1.0281,1.0282,362,26,388295.2292630001,298088.27572999994,377158.33963,277686.5281179999,1118.857937,889.3904980000001,76162.350363,72566.250647,125647.74265399999,140850.83040099998,212751.47565900002,218000.65941799997,335048.09520299995,305487.5786340001
2026-10-07T19:53:10.227040+00:00,obs-20261007-01,LIGHT,ALGOUSDT,1.0,0.1181,0.1182,0.11815,8.467400508043177,5664388361,0.1181,0.1182,102,3,122653.65690000002,30349.3588,109775.45149999998,27590.0753,342.0176,6.1464,26081.9216,30646.258700000002,67489.07620000001,71504.8983,134919.2831,101943.17319999999,163979.77879999997,118379.65459999998
2026-10-07T19:53:10.227040+00:00,obs-20261007-01,LIGHT,XRPUSDT,1.0,1.4214,1.4215,1.42145,0.7035317292802823,26677445484,1.4214,1.4215,400,59,2169993.953740001,2102428.4609899977,2221576.53124,2113714.8290799987,17024.358309999992,37906.372090000004,852149.8814000001,1084418.6474900004,1384751.9306700001,1350596.9294600005,3196102.239590001,2327468.194959999,4491256.162919998,3008490.490139999
2026-10-07T19:53:10.227040+00:00,obs-20261007-01,LIGHT,HBARUSDT,1.0,0.09254,0.09255,0.09254499999999999,1.0806137886310019,8392977188,0.09254,0.09255,261,32,671414.9605800003,558037.27819,675406.7993899998,554858.33543,3092.7760799999996,3826.8814899999998,157195.34344999993,114719.72877000002,282555.81338999997,222703.72345000005,448748.69156999985,374170.0205600001,940178.3312299999,688125.32376
2026-10-07T19:54:10.227495+00:00,obs-20261007-01,LIGHT,PEPEUSDT,1.0,4.05e-06,4.06e-06,4.055e-06,24.691358024691024,8827930136,4.05e-06,4.06e-06,80,10,33598.05702656,323350.21648416,24620.173845590005,314035.41493308,0.0,604.70512494,120139.00801785,113110.62302596,312920.61752485,355005.20816002996,684171.59336134,602675.81611364,1010535.7347924599,936031.3722530799
2026-10-07T19:54:10.227495+00:00,obs-20261007-01,LIGHT,BNBUSDT,1.0,771.69,771.7,771.695,0.12958571447008183,20909732659,771.69,771.7,294,51,821078.9505800003,821755.8702299997,809123.8975,846055.3191800001,3052.06021,3717.2891000000004,1037485.8554200003,1115066.69866,1650679.6624900016,2647013.2868500017,3458255.637390004,4327264.798540005,5795943.645100004,5697248.599850006
2026-10-07T19:54:10.227495+00:00,obs-20261007-01,LIGHT,AAVEUSDT,1.0,172.37,172.38,172.375,0.5801473574273963,10439332048,172.37,172.38,174,11,472318.9617,243685.42161000002,362092.13761999994,243983.05599,716.00724,523.94151,256502.26186999993,88870.39691999997,339655.1615499997,150406.51122999997,417141.7757799997,203011.36696,939146.4811299996,234454.70003999994
2026-10-07T19:54:10.227495+00:00,obs-20261007-01,LIGHT,AVAXUSDT,1.0,11.287,11.288,11.287500000000001,0.8859750155032486,10519652457,11.287,11.288,314,68,297835.9578800001,998705.0290100002,285805.82503000007,1044547.1454500005,1226.24971,13293.7095,143245.25191,152258.46315,331447.25736,245195.46122,420819.35363,400090.41622,505374.00484999997,541312.8645699999
2026-10-07T19:54:10.227495+00:00,obs-20261007-01,LIGHT,FILUSDT,1.0,1.0292,1.0293,1.02925,0.9716284492822247,9895256349,1.0292,1.0293,320,32,441642.79378600005,300263.29306299996,418113.0455330001,333058.3541939999,2912.655921999999,2902.133616,66897.72614299999,62363.563092000004,134249.290008,130149.60575400002,231453.14134099995,204620.563887,351370.0580729998,277084.933509
2026-10-07T19:54:10.227495+00:00,obs-20261007-01,LIGHT,ALGOUSDT,1.0,0.1181,0.1182,0.11815,8.467400508043177,5664388827,0.1181,0.1182,118,1,177727.8572,17376.950200000003,186932.802,19689.258699999995,0.0,22.6944,31010.8583,33360.5912,72779.8078,69929.9398,125714.3383,99630.8647,154293.3443,116067.3461
2026-10-07T19:54:10.227495+00:00,obs-20261007-01,LIGHT,XRPUSDT,1.0,1.4215,1.4216,1.4215499999999999,0.7034822370743932,26677449210,1.4215,1.4216,333,62,2139512.4119100007,1464136.3156500005,1783932.7713099995,1692724.6138499998,17782.354610000002,41325.93701999999,1089301.76172,935646.26182,1575882.5768600001,1247227.5227999997,3551287.555930001,2099725.8144099996,4846624.908299999,2780430.27853
2026-10-07T19:54:10.227495+00:00,obs-20261007-01,LIGHT,HBARUSDT,1.0,0.09264,0.09265,0.092645,1.0794473229691626,8392978919,0.09264,0.09265,313,25,725992.4363399998,214346.22878,686050.9565099997,245943.58416000003,1454.7301200000002,3548.82871,155110.87995999996,119885.05767,286720.13736,204853.38811999996,485454.8474699999,343473.83077,973854.7057799998,656696.1596499999
2026-10-07T19:55:10.248403+00:00,obs-20261007-01,LIGHT,PEPEUSDT,1.0,4.05e-06,4.06e-06,4.055e-06,24.691358024691024,8827930380,4.05e-06,4.06e-06,96,13,81022.18319274,308501.68384953,87567.88924760002,379345.48346873996,168.7731552,684.02680654,137039.75676495,11158.8006439,306710.14464343,189186.20892482,677625.88730648,531832.01649443,1003751.01562654,905977.79286842
2026-10-07T19:55:10.248403+00:00,obs-20261007-01,LIGHT,BNBUSDT,1.0,771.96,771.97,771.965,0.12954039069423828,20909736836,771.96,771.97,376,127,1839490.305649999,1893735.7287100002,2015532.4920899998,1951965.4515200004,5307.04069,67192.04646999997,875689.7871800003,1131695.7610999995,1621429.195400001,2593238.997920002,3226727.0028400035,4271464.219670005,5195435.911660004,5648920.403880006
2026-10-07T19:55:10.248403+00:00,obs-20261007-01,LIGHT,AAVEUSDT,1.0,172.52,172.53,172.525,0.5796429399484992,10439334436,172.52,172.53,234,36,1005660.2865399999,447097.87936,1140820.711439999,470099.4859,2617.54167,2899.5750500000004,121642.97489,81195.10482000001,188428.73949,150918.99021999998,266331.5833300001,184932.49083999995,794690.2951900001,213935.1924099999
2026-10-07T19:55:10.248403+00:00,obs-20261007-01,LIGHT,AVAXUSDT,1.0,11.295,11.296,11.2955,0.8853474988934629,10519655896,11.295,11.296,289,81,401170.5086899999,897167.9518399995,385448.90515999985,920514.3356699998,3618.8433500000006,16471.252559999997,173110.59301000004,150941.11562,366708.96171000006,307617.40447,433417.49428000004,446649.71538999997,520155.11821000004,518253.84544000024
2026-10-07T19:55:10.248403+00:00,obs-20261007-01,LIGHT,FILUSDT,1.0,1.0294,1.0295,1.0294500000000002,0.9714396735960307,9895258352,1.0294,1.0295,258,29,300460.12795200007,231611.30505499992,311511.785766,245996.524325,216.73815800000003,13560.638035000004,58649.371661,56638.382985000004,138485.30591400003,112589.94514099997,214931.717321,190264.474209,340182.15423199977,262953.3954309999
2026-10-07T19:55:10.248403+00:00,obs-20261007-01,LIGHT,ALGOUSDT,1.0,0.1182,0.1183,0.11825,8.460236886633776,5664389447,0.1182,0.1183,135,1,170230.04089999993,44080.4658,149738.97039999996,57526.76629999998,0.0,118.2,21540.7194,30153.944999999996,67701.0485,59663.06159999999,143614.6778,88047.2042,173969.1181,103011.54839999999
2026-10-07T19:55:10.248403+00:00,obs-20261007-01,LIGHT,XRPUSDT,1.0,1.4225,1.4226,1.4225500000000002,0.7029876977160399,26677454898,1.4225,1.4226,391,73,2912518.0626,2781386.5129700005,2790285.9205899998,2821938.700879998,11643.863619999998,80493.63925000001,1098760.31705,920469.55205,1650136.7352099998,1238549.02053,3624527.1667599995,2074437.6719000007,4962425.441979996,2764232.950060001
2026-10-07T19:55:10.248403+00:00,obs-20261007-01,LIGHT,HBARUSDT,1.0,0.09273,0.09274,0.09273500000000001,1.0783996549124097,8392981307,0.09273,0.09274,297,49,1302826.7162000006,428242.18079000013,1330436.0299199994,456135.07725,29797.49753999999,7975.366870000001,124293.1138,109500.70625000003,253610.68160999997,187225.19778000005,448838.71132,320120.41075000016,943437.29122,638249.2265400001
2026-10-07T19:56:10.259531+00:00,obs-20261007-01,LIGHT,PEPEUSDT,1.0,4.05e-06,4.06e-06,4.055e-06,24.691358024691024,8827930676,4.05e-06,4.06e-06,118,9,81253.16579368,214119.69748150004,80225.95718104,136887.59629552,13.3848774,10532.71951746,120987.4670649,94681.97047498,307076.45054790005,267006.51835376,678653.09591912,609064.11768041,1004779.7242391799,941081.70730777
2026-10-07T19:56:10.259531+00:00,obs-20261007-01,LIGHT,BNBUSDT,1.0,771.49,771.5,771.495,0.12961930809129996,20909740643,771.49,771.5,389,91,2920183.714479999,2958999.7007399993,3175742.960450001,2920726.1613600003,12548.417069999996,417.55584000000005,1012904.9806499999,917644.14993,1598185.5945400011,2527969.066910002,3222851.225620003,4305309.644250006,5151129.392680003,5621169.459890006
2026-10-07T19:56:10.259531+00:00,obs-20261007-01,LIGHT,AAVEUSDT,1.0,172.39,172.4,172.39499999999998,0.5800800510491477,10439336533,172.39,172.4,283,35,1089586.87498,898429.6811999996,946065.2102600003,822075.4910500002,7147.390269999999,5216.461290000001,253004.3268499999,144076.72638999997,355899.6484899997,206781.71249000003,415099.7206599996,256369.34767000005,952804.7667699996,287817.79204999993
2026-10-07T19:56:10.259531+00:00,obs-20261007-01,LIGHT,AVAXUSDT,1.0,11.278,11.279,11.278500000000001,0.8866820358210958,10519659056,11.278,11.279,297,41,427086.79520000005,902301.2578700001,449801.66488000005,832359.1569199999,2863.89177,931.73952,195754.49391,170845.03813000003,373234.5341000001,270332.42696000007,420092.04129,425577.92702000006,509609.2884700001,578630.9673300005
2026-10-07T19:56:10.259531+00:00,obs-20261007-01,LIGHT,FILUSDT,1.0,1.03,1.0301,1.0300500000000001,0.970873786407811,9895260457,1.03,1.0301,320,30,357880.8423259999,333462.2854359999,325991.8503420001,323594.35929800035,146.32883,1834.873857,67943.59164000001,78950.148675,139563.91881100004,131989.777306,246502.1406630001,204231.08059100006,366166.06094499986,276495.972787
2026-10-07T19:56:10.259531+00:00,obs-20261007-01,LIGHT,ALGOUSDT,1.0,0.1181,0.1182,0.11815,8.467400508043177,5664390050,0.1181,0.1182,164,3,106271.73659999999,43416.05290000002,115990.12499999999,21496.901599999997,18.3136,9.5742,26516.404899999998,32705.315800000004,73518.3701,77037.1548,136487.0204,108103.7155,165952.33439999996,122269.6969
2026-10-07T19:56:10.259531+00:00,obs-20261007-01,LIGHT,XRPUSDT,1.0,1.4207,1.4208,1.42075,0.7038783698165574,26677462212,1.4207,1.4208,469,94,3287189.6865000012,4141962.419929997,3672726.589520001,3933668.915319999,78055.00484999998,110125.12904999996,1030956.9055499999,987448.0716200003,1614905.02874,1382407.4571500004,3290417.4933699993,2258678.8705,4614093.898589997,2945993.309579999
2026-10-07T19:56:10.259531+00:00,obs-20261007-01,LIGHT,HBARUSDT,1.0,0.0926,0.09261,0.09260499999999999,1.079913606911731,8392983316,0.0926,0.09261,257,25,458702.4132099996,976851.15061,479022.73962999985,933481.21644,1161.75873,1697.27374,133739.33658,120528.86494999999,239560.50172999996,215145.5423,438764.45974999986,358912.4169400001,926084.74004,681604.9866299999
2026-10-07T19:57:10.267385+00:00,obs-20261007-01,LIGHT,PEPEUSDT,1.0,4.05e-06,4.06e-06,4.055e-06,24.691358024691024,8827931105,4.05e-06,4.06e-06,131,8,217740.85286612005,109611.96514752002,212859.1951421,108948.61936026,2819.7192649500003,647.1863503,118262.5848234,99235.20861660001,312455.36232676,353439.19831142,683534.7536431401,609727.46346767,1010509.8955752,941745.05309503
2026-10-07T19:57:10.267385+00:00,obs-20261007-01,LIGHT,BNBUSDT,1.0,771.54,771.55,771.545,0.12961090805285735,20909745392,771.54,771.55,413,114,3536010.0839000004,1846678.6997199997,3102872.546870001,1846749.4900199985,18173.83132,45753.47598999999,957836.99969,955785.3515499998,1649813.930500001,2542020.695010002,3462365.3927600035,4305806.130180003,5799484.966600005,5641351.914690002
2026-10-07T19:57:10.267385+00:00,obs-20261007-01,LIGHT,AAVEUSDT,1.0,172.57,172.58,172.575,0.579474995654472,10439339577,172.57,172.58,277,51,1216752.2280099995,751421.1519500004,1159912.5147,815203.9431600001,3401.4956899999997,3159.4052099999994,296190.05266,92831.32365,363345.3709499999,155877.00909999994,459757.6853899995,198040.53445999988,1000196.0904799994,240818.81856999986
2026-10-07T19:57:10.267385+00:00,obs-20261007-01,LIGHT,AVAXUSDT,1.0,11.269,11.27,11.2695,0.887390185464465,10519663804,11.269,11.27,355,80,689370.0545799998,1240644.7717199996,688573.0651900001,1247957.9078599997,12419.877829999998,11993.194090000003,223091.47903000002,148726.36790000004,341559.1020900002,248420.84397000005,421457.7553600003,418224.81718,529800.3068300002,553720.8458400005
2026-10-07T19:57:10.267385+00:00,obs-20261007-01,LIGHT,FILUSDT,1.0,1.03,1.0301,1.0300500000000001,0.970873786407811,9895262419,1.03,1.0301,337,21,372053.4710800001,226373.930733,372622.2714920001,227074.0062710002,387.790386,846.512788,68931.394979,78422.381557,150725.807766,134355.989747,245933.340251,203531.00505300003,365993.80395699985,275788.43048899993
2026-10-07T19:57:10.267385+00:00,obs-20261007-01,LIGHT,ALGOUSDT,1.0,0.1181,0.1182,0.11815,8.467400508043177,5664390412,0.1181,0.1182,148,0,39287.9345,16536.931500000002,33269.2856,17915.5341,0.0,0.0,26536.8359,37065.9498,84486.04370000001,77137.8972,142505.66930000004,106725.1129,171521.4441,120891.0012
2026-10-07T19:57:10.267385+00:00,obs-20261007-01,LIGHT,XRPUSDT,1.0,1.42,1.4201,1.4200499999999998,0.7042253521127861,26677468733,1.42,1.4201,441,118,4039902.4020499997,2876527.33113,3914880.5170299984,2890303.6487200004,80790.90467,49856.7964,1107425.5552200002,892138.57215,1553030.05568,1274426.5854799997,3432625.6034099986,2244680.9232299994,4750850.435699996,2929134.1823999994
2026-10-07T19:57:10.267385+00:00,obs-20261007-01,LIGHT,HBARUSDT,1.0,0.09258,0.09259,0.092585,1.0801468999788177,8392985267,0.09258,0.09259,271,26,617357.58178,359958.7678900001,642540.3875299996,350501.28437,1044.4632000000001,3979.4366699999996,128171.94402000001,122936.84527,246052.81093,224962.42028,414689.73173999984,368364.3827800001,906930.1142799999,689595.33292
2026-10-07T19:58:10.272352+00:00,obs-20261007-01,LIGHT,PEPEUSDT,1.0,4.05e-06,4.06e-06,4.055e-06,24.691358024691024,8827931256,4.05e-06,4.06e-06,56,8,87732.17207306002,18879.22835355,100875.84567877001,119900.42353680001,2.1771585,631.2244806,118243.1735379,98870.79863542,299312.85733642,253040.83691537002,670391.08003743,508706.26828442,996449.4257974899,754530.2059330901
2026-10-07T19:58:10.272352+00:00,obs-20261007-01,LIGHT,BNBUSDT,1.0,771.38,771.39,771.385,0.12963779200791947,20909748336,771.38,771.39,348,76,1956735.3745699995,776634.4222000005,2129606.388500001,935482.9045600002,12322.220469999997,9578.33269,1065763.7261500002,887011.6144699998,1669556.3850600012,2495102.4890800016,3485205.7273500026,4100878.4249200025,5901111.745090003,5478389.16712
2026-10-07T19:58:10.272352+00:00,obs-20261007-01,LIGHT,AAVEUSDT,1.0,172.6,172.61,172.60500000000002,0.5793742757842502,10439341275,172.6,172.61,218,26,1006173.7149199999,307300.41331999993,978220.2958200003,309132.91889999993,1478.83579,2511.0960099999998,284074.50933000003,92074.89053,406442.77007999993,157500.33513999995,487665.65306999953,196329.36224999995,1027538.4696599994,239180.6611499999
2026-10-07T19:58:10.272352+00:00,obs-20261007-01,LIGHT,AVAXUSDT,1.0,11.265,11.266,11.2655,0.8877052818467845,10519666971,11.265,11.266,269,60,347101.5526399999,863385.4642499997,361975.62370999996,827523.42773,12535.83561,8232.61838,214041.44117,165770.71378,353983.0015799999,268039.29717999994,406648.60614000005,453713.5513999998,513930.58217999997,587372.3206200005
2026-10-07T19:58:10.272352+00:00,obs-20261007-01,LIGHT,FILUSDT,1.0,1.0294,1.0295,1.0294500000000002,0.9714396735960307,9895264287,1.0294,1.0295,260,29,566458.159049,225349.93549399992,578755.7716130001,211806.06911599997,2778.8097019999996,1508.255441,81997.283356,75892.325769,146699.773987,135233.71361800004,233948.79156899996,212976.19118700008,359076.2599049998,287325.20181400003
2026-10-07T19:58:10.272352+00:00,obs-20261007-01,LIGHT,ALGOUSDT,1.0,0.1181,0.1182,0.11815,8.467400508043177,5664390734,0.1181,0.1182,121,0,99720.11690000002,22400.0717,97146.5752,23437.1961,0.0,0.0,32325.9904,31358.8235,82816.22,75848.5717,145079.211,105687.98849999999,174095.07889999996,119853.96989999998
2026-10-07T19:58:10.272352+00:00,obs-20261007-01,LIGHT,XRPUSDT,1.0,1.4201,1.4202,1.42015,0.7041757622694433,26677473453,1.4201,1.4202,410,104,1587606.7597500007,1660181.192020001,1662571.4777399995,1718388.5710100008,34899.31354,89949.57069000001,1021410.1133900001,902134.5904300001,1446903.13679,1216759.7180199996,3356917.8672699993,2187037.3349999995,4668192.472319997,2871623.752159999
2026-10-07T19:58:10.272352+00:00,obs-20261007-01,LIGHT,HBARUSDT,1.0,0.09261,0.09262,0.092615,1.0797969981646283,8392986719,0.09261,0.09262,287,29,591356.3754200002,354833.58041000017,581289.7569899999,361160.72777999984,979.76475,6456.723720000002,125818.03327,130663.86111,239081.98962000004,227659.8008,423313.27370999986,362050.32983,916991.6512699999,684736.3807799999
2026-10-07T19:59:10.272987+00:00,obs-20261007-01,LIGHT,PEPEUSDT,1.0,4.05e-06,4.06e-06,4.055e-06,24.691358024691024,8827931610,4.05e-06,4.06e-06,106,11,265803.0111485001,26089.19627601,269162.87953664997,27088.863116129996,2.81427615,797.5513369600001,83775.27141405,114591.45187616,282033.17230381,253801.54076116998,667031.21164928,507706.6014442999,1007043.40398,753530.53909297
2026-10-07T19:59:10.272987+00:00,obs-20261007-01,LIGHT,BNBUSDT,1.0,771.27,771.28,771.275,0.12965628119809836,20909751446,771.27,771.28,417,63,2106671.40286,1921778.55748,2394888.765339999,1767608.9453200002,23868.88337000001,2171.4980499999997,842387.69233,971239.6509799998,1681842.0673500015,2527790.9262,3197651.953470002,4249210.890700001,5203894.575890005,5576508.4394200025
2026-10-07T19:59:10.272987+00:00,obs-20261007-01,LIGHT,AAVEUSDT,1.0,172.46,172.47,172.465,0.5798446016469505,10439342789,172.46,172.47,220,20,776653.2434599999,319352.2847100001,1026435.5092099996,293263.55377999996,2441.7954600000003,53.82,102557.97121999999,108559.47995999998,184070.86517,170609.77014999997,247357.37891000006,219769.28059999997,766146.2796100002,250974.65598999994
2026-10-07T19:59:10.272987+00:00,obs-20261007-01,LIGHT,AVAXUSDT,1.0,11.217,11.218,11.217500000000001,0.8915039671930636,10519676588,11.217,11.218,364,243,2275515.429200001,1258490.6912399996,2283912.382749999,1310307.7987999998,90795.73836999998,69427.13898,163163.95092,124833.79574999996,303184.96271000005,201140.5011199999,406174.7921400001,290857.7864699999,692246.6718799998,512332.9936699999
2026-10-07T19:59:10.272987+00:00,obs-20261007-01,LIGHT,FILUSDT,1.0,1.0281,1.0282,1.0281500000000001,0.97266802840279,9895266348,1.0281,1.0282,303,38,305066.6225089999,258402.7399260001,333204.6429039999,236662.975138,699.025922,1404.8814499999999,71903.500308,71996.182005,142146.89459399998,141059.45842200003,216108.61995100003,218402.90161300008,337112.9689519999,302705.1342390002
2026-10-07T19:59:10.272987+00:00,obs-20261007-01,LIGHT,ALGOUSDT,1.0,0.118,0.1181,0.11804999999999999,8.474576271186862,5664391139,0.118,0.1181,112,2,134769.6407,38226.86459999999,163537.1446,36336.7916,19.1322,9.5661,29578.6746,18771.2633,72741.2206,66098.8075,118679.7504,100074.9266,146622.65150000004,121470.1464
2026-10-07T19:59:10.272987+00:00,obs-20261007-01,LIGHT,XRPUSDT,1.0,1.4165,1.4166,1.41655,0.7059654076946309,26677487672,1.4165,1.4166,516,477,7585229.022170002,7463513.12514,7425447.598870003,7706705.05831,636082.8195500004,385628.3085200002,1117694.39571,726782.42608,2394668.9513800004,1083082.56017,3608156.5789599996,1931197.9297500006,5051071.116459997,2078020.4382900004
2026-10-07T19:59:10.272987+00:00,obs-20261007-01,LIGHT,HBARUSDT,1.0,0.09258,0.09259,0.092585,1.0801468999788177,8392989092,0.09258,0.09259,244,56,891281.3841299997,798750.1984300003,820632.1037099999,822813.2855499999,2980.5369099999994,7949.32501,119715.15480999998,103122.03786000001,212696.41748999996,199212.06815000004,386445.94550999976,337458.7930500001,878686.3280499998,658689.7431900001
2026-10-07T20:00:10.279618+00:00,obs-20261007-01,LIGHT,PEPEUSDT,1.0,4.05e-06,4.06e-06,4.055e-06,24.691358024691024,8827932072,4.05e-06,4.06e-06,204,13,70002.8527394,124448.2330149,44491.796226490005,125619.16239972002,230.6952738,824.0742167000002,100857.44519235,116394.71247558,316242.84341563,252550.61197278003,692542.26816219,506535.67205948,1000041.2306795701,752438.6024813901
2026-10-07T20:00:10.279618+00:00,obs-20261007-01,LIGHT,BNBUSDT,1.0,771.26,771.27,771.265,0.1296579622955818,20909757207,771.26,771.27,487,146,2838821.802929999,2761230.292570002,2436229.142869999,2577134.600169999,6962.4992,4255.774759999999,879084.54061,982500.33566,1702524.1098800013,2519231.6013700007,3409452.2159200017,4432942.020459999,5833942.858280005,5759589.440220001
2026-10-07T20:00:10.279618+00:00,obs-20261007-01,LIGHT,AAVEUSDT,1.0,172.54,172.55,172.54500000000002,0.5795757505522303,10439345075,172.54,172.55,284,49,1110087.03343,312354.90683999995,934184.0640000002,330023.48955,1571.0845199999994,9915.578030000006,252463.20139000003,96927.73630999998,337947.58605999994,165430.53918999992,415633.65670999966,204622.59949999992,941285.2055999996,233611.18510999987
2026-10-07T20:00:10.279618+00:00,obs-20261007-01,LIGHT,AVAXUSDT,1.0,11.23,11.231,11.2305,0.8904719501323655,10519687730,11.229,11.23,508,182,2931264.04164,1317551.691529999,2879467.955190001,1366513.00384,35328.76926,72634.78746999997,154639.10945999998,119326.04738999999,324223.2231499999,199601.71183999995,452865.9160899999,248759.85228999992,607687.5883399998,464942.82529000007
2026-10-07T20:00:10.279618+00:00,obs-20261007-01,LIGHT,FILUSDT,1.0,1.029,1.0291,1.0290499999999998,0.9718172983474993,9895268653,1.029,1.0291,365,50,225976.9244859999,192377.67542200015,225763.042485,207687.74209500014,1039.524359,11363.525301,67201.05154500001,88018.277714,126992.55570000003,145324.41484800001,211517.4857490001,219072.64517500004,329749.70610000007,291513.94737300003
2026-10-07T20:00:10.279618+00:00,obs-20261007-01,LIGHT,ALGOUSDT,1.0,0.1181,0.1182,0.11815,8.467400508043177,5664391711,0.1181,0.1182,177,0,101270.19870000002,35182.909899999984,73446.45469999997,40996.929300000025,0.0,0.0,28420.1563,33212.259099999996,80125.0423,70571.1155,144135.4511,101764.0421,172209.52659999998,115929.93040000001
2026-10-07T20:00:10.279618+00:00,obs-20261007-01,LIGHT,XRPUSDT,1.0,1.4198,1.4199,1.4198499999999998,0.7043245527538211,26677507425,1.4198,1.4199,589,369,11496852.773749998,12079522.82227,11575708.302060006,12123583.156240001,189398.52746999986,268301.5380099999,934307.2452099998,675825.5644100001,1605426.3875999998,1249692.69734,3457482.6713500004,1907871.8726400007,4796672.787549996,2580041.442950001
2026-10-07T20:00:10.279618+00:00,obs-20261007-01,LIGHT,HBARUSDT,1.0,0.09266,0.09267,0.092665,1.079214331964895,8392991172,0.09265,0.09266,325,21,981295.0973799999,257293.53393000012,907751.3976899999,262589.58861000004,700.70857,3211.6642099999995,131682.25579,112205.43823999999,266584.04293,202472.34756999998,452408.02404,332214.28838,941700.58044,654876.1665399999
2026-10-07T20:01:10.298236+00:00,obs-20261007-01,LIGHT,PEPEUSDT,1.0,4.05e-06,4.06e-06,4.055e-06,24.691358024691024,8827932443,4.05e-06,4.06e-06,131,13,110733.41415714998,390824.70114595006,110955.37613645999,314313.63118707994,7.5573324,1476.90708102,119145.17635515,70986.3334957,316487.32445763005,241373.59296989,692320.3061828801,583046.74201835,999565.1371708701,929197.6565156401
2026-10-07T20:01:10.298236+00:00,obs-20261007-01,LIGHT,BNBUSDT,1.0,771.63,771.64,771.635,0.1295957907276879,20909766560,771.63,771.64,404,94,1764763.3178299996,1455700.0485500004,1647605.9883499984,1658196.1659500012,178.95619000000002,4141.191750000002,866642.8783799998,1037949.2133899997,1674837.6521600008,2532656.6619300023,3519395.6701700035,4283327.676990004,5848673.769480005,5671296.349560006
2026-10-07T20:01:10.298236+00:00,obs-20261007-01,LIGHT,AAVEUSDT,1.0,172.7,172.71,172.70499999999998,0.5790387956006171,10439347022,172.7,172.71,271,37,1343268.5384900009,479498.5089300004,1483179.42451,530087.1285800003,981.9696999999999,5731.9686299999985,125892.77277999998,69953.34812999998,199309.03225,126675.95698999996,270389.1141,157048.73646,787879.1519599999,197216.98870999992
2026-10-07T20:01:10.298236+00:00,obs-20261007-01,LIGHT,AVAXUSDT,1.0,11.191,11.192,11.191500000000001,0.8935751943517367,10519704512,11.191,11.192,493,498,3653428.3675200017,1917905.8954999996,3660381.51129,1890934.4080199986,169239.72421999997,122173.06743999996,180490.71707999994,102650.77634,335704.7876999999,179614.40303999995,501965.45029999985,241378.98140999995,758649.2461599996,459228.00453
2026-10-07T20:01:10.298236+00:00,obs-20261007-01,LIGHT,FILUSDT,1.0,1.0297,1.0298,1.02975,0.971156647566751,9895270985,1.0297,1.0298,336,44,430293.26520000043,264073.65009099996,395495.8699640002,278718.047277,595.619644,9412.815954999998,74499.489801,80241.654953,141673.387515,130542.51331000002,240334.479969,208820.538337,370451.53272200003,279005.49967299995
2026-10-07T20:01:10.298236+00:00,obs-20261007-01,LIGHT,ALGOUSDT,1.0,0.1182,0.1183,0.11825,8.460236886633776,5664393001,0.1182,0.1183,204,8,118950.28480000005,58788.1305,110470.81060000001,63809.4666,711.7257,157.32419999999996,18554.004399999998,34034.475699999995,73655.0265,68697.0374,150024.1943,98605.346,179436.74910000002,111299.28330000001
2026-10-07T20:01:10.298236+00:00,obs-20261007-01,LIGHT,XRPUSDT,1.0,1.4199,1.42,1.41995,0.7042749489394318,26677516077,1.4199,1.42,509,149,4433889.3476599995,5165880.197409998,4757686.971390002,5260467.149839998,103403.17079000005,71888.02658000003,770784.10361,735368.8012599999,1293666.4299300003,1123209.4430699998,3133682.552860002,1815414.8455300007,4472724.049789999,2499098.6717600008
2026-10-07T20:01:10.298236+00:00,obs-20261007-01,LIGHT,HBARUSDT,1.0,0.09268,0.09269,0.09268499999999999,1.0789814415179677,8392993108,0.09268,0.09269,273,29,590663.21346,210694.78415000005,576358.6351600002,217173.37615,1601.18435,3979.66167,131584.89381,116981.60442999999,261942.00656000007,201412.1757,466297.34184000024,329818.6825099999,947995.1381300004,648397.5745399998
2026-10-07T20:02:10.299064+00:00,obs-20261007-01,LIGHT,PEPEUSDT,1.0,4.06e-06,4.07e-06,4.065e-06,24.630541871921707,8827933221,4.06e-06,4.07e-06,160,12,426830.19955501,352816.9193878202,338503.7477040299,412635.96096374997,3936.77721766,5189.83611833,27492.34364072,172319.38365928,205283.11701617003,389717.09504248,586272.8093915001,639389.24802402,1001622.56429393,914829.8232701699
2026-10-07T20:02:10.299064+00:00,obs-20261007-01,LIGHT,BNBUSDT,1.0,771.59,771.6,771.595,0.12960250910465376,20909770514,771.59,771.6,374,89,3522073.8225600002,3203468.078860001,3603917.308739999,3172276.8119900012,2486.6372,3227.4488099999994,870451.1171800002,1054872.25976,1628049.046560001,2547127.6934700026,3439139.5740500037,4314494.789370006,5768549.040110005,5699921.005600007
2026-10-07T20:02:10.299064+00:00,obs-20261007-01,LIGHT,AAVEUSDT,1.0,172.74,172.75,172.745,0.578904712282835,10439349936,172.74,172.75,365,45,913857.7100699997,687624.7890099997,769271.20241,599560.0578199994,1591.8805399999999,4219.538280000001,215109.41009000005,145791.08862,307315.19652000023,202273.38898000005,410070.8812300002,245172.78567000007,931656.0023800003,287398.7549700002
2026-10-07T20:02:10.299064+00:00,obs-20261007-01,LIGHT,AVAXUSDT,1.0,11.187,11.188,11.1875,0.893894699205422,10519710063,11.187,11.188,411,84,1706077.8146300004,1030172.5338700005,1787912.806160001,994205.8740699997,18715.360139999993,15244.5321,176766.09142,103312.49051,302926.16357000003,183659.77299000003,423671.27723999985,269990.32954999985,670047.2126699996,484658.9022299998
2026-10-07T20:02:10.299064+00:00,obs-20261007-01,LIGHT,FILUSDT,1.0,1.0301,1.0302,1.03015,0.9707795359670257,9895274234,1.0301,1.0302,397,89,417110.1432219999,378985.77039099985,405150.0370880002,396173.79110300005,1595.0287940000007,7906.743033999998,66319.44819400001,69314.49028,145438.46526700002,126460.946085,252263.459647,195713.88193200005,377278.7419000001,268581.7457989999
2026-10-07T20:02:10.299064+00:00,obs-20261007-01,LIGHT,ALGOUSDT,1.0,0.1183,0.1184,0.11835000000000001,8.453085376163294,5664394117,0.1183,0.1184,180,7,91849.4451,74705.42329999998,95249.36990000002,75299.5063,611.6271,858.7044000000001,21267.9532,31894.4289,79418.43770000001,69315.085,138392.6853,98383.864,173783.4644,115538.5402
2026-10-07T20:02:10.299064+00:00,obs-20261007-01,LIGHT,XRPUSDT,1.0,1.4202,1.4203,1.4202499999999998,0.7041261794116238,26677521227,1.4202,1.4203,431,60,2871526.7203900004,2671076.489870002,2785384.532859999,2572952.7552799997,28167.330360000004,44660.0687,850725.8899100001,771977.34524,1487366.2272600005,985491.6400799999,3214804.3018600014,1916905.8092600005,4552229.619279999,2598213.0607400006
2026-10-07T20:02:10.299064+00:00,obs-20261007-01,LIGHT,HBARUSDT,1.0,0.09278,0.09279,0.092785,1.077818495365257,8392995871,0.09278,0.09279,313,42,1675433.670639999,557857.9044499997,1698041.6724599989,553119.9519599995,541.6443300000001,4251.759969999999,120121.64728,116391.23580000001,228093.81108999997,206277.70085999998,433246.23974999995,336521.8515800001,919965.09302,657315.1026199999
2026-10-07T20:03:10.308015+00:00,obs-20261007-01,LIGHT,PEPEUSDT,1.0,4.06e-06,4.07e-06,4.065e-06,24.630541871921707,8827933577,4.06e-06,4.07e-06,137,21,281421.35510896007,356062.9920113001,122553.77048725999,383303.1742838401,97.8846715,4141.613729770001,113942.66076214,108374.82124656,312536.71072069,275794.3696008,745140.3940132001,612149.0657514799,1106346.3737153702,901912.6257169398
2026-10-07T20:03:10.308015+00:00,obs-20261007-01,LIGHT,BNBUSDT,1.0,771.99,772.0,771.995,0.1295353566765911,20909773984,771.99,772.0,377,76,2019634.0851000003,1702626.3041199995,1881487.2318499996,1716435.0656300003,7776.51551,8114.698979999998,892911.59186,1177490.7873299997,1735188.1040200004,2622876.567200003,3520012.4139700043,4304315.449920006,5889200.605310006,5683120.5310100075
2026-10-07T20:03:10.308015+00:00,obs-20261007-01,LIGHT,AAVEUSDT,1.0,173.0,173.01,173.005,0.578034682079398,10439352400,173.0,173.01,316,41,768170.3312999996,677518.3502000002,677100.8510000001,741418.5561900004,948.5419399999998,9726.120789999999,216198.63512000002,93490.20764,379713.44541000004,145382.8259,487022.74983999995,196815.55104999995,1011609.9270099996,226424.25711999994
2026-10-07T20:03:10.308015+00:00,obs-20261007-01,LIGHT,AVAXUSDT,1.0,11.221,11.222,11.221499999999999,0.8911861687899147,10519717598,11.222,11.223,474,126,2480134.6203200016,1092459.346040001,2334895.166310001,1151373.596550001,6426.32842,33350.88846,226387.49114999993,99041.56208,377273.2389299999,173488.62230000002,491335.8166000001,216519.64553999997,768063.2595699999,431169.70537
2026-10-07T20:03:10.308015+00:00,obs-20261007-01,LIGHT,FILUSDT,1.0,1.0317,1.0318,1.0317500000000002,0.969274013764565,9895277794,1.0317,1.0318,427,91,449870.79746900004,358037.7354840001,415045.3664179998,365598.7814119998,1083.758138,9305.408277999999,94457.712201,84651.480148,180442.76029799998,131935.79117999997,270863.47699999996,196355.94027899997,388872.28468999977,264625.11459399987
2026-10-07T20:03:10.308015+00:00,obs-20261007-01,LIGHT,ALGOUSDT,1.0,0.1182,0.1183,0.11825,8.460236886633776,5664395246,0.1182,0.1183,182,8,66052.6608,41118.0627,80820.4161,38582.228299999995,709.1064,43.923,22983.0916,23864.9584,95483.4731,65760.4092,129152.00700000001,98044.64790000001,159496.9418,116604.93540000002
2026-10-07T20:03:10.308015+00:00,obs-20261007-01,LIGHT,XRPUSDT,1.0,1.4209,1.421,1.42095,0.7037792948128008,26677526431,1.4209,1.421,433,104,2560009.506350001,3145000.258269999,2572499.538250001,2872543.625700001,30420.737049999992,168322.64324,889357.4682800003,952569.44184,1512518.8861800006,1390907.0752400002,3196333.4360200004,2202579.2216100004,4524940.482759999,2875337.2139799995
2026-10-07T20:03:10.308015+00:00,obs-20261007-01,LIGHT,HBARUSDT,1.0,0.09297,0.09298,0.092975,1.0756157900404517,8392998413,0.09297,0.09298,303,58,1843392.774099999,537670.1240799999,1807895.7262200003,558412.2313399999,268.1674000000001,3943.542919999999,147820.61218999999,120036.75491,282033.53154000005,194196.26828000005,461819.69649999996,326263.6361600001,843754.5379800001,687253.09878
2026-10-07T20:04:10.316609+00:00,obs-20261007-01,LIGHT,PEPEUSDT,1.0,4.06e-06,4.07e-06,4.065e-06,24.630541871921707,8827933870,4.06e-06,4.07e-06,106,12,84688.14124333001,448263.0774140401,85009.00044393,432301.98464008997,0.0,3194.5766995999998,95677.25565902,129876.32609424,312151.80797627,292679.63074608,744819.5348126,628110.15852543,1112175.6305413,903551.76277173
2026-10-07T20:04:10.316609+00:00,obs-20261007-01,LIGHT,BNBUSDT,1.0,771.92,771.93,771.925,0.12954710332691022,20909777038,771.92,771.93,365,69,2519687.76463,1426115.1392600005,2626796.763109999,1428351.0020900005,1213.69589,6367.619129999999,925364.2029799998,1097792.2111399998,1655679.4337300002,2609812.2160400017,3413160.961530003,4301841.785880006,5793527.014030005,5669163.260220004
2026-10-07T20:04:10.316609+00:00,obs-20261007-01,LIGHT,AAVEUSDT,1.0,173.05,173.06,173.055,0.5778676683032558,10439356243,173.05,173.06,313,97,1402355.7375200002,595728.4952199999,1583288.49294,542239.0023299999,15558.696969999999,9570.130859999997,99171.01125000001,140473.16859000004,147657.65551000004,195754.56444999998,301249.66559,250604.43409999993,824208.0841099997,282081.7875900001
2026-10-07T20:04:10.316609+00:00,obs-20261007-01,LIGHT,AVAXUSDT,1.0,11.215,11.216,11.215499999999999,0.8916629514033048,10519725018,11.215,11.216,469,137,2349724.1285399995,1148424.34593,2443853.75524,1142340.2023200006,9114.6989,28711.294429999998,140824.63189000002,89643.60271,337604.3684,171496.23197999995,400213.1490600001,221616.85814999993,685619.04417,436027.83547
2026-10-07T20:04:10.316609+00:00,obs-20261007-01,LIGHT,FILUSDT,1.0,1.0306,1.0307,1.03065,0.9703085581214133,9895280249,1.0306,1.0307,332,36,290693.4816980001,279689.62419600005,314495.196245,264088.14687300014,1946.1784790000002,481.14960899999994,72634.94592,81754.56726199998,159219.444335,136592.67338599998,251133.95896099994,207588.86354599998,369298.4915519998,279638.22319799993
2026-10-07T20:04:10.316609+00:00,obs-20261007-01,LIGHT,ALGOUSDT,1.0,0.118,0.1181,0.11804999999999999,8.474576271186862,5664396214,0.118,0.1181,148,9,102925.03469999996,75564.459,100863.6146,73167.84959999999,132.48059999999998,166.171,48838.3928,16493.214099999997,105123.73920000001,53541.78609999999,136419.4449,92445.51699999999,164501.3156,113792.34549999998
2026-10-07T20:04:10.316609+00:00,obs-20261007-01,LIGHT,XRPUSDT,1.0,1.4199,1.42,1.41995,0.7042749489394318,26677530329,1.4199,1.42,447,54,1649177.2918899998,1678179.7013900003,1847013.39154,1668647.7543600001,7015.128140000001,9571.620129999998,785333.47577,908795.7067599999,1398541.9036800002,1257752.3198799994,3009514.919800001,2196664.0825599995,4344444.30152,2880956.5146599985
2026-10-07T20:04:10.316609+00:00,obs-20261007-01,LIGHT,HBARUSDT,1.0,0.09288,0.09289,0.092885,1.0766580534027348,8393001548,0.09288,0.09289,324,52,547268.65336,921613.6344699998,625330.0831000003,886877.59495,3050.1773399999997,7793.29846,118009.76620999999,131993.43525,223162.26184999998,222266.22035000002,385851.34101999993,360093.17707999994,875437.3599400001,721828.9885
2026-10-07T20:05:10.366454+00:00,obs-20261007-01,LIGHT,PEPEUSDT,1.0,4.05e-06,4.06e-06,4.055e-06,24.691358024691024,8827934942,4.05e-06,4.06e-06,207,19,509271.7836572399,669968.2353295103,698006.8017079706,634400.90457108,24803.08397115,8045.991221869999,150081.5630511,19550.31952216,305028.2325719,172832.29714764,684626.5324818899,527474.13249546,1071612.1083511498,904277.90960813
2026-10-07T20:05:10.366454+00:00,obs-20261007-01,LIGHT,BNBUSDT,1.0,771.54,771.55,771.545,0.12961090805285735,20909781765,771.54,771.55,398,92,3343589.321589996,2518827.421179999,3299692.37897,2521156.688059999,18556.620170000002,2496.1079799999998,1006555.5516699998,919620.61,1606264.8486900013,2520540.750450002,3514353.222050003,4295819.311930004,5839273.292070002,5612253.432460005
2026-10-07T20:05:10.366454+00:00,obs-20261007-01,LIGHT,AAVEUSDT,1.0,172.87,172.88,172.875,0.578469370047241,10439358827,172.87,172.88,298,53,1753803.8027,643051.4964999999,1778285.1987799995,633433.8603899996,3210.348180000001,5949.29837,123348.08148000002,131016.6364,199699.94530000005,188581.97336000006,280919.3157,246713.09176999997,799751.5286300001,290844.09378000017
2026-10-07T20:05:10.366454+00:00,obs-20261007-01,LIGHT,AVAXUSDT,1.0,11.194,11.195,11.194500000000001,0.8933357155616051,10519730530,11.194,11.195,401,114,2033305.239839999,913132.5290199992,2089189.6866200005,889694.7796199995,8718.419170000001,11967.50086,215727.10649,97807.69913999997,316938.9770799999,165414.07525999995,397853.2446999999,241411.42422000004,648700.5567499996,458097.69355
2026-10-07T20:05:10.366454+00:00,obs-20261007-01,LIGHT,FILUSDT,1.0,1.0283,1.0284,1.02835,0.9724788485843128,9895282986,1.0283,1.0284,341,59,319903.35602600005,268179.8480570001,367840.1122390001,225277.03013000023,1558.6079719999998,1543.9234909999998,78398.456148,70103.13665100001,148196.229791,137894.33747899998,220789.301943,221886.45259599993,349283.28792399995,314542.87280300003
2026-10-07T20:05:10.366454+00:00,obs-20261007-01,LIGHT,ALGOUSDT,1.0,0.1178,0.1179,0.11785000000000001,8.48896434634927,5664397333,0.1178,0.1179,182,9,116070.4392,67368.47839999999,145440.84559999997,54944.30279999999,642.3756000000001,58.0232,40774.2857,16190.497299999999,87088.0555,54601.8112,116618.78489999998,98499.81469999999,142822.7818,120087.35929999997
2026-10-07T20:05:10.366454+00:00,obs-20261007-01,LIGHT,XRPUSDT,1.0,1.4172,1.4173,1.4172500000000001,0.7056167090024879,26677537320,1.4172,1.4173,520,107,3982434.5518500004,3727733.264519994,4038318.2344899997,3821786.3803399964,27626.345760000007,19025.34048,890520.5190499998,817478.6534499999,1402696.74084,1010663.6191999996,3018769.0098200003,2099348.15864,4435272.734600001,2246239.3920799997
2026-10-07T20:05:10.366454+00:00,obs-20261007-01,LIGHT,HBARUSDT,1.0,0.09285,0.09286,0.092855,1.0770059235332141,8393003906,0.09285,0.09286,265,28,679910.5733000002,959990.9499400002,655441.26234,955055.6175999992,2112.66386,3337.7523699999992,154280.43045,120397.66548,234553.90028,231062.52791999996,410355.86418000003,364500.0183699999,901860.0772200002,725870.49668
2026-10-07T20:06:10.366932+00:00,obs-20261007-01,LIGHT,PEPEUSDT,1.0,4.06e-06,4.07e-06,4.065e-06,24.630541871921707,8827935561,4.06e-06,4.07e-06,195,13,314057.39311262,351714.42652454006,202579.96949971997,379925.03718538,162.4,8462.08932175,90117.15738704,139784.77812717,280849.79244869004,380444.79232292995,622970.6347068901,620484.87037982,1109097.2891154701,895872.6043745499
2026-10-07T20:06:10.366932+00:00,obs-20261007-01,LIGHT,BNBUSDT,1.0,771.81,771.82,771.815,0.12956556665555397,20909784482,771.81,771.82,367,55,1779471.7837000005,932010.7077599998,1918772.22376,980285.7140800001,277.01006,1484.6883300000004,920134.6608799999,1108888.1499999994,1641950.4844600004,2586168.040070003,3318455.887310004,4250050.0859100055,5699176.354190008,5637647.268390004
2026-10-07T20:06:10.366932+00:00,obs-20261007-01,LIGHT,AAVEUSDT,1.0,173.06,173.07,173.065,0.5778342771289857,10439361186,173.06,173.07,273,31,1565436.67397,708624.5134100004,1430872.0226299989,783732.89414,1519.27918,2091.29491,139958.7503,84825.87997000001,252260.75536000004,139055.46566999995,408805.4339300002,189591.60500999994,929674.30307,218939.7646799999
2026-10-07T20:06:10.366932+00:00,obs-20261007-01,LIGHT,AVAXUSDT,1.0,11.201,11.202,11.2015,0.8927774305855785,10519734623,11.201,11.202,355,54,1636666.9834200004,646166.52173,1561199.626230001,636694.1669099997,8440.405999999999,7204.312000000002,193194.32623999997,96705.91724000001,364841.34145000007,190822.13303000003,472845.4859600001,253512.43541,718728.1398300001,470178.49992
2026-10-07T20:06:10.366932+00:00,obs-20261007-01,LIGHT,FILUSDT,1.0,1.0301,1.0302,1.03015,0.9707795359670257,9895285384,1.0301,1.0302,322,47,296803.52641100006,286542.37140700023,256628.32012500003,337586.27521900006,2939.032727,7337.488264999999,86263.360426,64287.410305,154463.87042999998,123734.22583000001,254595.73003399995,195659.50086000003,379068.3855759999,268297.89922699984
2026-10-07T20:06:10.366932+00:00,obs-20261007-01,LIGHT,ALGOUSDT,1.0,0.1179,0.118,0.11795,8.481764206953457,5664398271,0.1179,0.118,168,9,83423.36639999993,46666.74690000001,62895.687699999995,56758.67380000001,1050.313,184.483,14063.4614,31784.7191,63435.6912,59914.827000000005,133369.4681,91875.72250000002,160601.0316,108950.57269999999
2026-10-07T20:06:10.366932+00:00,obs-20261007-01,LIGHT,XRPUSDT,1.0,1.4191,1.4192,1.4191500000000001,0.7046719751957475,26677544436,1.4191,1.4192,435,248,4374271.345670002,4387222.4049,4281512.266859998,4596493.809,62569.03032999997,411049.4803,872693.6603999999,641087.8407699999,1323608.9366400007,937762.5439000002,3076100.4942000005,1905659.9291700004,4406001.663119999,2078980.2096600016
2026-10-07T20:06:10.366932+00:00,obs-20261007-01,LIGHT,HBARUSDT,1.0,0.09296,0.09297,0.09296499999999999,1.0757314974174648,8393006212,0.09296,0.09297,253,40,777698.64178,368806.52665000013,734192.9293800001,402614.72767000017,1441.64578,11395.65655,128372.71329999999,118854.40353000003,244188.58711999998,199656.02135000002,451738.8125199999,331602.6207399999,833751.5549500001,692230.0586499999
2026-10-07T20:07:10.372956+00:00,obs-20261007-01,LIGHT,PEPEUSDT,1.0,4.06e-06,4.07e-06,4.065e-06,24.630541871921707,8827936010,4.06e-06,4.07e-06,176,12,211676.11909634998,345563.5991445003,199827.12986173003,333624.08136120014,27.002848880000002,1991.79355969,76321.75973128,157331.64796327,274071.99405688,382771.37275183003,634819.6239415101,632424.38816312,1094358.78416141,907812.12215785
2026-10-07T20:07:10.372956+00:00,obs-20261007-01,LIGHT,BNBUSDT,1.0,771.8,771.81,771.805,0.1295672453993646,20909787981,771.8,771.81,338,98,2101001.497650001,1311593.1713,1918099.8308600015,1235278.7433600004,17205.127329999996,2741.5323799999987,1073883.3707799998,1170951.148909999,1644599.7182800001,2662258.584290002,3501357.554100004,4326284.222260005,5879623.966210005,5714562.928080003
2026-10-07T20:07:10.372956+00:00,obs-20261007-01,LIGHT,AAVEUSDT,1.0,172.96,172.97,172.965,0.5781683626260303,10439363868,172.96,172.97,295,41,1804603.105269999,710393.7378499995,1759137.5362500008,671841.7719100001,4125.343699999999,4853.753640000001,247784.42009999993,107200.96457999999,372294.32157000003,161305.08908000006,456987.92250000016,225136.54342000006,979314.9037300001,254895.00987000004
2026-10-07T20:07:10.372956+00:00,obs-20261007-01,LIGHT,AVAXUSDT,1.0,11.184,11.185,11.1845,0.8941344778268245,10519739110,11.184,11.185,385,90,1489227.4502900005,726486.4638800002,1498837.895399999,694091.2425799997,7024.0623399999995,8682.28051,214063.47531000004,94957.49193999998,339895.61607999995,193840.62657999998,471638.29500999994,281641.0402299998,714911.5738099999,477377.6901699997
2026-10-07T20:07:10.372956+00:00,obs-20261007-01,LIGHT,FILUSDT,1.0,1.0295,1.0296,1.02955,0.9713453132587091,9895288280,1.0295,1.0296,323,63,367852.5555499999,326040.4854269999,383235.8888620001,293091.13113400014,12917.319834999998,2630.238949,87080.456388,73699.200699,164539.27423199997,140399.53552399998,239235.01917999994,216353.69928199996,369616.00923499983,299215.949124
2026-10-07T20:07:10.372956+00:00,obs-20261007-01,LIGHT,ALGOUSDT,1.0,0.1179,0.118,0.11795,8.481764206953457,5664398850,0.1179,0.118,154,3,70518.1198,55832.8193,67446.05430000002,44084.74669999999,0.0,5361.802,42407.3826,34182.0835,91082.61140000001,72032.0119,136441.53360000002,103623.7951,163099.4485,120698.64529999997
2026-10-07T20:07:10.372956+00:00,obs-20261007-01,LIGHT,XRPUSDT,1.0,1.4198,1.4199,1.4198499999999998,0.7043245527538211,26677550002,1.4198,1.4199,474,106,2494928.1520099994,2879247.1631300016,2438948.94008,2832794.554140002,41281.52322000002,138432.31750999996,837549.3462899999,815158.8553100001,1272006.2022300006,1297733.8819000004,3109992.2020300017,1955060.0820600002,4441777.577269998,2627845.929900001
2026-10-07T20:07:10.372956+00:00,obs-20261007-01,LIGHT,HBARUSDT,1.0,0.09294,0.09295,0.092945,1.0759629868739573,8393008374,0.09294,0.09295,272,38,516064.13327999995,270038.4097,546866.1173799997,255552.43699000016,2067.0803999999994,2211.50558,114103.00654,130041.10014000001,214035.08376000004,209911.87468,420978.24191999994,345679.73961999995,912557.2506600001,706710.2479499999
2026-10-07T20:08:10.380223+00:00,obs-20261007-01,LIGHT,PEPEUSDT,1.0,4.06e-06,4.07e-06,4.065e-06,24.630541871921707,8827936209,4.06e-06,4.07e-06,130,13,10494.131062480003,138939.22195348004,6497.02122075,139793.87925069002,243.6,966.98746199,81458.47380188,156476.99475606,277673.50685738004,381916.71954462,638816.7337832401,631569.73086591,1097199.1564050901,906957.4648606399
2026-10-07T20:08:10.380223+00:00,obs-20261007-01,LIGHT,BNBUSDT,1.0,771.81,771.82,771.815,0.12956556665555397,20909789573,771.81,771.82,333,70,327096.49323000025,321945.68837000005,336244.21761000017,334657.41150000005,848.281,1668.7704899999994,1002403.4231200002,1145264.2489899995,1655076.4939600008,2638178.3426100016,3492450.5322600035,4313652.790720005,5871323.4844900025,5697756.1540100025
2026-10-07T20:08:10.380223+00:00,obs-20261007-01,LIGHT,AAVEUSDT,1.0,172.92,172.93,172.925,0.5783021050209669,10439364943,172.92,172.93,192,13,803790.3315900004,399795.96386,983847.3462499998,335055.6442499999,862.4086199999999,584.08496,102169.63726000002,175180.38134999998,195423.24787999998,221133.09366000007,277100.0834399997,276865.20405,798422.8285199996,319509.73268
2026-10-07T20:08:10.380223+00:00,obs-20261007-01,LIGHT,AVAXUSDT,1.0,11.174,11.175,11.1745,0.8949346697706417,10519742421,11.174,11.175,320,81,1158816.5501000003,593509.9166099997,1201719.0349299996,576366.1643399996,9438.719780000001,19810.8913,178024.13698999997,121959.94485,323379.86065999995,200507.05627000003,435696.6213099998,298486.41170999996,678954.2201599996,403382.7463799998
2026-10-07T20:08:10.380223+00:00,obs-20261007-01,LIGHT,FILUSDT,1.0,1.0292,1.0293,1.02925,0.9716284492822247,9895289596,1.0292,1.0293,230,28,101722.01824700006,141414.05027500002,101804.74710300003,141202.60255799996,1547.5159300000003,3113.8415219999997,95607.40841700001,65546.581288,172530.65401499998,137685.286125,244912.49795399996,216506.91340499997,369441.94725299993,297301.83524600003
2026-10-07T20:08:10.380223+00:00,obs-20261007-01,LIGHT,ALGOUSDT,1.0,0.1179,0.118,0.11795,8.481764206953457,5664399290,0.1179,0.118,152,1,12615.405799999999,26182.847300000016,12610.420600000001,25120.7455,0.0,231.16199999999998,38397.5882,38853.3443,90710.7142,73455.1321,136446.5188,104685.8969,163104.43369999997,121760.74709999998
2026-10-07T20:08:10.380223+00:00,obs-20261007-01,LIGHT,XRPUSDT,1.0,1.4195,1.4196,1.41955,0.7044734061278923,26677552723,1.4195,1.4196,346,46,1333840.7327699997,1188622.3012500003,1234990.6308999988,1157023.813270001,9607.534989999996,16852.13385,1048577.3648100002,812733.50089,1616647.2227000005,1042168.2673600003,3210509.808470001,1985940.1630000002,4533516.160429998,2659306.1181599996
2026-10-07T20:08:10.380223+00:00,obs-20261007-01,LIGHT,HBARUSDT,1.0,0.09299,0.093,0.092995,1.0753844499400422,8393009921,0.09299,0.093,211,30,895936.4993300004,562508.5872699997,860423.9773800006,575044.4920900002,871.56,7712.408489999999,153815.71573,128024.39571999999,276089.49102,198861.38348000002,452310.05779,333568.74711000005,838374.0939100002,694213.40594
2026-10-07T20:09:10.398472+00:00,obs-20261007-01,LIGHT,PEPEUSDT,1.0,4.06e-06,4.07e-06,4.065e-06,24.630541871921707,8827936467,4.06e-06,4.07e-06,161,14,34740.77154045,158224.57809051007,55063.589646140004,266227.0049770298,107.47513042,702.5401440200001,79895.87220748,142930.11515684,257350.90327213,272584.0026938,618493.91567755,523567.30397939,996534.44648553,722819.60226169
2026-10-07T20:09:10.398472+00:00,obs-20261007-01,LIGHT,BNBUSDT,1.0,772.1,772.11,772.105,0.1295169019566167,20909792812,772.1,772.11,358,68,1538181.1923399996,1092665.2141900002,2019214.81088,1649555.61701,2232.46613,21919.342580000004,863721.8659499998,1612966.1961000005,1381869.4915299998,2322363.876480001,3010003.9220800013,3864921.472520002,5248114.850840004,5017673.363570001
2026-10-07T20:09:10.398472+00:00,obs-20261007-01,LIGHT,AAVEUSDT,1.0,172.9,172.91,172.905,0.5783689994220964,10439367430,172.9,172.91,243,40,1406264.340379999,569253.9339700001,1251833.9129299999,587850.10415,1803.74492,2064.9913,241248.51898,135968.84205999997,311430.04153999995,183627.56733000002,433328.41536999994,256354.95904999998,960729.60657,308407.84871000005
2026-10-07T20:09:10.398472+00:00,obs-20261007-01,LIGHT,AVAXUSDT,1.0,11.156,11.157,11.156500000000001,0.8963786303328725,10519748986,11.156,11.157,336,229,1278375.5005899996,697895.1592700006,1312721.9589400003,727142.6574099999,57943.79533000004,57155.04674,124942.25443999998,108251.56350999999,213753.07658999998,178676.72205999997,418353.0218399998,262688.13301,715442.2081699995,385569.9889899997
2026-10-07T20:09:10.398472+00:00,obs-20261007-01,LIGHT,FILUSDT,1.0,1.03,1.0301,1.0300500000000001,0.970873786407811,9895291813,1.03,1.0301,289,104,262983.7425100001,204827.41926100012,275657.603752,226113.69887199995,14027.186147999993,4695.615772999999,73000.542362,58897.17636700001,129858.67081300002,116811.94761799998,226450.29862399993,207523.515219,373458.9855219999,286258.47503599996
2026-10-07T20:09:10.398472+00:00,obs-20261007-01,LIGHT,ALGOUSDT,1.0,0.118,0.1181,0.11804999999999999,8.474576271186862,5664399990,0.118,0.1181,173,2,88872.75099999997,50316.729799999994,82146.03199999999,69865.53570000001,7.8993,138.06,24634.5763,16339.809000000001,51227.598000000005,43352.631,134963.5994,86777.6406,178932.66270000002,107487.25749999999
2026-10-07T20:09:10.398472+00:00,obs-20261007-01,LIGHT,XRPUSDT,1.0,1.42,1.4201,1.4200499999999998,0.7042253521127861,26677555827,1.42,1.4201,341,45,1432336.61659,1203562.59854,1334684.51263,1285768.68795,36538.31959,63555.99202999999,942870.1872599999,696618.1247,1543970.2619500007,1231217.4388800005,3305866.87667,1908804.84127,4661862.774469997,2573526.53757
2026-10-07T20:09:10.398472+00:00,obs-20261007-01,LIGHT,HBARUSDT,1.0,0.09308,0.09309,0.093085,1.074344649765191,8393012147,0.09308,0.09309,255,44,856382.2055599997,362675.3322700001,893497.3588,377927.4921899996,1468.57955,3525.8719499999997,116935.74835000001,109334.72612999998,227016.62999999998,183035.58954999998,412345.5446399999,331552.45830999996,840372.6189799999,695973.2023400001
2026-10-07T20:10:10.426308+00:00,obs-20261007-01,LIGHT,PEPEUSDT,1.0,4.06e-06,4.07e-06,4.065e-06,24.630541871921707,8827936767,4.06e-06,4.07e-06,79,12,19143.35578566,488773.50556771987,5098.73333924,494899.58103644004,15.17632872,25728.85739688,95486.17243704,116174.73833064,271506.57284409,266456.76972048,632538.53812397,517441.22851067,1000455.58398287,717053.6729879699
2026-10-07T20:10:10.426308+00:00,obs-20261007-01,LIGHT,BNBUSDT,1.0,772.23,772.24,772.235,0.1294950986108212,20909795318,772.23,772.24,350,74,2047031.361200001,1054623.3986599995,2028836.2278599995,1060393.3646099998,20648.878939999995,4845.481340000001,823553.52573,1613467.761450001,1405939.19432,2429285.3325400013,3025741.3967700033,3866000.0000600023,5257429.1986200055,5014834.638010004
2026-10-07T20:10:10.426308+00:00,obs-20261007-01,LIGHT,AAVEUSDT,1.0,172.82,172.83,172.825,0.5786367318605379,10439368433,172.82,172.83,172,26,459505.62088999985,192921.19356999997,604687.0011299995,183726.76572,9233.81904,1092.3271399999999,105215.25317999999,125440.60334999999,177243.6749799999,184561.59533,291745.2956399997,261047.33448000005,818168.7685499997,314737.83281000005
2026-10-07T20:10:10.426308+00:00,obs-20261007-01,LIGHT,AVAXUSDT,1.0,11.163,11.164,11.163499999999999,0.895816536772287,10519753715,11.163,11.164,357,78,1188624.97947,513479.14921000006,1148200.4550900003,518591.01961000013,14875.689230000002,13302.710309999997,150034.17147000003,109943.95253999998,247845.15609000003,175914.40423999995,439314.00725999987,264061.39446999994,756975.6941299996,380398.59242999967
2026-10-07T20:10:10.426308+00:00,obs-20261007-01,LIGHT,FILUSDT,1.0,1.0304,1.0305,1.03045,0.9704968944101999,9895293260,1.0304,1.0305,221,33,111529.331899,81389.28568399996,105029.93838400004,95815.77957500002,1882.560551,7497.287786000001,69057.69194599999,66490.46032299999,124393.38644399999,111310.74034899997,228828.05530499996,200945.40198,376225.733873,275749.55713299994
2026-10-07T20:10:10.426308+00:00,obs-20261007-01,LIGHT,ALGOUSDT,1.0,0.1181,0.1182,0.11815,8.467400508043177,5664400436,0.1181,0.1182,131,1,41325.10559999999,18350.139400000004,42116.098999999995,16927.8167,0.0,23.856199999999998,26130.3026,21259.4857,57079.4833,50176.583000000006,130466.6422,92058.4832,174547.5071,107693.65019999999
2026-10-07T20:10:10.426308+00:00,obs-20261007-01,LIGHT,XRPUSDT,1.0,1.4204,1.4205,1.4204500000000002,0.7040270346370114,26677558529,1.4204,1.4205,364,34,1565491.2314099995,1894413.90053,1517605.321389999,2015829.7958000002,7957.701590000001,40340.58882,1048686.9534200002,613505.9704300001,1580410.5378900003,960285.7291100004,3348717.35476,1792744.49536,4697345.807649997,2464258.0843900004
2026-10-07T20:10:10.426308+00:00,obs-20261007-01,LIGHT,HBARUSDT,1.0,0.0931,0.09311,0.093105,1.0741138560677044,8393013811,0.0931,0.09311,233,46,447791.9465600001,206796.86469999998,430236.60832,208943.67639,1427.66757,4366.868569999999,122037.61338000001,115216.44952999998,228031.78202999994,185233.83195,422801.1222599999,333127.63500999997,843529.39835,696174.7712500001
2026-10-07T20:11:10.461539+00:00,obs-20261007-01,LIGHT,PEPEUSDT,1.0,4.06e-06,4.07e-06,4.065e-06,24.630541871921707,8827937024,4.06e-06,4.07e-06,98,10,94217.33680116995,149474.29622278005,80652.30893072998,38966.29387886,1.13318254,5738.930329440001,114603.47015012,119548.87618971,285141.33999467,291871.24008195,646103.5659944101,627949.23085459,1009280.4459848402,934566.8666075899
2026-10-07T20:11:10.461539+00:00,obs-20261007-01,LIGHT,BNBUSDT,1.0,772.18,772.19,772.185,0.12950348364570985,20909797838,772.18,772.19,333,58,1922075.5564300013,1376488.5902899993,1471188.0862399996,823676.1016900005,8958.49381,2644.41775,1046002.2878700003,1845778.8864300004,1716089.1743,2809504.2824600018,3477128.840800005,4414901.051460005,5849134.906490006,5710160.616030005
2026-10-07T20:11:10.461539+00:00,obs-20261007-01,LIGHT,AAVEUSDT,1.0,172.92,172.93,172.925,0.5783021050209669,10439370308,172.92,172.93,290,33,1498523.0286400006,474165.6725599999,1440738.3560200003,539237.6780300001,10467.52717,3641.53741,141905.20625000002,100705.04053,247320.25222,149137.64277000003,344140.30659,200032.38566000006,854631.7497899999,242377.57024000006
2026-10-07T20:11:10.461539+00:00,obs-20261007-01,LIGHT,AVAXUSDT,1.0,11.179,11.18,11.1795,0.8945343948463247,10519757905,11.179,11.18,353,59,1299970.8524600007,779323.7352199997,1177590.6767399998,801392.55221,4904.15938,11085.741819999997,233124.91678999996,118217.80324000001,373861.6936699999,203489.41186000002,559494.1288799997,242251.22854000013,805636.4070699994,437029.4388500001
2026-10-07T20:11:10.461539+00:00,obs-20261007-01,LIGHT,FILUSDT,1.0,1.0323,1.0324,1.03235,0.9687106461298001,9895296202,1.0323,1.0324,317,65,295611.698807,334264.43319400004,237372.6433209999,345557.93050700007,2426.1671349999997,8066.946156999999,80388.05118099999,83597.922643,171339.45822999993,137734.55541200002,278718.7461469999,205231.07562100003,373786.33482299966,262471.9630529999
2026-10-07T20:11:10.461539+00:00,obs-20261007-01,LIGHT,ALGOUSDT,1.0,0.1182,0.1183,0.11825,8.460236886633776,5664400850,0.1182,0.1183,121,1,35902.6401,30425.336299999963,59254.60579999999,37506.16849999999,0.0,300.4644,24558.901899999997,26008.8906,49549.525799999996,57937.903099999996,97929.5915,88282.04599999999,127753.12849999999,100943.59339999997
2026-10-07T20:11:10.461539+00:00,obs-20261007-01,LIGHT,XRPUSDT,1.0,1.4215,1.4216,1.4215499999999999,0.7034822370743932,26677562182,1.4215,1.4216,360,41,2377242.4483599993,2061092.71822,2331988.144059999,2022913.9367499994,4950.69957,63322.11972000001,1026277.1301799996,563436.3137500001,1551347.08661,1036117.64015,3388347.143109999,1856528.40624,4684707.223729995,2508277.5569400005
2026-10-07T20:11:10.461539+00:00,obs-20261007-01,LIGHT,HBARUSDT,1.0,0.09313,0.09314,0.093135,1.0737678513894622,8393014821,0.09313,0.09314,218,25,443505.9940899998,100893.78799999999,408329.39479,108410.81336999993,435.9593,2169.2116899999996,161991.03499,120954.72518,295922.78935,197958.29407999996,457137.86761,325624.90371999994,849668.1235100002,684929.91576
2026-10-07T20:12:10.472171+00:00,obs-20261007-01,LIGHT,PEPEUSDT,1.0,4.06e-06,4.07e-06,4.065e-06,24.630541871921707,8827937266,4.06e-06,4.07e-06,94,8,15600.991077209996,187009.68122122998,20224.861091950002,285507.26840263006,0.0,682.63878419,116035.20536664,116409.85678905,283209.04322814,278824.57546401,641479.69597967,529451.64367319,1005316.3946019299,749591.3745194899
2026-10-07T20:12:10.472171+00:00,obs-20261007-01,LIGHT,BNBUSDT,1.0,772.18,772.19,772.185,0.12950348364570985,20909800220,772.18,772.19,289,51,719443.0330200001,556795.5507299998,706753.9848999999,569865.7510799996,1376.9146400000004,23672.92318,1035437.4734500003,1816257.2890700004,1728766.6043000002,2796434.0821100012,3489817.8889200035,4401830.851110005,5870212.198700003,5697099.8148000045
2026-10-07T20:12:10.472171+00:00,obs-20261007-01,LIGHT,AAVEUSDT,1.0,173.0,173.01,173.005,0.578034682079398,10439371933,173.0,173.01,291,30,1506723.9811899997,774871.6208500003,1482085.1772999996,765339.8188000002,5818.14656,2813.7116699999997,154724.43402000002,96471.21976999998,259795.8557,165347.64797000008,368657.87992000015,220890.7444400001,879007.6484099999,250267.8294200001
2026-10-07T20:12:10.472171+00:00,obs-20261007-01,LIGHT,AVAXUSDT,1.0,11.19,11.191,11.1905,0.8936550491522866,10519762558,11.19,11.191,384,66,1306918.7756799988,790202.9656199997,1297297.6965900005,822459.5721299999,3188.435560000001,20118.513300000002,202946.48815999995,104753.25655999998,383095.99148,192584.13807999998,536443.38057,210777.84314,783863.4416200002,425306.98347000004
2026-10-07T20:12:10.472171+00:00,obs-20261007-01,LIGHT,FILUSDT,1.0,1.0315,1.0316,1.0315500000000002,0.9694619486189104,9895297937,1.0315,1.0316,272,63,143292.94101900005,174558.97289199996,158202.74028000003,153674.15845599995,1581.1884310000005,2769.3558610000005,99327.672284,94329.310994,168306.450315,145592.26299900003,267772.07624,217928.144338,380085.6276149998,282977.173681
2026-10-07T20:12:10.472171+00:00,obs-20261007-01,LIGHT,ALGOUSDT,1.0,0.1181,0.1182,0.11815,8.467400508043177,5664401660,0.1181,0.1182,157,10,112514.83659999997,59727.90760000001,75292.4306,43218.644100000005,508.7536,243.99650000000003,45884.71890000001,20411.3295,104868.734,67629.07070000001,138684.4615,100650.28910000001,165475.9594,117114.8535
2026-10-07T20:12:10.472171+00:00,obs-20261007-01,LIGHT,XRPUSDT,1.0,1.4212,1.4213,1.4212500000000001,0.7036307345908988,26677565678,1.4212,1.4213,334,39,1409045.2967000005,1913032.111360001,1455641.8451799997,1833797.4724899996,21875.017590000003,18771.487130000005,1115179.89461,692509.5822700001,1615449.6419599992,983690.7314299999,3346794.4300299995,1935687.1526999997,4657004.079399997,2584102.03897
2026-10-07T20:12:10.472171+00:00,obs-20261007-01,LIGHT,HBARUSDT,1.0,0.09307,0.09308,0.09307499999999999,1.0744600838075158,8393016586,0.09307,0.09308,217,39,693816.4561699996,458472.2989,746479.7343099995,446322.29546000005,1018.2222,1727.39313,125953.00241,121018.77778,234018.31647999998,200916.20921999996,412414.2040399999,337727.7084799999,797280.46753,696123.0602000001
2026-10-07T20:13:10.493224+00:00,obs-20261007-01,LIGHT,PEPEUSDT,1.0,4.06e-06,4.07e-06,4.065e-06,24.630541871921707,8827937375,4.06e-06,4.07e-06,79,11,11666.165732970005,2166.12724202,7945.058472699999,983.6705833699998,0.0,841.7654708099999,118783.01003338001,117592.39076728,285591.43133533,280038.65583088,645200.80323994,530634.10033184,1007490.8727406699,750773.8311781399
2026-10-07T20:13:10.493224+00:00,obs-20261007-01,LIGHT,BNBUSDT,1.0,772.04,772.05,772.045,0.12952696751389325,20909802185,772.04,772.05,293,45,506208.48243999993,805956.8563699999,526002.0248700001,793107.0823900002,6441.31386,1314.98109,961868.7443300001,1074630.9130300002,1710655.60333,2683972.20221,3472676.121390004,4410835.133160004,5843795.492840007,5703599.903700004
2026-10-07T20:13:10.493224+00:00,obs-20261007-01,LIGHT,AAVEUSDT,1.0,173.06,173.07,173.065,0.5778342771289857,10439373400,173.06,173.07,233,24,1211120.6144499995,362222.4736699999,1208055.2245699998,365241.03781999997,6154.858080000001,6126.240199999999,183610.19916,104395.06424,251295.53148999994,165763.93642000004,369806.5114899999,217399.3761100001,881209.6110599997,246747.53578000006
2026-10-07T20:13:10.493224+00:00,obs-20261007-01,LIGHT,AVAXUSDT,1.0,11.19,11.191,11.1905,0.8936550491522866,10519764853,11.19,11.191,281,29,782272.6010400002,574087.2610699998,804927.5278400007,561807.2031699999,2178.70497,6624.688749999999,205296.10859999998,118140.63325,336548.38771999994,206131.37004000007,513788.45377,223527.3861200001,758476.7350400002,439098.7723300002
2026-10-07T20:13:10.493224+00:00,obs-20261007-01,LIGHT,FILUSDT,1.0,1.0323,1.0324,1.03235,0.9687106461298001,9895299310,1.0323,1.0324,227,44,127293.20407800002,168415.25880699992,104509.20845600004,188946.64876599994,4714.017264,4837.372736000001,100479.13156999997,77042.784534,191969.21854499998,138303.37885299997,286592.94250799995,205584.500098,381466.1539629997,262667.5574359999
2026-10-07T20:13:10.493224+00:00,obs-20261007-01,LIGHT,ALGOUSDT,1.0,0.1182,0.1183,0.11825,8.460236886633776,5664402160,0.1182,0.1183,136,2,31875.364900000008,26431.247799999986,23950.890199999998,31095.224999999973,22.320899999999998,118.2,28252.593699999998,30721.892200000002,105750.757,71254.8748,143076.47220000002,97856.8323,172590.56910000002,113094.0021
2026-10-07T20:13:10.493224+00:00,obs-20261007-01,LIGHT,XRPUSDT,1.0,1.4213,1.4214,1.42135,0.7035812284517107,26677567043,1.4213,1.4214,315,23,374462.09414,491430.77971999947,343528.1326,419089.64928999956,325.45552,4343.27558,1124752.08171,737142.3653099999,1563263.4963599998,1061948.84646,3375155.9313499997,2008111.9727800002,4675136.4187499955,2656513.1899099997
2026-10-07T20:13:10.493224+00:00,obs-20261007-01,LIGHT,HBARUSDT,1.0,0.09306,0.09307,0.09306500000000001,1.0745755426611048,8393017600,0.09306,0.09307,163,12,363527.0231399999,98027.72539999997,333435.9048199999,79715.67663000002,550.6919899999999,625.95968,162796.66507000002,133265.43398,264127.48775000003,221933.23442,443301.5041,355940.77524999995,827295.1737,714427.7993600001
2026-10-07T20:14:10.526247+00:00,obs-20261007-01,LIGHT,PEPEUSDT,1.0,4.06e-06,4.07e-06,4.065e-06,24.630541871921707,8827937617,4.06e-06,4.07e-06,84,7,49995.64588421001,87559.48609101998,46834.90657794,88206.03840626,0.0,691.4858978500001,116647.2625507,116544.03440416,288762.1281223,279370.43072992,648361.54254621,529987.5480166,1010649.40475881,750127.2788628999
2026-10-07T20:14:10.526247+00:00,obs-20261007-01,LIGHT,BNBUSDT,1.0,772.14,772.15,772.145,0.12951019245255324,20909803872,772.14,772.15,312,37,442422.66210999974,605621.4889599998,407203.3523499998,611688.7147699996,5085.21464,5463.923750000001,982435.9176500001,1841348.54223,1744792.51319,2805325.9278100007,3506118.9400600037,4406259.661500004,5885347.087020005,5703709.089770003
2026-10-07T20:14:10.526247+00:00,obs-20261007-01,LIGHT,AAVEUSDT,1.0,173.15,173.16,173.155,0.5775339301172799,10439374686,173.15,173.16,229,28,1348803.98917,367866.36508999986,1343028.0063900005,316506.28875,1305.81925,2307.9797099999996,166633.71174,170604.765,251416.23949999994,224550.41766000006,372920.47549999994,270253.2077399999,879165.0203899998,298431.36114
2026-10-07T20:14:10.526247+00:00,obs-20261007-01,LIGHT,AVAXUSDT,1.0,11.201,11.202,11.2015,0.8927774305855785,10519767168,11.201,11.202,292,30,716998.9135799999,433260.67169999995,656582.8268499997,445387.54795000004,4669.1837399999995,11973.97193,219285.44231,126204.23758,383689.2144800001,191020.99442000003,567023.80143,214824.76426000008,812263.4972300002,430346.43293000007
2026-10-07T20:14:10.526247+00:00,obs-20261007-01,LIGHT,FILUSDT,1.0,1.0334,1.0335,1.0334500000000002,0.9676795045487907,9895300852,1.0334,1.0335,264,33,171533.681736,152793.77997300003,157384.40011599992,175405.01126100004,170.062379,3896.4437000000003,87326.106403,76666.353252,175546.173152,128106.135827,280288.3690329998,190651.07565799993,380683.3001229995,244383.11507199984
2026-10-07T20:14:10.526247+00:00,obs-20261007-01,LIGHT,ALGOUSDT,1.0,0.1183,0.1184,0.11835000000000001,8.453085376163294,5664402807,0.1183,0.1184,134,3,57637.009600000034,30094.381200000003,44367.349899999994,35215.4919,0.0,3287.3204,43636.7917,33630.8623,107811.3273,67540.3873,149266.38300000003,95631.44559999999,176658.13330000004,108519.93089999999
2026-10-07T20:14:10.526247+00:00,obs-20261007-01,LIGHT,XRPUSDT,1.0,1.4223,1.4224,1.42235,0.703086549955767,26677569993,1.4223,1.4224,326,42,1698926.5569299995,1583286.474800001,1662595.0918,1686218.21946,4135.5932299999995,40813.59094,1113245.5582500002,649964.9887999999,1699551.3964600004,1251620.4547599996,3368204.34446,1909317.8255,4702809.602049997,2583903.286450001
2026-10-07T20:14:10.526247+00:00,obs-20261007-01,LIGHT,HBARUSDT,1.0,0.09305,0.09306,0.093055,1.0746910263303988,8393018320,0.09305,0.09306,144,12,418632.23331000004,93487.22626999994,432413.63683999993,87724.07053999996,635.37948,849.3053399999999,136785.99369,137299.20687,236938.16593999998,228010.64602999995,429527.6552299999,361696.3177899999,813552.2565700001,720159.63149
2026-10-07T20:15:10.526341+00:00,obs-20261007-01,LIGHT,PEPEUSDT,1.0,4.06e-06,4.07e-06,4.065e-06,24.630541871921707,8827937755,4.06e-06,4.07e-06,89,10,8377.164557310001,173041.35707307,8487.698149840002,176830.45429042002,6.65044646,700.16590952,116834.88146806,97623.45271833,289459.92212551,275251.25859273,648251.00895368,526198.4507992499,1011481.62438012,746338.18164625
2026-10-07T20:15:10.526341+00:00,obs-20261007-01,LIGHT,BNBUSDT,1.0,772.11,772.12,772.115,0.12951522451398745,20909805788,772.11,772.12,290,37,716278.73716,587803.7984699999,744015.1478300003,593168.3497199999,653.2076900000001,1247.6865799999994,966452.9477300002,1835957.2201399999,1720894.65924,2667380.2277700007,3479849.4513700036,4400699.367250005,5850621.936230003,5698013.011540004
2026-10-07T20:15:10.526341+00:00,obs-20261007-01,LIGHT,AAVEUSDT,1.0,173.26,173.27,173.265,0.5771672630738856,10439377506,173.26,173.27,306,56,2179485.1181299994,766461.86319,2104705.3844799995,822514.7244700006,8021.474129999999,5524.85904,225480.57408,106051.01728999999,320569.20739,168599.11169000002,439491.14187999995,218332.08896000005,956511.96426,242663.36456000007
2026-10-07T20:15:10.526341+00:00,obs-20261007-01,LIGHT,AVAXUSDT,1.0,11.206,11.207,11.2065,0.8923790826353972,10519769096,11.206,11.207,274,34,541381.1607700001,430433.64126,511973.73191000003,430588.03467,812.81057,10521.917970000002,272810.27952,129398.64740000002,443884.14881,188476.95742000008,596257.5493099999,214763.0506300001,828385.3184400001,430310.9952700002
2026-10-07T20:15:10.526341+00:00,obs-20261007-01,LIGHT,FILUSDT,1.0,1.033,1.0331,1.0330499999999998,0.9680542110346302,9895302374,1.033,1.0331,251,28,133883.48834899996,194213.85024999996,155170.02127499998,173636.57343900003,12788.145743000001,2832.5738870000005,96158.259099,81523.18134500002,166320.27234600004,136995.621828,259019.460674,210720.2366109999,369624.4699419999,265081.7098019999
2026-10-07T20:15:10.526341+00:00,obs-20261007-01,LIGHT,ALGOUSDT,1.0,0.1183,0.1184,0.11835000000000001,8.453085376163294,5664403117,0.1183,0.1184,118,0,28010.6641,12977.873099999997,32623.9726,6568.6791,0.0,0.0,40319.8117,33139.0484,103068.7842,74273.73730000001,144653.0745,102040.63960000001,174467.38679999998,114676.05219999999
2026-10-07T20:15:10.526341+00:00,obs-20261007-01,LIGHT,XRPUSDT,1.0,1.4223,1.4224,1.42235,0.703086549955767,26677571775,1.4223,1.4224,350,34,563988.0875200002,661732.4891000001,615698.6324399998,707347.13694,3202.0316300000004,48945.148539999995,1068857.0737400001,638342.85182,1649723.3022799997,1205287.2203699995,3316493.7995399986,1864208.3947099994,4651085.092949996,2538857.6092700004
2026-10-07T20:15:10.526341+00:00,obs-20261007-01,LIGHT,HBARUSDT,1.0,0.09315,0.09316,0.093155,1.0735373054227004,8393019518,0.09315,0.09316,186,16,648239.2754199998,133738.8466,618766.1508299996,162796.53001999995,109.24149,1714.05879,116786.0314,128616.05733000004,259974.00232999996,201273.12899,449659.02411,332797.97896,842774.45707,693660.0362800001
2026-10-07T20:16:10.526651+00:00,obs-20261007-01,LIGHT,PEPEUSDT,1.0,4.07e-06,4.08e-06,4.075e-06,24.57002457002533,8827938306,4.07e-06,4.08e-06,134,13,360473.3765300801,287997.2405553902,361299.8550372101,284932.6267180402,1321.3933306200001,19501.936124039996,78403.27142571,186971.41710167998,233347.17742441,395996.27130866,480398.12635941,621820.6208338599,882269.45619865,901128.89563237
2026-10-07T20:16:10.526651+00:00,obs-20261007-01,LIGHT,BNBUSDT,1.0,772.18,772.19,772.185,0.12950348364570985,20909808520,772.18,772.19,318,58,998909.85513,896957.1944200002,984141.8280500006,920863.4801600003,8661.154090000002,3886.773280000001,980067.6698700001,1814234.9897800002,1735018.93889,2776270.7702500005,3492275.272660004,4379348.021450004,5874913.090760003,5674623.273300003
2026-10-07T20:16:10.526651+00:00,obs-20261007-01,LIGHT,AAVEUSDT,1.0,173.34,173.35,173.345,0.576900888427101,10439380172,173.34,173.35,326,77,1769511.49053,546339.25184,1815682.4960099992,579107.6117399997,6448.84076,23457.156130000003,173786.68599000003,84081.53138000001,261774.0767800001,142733.09521999996,385174.06534999993,187854.38909000007,898817.10722,212918.02001000007
2026-10-07T20:16:10.526651+00:00,obs-20261007-01,LIGHT,AVAXUSDT,1.0,11.217,11.218,11.217500000000001,0.8915039671930636,10519773164,11.217,11.218,319,80,1056208.84587,728880.4620399997,1101648.33759,735545.62631,12379.00638,17977.101339999997,228766.13577999998,120376.26911999998,395131.83518,182127.96613999997,493894.8231099999,208859.21782000002,772171.9325700001,423951.60683000006
2026-10-07T20:16:10.526651+00:00,obs-20261007-01,LIGHT,FILUSDT,1.0,1.0338,1.0339,1.0338500000000002,0.9673050880243395,9895304061,1.0338,1.0339,270,54,182995.6847629999,219332.50222899992,157073.176452,233178.03956999996,786.969822,2410.0431679999992,79551.028529,82504.226769,179671.559199,134464.668344,281254.174722,205636.55329899996,393949.77077699977,251412.3204159999
2026-10-07T20:16:10.526651+00:00,obs-20261007-01,LIGHT,ALGOUSDT,1.0,0.1184,0.1185,0.11845,8.445945945945166,5664403810,0.1184,0.1185,161,2,86605.6953,56641.33819999999,76976.71409999998,65323.04870000001,0.0,154.512,44929.542499999996,30066.2858,108631.9986,70935.5083,150556.5021,96026.96589999998,186393.0296,109092.44239999997
2026-10-07T20:16:10.526651+00:00,obs-20261007-01,LIGHT,XRPUSDT,1.0,1.423,1.4231,1.42305,0.7027406886850329,26677574552,1.423,1.4231,316,47,1484302.90671,1434289.7323,1348440.6700600001,1341517.7975199996,51064.25342000001,24529.979120000007,896161.1303399999,670780.79606,1645882.3326800002,1146825.90455,3422552.9705500007,1958424.26807,4783522.3798699975,2637715.060850001
2026-10-07T20:16:10.526651+00:00,obs-20261007-01,LIGHT,HBARUSDT,1.0,0.09319,0.0932,0.093195,1.0730765103561524,8393020678,0.09319,0.0932,210,31,865699.3124499999,315809.28841,868442.13455,326360.3806,1001.76316,1485.6940799999998,124485.69884,117128.80690000001,257609.96182,188889.92163000003,446103.93656000006,331878.88307999994,835073.08115,683633.2910500001
2026-10-07T20:17:10.541639+00:00,obs-20261007-01,LIGHT,PEPEUSDT,1.0,4.07e-06,4.08e-06,4.075e-06,24.57002457002533,8827938707,4.07e-06,4.08e-06,158,8,157234.50146350003,303169.01994910993,140673.98571141,309184.35487057996,28.43919012,634.67341272,97368.72875246,163199.6710908,252591.61883668002,388590.11284719,496958.6421115,615805.28591239,906765.8808874199,895113.5607109001
2026-10-07T20:17:10.541639+00:00,obs-20261007-01,LIGHT,BNBUSDT,1.0,772.57,772.58,772.575,0.12943810916876686,20909812425,772.57,772.58,381,87,2603326.291159997,2262898.3779699993,2573464.5680299993,2259876.6344999997,2253.7402500000003,15972.246359999996,1023279.4392499998,1709689.1468000014,1751076.5117299997,2760520.9299199996,3519928.0452200007,4497102.777590001,5837506.544069999,5706209.702710004
2026-10-07T20:17:10.541639+00:00,obs-20261007-01,LIGHT,AAVEUSDT,1.0,173.56,173.57,173.565,0.5761696243378189,10439384912,173.56,173.57,412,125,1153770.4233400002,912392.1242399998,1183623.9449600007,892469.2137900002,15568.1014,11861.091869999993,153350.84873,92168.23040999996,221480.55823,152178.77371999997,344654.42575,211884.78731999992,392264.7298599998,238758.16386999993
2026-10-07T20:17:10.541639+00:00,obs-20261007-01,LIGHT,AVAXUSDT,1.0,11.228,11.229,11.2285,0.8906305664413416,10519776759,11.228,11.229,349,71,1297908.2277400002,570746.9876699996,1192852.30369,509486.94278,37365.22317000001,12858.58773,191199.80908000004,125273.36593999996,403587.28362000006,227035.60288999995,598754.8428800001,272836.0399099999,755173.9597900001,487033.20158
2026-10-07T20:17:10.541639+00:00,obs-20261007-01,LIGHT,FILUSDT,1.0,1.035,1.0351,1.03505,0.9661835748797643,9895306430,1.035,1.0351,352,84,208646.68596400003,275704.786145,197566.00946099998,293538.36168700026,387.5556490000001,14331.166918,94399.29027499999,70297.67315699997,178338.50267599997,129407.079186,286784.699621,195617.08093099997,397753.5534719996,241905.1949639999
2026-10-07T20:17:10.541639+00:00,obs-20261007-01,LIGHT,ALGOUSDT,1.0,0.1186,0.1187,0.11865,8.43170320404818,5664404699,0.1186,0.1187,215,2,95674.17540000004,59758.39980000006,81716.96010000001,77329.27520000003,0.0,296.5313,21546.3927,21943.9792,91538.6206,58107.0241,150648.29519999996,83547.88019999999,187821.37509999995,105984.18309999998
2026-10-07T20:17:10.541639+00:00,obs-20261007-01,LIGHT,XRPUSDT,1.0,1.4247,1.4248,1.42475,0.7019021548404503,26677579819,1.4247,1.4248,432,59,3294588.5132400002,3347544.640020001,3315852.3122099997,3435011.9551600018,9353.433409999998,39688.61994999999,923155.5621,769331.72995,1475631.72591,1344617.5350299997,2604039.1681399993,1887704.9543399997,4755734.699839999,2601319.9138500006
2026-10-07T20:17:10.541639+00:00,obs-20261007-01,LIGHT,HBARUSDT,1.0,0.09329,0.0933,0.09329499999999999,1.0719262514724548,8393022746,0.09329,0.0933,266,40,1292764.65853,342284.40801000013,1272212.27261,338321.77338999975,1570.63769,4736.885259999999,142382.00291999994,125072.9043,284781.10816999996,202469.68960000004,454081.39018999995,337899.5882900001,847397.5032099999,698422.1319100002
2026-10-07T20:18:10.550787+00:00,obs-20261007-01,LIGHT,PEPEUSDT,1.0,4.07e-06,4.08e-06,4.075e-06,24.57002457002533,8827938969,4.07e-06,4.08e-06,144,16,71493.41029043999,200182.19707716996,82063.20978123002,200485.88552631994,35.17768155,877.93377168,77712.2287183,180283.73145048,242392.0332915,389340.97474374,486388.84262070997,615501.59746324,908028.3644913,895264.0642011901
2026-10-07T20:18:10.550787+00:00,obs-20261007-01,LIGHT,BNBUSDT,1.0,772.44,772.45,772.445,0.1294598933254676,20909815620,772.44,772.45,368,80,2252911.5439200005,1908760.3285599998,2319409.702289998,1887159.284109999,2543.38167,8736.631639999998,1107712.1043999998,1747968.0192100008,1691946.7739000004,2793022.7237300007,3453826.809810002,4514500.634960001,5818884.060990001,5684553.027400003
2026-10-07T20:18:10.550787+00:00,obs-20261007-01,LIGHT,AAVEUSDT,1.0,173.36,173.37,173.365,0.5768343331791215,10439388635,173.36,173.37,344,54,1573883.5338299992,854994.9745,1516442.754350001,795619.6857700001,3365.06687,2634.03637,221918.32587000003,157810.36482000002,285157.63738,205283.2294,406260.09723,266990.95379999996,921250.37784,294260.48175999994
2026-10-07T20:18:10.550787+00:00,obs-20261007-01,LIGHT,AVAXUSDT,1.0,11.212,11.213,11.212499999999999,0.8919015340702607,10519780276,11.212,11.213,327,68,1122207.8826700004,518277.6334499999,1306430.3099399996,506864.4687500002,8762.871790000003,9766.8387,171681.59287999995,134469.50614,339757.78776,209610.44974999997,414738.75270999986,279926.49269000004,698831.2579999999,495198.05738000013
2026-10-07T20:18:10.550787+00:00,obs-20261007-01,LIGHT,FILUSDT,1.0,1.035,1.0351,1.03505,0.9661835748797643,9895307765,1.035,1.0351,280,53,149410.18138499992,125131.60607199998,152453.40236899996,121267.24763099999,1832.015413999999,3332.941378,94713.80930699997,73802.20884499999,178350.02206199997,129497.58812199996,283741.47863699996,199473.85949699997,394422.7487749998,248911.38329799988
2026-10-07T20:18:10.550787+00:00,obs-20261007-01,LIGHT,ALGOUSDT,1.0,0.1185,0.1186,0.11854999999999999,8.438818565401629,5664405354,0.1185,0.1186,130,17,84050.34030000001,51117.453499999996,95443.3976,22533.390700000007,4492.681,2856.8510000000006,40104.8347,34345.4307,98726.5443,81655.42489999998,146387.6401,107662.2055,178966.5769,123702.40169999999
2026-10-07T20:18:10.550787+00:00,obs-20261007-01,LIGHT,XRPUSDT,1.0,1.4239,1.424,1.42395,0.7022965095870859,26677583240,1.4239,1.424,399,47,1606950.4181000004,2040092.7077599987,1873054.3913300002,1762891.5527,11617.52853,26649.882019999997,817258.6706399999,1096237.4002299998,1252155.6593799999,1348431.1097799996,3105990.797299999,2164146.6237600013,4491992.791009998,2877355.5293300007
2026-10-07T20:18:10.550787+00:00,obs-20261007-01,LIGHT,HBARUSDT,1.0,0.09324,0.09325,0.093245,1.0725010725010087,8393024055,0.09324,0.09325,209,20,319564.1226500001,246826.81617000006,344057.8265699999,233532.5536099999,1840.6416399999998,1612.6092399999998,140282.97712,128091.04299,266204.49221000005,210760.52130000008,434894.62409,351119.24023000005,823632.8705,711661.6947200001
2026-10-07T20:19:10.573411+00:00,obs-20261007-01,LIGHT,PEPEUSDT,1.0,4.06e-06,4.07e-06,4.065e-06,24.630541871921707,8827939524,4.06e-06,4.07e-06,150,15,316885.19082736,183710.20494878996,385088.1779058902,133832.47123142,5403.91284191,2442.24932412,122033.88422512,46894.72000389,281541.89816917,230123.24493500998,541953.3484996,562915.88781971,916074.02705827,883569.84947698
2026-10-07T20:19:10.573411+00:00,obs-20261007-01,LIGHT,BNBUSDT,1.0,772.19,772.2,772.195,0.1295018065494702,20909819647,772.19,772.2,342,96,2380678.43694,2507525.64229,2371276.9772199993,2497828.5327600003,4065.500679999998,13731.451869999999,1035771.8596600004,1684100.5554100005,1704219.9114900006,2793942.9259100007,3464898.8701900034,4413674.93809,5852383.676190001,5687898.319029998
2026-10-07T20:19:10.573411+00:00,obs-20261007-01,LIGHT,AAVEUSDT,1.0,173.3,173.32,173.31,1.1540680900168354,10439391153,173.3,173.32,310,37,1558400.1064000004,505408.1883100001,1600402.8109400005,499689.69192999974,1741.67772,4399.71853,178415.06964999996,152393.03327000004,264347.69136,209756.71039,366041.9049799999,268562.5554799999,883079.6251199997,295717.46166
2026-10-07T20:19:10.573411+00:00,obs-20261007-01,LIGHT,AVAXUSDT,1.0,11.21,11.211,11.2105,0.892060660124816,10519784533,11.21,11.211,346,67,1242109.5214600007,692773.2496499993,1199045.17719,706220.3512099995,2058.3293800000006,15633.771320000003,206475.78242,116074.05384000002,411492.1190200001,197627.08697000003,512067.6665,266474.29533000017,741938.0503899999,481296.9540800003
2026-10-07T20:19:10.573411+00:00,obs-20261007-01,LIGHT,FILUSDT,1.0,1.0352,1.0353,1.03525,0.9659969088127163,9895309111,1.0352,1.0353,244,43,148260.057284,114109.62697399998,154628.42191499998,118015.53588000001,5464.639565999999,2068.8335869999996,85574.15973599999,68256.635617,171553.75520500002,125749.10434699999,277368.05198799993,195632.1652009999,389522.51909099985,244407.47532199984
2026-10-07T20:19:10.573411+00:00,obs-20261007-01,LIGHT,ALGOUSDT,1.0,0.1184,0.1185,0.11845,8.445945945945166,5664406110,0.1184,0.1185,144,5,62465.56570000001,49664.716999999975,67997.33949999999,55495.12,233.7794,137.82580000000002,41999.236300000004,26716.462,96363.4158,71020.9096,144320.32180000003,100008.77149999999,174653.76210000002,115033.32989999998
2026-10-07T20:19:10.573411+00:00,obs-20261007-01,LIGHT,XRPUSDT,1.0,1.4236,1.4237,1.4236499999999999,0.702444506883726,26677586950,1.4236,1.4237,397,57,1708724.9414699993,1696450.08468,1749992.2054399995,1705363.7325900004,7227.185120000001,53566.81118999999,803279.3080999999,1054066.54033,1437261.75191,1216750.0794699995,3065295.83817,2144859.2421300006,4507064.357899998,2883986.3431700002
2026-10-07T20:19:10.573411+00:00,obs-20261007-01,LIGHT,HBARUSDT,1.0,0.09321,0.09322,0.09321499999999999,1.0728462611298006,8393025735,0.09321,0.09322,275,27,504928.72664999985,452021.31685000006,495349.89058000006,442861.60389000014,2521.63782,1237.06852,143417.61589000002,131473.162,250015.84853,216216.28477000003,450934.4601599999,358303.11856000003,833232.4143699999,720715.0460000001
2026-10-07T20:20:10.626433+00:00,obs-20261007-01,LIGHT,PEPEUSDT,1.0,4.07e-06,4.08e-06,4.075e-06,24.57002457002533,8827939969,4.07e-06,4.08e-06,131,11,447368.80108139006,82073.17388905003,355044.46167068003,123450.63880395009,0.0,9187.979963709999,109561.32005192,178953.7168692,265846.4986045,388256.45504637,510494.19495420007,614090.84300358,935411.91106679,893966.3874749601
2026-10-07T20:20:10.626433+00:00,obs-20261007-01,LIGHT,BNBUSDT,1.0,772.35,772.36,772.355,0.12947497896043103,20909822548,772.35,772.36,325,55,1120752.9953800004,533315.5924,1097494.1763099993,565156.5718700001,6332.494640000001,3662.388470000001,1028743.1182400003,1731911.9641600004,1731300.8642600002,2763327.5777600002,3487030.780620003,4490904.214120001,5865678.848990003,5658694.958480002
2026-10-07T20:20:10.626433+00:00,obs-20261007-01,LIGHT,AAVEUSDT,1.0,173.75,173.76,173.755,0.5755395683437747,10439396954,173.75,173.76,355,190,2398008.229999999,589675.6724900005,2274994.7316299994,688114.9779200002,10890.77782,41709.01206000002,246111.88382,86018.39444999999,339571.83693,122240.79751999993,454870.7237900002,176794.45213000002,525375.24821,201868.85539000004
2026-10-07T20:20:10.626433+00:00,obs-20261007-01,LIGHT,AVAXUSDT,1.0,11.223,11.224,11.223500000000001,0.8910273545392755,10519787440,11.223,11.224,305,48,806380.3598700002,350011.04389999993,766946.7036300002,395644.89214000007,7270.665500000001,9993.557060000001,240212.40214000008,101666.26265,413757.40227000014,170548.46213000003,496788.48087000014,223599.92231000014,769028.95695,436992.66051000025
2026-10-07T20:20:10.626433+00:00,obs-20261007-01,LIGHT,FILUSDT,1.0,1.0359,1.036,1.0359500000000001,0.9653441451873412,9895311126,1.0359,1.036,296,72,238980.4178959999,212373.8820240001,224983.95354999998,219768.5000620001,1368.76263,11127.18358,87963.239007,72018.871413,163712.92097999994,132674.971426,287456.00955,197250.12978199997,398887.8404369999,234259.79984699996
2026-10-07T20:20:10.626433+00:00,obs-20261007-01,LIGHT,ALGOUSDT,1.0,0.1185,0.1186,0.11854999999999999,8.438818565401629,5664406478,0.1185,0.1186,112,3,55675.32530000001,30290.8091,42352.0447,36163.67560000002,5.5695,141.60750000000002,31168.3327,28924.5706,93375.527,70701.8148,154179.14690000002,95959.29510000002,186746.8136,109714.3616
2026-10-07T20:20:10.626433+00:00,obs-20261007-01,LIGHT,XRPUSDT,1.0,1.4241,1.4242,1.42415,0.7021978793630979,26677589641,1.4241,1.4242,365,59,1392034.750260001,913491.48172,1217256.935790001,992436.9392900005,39802.18198,26099.34386,887173.9445799997,1001215.8951000001,1364516.1029299998,1263490.8753300004,3235032.6857899986,2078977.9345700007,4616628.478949997,2806080.4688400007
2026-10-07T20:20:10.626433+00:00,obs-20261007-01,LIGHT,HBARUSDT,1.0,0.09325,0.09326,0.093255,1.0723860589800793,8393026908,0.09325,0.09326,190,9,684559.4115599996,586467.3820699999,680605.4128899997,604118.3688300002,700.53312,975.38225,149217.77084,120991.93550999998,276501.05334000004,208664.83694000004,448427.45882999996,342627.96643000003,837144.92172,703592.0528000001
2026-10-07T20:21:10.636137+00:00,obs-20261007-01,LIGHT,PEPEUSDT,1.0,4.07e-06,4.08e-06,4.075e-06,24.57002457002533,8827940230,4.07e-06,4.08e-06,154,16,279898.35115206,132815.95980143995,302976.94354094996,134000.64124864995,14.24074685,1540.1079347999998,77986.44385312,164846.95902216,212197.0279925,301051.36543956003,487415.6025653101,612906.16155637,918571.55769666,892781.70602775
2026-10-07T20:21:10.636137+00:00,obs-20261007-01,LIGHT,BNBUSDT,1.0,772.12,772.13,772.125,0.12951354711798757,20909825255,772.12,772.13,342,62,828590.2850599997,793398.89422,843101.1479499997,773523.7491499999,6130.054809999999,3014.9470600000013,1083507.4359400002,1663893.073350001,1718505.10267,2649744.003130002,3476401.092310003,4399147.144560002,5863717.535030002,5677575.470749999
2026-10-07T20:21:10.636137+00:00,obs-20261007-01,LIGHT,AAVEUSDT,1.0,173.73,173.74,173.735,0.575605825132719,10439399648,173.73,173.74,318,57,1541312.7404800004,304121.28195,1592330.1843900003,283077.77686999994,2715.1411199999993,9218.992760000001,188964.33341,97353.73097,286811.01414999994,137985.54074999993,416940.0727000003,197837.95721,473430.5824499999,222596.24394999997
2026-10-07T20:21:10.636137+00:00,obs-20261007-01,LIGHT,AVAXUSDT,1.0,11.203,11.204,11.2035,0.8926180487378588,10519790646,11.203,11.204,316,51,944384.2869600005,463771.25028000015,1049728.1314400006,407871.4055700001,13243.660689999999,1619.758,199498.61794999999,112227.44732,363055.39107000007,178585.59985999993,450488.7378000001,276524.78264999995,689296.5872500001,488944.5176999999
2026-10-07T20:21:10.636137+00:00,obs-20261007-01,LIGHT,FILUSDT,1.0,1.0361,1.0363,1.0362,1.9303156066019511,9895312830,1.0361,1.0362,283,33,285291.3784120002,182519.68580200005,296606.18976999994,162923.51402700003,975.7430450000002,883.394551,91561.78457999999,87531.37925600001,168765.70611099998,146674.15423200003,272172.229757,214037.01248300003,387853.92291899986,258225.01267000005
2026-10-07T20:21:10.636137+00:00,obs-20261007-01,LIGHT,ALGOUSDT,1.0,0.1185,0.1186,0.11854999999999999,8.438818565401629,5664407300,0.1185,0.1186,141,5,74117.84429999998,50281.60690000001,80196.14979999998,46044.2779,563.35,165.5656,46198.9978,27332.6988,99767.90009999998,71662.823,148100.84139999998,100196.62410000002,180938.10779999994,116227.9562
2026-10-07T20:21:10.636137+00:00,obs-20261007-01,LIGHT,XRPUSDT,1.0,1.4236,1.4237,1.4236499999999999,0.702444506883726,26677592495,1.4236,1.4237,351,48,1314032.0417799996,998855.8076100004,1477415.5838400002,931622.1973400001,47846.398749999986,17050.989830000002,822942.9492,1032952.6028499999,1454294.4175000002,1206669.3562499997,3076690.1105799996,2134158.8488600003,4507259.5586899975,2872237.02162
2026-10-07T20:21:10.636137+00:00,obs-20261007-01,LIGHT,HBARUSDT,1.0,0.09326,0.09327,0.093265,1.0722710701283056,8393027865,0.09326,0.09327,191,7,370883.32090999995,100519.28955000003,374852.3362999998,93326.29524000002,197.06449,494.21317,133533.2311,127485.5034,273086.5104,217587.98369000002,439949.41556,349828.5901300001,833177.3944100001,710839.7468600002
2026-10-07T20:22:10.666574+00:00,obs-20261007-01,LIGHT,PEPEUSDT,1.0,4.07e-06,4.08e-06,4.075e-06,24.57002457002533,8827940451,4.07e-06,4.08e-06,143,9,75262.53583635998,53104.87187767999,51004.878522520004,54076.40841543999,0.0,776.5889013599999,125902.33888386,163746.87244104,266806.94320588,300079.6774718,511673.25987915,611934.6250186099,935742.46237611,891810.16948999
2026-10-07T20:22:10.666574+00:00,obs-20261007-01,LIGHT,BNBUSDT,1.0,772.07,772.08,772.075,0.12952193453985572,20909827328,772.07,772.08,381,29,831267.0386200006,1345850.9572,804386.1435300006,1354127.2377299992,3790.30628,650.84788,1042273.4598600003,1622408.6722200005,1726854.8199800008,2642232.7835700014,3503560.982840004,4390796.782690003,5884115.246260002,5668235.548480001
2026-10-07T20:22:10.666574+00:00,obs-20261007-01,LIGHT,AAVEUSDT,1.0,173.63,173.64,173.635,0.57593733801653,10439402139,173.63,173.64,290,44,1778919.9919200004,328233.3824,1866143.2572000008,325606.10681999975,17200.72868,856.8435199999999,105113.30015999997,84434.90199999999,211055.6968599999,140732.71152999997,333635.52335999993,196850.12863999995,386642.9615599996,222951.63434999998
2026-10-07T20:22:10.666574+00:00,obs-20261007-01,LIGHT,AVAXUSDT,1.0,11.201,11.202,11.2015,0.8927774305855785,10519792902,11.201,11.202,260,26,641436.6925299995,285504.2091600001,627211.97585,290810.8294700001,900.9005499999998,3463.34984,226122.40460000004,99488.35311000001,382445.2563700002,177667.65748999998,464843.6540800002,270721.90221000003,712093.1837900002,483154.35935000004
2026-10-07T20:22:10.666574+00:00,obs-20261007-01,LIGHT,FILUSDT,1.0,1.0354,1.0355,1.03545,0.9658103148546537,9895314877,1.0354,1.0355,329,147,382578.231677,225087.75323,390616.5904589998,203887.03295200004,9868.642598999993,2670.772297000001,112198.319914,99291.47041899998,197383.90804300006,149641.86491099992,268143.511951,229938.2914779999,384006.84467299987,276226.8837839999
2026-10-07T20:22:10.666574+00:00,obs-20261007-01,LIGHT,ALGOUSDT,1.0,0.1184,0.1185,0.11845,8.445945945945166,5664407558,0.1184,0.1185,77,7,31595.860700000005,39226.99629999999,40893.93209999999,33573.5295,143.949,69.204,52564.6095,31965.7895,112291.90729999999,73747.1465,142267.2255,102195.2908,172882.85739999998,119515.80519999999
2026-10-07T20:22:10.666574+00:00,obs-20261007-01,LIGHT,XRPUSDT,1.0,1.4233,1.4234,1.4233500000000001,0.7025925665704591,26677594184,1.4233,1.4234,323,83,713892.1364199998,537810.2901299999,741339.9761200002,666705.873,2245.56882,20723.97016999999,873343.53698,814377.6436799999,1422540.58072,1064572.7493800002,3049720.8584800004,2004958.758470001,4491042.344599999,2710087.681050001
2026-10-07T20:22:10.666574+00:00,obs-20261007-01,LIGHT,HBARUSDT,1.0,0.09326,0.09327,0.093265,1.0722710701283056,8393028881,0.09326,0.09327,177,11,426668.3424100002,94668.86508000002,429433.37279000017,100742.74624999997,811.1076,5056.6261,136763.64291999998,119220.44955,270931.95226,207807.57984000002,437184.3851799999,343754.70896,823952.6379099999,704765.8656900001
2026-10-07T20:23:10.667720+00:00,obs-20261007-01,LIGHT,PEPEUSDT,1.0,4.07e-06,4.08e-06,4.075e-06,24.57002457002533,8827940729,4.07e-06,4.08e-06,133,13,166205.0342418,15287.816833940002,175088.95343736996,115822.76581637004,878.7345628600001,757.4502333599999,143021.05945336,140010.88272192,258495.73030672,284615.48322188,502789.34068358,511399.67603617994,932993.68978686,705277.18314688
2026-10-07T20:23:10.667720+00:00,obs-20261007-01,LIGHT,BNBUSDT,1.0,772.11,772.12,772.115,0.12951522451398745,20909829269,772.11,772.12,273,40,515153.3133600005,506692.3043400001,487359.1514700005,513846.50312000007,4593.063790000001,1396.7162300000002,1101288.8393100002,1649666.8162900005,1757645.29568,2635156.9558400013,3531076.1492900024,4383716.665250002,5915761.928689999,5661520.673029999
2026-10-07T20:23:10.667720+00:00,obs-20261007-01,LIGHT,AAVEUSDT,1.0,173.74,173.75,173.745,0.5755726948297735,10439403576,173.74,173.75,238,25,1138780.4363600002,284221.49882999994,1138250.6705400003,282563.94990999997,132.21372,819.3032000000001,119922.01420999996,98756.20939999999,199908.58437,147708.06049999993,316924.48736,200778.75811,383322.1137099998,225425.87521
2026-10-07T20:23:10.667720+00:00,obs-20261007-01,LIGHT,AVAXUSDT,1.0,11.208,11.209,11.2085,0.8922198429694994,10519794386,11.208,11.209,234,23,452419.08619,175849.55942000006,494658.39301,209403.1403999999,1890.4724800000001,8669.88448,198791.00338,96826.29717000002,323782.92159000004,165052.68873,420387.47651999997,237299.37176000007,646715.0265599997,449739.61943000014
2026-10-07T20:23:10.667720+00:00,obs-20261007-01,LIGHT,FILUSDT,1.0,1.0355,1.0356,1.0355500000000002,0.9657170449051122,9895316479,1.0355,1.0356,281,44,251288.777843,185144.9224969999,249766.22112399995,189969.41846500002,1880.6726029999998,2877.7468639999997,98829.18180499999,102638.31569499998,186240.53728599998,148228.53360199998,269655.0283429999,229859.158859,385429.30822599976,271419.75861500006
2026-10-07T20:23:10.667720+00:00,obs-20261007-01,LIGHT,ALGOUSDT,1.0,0.1185,0.1186,0.11854999999999999,8.438818565401629,5664407918,0.1185,0.1186,108,2,34058.4268,23193.349400000003,23605.625299999996,30528.367100000003,10.064,118.5,41492.8155,33034.722499999996,100624.6507,73985.5146,149255.5715,96683.6632,182092.95489999995,112714.90249999998
2026-10-07T20:23:10.667720+00:00,obs-20261007-01,LIGHT,XRPUSDT,1.0,1.4238,1.4239,1.4238499999999998,0.702345835088547,26677595530,1.4238,1.4239,265,34,585035.2148100003,889052.5067499997,449242.75896,746820.6089899997,701.0179499999999,26512.32252,908550.3908100001,1064794.43818,1310767.26176,1343304.5965500001,3184768.608729999,2160276.321430001,4614330.332959998,2886784.4784100004
2026-10-07T20:23:10.667720+00:00,obs-20261007-01,LIGHT,HBARUSDT,1.0,0.09332,0.09333,0.09332499999999999,1.0715816545214807,8393029945,0.09332,0.09333,222,7,577068.4643699998,158071.31195,547712.0108599999,177789.42311,26.59447,985.0496,164499.85309,103591.67112,268932.2851200001,196501.51086999997,464925.5445400001,324206.77183,846619.16674,689163.02547
2026-10-07T20:24:10.693486+00:00,obs-20261007-01,LIGHT,PEPEUSDT,1.0,4.07e-06,4.08e-06,4.075e-06,24.57002457002533,8827941020,4.07e-06,4.08e-06,103,10,276937.65385059983,9445.966605819998,178548.28293161004,19082.963518980003,18.51325377,629.8394124,125390.69478826,139965.10320432,299821.84000792005,275582.24410872,601178.71160257,501762.67912302,1023561.02439934,695640.18623372
2026-10-07T20:24:10.693486+00:00,obs-20261007-01,LIGHT,BNBUSDT,1.0,772.06,772.07,772.065,0.12952361215567976,20909830568,772.06,772.07,264,31,300802.00031000003,667247.3324800002,321909.4359300001,1023942.6262099994,5520.37521,7374.04764,1043649.2747300004,871269.6080500005,1721371.7446700002,2488683.7597300005,3510253.0595600028,4026936.3731200015,5929356.749179999,5163397.676900001
2026-10-07T20:24:10.693486+00:00,obs-20261007-01,LIGHT,AAVEUSDT,1.0,173.77,173.78,173.775,0.5754733268115153,10439404878,173.77,173.78,249,32,1025169.1731499998,170947.3565599999,941630.9342500002,173781.90359000006,1331.7422300000003,2535.1706299999987,205283.77287,78638.93626,306470.08149,121378.45243000002,400448.62144000025,198061.9756300001,456332.86262,224723.6893200001
2026-10-07T20:24:10.693486+00:00,obs-20261007-01,LIGHT,AVAXUSDT,1.0,11.194,11.195,11.194500000000001,0.8933357155616051,10519796829,11.194,11.195,272,39,644230.4804399998,276390.79789,715669.9303900002,242881.94133000006,7549.57001,3099.36005,163724.39479000002,92541.56166999998,278236.37504,170296.26423000003,352838.1616,267860.5341000001,602068.9461599997,479447.44830000005
2026-10-07T20:24:10.693486+00:00,obs-20261007-01,LIGHT,FILUSDT,1.0,1.0354,1.0355,1.03545,0.9658103148546537,9895317618,1.0354,1.0355,218,28,154181.78516899992,129274.76535400005,149985.370237,132151.4415600001,1772.5817769999996,3789.1401730000002,103476.753885,75552.43788900001,189550.53345899997,126229.19247100002,273862.48360199993,222237.11930400002,393835.5830329997,268366.59619500005
2026-10-07T20:24:10.693486+00:00,obs-20261007-01,LIGHT,ALGOUSDT,1.0,0.1185,0.1186,0.11854999999999999,8.438818565401629,5664408181,0.1185,0.1186,103,0,29306.094999999998,23784.0151,33675.8923,32754.48489999999,0.0,0.0,49514.1442,27716.1795,96254.8534,61560.26099999999,144885.7742,87713.1934,177261.35159999997,110782.9835
2026-10-07T20:24:10.693486+00:00,obs-20261007-01,LIGHT,XRPUSDT,1.0,1.4231,1.4232,1.4231500000000001,0.7026913077079477,26677597658,1.4231,1.4232,271,46,863943.8687600002,919898.6625399998,1057450.99757,860402.8066700003,61790.90338999999,8412.10372,796827.5033399999,1001231.68022,1358262.0010699995,1246532.13097,3019978.9325400004,2208052.530520001,4432959.997079999,2912702.4780700007
2026-10-07T20:24:10.693486+00:00,obs-20261007-01,LIGHT,HBARUSDT,1.0,0.09332,0.09333,0.09332499999999999,1.0715816545214807,8393031486,0.09332,0.09333,239,32,590237.02452,211911.56940999988,611532.1617400001,213510.78324000002,7902.615769999999,2444.2255999999998,112538.27214,91573.10095000002,275430.84369000007,171277.81691,443630.4073200001,322607.55799999996,825369.03276,691285.32608
2026-10-07T20:25:10.699813+00:00,obs-20261007-01,LIGHT,PEPEUSDT,1.0,4.07e-06,4.08e-06,4.075e-06,24.57002457002533,8827941218,4.07e-06,4.08e-06,141,8,6906.441317350001,169168.4070212401,50577.88921922,159795.7971279801,0.0,1137.41765904,126369.38530733,160140.67442808,300887.18349674996,285274.50132108,557507.2637006999,511135.28901628003,1031670.8956504,705012.7961269801
2026-10-07T20:25:10.699813+00:00,obs-20261007-01,LIGHT,BNBUSDT,1.0,771.78,771.79,771.785,0.12957060302243306,20909833492,771.78,771.79,327,63,1373676.4552999998,2968616.0275000003,1857646.4258000008,2569457.5037999996,8267.41486,918.6602700000001,918937.2005000002,1145122.1657499995,1486869.343670001,2710786.5557500008,3218483.6494700024,4317459.467070005,5234354.124010002,5686915.345110004
2026-10-07T20:25:10.699813+00:00,obs-20261007-01,LIGHT,AAVEUSDT,1.0,173.64,173.65,173.64499999999998,0.5759041695463374,10439405942,173.64,173.65,184,16,365329.23573,241017.02867000003,458395.53969,198847.31571000002,3285.63694,523.43178,97061.78961999998,122780.15752000001,162227.75166999997,169775.05146000005,324630.5200199997,233001.75116000007,363555.2096399995,257868.53588000007
2026-10-07T20:25:10.699813+00:00,obs-20261007-01,LIGHT,AVAXUSDT,1.0,11.183,11.184,11.183499999999999,0.8942144326207213,10519799196,11.183,11.184,276,40,767437.4555400003,398780.48288000014,690554.7020599996,342899.9223099999,6584.7064,9079.553080000002,171703.00950000001,116057.21157999999,301870.20918,203033.10925,455958.08309000003,299181.04737,713209.9934099998,504722.8134499999
2026-10-07T20:25:10.699813+00:00,obs-20261007-01,LIGHT,FILUSDT,1.0,1.0358,1.0359,1.03585,0.9654373431167151,9895318933,1.0358,1.0359,220,17,193772.1836450001,180028.47239299992,228600.93319299992,201755.74604199996,376.5888510000001,587.7545040000001,77640.787928,87755.15857500001,153449.56060699996,130465.33499400006,238998.1274829999,205474.46204400007,329198.4467039998,231731.5485020001
2026-10-07T20:25:10.699813+00:00,obs-20261007-01,LIGHT,ALGOUSDT,1.0,0.1184,0.1185,0.11845,8.445945945945166,5664408645,0.1184,0.1185,119,5,81984.77959999998,30365.043,98116.72790000003,21688.3744,787.4325,136.8827,21876.882400000002,26035.5652,69306.70189999999,66224.5011,132218.28139999998,94566.47189999999,174310.28249999997,111886.98629999998
2026-10-07T20:25:10.699813+00:00,obs-20261007-01,LIGHT,XRPUSDT,1.0,1.4204,1.4205,1.4204500000000002,0.7040270346370114,26677603175,1.4204,1.4205,398,143,4195703.4784200005,3792980.394950002,4280453.17728,3728915.716780002,390434.96341999987,92313.01873999998,843170.66481,1041318.28483,1344161.7906199999,1369882.49853,3024303.2762200003,2249700.3938700003,4389483.817059998,2938734.5285199992
2026-10-07T20:25:10.699813+00:00,obs-20261007-01,LIGHT,HBARUSDT,1.0,0.09325,0.09326,0.093255,1.0723860589800793,8393033052,0.09325,0.09326,214,25,503353.5311899999,253975.46201,559322.6451899997,223617.45380999992,7707.494990000001,3205.13445,129224.35043,122727.77382,234246.8326400001,213071.50978,389284.15853000013,352787.7627799999,813648.9678100001,717834.47335
2026-10-07T20:26:10.726901+00:00,obs-20261007-01,LIGHT,PEPEUSDT,1.0,4.07e-06,4.08e-06,4.075e-06,24.57002457002533,8827941496,4.07e-06,4.08e-06,156,12,113930.98942255,263888.75911126006,109067.49002262,264724.36661414,101.46780248,740.6156351999999,141167.74703317,144200.8973352,298666.73748462996,284438.8938182,562370.7631006299,510299.6815134,1029512.0854534699,704177.1886241001
2026-10-07T20:26:10.726901+00:00,obs-20261007-01,LIGHT,BNBUSDT,1.0,771.85,771.86,771.855,0.12955885210885754,20909834692,771.85,771.86,252,35,480266.93216999987,581457.1978400003,448269.5132800001,600202.1997500001,252.37268,2988.3816799999995,820413.8412,1193742.3701799994,1500640.1669600008,2697287.9678900014,3250014.961970003,4298990.416140005,5263420.770400005,5666788.603900005
2026-10-07T20:26:10.726901+00:00,obs-20261007-01,LIGHT,AAVEUSDT,1.0,173.79,173.8,173.79500000000002,0.5754071005248385,10439407323,173.79,173.8,182,21,957169.1584899998,136213.42855,760265.4166400002,173156.68434,0.0,5725.29332,272113.34083999996,99341.75631,350607.97990999994,161771.68905999992,483433.6606800002,196874.08383999995,556096.7173700006,223685.39730999997
2026-10-07T20:26:10.726901+00:00,obs-20261007-01,LIGHT,AVAXUSDT,1.0,11.183,11.184,11.183499999999999,0.8942144326207213,10519801156,11.183,11.184,274,32,627293.7425099998,415209.0334900001,618161.7171799996,424707.77616000007,1456.52521,8137.405,169397.77881999998,115821.27325,311923.7923399999,198561.41338999997,465090.10841999995,289682.3046999999,722325.1711599997,490018.0244199998
2026-10-07T20:26:10.726901+00:00,obs-20261007-01,LIGHT,FILUSDT,1.0,1.0362,1.0363,1.03625,0.9650646593328815,9895320214,1.0362,1.0363,244,26,113220.029933,112383.09629800005,112467.51089399998,132543.33447200002,165.149378,2346.6539270000003,75985.17569500001,68806.940838,141240.722516,125279.77177700005,239283.4447039999,185676.26036400005,345160.0092059997,215125.70992400005
2026-10-07T20:26:10.726901+00:00,obs-20261007-01,LIGHT,ALGOUSDT,1.0,0.1184,0.1185,0.11845,8.445945945945166,5664408795,0.1184,0.1185,83,2,27221.027699999995,13222.0654,28213.264999999996,8795.627700000001,0.0,39.2235,18321.460700000003,30155.7445,58803.5282,70650.91219999999,131226.0441,98992.90959999998,173318.0452,116313.42399999997
2026-10-07T20:26:10.726901+00:00,obs-20261007-01,LIGHT,XRPUSDT,1.0,1.4203,1.4204,1.42035,0.7040766035348867,26677604780,1.4203,1.4204,333,37,626558.1741100001,681579.8141399997,631046.0040200003,692844.1762200004,88410.07062000001,32835.14961000001,803562.4992399998,1069634.37789,1304246.4407099998,1379974.9528100002,3019959.01933,2238407.052870001,4391714.197179997,2923280.9249
2026-10-07T20:26:10.726901+00:00,obs-20261007-01,LIGHT,HBARUSDT,1.0,0.09324,0.09325,0.093245,1.0725010725010087,8393033568,0.09324,0.09325,121,3,157809.13509999998,41925.416200000014,168811.87408,37465.16953,446.82629000000003,0.0,126113.57997,127802.83221000001,224449.53502999997,216201.2610900001,378281.41955,357248.00945,802654.7913399998,722294.7200200001
2026-10-07T20:27:10.728451+00:00,obs-20261007-01,LIGHT,PEPEUSDT,1.0,4.07e-06,4.08e-06,4.075e-06,24.57002457002533,8827941775,4.07e-06,4.08e-06,125,13,49546.235434690025,200418.3658809201,33404.98549114001,110954.41116193005,42.11125622,776.630448,145436.91983359,141209.16794256,314808.02986003,381437.89843398996,578512.01304418,599763.63623239,1045653.33539702,879795.1686986
2026-10-07T20:27:10.728451+00:00,obs-20261007-01,LIGHT,BNBUSDT,1.0,771.89,771.9,771.895,0.12955213825716072,20909836550,771.89,771.9,240,40,500493.8742500001,381321.05926,504193.05119,355930.19340999995,643.7372799999998,1366.2433700000001,832780.5564600001,1221599.0307299995,1513470.7389700003,2723632.2180800014,3054951.2286400027,4324872.425100006,5260969.264030005,5692710.053560006
2026-10-07T20:27:10.728451+00:00,obs-20261007-01,LIGHT,AAVEUSDT,1.0,174.26,174.27,174.265,0.5738551589584695,10439413941,174.26,174.27,413,136,2895106.113089999,758288.6861199999,2827835.790419999,770504.0889200001,4163.156919999999,11037.049819999998,270066.52111,112275.09233999997,342367.14439999993,154102.20021999997,474387.45738000004,202250.17819999994,561304.2950400001,218129.3862199999
2026-10-07T20:27:10.728451+00:00,obs-20261007-01,LIGHT,AVAXUSDT,1.0,11.183,11.184,11.183499999999999,0.8942144326207213,10519803298,11.183,11.184,311,46,813957.0216800004,512197.10366999987,797612.6545300002,509577.08809999964,3116.5732,19319.96835,203641.48923,128461.50619000001,335953.81584,208976.13511,481434.47557,292302.3202699999,738752.3655499999,492750.3468099997
2026-10-07T20:27:10.728451+00:00,obs-20261007-01,LIGHT,FILUSDT,1.0,1.0363,1.0364,1.03635,0.9649715333392983,9895321218,1.0363,1.0364,296,27,153702.64624600002,181207.01073700006,153563.72215400002,179894.2164610001,610.287955,1058.248081,77772.876614,73077.084254,151827.48109400002,126496.98826200003,239250.03811399997,186989.05464000002,345134.2228579997,216892.45429600007
2026-10-07T20:27:10.728451+00:00,obs-20261007-01,LIGHT,ALGOUSDT,1.0,0.1185,0.1186,0.11854999999999999,8.438818565401629,5664409167,0.1185,0.1186,119,0,36704.9344,27546.0551,29427.356000000007,30732.170099999992,0.0,0.0,16046.345400000002,41441.0849,50558.165,74373.32130000001,123110.46079999997,97630.18470000001,179837.02719999992,113661.3312
2026-10-07T20:27:10.728451+00:00,obs-20261007-01,LIGHT,XRPUSDT,1.0,1.4208,1.4209,1.4208500000000002,0.703828828829689,26677606513,1.4208,1.4209,337,42,845892.0225899997,468030.02715000004,745634.47478,643334.8454799999,1575.83232,40831.18664999998,692532.7375599999,944321.7421500001,1406209.2063799996,1377897.9176300005,3118263.8297699993,2087664.5979300009,4474910.323569998,2752306.9551499994
2026-10-07T20:27:10.728451+00:00,obs-20261007-01,LIGHT,HBARUSDT,1.0,0.09327,0.09328,0.093275,1.0721561059279239,8393034817,0.09327,0.09328,182,9,270709.77200000006,156639.74974,218619.00941999996,164097.58122,601.2543000000001,704.36759,121474.20231,127682.86427999997,245664.58048000003,215736.15252,429566.7011300001,349817.40095999994,810876.8743299999,714891.5882900001
2026-10-07T20:28:10.762912+00:00,obs-20261007-01,LIGHT,PEPEUSDT,1.0,4.07e-06,4.08e-06,4.075e-06,24.57002457002533,8827941991,4.07e-06,4.08e-06,103,10,151493.71068306,133969.42283218,143547.53567434003,141470.47477218,50.21451633,1634.0895883199996,145655.19762915,111039.36618624,315719.81962901005,287382.97773629,586458.1880529,592262.58429239,1027448.7479977,917554.1091194302
2026-10-07T20:28:10.762912+00:00,obs-20261007-01,LIGHT,BNBUSDT,1.0,771.95,771.96,771.955,0.12954206878745822,20909837752,771.95,771.96,266,31,887607.6090100001,222520.91507999998,436780.42965999997,266148.67766999995,1025.90397,4839.370389999999,984544.2279100001,1168017.7824399993,1714261.1098500004,2680411.747550001,3505614.1022400027,4282259.733640005,5921686.189260001,5649390.148220005
2026-10-07T20:28:10.762912+00:00,obs-20261007-01,LIGHT,AAVEUSDT,1.0,173.94,173.95,173.945,0.5749108888108978,10439417976,173.94,173.95,328,80,2609902.2637200006,1094285.9165299996,2829435.995940001,1071345.8465099996,9107.610809999996,1362.18638,147244.21663999997,84402.93604000002,234549.24260999993,145744.58321,282990.3078499998,205311.50917999996,369235.6003099995,237660.89147999993
2026-10-07T20:28:10.762912+00:00,obs-20261007-01,LIGHT,AVAXUSDT,1.0,11.191,11.192,11.191500000000001,0.8935751943517367,10519805542,11.191,11.192,286,38,826839.7377700004,436035.6641199999,802887.3947399994,449728.85842000006,365.17069,4511.07039,232667.49553000001,135304.26971999998,396873.2368899999,216414.02143000002,504576.22203999996,285496.2267400001,752676.5700400001,500595.5525699999
2026-10-07T20:28:10.762912+00:00,obs-20261007-01,LIGHT,FILUSDT,1.0,1.0362,1.0363,1.03625,0.9650646593328815,9895322803,1.0362,1.0363,233,41,365184.8433,136510.278147,346537.37321599986,135436.31088100007,4715.482482,291.25178099999994,88126.82067999999,71536.61335,158539.72015200002,126419.15024400002,257910.07547300003,188063.02190600004,340117.77646799985,221079.789312
2026-10-07T20:28:10.762912+00:00,obs-20261007-01,LIGHT,ALGOUSDT,1.0,0.1185,0.1186,0.11854999999999999,8.438818565401629,5664409429,0.1185,0.1186,109,1,13936.557,14056.956500000002,12471.843400000002,17385.502099999998,59.25,0.0,17527.298600000002,36237.476500000004,52022.785800000005,71044.7757,124575.17439999999,94301.6391,181365.29519999996,110332.87839999999
2026-10-07T20:28:10.762912+00:00,obs-20261007-01,LIGHT,XRPUSDT,1.0,1.4215,1.4216,1.4215499999999999,0.7034822370743932,26677609639,1.4215,1.4216,446,46,1392046.0814699996,1518213.9586300005,1197194.0324799998,1554233.0548900007,908.1227,27675.83305999999,856080.5246299999,783105.4274399997,1421847.7717899997,1217353.2410799996,3308959.5210599992,2056411.5551600002,4656335.203369997,2724084.7964899987
2026-10-07T20:28:10.762912+00:00,obs-20261007-01,LIGHT,HBARUSDT,1.0,0.09332,0.09333,0.09332499999999999,1.0715816545214807,8393035593,0.09332,0.09333,160,6,245959.49887999994,86057.88041999999,225353.90762999997,104306.60465000002,6.15582,217.93275,130113.86766999999,108623.84492999999,264134.17454000004,198193.21537000002,434767.2662900002,331719.25716000004,831458.94751,696675.5108
2026-10-07T20:29:10.766852+00:00,obs-20261007-01,LIGHT,PEPEUSDT,1.0,4.07e-06,4.08e-06,4.075e-06,24.57002457002533,8827942168,4.07e-06,4.08e-06,98,14,51832.33688356001,18055.944445639998,26540.371422320004,19021.63186291,767.9271970699999,963.52228992,150388.09650634,110069.35720224,320792.49076307996,286732.81119812,611750.1535141399,591296.89687512,1024953.5147331599,916588.42170216
2026-10-07T20:29:10.766852+00:00,obs-20261007-01,LIGHT,BNBUSDT,1.0,771.95,771.96,771.955,0.12954206878745822,20909838613,771.95,771.96,257,26,291487.27904,586995.74318,402990.3849200001,578018.9996499998,1964.6127500000002,527.24868,1001428.9965499999,1175973.0891399996,1727932.72378,2688393.4098900002,3394110.996360002,4291236.4771700045,5815599.300420001,5658366.891750005
2026-10-07T20:29:10.766852+00:00,obs-20261007-01,LIGHT,AAVEUSDT,1.0,174.37,174.38,174.375,0.5734931467560322,10439423269,174.37,174.38,381,171,2673493.27701,868077.62577,2423685.528070001,894638.6144199995,9104.801910000002,31781.682970000005,323573.99912000005,98499.81413,387752.60268,148313.99636999995,518569.6540700001,202020.39655999996,607004.2853300006,219366.03948
2026-10-07T20:29:10.766852+00:00,obs-20261007-01,LIGHT,AVAXUSDT,1.0,11.198,11.199,11.1985,0.8930166101084325,10519806673,11.198,11.199,217,13,293721.13792000007,275728.9699999999,263562.9734799999,288930.21747,461.80552000000006,1815.5947800000001,217918.31173,140305.60990000004,389769.4191600001,212763.31178000008,529813.0274500002,273203.1008100001,781102.7719000003,490338.9587799999
2026-10-07T20:29:10.766852+00:00,obs-20261007-01,LIGHT,FILUSDT,1.0,1.0366,1.0367,1.0366499999999998,0.9646922631678656,9895324132,1.0366,1.0367,242,13,351896.64091799996,138086.23274000006,367534.2207839998,159757.28701400003,2616.2578860000003,712.051948,95324.407517,68933.963971,159082.67671800006,105069.08051300002,242229.45514600005,169775.82088500002,313881.8940939999,199993.97198600005
2026-10-07T20:29:10.766852+00:00,obs-20261007-01,LIGHT,ALGOUSDT,1.0,0.1185,0.1186,0.11854999999999999,8.438818565401629,5664409697,0.1185,0.1186,106,0,81292.76,2947.0568000000003,60286.799199999994,4920.160900000002,0.0,0.0,30003.5779,34735.40060000001,99090.9755,69071.57880000002,145581.1352,92328.53500000003,178063.7632,108359.77430000002
2026-10-07T20:29:10.766852+00:00,obs-20261007-01,LIGHT,XRPUSDT,1.0,1.4216,1.4217,1.42165,0.7034327518296024,26677611996,1.4216,1.4217,452,55,817704.1829100001,1637580.0119599996,630920.59623,1661104.69132,81841.41087000004,14365.673040000001,899203.42628,766188.2842599996,1484520.9002,1194104.28736,3495601.8047799994,2034196.8293400004,4843007.549859998,2722994.9779999987
2026-10-07T20:29:10.766852+00:00,obs-20261007-01,LIGHT,HBARUSDT,1.0,0.09337,0.09338,0.093375,1.0710078183584493,8393036774,0.09337,0.09338,177,14,538462.6008400001,199921.32651000004,537633.14044,206693.42991,347.52637999999996,894.2500799999998,107179.30158999999,116521.34998,236399.57191999996,195114.84495000003,415855.8550600001,339720.8806300001,829833.4941600001,691275.4197500001
2026-10-07T20:30:10.772364+00:00,obs-20261007-01,LIGHT,PEPEUSDT,1.0,4.08e-06,4.09e-06,4.085e-06,24.50980392156854,8827943753,4.08e-06,4.09e-06,201,100,467963.3381749202,558618.9330387501,329876.0407308501,718068.4476246,931.79866608,60044.73194222001,135703.32944087998,71525.39896263,306075.52272745,253803.84597133,595914.69360161,522665.29376903,1052930.78751245,859934.52639939
2026-10-07T20:30:10.772364+00:00,obs-20261007-01,LIGHT,BNBUSDT,1.0,771.99,772.0,771.995,0.1295353566765911,20909842493,771.99,772.0,352,120,2891497.103710002,2588766.3571599997,2848685.8048600014,2472970.0949999997,240052.18283000003,2410.3185099999996,979735.22207,1218726.7861999997,1748116.3674,2804140.8665600005,3437198.2439400023,4407162.167760004,5851581.7190900035,5783666.406200005
2026-10-07T20:30:10.772364+00:00,obs-20261007-01,LIGHT,AAVEUSDT,1.0,174.38,174.39,174.385,0.5734602592033511,10439425705,174.38,174.39,260,57,1474114.0132300002,294480.56645999994,1656729.0432100003,284405.38745,16915.52497,6330.361390000002,166652.71857,104400.79353,236954.46464,150417.59394999995,333347.13921000017,212135.02644999995,425451.6584599999,229435.61626999997
2026-10-07T20:30:10.772364+00:00,obs-20261007-01,LIGHT,AVAXUSDT,1.0,11.216,11.217,11.2165,0.8915834522116306,10519809584,11.216,11.217,299,50,1130815.36683,455171.9246199997,1121926.6968200004,521948.58431999997,3948.59723,8503.658700000002,173203.43360999995,108952.21998000001,362541.3343300001,171185.02692999993,477710.7950600001,209561.19989,760611.8561700002,427633.6498300002
2026-10-07T20:30:10.772364+00:00,obs-20261007-01,LIGHT,FILUSDT,1.0,1.0379,1.038,1.03795,0.9634839579919507,9895326048,1.0379,1.038,306,29,321635.86874899996,219635.24423199997,300990.1775549999,211214.05585700012,131.437332,1557.547833,79499.227452,79228.69776600001,162334.482544,135837.08376,255457.82056499997,189699.18798200003,336263.9315319995,213006.5658780001
2026-10-07T20:30:10.772364+00:00,obs-20261007-01,LIGHT,ALGOUSDT,1.0,0.1186,0.1187,0.11865,8.43170320404818,5664410524,0.1186,0.1187,162,7,75555.2323,49058.11770000001,68029.30319999998,46963.295800000014,5719.9920999999995,847.2235000000001,28740.1699,36371.622200000005,91674.5527,67845.2867,144723.1781,98892.49590000002,181538.7904,118535.79500000001
2026-10-07T20:30:10.772364+00:00,obs-20261007-01,LIGHT,XRPUSDT,1.0,1.4224,1.4225,1.42245,0.7030371203597952,26677614698,1.4224,1.4225,429,34,1398701.0548899996,2218392.7255800003,1440569.5141300003,2087286.9181700007,366.55074,20477.200130000005,749176.7986200001,880788.72647,1384787.87979,1615549.6978799999,3392718.5058899983,2167930.6400900013,4794612.207769997,2857388.8714100006
2026-10-07T20:30:10.772364+00:00,obs-20261007-01,LIGHT,HBARUSDT,1.0,0.09341,0.09342,0.093415,1.070549191735104,8393038118,0.09341,0.09342,219,30,810807.1071700008,195331.4859,775643.2878800005,193072.97403999997,1890.6818899999998,8132.363160000001,145630.88001999998,112705.51054,282490.18924999994,201277.02949000002,450151.47998,342013.6322700001,836909.6802799999,695718.3310700003
2026-10-07T20:31:10.806807+00:00,obs-20261007-01,LIGHT,PEPEUSDT,1.0,4.08e-06,4.09e-06,4.085e-06,24.50980392156854,8827944523,4.08e-06,4.09e-06,162,25,265886.27149709,736137.4727257702,249064.4303223,727658.6628040699,28881.90056579,13222.150008170001,131364.98506488,80902.13967023,290483.64023992,260476.95116122998,568665.3992920001,531134.10368869,1006092.1518840302,837343.91799734
2026-10-07T20:31:10.806807+00:00,obs-20261007-01,LIGHT,BNBUSDT,1.0,771.92,771.93,771.925,0.12954710332691022,20909845084,771.92,771.93,300,48,1311780.2218200006,529769.39742,1343830.0102699995,550479.8089699998,7286.11838,4223.587840000002,1034847.4370400002,1174842.1177799995,1742309.4464700003,2783114.9344200003,3405333.4015800036,4386213.955000006,5827869.508520004,5753368.4784600055
2026-10-07T20:31:10.806807+00:00,obs-20261007-01,LIGHT,AAVEUSDT,1.0,174.53,174.54,174.535,0.572967398153601,10439428108,174.53,174.54,245,91,1300622.4666299995,201512.97017000002,1173147.0156699992,210069.06364999994,1852.0505,6359.875370000001,279174.83193000004,97821.04295,346057.44155999995,149019.08589999998,453053.7626700002,206187.1379299999,539182.4121900004,224611.95512999993
2026-10-07T20:31:10.806807+00:00,obs-20261007-01,LIGHT,AVAXUSDT,1.0,11.226,11.227,11.226500000000001,0.8907892392651107,10519812252,11.226,11.227,287,41,1041802.1168200001,447655.14409000013,1031390.6389100001,423962.39738000004,30239.91102,3414.0350899999985,196286.07895,127329.32525000001,348037.11128000007,189488.80538999994,487959.41458,236147.56402999998,645604.22805,451491.8383100001
2026-10-07T20:31:10.806807+00:00,obs-20261007-01,LIGHT,FILUSDT,1.0,1.0387,1.0388,1.0387499999999998,0.9627418888991102,9895327720,1.0387,1.0388,268,34,172307.9163969999,151988.87685500007,155422.71018299996,144404.42948999998,2798.205297,1869.5088509999998,84021.759282,87421.392405,179758.05040900005,138770.56427300005,272112.3060280001,198333.02468100007,334805.4268379997,231810.5824550002
2026-10-07T20:31:10.806807+00:00,obs-20261007-01,LIGHT,ALGOUSDT,1.0,0.1186,0.1187,0.11865,8.43170320404818,5664411204,0.1186,0.1187,134,2,43697.30320000002,22684.307799999995,43283.2876,25455.598800000007,0.0,158.2271,34245.465899999996,27311.0965,95250.83589999999,66620.39409999999,145137.19369999997,96121.20489999998,182405.88919999995,118078.80129999998
2026-10-07T20:31:10.806807+00:00,obs-20261007-01,LIGHT,XRPUSDT,1.0,1.4218,1.4219,1.42185,0.703333802223316,26677617174,1.4218,1.4219,354,60,2649241.058249998,2783622.982650003,2896081.6600699998,2898779.8651700006,192397.71662999998,34962.79744,811125.3249100001,790349.1018699999,1449022.2149,1215536.1818,3191741.73695,2051202.3620100003,4551980.592469998,2739587.9676899994
2026-10-07T20:31:10.806807+00:00,obs-20261007-01,LIGHT,HBARUSDT,1.0,0.09342,0.09343,0.09342500000000001,1.0704345964462902,8393039387,0.09342,0.09343,214,14,481541.68307000014,223269.41066000002,475340.14003999997,215511.05309000006,1413.30256,1157.07229,165602.69847000003,108810.80721999999,301647.891,209807.00506999998,456292.9970000001,349799.6343900001,847274.50661,703482.5013300002
2026-10-07T20:32:10.862189+00:00,obs-20261007-01,LIGHT,PEPEUSDT,1.0,4.08e-06,4.09e-06,4.085e-06,24.50980392156854,8827944717,4.08e-06,4.09e-06,86,13,56173.19290718,174979.95779434,78979.55602613,177590.25248579,0.0,3839.9956375099996,125703.68667816,112003.42347444,293007.59534478,268072.91106244,545859.0361730501,528523.80899724,956175.79145878,820361.26366707
2026-10-07T20:32:10.862189+00:00,obs-20261007-01,LIGHT,BNBUSDT,1.0,771.73,771.74,771.735,0.1295789978361661,20909846772,771.73,771.74,251,44,1336161.7952400004,1007353.2781300001,1341122.6045000008,944175.2864999997,6618.1149399999995,378.99755999999996,1118398.8298199996,1238075.06498,1716382.0364300006,2844067.4251500014,3592544.035020004,4447374.395380006,5819194.557270003,5814786.868820006
2026-10-07T20:32:10.862189+00:00,obs-20261007-01,LIGHT,AAVEUSDT,1.0,174.69,174.7,174.695,0.5724426126274551,10439430601,174.69,174.7,286,90,1132646.8876800002,193565.86294000008,1151903.0226300003,217998.06981000002,5466.078660000001,33920.95567000001,259709.36807,80717.97241999999,346707.3328700001,130446.81343,427772.04928000015,182335.41475999996,513512.2988300001,205768.62650999991
2026-10-07T20:32:10.862189+00:00,obs-20261007-01,LIGHT,AVAXUSDT,1.0,11.223,11.224,11.223500000000001,0.8910273545392755,10519815463,11.223,11.224,285,68,1211038.5472599997,483012.1766600001,1242589.3104800002,482046.79013999976,10012.98215,7402.85031,181695.57666000002,125740.39285,356202.53280999995,188743.29233999999,456429.87863999995,236935.65416999997,731950.6353400004,450602.5001100001
2026-10-07T20:32:10.862189+00:00,obs-20261007-01,LIGHT,FILUSDT,1.0,1.0384,1.0385,1.03845,0.9630200308174963,9895329292,1.0384,1.0385,250,34,330436.6044769997,177019.326198,342685.7287890001,169885.29682299992,797.656709,1952.7150739999995,78623.122931,90384.98846100002,163106.92212200002,146753.741807,259873.24828100004,204872.496351,338981.218824,236925.49888800012
2026-10-07T20:32:10.862189+00:00,obs-20261007-01,LIGHT,ALGOUSDT,1.0,0.1185,0.1186,0.11854999999999999,8.438818565401629,5664411695,0.1185,0.1186,127,4,49150.245600000024,28067.27369999999,59178.84820000001,19661.095400000002,64.8742,15.1854,48822.0195,29138.021500000003,109720.7546,73444.2626,142240.99330000003,100058.2442,176150.12360000002,118403.68819999999
2026-10-07T20:32:10.862189+00:00,obs-20261007-01,LIGHT,XRPUSDT,1.0,1.4216,1.4217,1.42165,0.7034327518296024,26677619589,1.4216,1.4217,352,62,1393340.9955999993,1696276.1424500004,1258782.6948700005,1447803.3140500006,163047.64853000003,56032.53912999998,962976.7853800001,1015850.9212699998,1469497.4742100001,1577185.8024799991,3341451.04445,2298618.47706,4690172.136599998,2986889.43542
2026-10-07T20:32:10.862189+00:00,obs-20261007-01,LIGHT,HBARUSDT,1.0,0.0934,0.09341,0.093405,1.0706638115642875,8393040163,0.0934,0.09341,162,10,512074.8194000001,106053.68725000002,517314.08538000006,97559.00848000003,1144.87096,480.47574999999995,164636.59149,121997.87786,283987.81332,214467.52287999997,451121.34039,358259.02707000007,842535.2321099999,711965.6506100001
2026-10-07T20:33:10.862263+00:00,obs-20261007-01,LIGHT,PEPEUSDT,1.0,4.08e-06,4.09e-06,4.085e-06,24.50980392156854,8827945107,4.08e-06,4.09e-06,109,17,275058.21329348005,349727.7082449501,282901.6214827601,338354.03883340996,3242.1499802400003,2654.0481536099996,107477.16283776,148295.14812643,288825.62847731,279941.84969463,538015.62798377,539897.4784087801,948234.02885825,831734.93307861
2026-10-07T20:33:10.862263+00:00,obs-20261007-01,LIGHT,BNBUSDT,1.0,771.54,771.55,771.545,0.12961090805285735,20909848812,771.54,771.55,331,43,1775179.29147,1691419.7323200007,1776624.8687300002,2122772.7581000007,3989.4340900000007,490.01060999999993,1166567.2138699999,871740.1765999999,1734502.3796800007,2483046.3883700017,3647271.320120002,4014478.9855500027,5826727.687060002,5105737.368190005
2026-10-07T20:33:10.862263+00:00,obs-20261007-01,LIGHT,AAVEUSDT,1.0,174.59,174.6,174.595,0.5727704908631281,10439432997,174.59,174.6,290,39,1435765.17629,273169.0591399999,1372171.5941700002,270771.75476000004,3686.709079999999,698.7309600000001,295697.08263,61721.66303000001,374237.4775800001,96966.09997000001,493719.35036000033,184284.29384000003,580741.2733100001,209668.35569000003
2026-10-07T20:33:10.862263+00:00,obs-20261007-01,LIGHT,AVAXUSDT,1.0,11.212,11.213,11.212499999999999,0.8919015340702607,10519817916,11.212,11.213,265,44,802214.2622700001,328667.86142000015,851305.69132,308879.1632999999,7698.291470000002,2131.20051,160902.66284000003,101144.72893000001,365517.44904000015,165158.08306000003,407776.06640000007,253980.61972000005,694157.2736900001,475369.9262400001
2026-10-07T20:33:10.862263+00:00,obs-20261007-01,LIGHT,FILUSDT,1.0,1.038,1.0381,1.0380500000000001,0.9633911368012171,9895330503,1.038,1.0381,260,48,225507.62167499986,168999.041677,230755.75266199998,166176.69243499998,1943.8402949999993,518.616442,87229.987477,78513.43149500001,166964.489919,129899.71052700003,254840.705412,207672.00636500004,337036.77064299985,237506.94406300012
2026-10-07T20:33:10.862263+00:00,obs-20261007-01,LIGHT,ALGOUSDT,1.0,0.1183,0.1184,0.11835000000000001,8.453085376163294,5664412260,0.1183,0.1184,113,5,77959.05330000004,58915.530900000005,82556.81830000001,60280.2264,1508.1641000000002,29.3714,53870.079099999995,19411.0689,110481.88150000002,50737.6582,142269.73930000002,91398.54359999999,174126.9198,117236.95209999998
2026-10-07T20:33:10.862263+00:00,obs-20261007-01,LIGHT,XRPUSDT,1.0,1.4214,1.4215,1.42145,0.7035317292802823,26677622304,1.4214,1.4215,420,64,1523090.0614599995,1510729.61103,1594651.2759799985,1663892.153609999,143287.7657600001,12079.814429999997,796654.95106,817878.2064599999,1273362.7504999996,1293396.3277599995,3270511.3036499997,2150467.0480000004,4619099.086979997,2818559.57769
2026-10-07T20:33:10.862263+00:00,obs-20261007-01,LIGHT,HBARUSDT,1.0,0.09335,0.09336,0.093355,1.0712372790577795,8393041075,0.09335,0.09336,203,17,364768.2234999998,153563.69038999997,395254.6310199998,144325.13694999996,2259.44771,212.44890999999998,120469.60995999999,108443.75041000002,256327.28530999992,201978.33236000003,425665.04926,363380.7205800001,817828.4307099999,722701.4208800001
2026-10-07T20:34:10.873537+00:00,obs-20261007-01,LIGHT,PEPEUSDT,1.0,4.07e-06,4.08e-06,4.075e-06,24.57002457002533,8827945667,4.07e-06,4.08e-06,106,28,230920.28198648,347905.12758620013,353407.91922198003,180573.42573026998,18248.90076768,2000.6819325600002,132540.64171645,70709.07446039999,271525.31448983,229058.72152164998,584367.52305799,540807.77819779,1057767.71708187,876558.05539737
2026-10-07T20:34:10.873537+00:00,obs-20261007-01,LIGHT,BNBUSDT,1.0,771.13,771.14,771.135,0.12967982052192184,20909853386,771.13,771.14,393,108,3339628.776710001,3729292.7341100005,4094517.2762699993,3387927.558609997,67981.73681999998,16735.92935,819106.2347500001,1058467.2708699997,1400478.8236900014,2500612.41915,2933181.0524400016,4301773.99595,5151689.138389997,5624336.075310004
2026-10-07T20:34:10.873537+00:00,obs-20261007-01,LIGHT,AAVEUSDT,1.0,174.27,174.28,174.275,0.573822229872345,10439436612,174.27,174.28,312,74,1932874.4132299998,367724.0501700002,1984054.6813000005,296196.45898999996,9203.17868,950.4449599999999,295844.18760999996,117620.51441999999,352513.4699800001,167179.6616499999,475052.5397,242545.23435999994,578225.5711999999,262615.8712099999
2026-10-07T20:34:10.873537+00:00,obs-20261007-01,LIGHT,AVAXUSDT,1.0,11.201,11.202,11.2015,0.8927774305855785,10519820805,11.201,11.202,285,47,907015.41564,403514.60414999997,891757.1951599998,391378.1801999998,6779.552839999997,3562.05968,173137.7731,119066.77639000003,303920.3519499999,192045.96599000006,483685.27967999986,265684.5309200001,735202.0454000002,480486.3961500001
2026-10-07T20:34:10.873537+00:00,obs-20261007-01,LIGHT,FILUSDT,1.0,1.0373,1.0374,1.03735,0.9640412609668303,9895332283,1.0373,1.0374,269,53,211240.88227800003,246712.07525099997,250079.779018,226298.37038699997,1013.3680949999998,5470.627885,65068.97061399999,97827.90581899999,122223.13321499998,155325.90364800004,207738.32810999994,224310.7472990001,309687.3651049996,255215.5664420002
2026-10-07T20:34:10.873537+00:00,obs-20261007-01,LIGHT,ALGOUSDT,1.0,0.1182,0.1183,0.11825,8.460236886633776,5664412762,0.1182,0.1183,116,4,87471.4711,58014.484300000004,101278.85139999997,41233.9703,134.6254,9.7006,23496.587,32271.626900000003,70940.45240000001,66797.03199999999,143000.6753,101176.2381,173434.8216,123653.9293
2026-10-07T20:34:10.873537+00:00,obs-20261007-01,LIGHT,XRPUSDT,1.0,1.4212,1.4213,1.4212500000000001,0.7036307345908988,26677624127,1.4212,1.4213,337,61,815541.39708,1037272.8604999998,876649.7469299999,864385.1896000003,33309.66114,16775.12466,735715.8480700001,941336.8466200002,1310299.7006100006,1464298.8444,3212062.5197000005,2316594.869740001,4563260.561899999,2982956.9283700013
2026-10-07T20:34:10.873537+00:00,obs-20261007-01,LIGHT,HBARUSDT,1.0,0.09327,0.09328,0.093275,1.0721561059279239,8393043163,0.09327,0.09328,237,39,350204.80139999994,541495.4187000002,381197.6440799999,520544.5347500002,4627.9069,7070.25558,122522.52496,126723.26506,212637.69749999998,237355.15707000002,407044.67977,373941.94769999996,801888.5705999997,739896.17
2026-10-07T20:35:10.899342+00:00,obs-20261007-01,LIGHT,PEPEUSDT,1.0,4.07e-06,4.08e-06,4.075e-06,24.57002457002533,8827946336,4.07e-06,4.08e-06,154,10,201893.24763226998,274182.54486212,202639.09728358,241415.44051362996,0.0,1652.4058017599998,113600.53625283,133210.63097232,271342.03597717,265471.28946658,583621.67340668,573574.88254628,1054682.26668331,864190.4309
2026-10-07T20:35:10.899342+00:00,obs-20261007-01,LIGHT,BNBUSDT,1.0,770.44,770.45,770.445,0.1297959607504673,20909859735,770.44,770.45,389,144,3666146.95327,4061784.45069,3982727.9592,4098809.010130002,73938.56196,1709.9550700000004,659891.3927500005,1045529.9952699998,1159557.2249099996,2364953.047149998,2889076.431259997,4143374.1338700005,5080978.802540002,5508143.405940001
2026-10-07T20:35:10.899342+00:00,obs-20261007-01,LIGHT,AAVEUSDT,1.0,174.04,174.06,174.05,1.149161112388164,10439441116,174.04,174.06,375,91,1262002.2281899995,437769.78601000004,1457454.69171,469488.00386999996,5987.80457,4491.282799999999,165808.98322,75740.96577000001,224414.05775000007,130302.35520999998,288333.7854300001,185163.27429000006,436468.21360999986,221540.72578
2026-10-07T20:35:10.899342+00:00,obs-20261007-01,LIGHT,AVAXUSDT,1.0,11.176,11.177,11.1765,0.8947745168219612,10519826545,11.176,11.177,366,147,1691089.2965300002,665505.2096499999,1781600.3591400015,614544.9909700003,10421.10945,19162.60786999999,155228.34339000002,119995.89551,257196.2214700001,196878.19864999998,432369.17689,288091.85402999993,708190.7915399999,419781.7927699998
2026-10-07T20:35:10.899342+00:00,obs-20261007-01,LIGHT,FILUSDT,1.0,1.0356,1.0357,1.03565,0.9656237929700495,9895335391,1.0356,1.0357,313,118,227265.40479299994,252086.12566199995,258402.88531600003,234633.9581339998,2218.86141,14503.927802999997,69171.004894,61349.813654,127249.75527400001,141812.11442999996,201796.74862699994,217932.98980600003,293368.4558979999,270114.0894070001
2026-10-07T20:35:10.899342+00:00,obs-20261007-01,LIGHT,ALGOUSDT,1.0,0.118,0.1181,0.11804999999999999,8.474576271186862,5664413478,0.118,0.1181,154,8,75424.18380000001,67869.9469,94124.07979999999,60925.0805,87.77759999999999,48.682,19056.3572,20347.0561,70388.4156,57855.79639999999,129259.55360000001,97974.7236,168558.28689999998,119616.2955
2026-10-07T20:35:10.899342+00:00,obs-20261007-01,LIGHT,XRPUSDT,1.0,1.4205,1.4206,1.42055,0.7039774727202186,26677629655,1.4205,1.4206,424,108,4358376.093440003,3690164.88515,4497593.7281100005,3804039.0661300016,74249.76548000002,171291.60966000005,663403.0898700001,796198.9848299999,1220253.3718800002,1233096.0373399998,3074951.0112100006,2181029.22328,4440071.26753,2867463.30238
2026-10-07T20:35:10.899342+00:00,obs-20261007-01,LIGHT,HBARUSDT,1.0,0.09316,0.09317,0.093165,1.073422069557406,8393046845,0.09316,0.09317,367,38,663406.86314,1088795.75572,698532.2610900004,1076264.38869,5937.986780000001,2237.5694099999996,112845.52109,115227.06973999998,212494.33128,235436.06102,390239.9974199999,378435.31419,794590.7106099997,751313.4390100001
2026-10-07T20:36:10.911614+00:00,obs-20261007-01,LIGHT,PEPEUSDT,1.0,4.07e-06,4.08e-06,4.075e-06,24.57002457002533,8827947309,4.07e-06,4.08e-06,199,8,631963.91437297,530609.99348707,621106.7548240598,550474.2519918499,0.0,1314.59979048,138502.06285718,93505.05039264,289762.6393428,242258.73419006,594478.83295559,553710.6240415,1013527.5400551601,857671.8776490302
2026-10-07T20:36:10.911614+00:00,obs-20261007-01,LIGHT,BNBUSDT,1.0,770.83,770.84,770.835,0.1297302907254938,20909868429,770.83,770.84,441,154,5865048.3499799995,3897572.910389997,5412442.651079994,4024285.0640400015,14566.91797,17861.878950000002,807368.66478,938674.4543999998,1451381.9127299993,2310382.56052,3115736.855789998,4208040.751620002,5739285.895180005,5431197.537490006
2026-10-07T20:36:10.911614+00:00,obs-20261007-01,LIGHT,AAVEUSDT,1.0,174.31,174.32,174.315,0.5736905513153978,10439446072,174.31,174.32,397,101,1583646.0976200008,362483.75360000005,1381941.3694299995,391780.30968000024,3755.9295099999995,5213.23312,257352.99849,70285.23355000002,374757.53243,117410.49201000002,484680.14815000014,177012.19154,589830.1608000002,193741.56217
2026-10-07T20:36:10.911614+00:00,obs-20261007-01,LIGHT,AVAXUSDT,1.0,11.2,11.201,11.2005,0.8928571428579168,10519833756,11.2,11.201,468,126,2619443.3765400015,758757.2787400006,2499440.360839999,832804.9875200003,7378.950699999999,24016.43841000001,230743.66215000005,107503.16269000004,376157.68541000015,172794.00327000004,541872.1096200002,225091.04274000003,794866.1968500006,442260.7749
2026-10-07T20:36:10.911614+00:00,obs-20261007-01,LIGHT,FILUSDT,1.0,1.0376,1.0377,1.0376500000000002,0.9637625289138363,9895338916,1.0376,1.0377,362,73,328215.9738129999,256214.73242899988,284221.23481299984,295737.8977929999,1925.5290200000004,3960.1179600000005,65157.876196000005,88876.15576499999,145543.80695399997,133580.359951,239449.51651199991,210122.522764,315165.91363199975,232661.0650560001
2026-10-07T20:36:10.911614+00:00,obs-20261007-01,LIGHT,ALGOUSDT,1.0,0.1182,0.1183,0.11825,8.460236886633776,5664414483,0.1182,0.1183,178,3,60567.35930000002,40313.914600000004,49472.3091,59797.3481,98.05799999999999,1153.641,12025.800099999999,19636.1833,44610.877100000005,54286.97559999999,132205.7199,84220.33039999999,178012.43480000002,100797.2613
2026-10-07T20:36:10.911614+00:00,obs-20261007-01,LIGHT,XRPUSDT,1.0,1.4211,1.4212,1.42115,0.7036802476956261,26677637346,1.4211,1.4212,503,156,5038043.962040002,4942912.67812,4576318.668230003,5149766.667769998,124552.23425999998,57201.10904,856512.23527,773154.17072,1473493.3471200003,1317906.71421,3530787.221020001,2001866.4996500001,4911711.16664,2667593.9984199987
2026-10-07T20:36:10.911614+00:00,obs-20261007-01,LIGHT,HBARUSDT,1.0,0.09327,0.09328,0.093275,1.0721561059279239,8393051201,0.09327,0.09328,375,52,1063314.8073,1074381.0208599996,1021596.29819,1134818.1289600006,3699.90352,6419.368339999999,114507.69008999999,118137.28670999999,243198.55167000004,195327.06217000002,410276.77761000005,325341.35206,834832.1946999996,689992.24104
2026-10-07T20:37:10.927903+00:00,obs-20261007-01,LIGHT,PEPEUSDT,1.0,4.07e-06,4.08e-06,4.075e-06,24.57002457002533,8827947726,4.07e-06,4.08e-06,121,12,134600.8397746601,240557.15860557,108541.04757086007,223390.47562892,0.0,1221.85967688,139844.83510822,109003.8027048,290322.46831957996,259594.30039380997,620538.62515939,570877.3070181499,1039577.6430237701,860319.4399487199
2026-10-07T20:37:10.927903+00:00,obs-20261007-01,LIGHT,BNBUSDT,1.0,770.83,770.84,770.835,0.1297302907254938,20909872133,770.83,770.84,365,62,2178269.34508,1255992.0413300004,1991030.9852499994,1187355.9903999998,2066.5243500000006,1734.2711000000002,902447.7716700003,1009151.4164199998,1490799.6811,2380405.3704999993,3302975.215619999,4276676.802550002,5780840.378370007,5497462.623790007
2026-10-07T20:37:10.927903+00:00,obs-20261007-01,LIGHT,AAVEUSDT,1.0,174.27,174.28,174.275,0.573822229872345,10439449669,174.27,174.28,339,67,3124794.1693400024,319705.55675999995,3125878.196119999,302238.182,7374.504920000001,3272.79133,291666.73562,79468.72529,358878.49951000005,126606.62699,485120.94604000007,194295.60450000004,570026.9622200002,209067.97501000002
2026-10-07T20:37:10.927903+00:00,obs-20261007-01,LIGHT,AVAXUSDT,1.0,11.191,11.192,11.191500000000001,0.8935751943517367,10519838908,11.191,11.192,359,114,1591689.9101499992,739977.11447,1641352.177390001,690301.5439299997,41202.60720000002,16187.93274,178541.63087,131163.47811,345567.65567000007,212998.5618,494958.2140600001,271348.91462999996,749102.3343200001,488556.34146999987
2026-10-07T20:37:10.927903+00:00,obs-20261007-01,LIGHT,FILUSDT,1.0,1.0378,1.0379,1.0378500000000002,0.9635767970705977,9895341879,1.0378,1.0379,344,46,388828.3464459998,342191.1299350001,381077.47509499994,334971.889949,1455.968206,4482.101388000001,70274.65433399999,97577.95274300002,166541.71978900005,150015.113696,243720.93337900002,217468.72958400004,322680.9322489998,244224.09291100016
2026-10-07T20:37:10.927903+00:00,obs-20261007-01,LIGHT,ALGOUSDT,1.0,0.1181,0.1182,0.11815,8.467400508043177,5664415360,0.1181,0.1182,163,3,50783.60349999997,46848.36120000001,48031.9155,30267.85000000001,9.6924,50.9442,35884.6228,17917.0279,77296.3407,64228.66359999999,137824.72689999998,98930.32119999999,179135.08019999997,116987.36279999997
2026-10-07T20:37:10.927903+00:00,obs-20261007-01,LIGHT,XRPUSDT,1.0,1.4214,1.4215,1.42145,0.7035317292802823,26677640858,1.4214,1.4215,409,62,2206992.7450899994,2030192.04054,2325642.8280900004,2017095.2967400006,99947.53839000005,20148.453430000005,788219.6576599999,792824.50726,1341349.83645,1194462.442,3408753.6347800004,2018647.9675900002,4783742.120099998,2687837.904799999
2026-10-07T20:37:10.927903+00:00,obs-20261007-01,LIGHT,HBARUSDT,1.0,0.09318,0.09319,0.09318499999999999,1.0731916720319035,8393053442,0.09318,0.09319,280,32,495236.2975400001,455253.7597500003,488314.5804899997,418630.37127,3318.4201999999996,2720.0767399999995,152520.72811000003,115986.19661000001,256248.39119000002,214351.77106000003,437580.56115,354167.57622000005,828607.41219,717837.6934499999
2026-10-07T20:38:11.026394+00:00,obs-20261007-01,LIGHT,PEPEUSDT,1.0,4.07e-06,4.08e-06,4.075e-06,24.57002457002533,8827948012,4.07e-06,4.08e-06,79,9,20886.914572080004,197438.49678233,27586.24682219,271144.41264777,2.89733532,1032.0139761599999,131932.87857167,123673.97386368,282962.63822307,259814.62941427,613839.29290928,497171.39115271,1032159.69082286,723397.18401582
2026-10-07T20:38:11.026394+00:00,obs-20261007-01,LIGHT,BNBUSDT,1.0,770.83,770.84,770.835,0.1297302907254938,20909873232,770.83,770.84,279,40,590874.8834700001,214643.98903999993,475556.4066,222453.60422999994,482.53958,2977.75492,1018317.1122300002,999610.7508599998,1605850.82775,2371355.2014699997,3418293.6924899975,4268867.187360003,5887074.562800003,5491653.740740009
2026-10-07T20:38:11.026394+00:00,obs-20261007-01,LIGHT,AAVEUSDT,1.0,174.37,174.38,174.375,0.5734931467560322,10439452980,174.37,174.38,269,72,2275257.9401399996,326807.8779499998,2340329.8050399986,336315.97803,1645.74164,10501.257010000001,214091.1539,72801.98656,303931.81474000006,126255.21432000001,411727.72778000013,185353.56108999994,498682.2699,203407.62253
2026-10-07T20:38:11.026394+00:00,obs-20261007-01,LIGHT,AVAXUSDT,1.0,11.195,11.196,11.1955,0.8932559178198574,10519841759,11.195,11.196,265,49,942380.0284200003,385831.02012000023,913329.4623900001,387529.19828,5441.649159999998,12692.387549999998,204697.58785999997,142035.45059,340493.36043,220646.44758999997,522870.94956000004,270443.62414999993,778098.2805700004,487680.3398799998
2026-10-07T20:38:11.026394+00:00,obs-20261007-01,LIGHT,FILUSDT,1.0,1.0371,1.0372,1.03715,0.9642271719223494,9895343033,1.0371,1.0372,205,22,339054.25896499987,123473.250549,344471.7100889999,110401.85579000005,6199.827993,232.56747599999997,89054.52695000001,87045.70978899999,158180.88698400004,154074.683476,242061.553226,226343.2257410001,317359.1021999998,257090.5939260002
2026-10-07T20:38:11.026394+00:00,obs-20261007-01,LIGHT,ALGOUSDT,1.0,0.1182,0.1183,0.11825,8.460236886633776,5664416072,0.1182,0.1183,120,2,93671.30540000001,40853.940500000004,82057.31459999998,46357.528000000006,29.6682,12.411,39382.097299999994,26854.1126,98025.43119999999,63017.029,146494.88069999998,95297.2541,178097.17829999997,111874.2781
2026-10-07T20:38:11.026394+00:00,obs-20261007-01,LIGHT,XRPUSDT,1.0,1.4214,1.4215,1.42145,0.7035317292802823,26677643924,1.4214,1.4215,480,55,1162621.55913,1298100.1152899996,1256594.6856900004,1127807.5832600002,17125.430189999995,84422.90559999998,828319.1748199998,957660.2463099998,1267552.7349999996,1359302.56877,3314780.5082200007,2189950.8749,4687469.413339999,2859140.8121100008
2026-10-07T20:38:11.026394+00:00,obs-20261007-01,LIGHT,HBARUSDT,1.0,0.09322,0.09323,0.093225,1.0727311735680978,8393055166,0.09322,0.09323,246,14,344146.6686499999,195379.07017999992,347869.85436999996,203085.59342999998,1784.9176000000002,3385.03945,138782.54574,125194.80147,289978.61413,210981.45687000002,428855.80045999994,352461.81931,824377.4051899996,710127.2288599999
2026-10-07T20:39:11.062726+00:00,obs-20261007-01,LIGHT,PEPEUSDT,1.0,4.07e-06,4.08e-06,4.075e-06,24.57002457002533,8827948350,4.07e-06,4.08e-06,116,15,197668.39300593,219362.22104992004,207945.71743619,144702.66056741995,69.72187981,2208.7487265600003,96340.29256478,143352.23300616,272569.84095114,272543.6802935,603561.96847902,571830.95163521,1061793.73397681,861489.87470894
2026-10-07T20:39:11.062726+00:00,obs-20261007-01,LIGHT,BNBUSDT,1.0,770.61,770.62,770.615,0.129767327181618,20909875908,770.61,770.62,290,60,1277951.2305799995,1022049.1267500002,1433337.0407299995,932439.3901700006,16658.79695,2068.11334,817055.2025600004,1081041.9005200001,1463095.7786399997,2442056.5516399993,3487215.4131099973,4251425.2240900025,5741962.850610005,5572230.622790005
2026-10-07T20:39:11.062726+00:00,obs-20261007-01,LIGHT,AAVEUSDT,1.0,174.22,174.23,174.225,0.5739869130971798,10439455513,174.22,174.23,292,70,2600159.31076,307519.99963000003,2587942.921420001,281882.1051499999,51962.99021000002,2256.0348999999997,238057.89299999998,84876.99793999999,326401.0376199999,135269.64326,436261.3733100001,193997.77546,517047.48500999983,223162.74948
2026-10-07T20:39:11.062726+00:00,obs-20261007-01,LIGHT,AVAXUSDT,1.0,11.172,11.173,11.1725,0.8950948800556802,10519845650,11.172,11.173,295,80,1047645.7750099998,533654.5816899999,1110327.84801,501202.40393000003,4090.6327799999995,16558.7126,221781.06933,126971.47580000001,376809.6899100001,213919.03614000004,469134.95354,294422.4573099999,746433.2067999998,403242.53533999977
2026-10-07T20:39:11.062726+00:00,obs-20261007-01,LIGHT,FILUSDT,1.0,1.0366,1.0367,1.0366499999999998,0.9646922631678656,9895344788,1.0366,1.0367,238,24,555553.4573350002,225499.77767300012,596172.8720549999,207262.5910410001,299.99138500000004,838.906515,70636.95317600001,92098.03474600002,141511.50227099998,157153.92441500007,208907.32670699997,240897.99814700018,276949.293151,273143.14108000026
2026-10-07T20:39:11.062726+00:00,obs-20261007-01,LIGHT,ALGOUSDT,1.0,0.1182,0.1183,0.11825,8.460236886633776,5664417215,0.1182,0.1183,156,0,37238.4665,23598.592099999998,42338.47,19845.750999999997,0.0,0.0,33517.933000000005,31676.9538,92540.7343,68350.17139999999,141394.8772,99050.09519999998,173454.32880000002,115627.09249999998
2026-10-07T20:39:11.062726+00:00,obs-20261007-01,LIGHT,XRPUSDT,1.0,1.4202,1.4203,1.4202499999999998,0.7041261794116238,26677646417,1.4202,1.4203,346,60,1194562.63124,2394613.440009998,1464996.315790001,2142300.45389,38067.285780000006,1305.61897,766440.7234,1091736.29902,1265261.03122,1462126.4163999998,3049961.880260001,2416279.3818800002,4438938.663750001,3102265.745700001
2026-10-07T20:39:11.062726+00:00,obs-20261007-01,LIGHT,HBARUSDT,1.0,0.0931,0.09311,0.093105,1.0741138560677044,8393056802,0.0931,0.09311,275,15,306584.53926,293007.4276799999,357238.10863000003,260494.90215,1980.40544,525.49074,136123.15761,117085.44878,246777.37318,231943.39121000003,390174.7283399999,377781.02911000006,773612.2262399998,741495.25507
2026-10-07T20:40:11.066293+00:00,obs-20261007-01,LIGHT,PEPEUSDT,1.0,4.07e-06,4.08e-06,4.075e-06,24.57002457002533,8827948994,4.07e-06,4.08e-06,120,8,319045.35958046006,267708.53586522996,300601.99840289005,266897.01371935,0.0,967.0378137600001,119393.52916557,143687.600124,288861.68356531,272941.70870624,622005.3296565901,572642.47378109,1080237.5008927,862301.3968548201
2026-10-07T20:40:11.066293+00:00,obs-20261007-01,LIGHT,BNBUSDT,1.0,770.5,770.51,770.505,0.1297858533422236,20909878771,770.5,770.51,301,55,830226.6737800003,707864.0854600002,839247.3471800002,711927.08596,12391.417030000004,4827.503639999998,864400.2213800005,1076984.0029900006,1458390.2430199997,2405340.3117999984,3478715.777719997,4164077.9305100013,5739904.988770005,5524086.877700005
2026-10-07T20:40:11.066293+00:00,obs-20261007-01,LIGHT,AAVEUSDT,1.0,174.05,174.06,174.055,0.5745475438079239,10439458584,174.05,174.06,319,83,2969760.9880299983,339340.12701999984,2941865.616589999,321472.59293,46056.863230000024,19109.401780000004,286211.0373999999,90880.67527000002,377765.3741899999,140215.69085999994,466746.65098999994,203275.17677999998,548815.1840400002,236605.56560999993
2026-10-07T20:40:11.066293+00:00,obs-20261007-01,LIGHT,AVAXUSDT,1.0,11.172,11.173,11.1725,0.8950948800556802,10519848422,11.172,11.173,298,59,824296.5231900001,345945.93351000035,825262.3386299998,342545.9867400001,2347.38465,10029.44157,220276.96805000002,133997.28135,376191.9498100002,223161.74824000007,468432.5359800001,297822.40408,743694.4252499999,406792.61403999984
2026-10-07T20:40:11.066293+00:00,obs-20261007-01,LIGHT,FILUSDT,1.0,1.0365,1.0366,1.03655,0.9647853352623414,9895346547,1.0365,1.0366,251,53,247773.878076,161030.22282300008,227795.38577700005,153585.20933299998,4517.264044,5504.671923000002,85292.55043300001,106236.62930800003,152807.337998,166943.79972000004,231081.92805400005,239874.0694470001,300956.46287299995,280583.72152400017
2026-10-07T20:40:11.066293+00:00,obs-20261007-01,LIGHT,ALGOUSDT,1.0,0.1182,0.1183,0.11825,8.460236886633776,5664418090,0.1182,0.1183,129,8,48420.528800000015,37356.802299999996,48513.44110000002,35107.5292,634.0248,231.19919999999996,28265.0733,28874.419,90990.5538,70450.4679,141301.96489999996,101299.36829999999,173147.40199999994,117876.36559999999
2026-10-07T20:40:11.066293+00:00,obs-20261007-01,LIGHT,XRPUSDT,1.0,1.4203,1.4204,1.42035,0.7040766035348867,26677649658,1.4203,1.4204,368,61,1732577.7321300006,1974392.3273699996,1603027.4555800005,2041386.5847600007,33390.867979999995,34141.37647999999,842292.2674000001,1033585.2709600002,1269622.90661,1521124.5541000003,3179276.494450001,2349817.326680001,4576476.39085,3035799.292110001
2026-10-07T20:40:11.066293+00:00,obs-20261007-01,LIGHT,HBARUSDT,1.0,0.0931,0.09311,0.093105,1.0741138560677044,8393058059,0.0931,0.09311,247,25,119584.23560000006,182377.87448000003,113096.14478999996,175637.28866000002,1161.09573,4286.70378,147384.22299,122104.69428,256138.73154000007,237096.77231,396662.81915000005,384521.6149300001,784262.1641399999,748200.0772300002
2026-10-07T20:41:11.072489+00:00,obs-20261007-01,LIGHT,PEPEUSDT,1.0,4.07e-06,4.08e-06,4.075e-06,24.57002457002533,8827949367,4.07e-06,4.08e-06,195,13,28138.458041129994,75547.1846801502,45967.962549480006,86709.9564968102,13.97388509,1250.2209564,101436.56724465,144570.97329048,271167.36250441,262403.66096222,604175.82514824,561479.7019644299,1062407.99638435,851138.62503816
2026-10-07T20:41:11.072489+00:00,obs-20261007-01,LIGHT,BNBUSDT,1.0,770.5,770.51,770.505,0.1297858533422236,20909879791,770.5,770.51,288,35,185092.24751000013,164400.64822000003,141440.3701500001,156639.02972,671.8760000000001,975.46566,908006.0421500007,1082670.4199600003,1501996.1906800002,2411188.158859998,3522367.655079997,4171839.5490100016,5780884.592210005,5533140.262410004
2026-10-07T20:41:11.072489+00:00,obs-20261007-01,LIGHT,AAVEUSDT,1.0,174.02,174.03,174.025,0.5746465923461841,10439460944,174.02,174.03,297,59,2336563.2398999995,257470.24818000008,2449839.5893399995,248966.07618999988,26224.388069999997,4285.414420000001,205388.67864000003,96444.26065,282220.59923000005,146627.32004,355268.59703000006,206217.10963999998,440166.3417499999,237848.14911999993
2026-10-07T20:41:11.072489+00:00,obs-20261007-01,LIGHT,AVAXUSDT,1.0,11.176,11.177,11.1765,0.8947745168219612,10519850995,11.176,11.177,264,46,876325.3567600006,336022.67900999985,845830.1084800002,362066.13219999993,1466.6183800000003,6608.329109999999,238871.71860000005,127024.62989000001,388169.63589,213505.51520000008,498572.66481999995,271810.6638299999,751950.1414599998,403874.69268999976
2026-10-07T20:41:11.072489+00:00,obs-20261007-01,LIGHT,FILUSDT,1.0,1.0368,1.0369,1.0368499999999998,0.9645061728402737,9895348109,1.0368,1.0369,266,27,247598.54478000008,174057.51586299977,232134.77329700007,184821.14946899988,197.82528299999996,3695.664644,96184.96327500002,100991.74691199999,168428.050948,162608.93132100004,244331.74190799997,241249.0970460001,316141.58844899986,269825.10071100015
2026-10-07T20:41:11.072489+00:00,obs-20261007-01,LIGHT,ALGOUSDT,1.0,0.1181,0.1182,0.11815,8.467400508043177,5664418637,0.1181,0.1182,122,3,32781.405500000015,36860.5709,30148.812400000003,35833.1978,19.1484,409.68120000000005,55977.6011,24053.6361,113762.23879999999,65540.3192,146878.395,100456.22099999999,176048.5581,118513.26259999997
2026-10-07T20:41:11.072489+00:00,obs-20261007-01,LIGHT,XRPUSDT,1.0,1.4204,1.4205,1.4204500000000002,0.7040270346370114,26677651130,1.4204,1.4205,310,39,500837.10931,574655.1735399996,422010.38073,620872.5517799999,10808.039859999997,24884.224680000003,922363.2152600001,987756.2873800002,1350928.7820099997,1475143.8514,3257959.6500100004,2304133.763100001,4640608.128899999,2989737.0803500013
2026-10-07T20:41:11.072489+00:00,obs-20261007-01,LIGHT,HBARUSDT,1.0,0.0931,0.09311,0.093105,1.0741138560677044,8393058654,0.0931,0.09311,152,8,96136.55776,31627.4445,86948.05115999999,30847.718579999993,2027.00131,666.8686,155364.86044000002,123266.58857,265380.9097400001,237863.93706999999,405851.32575,385301.3408500001,793450.6707399999,748979.80315
2026-10-07T20:42:11.079192+00:00,obs-20261007-01,LIGHT,PEPEUSDT,1.0,4.07e-06,4.08e-06,4.075e-06,24.57002457002533,8827949637,4.07e-06,4.08e-06,138,9,39786.304244690014,21283.98924404999,21137.779893429997,86776.81480220001,0.0,1099.8785949599999,113143.86552513,143684.75251248,290014.16840167,261583.80344037,622824.3494995001,495986.87640628,1035066.8315250801,721416.95709697
2026-10-07T20:42:11.079192+00:00,obs-20261007-01,LIGHT,BNBUSDT,1.0,770.59,770.6,770.595,0.12977069518083084,20909881539,770.59,770.6,265,80,650775.89517,372887.4277500001,665269.4034800002,381451.1533100002,1767.77388,11681.802210000002,893386.8778000007,1089241.7155100002,1482960.69861,2446649.039749999,3507648.3477099966,4246248.010290002,5753999.775110003,5569226.017210005
2026-10-07T20:42:11.079192+00:00,obs-20261007-01,LIGHT,AAVEUSDT,1.0,174.05,174.06,174.055,0.5745475438079239,10439462569,174.05,174.06,264,27,1798733.7903300007,252389.62343,1764145.2382800004,256252.1015999999,10487.91568,7813.255450000002,241732.88512,95183.59593,337563.6622399999,145777.79666999998,387809.44868,207637.29602000004,458156.8335399999,236799.29423999996
2026-10-07T20:42:11.079192+00:00,obs-20261007-01,LIGHT,AVAXUSDT,1.0,11.177,11.178,11.1775,0.8946944618415387,10519852206,11.177,11.178,230,15,327524.54387000005,154289.47611000002,342613.73051,149132.60006000003,378.79309,1152.19081,223579.36696999997,130759.81765999997,372591.2200199999,227875.44262000002,483483.47818,276972.73281999986,738841.8336099996,409059.7886899997
2026-10-07T20:42:11.079192+00:00,obs-20261007-01,LIGHT,FILUSDT,1.0,1.0371,1.0372,1.03715,0.9642271719223494,9895349993,1.0371,1.0372,244,46,191610.56288799993,172562.91934899995,193759.87986199997,174291.79805499993,2280.77583,3321.4838189999996,84568.600916,111602.774977,154970.747109,169779.59558400002,238696.08192399994,239532.91355100012,313992.2617389998,270275.8768030002
2026-10-07T20:42:11.079192+00:00,obs-20261007-01,LIGHT,ALGOUSDT,1.0,0.1181,0.1182,0.11815,8.467400508043177,5664419031,0.1181,0.1182,90,1,15921.403099999998,15208.964500000002,17042.855099999997,13117.317199999998,0.0,13.4748,53759.682100000005,25701.4153,112358.22940000001,67631.9665,145756.943,102547.86829999999,174442.853,120604.90989999997
2026-10-07T20:42:11.079192+00:00,obs-20261007-01,LIGHT,XRPUSDT,1.0,1.4204,1.4205,1.4204500000000002,0.7040270346370114,26677651875,1.4204,1.4205,262,21,181692.76628,268336.87095,180653.97665000008,263180.92792,1861.71828,9271.6035,923565.7483799998,993080.8442,1351906.0603899995,1480539.68163,3258998.43964,2309289.7061300008,4641152.0191399995,2994893.023380001
2026-10-07T20:42:11.079192+00:00,obs-20261007-01,LIGHT,HBARUSDT,1.0,0.09308,0.09309,0.093085,1.074344649765191,8393059507,0.09308,0.09309,196,8,103382.36143,87670.47801,106793.71118000001,87083.01933000001,178.83208,1174.70415,155786.18848,111518.62380999999,262863.2516300001,232718.86488,406972.61778000003,385878.4573300001,790085.2096799999,747668.0618300003
2026-10-07T20:43:11.079842+00:00,obs-20261007-01,LIGHT,PEPEUSDT,1.0,4.07e-06,4.08e-06,4.075e-06,24.57002457002533,8827949993,4.07e-06,4.08e-06,97,8,58961.349046890005,228525.62135352995,52582.466101440004,155912.66102261003,0.0,1150.5134716799998,121251.50000601,127170.01380239999,296502.14013589,269829.65662261,629203.23244495,568599.8367371999,1041445.71447053,858396.87726549
2026-10-07T20:43:11.079842+00:00,obs-20261007-01,LIGHT,BNBUSDT,1.0,770.63,770.64,770.635,0.12976395935782037,20909882839,770.63,770.64,241,25,308633.86039000005,221571.41602999996,247358.12949000005,212122.28226000004,1027.9711300000001,1719.2571900000003,922234.2874900006,1122021.5823500003,1544067.09128,2458655.1912899986,3421265.501289997,4256080.856940001,5814919.111540002,5579368.733070003
2026-10-07T20:43:11.079842+00:00,obs-20261007-01,LIGHT,AAVEUSDT,1.0,174.11,174.12,174.115,0.574349549136155,10439463522,174.11,174.12,178,14,1105983.6144199998,155016.20616,1093739.14087,156621.44982000004,2680.6594800000003,2488.3272300000003,228266.92239000005,98210.93862000003,330430.42974999995,150891.02690000003,399176.5291200001,208321.55084000007,465524.98071000003,235360.25818000006
2026-10-07T20:43:11.079842+00:00,obs-20261007-01,LIGHT,AVAXUSDT,1.0,11.18,11.181,11.180499999999999,0.8944543828248719,10519853751,11.181,11.182,235,34,352935.6353100001,194186.74432,337239.6723900001,210126.68002000003,3318.5551199999995,10270.31995,229548.97604,125250.6542,374691.01032999996,210011.65212000004,499171.9155399999,261102.34631000005,751263.9807799998,464435.38082999986
2026-10-07T20:43:11.079842+00:00,obs-20261007-01,LIGHT,FILUSDT,1.0,1.0365,1.0366,1.03655,0.9647853352623414,9895351233,1.0365,1.0366,181,27,167849.20880999995,142954.96157800002,180262.74598199993,134355.071417,506.33347799999984,383.58655,86182.49857699999,105973.82637100002,154706.318519,162977.42296200007,231982.84539100004,235981.44729600014,301857.4081799999,276691.0822330002
2026-10-07T20:43:11.079842+00:00,obs-20261007-01,LIGHT,ALGOUSDT,1.0,0.1182,0.1183,0.11825,8.460236886633776,5664419920,0.1182,0.1183,139,7,51779.9796,32027.743999999995,50204.81510000001,33345.9369,1124.8024,179.7822,24701.7454,37459.0787,93100.541,72634.3428,144388.27049999998,103100.19579999999,176395.3419,119677.21979999998
2026-10-07T20:43:11.079842+00:00,obs-20261007-01,LIGHT,XRPUSDT,1.0,1.4213,1.4214,1.42135,0.7035812284517107,26677653846,1.4213,1.4214,325,51,1356463.4473199998,1160464.455180001,1464332.4435099997,1421692.3341400002,4737.12756,42658.56994,732134.9251399998,817677.7810900002,1202596.34588,1412498.63051,3145975.383980001,2073840.0519100006,4571377.6753899995,2737924.3055699994
2026-10-07T20:43:11.079842+00:00,obs-20261007-01,LIGHT,HBARUSDT,1.0,0.09311,0.09312,0.093115,1.0739984964014404,8393059875,0.09311,0.09312,134,6,42270.359540000005,23798.745839999996,38248.08811,31321.69949,0.0,1542.83531,155514.28217000002,115791.18215999998,265438.96907000005,230692.06498000002,406454.68867,378380.13996000006,794056.5516699998,742037.57525
2026-10-07T20:44:11.160712+00:00,obs-20261007-01,LIGHT,PEPEUSDT,1.0,4.07e-06,4.08e-06,4.075e-06,24.57002457002533,8827950245,4.07e-06,4.08e-06,89,14,10701.077074490002,226635.72165824,18505.370034150004,227462.32706984997,4966.1463566,836.9477400000001,113385.88879145,141905.74524912,288946.92975781,269003.05121099995,621398.9394852901,567773.2313255899,1033641.4215108701,857570.27185388
2026-10-07T20:44:11.160712+00:00,obs-20261007-01,LIGHT,BNBUSDT,1.0,770.74,770.75,770.745,0.1297454394477704,20909884348,770.74,770.75,256,29,571480.7892800004,347861.26372,610430.8475599998,360745.26928,14886.861749999998,456.2368900000001,894255.3516200004,1035553.4718299997,1498283.2364600003,2452048.797969998,3306998.9498199974,4348820.80587,5775092.402040006,5570952.1749300035
2026-10-07T20:44:11.160712+00:00,obs-20261007-01,LIGHT,AAVEUSDT,1.0,174.15,174.16,174.155,0.5742176284817546,10439464347,174.15,174.16,166,42,908827.0787099991,67819.29645,989928.9477999996,69417.47627,6253.744389999997,10424.25986,162736.93606000004,98696.99995999997,264680.75415000005,154921.70290999993,316091.6226500002,206842.43865999999,384173.3872000002,233690.51462999996
2026-10-07T20:44:11.160712+00:00,obs-20261007-01,LIGHT,AVAXUSDT,1.0,11.18,11.181,11.180499999999999,0.8944543828248719,10519855230,11.18,11.181,209,23,364934.96659,186410.02067000003,366898.24669999984,178240.57819999996,1952.8586,8003.624609999999,230431.54047000007,125111.56430999997,373212.71134999994,210566.20833999998,497208.6354299999,269271.7887799999,752551.3257399997,471596.06358999974
2026-10-07T20:44:11.160712+00:00,obs-20261007-01,LIGHT,FILUSDT,1.0,1.0371,1.0372,1.03715,0.9642271719223494,9895351953,1.0371,1.0372,136,12,102803.05511699997,51404.98896900001,80935.16319700003,59274.33859,449.66015999999996,675.6758469999999,91979.07484300001,112339.13518099999,164211.82965600002,170920.08727400002,248150.43667199995,240263.4540910001,323438.1299349998,271006.41591200023
2026-10-07T20:44:11.160712+00:00,obs-20261007-01,LIGHT,ALGOUSDT,1.0,0.1181,0.1182,0.11815,8.467400508043177,5664420291,0.1181,0.1182,92,3,23767.205200000004,36117.826,28117.206299999994,34684.4097,28.6044,19.3848,52259.9566,20825.897900000004,109787.48999999999,67747.0969,142982.1064,102663.09169999999,172136.94429999997,120720.10659999998
2026-10-07T20:44:11.160712+00:00,obs-20261007-01,LIGHT,XRPUSDT,1.0,1.4209,1.421,1.42095,0.7037792948128008,26677655115,1.4209,1.421,274,19,909859.0033399999,1244987.3810000003,1051031.8758200002,1145811.8131800003,9031.1236,610.3386300000001,680762.34636,901943.57002,1461592.42891,1228185.3092700003,3008346.438450001,2170312.6038600006,4453387.501290001,2836657.6409200006
2026-10-07T20:44:11.160712+00:00,obs-20261007-01,LIGHT,HBARUSDT,1.0,0.09307,0.09308,0.09307499999999999,1.0744600838075158,8393061156,0.09307,0.09308,194,29,209150.61237000008,293766.54176,214429.29346999998,287735.4453400001,1665.96497,5027.361720000003,153527.84921999997,109547.45731999999,260922.85795999994,229799.12685999996,405716.20810999995,384364.03770000004,788837.3502199998,745655.4834100002
2026-10-07T20:45:11.161824+00:00,obs-20261007-01,LIGHT,PEPEUSDT,1.0,4.07e-06,4.08e-06,4.075e-06,24.57002457002533,8827950556,4.07e-06,4.08e-06,94,9,30673.026347529998,230483.31751382002,36933.84543228,307049.9169233599,1850.10500378,652.2005378399999,120316.39020445,124499.43220944,282322.98407679005,256803.41164014,615138.1204005401,491206.63191605,1029883.4330717502,716636.7126067401
2026-10-07T20:45:11.161824+00:00,obs-20261007-01,LIGHT,BNBUSDT,1.0,770.47,770.48,770.475,0.12979090684872574,20909886934,770.47,770.48,243,71,961823.2752299999,995350.4761900001,1412917.7932599997,1460803.1136999996,16616.22427,5246.973679999998,860506.4293500002,1014298.30446,1307041.05423,2144854.2767999982,3080052.6741199964,3693603.1067500017,5312911.979640006,4950812.366430002
2026-10-07T20:45:11.161824+00:00,obs-20261007-01,LIGHT,AAVEUSDT,1.0,174.39,174.4,174.39499999999998,0.5734273754232078,10439467378,174.39,174.4,279,58,2164064.080130001,254032.7489099999,2223478.821330001,310981.67220000003,7450.762049999999,22469.388949999997,113491.57822999997,70253.44285000002,167033.83371999997,114163.09630000003,243124.7682699999,164791.14543,328917.0170599998,185019.36458000005
2026-10-07T20:45:11.161824+00:00,obs-20261007-01,LIGHT,AVAXUSDT,1.0,11.179,11.18,11.1795,0.8945343948463247,10519856735,11.179,11.18,257,25,460339.7816299999,267890.74292,504444.95930000005,280425.87754,2826.8912100000007,3906.6019200000005,217573.53101000004,103250.76706999999,337430.0251899999,198022.52451,453103.4577599999,256725.13632000002,708445.9794099994,457679.17833999987
2026-10-07T20:45:11.161824+00:00,obs-20261007-01,LIGHT,FILUSDT,1.0,1.0383,1.0384,1.0383499999999999,0.9631127805054263,9895353498,1.0383,1.0384,190,29,173801.752794,132378.96488599994,152554.23858000003,192760.98210599998,70.346818,12703.765974,81391.072345,75953.646648,153667.19131900006,125521.62434599998,265462.43185900006,184113.969614,332510.2196169998,200216.46280900014
2026-10-07T20:45:11.161824+00:00,obs-20261007-01,LIGHT,ALGOUSDT,1.0,0.1181,0.1182,0.11815,8.467400508043177,5664420477,0.1181,0.1182,68,0,20737.2615,24114.6465,16449.8847,22026.570700000004,0.0,0.0,55628.0829,25624.1927,114247.797,69997.4185,147269.48320000002,104751.1675,176865.2695,122814.30359999998
2026-10-07T20:45:11.161824+00:00,obs-20261007-01,LIGHT,XRPUSDT,1.0,1.4213,1.4214,1.42135,0.7035812284517107,26677657489,1.4213,1.4214,302,41,1859405.21778,1673225.5427599996,1572953.97832,2067495.4139299989,3873.6618700000004,67926.86693999999,836469.2592099997,898700.05006,1483080.80599,1322775.7314399995,3291253.7509600013,1780261.24936,4624312.65141,2364719.79246
2026-10-07T20:45:11.161824+00:00,obs-20261007-01,LIGHT,HBARUSDT,1.0,0.09313,0.09314,0.093135,1.0737678513894622,8393062298,0.09313,0.09314,209,16,238471.95279,120703.36344,211821.50039,143329.29754000003,447.40024999999997,3341.9873700000003,167619.15276,110154.13274999999,285945.96619000006,221882.16228999995,426965.58588,361785.30228000006,815354.69925,724928.7493100001
2026-10-07T20:46:11.164497+00:00,obs-20261007-01,LIGHT,PEPEUSDT,1.0,4.07e-06,4.08e-06,4.075e-06,24.57002457002533,8827950890,4.07e-06,4.08e-06,129,15,124947.15699548,286806.49342774006,46080.775055249986,231876.26165418,754.61154087,33905.18932175999,173122.24774042,98025.06969815999,331912.44423052,237428.16470606,694004.5023407701,546136.8636896099,1108202.8630495602,849829.72946857
2026-10-07T20:46:11.164497+00:00,obs-20261007-01,LIGHT,BNBUSDT,1.0,770.43,770.44,770.435,0.12979764547171868,20909888346,770.43,770.44,325,57,427885.21895000007,262008.25380999997,347738.18648000003,211751.37148000003,8628.92627,486.15367999999995,837952.7937700003,1050555.8666500004,1386947.9732499998,2180918.1771399984,3160369.039419997,3743779.8394600023,5394292.8526000045,4996697.164970003
2026-10-07T20:46:11.164497+00:00,obs-20261007-01,LIGHT,AAVEUSDT,1.0,174.48,174.49,174.485,0.5731315910151302,10439470010,174.48,174.49,259,50,1706835.778479999,378162.93727999966,1476081.7973699996,344653.71132,14839.03782,1786.4426799999997,273132.36412000004,100325.25349000002,356912.84798999986,143329.64118,471978.0814999999,201298.25988999996,550793.5695799999,219509.34428999998
2026-10-07T20:46:11.164497+00:00,obs-20261007-01,LIGHT,AVAXUSDT,1.0,11.183,11.184,11.183499999999999,0.8942144326207213,10519859622,11.183,11.184,314,48,790600.1390500002,560208.1370500003,767391.1802700002,545770.51121,3922.8144500000003,10951.718660000002,195839.95467000006,131747.62704000002,350311.96296000003,227368.36654999998,469379.38823,271861.1810799999,742224.9701099996,474551.9355799998
2026-10-07T20:46:11.164497+00:00,obs-20261007-01,LIGHT,FILUSDT,1.0,1.039,1.0391,1.03905,0.9624639076033503,9895354821,1.039,1.0391,215,28,339593.0124060002,177564.17731599993,322156.50107999996,177290.69467600004,1385.5908880000002,768.009611,104781.64771199999,80934.730918,188426.737062,134923.859904,279226.269268,188553.62688900006,330871.74381699983,202955.23885400014
2026-10-07T20:46:11.164497+00:00,obs-20261007-01,LIGHT,ALGOUSDT,1.0,0.1181,0.1182,0.11815,8.467400508043177,5664420926,0.1181,0.1182,95,1,16170.371399999996,42886.6016,13577.576999999996,45682.4779,0.0,99.9972,58394.3523,22357.9624,116840.59139999999,66731.1882,149862.2776,101955.2912,179017.23219999997,120018.4273
2026-10-07T20:46:11.164497+00:00,obs-20261007-01,LIGHT,XRPUSDT,1.0,1.4212,1.4213,1.4212500000000001,0.7036307345908988,26677658919,1.4212,1.4213,301,22,977652.8127599997,1187075.7914100003,1215440.65741,1126036.60666,6196.004370000001,4306.84864,790702.7760999999,962087.1304399999,1371125.0735499996,1383459.4570300002,3056043.7135100006,1838322.5625100008,4392323.15972,2425688.886300001
2026-10-07T20:46:11.164497+00:00,obs-20261007-01,LIGHT,HBARUSDT,1.0,0.0931,0.09311,0.093105,1.0741138560677044,8393063280,0.0931,0.09311,163,18,159948.93156000006,126019.21728000001,174943.20444000012,105787.65967999998,1471.2115,1300.15836,155699.85747,119545.76323,271338.09296999994,230281.05445999998,412839.7458499999,382002.56580000004,800439.0924899996,745160.3069100002
2026-10-07T20:47:11.185826+00:00,obs-20261007-01,LIGHT,PEPEUSDT,1.0,4.08e-06,4.09e-06,4.085e-06,24.50980392156854,8827951427,4.08e-06,4.09e-06,163,11,189409.28961557997,303934.05974010006,79604.49287201,385474.85212730017,6010.57143898,14754.12424156,85531.68683064,146399.43223481,306264.60920698,278325.75402850995,613047.39722678,556450.3649423299,1035357.5377141801,817361.6773801199
2026-10-07T20:47:11.185826+00:00,obs-20261007-01,LIGHT,BNBUSDT,1.0,770.48,770.49,770.485,0.12978922230288958,20909891586,770.48,770.49,289,68,1306461.96112,1161409.5334200002,865938.9163999996,672380.5684799997,1650.3757100000003,8556.8338,893482.6972400004,1129492.9603000006,1658314.26989,2495680.792119999,3599775.3785499986,4232888.954019999,5853211.070180006,5574099.525189999
2026-10-07T20:47:11.185826+00:00,obs-20261007-01,LIGHT,AAVEUSDT,1.0,174.48,174.49,174.485,0.5731315910151302,10439471687,174.48,174.49,227,36,1190553.9769000001,237891.24753999992,1330459.6400099993,231782.64553,7433.0253999999995,3897.81959,157113.61025,97799.39306000002,252834.69338,144494.71071,332072.4183900001,207406.86189999996,406736.00993,225624.34097999998
2026-10-07T20:47:11.185826+00:00,obs-20261007-01,LIGHT,AVAXUSDT,1.0,11.192,11.193,11.192499999999999,0.8934953538242141,10519862755,11.192,11.193,283,54,1005366.0435100001,533607.50469,959664.0647400001,568868.91102,14726.16271,8023.260379999999,195066.32090999995,122125.18522000003,383757.1378600001,203211.36517000006,513226.15586000006,243481.67614000008,780484.9453700001,456197.60794000013
2026-10-07T20:47:11.185826+00:00,obs-20261007-01,LIGHT,FILUSDT,1.0,1.0394,1.0395,1.03945,0.9620935154885935,9895357054,1.0394,1.0395,283,51,333339.368429,306628.9600560002,335280.2641419999,295229.808569,597.777737,1014.9589860000002,91250.219304,88481.40740499999,187487.027338,134281.821785,276959.160727,199988.03399100012,325715.25823199993,218010.88680200017
2026-10-07T20:47:11.185826+00:00,obs-20261007-01,LIGHT,ALGOUSDT,1.0,0.1182,0.1183,0.11825,8.460236886633776,5664422433,0.1182,0.1183,201,1,58030.8227,65194.237599999986,54781.69429999999,71071.46549999999,0.0,297.9822,39719.312099999996,27543.8444,100502.7129,65829.1811,150167.569,97948.5837,182282.32239999998,114531.7685
2026-10-07T20:47:11.185826+00:00,obs-20261007-01,LIGHT,XRPUSDT,1.0,1.4214,1.4215,1.42145,0.7035317292802823,26677661013,1.4214,1.4215,335,38,942093.4462499998,1370887.1557099994,700821.86078,1119363.9158099997,9895.93734,10819.17501,870093.4116099998,782197.4403400002,1376330.7178200001,1270399.8252600003,3294650.3861000007,2093478.6678900006,4738793.760779999,2762209.48914
2026-10-07T20:47:11.185826+00:00,obs-20261007-01,LIGHT,HBARUSDT,1.0,0.09311,0.09312,0.093115,1.0739984964014404,8393064040,0.09311,0.09312,165,8,95761.23640999998,99341.15309999998,86969.27758000002,113516.51982999998,819.5106199999999,2495.82347,163239.44034,105608.44233,280966.47653000004,220511.95012000002,421624.14592000004,367841.4931500001,809231.1483999998,730984.9401800002
2026-10-07T20:48:11.185909+00:00,obs-20261007-01,LIGHT,PEPEUSDT,1.0,4.07e-06,4.08e-06,4.075e-06,24.57002457002533,8827952045,4.07e-06,4.08e-06,206,16,229293.33835263018,247935.55175482,324697.2166681698,179893.0136267,10836.19132773,7499.4622303,179454.90102925,54921.096913199995,316988.54430495005,208883.97465011998,667272.78481548,522708.08284408995,1087357.26153695,836704.87303699
2026-10-07T20:48:11.185909+00:00,obs-20261007-01,LIGHT,BNBUSDT,1.0,770.49,770.5,770.495,0.12978753780146235,20909894691,770.49,770.5,353,84,1352719.51414,817678.2200500004,1302145.05211,802755.58514,3797.8046099999997,1917.0412499999998,924252.1450100004,1111051.4015300006,1689095.3648100004,2501154.5083499993,3650349.840579999,4247825.596349998,5891819.802490009,5589726.290169995
2026-10-07T20:48:11.185909+00:00,obs-20261007-01,LIGHT,AAVEUSDT,1.0,174.35,174.36,174.35500000000002,0.5735589331812285,10439473228,174.35,174.36,250,35,675060.0557899995,152531.94136000006,713454.1855300001,147884.14748000004,13421.613409999998,1339.13371,125162.31388999995,99333.27387000003,197599.06397000005,151105.77846,298697.17711000005,208901.61869999993,369805.96411999996,228390.37168999994
2026-10-07T20:48:11.185909+00:00,obs-20261007-01,LIGHT,AVAXUSDT,1.0,11.19,11.191,11.1905,0.8936550491522866,10519864211,11.19,11.191,223,27,554522.7654600003,273174.41284000006,559277.3359999998,253991.12814,2485.1956400000004,1217.9308,203436.97971999997,125790.62201999998,379710.05403000006,215684.45565,509514.76561000006,262658.40510000003,776965.5971100003,473606.7965999999
2026-10-07T20:48:11.185909+00:00,obs-20261007-01,LIGHT,FILUSDT,1.0,1.0392,1.0393,1.03925,0.9622786759044821,9895358781,1.0392,1.0393,266,52,483436.2268540002,169811.50736500006,490847.05568600015,163775.45046500006,13647.786434,915.1816780000001,84748.60416599999,86106.32600100001,179986.87625900004,143719.41955000008,269567.37795600004,205989.87067100022,331109.4534899999,240001.48975900025
2026-10-07T20:48:11.185909+00:00,obs-20261007-01,LIGHT,ALGOUSDT,1.0,0.1182,0.1183,0.11825,8.460236886633776,5664423191,0.1182,0.1183,147,0,29516.013999999996,24266.1913,29815.852300000002,24111.9485,0.0,0.0,40793.3708,22779.7348,100287.6693,67605.141,149867.7307,98102.8265,181934.49349999998,114685.9183
2026-10-07T20:48:11.185909+00:00,obs-20261007-01,LIGHT,XRPUSDT,1.0,1.4216,1.4217,1.42165,0.7034327518296024,26677663369,1.4216,1.4217,311,45,1121629.9109200002,1231724.494759999,1256477.2511100005,1208731.0047899995,5384.380049999999,21208.9806,833021.4355900001,739739.0951799998,1427847.0010400002,1287877.0774799997,3159181.572190001,2117619.47902,4635405.514149999,2807072.09644
2026-10-07T20:48:11.185909+00:00,obs-20261007-01,LIGHT,HBARUSDT,1.0,0.09305,0.09306,0.093055,1.0746910263303988,8393066577,0.09305,0.09306,266,23,551931.5449400002,647929.6620599999,584892.6154,617360.4202300003,2711.59763,1258.2151800000001,153025.80803000001,120874.18054,247616.40378000002,202851.35956000004,404881.76120999985,397712.3991100002,776371.1450699997,760918.6915500003
2026-10-07T20:49:11.410644+00:00,obs-20261007-01,LIGHT,PEPEUSDT,1.0,4.08e-06,4.09e-06,4.085e-06,24.50980392156854,8827952606,4.08e-06,4.09e-06,146,16,361204.3952762298,232174.31230130006,270479.21581096994,287557.02107424,1520.3966823199999,6823.917825390002,79357.24998143999,145066.92055797,254179.65624148,285614.71036327,576447.74789786,564030.6507182701,1037599.05477038,824361.29402697
2026-10-07T20:49:11.410644+00:00,obs-20261007-01,LIGHT,BNBUSDT,1.0,770.55,770.56,770.555,0.12977743170550227,20909896577,770.55,770.56,247,38,673605.4933099998,449978.06816999987,704821.8052799999,492494.04893000005,2048.1453699999997,7828.900479999999,854072.9715300003,1110245.0070800008,1600508.3380900004,2471915.909409999,3619030.548609999,4286623.985540001,5853972.83140001,5550159.607489998
2026-10-07T20:49:11.410644+00:00,obs-20261007-01,LIGHT,AAVEUSDT,1.0,174.33,174.34,174.335,0.5736247346987966,10439474802,174.33,174.34,209,30,1880779.5462899993,200125.40088999993,1766741.9118299999,193155.57774999994,4874.247920000001,1787.6843,210382.97210000004,101443.81380999999,299013.43764,153462.93874,412787.28234999994,215811.04373999996,483345.5193699998,233056.55176999996
2026-10-07T20:49:11.410644+00:00,obs-20261007-01,LIGHT,AVAXUSDT,1.0,11.194,11.195,11.194500000000001,0.8933357155616051,10519866492,11.194,11.195,248,40,827737.3290499998,368199.3467999999,816431.0614899994,376642.0128000001,2849.14333,3209.7694,206720.52427999998,125068.32794999999,381982.77265000006,212328.48452000003,519747.82336999994,255015.1825200001,787707.8797300004,466949.36418000015
2026-10-07T20:49:11.410644+00:00,obs-20261007-01,LIGHT,FILUSDT,1.0,1.0399,1.04,1.0399500000000002,0.9616309260507272,9895360589,1.0399,1.04,275,44,364062.12050899985,191235.85370399995,354597.31972400023,209906.82376,2511.0717879999997,14272.237071,101951.15863100001,77524.51478200001,181511.65627600002,137626.10622200003,278875.569712,189343.00975300014,338533.5010679999,225500.89863700015
2026-10-07T20:49:11.410644+00:00,obs-20261007-01,LIGHT,ALGOUSDT,1.0,0.1182,0.1183,0.11825,8.460236886633776,5664424142,0.1182,0.1183,159,0,31010.567100000007,19428.648599999997,26779.595100000002,22239.555999999993,0.0,0.0,44427.4703,18897.0334,106851.6746,63724.3889,154098.70270000002,95291.91909999998,185718.5603,112127.6339
2026-10-07T20:49:11.410644+00:00,obs-20261007-01,LIGHT,XRPUSDT,1.0,1.4217,1.4218,1.4217499999999998,0.70338327354591,26677664763,1.4217,1.4218,312,28,505096.3638299998,457701.3436100001,520817.04098000017,479538.61837999994,1109.16069,26477.824719999997,815815.9062300002,764399.2273799998,1409260.2271000005,1268676.47279,3141258.439040001,2096343.1019900003,4619222.2480999995,2785764.978770001
2026-10-07T20:49:11.410644+00:00,obs-20261007-01,LIGHT,HBARUSDT,1.0,0.09309,0.0931,0.09309500000000001,1.0742292405185871,8393068172,0.09309,0.0931,245,13,540896.2178799997,477470.76462,515316.96263999975,491205.6730400001,298.59076,4229.289229999999,129081.55208000001,117625.01220000003,214298.53133000009,230827.40191000004,418439.21298000007,384661.5324800002,802483.5492499999,747220.6120900003
2026-10-07T20:50:11.412017+00:00,obs-20261007-01,LIGHT,PEPEUSDT,1.0,4.08e-06,4.09e-06,4.085e-06,24.50980392156854,8827952878,4.08e-06,4.09e-06,91,12,204881.54859128004,9626.16971266,208501.73064941002,3162.5467058199997,1498.5665987999998,642.99895731,76387.55179728,152248.99049268,252304.89182197,292077.83797948,572827.56583973,570494.27372511,1020838.9318172098,830824.9170338099
2026-10-07T20:50:11.412017+00:00,obs-20261007-01,LIGHT,BNBUSDT,1.0,770.45,770.46,770.455,0.12979427607140437,20909899093,770.45,770.46,273,59,884063.2702199997,821257.6250599991,862218.6209199998,846096.1857599998,61625.46062999999,14386.878789999997,902036.3454700002,1086535.9881100007,1702009.4856800002,2431839.088849999,3642081.1539999987,4180414.248670002,5882602.873740009,5522547.9412
2026-10-07T20:50:11.412017+00:00,obs-20261007-01,LIGHT,AAVEUSDT,1.0,174.32,174.33,174.325,0.5736576411208283,10439477584,174.32,174.33,294,35,3010313.4549499997,193966.83478999996,3092289.448360002,193487.98787999997,11996.46908,5345.009009999999,115519.63341999997,104641.25456000002,213033.3621100001,154019.56296,330811.2889400001,213700.78129999997,393603.9938699999,233535.60339999996
2026-10-07T20:50:11.412017+00:00,obs-20261007-01,LIGHT,AVAXUSDT,1.0,11.199,11.2,11.1995,0.8929368693633144,10519868075,11.199,11.2,196,26,515052.53323000006,229480.72184999994,500426.6944299998,239013.44840999992,523.2032999999999,9520.56649,200153.38147000002,125972.24290000001,343886.05794000014,202611.17391000007,532690.1996800001,248101.7240500001,792733.9935600007,459961.61223000014
2026-10-07T20:50:11.412017+00:00,obs-20261007-01,LIGHT,FILUSDT,1.0,1.0399,1.04,1.0399500000000002,0.9616309260507272,9895361094,1.0399,1.04,147,8,95818.36536100002,59168.682615,94838.618428,49672.343714999995,594.9630890000001,79.235598,103936.07788500002,90744.43478000001,182491.56626600007,147122.43189700006,279855.3166450001,198839.34865300017,339513.253659,234992.23341200018
2026-10-07T20:50:11.412017+00:00,obs-20261007-01,LIGHT,ALGOUSDT,1.0,0.1182,0.1183,0.11825,8.460236886633776,5664425194,0.1182,0.1183,135,2,33828.739199999996,25354.428399999993,36425.54660000001,23250.559899999997,208.15019999999998,0.0,42350.6765,21173.800199999998,105150.03850000001,62983.9536,151501.89530000003,97395.7876,183121.75290000002,113972.7849
2026-10-07T20:50:11.412017+00:00,obs-20261007-01,LIGHT,XRPUSDT,1.0,1.4222,1.4223,1.42225,0.7031359864995146,26677666499,1.4222,1.4223,345,38,818593.2306299999,1144326.3555699997,621415.56748,1338134.9361800004,2758.70093,21521.993590000002,880785.22077,616738.1409600001,1647672.26123,1086185.7896700003,3298106.2147600004,1904885.7996600005,4812227.7384399995,2595052.8658700017
2026-10-07T20:50:11.412017+00:00,obs-20261007-01,LIGHT,HBARUSDT,1.0,0.09313,0.09314,0.093135,1.0737678513894622,8393069018,0.09313,0.09314,187,8,817772.6255499999,279293.7162,813183.5269400005,286531.9114400001,604.85116,1151.4099099999999,152922.08272,120546.32463999999,272292.25597000006,234290.21855000005,417648.52592000004,377437.63132000016,797727.1092100001,741912.4065700001
2026-10-07T20:51:11.426309+00:00,obs-20261007-01,LIGHT,PEPEUSDT,1.0,4.08e-06,4.09e-06,4.085e-06,24.50980392156854,8827953035,4.08e-06,4.09e-06,98,13,65501.309914149984,19367.56001776,25905.00082371,94765.27590999,52.24016088,858.2336162999999,90932.771418,146490.69360318,265742.08651897,290547.50428348,612423.8749301701,495096.55783287995,1006754.8483133401,691485.7350700599
2026-10-07T20:51:11.426309+00:00,obs-20261007-01,LIGHT,BNBUSDT,1.0,770.58,770.59,770.585,0.12977237924705065,20909900230,770.58,770.59,205,40,323858.3948700001,316273.64684,338575.42474000005,333278.5825099998,435.31765000000007,3383.308680000001,811518.6133700003,1092709.5102000006,1601516.1091100003,2430692.6486099986,3626040.68914,4247169.030840002,5860597.516260009,5506140.77907
2026-10-07T20:51:11.426309+00:00,obs-20261007-01,LIGHT,AAVEUSDT,1.0,174.47,174.48,174.475,0.5731644408779601,10439479437,174.47,174.48,256,30,1602057.7832300006,223517.89952,1582067.7695400002,245520.25677,316.8018,11488.33475,174726.58228000003,89376.67428000002,269590.28550999996,141210.54249000005,346983.75432000007,195203.05283999996,409427.65645999974,213080.02079999997
2026-10-07T20:51:11.426309+00:00,obs-20261007-01,LIGHT,AVAXUSDT,1.0,11.214,11.215,11.214500000000001,0.8917424647747474,10519870998,11.214,11.215,264,53,1023061.9848800002,451081.79664,999076.77287,469592.6464500001,36897.792819999995,7995.84312,212230.5723,128418.7652,372108.7831599999,184143.1212,493631.7494099997,230208.26031999994,799767.9773399998,440661.8477700001
2026-10-07T20:51:11.426309+00:00,obs-20261007-01,LIGHT,FILUSDT,1.0,1.0412,1.0413,1.0412499999999998,0.9604302727628244,9895363275,1.0412,1.0413,266,52,384685.8499210002,195416.70320700007,373571.00307999994,214192.15748000002,403.05985999999996,14226.101946000002,88957.85720199998,79226.609919,169027.332419,136190.78202800005,280427.942152,188471.39440200003,346867.10487299983,220075.23439800003
2026-10-07T20:51:11.426309+00:00,obs-20261007-01,LIGHT,ALGOUSDT,1.0,0.1183,0.1184,0.11835000000000001,8.453085376163294,5664425685,0.1183,0.1184,102,2,60366.42440000002,48805.590599999996,57836.739,52519.6356,0.0,303.7944,52261.438899999994,35113.2167,103744.58549999999,69590.9641,146951.83179999999,97899.13659999998,183048.85959999997,113078.18139999999
2026-10-07T20:51:11.426309+00:00,obs-20261007-01,LIGHT,XRPUSDT,1.0,1.4223,1.4224,1.42235,0.703086549955767,26677667753,1.4223,1.4224,267,26,369769.2094399999,796529.0512600002,425557.19,638031.4233199997,3345.7168699999993,9703.414079999999,822887.15651,778208.6301500001,1445638.8390100002,1125119.16376,3242173.4815200013,2064039.0462,4756243.282640001,2754147.1711
2026-10-07T20:51:11.426309+00:00,obs-20261007-01,LIGHT,HBARUSDT,1.0,0.09315,0.09316,0.093155,1.0735373054227004,8393069850,0.09315,0.09316,184,12,311669.20001999993,121666.70673999995,295919.41374,137428.85052000004,904.49086,2376.82413,159670.72559,110565.62103000001,287559.45929,219327.73130000007,432764.8638600001,361825.7333000001,815144.95781,726770.5177900001
2026-10-07T20:52:11.426492+00:00,obs-20261007-01,LIGHT,PEPEUSDT,1.0,4.08e-06,4.09e-06,4.085e-06,24.50980392156854,8827953312,4.08e-06,4.09e-06,150,8,160982.20214513002,253886.06241082997,103054.43905029005,187310.67727507994,0.0,620.59076347,116844.14754456,138782.64953758998,292394.44584431,282999.62867768994,670351.63802501,561671.94296863,1054791.27136601,822521.42837425
2026-10-07T20:52:11.426492+00:00,obs-20261007-01,LIGHT,BNBUSDT,1.0,770.53,770.54,770.535,0.1297808002287404,20909902217,770.53,770.54,260,29,895658.46935,481548.1536599999,898620.6972600003,463976.2401599999,856.08696,884.5930400000001,840744.6964200003,1104269.0035900008,1602013.0724300004,2444393.625429999,3623205.85692,4262250.4509700015,5858312.65816001,5525310.733520001
2026-10-07T20:52:11.426492+00:00,obs-20261007-01,LIGHT,AAVEUSDT,1.0,174.46,174.47,174.465,0.573197294508887,10439481683,174.46,174.47,280,27,2041225.12039,176759.26031999994,1976860.0045699996,171246.01916000003,5361.8451000000005,1186.66207,222933.05290999997,102390.14989000003,315125.7020599999,144253.62919000007,411402.4164400001,200716.294,473878.66678999976,220368.83523
2026-10-07T20:52:11.426492+00:00,obs-20261007-01,LIGHT,AVAXUSDT,1.0,11.21,11.211,11.2105,0.892060660124816,10519873297,11.21,11.211,246,44,804219.4407700001,420752.8974499999,793496.0409500002,411092.83407000004,1375.3998700000004,2511.41717,269653.79369,127700.06032000003,390937.58942,193669.5602500001,562179.5056999997,239860.73528000008,810511.6557199999,451812.3582100001
2026-10-07T20:52:11.426492+00:00,obs-20261007-01,LIGHT,FILUSDT,1.0,1.041,1.0411,1.0410499999999998,0.9606147934682063,9895364944,1.041,1.0411,273,50,277946.880965,174793.98025800008,291184.54943,173133.500441,4329.706525,14303.051351000002,77596.39194700001,84444.115699,167623.02728500002,137486.918335,270678.779203,186076.35850799995,334235.9771209998,221686.7245319999
2026-10-07T20:52:11.426492+00:00,obs-20261007-01,LIGHT,ALGOUSDT,1.0,0.1183,0.1184,0.11835000000000001,8.453085376163294,5664425961,0.1183,0.1184,90,0,13768.453800000001,21757.857799999998,14526.831900000001,22236.4828,0.0,0.0,53522.643599999996,24138.002200000003,103352.3998,68981.5456,146193.4537,97420.51159999998,182290.4815,112599.55639999999
2026-10-07T20:52:11.426492+00:00,obs-20261007-01,LIGHT,XRPUSDT,1.0,1.422,1.4221,1.42205,0.7032348804503208,26677669481,1.422,1.4221,327,27,614033.5580900004,1125033.1937799994,652665.3791500002,1085497.7080399997,10481.32823,9667.97369,836698.1917399999,751242.1543699998,1554760.9160099998,1266726.1956799997,3216702.2432000004,2103854.83942,4733040.654119999,2792117.4737700005
2026-10-07T20:52:11.426492+00:00,obs-20261007-01,LIGHT,HBARUSDT,1.0,0.09303,0.09304,0.093035,1.0749220681494087,8393071619,0.09303,0.09304,262,22,376312.12039999984,929535.52337,412809.83176000003,889330.0498900001,1777.2004499999998,1367.8389399999999,156307.11048,112413.98608000002,261446.89216000002,200913.87244000004,415602.9243800001,401172.57036000025,778841.1508,764390.3867700003
2026-10-07T20:53:11.431997+00:00,obs-20261007-01,LIGHT,PEPEUSDT,1.0,4.08e-06,4.09e-06,4.085e-06,24.50980392156854,8827953603,4.08e-06,4.09e-06,118,13,208689.45220497999,127564.08881801002,222543.10237174996,138945.78030360988,1556.22865128,1393.00130853,111819.36244248,133054.27576703,326340.26013138,273245.54077352997,656497.98785824,550290.2514830299,1040996.99303924,840703.1347476799
2026-10-07T20:53:11.431997+00:00,obs-20261007-01,LIGHT,BNBUSDT,1.0,770.37,770.38,770.375,0.12980775471405082,20909905030,770.37,770.38,292,54,809431.8070199997,1088332.0493400001,815489.0802999998,1100760.5730700004,13149.824510000002,668.76055,1025006.0037700002,958337.4022399999,1677306.9438900002,2354942.191969998,3810064.94557,4168066.3745200015,6101143.427240009,5514770.102630001
2026-10-07T20:53:11.431997+00:00,obs-20261007-01,LIGHT,AAVEUSDT,1.0,174.51,174.52,174.515,0.5730330640085768,10439484107,174.51,174.52,269,36,2126476.8817799995,157045.54831,2158182.588319999,164322.45891000004,6691.356289999999,1828.3811800000003,213818.13374000002,98602.92991000002,300056.98465999996,146635.97089000003,377010.13129000005,195032.94761999993,437829.28179999976,216188.58887999994
2026-10-07T20:53:11.431997+00:00,obs-20261007-01,LIGHT,AVAXUSDT,1.0,11.214,11.215,11.214500000000001,0.8917424647747474,10519875500,11.214,11.215,252,36,892607.5250099999,314053.5327499999,909270.4678599994,311314.81609999976,9310.93685,8792.101550000001,227500.99865,133159.45251000003,374385.1683099999,195944.9667600001,487686.6563799999,243083.03010000006,793394.7992499998,454545.3808300001
2026-10-07T20:53:11.431997+00:00,obs-20261007-01,LIGHT,FILUSDT,1.0,1.0406,1.0407,1.0406499999999999,0.960984047664315,9895366702,1.0406,1.0407,274,60,296516.1898819999,185088.08557499998,301809.483393,177685.02761400002,3624.856532,1000.4790889999999,83971.781176,84444.668471,174114.22594300003,132726.86380700002,265410.1019480001,193445.24147399998,334508.4223059999,229089.78249299995
2026-10-07T20:53:11.431997+00:00,obs-20261007-01,LIGHT,ALGOUSDT,1.0,0.1183,0.1184,0.11835000000000001,8.453085376163294,5664426197,0.1183,0.1184,71,0,12089.0689,20298.8011,12504.2649,20326.344500000003,0.0,0.0,53255.340800000005,24259.8362,103084.55660000001,69103.2609,145778.25770000002,97392.9682,181875.2855,112571.98610000001
2026-10-07T20:53:11.431997+00:00,obs-20261007-01,LIGHT,XRPUSDT,1.0,1.4216,1.4217,1.42165,0.7034327518296024,26677671806,1.4215,1.4216,309,35,714322.6089699995,1588167.6000000003,869964.0084199994,1435142.1686100003,17321.594419999998,10888.45733,781306.0202500001,857593.2601,1478635.3645000004,1393682.9810999997,3090484.871230001,2256570.9655099995,4581707.9373699995,2950693.7414100002
2026-10-07T20:53:11.431997+00:00,obs-20261007-01,LIGHT,HBARUSDT,1.0,0.09302,0.09303,0.093025,1.0750376263168882,8393073045,0.09302,0.09303,236,38,201505.68142000004,393501.37164000014,196536.39116,392419.5168000001,2261.79489,1918.2056000000002,161906.68281000003,113552.58703000002,265411.25369,239053.98797000005,421281.38464,401436.9732000002,783909.2647099999,765451.2853100003
2026-10-07T20:54:11.461814+00:00,obs-20261007-01,LIGHT,PEPEUSDT,1.0,4.08e-06,4.09e-06,4.085e-06,24.50980392156854,8827953975,4.08e-06,4.09e-06,126,9,159772.45710673,61447.09454140999,156054.29500769,58878.087145139994,205.4082324,613.30511968,157009.72425216,116488.4641572,324559.2500765,275814.54404979997,660216.1499572799,552859.2588793,1076039.0437331197,843272.14214395
2026-10-07T20:54:11.461814+00:00,obs-20261007-01,LIGHT,BNBUSDT,1.0,770.48,770.49,770.485,0.12978922230288958,20909906940,770.48,770.49,269,37,628814.6705999997,568298.74247,599822.6647300002,561048.9357000003,144.83887,6875.164310000002,925587.0949000001,1098149.75646,1704754.0081500004,2433028.8012099983,3646233.652719999,4176061.625700002,5886939.839290009,5518265.549439999
2026-10-07T20:54:11.461814+00:00,obs-20261007-01,LIGHT,AAVEUSDT,1.0,174.47,174.48,174.475,0.5731644408779601,10439485620,174.47,174.48,214,26,1675432.6250299998,139755.70266,1632521.0797100004,130919.55037000006,5659.969599999999,1749.7166900000002,252522.18079999997,103917.26046000005,326756.84249999985,146650.99904000008,422554.70891999995,202322.40755,484919.71362999966,221928.03067
2026-10-07T20:54:11.461814+00:00,obs-20261007-01,LIGHT,AVAXUSDT,1.0,11.206,11.207,11.2065,0.8923790826353972,10519877619,11.206,11.207,256,30,799574.4441600002,425707.91091000004,833461.4633400001,413695.09820999985,5297.888039999999,1405.11613,226406.40074000004,127463.47149999999,361515.30396000005,198678.02975000005,513950.69299,254468.94481,757625.32122,466516.0839400001
2026-10-07T20:54:11.461814+00:00,obs-20261007-01,LIGHT,FILUSDT,1.0,1.0418,1.0419,1.0418500000000002,0.95987713572665,9895368883,1.0418,1.0419,330,38,448361.01218799985,263015.78131600015,425852.72857599973,273974.47446199995,3652.053369,4791.911411000001,104431.80157,87290.95863900002,182831.572369,136516.683055,284192.6112559999,190820.96247099998,344082.96160999977,222822.543936
2026-10-07T20:54:11.461814+00:00,obs-20261007-01,LIGHT,ALGOUSDT,1.0,0.1183,0.1184,0.11835000000000001,8.453085376163294,5664426868,0.1183,0.1184,132,1,25542.456,5379.9757,20533.159899999995,8299.4842,0.0,661.5008,59822.5416,20711.3583,107796.9614,65555.075,150787.5538,94473.4597,186411.35689999996,109905.37689999999
2026-10-07T20:54:11.461814+00:00,obs-20261007-01,LIGHT,XRPUSDT,1.0,1.422,1.4221,1.42205,0.7032348804503208,26677674143,1.422,1.4221,357,38,1216343.9156599988,1789522.2339799998,1017474.4860199998,1946094.7909100004,8661.39303,53580.16378000002,908005.0042299997,775849.4359999999,1461735.141269999,1554735.8363699997,3259930.2733899998,2101824.0594800003,4776280.019429998,2790081.440070001
2026-10-07T20:54:11.461814+00:00,obs-20261007-01,LIGHT,HBARUSDT,1.0,0.093,0.09301,0.093005,1.0752688172033231,8393074522,0.093,0.09301,261,41,326044.9553899999,583556.31414,325767.19237000006,583123.2400199997,7513.766949999999,2483.44089,166535.61916000003,120134.94509999998,265471.30585000006,242300.96705999997,421816.6954200002,400407.62243000005,784203.7877500003,765363.2477300001
2026-10-07T20:55:11.461957+00:00,obs-20261007-01,LIGHT,PEPEUSDT,1.0,4.08e-06,4.09e-06,4.085e-06,24.50980392156854,8827954202,4.08e-06,4.09e-06,81,11,103622.29501997,6591.413854220002,94214.7572871,20664.723082310007,4.6484745599999995,609.87874263,157558.94490864,102413.82231604,334256.05906605,261579.41874993997,669623.68769015,538785.94965121,1085422.7126046298,843519.51834946
2026-10-07T20:55:11.461957+00:00,obs-20261007-01,LIGHT,BNBUSDT,1.0,770.62,770.63,770.625,0.12976564324862494,20909908516,770.62,770.63,309,52,604502.2726599999,692381.60009,614950.5878199999,755297.88618,1942.5324600000001,3742.4520100000004,888907.8732600003,947143.5854,1610876.58895,2387406.9340299987,3635258.9591799984,4197311.347610002,5864583.673490008,5505048.9593
2026-10-07T20:55:11.461957+00:00,obs-20261007-01,LIGHT,AAVEUSDT,1.0,174.57,174.58,174.575,0.5728361115897584,10439488338,174.57,174.58,267,28,2515806.4293999984,269236.47214000014,2610603.1022200002,277728.6060900001,1705.50858,2468.9088000000006,130164.39503000003,95403.80361999998,224056.14004000003,133308.17958999996,323002.7690200002,195552.37069999988,395272.47557,217254.36927999987
2026-10-07T20:55:11.461957+00:00,obs-20261007-01,LIGHT,AVAXUSDT,1.0,11.215,11.216,11.215499999999999,0.8916629514033048,10519879451,11.215,11.216,237,29,784743.4300899998,318833.31103000016,744910.9052500001,355831.54225,2084.86789,10421.600660000002,230927.86844,117423.49506000002,373662.75124000007,179894.97837000003,493624.72303,218097.61158000003,787574.04325,429648.3603100001
2026-10-07T20:55:11.461957+00:00,obs-20261007-01,LIGHT,FILUSDT,1.0,1.0419,1.042,1.04195,0.9597850081588533,9895369742,1.0419,1.042,184,11,365212.03342099994,105658.67237199999,362660.75594799995,107330.35381299997,1118.036933,1750.393825,107276.303978,85633.391107,185388.21282999997,141579.382254,286743.8887289999,189154.40573099995,344546.96753399976,221150.86249499998
2026-10-07T20:55:11.461957+00:00,obs-20261007-01,LIGHT,ALGOUSDT,1.0,0.1183,0.1184,0.11835000000000001,8.453085376163294,5664427309,0.1183,0.1184,91,1,16400.5333,2367.3912,16465.5601,1620.0107,0.0,9.9456,59932.6363,21938.3245,107615.17619999999,66782.04119999999,150722.527,95220.84019999999,186346.33009999996,110652.66449999998
2026-10-07T20:55:11.461957+00:00,obs-20261007-01,LIGHT,XRPUSDT,1.0,1.4224,1.4225,1.42245,0.7030371203597952,26677675447,1.4224,1.4225,304,24,594020.6404300003,2193283.9938300005,539841.1585799999,2370935.63008,36.266099999999994,6636.0202199999985,895696.4380899998,625756.5963700002,1408239.5259199995,1199092.1602199997,3293866.06732,1924974.9220900005,4823142.806529999,2619252.3017300013
2026-10-07T20:55:11.461957+00:00,obs-20261007-01,LIGHT,HBARUSDT,1.0,0.09308,0.09309,0.093085,1.074344649765191,8393075583,0.09308,0.09309,219,31,197215.70360000004,150839.12271000003,164829.63688000006,185626.30504000004,311.3699199999999,2416.68081,166927.41293,99687.72305999999,236057.86003999997,218999.31834,439934.79547000007,368068.6693700001,816417.0619900001,730642.4044000001
2026-10-07T20:56:11.472798+00:00,obs-20261007-01,LIGHT,PEPEUSDT,1.0,4.08e-06,4.09e-06,4.085e-06,24.50980392156854,8827954469,4.08e-06,4.09e-06,110,12,180320.29745598004,223433.62601353004,182864.06010238006,206240.56176399003,772.1388453599999,643.56503376,115256.71634664,136939.65766419,330889.08742549,286936.26415298996,667079.9250437501,555979.0139007499,1082878.94995823,846391.8971653999
2026-10-07T20:56:11.472798+00:00,obs-20261007-01,LIGHT,BNBUSDT,1.0,770.62,770.63,770.625,0.12976564324862494,20909909501,770.62,770.63,283,29,193149.00299999994,302249.4182500001,131894.6716199999,272170.7652500002,433.08844000000005,7203.84924,922002.2785000004,999398.14643,1672130.9021300003,2417485.5870299987,3696513.2905599987,4227390.000610002,5931099.603530005,5535127.612299999
2026-10-07T20:56:11.472798+00:00,obs-20261007-01,LIGHT,AAVEUSDT,1.0,174.45,174.46,174.45499999999998,0.5732301519079108,10439490476,174.45,174.46,245,25,1807088.4847700016,252306.48476000008,1779942.7649300008,242794.61274000004,1019.8591900000002,898.5434100000001,185160.06423999992,100437.69735000002,257908.92125999994,143197.22863000003,356568.85209999996,201333.89279999994,428498.48473999964,221433.24041999993
2026-10-07T20:56:11.472798+00:00,obs-20261007-01,LIGHT,AVAXUSDT,1.0,11.213,11.214,11.2135,0.8918219923303994,10519880016,11.213,11.214,169,6,203796.70286000002,87919.65141000002,206900.35433999996,74916.80513999998,415.15972,6.61626,238201.49458000006,117891.9989,380242.15246,184131.55229000005,490545.05253999995,231092.86943000005,794107.7760000002,442568.4271300001
2026-10-07T20:56:11.472798+00:00,obs-20261007-01,LIGHT,FILUSDT,1.0,1.0412,1.0413,1.0412499999999998,0.9604302727628244,9895371031,1.0412,1.0413,230,25,326599.025849,129444.29432500007,342010.34686900006,113320.67327299998,4371.731781,411.69767200000007,105216.374797,89416.75225699999,169550.371298,140400.02560800003,271545.220241,201020.604245,336662.03591,237143.421319
2026-10-07T20:56:11.472798+00:00,obs-20261007-01,LIGHT,ALGOUSDT,1.0,0.1183,0.1184,0.11835000000000001,8.453085376163294,5664427676,0.1183,0.1184,102,1,12003.651899999999,3486.1585000000005,7917.375599999999,2756.809,0.0,499.88480000000004,64227.622800000005,22667.9029,112178.65819999999,67511.61959999999,154808.8033,95950.18969999999,190432.60639999996,111382.01399999998
2026-10-07T20:56:11.472798+00:00,obs-20261007-01,LIGHT,XRPUSDT,1.0,1.4229,1.423,1.4229500000000002,0.7027900766032324,26677677015,1.4229,1.423,299,23,531982.1728400004,1477498.0610900007,559583.8329800002,1406582.3263900003,1746.1526199999998,75717.88177000002,894000.91863,676205.42694,1374282.92859,1298691.2615500002,3260297.2540100003,1996222.5872500006,4818776.625709998,2689945.096700001
2026-10-07T20:56:11.472798+00:00,obs-20261007-01,LIGHT,HBARUSDT,1.0,0.09301,0.09302,0.093015,1.0751532093333793,8393076562,0.09301,0.09302,200,33,200145.93660999998,268175.2486500001,235680.65449000004,230930.42497,1543.86355,1138.10774,159705.88102,113004.00957000001,263672.54595999996,244152.79358,418410.49650000007,402872.8729200001,780945.12234,767820.8890800002
2026-10-07T20:57:11.498098+00:00,obs-20261007-01,LIGHT,PEPEUSDT,1.0,4.08e-06,4.09e-06,4.085e-06,24.50980392156854,8827954706,4.08e-06,4.09e-06,109,8,124831.70686862001,255786.81961957004,115096.47911472003,257435.11316399998,33.91658712,704.0381623,117072.11628792,138865.19924686,332348.04897677,285295.18617055996,676815.15279765,554330.7203563199,1092614.17771213,844743.6036238298
2026-10-07T20:57:11.498098+00:00,obs-20261007-01,LIGHT,BNBUSDT,1.0,770.74,770.75,770.745,0.1297454394477704,20909911054,770.74,770.75,354,59,531543.84747,445746.9065399998,510937.3341399998,462918.29524,749.8157799999998,7622.476290000002,947355.1163800001,1012686.9654,1642154.70726,2405904.1108099986,3494445.3126999983,4315915.73762,5946016.946920005,5514546.367419999
2026-10-07T20:57:11.498098+00:00,obs-20261007-01,LIGHT,AAVEUSDT,1.0,174.43,174.44,174.435,0.5732958780013675,10439492471,174.43,174.44,228,29,1636889.4968799995,211728.37826999987,1473717.9585199992,212780.41486999995,793.31935,2748.8404800000003,357332.98704999994,93955.67467000002,424194.44931999984,142571.37844999996,519750.06165999995,200023.56526999985,580240.8472999999,220034.40501999983
2026-10-07T20:57:11.498098+00:00,obs-20261007-01,LIGHT,AVAXUSDT,1.0,11.226,11.227,11.226500000000001,0.8907892392651107,10519882232,11.226,11.227,262,32,736627.4719,358366.5116599999,751774.85934,343190.4795200001,3263.11176,9397.588370000001,187230.40436999997,135558.43646999996,351947.72332,198522.6103799999,475104.56044000003,249179.28309999994,631866.6742600002,459294.70891000004
2026-10-07T20:57:11.498098+00:00,obs-20261007-01,LIGHT,FILUSDT,1.0,1.0415,1.0416,1.04155,0.9601536245806841,9895371711,1.0415,1.0416,203,10,135114.857294,69433.09336900001,136989.973012,78186.700519,351.66783599999997,217.23864300000002,82985.16135999998,93931.158867,167656.08498899997,132869.971812,269498.990181,195931.85779699998,329725.71175399993,228515.86419699996
2026-10-07T20:57:11.498098+00:00,obs-20261007-01,LIGHT,ALGOUSDT,1.0,0.1184,0.1185,0.11845,8.445945945945166,5664428716,0.1184,0.1185,132,2,69859.32429999998,35762.353599999995,64562.55060000001,43561.5137,24.982400000000002,644.688,59281.8657,27050.441099999996,124472.5327,66662.2811,154838.49179999996,91374.12999999999,190638.09439999994,105815.47129999999
2026-10-07T20:57:11.498098+00:00,obs-20261007-01,LIGHT,XRPUSDT,1.0,1.4234,1.4235,1.4234499999999999,0.7025432064078352,26677678539,1.4234,1.4235,308,31,986002.4701599996,2127186.642259999,809312.3001899997,2164546.3545799996,1849.95781,13401.753980000001,897803.4250399997,854748.0013700002,1511457.47625,1424353.3552599999,3392531.921649999,1960156.7426,4843026.826889997,2674278.8079900015
2026-10-07T20:57:11.498098+00:00,obs-20261007-01,LIGHT,HBARUSDT,1.0,0.09304,0.09305,0.09304499999999999,1.0748065348242797,8393078288,0.09304,0.09305,257,37,504942.41889,554823.08147,478227.61830999993,574046.35106,924.91078,4412.624479999999,156829.65587000002,104845.01993000001,267171.7752300001,235290.90875,444416.12708000024,385416.6101200001,807653.9962200003,748113.9590500002
2026-10-07T20:58:11.527322+00:00,obs-20261007-01,LIGHT,PEPEUSDT,1.0,4.08e-06,4.09e-06,4.085e-06,24.50980392156854,8827954876,4.08e-06,4.09e-06,81,10,7229.565897379998,62208.26042844998,10841.913422159996,62941.646687319975,4.44394824,657.1522019,111241.02010872,138132.43614339,328425.79380285,284561.79579169,673202.80527287,553597.3340974499,1089176.2920787,844010.2173649599
2026-10-07T20:58:11.527322+00:00,obs-20261007-01,LIGHT,BNBUSDT,1.0,770.74,770.75,770.745,0.1297454394477704,20909911900,770.74,770.75,279,42,215786.60026,203314.29121000014,261261.3830000001,215370.56637,3159.26326,4551.2787499999995,899564.2524800003,1000670.1379799998,1596679.8651200002,2393847.835649999,3448970.5299599986,4303859.46246,5901836.585890008,5502490.178099999
2026-10-07T20:58:11.527322+00:00,obs-20261007-01,LIGHT,AAVEUSDT,1.0,174.33,174.34,174.335,0.5736247346987966,10439494372,174.33,174.34,253,21,2101934.17533,291519.67507000006,2299914.833469999,287029.0446800001,784.4072499999999,1682.47749,144923.77776000003,90247.45528000001,229292.62244000006,140739.08080999998,323730.9717800003,202550.35247999988,386472.02327000006,221362.60034999982
2026-10-07T20:58:11.527322+00:00,obs-20261007-01,LIGHT,AVAXUSDT,1.0,11.228,11.229,11.2285,0.8906305664413416,10519884110,11.228,11.229,232,28,986953.4124300003,262421.49881,977219.9901100001,293774.6157600001,1766.4242199999999,5614.455750000001,202027.99005999998,98804.05749000002,362957.99759,160754.96377000003,484768.5124699999,217921.53438000006,641821.6739599999,428739.3498500002
2026-10-07T20:58:11.527322+00:00,obs-20261007-01,LIGHT,FILUSDT,1.0,1.0418,1.0419,1.0418500000000002,0.95987713572665,9895372558,1.0418,1.0419,166,21,115601.850242,37599.059976000004,103508.10128700004,41369.043715999986,207.532327,1228.379438,100743.371048,86563.60452000001,180201.00046200003,141595.482024,281551.20094599994,192749.31119199996,338378.43298399984,224745.88045699996
2026-10-07T20:58:11.527322+00:00,obs-20261007-01,LIGHT,ALGOUSDT,1.0,0.1184,0.1185,0.11845,8.445945945945166,5664429073,0.1184,0.1185,97,0,19917.1516,2939.02,19972.562399999995,2247.0884,0.0,0.0,56309.6411,27272.512600000002,123328.92129999999,66884.3526,154783.081,92066.06159999999,187074.6618,106254.50679999997
2026-10-07T20:58:11.527322+00:00,obs-20261007-01,LIGHT,XRPUSDT,1.0,1.4222,1.4223,1.42225,0.7031359864995146,26677681237,1.4222,1.4223,320,47,1167059.1723000002,1955611.1297500003,1411018.8907600003,1803365.30349,59482.958340000005,33959.344529999995,759076.0075499999,724386.85236,1479880.6070900003,1259722.0607600003,3206222.716550001,2111048.6601300007,4616715.98184,2800715.780240001
2026-10-07T20:58:11.527322+00:00,obs-20261007-01,LIGHT,HBARUSDT,1.0,0.09301,0.09302,0.093015,1.0751532093333793,8393079508,0.09301,0.09302,239,31,130745.95608999996,176150.19452,141224.09513,158616.46555000002,2236.5290499999996,1773.0322599999997,158617.09690000003,122866.91519000003,272575.88739,247165.07279000006,434647.15803999995,401183.33230000024,797190.3287199999,765618.1779800003
2026-10-07T20:59:11.561914+00:00,obs-20261007-01,LIGHT,PEPEUSDT,1.0,4.08e-06,4.09e-06,4.085e-06,24.50980392156854,8827955314,4.08e-06,4.09e-06,115,16,212974.10548133997,323534.90982853994,267689.22659811005,326366.68010584003,559.79811768,1493.7404338999997,98064.5335716,136589.1325946,274039.16804042,272055.0570403,618487.6841561,550765.56382015,1034951.34171802,842633.2398132599
2026-10-07T20:59:11.561914+00:00,obs-20261007-01,LIGHT,BNBUSDT,1.0,771.07,771.08,771.075,0.12968991142114916,20909914997,771.07,771.08,354,58,2893435.109329998,2255383.3279399998,2848169.9509199974,2247935.59027,270.64557,9955.85677,861585.37586,1048089.68298,1651783.1731900007,2414903.3531499994,3490468.560669999,4323739.06575,5931772.117890004,5524696.080559998
2026-10-07T20:59:11.561914+00:00,obs-20261007-01,LIGHT,AAVEUSDT,1.0,174.25,174.26,174.255,0.5738880918215727,10439495986,174.25,174.26,213,15,1842031.6178599999,148988.82687000002,1782516.4914399998,142428.29142,530.18727,1176.04294,225935.75916999998,92262.80234000001,300807.13122,138833.71988000005,384816.8158500002,192652.01700999995,455860.70809,223797.30932999987
2026-10-07T20:59:11.561914+00:00,obs-20261007-01,LIGHT,AVAXUSDT,1.0,11.231,11.232,11.2315,0.8903926631642634,10519886303,11.231,11.232,267,33,1069025.7765200003,386545.7215100002,1082278.0395799996,373484.48363000015,888.2573299999999,6379.7744,178977.93127,110031.27025000003,338046.6409599999,174755.7037800001,470884.24795999983,231009.5408300001,616294.8130999999,441318.7841900002
2026-10-07T20:59:11.561914+00:00,obs-20261007-01,LIGHT,FILUSDT,1.0,1.0417,1.0418,1.04175,0.95996928098252,9895373587,1.0417,1.0418,180,13,85289.72741799998,85013.13907199999,93897.74718899997,86868.310051,2505.110112,737.861692,80887.88464299997,83580.712502,162335.740007,127884.40305499999,272950.67945299996,190678.69174099996,329720.61686499993,222900.83499999993
2026-10-07T20:59:11.561914+00:00,obs-20261007-01,LIGHT,ALGOUSDT,1.0,0.1184,0.1185,0.11845,8.445945945945166,5664429547,0.1184,0.1185,91,2,33570.365,26713.927399999993,30826.284099999997,29052.660599999996,0.0,155.5905,58875.9568,21915.435299999997,126068.1765,64553.2576,157527.1619,89727.32839999998,190441.2882,104177.51529999997
2026-10-07T20:59:11.561914+00:00,obs-20261007-01,LIGHT,XRPUSDT,1.0,1.4222,1.4223,1.42225,0.7031359864995146,26677682675,1.4222,1.4223,297,36,506440.0076099998,1938039.2770699998,483368.6235300001,1989042.2753,10713.96707,15178.66029,783546.3265099999,717193.11403,1503844.93905,1207389.62459,3229294.1006300007,2060550.1989600004,4631312.814269999,2750217.31907
2026-10-07T20:59:11.561914+00:00,obs-20261007-01,LIGHT,HBARUSDT,1.0,0.09301,0.09302,0.093015,1.0751532093333793,8393081151,0.09301,0.09302,281,35,277649.8645900002,471573.2934999998,283553.69051000016,471109.75156999985,2283.3255200000003,1190.96442,154194.08611,123202.72681000001,268484.91579,243404.67497,428743.33212,400944.1110000001,791281.46408,766081.7199100001
2026-10-07T21:00:11.561986+00:00,obs-20261007-01,LIGHT,PEPEUSDT,1.0,4.08e-06,4.09e-06,4.085e-06,24.50980392156854,8827955498,4.08e-06,4.09e-06,79,12,7416.8809561200005,118880.83021541999,7438.178332380001,113797.52273910999,689.60326056,17393.14004502,98159.52311976,125279.15890390999,273368.22025114,277138.37275661,618466.38677984,555848.87129646,1036477.06876488,830788.15074335
2026-10-07T21:00:11.561986+00:00,obs-20261007-01,LIGHT,BNBUSDT,1.0,771.14,771.15,771.145,0.12967813885822466,20909919235,771.14,771.15,399,99,1796779.3596799986,1117305.6252899999,1817749.4646499995,1127633.8926699997,9974.941729999999,11972.59612,847502.2143600001,1090062.47883,1649129.8535800006,2562671.7961099995,3468629.70216,4313816.564259999,5944357.360850004,5514171.837709999
2026-10-07T21:00:11.561986+00:00,obs-20261007-01,LIGHT,AAVEUSDT,1.0,174.27,174.28,174.275,0.573822229872345,10439497778,174.27,174.28,239,19,2370211.315919999,134188.26065000004,2372803.0072500007,136475.63606,2629.2139399999996,2996.15638,204868.60438000003,94654.10119999999,297756.9383000001,142024.45361000003,382179.2315400003,203953.7817699999,443582.96231000003,221560.59266999984
2026-10-07T21:00:11.561986+00:00,obs-20261007-01,LIGHT,AVAXUSDT,1.0,11.232,11.233,11.2325,0.8903133903137572,10519888287,11.232,11.233,262,33,998950.9753899995,338690.84151000023,983681.56424,330219.88537999993,12660.332749999996,1606.94665,229911.26908000003,108574.42731,396276.69128,182333.67653000008,485903.34791000007,239493.6560000001,632525.04391,449606.9563400004
2026-10-07T21:00:11.561986+00:00,obs-20261007-01,LIGHT,FILUSDT,1.0,1.0413,1.0414,1.04135,0.9603380389910932,9895374305,1.0413,1.0414,199,7,62998.06900599999,71740.36423200002,61824.23310099999,57541.885886000004,380.704688,189.0141,95202.45592799998,89449.504059,172085.165836,140369.07161,274322.16466,200845.44250099995,338128.97502199985,237094.31074999992
2026-10-07T21:00:11.561986+00:00,obs-20261007-01,LIGHT,ALGOUSDT,1.0,0.1184,0.1185,0.11845,8.445945945945166,5664429815,0.1184,0.1185,92,0,4897.471199999999,15897.111200000003,6995.436799999999,12788.858,0.0,0.0,56848.6716,30140.2849,122867.49489999999,68131.3878,155429.19629999998,92835.58159999999,188343.32259999998,107032.77949999998
2026-10-07T21:00:11.561986+00:00,obs-20261007-01,LIGHT,XRPUSDT,1.0,1.4225,1.4226,1.4225500000000002,0.7029876977160399,26677684067,1.4225,1.4226,313,30,856410.5876599998,1643003.4531400008,801588.5890000004,1677676.147940002,10380.223259999999,12156.31669,723892.1286899999,842345.33914,1237825.2757299999,1323161.4613,3276505.8879800006,2026646.9396800003,4678092.622279999,2717224.07899
2026-10-07T21:00:11.561986+00:00,obs-20261007-01,LIGHT,HBARUSDT,1.0,0.09306,0.09307,0.09306500000000001,1.0745755426611048,8393082708,0.09306,0.09307,262,33,281222.12134,266925.72438,255205.52721000003,282647.07838,2659.0925299999994,3580.66469,167387.87432,127400.36,276562.0277,233804.93637999997,441867.71838,387700.14021000004,817240.44926,750426.7049100001
2026-10-07T21:01:11.566334+00:00,obs-20261007-01,LIGHT,PEPEUSDT,1.0,4.08e-06,4.09e-06,4.085e-06,24.50980392156854,8827955870,4.08e-06,4.09e-06,139,14,181149.06572771992,45950.754860269975,144911.26590858996,40015.71380529998,687.0105307199999,4726.2602365,94764.70760568,142418.16105248,317919.72336375,283073.57306157995,654704.1865989701,561783.9123514299,1072648.6753913101,849189.33011854
2026-10-07T21:01:11.566334+00:00,obs-20261007-01,LIGHT,BNBUSDT,1.0,771.04,771.05,771.045,0.12969495746029125,20909921611,771.04,771.05,292,74,1341633.8968699987,761771.7843800002,1358040.147360001,714848.6106999997,1568.5906100000002,16081.619869999999,976671.5127699998,1024631.3779399999,1634443.9938400006,2444746.17107,3453107.4721099995,4360059.062890002,5932224.298040003,5552731.011569999
2026-10-07T21:01:11.566334+00:00,obs-20261007-01,LIGHT,AAVEUSDT,1.0,174.39,174.4,174.39499999999998,0.5734273754232078,10439499671,174.39,174.4,237,14,2513324.0846199975,194742.28843999992,2609702.2782599996,205405.20662999988,111.25444,1214.5596099999998,115265.86071000001,92370.41883,208383.77413000006,141553.78901,279000.5996700001,198376.10779999988,346947.8883499998,216700.17025999987
2026-10-07T21:01:11.566334+00:00,obs-20261007-01,LIGHT,AVAXUSDT,1.0,11.223,11.224,11.223500000000001,0.8910273545392755,10519890771,11.223,11.224,297,45,1124362.73497,527675.9595800001,1159030.2418700005,480569.3728000002,8320.231130000002,7911.239720000001,197431.83226999996,143818.36450000003,385351.54264000006,206096.06820000007,452208.8512300001,285516.05430000025,726969.2069500004,495425.08947000036
2026-10-07T21:01:11.566334+00:00,obs-20261007-01,LIGHT,FILUSDT,1.0,1.0413,1.0414,1.04135,0.9603380389910932,9895376078,1.0413,1.0414,233,31,188164.51332099998,162289.45444500004,193328.95963700002,163756.18680599995,254.37984599999993,1461.3540120000002,87388.55568399999,88661.992738,166097.48801600002,142738.46719300002,269157.71834400005,199378.71013999995,333064.3357199999,235627.5665339999
2026-10-07T21:01:11.566334+00:00,obs-20261007-01,LIGHT,ALGOUSDT,1.0,0.1184,0.1185,0.11845,8.445945945945166,5664430182,0.1184,0.1185,94,2,22520.235099999998,16078.041699999994,22092.393200000002,18189.450299999997,712.176,61.027499999999996,51175.0152,26416.1053,120979.2812,66039.0033,155857.03819999995,90724.17299999998,189365.69039999996,104921.37089999997
2026-10-07T21:01:11.566334+00:00,obs-20261007-01,LIGHT,XRPUSDT,1.0,1.4216,1.4217,1.42165,0.7034327518296024,26677686938,1.4216,1.4217,308,39,860610.2442000001,1611440.62382,1080514.5833600005,1300822.1878800003,35879.45401,31485.80462,725942.65576,881085.48373,1210817.1016900004,1357255.9152400002,3106651.6176700005,2335604.9984600004,4461387.264499998,3025062.179850001
2026-10-07T21:01:11.566334+00:00,obs-20261007-01,LIGHT,HBARUSDT,1.0,0.09305,0.09306,0.093055,1.0746910263303988,8393084296,0.09305,0.09306,256,31,162694.76583,287102.75257000007,171126.24784,288171.4134200001,643.55409,2286.69526,159276.17173,129241.79439,267286.00332,240140.15915999995,444318.53984000016,385921.10294000007,808859.7950500002,749321.2151000001
2026-10-07T21:02:11.567640+00:00,obs-20261007-01,LIGHT,PEPEUSDT,1.0,4.08e-06,4.09e-06,4.085e-06,24.50980392156854,8827956023,4.08e-06,4.09e-06,111,14,26125.05101707,9510.703948880002,61856.433408189994,84321.78710333991,255.0645048,943.74158985,97481.6222172,145496.94600460998,281906.6194363,281959.56638731,618972.80420785,486972.82919697,997730.91901899,709878.45711468
2026-10-07T21:02:11.567640+00:00,obs-20261007-01,LIGHT,BNBUSDT,1.0,770.84,770.85,770.845,0.12972860775173345,20909923369,770.84,770.85,264,36,455440.20008000004,475767.01651,491270.04192999995,458170.4993300001,11302.854910000002,511.91170000000005,1037455.0121099999,1040440.5507499999,1606496.1415099993,2457645.9001999986,3419114.8657399984,4367247.151129998,5907291.455490006,5566248.088109997
2026-10-07T21:02:11.567640+00:00,obs-20261007-01,LIGHT,AAVEUSDT,1.0,174.41,174.42,174.415,0.5733616191716528,10439501667,174.41,174.42,227,21,1551916.5345299996,181040.15222999998,1525092.02394,180241.75139999983,1527.453,517.04125,139843.89161999995,99474.54535,225206.61432999998,147244.33622,303987.6598800001,199330.39871999988,370707.5424799998,217498.57108999987
2026-10-07T21:02:11.567640+00:00,obs-20261007-01,LIGHT,AVAXUSDT,1.0,11.217,11.218,11.217500000000001,0.8915039671930636,10519893193,11.217,11.218,228,43,809407.19088,410775.1630899999,828461.54858,424431.25484999997,2647.34064,3233.25478,210771.62223000004,117783.68909999999,386946.1960000001,184273.56859999994,435247.23000000004,269746.67876000004,708396.4366600002,481657.39903000015
2026-10-07T21:02:11.567640+00:00,obs-20261007-01,LIGHT,FILUSDT,1.0,1.0413,1.0414,1.04135,0.9603380389910932,9895377091,1.0416,1.0417,212,21,189333.18390999996,69682.340239,190659.6704300001,70041.44570800001,510.5608870000001,3308.4557960000006,89002.15018799999,88968.310795,165347.85559,139694.05071700003,267831.231824,199019.60467099995,331338.5630359999,235268.4927359999
2026-10-07T21:02:11.567640+00:00,obs-20261007-01,LIGHT,ALGOUSDT,1.0,0.1184,0.1185,0.11845,8.445945945945166,5664430977,0.1184,0.1185,155,1,32961.71120000001,18973.599399999996,34934.04760000001,10829.0568,0.0,149.9025,53331.558300000004,28002.889900000002,119241.3417,68619.38220000001,153884.70179999998,98868.7156,187246.32489999998,113065.91349999998
2026-10-07T21:02:11.567640+00:00,obs-20261007-01,LIGHT,XRPUSDT,1.0,1.4213,1.4214,1.42135,0.7035812284517107,26677689229,1.4213,1.4214,276,45,783468.6433100001,1132606.4495399995,733236.65221,1434989.6876599998,36643.70088999999,38263.28134,781035.3152600002,671533.01964,1264087.9265400001,1140377.10279,3168917.817450001,2032430.2485000002,4516555.660719997,2696565.2084099995
2026-10-07T21:02:11.567640+00:00,obs-20261007-01,LIGHT,HBARUSDT,1.0,0.09319,0.0932,0.093195,1.0730765103561524,8393088303,0.09319,0.0932,310,140,963627.8178199995,1082137.4627599993,1000964.5783699998,1122205.4515799996,21150.93181,40473.9421,123205.52711000001,112038.54964000001,241476.83825,211821.0043,380615.3994699999,353142.30849,766820.0388900002,722326.3040000001
2026-10-07T21:03:11.572868+00:00,obs-20261007-01,LIGHT,PEPEUSDT,1.0,4.07e-06,4.08e-06,4.075e-06,24.57002457002533,8827956515,4.07e-06,4.08e-06,140,20,168407.62201019996,209466.90630807,221609.01529468002,29502.88997308,34765.86033191999,816.2156812899999,150818.17303597,106669.01425512,323857.52319573,254759.91616605,708470.9100554101,564834.44201484,1096401.6895754202,862930.6119001999
2026-10-07T21:03:11.572868+00:00,obs-20261007-01,LIGHT,BNBUSDT,1.0,770.71,770.72,770.715,0.1297504898079005,20909924879,770.71,770.72,244,27,878518.64961,1029745.0237500002,897296.7229900002,976075.93604,1160.83015,403.90512,1009121.99892,1136064.9488200003,1588785.47646,2471581.728129999,3403486.814569999,4314250.605519999,5889086.544930005,5618476.6151199965
2026-10-07T21:03:11.572868+00:00,obs-20261007-01,LIGHT,AAVEUSDT,1.0,174.23,174.24,174.235,0.5739539688920381,10439503419,174.23,174.24,177,21,1149973.9238199997,133379.6083,1084240.4796099993,121922.61304000001,1648.4157799999996,999.98677,218858.78662999996,95944.06582000002,290150.66573,144330.32609000002,375471.4106100001,191697.00671999995,449089.25773999986,220607.07769999988
2026-10-07T21:03:11.572868+00:00,obs-20261007-01,LIGHT,AVAXUSDT,1.0,11.199,11.2,11.1995,0.8929368693633144,10519896743,11.199,11.2,269,62,1376482.7723700001,625698.7594100003,1420486.9793100008,570440.0512399997,6856.844969999998,13820.909839999998,208331.39875000005,127800.55195000004,374369.3700000001,207725.59230000005,453890.24721000006,314798.4766,721498.3368699999,532994.4883800003
2026-10-07T21:03:11.572868+00:00,obs-20261007-01,LIGHT,FILUSDT,1.0,1.0391,1.0392,1.0391499999999998,0.9623712828399356,9895380616,1.0391,1.0392,332,96,358882.4483230003,372433.0873480002,422946.56596999994,332282.8156639999,2169.4685050000016,2304.647333,81180.90848299999,77261.731042,169215.87976999997,149472.87074600003,216865.05241699994,221677.70031900005,283978.3908209998,274426.27291800006
2026-10-07T21:03:11.572868+00:00,obs-20261007-01,LIGHT,ALGOUSDT,1.0,0.1184,0.1185,0.11845,8.445945945945166,5664431864,0.1184,0.1185,171,6,55917.44930000001,48670.6151,65252.25300000001,49110.929399999986,90.53399999999999,318.17249999999996,52641.6409,22553.849199999997,113064.17869999999,67869.3759,144549.89809999996,98428.40129999998,176742.68899999995,114901.79919999996
2026-10-07T21:03:11.572868+00:00,obs-20261007-01,LIGHT,XRPUSDT,1.0,1.4208,1.4209,1.4208500000000002,0.703828828829689,26677691281,1.4208,1.4209,343,33,1052470.22245,5099295.608020001,1199729.9193900002,4943391.872099996,38714.823860000004,4543.79151,747806.71842,840986.3824900001,1380601.2171,1206774.3164100004,3025241.85555,2186079.6129500004,4378992.425219999,2852487.4890900003
2026-10-07T21:03:11.572868+00:00,obs-20261007-01,LIGHT,HBARUSDT,1.0,0.09312,0.09313,0.093125,1.073883161513134,8393089845,0.09312,0.09313,249,38,255106.07173999993,661042.8131399999,262594.1477700001,636664.3806599997,2671.51341,1841.593,137350.26801,127298.03037000002,236527.81928000005,189675.26686,374306.63263,376314.90138000005,759646.5644800003,745574.49684
2026-10-07T21:04:11.573365+00:00,obs-20261007-01,LIGHT,PEPEUSDT,1.0,4.07e-06,4.08e-06,4.075e-06,24.57002457002533,8827956682,4.07e-06,4.08e-06,85,9,103343.09686836,75304.22946206998,103106.75324759999,70817.29434308,0.0,1875.49641552,167395.23289357,106536.76573488,324406.54361137,258611.52775724,708707.25367617,569321.37713383,1157250.5292787198,874155.9536960099
2026-10-07T21:04:11.573365+00:00,obs-20261007-01,LIGHT,BNBUSDT,1.0,770.67,770.68,770.675,0.1297572242342504,20909926408,770.67,770.68,306,37,294091.09501999966,1060402.8412899994,258128.62455999997,1103837.6022699997,4369.58989,964.1095699999998,1044898.7808500002,1077140.63618,1629420.5081900007,2424264.7905899994,3513978.361119998,4270457.783550001,5919195.253030001,5637129.184379999
2026-10-07T21:04:11.573365+00:00,obs-20261007-01,LIGHT,AAVEUSDT,1.0,174.23,174.24,174.235,0.5739539688920381,10439505489,174.23,174.24,235,23,1386853.8444100004,172641.55475,1285898.6324900005,174062.59473000004,3269.1609399999998,4575.8721,306335.3731699998,97412.49663999998,372001.9971699995,145168.79479999995,476426.62252999964,190275.96673999992,550053.0234399999,219280.17790999985
2026-10-07T21:04:11.573365+00:00,obs-20261007-01,LIGHT,AVAXUSDT,1.0,11.194,11.195,11.194500000000001,0.8933357155616051,10519899726,11.194,11.195,302,93,821361.96108,608664.8500700007,804945.3741899999,569999.4630000005,50565.67107000002,76069.85049000003,240664.41757999992,166227.87945,384738.20231,249496.36522,470468.32609000005,350834.41748000006,737274.13435,561674.2103400002
2026-10-07T21:04:11.573365+00:00,obs-20261007-01,LIGHT,FILUSDT,1.0,1.0411,1.0412,1.04115,0.9605225242537152,9895384219,1.0411,1.0412,330,85,410915.72263399995,350778.4241689996,353005.9639309999,393832.89311199985,8625.694923000001,5264.874924999999,88296.82506199999,85547.426651,173910.94159499998,139938.077156,269135.1355679999,195982.89480899993,333907.478234,232155.80331699995
2026-10-07T21:04:11.573365+00:00,obs-20261007-01,LIGHT,ALGOUSDT,1.0,0.1185,0.1186,0.11854999999999999,8.438818565401629,5664432597,0.1185,0.1186,158,1,47893.66060000002,22112.1704,35227.44969999999,25898.1614,0.0,13.745999999999999,36870.514,34003.3719,101927.2604,73275.66879999998,154704.3641,96473.70059999998,186955.4567,111650.22519999997
2026-10-07T21:04:11.573365+00:00,obs-20261007-01,LIGHT,XRPUSDT,1.0,1.4208,1.4209,1.4208500000000002,0.703828828829689,26677692281,1.4208,1.4209,316,31,326357.41344,1950973.5375299996,256793.32929999998,2068274.7195699993,6297.411840000001,4099.012320000001,825626.1847699998,724118.13329,1458293.31714,1089676.6239700003,3094805.93969,2068778.4309100006,4425270.136539999,2735186.3070499995
2026-10-07T21:04:11.573365+00:00,obs-20261007-01,LIGHT,HBARUSDT,1.0,0.09313,0.09314,0.093135,1.0737678513894622,8393091289,0.09313,0.09314,252,38,244701.3705700001,467748.73079000006,222103.35559999992,468336.4878800002,2668.8144100000004,3745.7960099999996,143462.33315000002,128808.15609999998,256333.39704000007,231007.00011999998,396868.9662000001,375727.14428999997,782342.4629800003,744986.73975
2026-10-07T21:05:11.579026+00:00,obs-20261007-01,LIGHT,PEPEUSDT,1.0,4.08e-06,4.09e-06,4.085e-06,24.50980392156854,8827957096,4.08e-06,4.09e-06,113,17,205562.17205422005,148538.35026905002,106305.39031321002,251227.17258516996,87.32098695,45245.21682414,95842.78980432,152773.1266021,314152.17754274,289466.20141660003,633318.41243318,558796.25450835,1071421.63681648,815047.2284885901
2026-10-07T21:05:11.579026+00:00,obs-20261007-01,LIGHT,BNBUSDT,1.0,770.85,770.86,770.855,0.12972692482238202,20909929703,770.85,770.86,313,58,3324656.5809500017,1902924.6506600005,3314049.897939998,1979436.1392700013,14291.428319999999,2033.1386599999996,838034.09131,1013862.7489599998,1611213.7904600005,2390558.448339999,3446893.735590001,4301016.702850001,5916726.282080006,5569001.347449998
2026-10-07T21:05:11.579026+00:00,obs-20261007-01,LIGHT,AAVEUSDT,1.0,174.52,174.53,174.525,0.5730002292003711,10439508307,174.52,174.53,284,33,1608031.5332700002,254962.06707000008,1553853.1050600007,273889.93369999994,591.14214,1926.8145600000005,336638.51483,98127.39881000003,418901.3292699999,141857.94205,516695.2017099999,189152.53096999988,587515.0535800001,210360.79303999987
2026-10-07T21:05:11.579026+00:00,obs-20261007-01,LIGHT,AVAXUSDT,1.0,11.231,11.232,11.2315,0.8903926631642634,10519904423,11.231,11.232,365,67,1777912.808549999,609296.9856200006,1713543.6356099998,714438.66826,8451.61406,46028.165390000046,179530.37227,121263.92158999998,349467.7190399998,192475.73816999997,469133.2766699998,253374.00207999998,617738.0729300001,463945.0300800002
2026-10-07T21:05:11.579026+00:00,obs-20261007-01,LIGHT,FILUSDT,1.0,1.0413,1.0414,1.04135,0.9603380389910932,9895386157,1.0413,1.0414,258,24,223170.91996800003,174975.67152199996,218020.13103800008,176109.34254800004,650.9233310000001,3427.164649,97130.609575,87330.74193199998,170262.58140700002,142103.31150500002,270789.91403,199022.86692999993,334919.84126799996,235243.11941799996
2026-10-07T21:05:11.579026+00:00,obs-20261007-01,LIGHT,ALGOUSDT,1.0,0.1185,0.1186,0.11854999999999999,8.438818565401629,5664433100,0.1185,0.1186,115,1,39553.90909999998,22026.206100000003,27293.6504,23781.431900000007,0.0,188.6926,54436.5523,30895.5927,114684.89009999999,68219.7809,166964.6228,94718.4748,198265.51770000003,110148.17019999998
2026-10-07T21:05:11.579026+00:00,obs-20261007-01,LIGHT,XRPUSDT,1.0,1.4219,1.422,1.4219499999999998,0.7032843378573794,26677694312,1.4219,1.422,325,39,1306696.1778799992,1761585.7400999998,1003566.0822099993,1767136.1025499988,1755.38199,18148.01174,925888.7047199998,747369.8937299999,1367542.4758599997,1410299.7217499998,3352871.40515,2067930.3547399996,4710867.408769998,2756322.480469999
2026-10-07T21:05:11.579026+00:00,obs-20261007-01,LIGHT,HBARUSDT,1.0,0.09321,0.09322,0.09321499999999999,1.0728462611298006,8393092661,0.09321,0.09322,252,36,427452.2479499999,210847.21151000005,406229.21359999996,237121.06711000003,1875.01535,3854.66145,130377.13943000001,117447.86667999999,260153.54905000003,210869.41478999995,416938.68335999997,350716.27125999995,802622.8350500002,719843.12379
2026-10-07T21:06:11.613052+00:00,obs-20261007-01,LIGHT,PEPEUSDT,1.0,4.08e-06,4.09e-06,4.085e-06,24.50980392156854,8827957242,4.08e-06,4.09e-06,92,12,29121.325171130004,67739.06777777999,13273.767172939999,68447.99209573999,763.97059152,1044.87263538,94370.00505192,151913.99853960998,337270.41977845,288841.15719611,649165.97043137,558087.33019039,1067516.01478032,814338.3041706299
2026-10-07T21:06:11.613052+00:00,obs-20261007-01,LIGHT,BNBUSDT,1.0,770.75,770.76,770.755,0.1297437560809911,20909931062,770.75,770.76,255,41,305094.59073,418456.82369000005,335591.28183999995,369328.49687000003,4389.7083299999995,18845.850650000004,899452.2484000003,1066882.84757,1606325.8118100006,2395545.7027799985,3418996.1636700006,4348700.91842,5896938.183970007,5615887.98968
2026-10-07T21:06:11.613052+00:00,obs-20261007-01,LIGHT,AAVEUSDT,1.0,174.63,174.64,174.635,0.5726392945071268,10439511218,174.63,174.64,265,51,1937328.0821600005,265397.10117999994,1956506.3988099995,265596.28443999996,8097.1450700000005,2765.6859299999996,304747.77904,96427.2242,388599.6416899999,138089.14944000004,492795.1994499998,189136.35102999996,564018.2591599996,213813.79339999994
2026-10-07T21:06:11.613052+00:00,obs-20261007-01,LIGHT,AVAXUSDT,1.0,11.217,11.218,11.217500000000001,0.8915039671930636,10519907187,11.217,11.218,263,45,922623.9057600003,380348.12804000016,961753.9950400003,336179.9011600003,9970.790129999996,1318.01462,230313.56746000002,151492.48309999998,380637.30396,214715.63022999992,435059.6655699999,294236.75736000005,706652.2963100002,505074.2917900001
2026-10-07T21:06:11.613052+00:00,obs-20261007-01,LIGHT,FILUSDT,1.0,1.0409,1.041,1.04095,0.9607070804107387,9895387465,1.0409,1.041,217,21,98318.11693799999,170870.66601100002,108272.253278,160305.37244500007,2826.0060850000004,963.5944629999999,83857.94201099999,89004.76223499999,172233.076541,150578.73636900002,264331.788158,209436.81659799995,327621.5627589999,245633.36414099997
2026-10-07T21:06:11.613052+00:00,obs-20261007-01,LIGHT,ALGOUSDT,1.0,0.1185,0.1186,0.11854999999999999,8.438818565401629,5664433392,0.1185,0.1186,97,2,13964.313600000001,10486.101299999998,17732.617199999997,7131.8483,237.0,11.1484,52754.91130000001,32799.3045,110916.5865,71574.1436,163196.31920000003,98072.7278,194995.71760000006,113249.25239999998
2026-10-07T21:06:11.613052+00:00,obs-20261007-01,LIGHT,XRPUSDT,1.0,1.4212,1.4213,1.4212500000000001,0.7036307345908988,26677696114,1.4212,1.4213,315,53,565045.1613500002,1260896.9086999996,804957.8182399997,1060278.16092,102554.26627999998,13825.458150000004,758189.4067800001,866254.8178599997,1142474.1790800001,1409685.6429699997,3157012.10365,2264132.6926200003,4480972.634859998,2930662.580290001
2026-10-07T21:06:11.613052+00:00,obs-20261007-01,LIGHT,HBARUSDT,1.0,0.09315,0.09316,0.093155,1.0735373054227004,8393093714,0.09315,0.09316,245,36,162146.67765000009,241367.08569999994,175016.49273000009,221432.5959700002,1569.6798199999998,3124.6033800000005,145847.95523,122942.83549000001,264539.15086999995,186449.22286999994,404588.73712999985,369538.02418,790584.71447,739267.62888
2026-10-07T21:07:11.627461+00:00,obs-20261007-01,LIGHT,PEPEUSDT,1.0,4.08e-06,4.09e-06,4.085e-06,24.50980392156854,8827957481,4.08e-06,4.09e-06,125,12,50772.284520760004,60672.823440090004,48569.59637361999,63959.42033999001,0.0,2669.1262944399996,113234.79374136,129606.93066126999,341651.07670458,285353.00505457,651368.65857851,554800.73329049,1068696.3700894301,811112.67158413
2026-10-07T21:07:11.627461+00:00,obs-20261007-01,LIGHT,BNBUSDT,1.0,770.75,770.76,770.755,0.1297437560809911,20909931887,770.75,770.76,295,44,142202.36296,290060.97265,110830.69678000003,294669.2250900001,2485.66875,2393.2098,905591.38493,1040736.4757299998,1615753.82694,2390932.0113399983,3450367.8298499994,4344092.66598,5920733.975290004,5611310.31992
2026-10-07T21:07:11.627461+00:00,obs-20261007-01,LIGHT,AAVEUSDT,1.0,174.65,174.66,174.655,0.5725737188666535,10439512744,174.65,174.66,213,25,1072022.1631099998,99391.19927999999,1201130.95587,98442.13356000002,1748.4269100000001,2559.9842199999994,167253.00732999996,92475.76960000001,256676.87695999997,141954.16581999997,360686.5775199999,192905.52354999993,427315.31205999973,215229.21332999988
2026-10-07T21:07:11.627461+00:00,obs-20261007-01,LIGHT,AVAXUSDT,1.0,11.232,11.233,11.2325,0.8903133903137572,10519910495,11.232,11.233,293,43,1115455.91312,468547.489,1081494.676299999,514585.6959900001,634.4539100000001,4131.2160300000005,167691.56925,123983.70437000002,341891.4245599999,193815.58933,463758.9974099998,251517.18100999997,612542.78832,462075.02445000014
2026-10-07T21:07:11.627461+00:00,obs-20261007-01,LIGHT,FILUSDT,1.0,1.0413,1.0414,1.04135,0.9603380389910932,9895388691,1.0413,1.0414,188,30,145087.33406300002,101830.90131499998,135101.78889399997,103064.60106300004,326.667516,1380.966209,84607.402219,90131.71718999998,157381.303426,152105.06684400004,270821.32285899995,208354.46074799995,334457.1419669998,244574.71133599998
2026-10-07T21:07:11.627461+00:00,obs-20261007-01,LIGHT,ALGOUSDT,1.0,0.1186,0.1187,0.11865,8.43170320404818,5664434066,0.1186,0.1187,117,1,80161.89249999999,17872.342699999997,81975.7133,24524.00580000001,0.0,293.4164,56940.6163,30732.079100000003,123860.29269999999,67477.8265,154276.86340000003,94565.21569999999,190805.44470000002,114931.95889999997
2026-10-07T21:07:11.627461+00:00,obs-20261007-01,LIGHT,XRPUSDT,1.0,1.4213,1.4214,1.42135,0.7035812284517107,26677697374,1.4213,1.4214,311,45,452406.9976699999,2448642.789440001,435068.06614999985,2390330.88453,1466.25773,19369.199210000002,761181.02986,961468.4119199999,1151229.4559800006,1470850.5645000003,3171768.5852500005,2325421.3938800013,4523235.507299998,2989548.867120002
2026-10-07T21:07:11.627461+00:00,obs-20261007-01,LIGHT,HBARUSDT,1.0,0.09323,0.09324,0.093235,1.0726161106955345,8393094846,0.09323,0.09324,228,29,215150.70034999997,108355.63449000003,190471.65148000003,132210.62605000002,2064.8173199999997,2853.1884900000005,143957.36484999998,120033.52649,270444.42387,208813.37291000003,428747.91714999994,347855.33035,814437.8263800001,715931.36932
2026-10-07T21:08:11.661676+00:00,obs-20261007-01,LIGHT,PEPEUSDT,1.0,4.08e-06,4.09e-06,4.085e-06,24.50980392156854,8827957667,4.08e-06,4.09e-06,75,14,18389.213690159995,115691.60294089999,54194.17978423,129088.85700201998,1125.10523496,960.1879624699998,113555.2814664,82909.22056448,305912.11919077,261470.19151337998,615563.69248444,541403.4792293699,1032891.40399536,842988.9058546299
2026-10-07T21:08:11.661676+00:00,obs-20261007-01,LIGHT,BNBUSDT,1.0,770.84,770.85,770.845,0.12972860775173345,20909933678,770.84,770.85,303,74,771341.2100399999,484795.02781,762287.2363399998,484870.60439999984,707.6742399999999,9282.902879999998,869468.3918100002,1051831.14604,1640704.1865500004,2429702.7992299986,3456834.894600001,4345414.48704,5938625.330940004,5608472.904690001
2026-10-07T21:08:11.661676+00:00,obs-20261007-01,LIGHT,AAVEUSDT,1.0,174.66,174.67,174.665,0.5725409366763579,10439514616,174.66,174.67,250,28,1833026.0004000003,137658.88666,1818785.73346,133516.92279999997,1284.6160399999999,876.22399,179923.62078000003,97600.47517000002,267865.2005900001,144813.99998,374919.23642,197314.92496999993,438432.6628599998,219422.8406899999
2026-10-07T21:08:11.661676+00:00,obs-20261007-01,LIGHT,AVAXUSDT,1.0,11.226,11.227,11.226500000000001,0.8907892392651107,10519912258,11.226,11.227,221,27,966779.6910000001,270507.0259999999,982425.3926100001,243321.65462,8949.13878,67.74589999999999,213913.83617999998,133507.20190999997,353480.45845999994,204796.46719999998,451256.1282699999,277795.66029,607720.6531200004,520430.86145000014
2026-10-07T21:08:11.661676+00:00,obs-20261007-01,LIGHT,FILUSDT,1.0,1.04,1.0401,1.04005,0.9615384615391243,9895390346,1.04,1.0401,190,37,231856.52847400008,174702.91953199994,279244.824403,146750.53419200002,672.982422,3170.848321,98020.10634499998,101440.148514,180303.83206400002,160718.21466499995,234584.26279799995,232222.36693499994,299170.06500099984,272113.671712
2026-10-07T21:08:11.661676+00:00,obs-20261007-01,LIGHT,ALGOUSDT,1.0,0.1185,0.1186,0.11854999999999999,8.438818565401629,5664434706,0.1185,0.1186,123,5,90624.70250000001,14689.488799999997,97657.21849999999,7802.366799999999,1801.6526000000001,31.3204,49411.569,24805.7958,118262.3193,68387.7737,154349.9824,98308.1867,186205.49760000003,113737.97489999999
2026-10-07T21:08:11.661676+00:00,obs-20261007-01,LIGHT,XRPUSDT,1.0,1.4213,1.4214,1.42135,0.7035812284517107,26677698894,1.4213,1.4214,311,33,623884.4492399998,4377597.137669999,658575.4145,4448710.491489999,3260.2419900000004,15616.361049999996,738363.4304400001,892682.0017599999,1116455.9758000004,1401664.3699000003,3137077.619990001,2254812.4014700013,4490630.921009999,2918939.874710002
2026-10-07T21:08:11.661676+00:00,obs-20261007-01,LIGHT,HBARUSDT,1.0,0.09327,0.09328,0.093275,1.0721561059279239,8393096612,0.09327,0.09328,240,23,931397.6671299998,694811.72126,923595.7955400001,684778.6602799997,2990.8995999999993,1296.81787,146216.69387000002,125429.14629,261566.62350999998,220412.73176,435618.81768,358828.21579000005,820607.02244,726019.1300500002
2026-10-07T21:09:11.662309+00:00,obs-20261007-01,LIGHT,PEPEUSDT,1.0,4.08e-06,4.09e-06,4.085e-06,24.50980392156854,8827957823,4.08e-06,4.09e-06,81,9,185882.53014597006,45200.88526478999,191057.77410411002,109734.90177443999,4.9999991999999995,685.08320454,107675.16007656,115023.11982437999,293316.6721231,270874.20865338,610388.4485263,476869.46271972,988215.7961411601,699783.577711
2026-10-07T21:09:11.662309+00:00,obs-20261007-01,LIGHT,BNBUSDT,1.0,770.75,770.76,770.755,0.1297437560809911,20909934971,770.75,770.76,267,30,316943.83110000007,367050.56070000015,307830.8715799999,345781.92011,6828.76369,4408.912799999999,921688.8057900002,1062219.7785500004,1630367.6744000004,2412415.297149999,3468534.763070001,4365285.729980001,5942021.8324700035,5632738.260190004
2026-10-07T21:09:11.662309+00:00,obs-20261007-01,LIGHT,AAVEUSDT,1.0,174.66,174.67,174.665,0.5725409366763579,10439516355,174.66,174.67,236,34,1507415.3310999998,152244.96192999996,1505251.54321,149679.71552,1349.4416400000002,11507.818340000002,201704.65623,100020.06264000003,273694.1507,142273.09112999996,377083.02430999983,199880.17137999993,437025.0865599997,221596.2013799999
2026-10-07T21:09:11.662309+00:00,obs-20261007-01,LIGHT,AVAXUSDT,1.0,11.24,11.241,11.2405,0.8896797153012947,10519916386,11.24,11.241,301,66,1656420.3245200003,572621.9972200003,1609753.7519799997,620656.14686,11106.959420000001,19400.330149999998,156505.64974999998,112201.50207,329871.13701,173682.83086000005,491264.41301,308997.7235000001,602850.9339100001,478016.6395800002
2026-10-07T21:09:11.662309+00:00,obs-20261007-01,LIGHT,FILUSDT,1.0,1.0409,1.041,1.04095,0.9607070804107387,9895392507,1.0409,1.041,240,60,215654.16948399995,222243.72469700009,187615.89556300006,248195.35192699998,1829.35646,4060.3086719999997,83572.16825699998,88062.82537,174804.45468099994,151997.42509200002,258929.03813699997,210203.87495999996,322202.97526499984,246391.52913599997
2026-10-07T21:09:11.662309+00:00,obs-20261007-01,LIGHT,ALGOUSDT,1.0,0.1185,0.1186,0.11854999999999999,8.438818565401629,5664435783,0.1185,0.1186,215,1,56267.19410000002,16393.036200000006,53546.7287,16814.907000000003,22.752,0.0,52026.9188,27080.6377,120698.4411,69772.0293,157070.4478,97886.31589999999,188926.08010000002,113316.01129999997
2026-10-07T21:09:11.662309+00:00,obs-20261007-01,LIGHT,XRPUSDT,1.0,1.4213,1.4214,1.42135,0.7035812284517107,26677699857,1.4213,1.4214,304,44,416049.1008400001,749427.3076599995,403182.81176000007,680493.9849599993,4654.430990000001,22649.87111,751173.2875400002,993634.5707699998,1129617.2865400002,1469173.8677500002,3149943.9090700005,2324250.015320001,4503699.647649999,2987873.127150002
2026-10-07T21:09:11.662309+00:00,obs-20261007-01,LIGHT,HBARUSDT,1.0,0.09324,0.09326,0.09325,2.1450021450020174,8393098496,0.09324,0.09326,249,25,377438.93517,588166.2744400002,388759.28435999993,466488.73803,1531.53974,4023.28845,139277.79320000001,133982.92252999998,217587.60034,230623.31173999998,425229.43954999984,369434.6566699999,809523.1158099999,736598.0941699999
2026-10-07T21:10:11.662324+00:00,obs-20261007-01,LIGHT,PEPEUSDT,1.0,4.08e-06,4.09e-06,4.085e-06,24.50980392156854,8827957896,4.08e-06,4.09e-06,45,7,3105.2729421800004,21532.441165010005,1141.53870682,16976.918191090004,0.0,573.09626015,107448.34197072,114349.24178833999,295295.78997981997,275753.83876353997,612352.18276166,481424.98569363996,990329.26807218,704339.10068492
2026-10-07T21:10:11.662324+00:00,obs-20261007-01,LIGHT,BNBUSDT,1.0,770.77,770.78,770.775,0.12974038948065925,20909935906,770.77,770.78,254,51,430701.92472,220787.02758,458926.8352600001,230807.45336000004,346.07194999999996,1569.29863,909376.4032300002,1059276.80468,1618977.9054800002,2389932.107219999,3440296.1175200003,4355419.441259999,5920026.648070003,5619358.940330001
2026-10-07T21:10:11.662324+00:00,obs-20261007-01,LIGHT,AAVEUSDT,1.0,174.78,174.79,174.785,0.5721478430031901,10439518020,174.78,174.79,142,50,896281.4636800002,177492.70430999997,888634.4240100001,177258.05206,7312.19607,11046.563110000001,171392.16455999995,95009.01524,251603.17426999993,141381.85251,376206.9258699999,200372.84176,447235.82465999975,225351.68117999996
2026-10-07T21:10:11.662324+00:00,obs-20261007-01,LIGHT,AVAXUSDT,1.0,11.249,11.25,11.249500000000001,0.8889679082590973,10519920482,11.249,11.25,324,82,1625562.3024800005,665217.3713100002,1654684.2565600001,639516.3779499999,20851.53469,8451.34569,178486.43855,110493.60383000001,354275.7977800001,207848.04975000003,461990.8292900002,335377.23673,572643.8549600005,503885.6265900001
2026-10-07T21:10:11.662324+00:00,obs-20261007-01,LIGHT,FILUSDT,1.0,1.0411,1.0412,1.04115,0.9605225242537152,9895392976,1.0411,1.0412,139,5,63744.046182000006,64129.42048899998,54987.713046,67788.261627,112.98969499999998,662.290131,92943.04138599997,88484.976559,168131.23761699992,150283.328152,267685.37127299985,206563.8651169999,330944.2864949998,242732.68799799992
2026-10-07T21:10:11.662324+00:00,obs-20261007-01,LIGHT,ALGOUSDT,1.0,0.1185,0.1186,0.11854999999999999,8.438818565401629,5664436116,0.1185,0.1186,94,1,8335.627599999998,11273.951900000002,9290.861799999997,9892.407600000002,191.259,0.0,50687.7062,28461.9353,119397.0525,71153.80249999999,156115.21360000002,99267.86019999997,187847.58890000006,114444.38479999996
2026-10-07T21:10:11.662324+00:00,obs-20261007-01,LIGHT,XRPUSDT,1.0,1.4212,1.4213,1.4212500000000001,0.7036307345908988,26677700558,1.4212,1.4213,277,51,252369.9587600001,247589.54471000005,286754.64983000007,176027.40592,30738.00602,15084.364950000003,757922.9493800001,1061352.2677999998,1103397.0432900004,1538402.2876700002,3118131.678220001,2392835.3577600014,4471157.48955,3059365.245430002
2026-10-07T21:10:11.662324+00:00,obs-20261007-01,LIGHT,HBARUSDT,1.0,0.09324,0.09325,0.093245,1.0725010725010087,8393099417,0.09324,0.09325,179,13,243487.97522000002,74394.01451999997,245533.78431999998,72647.46495000002,939.9588000000001,3791.83991,138195.89498,128061.15001000001,256045.66339,232369.84204999998,423183.63044999994,371181.2062399999,807485.8724899999,738344.64374
2026-10-07T21:11:11.666387+00:00,obs-20261007-01,LIGHT,PEPEUSDT,1.0,4.08e-06,4.09e-06,4.085e-06,24.50980392156854,8827958126,4.08e-06,4.09e-06,104,12,278501.29836963996,27640.342794030003,278387.37757923995,39400.32842139999,200.6065212,1553.3009934599997,107561.0548512,102602.06299957,295409.62610704,263993.80792617,612466.10355206,469665.00006627,978475.4764159198,706899.80049115
2026-10-07T21:11:11.666387+00:00,obs-20261007-01,LIGHT,BNBUSDT,1.0,770.61,770.62,770.615,0.129767327181618,20909937388,770.61,770.62,262,58,363686.5845900001,615855.7749900001,383002.99502000003,621963.8618299997,3633.3464200000003,706.0007200000002,913858.59578,1010520.98973,1606471.8102199996,2390783.759659999,3643309.3269799994,4242389.7565600015,5892526.385960006,5611456.942260003
2026-10-07T21:11:11.666387+00:00,obs-20261007-01,LIGHT,AAVEUSDT,1.0,174.59,174.6,174.595,0.5727704908631281,10439521082,174.59,174.6,294,68,1796859.2653099995,327673.2105500002,1893134.9592999993,319908.02744999994,22737.82469999999,7161.35901,140141.07144000003,99246.16397999998,206355.91169,140136.09387999997,288405.6606400002,204792.46236999994,360932.17468000005,229445.23984999993
2026-10-07T21:11:11.666387+00:00,obs-20261007-01,LIGHT,AVAXUSDT,1.0,11.247,11.248,11.247499999999999,0.8891259891519177,10519923274,11.247,11.248,281,42,1265460.5211399996,390411.19859000016,1279641.1058299998,390880.53971000016,1337.9209900000003,4563.79287,155934.68024000002,116281.03724999998,339196.2728600001,207045.96504000004,447856.0140200002,334270.82681,556664.4246600004,505419.80511000013
2026-10-07T21:11:11.666387+00:00,obs-20261007-01,LIGHT,FILUSDT,1.0,1.0411,1.0412,1.04115,0.9605225242537152,9895394079,1.0411,1.0412,177,23,157454.41581600002,97877.06512699998,167441.38072000004,97743.576768,1378.700568,1845.6715510000001,84337.70143,96372.786751,157172.57018199997,154489.13686500004,257698.40636899992,210740.95527999994,320966.9238189998,246909.30348499995
2026-10-07T21:11:11.666387+00:00,obs-20261007-01,LIGHT,ALGOUSDT,1.0,0.1185,0.1186,0.11854999999999999,8.438818565401629,5664436734,0.1185,0.1186,90,4,114134.15870000001,21901.886799999997,116752.70910000001,19613.7431,1439.1825,42.778499999999994,34391.863,30494.5889,111586.17929999999,77431.5834,153496.66319999998,101556.00390000001,185680.3832,116732.2887
2026-10-07T21:11:11.666387+00:00,obs-20261007-01,LIGHT,XRPUSDT,1.0,1.4204,1.4205,1.4204500000000002,0.7040270346370114,26677702818,1.4204,1.4205,397,41,913715.8646899993,1099986.7425399993,1001613.0683200001,1143458.6176899998,6193.072480000001,39332.72645000001,758934.8823100002,964511.0490899999,1387986.6365399999,1330534.9124700003,3032815.37262,2326051.7352300016,4400175.1244399985,3012209.3149300017
2026-10-07T21:11:11.666387+00:00,obs-20261007-01,LIGHT,HBARUSDT,1.0,0.0932,0.09321,0.09320500000000001,1.072961373389525,8393100090,0.0932,0.09321,142,7,171137.12043000004,79144.58625000002,187302.03381999992,66395.94062,478.83132,43.62696,127190.67782000001,125549.21654,267167.25222,237437.11742999995,407028.4064599999,381900.54650000005,791745.76336,751084.5420100001
2026-10-07T21:12:11.672493+00:00,obs-20261007-01,LIGHT,PEPEUSDT,1.0,4.08e-06,4.09e-06,4.085e-06,24.50980392156854,8827958298,4.08e-06,4.09e-06,92,13,153292.16789437,33302.74623697,153543.65083571002,17358.857788739995,85.93282128,1369.1390992399997,92790.21183839999,122057.7072998,275835.93502773996,280541.4635944,612214.62061072,485608.88851449994,978193.1693868699,708523.00350578
2026-10-07T21:12:11.672493+00:00,obs-20261007-01,LIGHT,BNBUSDT,1.0,770.56,770.57,770.565,0.1297757475104966,20909939310,770.56,770.57,298,41,1111122.5252699996,501787.7904,1117995.9814799998,483855.0935300002,1145.9572000000003,1216.0891500000002,897222.7642600003,1007090.7818700003,1603332.3617999998,2407394.301039999,3636736.449879999,4257534.635920002,5896075.702410007,5585354.764270003
2026-10-07T21:12:11.672493+00:00,obs-20261007-01,LIGHT,AAVEUSDT,1.0,174.56,174.57,174.565,0.5728689275885657,10439522504,174.56,174.57,212,29,1151707.2746700002,205718.50368,1094376.66321,203648.73933999994,12257.45295,4412.553310000001,182565.56855000003,95996.27897999999,273030.1336699999,140329.29192999998,347535.9504499999,206807.74030999994,415628.7530999998,231225.83352999992
2026-10-07T21:12:11.672493+00:00,obs-20261007-01,LIGHT,AVAXUSDT,1.0,11.241,11.242,11.2415,0.8896005693448394,10519925113,11.241,11.242,232,22,1334661.5828099984,334052.8548199998,1352615.597839999,319321.49516000005,952.1449099999999,355.38807,151430.87774,122722.73682000002,310977.84618000005,191102.44493000006,432193.85140000016,348489.00716000004,540167.8629500003,518979.62688000005
2026-10-07T21:12:11.672493+00:00,obs-20261007-01,LIGHT,FILUSDT,1.0,1.0409,1.041,1.04095,0.9607070804107387,9895394427,1.0409,1.041,122,6,72147.51377299998,95617.15343299997,70856.78739999999,96491.976869,122.196549,131.56336299999998,86108.66370599999,90085.695545,174213.74560599995,150827.95600099998,258989.13274199993,209847.30054899995,322262.6542089999,246034.48004899995
2026-10-07T21:12:11.672493+00:00,obs-20261007-01,LIGHT,ALGOUSDT,1.0,0.1185,0.1186,0.11854999999999999,8.438818565401629,5664436882,0.1185,0.1186,71,0,48105.7133,8387.455500000002,50240.08370000002,8177.360599999999,0.0,0.0,34888.5213,34316.7208,111291.4161,77641.77110000001,151362.2928,101766.0988,183546.01280000003,116942.3836
2026-10-07T21:12:11.672493+00:00,obs-20261007-01,LIGHT,XRPUSDT,1.0,1.4203,1.4204,1.42035,0.7040766035348867,26677703505,1.4203,1.4204,254,31,260876.14057999998,266807.36902999994,335737.5906600001,274548.68717999995,13754.075689999998,6651.343530000002,713196.8922300003,988717.19705,1314389.71893,1349992.1599000003,2958097.49556,2318281.4381600013,4358242.031279998,3004313.7642600015
2026-10-07T21:12:11.672493+00:00,obs-20261007-01,LIGHT,HBARUSDT,1.0,0.09313,0.09314,0.093135,1.0737678513894622,8393102107,0.09313,0.09314,241,25,289968.01537000004,813896.7712500002,306537.78109000006,795606.17541,5664.271639999999,4541.3253,140267.51585000003,138686.88733,253272.27925000002,207150.11983,391602.26853,398469.9718200001,775592.8832100001,768244.8982100001
2026-10-07T21:13:11.672775+00:00,obs-20261007-01,LIGHT,PEPEUSDT,1.0,4.08e-06,4.09e-06,4.085e-06,24.50980392156854,8827958588,4.08e-06,4.09e-06,143,10,74647.74260499,129987.29850292999,37003.41772632,62519.378387150005,0.0,1668.8682625,98188.31956392,138014.90517945998,320993.09483788,283743.02114325995,649858.94548939,553076.80863028,1015840.25346762,840257.28618826
2026-10-07T21:13:11.672775+00:00,obs-20261007-01,LIGHT,BNBUSDT,1.0,770.71,770.72,770.715,0.1297504898079005,20909941295,770.71,770.72,233,50,737843.7040900002,427468.09577,714894.4503799998,503740.7621700002,842.2418399999999,6203.096240000001,893306.9900100002,1005232.18223,1615785.4937900002,2337117.8142299983,3437675.8461399986,4184534.717870001,5915744.970580004,5558519.782310004
2026-10-07T21:13:11.672775+00:00,obs-20261007-01,LIGHT,AAVEUSDT,1.0,174.59,174.6,174.595,0.5727704908631281,10439524779,174.59,174.6,213,40,1553284.4697999996,256951.48860999994,1577375.8290699997,256417.1403000001,8851.685939999996,8310.52532,132650.29629000003,92487.17720999998,224783.77788999994,132450.17407,319649.64627,207396.57502,382341.67751999985,232049.35249999998
2026-10-07T21:13:11.672775+00:00,obs-20261007-01,LIGHT,AVAXUSDT,1.0,11.248,11.249,11.2485,0.889046941678906,10519927679,11.248,11.249,269,42,1313124.1765200018,332536.44857,1292716.4292300001,341918.51582000026,9426.731190000002,4252.593620000001,152394.40151,125838.01986,316461.74339,207111.16997000002,450269.0998800001,340257.18801999994,558854.4420200003,510769.04592000006
2026-10-07T21:13:11.672775+00:00,obs-20261007-01,LIGHT,FILUSDT,1.0,1.0404,1.0405,1.0404499999999999,0.9611687812371983,9895395875,1.0404,1.0405,219,29,177331.854437,168523.75777000005,193049.5043079999,155111.61748699998,4739.780281,5862.042422,86645.263375,93506.84711300003,183314.56381999995,152312.64443000001,247265.13006299996,223208.728341,315517.9680389998,259390.91341000004
2026-10-07T21:13:11.672775+00:00,obs-20261007-01,LIGHT,ALGOUSDT,1.0,0.1184,0.1185,0.11845,8.445945945945166,5664437306,0.1184,0.1185,82,4,91579.38020000001,30715.459399999996,97054.15280000001,31438.321899999995,9.716999999999999,53.2432,33801.2586,28172.6579,91981.92689999999,68095.77119999999,148399.2651,99211.946,178824.50690000004,115938.30569999998
2026-10-07T21:13:11.672775+00:00,obs-20261007-01,LIGHT,XRPUSDT,1.0,1.4197,1.4198,1.41975,0.7043741635559542,26677705190,1.4197,1.4198,300,64,1166910.9019000002,1293985.2201899998,1202462.14783,1076654.1983699999,97983.98387,6479.93404,623721.8889400001,1089939.00819,1286002.96737,1553354.7594400002,2928390.75891,2531115.3248200007,4311658.108419999,3220994.996640002
2026-10-07T21:13:11.672775+00:00,obs-20261007-01,LIGHT,HBARUSDT,1.0,0.09313,0.09314,0.093135,1.0737678513894622,8393103010,0.09313,0.09314,159,8,237788.60747999998,254276.51963999998,237561.71948000003,255893.45032999996,680.0588600000001,2226.6398,127485.16343000002,137424.50374000001,238879.95709000004,245738.06978000002,391829.15653,396853.04113000014,775811.2129599999,766627.9675200001
2026-10-07T21:14:11.747556+00:00,obs-20261007-01,LIGHT,PEPEUSDT,1.0,4.08e-06,4.09e-06,4.085e-06,24.50980392156854,8827958878,4.08e-06,4.09e-06,143,9,40965.671345940005,190133.29773606002,41003.48111955,191113.54331203995,0.0,725.5683067599999,98641.55502576,137196.43459633,320955.28506427,273122.82118193,649821.1357157801,552096.5630543,1024738.5287047902,839282.06745748
2026-10-07T21:14:11.747556+00:00,obs-20261007-01,LIGHT,BNBUSDT,1.0,770.88,770.89,770.885,0.12972187629634035,20909943253,770.88,770.89,307,53,425127.11639000004,494263.8427200003,385977.7325300001,470423.9566600001,8110.076919999997,8409.21308,846737.7399599999,1029098.0054299998,1650841.3281800002,2406135.1160499994,3473553.87267,4316422.794,5947151.138290002,5585359.558870002
2026-10-07T21:14:11.747556+00:00,obs-20261007-01,LIGHT,AAVEUSDT,1.0,174.44,174.45,174.445,0.5732630130705907,10439528228,174.44,174.45,284,60,1601465.3288100013,435888.12325,1634069.0001799993,432979.49009999994,19059.736129999998,1259.82256,147352.16276999997,90117.91265000001,218431.09741999992,135572.69849000004,290874.8684500001,209453.14043999996,362048.38414999994,231059.56871999995
2026-10-07T21:14:11.747556+00:00,obs-20261007-01,LIGHT,AVAXUSDT,1.0,11.253,11.254,11.253499999999999,0.8886519150452798,10519931153,11.253,11.254,291,58,1496746.534089999,520952.4382600002,1528349.3264099993,530361.6141100003,44308.06184999999,46696.18974000001,151597.50386000003,109070.89261999998,311144.5380800001,202166.05147999994,417605.33647000004,330893.3534099999,517300.95795999985,503715.55286
2026-10-07T21:14:11.747556+00:00,obs-20261007-01,LIGHT,FILUSDT,1.0,1.0399,1.04,1.0399500000000002,0.9616309260507272,9895397684,1.0399,1.04,234,31,122120.80955399999,176837.74233900002,144680.36071900002,169375.972287,2143.037925,3435.213087,89967.379912,88525.689221,178851.30568599998,158256.222804,229956.74093799992,226788.07562900006,291708.5654149997,266677.53168600006
2026-10-07T21:14:11.747556+00:00,obs-20261007-01,LIGHT,ALGOUSDT,1.0,0.1184,0.1185,0.11845,8.445945945945166,5664437815,0.1184,0.1185,155,1,129576.06359999998,7578.325599999999,129696.45450000004,6711.847399999999,121.8336,0.0,35530.144400000005,29247.9479,103109.31760000001,70077.65699999999,148278.87420000002,100078.4242,178704.11600000007,116551.70209999998
2026-10-07T21:14:11.747556+00:00,obs-20261007-01,LIGHT,XRPUSDT,1.0,1.4201,1.4202,1.42015,0.7041757622694433,26677706422,1.4201,1.4202,311,40,638065.7120500003,400192.66816000006,472722.88401999994,561237.78588,1890.38391,16488.015749999995,809431.66687,1051688.3845700002,1301287.3129699996,1523898.2413800003,3092021.04722,2374948.6065,4474110.398499998,3060978.5262600007
2026-10-07T21:14:11.747556+00:00,obs-20261007-01,LIGHT,HBARUSDT,1.0,0.09313,0.09314,0.093135,1.0737678513894622,8393104555,0.09313,0.09314,214,21,414858.77327999985,218390.86851000003,419022.7023099999,220822.74834000008,2140.87818,3759.05221,122715.60783000001,136108.01562999998,234201.27941000008,243587.30283,387665.22750000004,394421.16130000015,771647.28309,764196.0876900001
2026-10-07T21:15:11.764391+00:00,obs-20261007-01,LIGHT,PEPEUSDT,1.0,4.08e-06,4.09e-06,4.085e-06,24.50980392156854,8827959267,4.08e-06,4.09e-06,171,11,30936.73711305,402272.6163305501,74838.61564434001,470948.73713333014,11.395248239999999,1330.45059087,93616.79945471999,122977.96354931999,277053.47023032,278353.01733142,605919.2571844901,483420.44225151994,981616.98304708,706339.584088
2026-10-07T21:15:11.764391+00:00,obs-20261007-01,LIGHT,BNBUSDT,1.0,770.82,770.83,770.825,0.12973197374144263,20909945267,770.82,770.83,335,47,793427.4916599998,531001.8224900002,815362.8372599998,525367.4828300001,3708.0896399999983,842.6098099999999,905748.50689,975878.1029299999,1635222.92917,2407988.9330299995,3452367.919379999,4321681.8618600005,5926912.926110002,5589700.348310003
2026-10-07T21:15:11.764391+00:00,obs-20261007-01,LIGHT,AAVEUSDT,1.0,174.34,174.35,174.345,0.5735918320515232,10439530119,174.34,174.35,228,80,1078518.2159200003,211513.12943,1084207.0549499993,209408.08299999998,15236.001449999998,8625.4766,130845.17947,78738.11856000002,223149.2178200001,137897.43067,288015.21793000016,204505.68106999988,362947.1806299999,228831.51375999986
2026-10-07T21:15:11.764391+00:00,obs-20261007-01,LIGHT,AVAXUSDT,1.0,11.252,11.253,11.252500000000001,0.888730892285583,10519933081,11.252,11.253,223,40,886570.5430899997,332447.18477,851661.64629,284502.21477999986,922.15495,2322.144329999999,145538.57705000002,118763.00274,321782.9512100001,207263.66257,453557.4942700001,378824.9115199999,551157.1697300003,551188.3033400004
2026-10-07T21:15:11.764391+00:00,obs-20261007-01,LIGHT,FILUSDT,1.0,1.0399,1.04,1.0399500000000002,0.9616309260507272,9895398356,1.0399,1.04,141,17,92491.573997,93211.40121200001,88822.29614300001,101499.574482,674.967954,1460.861282,93743.645406,80129.72963800002,182627.58010999998,150270.61646000005,233626.01879199996,218499.90235900012,295386.33325099974,258389.3664140001
2026-10-07T21:15:11.764391+00:00,obs-20261007-01,LIGHT,ALGOUSDT,1.0,0.1183,0.1184,0.11835000000000001,8.453085376163294,5664438324,0.1183,0.1184,91,3,75098.24909999997,31505.8397,81912.0956,24124.029899999998,60.265600000000006,9.7088,50298.664399999994,25904.705800000003,114570.4829,68650.58450000001,143984.7105,103390.84400000001,173184.94139999998,121337.4335
2026-10-07T21:15:11.764391+00:00,obs-20261007-01,LIGHT,XRPUSDT,1.0,1.4203,1.4204,1.42035,0.7040766035348867,26677707809,1.4203,1.4204,286,25,683304.10351,774414.2493499997,725262.2922800002,789255.3415200001,5211.37144,15028.86085,749749.5520799999,1045678.6125900003,1237607.8425999999,1512375.7610400005,3045925.2648900007,2360735.8564900006,4430837.448759998,3037108.902790001
2026-10-07T21:15:11.764391+00:00,obs-20261007-01,LIGHT,HBARUSDT,1.0,0.09311,0.09312,0.093115,1.0739984964014404,8393105347,0.09311,0.09312,155,6,114072.39720000004,114820.02619000002,102641.16297999996,111855.21448000001,2688.2786100000003,1785.1103999999998,150412.73009,129335.58739999999,247348.22856000002,200013.29773000002,399160.72202,396870.48496000015,783157.1825899999,767160.8994000001
2026-10-07T21:16:11.772925+00:00,obs-20261007-01,LIGHT,PEPEUSDT,1.0,4.08e-06,4.09e-06,4.085e-06,24.50980392156854,8827959421,4.08e-06,4.09e-06,90,11,11094.174483339999,19512.280253560006,13557.063329940001,19160.950054660003,25.1375532,1447.4461533499998,87598.82240471999,140141.33877272,274592.64865042997,278704.49448032,603456.3683378899,483771.77245041996,979144.6105442699,706690.9142869
2026-10-07T21:16:11.772925+00:00,obs-20261007-01,LIGHT,BNBUSDT,1.0,770.68,770.69,770.685,0.12975554056327,20909946757,770.68,770.69,253,49,639462.6358199999,550344.7903500001,676701.3973899998,523027.92176000006,3356.7158,827.8158300000002,877597.1672899999,1036644.3014500001,1603090.7992500002,2379414.959359999,3491713.243729999,4241276.772020002,5971982.1618500035,5604970.573330005
2026-10-07T21:16:11.772925+00:00,obs-20261007-01,LIGHT,AAVEUSDT,1.0,174.22,174.23,174.225,0.5739869130971798,10439532230,174.22,174.23,254,85,1346933.8687999998,171258.37157999995,1328179.3018600002,167374.27011999994,16333.663800000004,9047.13234,148019.46385999996,80447.43709000004,250563.22160999995,134540.90550000008,312549.2459600001,190993.98386,383863.41583999986,225475.92376999994
2026-10-07T21:16:11.772925+00:00,obs-20261007-01,LIGHT,AVAXUSDT,1.0,11.235,11.236,11.2355,0.8900756564322876,10519935153,11.235,11.236,254,33,1343208.2220599994,329663.02699000004,1348531.5215199993,297404.29540999985,2045.0596099999996,173.09624,186806.702,119371.28439999997,360933.18708,199311.28006999992,449078.3743900001,289862.4082699999,558681.9067300004,575153.84148
2026-10-07T21:16:11.772925+00:00,obs-20261007-01,LIGHT,FILUSDT,1.0,1.0383,1.0384,1.0383499999999999,0.9631127805054263,9895400782,1.0383,1.0384,264,61,250357.85162000003,294554.56387399975,280718.564613,263419.949973,3058.249177,2687.042399,99536.30929800001,88380.84321800002,183913.084308,148138.62820000004,211353.32145899997,223866.05455600008,295209.9579369999,286934.4609850001
2026-10-07T21:16:11.772925+00:00,obs-20261007-01,LIGHT,ALGOUSDT,1.0,0.1181,0.1182,0.11815,8.467400508043177,5664439855,0.1181,0.1182,200,6,97634.0873,55568.84129999998,107604.6371,46862.44689999998,307.0471,19.393,57487.2497,24669.174100000004,115589.9221,63722.0997,144280.4988,101443.9131,171292.9864,124953.8732
2026-10-07T21:16:11.772925+00:00,obs-20261007-01,LIGHT,XRPUSDT,1.0,1.4198,1.4199,1.4198499999999998,0.7043245527538211,26677709024,1.4198,1.4199,293,33,565515.3946300002,665054.0849400002,573260.3563000001,569054.1598300005,12412.388749999998,7158.943219999999,756269.11436,1098431.4576199998,1379373.10304,1478107.8069600002,3043743.9752200004,2452705.55684,4500211.515649999,3132563.7700400013
2026-10-07T21:16:11.772925+00:00,obs-20261007-01,LIGHT,HBARUSDT,1.0,0.09308,0.09309,0.093085,1.074344649765191,8393106969,0.09308,0.09309,194,15,360167.76988,734187.9550300002,368495.3918000002,726823.3872800001,1474.12118,2667.0050099999994,138281.54913999996,136862.08108,203381.0414,249241.05146000002,395051.27134000004,404210.4164300001,770705.8753000001,771356.6864900001
2026-10-07T21:17:11.779346+00:00,obs-20261007-01,LIGHT,PEPEUSDT,1.0,4.08e-06,4.09e-06,4.085e-06,24.50980392156854,8827959554,4.08e-06,4.09e-06,95,10,446.15131418,1607.8782259800003,2521.64930264,2539.2093722499994,2099.19999624,616.61875588,85304.48819544,139503.46465085,272298.31444115,277773.16333405,601380.87034943,482840.4413041499,977069.11255581,705759.5831406299
2026-10-07T21:17:11.779346+00:00,obs-20261007-01,LIGHT,BNBUSDT,1.0,770.57,770.58,770.575,0.12977406335545894,20909949457,770.57,770.58,333,82,1137554.78999,1751640.90763,1135302.14349,1774939.2555500008,72823.63990000001,19775.007239999995,875720.3130400003,962078.35849,1604801.2505000003,2404086.951589999,3641913.6267799987,4217116.017430001,5969889.656860003,5542667.803920001
2026-10-07T21:17:11.779346+00:00,obs-20261007-01,LIGHT,AAVEUSDT,1.0,174.22,174.23,174.225,0.5739869130971798,10439533297,174.22,174.23,224,10,718548.3507899996,72942.66436999998,759759.6984600001,73233.95460000001,451.92213,79.79357,106667.90378999998,80276.55543000004,213495.07721,134354.33105000007,271337.89829000004,190702.69363,332681.90226999985,225184.63353999992
2026-10-07T21:17:11.779346+00:00,obs-20261007-01,LIGHT,AVAXUSDT,1.0,11.225,11.226,11.2255,0.8908685968833652,10519936552,11.225,11.226,247,21,697762.6983699995,169893.12653999997,745488.1973400002,146045.92464999997,387.38455,405.72685,171884.33795,118352.49678999999,364357.84714,201690.93671,405120.85357000004,311439.16814,556953.91177,599622.9406000001
2026-10-07T21:17:11.779346+00:00,obs-20261007-01,LIGHT,FILUSDT,1.0,1.0379,1.038,1.03795,0.9634839579919507,9895401559,1.0379,1.038,157,10,48653.724038,90655.57585400001,55164.004110999995,83459.90187899997,141.61723600000002,549.77302,113169.88838399999,85652.56417499999,181116.880799,151020.667581,204894.65958399992,231049.02071100005,288713.2550959998,288558.808149
2026-10-07T21:17:11.779346+00:00,obs-20261007-01,LIGHT,ALGOUSDT,1.0,0.1181,0.1182,0.11815,8.467400508043177,5664440354,0.1181,0.1182,104,1,13314.5253,5192.2217,15641.493899999996,2799.3403999999996,66.8446,0.0,55630.825800000006,25999.3689,112808.14590000002,67341.872,141953.5302,103836.79440000001,169417.879,125468.1416
2026-10-07T21:17:11.779346+00:00,obs-20261007-01,LIGHT,XRPUSDT,1.0,1.42,1.4201,1.4200499999999998,0.7042253521127861,26677709798,1.42,1.4201,264,33,417593.92626000015,260423.49239999996,428201.6583,309509.6510699999,2328.33002,21068.490159999998,740177.41814,1080609.2314399995,1211925.9694399997,1557919.0131999997,3032453.1828900003,2407971.8644099995,4499097.6482799975,3083710.07708
2026-10-07T21:17:11.779346+00:00,obs-20261007-01,LIGHT,HBARUSDT,1.0,0.09307,0.09308,0.09307499999999999,1.0744600838075158,8393107871,0.09307,0.09308,147,10,80782.79237,105096.81267999999,82049.09524000001,102401.26957999996,6557.62845,4159.909180000001,145373.24272999997,145127.28519,242096.99678,257489.95140000005,393784.9684699999,406883.3971300002,769448.1182,774052.2295900002
2026-10-07T21:18:11.798109+00:00,obs-20261007-01,LIGHT,PEPEUSDT,1.0,4.08e-06,4.09e-06,4.085e-06,24.50980392156854,8827959756,4.08e-06,4.09e-06,106,9,6860.406824539999,204791.42678859,5175.6958789,206568.23261758994,7.4908187999999996,743.22382244,88852.59370368,138743.14448935,273982.38447928,275996.21055505,603065.58129507,481063.63547515,978753.82350145,703982.7773116301
2026-10-07T21:18:11.798109+00:00,obs-20261007-01,LIGHT,BNBUSDT,1.0,770.68,770.69,770.685,0.12975554056327,20909950850,770.68,770.69,257,40,421100.60983,426358.07548999996,393435.4064699999,426340.0607200001,7002.13446,4147.030850000001,888760.1446600002,1014973.5847899999,1592935.60658,2409891.244399999,3521631.093589997,4218011.227899999,6001633.437570002,5588042.018900001
2026-10-07T21:18:11.798109+00:00,obs-20261007-01,LIGHT,AAVEUSDT,1.0,174.2,174.21,174.20499999999998,0.5740528128606037,10439534481,174.2,174.21,193,29,566345.1616499999,91639.92013000001,556863.6017199999,78340.24269,11170.48107,1493.7435400000002,118895.6673,92148.32582000003,227521.02827999997,142766.20929000006,280982.96112,203681.06986,344118.8225999998,238478.44687999992
2026-10-07T21:18:11.798109+00:00,obs-20261007-01,LIGHT,AVAXUSDT,1.0,11.243,11.244,11.243500000000001,0.8894423196648127,10519939876,11.243,11.244,253,56,1486601.6705000005,379361.4641099998,1422890.2758399996,413141.0732199998,6897.99256,12475.692399999998,179834.12488,129693.73347999997,355706.5015,203075.41554000005,464317.52766,399977.46066000004,572148.3431400002,571506.8469500003
2026-10-07T21:18:11.798109+00:00,obs-20261007-01,LIGHT,FILUSDT,1.0,1.0376,1.0377,1.0376500000000002,0.9637625289138363,9895402508,1.0376,1.0377,184,18,65380.87949399999,206778.24986100002,72847.35703,187944.84494900002,256.5899160000001,211.808736,110231.046151,92664.437465,173773.35384499995,155144.65745900004,200913.47273199985,249859.49930200016,281407.89571299986,299139.9977160001
2026-10-07T21:18:11.798109+00:00,obs-20261007-01,LIGHT,ALGOUSDT,1.0,0.1181,0.1182,0.11815,8.467400508043177,5664441030,0.1181,0.1182,123,1,21779.0166,22495.816800000004,18285.309699999998,25416.122900000002,37.3196,0.0,58222.1316,25388.0187,116054.0214,65699.2871,145447.2371,100916.4883,172907.17409999997,122547.83549999999
2026-10-07T21:18:11.798109+00:00,obs-20261007-01,LIGHT,XRPUSDT,1.0,1.4202,1.4203,1.4202499999999998,0.7041261794116238,26677710752,1.4202,1.4203,300,30,316365.5159999999,336127.5509699999,289667.7241,376484.34894999984,7826.521639999999,13042.97986,740156.5870700004,1056885.00824,1235362.3932,1516602.8085900003,3054506.0254400005,2367770.1209500004,4525465.325989998,3044147.4952500006
2026-10-07T21:18:11.798109+00:00,obs-20261007-01,LIGHT,HBARUSDT,1.0,0.09313,0.09314,0.093135,1.0737678513894622,8393108812,0.09313,0.09314,175,8,517081.25954999996,151979.8914,496961.91452999983,179032.46379999988,393.01731,1238.05775,138844.20789000002,135542.87605,255132.33656999998,242592.34069999997,409299.8526500001,379878.02341000014,789442.9139900001,748898.8571900001
2026-10-07T21:19:11.798634+00:00,obs-20261007-01,LIGHT,PEPEUSDT,1.0,4.08e-06,4.09e-06,4.085e-06,24.50980392156854,8827959986,4.08e-06,4.09e-06,111,11,10020.16449581,577910.1761766603,5564.7271605,505453.87052878016,0.0,3789.02433562,93926.75762183999,137604.51144243,278656.43926967,283912.08952052996,607521.0186303799,553519.9411230299,1021394.97290992,839624.7950297099
2026-10-07T21:19:11.798634+00:00,obs-20261007-01,LIGHT,BNBUSDT,1.0,770.68,770.69,770.685,0.12975554056327,20909951745,770.68,770.69,205,23,119287.70816,231942.48606999998,126479.73777000004,197286.6173,117.91404,1619.9903800000002,880410.3661900003,1049629.4535599998,1585743.52058,2444547.1131699993,3514439.063979997,4252667.09667,5994441.407960002,5622697.887670002
2026-10-07T21:19:11.798634+00:00,obs-20261007-01,LIGHT,AAVEUSDT,1.0,174.25,174.26,174.255,0.5738880918215727,10439535640,174.25,174.26,178,31,459131.8431500001,106697.1829,380746.2408600001,111054.91408,5890.228700000001,14464.46934,191333.63872999998,92929.38523000003,282499.27520000003,143940.18292000005,359175.2162800001,204390.67682,422489.05013999995,235654.05059999993
2026-10-07T21:19:11.798634+00:00,obs-20261007-01,LIGHT,AVAXUSDT,1.0,11.245,11.246,11.2455,0.8892841262797546,10519942006,11.245,11.246,232,34,996070.0196400004,250124.39515000003,978134.2130399998,306346.34634,2961.4961000000003,4711.21853,190085.80182999998,119158.36439999998,364895.4872,212473.67968999996,482220.6032400001,344248.13346999994,604007.4730800004,515387.29085000005
2026-10-07T21:19:11.798634+00:00,obs-20261007-01,LIGHT,FILUSDT,1.0,1.0374,1.0375,1.0374500000000002,0.9639483323686804,9895403150,1.0374,1.0375,140,9,45047.45650399998,109385.74066799998,39357.86302,107468.03177700004,2918.663205,141.91342400000002,117258.57390299998,89724.97102700002,172436.03148799995,157590.60516800004,206738.19198499984,239920.76908300008,287089.81028099975,301016.5795070001
2026-10-07T21:19:11.798634+00:00,obs-20261007-01,LIGHT,ALGOUSDT,1.0,0.1181,0.1182,0.11815,8.467400508043177,5664441400,0.1181,0.1182,88,2,6894.909100000001,15335.6504,11754.645899999998,13695.013099999998,507.9481,167.4894,52353.492,27683.756999999998,111065.0346,67592.2439,140587.5003,102557.12560000001,168544.6936,124208.51280000001
2026-10-07T21:19:11.798634+00:00,obs-20261007-01,LIGHT,XRPUSDT,1.0,1.42,1.4201,1.4200499999999998,0.7042253521127861,26677711583,1.42,1.4201,273,23,572030.6298500003,187156.32186999996,598423.8386299999,316498.0113600001,6696.840649999998,7234.11847,742323.6177299998,1036042.9314099998,1216462.9471199994,1386893.1846299996,3032757.7660099994,2238273.37694,4499791.334119998,2914516.4632100007
2026-10-07T21:19:11.798634+00:00,obs-20261007-01,LIGHT,HBARUSDT,1.0,0.09307,0.09308,0.09307499999999999,1.0744600838075158,8393109513,0.09307,0.09308,128,6,108669.07600000003,118242.196,122929.32057999997,105326.56188,1117.6674699999999,368.81279,153994.84582999998,127284.51911000001,248964.21985999995,242168.09910000008,399644.06891,392746.4588500003,775298.67287,759915.2913100003
2026-10-07T21:20:11.799150+00:00,obs-20261007-01,LIGHT,PEPEUSDT,1.0,4.08e-06,4.09e-06,4.085e-06,24.50980392156854,8827960205,4.08e-06,4.09e-06,122,8,11160.8479739,6466.871954519998,11603.71204196,13562.214352749997,129.65035992,613.5,91681.3722456,137247.89349984,278215.19248001,280049.82469954,607078.15456232,546424.5987248,1020947.09637123,825815.5673413401
2026-10-07T21:20:11.799150+00:00,obs-20261007-01,LIGHT,BNBUSDT,1.0,770.68,770.69,770.685,0.12975554056327,20909952567,770.68,770.69,209,21,120147.40686000005,137730.87925,137927.63663000002,110217.38182,463.94935999999996,1312.48507,870735.8730400001,1033867.8458300001,1567963.29081,2457026.604199999,3496658.8342099967,4280180.594099998,5976661.188070002,5651056.8088099975
2026-10-07T21:20:11.799150+00:00,obs-20261007-01,LIGHT,AAVEUSDT,1.0,174.2,174.21,174.20499999999998,0.5740528128606037,10439536501,174.2,174.21,138,11,350380.3961699999,80062.55734,422719.0194899998,79425.00894999999,5887.16983,624.26098,122997.31113,91298.88042000006,231775.00378000006,141473.9116900001,287029.94009000005,199960.88707000006,350157.1958699999,234137.27781
2026-10-07T21:20:11.799150+00:00,obs-20261007-01,LIGHT,AVAXUSDT,1.0,11.242,11.243,11.2425,0.8895214374660121,10519945283,11.242,11.243,269,63,1532051.5722799997,481879.5956899998,1551519.5727899994,435202.7347,27798.513670000004,13723.63756,214149.3078300001,120749.22549000003,360241.63336,188752.5659,462314.06495,390418.85800999997,585745.1497600003,560914.5879300002
2026-10-07T21:20:11.799150+00:00,obs-20261007-01,LIGHT,FILUSDT,1.0,1.0366,1.0367,1.0366499999999998,0.9646922631678656,9895404320,1.0366,1.0367,161,13,105191.767156,208446.540093,123069.55032500002,197957.4558290001,1439.4004949999999,162.834104,90759.73493999998,79579.75325000001,157876.259791,149574.21230199997,198592.51385099997,246693.75609199997,266360.357775,300797.6589779999
2026-10-07T21:20:11.799150+00:00,obs-20261007-01,LIGHT,ALGOUSDT,1.0,0.118,0.1181,0.11804999999999999,8.474576271186862,5664442064,0.118,0.1181,115,11,50979.983100000005,28052.8779,57853.85219999999,23174.5735,4157.116,624.4150000000001,54428.22900000001,26104.6352,104611.7522,67148.637,136110.5488,101751.38150000003,160020.27119999996,126542.32760000005
2026-10-07T21:20:11.799150+00:00,obs-20261007-01,LIGHT,XRPUSDT,1.0,1.4198,1.4199,1.4198499999999998,0.7043245527538211,26677712990,1.4198,1.4199,331,37,635437.3544000005,711831.48925,670869.5714000001,715250.6650200001,1146.6640499999999,36229.49986999999,700707.0377299999,1043512.8442099999,1338104.73641,1396507.6387999991,2998008.6093000006,2231006.5733299986,4464567.359729998,2910858.54514
2026-10-07T21:20:11.799150+00:00,obs-20261007-01,LIGHT,HBARUSDT,1.0,0.09304,0.09305,0.09304499999999999,1.0748065348242797,8393110372,0.09304,0.09305,139,7,115420.52169000002,131136.59200000003,127535.98564999999,124087.53843999996,1359.0505699999999,274.65011,132412.22995,125890.55263999998,250642.30887000007,248632.27085999993,399716.2266000001,398440.8599900001,763566.0924700001,766927.5159100002
2026-10-07T21:21:11.799462+00:00,obs-20261007-01,LIGHT,PEPEUSDT,1.0,4.08e-06,4.09e-06,4.085e-06,24.50980392156854,8827960374,4.08e-06,4.09e-06,97,13,31876.547792650003,7386.21660411,31008.18956817,80185.37463979002,8.66515296,11158.593682260003,85797.12880728,138527.95109846,272330.94904169,271791.22385626,607946.5127867999,473625.44068912003,984478.25613707,689432.41020982
2026-10-07T21:21:11.799462+00:00,obs-20261007-01,LIGHT,BNBUSDT,1.0,770.67,770.68,770.675,0.1297572242342504,20909953213,770.67,770.68,170,37,196065.89602999992,207361.30734000003,194294.14932000003,289435.08160000003,8015.06045,1105.1566099999995,850572.9794300001,1035207.9318099999,1609584.93788,2408094.9439199986,3498451.181109997,4197797.79901,5979068.20488,5592193.86503
2026-10-07T21:21:11.799462+00:00,obs-20261007-01,LIGHT,AAVEUSDT,1.0,174.16,174.17,174.165,0.5741846577844711,10439537104,174.16,174.17,131,12,299477.49013999983,63426.89261,307415.0797799999,63999.386450000005,5275.64192,1539.66884,139106.45835000003,94451.46368000004,238437.16965000003,139220.50399000006,279122.01357,196172.04557000002,342280.4084099998,233545.59614999997
2026-10-07T21:21:11.799462+00:00,obs-20261007-01,LIGHT,AVAXUSDT,1.0,11.241,11.242,11.2415,0.8896005693448394,10519946393,11.241,11.242,189,12,555947.5753300001,181981.26963999993,555576.33751,167127.45003999997,2429.4289000000003,33.84051,192384.13584,132138.21268,336496.86796,201806.55323999995,462737.05727,405267.56831,586124.1422200002,576788.3596100002
2026-10-07T21:21:11.799462+00:00,obs-20261007-01,LIGHT,FILUSDT,1.0,1.0371,1.0372,1.03715,0.9642271719223494,9895405105,1.0371,1.0372,180,14,73127.53691199994,86121.13801799997,56219.565748000015,94965.82985900002,1563.120988,1155.782744,96071.85232899999,77639.145143,172036.18268000003,152735.40552699997,208012.20797,241531.47847699997,283271.85913399997,294132.64584899996
2026-10-07T21:21:11.799462+00:00,obs-20261007-01,LIGHT,ALGOUSDT,1.0,0.118,0.1181,0.11804999999999999,8.474576271186862,5664442615,0.118,0.1181,103,1,23734.9092,15414.431699999997,15476.893100000003,18328.729199999998,0.0,1300.0448,62685.177299999996,19747.0055,111927.9491,64194.0535,144368.5649,98837.08400000002,167745.7327,123628.03010000003
2026-10-07T21:21:11.799462+00:00,obs-20261007-01,LIGHT,XRPUSDT,1.0,1.4198,1.4199,1.4198499999999998,0.7043245527538211,26677713872,1.4198,1.4199,330,48,362677.82284000015,338135.48417999997,347850.61851,325644.44891999994,3264.8300999999983,16580.45628,708679.1627499999,1055781.0424899997,1352965.05493,1409474.9026199994,3012835.8136300007,2243497.608589999,4479690.768159999,2923349.5804000003
2026-10-07T21:21:11.799462+00:00,obs-20261007-01,LIGHT,HBARUSDT,1.0,0.09307,0.09308,0.09307499999999999,1.0744600838075158,8393110791,0.09307,0.09308,90,18,45455.85216999999,50596.460569999996,29046.330770000004,49123.68984,0.0,4576.0129,142017.61805000002,137214.95259000003,247881.81194000007,252961.94085,403938.1263500001,401268.2831400002,779910.2576100003,768437.1156000003
2026-10-07T21:22:11.800500+00:00,obs-20261007-01,LIGHT,PEPEUSDT,1.0,4.08e-06,4.09e-06,4.085e-06,24.50980392156854,8827960487,4.08e-06,4.09e-06,70,14,5005.3046483200005,21723.141151649997,2827.10058995,21648.067639039997,7.32862248,2679.2767092,88802.89326935999,123430.30832637,274524.33122702,271866.15861886996,610124.71684517,473700.5142017299,985807.9465809199,686239.9628553599
2026-10-07T21:22:11.800500+00:00,obs-20261007-01,LIGHT,BNBUSDT,1.0,770.67,770.68,770.675,0.1297572242342504,20909953881,770.67,770.68,183,30,91371.88127000001,165658.80276000002,90020.48663000004,141336.45845,5832.430560000001,355.28347999999994,851890.57768,1033845.6522999998,1610910.22353,2432404.0941899987,3499802.575749997,4222120.143320001,5980802.94237,5616569.3901
2026-10-07T21:22:11.800500+00:00,obs-20261007-01,LIGHT,AAVEUSDT,1.0,174.2,174.21,174.20499999999998,0.5740528128606037,10439537697,174.2,174.21,117,5,587573.4882599999,70002.25624,579141.0362899998,72670.25756,383.15200000000004,2069.4911,121914.44377999999,90399.57331000004,230770.99091,138370.52427000005,287524.80241999996,196720.39191,350702.95831999974,230896.78264999995
2026-10-07T21:22:11.800500+00:00,obs-20261007-01,LIGHT,AVAXUSDT,1.0,11.245,11.246,11.2455,0.8892841262797546,10519947718,11.245,11.246,175,17,658655.86006,166322.13932000002,635059.12075,178156.20006000003,1287.50235,1106.52165,196828.98075999998,130752.21924999998,348447.16919,216538.30682999993,486244.3021100001,393944.75331999984,608117.1249200004,565083.8849500002
2026-10-07T21:22:11.800500+00:00,obs-20261007-01,LIGHT,FILUSDT,1.0,1.0377,1.0378,1.03775,0.963669654041599,9895405864,1.0377,1.0378,159,13,48217.513944000006,126239.18207599998,43708.838647000004,139093.49890000004,511.1243199999999,2783.803532,85544.481637,82932.84793299998,154121.83678500005,155416.65006599997,210141.92950800003,240567.28379199997,287674.5297109999,281483.2022549999
2026-10-07T21:22:11.800500+00:00,obs-20261007-01,LIGHT,ALGOUSDT,1.0,0.1181,0.1182,0.11815,8.467400508043177,5664443395,0.1181,0.1182,166,2,35582.39770000001,33406.262299999995,28939.227300000002,37865.2517,0.0,335.18129999999996,46961.8004,20741.0728,105299.99329999999,66349.5262,148614.81769999999,100062.14309999999,173086.85879999996,119443.03029999998
2026-10-07T21:22:11.800500+00:00,obs-20261007-01,LIGHT,XRPUSDT,1.0,1.4199,1.42,1.41995,0.7042749489394318,26677714714,1.4199,1.42,323,42,220584.22943,249280.31201,126787.51683000005,347205.22967,881.2848299999999,16777.50904,816480.0043299998,958437.7762099998,1289002.6292599994,1312456.4071799996,3106380.48422,2146707.3508499996,4546649.760139998,2825460.725410001
2026-10-07T21:22:11.800500+00:00,obs-20261007-01,LIGHT,HBARUSDT,1.0,0.09311,0.09312,0.093115,1.0739984964014404,8393111464,0.09311,0.09312,121,11,126794.78815999998,102121.40945000002,106685.49952,124554.41345000002,1168.12441,2789.51143,154712.6286,129690.05412999999,261938.5528800001,238151.99271999998,419507.2144500002,378882.47782000015,801462.1269800004,747903.3116000001
2026-10-07T21:23:11.807598+00:00,obs-20261007-01,LIGHT,PEPEUSDT,1.0,4.08e-06,4.09e-06,4.085e-06,24.50980392156854,8827960646,4.08e-06,4.09e-06,83,12,2375.23772593,136219.76700485995,4197.53204721,136196.05582621996,698.496,924.1523794299999,87752.73927048,123455.22045910999,272492.45576379,271889.88215751,608302.42252389,473724.2253803699,983835.91456398,689513.6449502099
2026-10-07T21:23:11.807598+00:00,obs-20261007-01,LIGHT,BNBUSDT,1.0,770.67,770.68,770.675,0.1297572242342504,20909954651,770.67,770.68,191,19,294524.64108000003,170691.07778999998,306637.99728000007,200388.96848,414.62046,1165.26816,839732.25076,1037795.92881,1598751.89661,2410696.0944999987,3487689.2195499963,4192422.2526300033,5968504.586169999,5586871.4994100025
2026-10-07T21:23:11.807598+00:00,obs-20261007-01,LIGHT,AAVEUSDT,1.0,174.19,174.2,174.195,0.5740857684122247,10439538239,174.19,174.2,117,5,463920.29783,57813.48788000001,480625.93263999996,55283.85821,254.8466,84.66606,105179.51692000001,93263.72532000004,228476.77462,140269.72755000007,270848.83073,199250.02158000003,333993.4826699997,233070.17527999997
2026-10-07T21:23:11.807598+00:00,obs-20261007-01,LIGHT,AVAXUSDT,1.0,11.24,11.241,11.2405,0.8896797153012947,10519948812,11.24,11.241,174,19,637387.4470100004,147096.75806999995,664458.6866100002,130133.00049,5254.72455,1208.85781,185045.80103,140491.43561000002,357066.49481999996,206888.80269000004,459267.56502999994,410397.26515,582581.7740900003,581901.6600700001
2026-10-07T21:23:11.807598+00:00,obs-20261007-01,LIGHT,FILUSDT,1.0,1.038,1.0381,1.0380500000000001,0.9633911368012171,9895406283,1.038,1.0381,140,6,36053.775051000004,104557.68193900002,30777.593375000008,103159.58336799992,0.0,1195.896089,89099.14086899998,101666.04435999999,168135.49642900002,165187.218515,211922.7500200001,241988.308684,292431.637694,282920.32819399994
2026-10-07T21:23:11.807598+00:00,obs-20261007-01,LIGHT,ALGOUSDT,1.0,0.1181,0.1182,0.11815,8.467400508043177,5664444274,0.1181,0.1182,149,4,63021.22449999999,51697.209399999985,65344.688799999996,52388.98109999998,56.9724,539.4648,57093.0309,25035.668700000002,115380.3577,63887.376500000006,146291.35339999996,99370.3714,171029.89369999996,121021.7586
2026-10-07T21:23:11.807598+00:00,obs-20261007-01,LIGHT,XRPUSDT,1.0,1.42,1.4201,1.4200499999999998,0.7042253521127861,26677715567,1.42,1.4201,296,40,265608.08303999994,242216.25102,238585.97675000006,433815.39656,5189.877929999999,16601.8383,843868.94152,800505.1235900003,1316045.0938799996,1120873.7996200004,3132971.57223,1958325.9764300005,4578581.715759997,2634057.98291
2026-10-07T21:23:11.807598+00:00,obs-20261007-01,LIGHT,HBARUSDT,1.0,0.09305,0.09306,0.093055,1.0746910263303988,8393112492,0.09305,0.09306,165,25,113041.52961,182418.55392999997,133200.41858,159188.74524000008,2418.2498,4327.551010000001,144931.88611,130707.81860999997,263816.93302,252015.19865999994,415092.8587899999,400710.4354100001,781404.3032800001,769197.0913300002
2026-10-07T21:24:11.813660+00:00,obs-20261007-01,LIGHT,PEPEUSDT,1.0,4.08e-06,4.09e-06,4.085e-06,24.50980392156854,8827960873,4.08e-06,4.09e-06,150,9,1029.7154716500002,38919.67484570997,697.0701297599999,38895.05490676996,0.0,641.1353938000001,87581.38813224,138008.82973395,272825.10110568,271885.78956924996,608635.06786578,473748.84531930997,983399.9063994699,689538.2648891499
2026-10-07T21:24:11.813660+00:00,obs-20261007-01,LIGHT,BNBUSDT,1.0,770.65,770.66,770.655,0.12976059170721754,20909955284,770.65,770.66,152,33,135063.55254000006,222322.87136999992,132707.54728000003,207170.38254999998,8006.4801400000015,4178.62636,859729.2632899999,1052885.04728,1603265.7130899997,2421961.2637799988,3490247.4092099965,4207552.947090002,5970908.22188,5602001.977370002
2026-10-07T21:24:11.813660+00:00,obs-20261007-01,LIGHT,AAVEUSDT,1.0,174.13,174.14,174.135,0.5742835812316827,10439538981,174.13,174.14,149,16,270492.7508,66880.50736999999,265915.6483600001,66009.56834,5593.7837899999995,1983.52983,135395.93449999997,91963.13100000004,235579.29635999998,141428.07448000007,277757.6786299999,194246.24223000006,338581.7224099997,234308.96875
2026-10-07T21:24:11.813660+00:00,obs-20261007-01,LIGHT,AVAXUSDT,1.0,11.238,11.239,11.2385,0.889838049475955,10519949567,11.238,11.239,180,12,432866.0475299998,84234.13799999996,436822.0612899998,84711.68637999997,83.28974,2339.74985,193307.80626000004,142958.98344,366620.35907999997,207976.09993,455344.04211,332858.34531999996,578745.5451600003,576783.2208300001
2026-10-07T21:24:11.813660+00:00,obs-20261007-01,LIGHT,FILUSDT,1.0,1.038,1.0382,1.0381,1.9267822736024343,9895406853,1.038,1.0382,120,8,36251.76647499999,74393.22195,30328.106743,65288.969112,1036.3614779999998,2078.2357859999997,87400.38134699999,113716.97068499998,174041.60086800004,175798.40201600004,217846.4097520001,251092.56152200006,298571.1406280001,292083.57774400007
2026-10-07T21:24:11.813660+00:00,obs-20261007-01,LIGHT,ALGOUSDT,1.0,0.1181,0.1182,0.11815,8.467400508043177,5664444773,0.1181,0.1182,110,0,32538.469899999993,20980.87219999999,40582.284600000006,13749.3045,0.0,0.0,49609.6523,29315.1826,107740.6255,72315.9847,138247.5387,106601.9391,164135.97220000002,127174.9055
2026-10-07T21:24:11.813660+00:00,obs-20261007-01,LIGHT,XRPUSDT,1.0,1.4206,1.4207,1.4206500000000002,0.7039279177800672,26677716924,1.4206,1.4207,327,39,732863.6806499995,643380.3413799998,588964.9978100001,784073.4307499999,7376.85886,16708.044360000004,913427.7869400001,711328.1811500002,1412252.4769300008,1019340.9594100007,3271261.8852100004,1818474.1923500004,4707913.780459997,2497535.36007
2026-10-07T21:24:11.813660+00:00,obs-20261007-01,LIGHT,HBARUSDT,1.0,0.09306,0.09307,0.09306500000000001,1.0745755426611048,8393113254,0.09306,0.09307,159,19,86667.67860999997,85436.63113000002,85587.34373000002,91753.91454000001,1456.96028,3397.17866,145575.85243000003,131129.69465000002,264891.7155000001,249903.74059000003,405290.8902,395103.5284200001,782450.8897200002,762916.6368800002
2026-10-07T21:25:11.826396+00:00,obs-20261007-01,LIGHT,PEPEUSDT,1.0,4.08e-06,4.09e-06,4.085e-06,24.50980392156854,8827961005,4.08e-06,4.09e-06,73,8,125663.73168164001,5786.45763415,118674.01296683002,6058.790521430001,29.92664904,618.3722370400001,84936.28052112,137912.12453877,275246.07226241997,271613.60363197,615624.78658059,473476.51243203,980684.8865971,689265.93200187
2026-10-07T21:25:11.826396+00:00,obs-20261007-01,LIGHT,BNBUSDT,1.0,770.5,770.51,770.505,0.1297858533422236,20909956970,770.5,770.51,202,32,823637.2889000002,774844.1919099996,866823.7184800003,780676.7614,1206.7316399999997,779.03508,837639.2634100004,1009548.32408,1481725.8928499997,2416560.2594999983,3595006.3904899973,4118316.2200000025,5935026.807050004,5551036.4863100005
2026-10-07T21:25:11.826396+00:00,obs-20261007-01,LIGHT,AAVEUSDT,1.0,173.77,173.78,173.775,0.5754733268115153,10439541311,173.77,173.78,266,60,924818.2306099995,334313.6820100001,903887.8747100002,319588.2546399999,22262.727140000003,59.9541,186188.76159999997,79517.793,266327.41086,134438.73101000005,333139.62839999987,194940.2130800001,396253.92097999976,230998.37957000008
2026-10-07T21:25:11.826396+00:00,obs-20261007-01,LIGHT,AVAXUSDT,1.0,11.211,11.212,11.211500000000001,0.8919810900009928,10519952428,11.211,11.212,292,49,1056570.94656,558795.4013500003,1175496.4421700004,517408.29534999985,5493.428950000001,3652.9865600000003,138698.17092000003,103273.73748,297288.32300000003,208994.01081999997,400879.25278,308524.61744000006,646810.8757099997,594104.1184400002
2026-10-07T21:25:11.826396+00:00,obs-20261007-01,LIGHT,FILUSDT,1.0,1.037,1.0371,1.0370499999999998,0.9643201542908209,9895407996,1.037,1.0371,178,9,118472.70012499999,188116.78891800003,149110.413946,173518.325217,3889.733182,0.0,83692.897394,104649.97735900003,156430.45094399998,166529.41289500004,193078.00644199995,253770.40333800003,268249.477053,306506.157542
2026-10-07T21:25:11.826396+00:00,obs-20261007-01,LIGHT,ALGOUSDT,1.0,0.1181,0.1182,0.11815,8.467400508043177,5664445227,0.1181,0.1182,144,0,51339.6086,43042.10629999999,50658.25250000002,37953.7013,0.0,0.0,34377.354699999996,35213.92050000001,96719.56989999999,81258.9956,138928.8948,111690.34409999999,164788.79230000003,129992.81049999998
2026-10-07T21:25:11.826396+00:00,obs-20261007-01,LIGHT,XRPUSDT,1.0,1.4205,1.4206,1.42055,0.7039774727202186,26677718659,1.4205,1.4206,354,48,630838.20481,1091232.7796400008,715410.6062899999,1134485.1044900003,35671.720740000004,29482.604250000004,835144.6786100001,765362.4972000001,1353340.00838,1052538.8196000005,3186803.5427700006,1775196.7585000002,4625380.657239996,2451635.06082
2026-10-07T21:25:11.826396+00:00,obs-20261007-01,LIGHT,HBARUSDT,1.0,0.09303,0.09304,0.093035,1.0749220681494087,8393114489,0.09303,0.09304,174,12,130510.02342000001,144403.03060999996,147697.68531,135723.97607,1275.26569,1332.27472,133820.79153000002,138548.31099,244612.15865,208893.41328,399968.82066,403062.1517500001,765343.8451800002,771558.8624600002
2026-10-07T21:26:11.827374+00:00,obs-20261007-01,LIGHT,PEPEUSDT,1.0,4.07e-06,4.08e-06,4.075e-06,24.57002457002533,8827961543,4.07e-06,4.08e-06,128,36,149394.60168484,126403.56925691999,238982.88689407002,29485.04351329,50614.38060744,2353.08677426,138302.04387934,98905.96281216,354961.09100260003,227349.57690431998,659092.1878861601,469593.35568497994,1058095.3030380702,836261.1797059999
2026-10-07T21:26:11.827374+00:00,obs-20261007-01,LIGHT,BNBUSDT,1.0,770.5,770.51,770.505,0.1297858533422236,20909957727,770.5,770.51,204,29,205616.73626000006,399475.9152000002,369805.91922,558965.1853599999,114.034,473.09314000000006,673449.9175000002,852332.5011499999,1317536.7483199995,2258863.1167899985,3430817.2075299956,3958826.949840002,5770837.634100004,5391565.985830001
2026-10-07T21:26:11.827374+00:00,obs-20261007-01,LIGHT,AAVEUSDT,1.0,173.73,173.74,173.735,0.575605825132719,10439542387,173.73,173.74,209,41,678305.7884699999,167251.7243,726406.6644700002,170151.19896,11282.565570000002,6176.68164,141460.47422,72471.62730999998,211250.63694000003,131168.47524,298658.12490999995,188320.4537900001,348208.53562999994,223120.03296000004
2026-10-07T21:26:11.827374+00:00,obs-20261007-01,LIGHT,AVAXUSDT,1.0,11.187,11.188,11.1875,0.893894699205422,10519955307,11.187,11.188,281,104,1108150.4805300005,503894.4869999999,1062409.0416300003,464396.57236000017,7882.48629,34104.57763,149376.37211999999,116870.56291,330909.42736000003,209621.81815,448442.4511000001,310914.5129599998,722419.2959999999,610767.2927599996
2026-10-07T21:26:11.827374+00:00,obs-20261007-01,LIGHT,FILUSDT,1.0,1.036,1.0362,1.0361,1.9305019305027038,9895409216,1.036,1.0362,197,39,125563.70884399995,153141.0251500001,130669.833041,133712.56254500005,4477.7582729999995,2440.5679980000004,89698.98975499999,106676.12234400002,151035.83838099995,164745.60039900005,195498.13180499992,260999.91252400004,278786.199481,307078.883924
2026-10-07T21:26:11.827374+00:00,obs-20261007-01,LIGHT,ALGOUSDT,1.0,0.118,0.1181,0.11804999999999999,8.474576271186862,5664445830,0.118,0.1181,169,3,33143.7221,41227.914600000004,44224.09729999999,45362.0928,9.6842,459.29089999999997,45235.01210000001,33072.6716,100994.00600000001,71507.61200000001,130245.55410000001,100046.58880000003,158934.07740000004,122435.35170000001
2026-10-07T21:26:11.827374+00:00,obs-20261007-01,LIGHT,XRPUSDT,1.0,1.4194,1.4195,1.4194499999999999,0.7045230379043588,26677721719,1.4194,1.4195,398,120,1096944.9945699996,1993729.3685400002,1346679.9670500003,1541964.6650599998,23953.93183999999,91215.22167000001,662741.3407,1121729.4301200002,1306174.23153,1376480.3823199996,2945614.2690800005,2222479.7275,4392974.246609996,2902601.466190002
2026-10-07T21:26:11.827374+00:00,obs-20261007-01,LIGHT,HBARUSDT,1.0,0.09288,0.09289,0.092885,1.0766580534027348,8393116473,0.09288,0.09289,222,18,547295.1142299998,1441964.2520899998,570734.6103200002,1436015.99632,1088.6445899999999,645.0845600000001,138319.31158,133534.25814000002,241518.67552,247619.21055000008,379140.09348,398029.90946,863547.45343,763721.7480499999
2026-10-07T21:27:11.864343+00:00,obs-20261007-01,LIGHT,PEPEUSDT,1.0,4.07e-06,4.08e-06,4.075e-06,24.57002457002533,8827961704,4.07e-06,4.08e-06,94,10,28897.212947279997,55068.87194888,29535.912032549993,33209.34064249999,0.0,1397.62171944,112381.07209989,115737.55139688,347401.23536309,249801.4556108,658453.48880089,491452.88699136,1078150.56739134,838994.43858014
2026-10-07T21:27:11.864343+00:00,obs-20261007-01,LIGHT,BNBUSDT,1.0,770.38,770.39,770.385,0.1298060697307868,20909958904,770.38,770.39,189,35,746851.7558200002,868752.0244400001,627889.35418,644234.3131,9440.61326,237.29975000000002,973392.6796700002,929123.4560900001,1527852.1412599997,2474333.5008699982,3550795.5422499985,4182030.3267300026,6127855.0339300055,5555711.106890004
2026-10-07T21:27:11.864343+00:00,obs-20261007-01,LIGHT,AAVEUSDT,1.0,173.65,173.66,173.655,0.575871004895312,10439543794,173.65,173.66,246,174,660714.15249,197264.16094,671077.5388000003,194478.16745000004,12044.837310000008,2022.8824299999997,114277.98573999996,73317.54962000002,195271.73816999997,129962.54433000005,288687.9794799998,193264.3954000001,323605.2019999999,222413.15305000005
2026-10-07T21:27:11.864343+00:00,obs-20261007-01,LIGHT,AVAXUSDT,1.0,11.179,11.18,11.1795,0.8945343948463247,10519958735,11.179,11.18,374,76,1273113.4242800002,887342.3062199994,1287205.1676400006,918755.7983899995,9930.396830000002,27459.652010000005,165958.14018999998,113729.37956,311118.97047000006,189760.37589999998,441996.76832000003,279385.1236999998,699869.0832600001,550916.6642999997
2026-10-07T21:27:11.864343+00:00,obs-20261007-01,LIGHT,FILUSDT,1.0,1.0353,1.0355,1.0354,1.9318072056395685,9895410279,1.0353,1.0355,229,17,116641.01199499996,196672.80867900007,117431.67288599999,190474.55034099994,1156.482157,2020.877068,89540.285451,88765.21071799999,145507.99055200003,164231.096075,198217.48369499992,253966.60125700003,280948.786519,313037.490907
2026-10-07T21:27:11.864343+00:00,obs-20261007-01,LIGHT,ALGOUSDT,1.0,0.1179,0.118,0.11795,8.481764206953457,5664446340,0.1179,0.118,137,6,58129.319100000015,40938.3622,58094.71219999999,30258.091099999998,4705.958,9.676,30017.229699999996,43661.2782,89493.4663,79579.1749,137415.3562,106821.51030000001,159217.14330000003,121987.22420000003
2026-10-07T21:27:11.864343+00:00,obs-20261007-01,LIGHT,XRPUSDT,1.0,1.4182,1.4183,1.41825,0.7051191651386013,26677725749,1.4182,1.4183,412,143,2255036.36647,2040536.33558,2163650.6800499996,2207349.241860001,170366.81354000003,203923.23326000007,575482.06975,875323.0386799999,1270139.05982,1236696.3774899996,3074210.20404,2054681.6117099992,4621092.851369994,2200675.963419998
2026-10-07T21:27:11.864343+00:00,obs-20261007-01,LIGHT,HBARUSDT,1.0,0.09278,0.09279,0.092785,1.077818495365257,8393117889,0.09278,0.09279,200,19,315115.81612000003,873645.6130200002,315561.87890999985,866902.9767600002,4180.36959,96.36931,132125.53433999998,127572.13542,237754.36257,198902.97110999998,392922.5001200001,397293.97183000005,865213.4538600001,767438.7485900002
2026-10-07T21:28:11.912413+00:00,obs-20261007-01,LIGHT,PEPEUSDT,1.0,4.07e-06,4.08e-06,4.075e-06,24.57002457002533,8827961978,4.07e-06,4.08e-06,92,9,10296.30608998,93514.66828558002,17873.480770660004,27989.511242810007,17.48706025,613.29225024,105691.97754764,138097.120272,342988.43492128,260974.345698,650876.31412021,556978.0440341299,1059235.77674352,842757.3546408
2026-10-07T21:28:11.912413+00:00,obs-20261007-01,LIGHT,BNBUSDT,1.0,770.34,770.35,770.345,0.12981280992807598,20909960000,770.34,770.35,311,22,427092.8557500002,255433.48806000003,399249.0106300001,263988.74824,298.13196999999997,332.79380000000003,975795.8962800001,917370.1788999999,1531974.0644299998,2375714.7605899987,3578923.863689998,4173312.4514100035,6146465.429360007,5524155.660120005
2026-10-07T21:28:11.912413+00:00,obs-20261007-01,LIGHT,AAVEUSDT,1.0,173.62,173.63,173.625,0.5759705103103308,10439544690,173.62,173.63,195,67,769317.0244800001,124739.70620000002,745232.8033700001,124212.23645,5382.604519999999,5389.0468,145750.01027999996,67242.12608,223011.34272,129300.75836,314692.9207099999,188310.75442,349512.7313099999,218547.00911999997
2026-10-07T21:28:11.912413+00:00,obs-20261007-01,LIGHT,AVAXUSDT,1.0,11.18,11.181,11.180499999999999,0.8944543828248719,10519960635,11.18,11.181,254,35,785419.86567,398998.54881,781918.5447500001,405022.66588,3466.52925,7884.39493,160235.29584999997,101936.14112999999,314797.42814999993,176729.52266000005,445498.08924,273372.5244699999,693757.31977,543752.8746899997
2026-10-07T21:28:11.912413+00:00,obs-20261007-01,LIGHT,FILUSDT,1.0,1.0341,1.0343,1.0342,1.9340489314378928,9895411857,1.0341,1.0343,248,46,172155.70681699997,321721.209649,196052.34826799994,299520.432164,9624.972450000007,812.4824729999999,77941.895313,80057.68639899998,139448.08340600005,155498.37413999997,182332.78020200002,255289.98978800006,265841.09816799994,317688.5985620001
2026-10-07T21:28:11.912413+00:00,obs-20261007-01,LIGHT,ALGOUSDT,1.0,0.1178,0.1179,0.11785000000000001,8.48896434634927,5664446921,0.1178,0.1179,111,5,31436.60450000001,21773.713799999994,28433.231199999995,20533.2847,34.662600000000005,2266.1558999999997,56271.7586,30030.6642,109333.9461,68320.9926,141661.3511,104927.8229,162062.16110000003,125933.43400000002
2026-10-07T21:28:11.912413+00:00,obs-20261007-01,LIGHT,XRPUSDT,1.0,1.4188,1.4189,1.41885,0.7048209754723089,26677727319,1.4188,1.4189,343,38,686256.9547999998,1065248.6720000003,564579.9158399997,1207907.6534799992,7088.78036,39513.9491,662701.56131,830453.56987,1201710.1999900003,1113397.0996200007,3179365.581880001,1913348.1982600002,4615918.557949996,2078593.5913400003
2026-10-07T21:28:11.912413+00:00,obs-20261007-01,LIGHT,HBARUSDT,1.0,0.09273,0.09274,0.09273500000000001,1.0783996549124097,8393119245,0.09273,0.09274,206,12,311674.6965399999,949994.6342299999,294019.7649099999,939714.4005299999,404.83151999999995,199.94909,155104.29527000003,128634.88836000001,256739.36503000002,236326.53495000006,411416.66737,403936.1073500001,884405.3348699999,775586.9643000003
2026-10-07T21:29:11.981023+00:00,obs-20261007-01,LIGHT,PEPEUSDT,1.0,4.07e-06,4.08e-06,4.075e-06,24.57002457002533,8827962189,4.07e-06,4.08e-06,89,13,107298.9464974,199562.86551726004,113663.47369572,196522.58424825,1136.82372683,1000.12267656,104956.14635429,137647.67637864,325828.05481205,254797.48962989,644511.78692189,560018.32530314,1110753.10823271,1214980.68107285
2026-10-07T21:29:11.981023+00:00,obs-20261007-01,LIGHT,BNBUSDT,1.0,770.33,770.34,770.335,0.12981449508675524,20909961016,770.33,770.34,261,30,722435.14197,708629.4932700002,1273538.4757599996,724842.03599,295.80865000000006,9132.43402,860460.0968400001,919288.3100800001,1373823.1730399996,2375389.089309999,3027892.218059996,4157099.9086900023,5825246.9865,5510223.048330004
2026-10-07T21:29:11.981023+00:00,obs-20261007-01,LIGHT,AAVEUSDT,1.0,173.61,173.62,173.615,0.5760036864232987,10439545272,173.61,173.62,151,7,536069.1977799999,36249.14676,521803.29636,32959.45914,773.6132100000001,2456.37576,116216.44845999996,69610.38777000002,170062.70059999995,126977.75628000003,328958.8221299998,191600.44204000005,363633.1877299998,221836.69674
2026-10-07T21:29:11.981023+00:00,obs-20261007-01,LIGHT,AVAXUSDT,1.0,11.173,11.174,11.1735,0.8950147677433407,10519962733,11.173,11.174,258,50,894345.6543399999,580098.7551699999,906621.2657999998,526218.22751,16407.07504,2778.48864,123187.22335999999,125924.19695999999,259602.60346000004,230061.41961,433577.6013,326792.71515999985,681334.0827299998,477385.7847799997
2026-10-07T21:29:11.981023+00:00,obs-20261007-01,LIGHT,FILUSDT,1.0,1.0343,1.0344,1.0343499999999999,0.9668374746207853,9895413015,1.0343,1.0344,233,27,191583.3019509999,251613.486797,172701.05774999995,258836.88865800004,1505.7305189999997,21743.95571,70947.076889,89788.79252700001,125911.73443500003,157554.45865599997,197644.982761,248071.66468299998,284086.20878899994,302706.69987099984
2026-10-07T21:29:11.981023+00:00,obs-20261007-01,LIGHT,ALGOUSDT,1.0,0.1179,0.118,0.11795,8.481764206953457,5664447458,0.1179,0.118,130,4,70525.21230000001,28553.945200000006,63422.61080000001,38248.4373,22.2831,560.7056,34428.6943,31411.2325,77863.5509,66516.86290000001,147829.5357,98367.44730000001,168531.46340000007,116291.24540000004
2026-10-07T21:29:11.981023+00:00,obs-20261007-01,LIGHT,XRPUSDT,1.0,1.4191,1.4192,1.4191500000000001,0.7046719751957475,26677728401,1.4191,1.4192,277,36,516600.9660400001,344707.43352999986,387157.99900000007,556542.6693600002,947.2341,55967.629250000005,780699.0620999999,633420.7050700001,1331337.22805,909253.5588700003,3308248.6009600004,1702054.0331799998,4728731.245339998,1881733.6819699998
2026-10-07T21:29:11.981023+00:00,obs-20261007-01,LIGHT,HBARUSDT,1.0,0.09269,0.0927,0.092695,1.0788650339854655,8393120066,0.09269,0.0927,182,8,506536.94477999996,357905.47263000015,513780.37956999993,361114.6380100001,367.80879,64.07502,125406.37295999998,110647.93349000001,208714.21076999995,189773.92797000005,408792.08743000013,397627.30197000015,878266.8513900001,771992.3643200004
2026-10-07T21:30:11.998911+00:00,obs-20261007-01,LIGHT,PEPEUSDT,1.0,4.07e-06,4.08e-06,4.075e-06,24.57002457002533,8827962386,4.07e-06,4.08e-06,93,7,42602.48151521,67792.42007585,28039.743876580003,68817.69819208002,122.1,612.0,104442.3168437,136652.88006455998,325563.97969306,253764.05355205998,659074.5245605201,558993.04718691,1124593.08568207,1213954.38824676
2026-10-07T21:30:11.998911+00:00,obs-20261007-01,LIGHT,BNBUSDT,1.0,770.33,770.34,770.335,0.12981449508675524,20909961832,770.33,770.34,273,27,332781.5952400002,405332.3426599999,183185.68972000005,386475.45234999986,656.32116,596.2431599999999,891504.51962,921276.46343,1405671.5040999996,2379810.2418199982,3177488.123579997,4175956.7990000015,6113013.6730200015,5524553.233420002
2026-10-07T21:30:11.998911+00:00,obs-20261007-01,LIGHT,AAVEUSDT,1.0,173.62,173.63,173.625,0.5759705103103308,10439545887,173.62,173.63,148,16,528828.4407499997,127830.54246000001,451926.81912000006,113997.73679000002,97.93291000000002,3659.8198499999994,207135.58665999997,84270.88562000002,254443.39053,145251.87237999996,405860.4437599998,203760.10710999992,440426.55691999977,233996.3618099999
2026-10-07T21:30:11.998911+00:00,obs-20261007-01,LIGHT,AVAXUSDT,1.0,11.173,11.174,11.1735,0.8950147677433407,10519964895,11.173,11.174,283,47,843343.4998499996,739844.7932599995,834601.5347299998,787774.1648499996,1974.1347799999999,21855.318839999993,131809.07024,86269.22298999998,268171.2310100001,184958.92962999997,442319.56642,278863.34356999974,690205.4919599997,430476.3792399995
2026-10-07T21:30:11.998911+00:00,obs-20261007-01,LIGHT,FILUSDT,1.0,1.034,1.0341,1.0340500000000001,0.9671179883952163,9895413992,1.034,1.0341,251,12,97659.22129799996,229444.40565499992,104533.60261999996,217550.710048,4473.320334,686.4915,69126.53644200001,88653.34727000001,131388.94318500004,156750.96704000002,194345.64946299998,259937.03446400008,279127.8104159999,314131.742865
2026-10-07T21:30:11.998911+00:00,obs-20261007-01,LIGHT,ALGOUSDT,1.0,0.1179,0.118,0.11795,8.481764206953457,5664448235,0.1179,0.118,164,0,30343.382800000003,24131.0374,32631.651700000017,25296.444799999997,0.0,0.0,33532.7704,30425.0834,87830.2836,65351.371,145541.26679999998,97202.0399,166685.3304,115125.83800000003
2026-10-07T21:30:11.998911+00:00,obs-20261007-01,LIGHT,XRPUSDT,1.0,1.4191,1.4192,1.4191500000000001,0.7046719751957475,26677729022,1.4191,1.4192,253,28,239575.76835000006,174281.62798000002,251976.8024,103873.39946000002,7666.9715700000015,25504.159359999998,768447.6075899999,703828.9707000002,1337330.34996,980751.4805900003,3295847.5669100005,1772462.2616999997,4714320.209139998,1952141.9104899997
2026-10-07T21:30:11.998911+00:00,obs-20261007-01,LIGHT,HBARUSDT,1.0,0.09268,0.09269,0.09268499999999999,1.0789814415179677,8393120939,0.09268,0.09269,147,20,286830.11986999994,330442.4839299999,320134.66868,352154.6958600001,1066.9783900000002,7225.968089999999,122931.16962999997,114650.50754,223083.80953,222169.83925000002,375487.53862000006,375272.38874,845007.9691800001,750280.1523900002
2026-10-07T21:31:12.013799+00:00,obs-20261007-01,LIGHT,PEPEUSDT,1.0,4.07e-06,4.08e-06,4.075e-06,24.57002457002533,8827962580,4.07e-06,4.08e-06,137,11,7882.7382973799995,19278.095413339994,8411.410524519999,13603.882048749998,0.0,903.57582912,104853.35743388,144301.1568888,324023.71974142,259457.51371065,658545.85233338,564667.2605515,1122643.60945372,1220238.92450223
2026-10-07T21:31:12.013799+00:00,obs-20261007-01,LIGHT,BNBUSDT,1.0,770.19,770.2,770.195,0.1298380919001474,20909963629,770.19,770.2,272,68,1094728.9305699996,1423227.94508,823729.35083,1439259.6103000005,1960.3891699999995,1451.86657,964647.9849700003,891908.8315999999,1603857.4729899992,2338942.321719999,3642480.4602299966,4143296.95924,6162925.142630004,5507913.696530002
2026-10-07T21:31:12.013799+00:00,obs-20261007-01,LIGHT,AAVEUSDT,1.0,173.35,173.37,173.36,1.1537352177670712,10439548859,173.35,173.37,270,70,721532.0398299996,411794.97388999973,810881.8132699997,408741.68807,7315.31957,1718.7571799999998,126792.07153000002,84510.81687,212904.88828999994,134084.61989,321683.1933899998,203104.46542000002,839001.90424,230337.66285999992
2026-10-07T21:31:12.013799+00:00,obs-20261007-01,LIGHT,AVAXUSDT,1.0,11.182,11.183,11.182500000000001,0.8942944017165111,10519969850,11.182,11.183,312,95,1606239.5711400004,794531.4803799996,1547315.9097799994,855895.19044,69146.55583,16189.655319999998,151581.98400000003,78676.14719999999,303817.7638000001,160890.04501,493977.78239999997,218423.92892000003,747672.7174,445666.2705300001
2026-10-07T21:31:12.013799+00:00,obs-20261007-01,LIGHT,FILUSDT,1.0,1.0335,1.0337,1.0336,1.9351717464921592,9895414962,1.0335,1.0337,214,24,127565.756316,175690.62495800006,132081.3671289999,166086.54503900002,2664.9378450000004,759.172474,85902.90119,97809.801462,130566.241079,161075.16599299997,190175.32587699997,261152.896176,280097.7106049999,315509.77233899984
2026-10-07T21:31:12.013799+00:00,obs-20261007-01,LIGHT,ALGOUSDT,1.0,0.1179,0.118,0.11795,8.481764206953457,5664448689,0.1179,0.118,118,0,90553.59679999997,14205.269999999999,94529.6493,9999.592200000001,0.0,0.0,26994.14,37394.2834,85152.9313,72004.4734,141565.2143,101407.71770000001,163141.37520000004,119331.51580000004
2026-10-07T21:31:12.013799+00:00,obs-20261007-01,LIGHT,XRPUSDT,1.0,1.4181,1.4182,1.4181499999999998,0.7051688879489149,26677731965,1.4181,1.4182,361,293,1171681.9781300002,1814150.4660299998,1429050.5003600004,1563135.4499099993,93839.43560999958,49945.910959999994,667079.66355,820518.5162899997,1397826.7084200005,1098551.76164,3056077.746960001,2022097.5515999994,4583589.621729998,2165731.7367499983
2026-10-07T21:31:12.013799+00:00,obs-20261007-01,LIGHT,HBARUSDT,1.0,0.09262,0.09263,0.092625,1.0796804145973837,8393122436,0.09262,0.09263,210,15,598167.65547,922537.8178899996,568216.9849300002,897668.87233,1242.6058399999997,3227.1194499999997,134527.72667,119978.96368000002,232483.81982,237492.27989999996,406024.86100000003,398260.79543999996,888529.46198,773179.3116
2026-10-07T21:32:12.041537+00:00,obs-20261007-01,LIGHT,PEPEUSDT,1.0,4.06e-06,4.07e-06,4.065e-06,24.630541871921707,8827963535,4.06e-06,4.07e-06,219,24,108718.50758665995,281310.89315036003,212115.31335754006,199802.35651774026,46753.53158179001,1431.8627488599998,168804.99149472002,101060.56852826,345162.53304612,236420.74176409998,722390.94655754,544715.30412329,1095234.82610955,1224236.96981306
2026-10-07T21:32:12.041537+00:00,obs-20261007-01,LIGHT,BNBUSDT,1.0,770.19,770.2,770.195,0.1298380919001474,20909964234,770.19,770.2,239,28,136161.53344999996,239734.06621999992,124030.36025999999,189010.37882999994,1533.44829,3941.1134,953302.3943600006,901865.83793,1595626.7102899996,2376299.476909999,3654611.633419997,4194020.6466300003,6167534.363310004,5556126.44513
2026-10-07T21:32:12.041537+00:00,obs-20261007-01,LIGHT,AAVEUSDT,1.0,173.18,173.19,173.185,0.5774338838193671,10439551851,173.18,173.19,326,212,877917.6572700005,520635.7248100002,876450.4374700004,506801.7505700002,36433.82197000006,10100.23248,141655.85478999998,78984.60873999998,233182.65046,125348.89230999995,325783.11163999996,212628.00818999996,845187.8221900002,243334.26934999993
2026-10-07T21:32:12.041537+00:00,obs-20261007-01,LIGHT,AVAXUSDT,1.0,11.181,11.182,11.1815,0.8943743851186348,10519971791,11.181,11.182,228,43,828723.2672499997,378686.8963100001,831671.7749399998,366236.97852999996,6408.062669999998,1754.46467,178395.81950999994,100823.44967,341682.51815,176276.04158999998,495938.5213299999,230404.69394000003,743936.1355399998,457972.7570200001
2026-10-07T21:32:12.041537+00:00,obs-20261007-01,LIGHT,FILUSDT,1.0,1.0335,1.0336,1.03355,0.9675858732460796,9895416442,1.0335,1.0336,255,49,95388.49188400005,196209.9160030001,88675.584864,189672.93965500005,3053.167593,8646.164109000001,81946.32071600002,106510.29186500005,128662.94462100003,167886.76849900003,196888.23289699998,267689.8725240001,289869.296343,322046.7486870001
2026-10-07T21:32:12.041537+00:00,obs-20261007-01,LIGHT,ALGOUSDT,1.0,0.1179,0.118,0.11795,8.481764206953457,5664448805,0.1179,0.118,45,0,25658.6487,3517.495499999999,26123.935900000008,5716.977600000001,0.0,0.0,37143.2819,34633.6905,98032.29690000002,69552.5252,141099.92710000003,99208.23560000001,162676.18120000005,117132.03370000004
2026-10-07T21:32:12.041537+00:00,obs-20261007-01,LIGHT,XRPUSDT,1.0,1.4174,1.4175,1.41745,0.7055171440661923,26677734357,1.4174,1.4175,393,85,951930.3857399997,1087093.2485500004,1045502.8338899999,1209445.2264499993,35158.64069999999,76233.64328999998,803097.11834,675530.6741599999,1447203.9459800008,974793.85567,2983618.9901700015,1898112.9294299996,4506968.964689998,2041201.2510999993
2026-10-07T21:32:12.041537+00:00,obs-20261007-01,LIGHT,HBARUSDT,1.0,0.09259,0.0926,0.09259500000000001,1.0800302408453533,8393123200,0.09259,0.0926,168,7,369564.15700999985,245792.11732000005,382346.91934999987,245661.3454600001,166.58983,499.9474,145979.54837,109078.21813999998,236059.06069000004,185891.00905999992,393255.11722,396935.75909999997,875769.20175,773254.6433499999
2026-10-07T21:33:12.063507+00:00,obs-20261007-01,LIGHT,PEPEUSDT,1.0,4.06e-06,4.07e-06,4.065e-06,24.630541871921707,8827963800,4.06e-06,4.07e-06,104,13,80579.03947910001,347074.90533774986,86843.99535419,323365.36132120003,2140.53543256,1107.66463918,101128.23535318,140373.07215019,340574.91156223,257786.85145699,716125.99068245,568424.84813984,1125191.9333940998,1228801.96647987
2026-10-07T21:33:12.063507+00:00,obs-20261007-01,LIGHT,BNBUSDT,1.0,769.96,769.97,769.965,0.12987687671994763,20909966432,769.96,769.97,314,66,1517005.9116899995,1789509.3160600008,1547544.3580200002,1833796.3796700002,5545.175450000001,14780.06823,982389.9246000001,944570.00098,1599731.552069999,1702022.6635799992,3714958.007309996,4145791.07159,6147979.466020005,5510530.966579999
2026-10-07T21:33:12.063507+00:00,obs-20261007-01,LIGHT,AAVEUSDT,1.0,172.96,172.97,172.965,0.5781683626260303,10439555065,172.96,172.97,360,121,695059.5310500002,366478.2333300001,696523.23322,366408.73455999966,23967.061520000003,4785.468419999999,141146.73559,79180.47628,261552.99668,125129.15002,328331.67569999973,210551.14294999998,849866.0632899997,240557.96323999995
2026-10-07T21:33:12.063507+00:00,obs-20261007-01,LIGHT,AVAXUSDT,1.0,11.168,11.169,11.1685,0.8954154727813801,10519973804,11.168,11.169,237,40,626577.3098200003,405288.2442400001,649413.10347,363429.97249000013,37551.33575000001,30270.92265,182786.36571,114706.48872000001,333626.7144700001,197091.84819000005,476877.34217999986,270788.47594,743660.6331899997,379335.1056299998
2026-10-07T21:33:12.063507+00:00,obs-20261007-01,LIGHT,FILUSDT,1.0,1.0341,1.0342,1.03415,0.9670244657189464,9895420015,1.0341,1.0342,358,112,530324.4609039999,386919.76877699984,456818.4961239999,477172.02427000005,53867.63153200001,63636.31560499999,97992.78659199999,55929.40514799999,177012.899153,127613.06509199998,276136.84930099995,181667.617229,370471.1911999998,235835.98379099995
2026-10-07T21:33:12.063507+00:00,obs-20261007-01,LIGHT,ALGOUSDT,1.0,0.1179,0.118,0.11795,8.481764206953457,5664449163,0.1179,0.118,106,1,52899.7351,15927.216999999991,55970.44549999999,11915.745199999996,31.479300000000002,0.0,24213.6479,39206.649,92657.4308,75042.565,138029.2167,103219.70740000001,160303.94380000004,121143.50550000004
2026-10-07T21:33:12.063507+00:00,obs-20261007-01,LIGHT,XRPUSDT,1.0,1.4166,1.4167,1.4166500000000002,0.7059155724964405,26677737863,1.4166,1.4167,410,203,1954066.2508900003,2845424.0116399983,1824406.6406300003,2852383.0063199983,45608.01532999997,51401.899269999994,844467.1087499998,730862.0222200002,2077303.4347999995,956114.9283500001,3119094.7986,1890699.4979000003,4661410.237109996,2029450.2571299993
2026-10-07T21:33:12.063507+00:00,obs-20261007-01,LIGHT,HBARUSDT,1.0,0.09251,0.09252,0.092515,1.080964220085967,8393125004,0.09251,0.09252,231,19,479458.36628999986,1027449.5270599999,477364.8061899998,1022743.7941899999,10420.944899999999,542.19406,154217.54911000002,112289.72127000001,253934.22759999998,182212.74771999998,407886.1212,392537.08355000004,878024.4694099999,771523.29801
2026-10-07T21:34:12.072858+00:00,obs-20261007-01,LIGHT,PEPEUSDT,1.0,4.06e-06,4.07e-06,4.065e-06,24.630541871921707,8827964679,4.06e-06,4.07e-06,282,16,103810.52310418003,483310.0513187798,113445.71929836001,481584.1359171293,24821.25953538,946.7605387899999,94667.00079214,145966.56599503,331558.06271148997,264149.20858038997,706490.79448827,570150.76354149,1116376.52603906,1235729.3061059
2026-10-07T21:34:12.072858+00:00,obs-20261007-01,LIGHT,BNBUSDT,1.0,769.83,769.84,769.835,0.12989880882718907,20909968134,769.83,769.84,304,67,1114049.7013400004,1189751.39901,1134357.7729600002,1339519.92857,17393.623479999987,3472.8332,898610.8131300004,961121.4855900003,1593283.7045499994,1742618.0254599997,3695581.3621699973,3994293.92494,6129688.423970007,5279412.478059999
2026-10-07T21:34:12.072858+00:00,obs-20261007-01,LIGHT,AAVEUSDT,1.0,172.85,172.86,172.85500000000002,0.578536303155186,10439557280,172.85,172.86,272,56,537948.1849599998,301923.84853000013,547289.9427800002,297959.0217999999,23985.054819999998,5803.936409999999,139542.84487999996,79848.30520999998,269071.46322999994,130164.68095999997,319215.0103499997,199233.40988999995,841374.9107499997,243983.00019999992
2026-10-07T21:34:12.072858+00:00,obs-20261007-01,LIGHT,AVAXUSDT,1.0,11.16,11.161,11.160499999999999,0.8960573476701761,10519976775,11.16,11.161,276,63,1203056.29568,456357.68471000006,1284879.0842099995,433298.2914500001,122599.97524,7527.9729,100860.43512,113316.15465000003,260058.39001000006,199883.14070000002,407830.8222199999,293622.22166,663421.9027299997,403372.7456399998
2026-10-07T21:34:12.072858+00:00,obs-20261007-01,LIGHT,FILUSDT,1.0,1.034,1.0341,1.0340500000000001,0.9671179883952163,9895421893,1.034,1.0341,275,47,243899.15628299993,176410.44569799985,253578.33504699994,170187.12970299996,699.999904,14017.269830000001,95469.67083900001,62087.81709299999,167163.85585500003,130260.92409699997,266462.676919,187875.267224,360821.52128799976,242053.79676299993
2026-10-07T21:34:12.072858+00:00,obs-20261007-01,LIGHT,ALGOUSDT,1.0,0.1179,0.118,0.11795,8.481764206953457,5664449502,0.1179,0.118,81,1,20446.0979,14018.676999999998,21389.1578,13672.776600000001,0.0,7.67,22776.0484,43375.941399999996,89814.1937,77852.01329999999,137086.1568,103565.6078,159263.8239,121384.6909
2026-10-07T21:34:12.072858+00:00,obs-20261007-01,LIGHT,XRPUSDT,1.0,1.4164,1.4165,1.4164500000000002,0.7060152499294148,26677739450,1.4164,1.4165,349,231,387823.0747200002,569594.6731199997,500094.21387999994,449203.9094300002,40761.04907999982,5411.620020000001,771596.6581999998,830042.68336,1993611.11185,1076395.78288,3006921.2619399996,2010935.1650100003,4557307.511669997,2149535.5148099987
2026-10-07T21:34:12.072858+00:00,obs-20261007-01,LIGHT,HBARUSDT,1.0,0.09249,0.0925,0.092495,1.0811979673475136,8393126719,0.09249,0.0925,236,23,679393.3170399996,853018.9329199991,706663.5078399994,880259.5186699994,3090.00411,4605.672699999999,146223.08797000002,109609.48257999998,219924.73854,210344.02399999995,380651.28028000006,364776.14678000007,851577.4814100001,743662.99032
2026-10-07T21:35:12.077435+00:00,obs-20261007-01,LIGHT,PEPEUSDT,1.0,4.06e-06,4.07e-06,4.065e-06,24.630541871921707,8827965592,4.06e-06,4.07e-06,268,20,132088.24302922,243161.37113455997,249595.59791190995,255370.61103727,17021.181924459997,630.4055397199999,8589.5717845,144767.9024033,248348.05617730002,262899.45945146,588983.4396055801,557941.52363878,1013930.4382206401,1223379.4436439301
2026-10-07T21:35:12.077435+00:00,obs-20261007-01,LIGHT,BNBUSDT,1.0,769.83,769.84,769.835,0.12989880882718907,20909969326,769.83,769.84,336,25,962245.4617600002,533100.8504599998,1143586.1100800002,383388.38768,6855.582369999999,1397.267,864430.1519200003,964434.0499900001,1522349.1555499989,1744264.7641399994,3514240.713849996,4144006.387719999,6131953.5353400055,5513495.35391
2026-10-07T21:35:12.077435+00:00,obs-20261007-01,LIGHT,AAVEUSDT,1.0,172.69,172.7,172.695,0.5790723261323016,10439559931,172.69,172.7,287,77,754718.7966300002,568523.9442999996,752612.2230100002,552177.7522399998,37768.34328000001,7564.202910000002,147700.67044,74780.67487999999,271725.45424,136634.91858,325421.46618999983,212729.99917000002,848053.1908399998,255226.05566999994
2026-10-07T21:35:12.077435+00:00,obs-20261007-01,LIGHT,AVAXUSDT,1.0,11.156,11.157,11.156500000000001,0.8963786303328725,10519979155,11.156,11.157,311,33,803601.71062,366571.45505,749456.17844,351650.41048,2546.4863800000003,8888.344610000002,147398.99821,119448.77756,328809.28518999997,216856.89560000002,461993.58615999983,308466.06296999985,717467.6222599997,416895.2643399997
2026-10-07T21:35:12.077435+00:00,obs-20261007-01,LIGHT,FILUSDT,1.0,1.0351,1.0353,1.0352000000000001,1.9321804656580177,9895423305,1.0351,1.0353,215,20,192208.5111469999,114389.959624,163674.06291099996,138644.00085,679.047313,2616.5541390000003,102608.925026,62843.82373799999,194373.475534,133896.37449499997,282279.48527,170968.64693899997,378144.2535129999,220857.103931
2026-10-07T21:35:12.077435+00:00,obs-20261007-01,LIGHT,ALGOUSDT,1.0,0.1179,0.118,0.11795,8.481764206953457,5664449902,0.1179,0.118,150,1,33186.37630000002,25924.342199999996,40744.6976,19834.269800000005,0.0,33.512,20069.8492,47363.466,82404.2335,82211.9742,129527.83549999999,109655.68019999997,152185.7275,127474.85659999998
2026-10-07T21:35:12.077435+00:00,obs-20261007-01,LIGHT,XRPUSDT,1.0,1.4156,1.4157,1.4156499999999999,0.7064142413115704,26677741760,1.4156,1.4157,334,179,1008621.0997999996,1330441.3113900002,1083454.7259499999,1550568.10033,75986.26354999989,8073.599410000001,724745.22215,624129.5808599999,2110559.0493500005,1101437.8801499999,2982083.4147900008,1786093.88948,4482455.843979998,1921751.144029999
2026-10-07T21:35:12.077435+00:00,obs-20261007-01,LIGHT,HBARUSDT,1.0,0.0925,0.09251,0.092505,1.0810810810801819,8393128545,0.0925,0.09251,282,14,742282.3370199997,381597.2402399999,716380.5862200005,356403.78242,2729.4954,1514.32664,151128.65007,124689.50336999999,245353.94185999996,230227.54002,406553.03108,390482.38698000007,877585.54586,768884.0926899998
2026-10-07T21:36:12.079512+00:00,obs-20261007-01,LIGHT,PEPEUSDT,1.0,4.06e-06,4.07e-06,4.065e-06,24.630541871921707,8827966574,4.06e-06,4.07e-06,227,20,251166.09375904003,301955.1752010299,186337.90930449002,322005.1072956201,4528.63767188,29619.1268978,98002.0047286,129341.57597779,305685.0407881,231319.93687362998,628784.17052593,537856.96805689,1020752.4933125199,1198466.5424973299
2026-10-07T21:36:12.079512+00:00,obs-20261007-01,LIGHT,BNBUSDT,1.0,769.87,769.88,769.875,0.12989205969926587,20909970182,769.87,769.88,259,34,237673.88345,352031.46452999994,234697.40385,346983.5356700002,5500.720789999999,4724.5509299999985,882348.4626500004,955806.2994700001,1526744.7669799996,1736495.0953799998,3516811.7279099976,4149105.63494,6136211.351800006,5513992.204310003
2026-10-07T21:36:12.079512+00:00,obs-20261007-01,LIGHT,AAVEUSDT,1.0,172.73,172.74,172.735,0.5789382272913812,10439561863,172.73,172.74,290,44,585089.2973500002,350379.57897000003,593579.7380599999,370403.69720000005,12179.015459999999,17317.10201,136336.43266,87261.33188000001,260820.54615999997,130267.56207,316391.36393999984,192891.82702000003,837119.1740799998,235194.93277999997
2026-10-07T21:36:12.079512+00:00,obs-20261007-01,LIGHT,AVAXUSDT,1.0,11.165,11.166,11.1655,0.8956560680717374,10519981704,11.165,11.166,299,63,1169611.1019900006,334888.16938999976,1107916.6903100002,355436.2790599999,1206.02536,18927.29581,188710.13207,135010.25123000005,361411.5453300001,233169.19660000005,510917.1616299999,288197.4562899999,779868.8617400002,396906.9050299998
2026-10-07T21:36:12.079512+00:00,obs-20261007-01,LIGHT,FILUSDT,1.0,1.0358,1.0359,1.03585,0.9654373431167151,9895424508,1.0358,1.0359,266,21,108858.608338,100657.83098999994,105800.18181999997,103128.42815499997,8327.927066999999,5797.747262000002,96755.982419,71294.44587899998,205432.18512299997,135265.371968,280116.98466300004,177607.893031,377522.529444,218605.62146200004
2026-10-07T21:36:12.079512+00:00,obs-20261007-01,LIGHT,ALGOUSDT,1.0,0.1179,0.118,0.11795,8.481764206953457,5664450341,0.1179,0.118,119,7,52632.18540000001,28184.547399999996,41798.164399999994,30653.4245,556.0692,400.97790000000003,23742.356,46136.0366,93410.6941,81466.499,140286.585,107186.80309999999,162541.61029999997,125015.9644
2026-10-07T21:36:12.079512+00:00,obs-20261007-01,LIGHT,XRPUSDT,1.0,1.4173,1.4174,1.4173499999999999,0.7055669230227046,26677746231,1.4173,1.4174,438,95,2881780.448149998,2774219.6014999994,2382466.6205400014,2972808.7034199988,17203.062540000003,100391.70185999996,986472.8753099999,664350.5520499999,1467704.1237600003,1077887.76413,3421315.1644500005,1595292.4656200004,4942497.821979996,1737267.8552599996
2026-10-07T21:36:12.079512+00:00,obs-20261007-01,LIGHT,HBARUSDT,1.0,0.09254,0.09256,0.09255,2.161227577264224,8393129527,0.09255,0.09256,207,12,254564.29445999998,201733.13682999997,233056.39437999995,223530.81224000003,0.0,3109.4997999999996,146804.87069,118634.96398999999,250391.40237999998,222542.01843000003,416646.83609999984,370684.80528000015,898881.2540699999,747193.90865
2026-10-07T21:37:12.190902+00:00,obs-20261007-01,LIGHT,PEPEUSDT,1.0,4.06e-06,4.07e-06,4.065e-06,24.630541871921707,8827966828,4.06e-06,4.07e-06,108,8,91531.79356037005,305688.36668230005,78698.15196288998,296496.07819689,3.36085176,1024.81854376,112451.60713486001,117141.70867828,318277.31206846004,240482.80107028,641617.81212341,547049.2565423,1034615.17445781,1213512.9092477101
2026-10-07T21:37:12.190902+00:00,obs-20261007-01,LIGHT,BNBUSDT,1.0,770.05,770.06,770.055,0.12986169729334307,20909971977,770.05,770.06,332,50,525716.1339299999,551164.1579800001,450012.16325000016,586499.0024500004,3080.7284299999997,7708.715580000002,946005.4777300004,1027366.2317100001,1584238.0236799994,1721272.9170299994,3591222.9190299967,4116302.7916900003,6210270.248610003,5484624.199310004
2026-10-07T21:37:12.190902+00:00,obs-20261007-01,LIGHT,AAVEUSDT,1.0,172.85,172.86,172.85500000000002,0.578536303155186,10439564259,172.85,172.86,258,63,1258741.5525200008,405694.90987,1243521.5802299997,395340.89992,10745.248289999998,19361.056439999993,134507.00811999998,75847.0204,267493.88107,137132.26339000004,327806.6848399999,204247.18617,846872.49943,245913.92057999992
2026-10-07T21:37:12.190902+00:00,obs-20261007-01,LIGHT,AVAXUSDT,1.0,11.175,11.176,11.1755,0.8948545861287016,10519983328,11.175,11.176,220,22,726255.7827399999,315368.48104,658819.9339700004,359344.83400000003,1186.83124,12890.80683,259060.27018000002,132876.42514999997,409113.73779000004,211391.19919999997,572675.9700400003,245282.08156000002,823753.6468800005,354853.6740800001
2026-10-07T21:37:12.190902+00:00,obs-20261007-01,LIGHT,FILUSDT,1.0,1.0367,1.0368,1.03675,0.9645992090279165,9895425485,1.0367,1.0368,167,13,104893.846744,105482.63771099997,92286.48209200006,108999.302061,8.418003999999998,2292.657715,96051.591304,73213.66383700001,179662.39054499997,131455.27768200004,292569.8456870001,178211.5827760001,376008.1100650001,219303.07666700022
2026-10-07T21:37:12.190902+00:00,obs-20261007-01,LIGHT,ALGOUSDT,1.0,0.1179,0.118,0.11795,8.481764206953457,5664450890,0.1179,0.118,129,8,43319.2796,34086.2485,35711.27300000001,33945.12950000002,5646.397900000001,1329.1476,38941.3539,41520.7765,102718.3757,80165.2834,147894.5916,107327.9221,169640.1614,125157.0834
2026-10-07T21:37:12.190902+00:00,obs-20261007-01,LIGHT,XRPUSDT,1.0,1.4165,1.4166,1.41655,0.7059654076946309,26677748044,1.4165,1.4166,347,58,716456.9297700004,1259298.9041900004,1008091.1404400001,1059691.0326899996,58292.54445000001,4131.19347,848837.26043,660042.8136100001,2271433.9761,870449.71135,3139692.6527100005,1794379.1141500003,4688071.560059996,1933125.6764099991
2026-10-07T21:37:12.190902+00:00,obs-20261007-01,LIGHT,HBARUSDT,1.0,0.09254,0.09255,0.09254499999999999,1.0806137886310019,8393132210,0.09254,0.09255,263,47,813977.91437,728381.6294699995,833943.5338699999,748135.4874199997,4037.995230000001,4928.072860000001,147296.94620999997,104950.73242000001,206873.31126999995,204588.48091,402033.3268500001,349120.9078800001,888561.3015800001,722383.1965399998
2026-10-07T21:38:12.198725+00:00,obs-20261007-01,LIGHT,PEPEUSDT,1.0,4.06e-06,4.07e-06,4.065e-06,24.630541871921707,8827967171,4.06e-06,4.07e-06,135,11,137402.8937437501,107511.43845568,182036.79733505,190465.48720557,234.09636012,1346.46293518,87719.96444638,135656.62502293,258251.59077448002,238424.13532861002,596983.90853211,464095.20779241004,990888.4860529599,1060893.4419735603
2026-10-07T21:38:12.198725+00:00,obs-20261007-01,LIGHT,BNBUSDT,1.0,769.95,769.96,769.955,0.12987856354396143,20909974128,769.95,769.96,344,37,502637.84612999996,727044.96365,571349.91078,686319.9360600002,2715.02049,1279.0006600000002,883982.6894100002,941312.74149,1530372.3582499998,1754337.1051599996,3523009.4003399983,4156135.0114499996,6143293.074200008,5520486.94799
2026-10-07T21:38:12.198725+00:00,obs-20261007-01,LIGHT,AAVEUSDT,1.0,172.71,172.72,172.715,0.5790052689480518,10439566327,172.71,172.72,251,82,587295.2821600001,304867.5631800002,592440.6547400001,304525.2803,14947.299669999999,7392.8502499999995,147502.96192,87201.34206000001,272947.22553,142136.58554,325364.32322,201591.22814000002,848060.3633,243659.76405999993
2026-10-07T21:38:12.198725+00:00,obs-20261007-01,LIGHT,AVAXUSDT,1.0,11.163,11.165,11.164,1.791633073544574,10519985519,11.163,11.165,224,52,952161.3953900001,232298.17698000005,1009066.2940300003,207932.99139000004,1617.9457300000006,236.45998000000003,203655.94517,117312.73813000001,376567.5209499999,206275.21013000002,521544.60444999964,268418.4871599999,788238.9244199997,378308.45420999976
2026-10-07T21:38:12.198725+00:00,obs-20261007-01,LIGHT,FILUSDT,1.0,1.0361,1.0362,1.0361500000000001,0.9651578033009756,9895426899,1.0361,1.0362,235,48,152325.72719200002,126913.21366299999,169229.2164,119681.56916799999,2043.9605929999998,93.556442,96545.47031,66452.967981,200434.05136100002,124411.63702599998,275810.85025100014,181600.86982800002,371481.74124900013,226399.8013160001
2026-10-07T21:38:12.198725+00:00,obs-20261007-01,LIGHT,ALGOUSDT,1.0,0.1179,0.118,0.11795,8.481764206953457,5664452324,0.1179,0.118,202,0,34604.406100000015,4669.582399999998,34304.35290000003,4547.3139,0.0,0.0,39456.1545,41999.975900000005,103254.4727,78032.2688,148194.6448,107450.1906,169950.2979,125289.3285
2026-10-07T21:38:12.198725+00:00,obs-20261007-01,LIGHT,XRPUSDT,1.0,1.4153,1.4154,1.41535,0.7065639793690792,26677751422,1.4153,1.4154,353,140,1892625.1206100008,2475088.7672200017,2018560.5088499999,2301499.6211300003,59799.29721000006,189495.16781999997,674818.2642999999,814264.2134400001,1920768.1645799999,1036622.4056900002,3071200.1048500007,1962651.9953299998,4576481.6854899945,2096538.851099999
2026-10-07T21:38:12.198725+00:00,obs-20261007-01,LIGHT,HBARUSDT,1.0,0.09243,0.09244,0.09243499999999999,1.0818998160755378,8393134676,0.09243,0.09244,274,34,688737.5076400002,952524.98287,717442.2161600001,946671.59421,2678.19753,3151.49812,145326.44993,108233.42499000001,235564.11031999998,199821.23057,391307.22338000004,352401.3705,868155.7606300001,723498.7296900001
2026-10-07T21:39:12.226396+00:00,obs-20261007-01,LIGHT,PEPEUSDT,1.0,4.06e-06,4.07e-06,4.065e-06,24.630541871921707,8827967531,4.06e-06,4.07e-06,149,15,28992.266556330007,343195.6612943199,16961.0919403,261781.41207591014,83.44044604000001,722.09697835,84879.5171406,137372.31541957,254913.87411285,250021.39585429,609015.08314814,545509.4570108199,1056484.18226215,1206771.59150641
2026-10-07T21:39:12.226396+00:00,obs-20261007-01,LIGHT,BNBUSDT,1.0,769.92,769.93,769.925,0.12988362427357458,20909975169,769.92,769.93,295,32,344551.63193000003,328243.99912000005,347378.8608000001,313588.94625,16349.05399,803.8117199999998,868994.0905600003,963932.70685,1521559.1474899994,1773307.1802999994,3520402.4563599974,4170562.99217,6137593.289710008,5539075.212569998
2026-10-07T21:39:12.226396+00:00,obs-20261007-01,LIGHT,AAVEUSDT,1.0,172.66,172.67,172.665,0.5791729410398183,10439567913,172.66,172.67,227,45,457013.20299999986,395786.8763600001,462537.47063999996,395770.6520700001,8861.940259999998,2956.5036800000003,138668.38583999997,61373.71817,261543.26326000004,118679.21621,322150.7154499999,194383.70506,833143.1982,242898.62530999992
2026-10-07T21:39:12.226396+00:00,obs-20261007-01,LIGHT,AVAXUSDT,1.0,11.132,11.134,11.133,1.7966223499832346,10519991885,11.132,11.134,300,278,1888995.5377899995,708549.1212900003,1943713.22173,687773.0774500002,39366.55804999981,31185.15846,197840.16259000002,113330.75495999999,393158.21563000005,194391.87398999993,495809.54613999993,288974.5393299998,740459.4841499996,383850.5406399996
2026-10-07T21:39:12.226396+00:00,obs-20261007-01,LIGHT,FILUSDT,1.0,1.0364,1.0366,1.0365,1.9297568506360108,9895427501,1.0364,1.0366,208,6,42908.09055099999,45511.705938000014,42323.507624,38791.07269800002,75.93874199999999,1814.304821,91274.308248,83425.987587,172115.856419,145406.966719,276261.2840170001,188353.83352000004,361811.0315380002,233418.3734570001
2026-10-07T21:39:12.226396+00:00,obs-20261007-01,LIGHT,ALGOUSDT,1.0,0.118,0.1181,0.11804999999999999,8.474576271186862,5664452790,0.118,0.1181,122,1,66905.1521,29964.415900000004,71347.19410000001,36872.5918,0.0,297.478,34958.1658,36761.4112,103207.2681,75136.3839,136295.39,104200.85870000001,165007.46150000003,118436.2709
2026-10-07T21:39:12.226396+00:00,obs-20261007-01,LIGHT,XRPUSDT,1.0,1.4157,1.4158,1.41575,0.7063643427285271,26677752905,1.4157,1.4158,321,41,417404.80423999997,525354.9441199999,323272.50517,458619.0192000002,2464.81925,119568.08857000002,707278.3968900003,889341.82437,1982932.6524800004,1380561.7414399998,3152585.4558100007,2030596.0315599996,4645028.202939997,2170532.0203299983
2026-10-07T21:39:12.226396+00:00,obs-20261007-01,LIGHT,HBARUSDT,1.0,0.09237,0.09238,0.092375,1.082602576594205,8393136310,0.09237,0.09238,245,18,541394.7318899998,316729.85582999996,533385.4479899999,274027.1446600001,4284.93565,2546.36736,122334.32383,133356.45169,246047.87939,236808.9605,401140.4288200001,392354.4484899999,877702.6074200002,765612.77827
2026-10-07T21:40:12.226627+00:00,obs-20261007-01,LIGHT,PEPEUSDT,1.0,4.06e-06,4.07e-06,4.065e-06,24.630541871921707,8827967859,4.06e-06,4.07e-06,122,13,29190.02756502,151659.29721832997,60746.431158759995,155460.86963789,7343.8469783,640.4700880599999,44983.32419,132745.08265568,220815.96226355003,243912.28829383999,577458.6795544,541707.88459126,1041857.0496515101,1203117.97976774
2026-10-07T21:40:12.226627+00:00,obs-20261007-01,LIGHT,BNBUSDT,1.0,769.6,769.61,769.605,0.12993762993795954,20909978050,769.6,769.61,299,71,1925699.2047400007,2313028.57436,2035765.8230399992,2462884.51702,20609.10592,1877.0339399999998,939056.1857000001,1012968.93531,1460447.6540199998,1631614.1231899986,3439598.6335299974,4017380.081329999,6042743.893450005,5307835.777219997
2026-10-07T21:40:12.226627+00:00,obs-20261007-01,LIGHT,AAVEUSDT,1.0,172.66,172.67,172.665,0.5791729410398183,10439569193,172.66,172.67,225,57,395978.73666000005,244185.07153000007,400730.7111999999,238685.95881999997,11710.026119999997,13464.933840000002,135599.25305,83053.76997000001,260304.06824000002,141489.82463000002,317398.7409099999,199882.81777000002,827997.20264,248397.73801999993
2026-10-07T21:40:12.226627+00:00,obs-20261007-01,LIGHT,AVAXUSDT,1.0,11.098,11.099,11.098500000000001,0.9010632546391228,10520003219,11.098,11.099,454,338,3321351.5780200004,1558846.1652999993,3350737.3189400015,1645122.0335100007,104253.63928999999,68731.63654000004,183898.92232999997,77342.81251999999,351545.2018899999,161046.94034000006,629192.6217499998,200566.55480000013,761975.2975499996,216014.73783000026
2026-10-07T21:40:12.226627+00:00,obs-20261007-01,LIGHT,FILUSDT,1.0,1.0369,1.037,1.03695,0.9644131545960555,9895428127,1.0369,1.037,154,10,115525.75929800003,51415.704767,98688.63289699997,68052.319127,263.504063,449.25482600000004,96261.122354,78764.95903299999,181993.120159,128490.33784599995,289561.3339570001,175532.25176700004,377631.88903600024,216285.9926780001
2026-10-07T21:40:12.226627+00:00,obs-20261007-01,LIGHT,ALGOUSDT,1.0,0.1179,0.118,0.11795,8.481764206953457,5664453160,0.1179,0.118,116,3,44709.83890000001,28533.206500000015,41246.2454,20330.524099999995,19.587999999999997,39.412,41256.973,38786.2598,103901.60199999998,77531.76740000001,147216.19629999998,108744.69710000002,169448.80049999998,126624.06030000004
2026-10-07T21:40:12.226627+00:00,obs-20261007-01,LIGHT,XRPUSDT,1.0,1.4153,1.4154,1.41535,0.7065639793690792,26677754213,1.4153,1.4154,326,59,385004.65872,612418.2189700006,412274.8164600001,640342.4246000003,20666.893679999997,10366.014629999998,734311.36714,822458.44604,1990404.20535,1074300.9033199998,3138062.246180001,2001463.7146199993,4571453.095589999,2134906.3359499983
2026-10-07T21:40:12.226627+00:00,obs-20261007-01,LIGHT,HBARUSDT,1.0,0.09232,0.09233,0.09232499999999999,1.0831889081441837,8393137360,0.09232,0.09233,197,12,543190.4233499997,780901.3155400002,584546.4800400002,782785.8543599998,912.94783,536.04423,99498.36202,116077.53381,177054.91480000003,215071.34934,360466.01331,388155.8274500001,869812.0741900001,770050.8156000001
2026-10-07T21:41:12.228625+00:00,obs-20261007-01,LIGHT,PEPEUSDT,1.0,4.05e-06,4.06e-06,4.055e-06,24.691358024691024,8827968347,4.05e-06,4.06e-06,174,17,203017.90734892,278600.6380286,298470.40891158994,234587.79495721997,11495.353084180002,812.34182269,112858.65652725,46200.87385886,286376.02875569003,178295.75163768,670021.84564333,460324.41715283995,1002473.5219632,795989.27166925
2026-10-07T21:41:12.228625+00:00,obs-20261007-01,LIGHT,BNBUSDT,1.0,769.38,769.39,769.385,0.12997478489262804,20909982269,769.38,769.39,395,146,2559154.8601499987,3114577.5884800013,2533701.7151,3048837.2910400005,31493.297979999992,42479.10208000002,856359.52623,864653.29566,1529383.6183299995,1574832.9819999984,3471341.7966999975,4072988.7680999995,6338409.591080004,5365611.724469997
2026-10-07T21:41:12.228625+00:00,obs-20261007-01,LIGHT,AAVEUSDT,1.0,172.61,172.62,172.615,0.5793407102716586,10439570059,172.61,172.62,189,19,481177.16752999974,191177.07667,479782.11302000005,195845.7365600001,3524.1941599999996,2263.88025,136699.63419000004,84864.58015000002,267221.58697000006,140168.27413,319346.34258,195070.8169800001,840810.2094200003,243457.20634
2026-10-07T21:41:12.228625+00:00,obs-20261007-01,LIGHT,AVAXUSDT,1.0,11.062,11.063,11.0625,0.9039956608214439,10520013197,11.062,11.063,474,382,2656852.0014899992,1072060.2065000006,2739849.6161,1090977.7108399998,70077.93702000011,26689.60301,146162.74435000002,86536.65929,345724.1572200001,133665.57241000005,584288.0092400003,165324.54862000007,696944.1804400003,184747.84290000028
2026-10-07T21:41:12.228625+00:00,obs-20261007-01,LIGHT,FILUSDT,1.0,1.0371,1.0372,1.03715,0.9642271719223494,9895429153,1.0371,1.0372,179,7,324691.29330599966,83487.68043800001,330164.7486609999,90834.19450900001,198.884667,4828.887627,69044.734243,72342.841342,174064.67499299996,124090.52342599999,284087.878602,168637.46110700004,372166.12599300017,208995.0281680001
2026-10-07T21:41:12.228625+00:00,obs-20261007-01,LIGHT,ALGOUSDT,1.0,0.1177,0.1178,0.11775,8.49617672047609,5664453901,0.1177,0.1178,114,5,138712.44460000002,46855.477,151772.4751,39741.4931,404.6779,144.175,28101.353299999995,31022.869400000003,85739.84649999999,69230.88820000002,137050.64429999999,105517.10790000003,161715.61349999998,128336.71910000002
2026-10-07T21:41:12.228625+00:00,obs-20261007-01,LIGHT,XRPUSDT,1.0,1.4153,1.4154,1.41535,0.7065639793690792,26677755314,1.4153,1.4154,277,38,527321.1732600001,355608.17577000015,547447.8015099999,330317.99958,5362.260129999998,36829.13657,724524.7347700001,847716.39733,1969859.72808,1099078.53945,3117902.551970002,2026753.8908099995,4552839.542439998,2159687.3460199987
2026-10-07T21:41:12.228625+00:00,obs-20261007-01,LIGHT,HBARUSDT,1.0,0.09225,0.09226,0.092255,1.0840108401088955,8393138674,0.09225,0.09226,203,18,464853.1539899999,810467.5979400005,448512.52166,794310.6072299996,2073.76556,4072.7065300000004,136494.66853,116858.55137000002,238324.47954999996,234474.06905000005,378309.48354999995,396587.151,869287.0969500004,764482.3437300003
2026-10-07T21:42:12.251968+00:00,obs-20261007-01,LIGHT,PEPEUSDT,1.0,4.06e-06,4.07e-06,4.065e-06,24.630541871921707,8827968833,4.06e-06,4.07e-06,179,17,209531.67983237,197356.59591634,121368.31100326001,248046.09864358997,257.63414043,16664.642601420004,56530.04012012,126462.11318367,236931.23579537,240670.59697887,560159.14345502,534756.97644379,970775.6446400901,1168760.54085068
2026-10-07T21:42:12.251968+00:00,obs-20261007-01,LIGHT,BNBUSDT,1.0,769.69,769.7,769.695,0.12992243630494116,20909984691,769.69,769.7,332,73,1259044.19714,1031647.2849900001,1250766.3562300005,1022219.1530999996,9555.45146,23641.05985000001,812581.23077,993496.1522199999,1504880.4125299996,1592356.7669199987,3472119.655139997,4197946.95362,6097638.560180006,5459993.9685799945
2026-10-07T21:42:12.251968+00:00,obs-20261007-01,LIGHT,AAVEUSDT,1.0,172.74,172.75,172.745,0.578904712282835,10439571115,172.74,172.75,148,23,642875.15802,194330.73617000005,591653.99477,201351.12437000006,161.75254,10043.705769999999,180266.16303,87697.57902000002,286986.1992899999,143221.65558000002,368894.24659999984,197460.85606,876357.63165,239003.9326299999
2026-10-07T21:42:12.251968+00:00,obs-20261007-01,LIGHT,AVAXUSDT,1.0,11.038,11.039,11.038499999999999,0.9059612248596416,10520027516,11.038,11.039,559,1227,3630049.7542500007,1378623.8837500012,3630784.3381299987,1317482.6206199992,126731.63358000066,94772.98373000005,157059.39292,81215.61937000001,454341.6958699999,203814.04855000004,629840.2733399998,225573.01046000008,716266.31904,240724.01636000027
2026-10-07T21:42:12.251968+00:00,obs-20261007-01,LIGHT,FILUSDT,1.0,1.0374,1.0376,1.0375,1.9278966647395812,9895430387,1.0374,1.0376,252,21,370052.86702899967,154513.921428,372175.6243109998,147234.95947799998,3539.5212870000005,679.4756450000001,88671.034866,80073.11502,167284.58472,129255.75090099996,281782.2848070001,179997.81121999997,367635.9676050001,217211.23004500003
2026-10-07T21:42:12.251968+00:00,obs-20261007-01,LIGHT,ALGOUSDT,1.0,0.1177,0.1178,0.11775,8.49617672047609,5664454031,0.1177,0.1178,69,0,12040.189900000001,15736.009199999997,11178.9408,13357.4384,0.0,0.0,33980.1471,37050.6079,86783.89,73371.3316,137911.8934,107895.6787,162576.9789,128806.73519999998
2026-10-07T21:42:12.251968+00:00,obs-20261007-01,LIGHT,XRPUSDT,1.0,1.4153,1.4154,1.41535,0.7065639793690792,26677756048,1.4153,1.4154,304,54,214137.77154000005,163035.44853999998,203462.07907000007,172720.36821,1271.7885800000001,36278.25893999997,748445.8827800001,839202.09601,1993869.36206,1091038.15258,3128578.2444400014,2017068.9711399996,4546670.236619999,2150002.4263499985
2026-10-07T21:42:12.251968+00:00,obs-20261007-01,LIGHT,HBARUSDT,1.0,0.0923,0.09231,0.092305,1.0834236186352264,8393140379,0.0923,0.09231,227,20,1055488.5756100002,610793.8479099995,1026143.3061099999,641366.9705400004,3803.9948799999997,3444.5255500000003,143975.53053,121976.06913999998,264367.0117,222348.38228,407213.8948899999,368562.8894700001,895171.9398900002,734441.0187700003
2026-10-07T21:43:12.259571+00:00,obs-20261007-01,LIGHT,PEPEUSDT,1.0,4.06e-06,4.07e-06,4.065e-06,24.630541871921707,8827969043,4.06e-06,4.07e-06,115,9,39398.20390700999,16312.455034100003,20276.372724160003,9544.983784930002,1.6584491000000001,630.4199963599999,88628.74605648,124788.65200813,257459.58113373,243233.13314269,579280.97463787,541524.44769296,973415.67140302,1166480.30720531
2026-10-07T21:43:12.259571+00:00,obs-20261007-01,LIGHT,BNBUSDT,1.0,769.68,769.69,769.685,0.1299241243124527,20909985440,769.68,769.69,229,25,224261.93521999993,233569.99028999993,168246.01271999994,215478.48224999994,12728.31769,2019.66813,857936.7956000002,1011297.8044099999,1560901.7970099999,1610427.8193799986,3528184.3449999974,4215985.59914,6151771.141020005,5478317.587489994
2026-10-07T21:43:12.259571+00:00,obs-20261007-01,LIGHT,AAVEUSDT,1.0,173.0,173.01,173.005,0.578034682079398,10439574498,173.0,173.01,294,64,1497051.181069999,502763.21382,1519575.48202,513820.22711000015,5834.41807,11243.469180000002,112639.53266000001,86071.65190999999,232632.26388,143749.87127999996,335745.9622999998,197750.40233999994,860942.6959799998,228505.21543999985
2026-10-07T21:43:12.259571+00:00,obs-20261007-01,LIGHT,AVAXUSDT,1.0,11.024,11.025,11.0245,0.907111756169865,10520034364,11.024,11.025,440,563,1589137.6056200005,822253.5539800001,1589203.6402000005,884406.7193800003,133706.5298,24316.458690000003,338559.95371,89364.69823,499117.5570799999,144608.70168000006,623430.8342699999,162225.98667,724022.3362800002,178780.91382000013
2026-10-07T21:43:12.259571+00:00,obs-20261007-01,LIGHT,FILUSDT,1.0,1.0373,1.0375,1.0374,1.9280825219314401,9895431033,1.0373,1.0375,150,10,60393.17814999996,53463.54852100001,56739.87702,53062.01097000001,2573.7980760000005,2829.175653,105523.50169099995,69158.900383,187590.83446299995,129154.55613099996,285565.64761000004,180399.348771,371001.0509650001,217160.63677000004
2026-10-07T21:43:12.259571+00:00,obs-20261007-01,LIGHT,ALGOUSDT,1.0,0.1177,0.1178,0.11775,8.49617672047609,5664454151,0.1177,0.1178,45,1,8772.062899999999,4285.0185,4139.3762,3336.2758999999996,7.1796999999999995,0.0,38416.013699999996,37683.5758,91532.3896,74319.9808,142544.5801,108844.4213,167209.66559999998,129755.66639999999
2026-10-07T21:43:12.259571+00:00,obs-20261007-01,LIGHT,XRPUSDT,1.0,1.4158,1.4159,1.4158499999999998,0.7063144511931796,26677757523,1.4158,1.4159,346,107,760517.2598700002,745986.73172,690300.0159700002,829719.4229099996,2547.72881,179971.99931,820873.1410400001,765526.2746700001,2032030.7527200002,1286328.8143399998,3185552.934470001,1938820.09102,4615366.62711,2074518.929699999
2026-10-07T21:43:12.259571+00:00,obs-20261007-01,LIGHT,HBARUSDT,1.0,0.09232,0.09234,0.09233,2.1663778162928082,8393141463,0.09232,0.09234,214,23,239942.02370999995,221302.23713999998,230707.04330999995,218360.27461000002,3521.3980500000002,3378.95872,153027.02032999997,127790.94303000001,257436.31010999996,223395.26797,416212.4234899999,373501.19942,904390.7972500002,738300.9498900002
2026-10-07T21:44:12.261783+00:00,obs-20261007-01,LIGHT,PEPEUSDT,1.0,4.05e-06,4.06e-06,4.055e-06,24.691358024691024,8827969843,4.05e-06,4.06e-06,188,15,432021.88337694,630162.9149001203,537107.9517061001,457916.33282175,4411.86503996,631.8543300700001,79983.77836995,126358.65048702,268937.55394711,229405.71427746,648844.55963259,516659.03457232995,1052455.06369853,837055.1092844799
2026-10-07T21:44:12.261783+00:00,obs-20261007-01,LIGHT,BNBUSDT,1.0,769.22,769.23,769.225,0.13000182002453897,20909990213,769.22,769.23,341,106,2374864.90598,2070328.9705400001,2630417.3037,1899191.9034400005,17958.35047000001,7632.898630000001,845683.9692299995,993390.4399799997,1583510.6513799988,1623940.4353199983,3284063.903329996,4237575.59849,6269838.631829999,5410839.674899995
2026-10-07T21:44:12.261783+00:00,obs-20261007-01,LIGHT,AAVEUSDT,1.0,172.6,172.62,172.61,1.1587485515640594,10439576726,172.6,172.62,285,87,598800.2021599999,422963.6139500001,617800.7375199998,404157.0520699999,17837.012589999995,1272.6375600000001,120179.02114999999,87306.95886000001,250680.68882999997,132891.24380000003,329072.0575499998,196082.6775000001,857748.9034099998,244003.21628000002
2026-10-07T21:44:12.261783+00:00,obs-20261007-01,LIGHT,AVAXUSDT,1.0,11.02,11.021,11.0205,0.9074410163356639,10520041273,11.02,11.021,433,481,1806370.8323000008,893066.1774599996,1781428.00511,841329.1636399999,50027.323460000065,36715.5842,350794.9881,124348.6974,524939.31278,193900.7059,657055.5841099999,213968.89056999993,748591.3688300002,229747.91439000005
2026-10-07T21:44:12.261783+00:00,obs-20261007-01,LIGHT,FILUSDT,1.0,1.0356,1.0358,1.0357,1.931247585940099,9895433055,1.0356,1.0358,264,43,376800.0863020001,164683.946892,434733.73675999994,140611.37539500004,788.892701,17590.90712,74466.528169,52827.29851400001,164821.90276300005,126288.269187,232937.63363199998,195813.32439500003,327389.29625600006,240999.1805790001
2026-10-07T21:44:12.261783+00:00,obs-20261007-01,LIGHT,ALGOUSDT,1.0,0.1176,0.1177,0.11765,8.503401360544505,5664454832,0.1176,0.1177,143,10,30743.492799999996,24853.12569999999,64345.3122,24617.191100000004,198.2068,39.564,26041.2439,31141.1525,83580.49309999999,76233.8939,114485.4812,103903.80660000001,135097.36359999998,128343.0626
2026-10-07T21:44:12.261783+00:00,obs-20261007-01,LIGHT,XRPUSDT,1.0,1.4129,1.413,1.41295,0.7077641729780204,26677781517,1.4129,1.413,452,2196,18234730.995920006,13079438.771119999,18858222.721459996,13573906.065220004,1570586.8823900032,637720.1769899991,1067851.9807099998,518248.31453999993,1640446.8660599994,756329.0434499998,3612526.2094400004,1445566.801179999,4253340.521279998,1580467.280309999
2026-10-07T21:44:12.261783+00:00,obs-20261007-01,LIGHT,HBARUSDT,1.0,0.09224,0.09226,0.09225,2.168256721595263,8393143739,0.09224,0.09226,276,23,762287.1436500002,1031980.0019699998,763908.9163000002,1041561.6351399992,2785.287959999999,2858.6824800000004,134662.86708000003,106103.12323,260301.05843000006,203852.74993000002,415375.36488,360305.75773,902218.0845600003,723384.5298
2026-10-07T21:45:12.266683+00:00,obs-20261007-01,LIGHT,PEPEUSDT,1.0,4.05e-06,4.06e-06,4.055e-06,24.691358024691024,8827970229,4.05e-06,4.06e-06,137,13,170771.35811494006,469883.0740771901,155820.87530659002,466850.22718078,2118.4040808,677.4983508999999,95912.75906865,111091.78851722,283556.93353013,238811.54740295,663795.0424409399,519691.88146874,1049039.53762609,847907.07766337
2026-10-07T21:45:12.266683+00:00,obs-20261007-01,LIGHT,BNBUSDT,1.0,769.39,769.4,769.395,0.12997309556839198,20909991961,769.39,769.4,268,53,791267.9181400003,638374.77581,761107.0265700001,425659.39486,12560.08915,4833.380990000001,798585.6477499999,1007876.7421099998,1528986.127379999,1644879.421419998,3310703.383459996,4484591.648839994,6055570.449070002,5627632.482019986
2026-10-07T21:45:12.266683+00:00,obs-20261007-01,LIGHT,AAVEUSDT,1.0,172.72,172.73,172.725,0.5789717461790467,10439577988,172.72,172.73,243,14,760124.4030399999,298920.64298000006,751501.8784599998,309398.38754,335.54468,2323.45778,144179.73617000005,80423.03913000003,271149.69406,134594.56542,334908.26874,192513.84643000003,855985.9399199997,233859.69572999995
2026-10-07T21:45:12.266683+00:00,obs-20261007-01,LIGHT,AVAXUSDT,1.0,11.042,11.043,11.0425,0.9056330374934696,10520047570,11.042,11.043,453,366,1713819.16828,685356.7554000003,1717066.1561899998,739051.45366,96380.8689900002,31458.505940000017,202965.15776,70104.18290999997,467980.53430000006,129403.96533999997,634374.8608400001,161895.90836999996,724498.4937,176686.03790000017
2026-10-07T21:45:12.266683+00:00,obs-20261007-01,LIGHT,FILUSDT,1.0,1.0359,1.036,1.0359500000000001,0.9653441451873412,9895433906,1.0359,1.036,255,6,245327.05817299994,69073.78616200002,222998.786994,70773.96324400001,590.434556,223.143915,93811.013237,68496.968862,166564.50268800004,128071.15849799999,253741.626715,194245.02247500003,346433.9360129998,239183.45515500006
2026-10-07T21:45:12.266683+00:00,obs-20261007-01,LIGHT,ALGOUSDT,1.0,0.1176,0.1177,0.11765,8.503401360544505,5664455678,0.1176,0.1177,178,0,69478.36629999997,22156.192199999998,38982.51159999999,27111.5446,0.0,0.0,38481.9468,25712.7276,103077.76309999998,71017.8804,144981.3359,98948.4542,164960.89979999998,123387.71019999999
2026-10-07T21:45:12.266683+00:00,obs-20261007-01,LIGHT,XRPUSDT,1.0,1.4132,1.4133,1.4132500000000001,0.7076139258410663,26677790163,1.4132,1.4133,544,290,4605962.854480005,5232978.569290004,4478448.285999999,4933167.482999996,56028.105390000004,122888.59924000001,1024006.44423,882368.5950500002,1984462.4343399997,1063347.9619599998,3700855.0478199995,1746527.7415099994,4259257.139149997,1882709.780519999
2026-10-07T21:45:12.266683+00:00,obs-20261007-01,LIGHT,HBARUSDT,1.0,0.09225,0.09226,0.092255,1.0840108401088955,8393144628,0.09225,0.09226,221,11,137627.32963999995,161473.55446,146616.80045999997,151769.88384,712.92296,2179.3044900000004,128907.62171000002,108985.9523,254196.8485,213546.09951,406278.48997999995,370009.42835,893959.8417600003,733088.20042
2026-10-07T21:46:12.269595+00:00,obs-20261007-01,LIGHT,PEPEUSDT,1.0,4.05e-06,4.06e-06,4.055e-06,24.691358024691024,8827970594,4.05e-06,4.06e-06,171,11,158098.80620032002,317504.50461771997,157264.89050098,316231.04769497004,2981.72944665,659.37358522,93794.9709888,111261.7921989,302189.29053532,242270.5506487,664628.95814028,520965.33839149,988416.64306007,844881.9620118999
2026-10-07T21:46:12.269595+00:00,obs-20261007-01,LIGHT,BNBUSDT,1.0,769.39,769.4,769.395,0.12997309556839198,20909993193,769.39,769.4,293,51,465090.8083500003,393537.85812000005,476593.4790000002,417554.03745999996,5588.84896,7178.501999999998,803068.0542099996,1006611.4320999996,1517483.507039999,1621676.043839998,3299200.7128099953,4460575.469499995,6043997.579230001,5603674.187379987
2026-10-07T21:46:12.269595+00:00,obs-20261007-01,LIGHT,AAVEUSDT,1.0,172.7,172.72,172.70999999999998,1.1580775911990138,10439578760,172.71,172.72,191,2,278747.6262899998,298381.13868999993,279401.8656399999,298731.51201,5408.03592,30.055019999999995,143452.17865,78887.27219999999,271521.28902,133942.76765999998,334507.60756,190175.96456,843108.6529699999,233499.8092299999
2026-10-07T21:46:12.269595+00:00,obs-20261007-01,LIGHT,AVAXUSDT,1.0,11.035,11.036,11.035499999999999,0.9062075215227061,10520052211,11.035,11.036,394,238,1400473.0223500002,799697.38678,1300040.9258199986,781122.6524899995,17185.10483999998,10641.279550000001,315043.6278700001,99388.40435,606054.6077200003,157912.17023999998,739686.2457100004,179250.95845999997,828205.8576900004,194904.80407000016
2026-10-07T21:46:12.269595+00:00,obs-20261007-01,LIGHT,FILUSDT,1.0,1.0376,1.0377,1.0376500000000002,0.9637625289138363,9895435599,1.0376,1.0377,269,24,567681.5371949999,129136.91127200003,531570.7354760001,155817.800676,759.7411319999999,2150.832829,67989.01063400002,81764.996467,171598.699645,128321.63675899996,285771.10059900006,180156.051261,367919.79285900004,213338.71883100006
2026-10-07T21:46:12.269595+00:00,obs-20261007-01,LIGHT,ALGOUSDT,1.0,0.1176,0.1177,0.11765,8.503401360544505,5664456032,0.1176,0.1177,106,0,14184.949800000002,11857.5342,16916.9331,5280.765799999999,0.0,0.0,39538.8451,33582.479,100345.7798,76431.7515,142249.3526,105525.2226,162228.9165,127012.9567
2026-10-07T21:46:12.269595+00:00,obs-20261007-01,LIGHT,XRPUSDT,1.0,1.4127,1.4128,1.41275,0.7078643731861511,26677793302,1.4127,1.4128,431,160,1711031.3001499989,1194405.658399999,1711398.5646199987,1181883.018040001,11623.961099999997,42905.04231999999,1244510.80667,640290.9241,1861963.2246899996,1071544.78986,3754502.6081,1757777.4389199996,4262398.230149998,1894878.4471399987
2026-10-07T21:46:12.269595+00:00,obs-20261007-01,LIGHT,HBARUSDT,1.0,0.09231,0.09232,0.09231500000000001,1.0833062506776514,8393145394,0.09231,0.09232,151,8,317087.98423000006,247982.51907,291841.82956000004,269536.37366999994,0.0,2364.53082,156781.158,110856.23601,266700.4024,202478.33517,425739.5551899998,351493.45986000006,919061.3981600001,712462.5985
2026-10-07T21:47:12.272406+00:00,obs-20261007-01,LIGHT,PEPEUSDT,1.0,4.05e-06,4.06e-06,4.055e-06,24.691358024691024,8827970903,4.05e-06,4.06e-06,143,9,324571.49395035004,112795.51093141003,330225.02575943986,117494.67917655001,79.0272207,621.3789724799999,106419.14136810001,108479.64063454,297080.10496898,232888.40477266,658975.42633119,516266.17014635,982240.03868973,840333.29852448
2026-10-07T21:47:12.272406+00:00,obs-20261007-01,LIGHT,BNBUSDT,1.0,769.35,769.36,769.355,0.12997985312290794,20909994280,769.35,769.36,331,44,258440.05214000007,358622.68542,246659.13716999994,349497.6821799999,4174.648910000001,3428.433079999999,827924.5385099999,1015643.4525599995,1529305.7767699994,1630781.686619998,3311011.3334999965,4469463.463579996,6278041.727740002,5608708.708899986
2026-10-07T21:47:12.272406+00:00,obs-20261007-01,LIGHT,AAVEUSDT,1.0,173.12,173.13,173.125,0.5776340110896783,10439581595,173.12,173.13,289,45,813463.3856100005,428762.6079400001,775946.8126500001,454321.31442999985,221.41958,15991.324670000004,115568.95474999998,85927.61183,240037.29703999998,137611.07829,349267.5093799999,182292.96772999997,882992.96621,208990.3168899999
2026-10-07T21:47:12.272406+00:00,obs-20261007-01,LIGHT,AVAXUSDT,1.0,11.035,11.036,11.035499999999999,0.9062075215227061,10520056075,11.035,11.036,385,196,1050305.31206,645834.1904300002,1056545.85291,622478.1124399998,43837.58842999989,14379.260909999997,285340.7985900001,142336.25211,600407.28245,187946.71308999998,733445.70486,202388.68630999996,820524.78393,213951.7021500001
2026-10-07T21:47:12.272406+00:00,obs-20261007-01,LIGHT,FILUSDT,1.0,1.0375,1.0377,1.0376,1.9277108433723988,9895436384,1.0375,1.0377,214,6,445065.23677799985,84791.44136399995,445609.83400399965,79912.96763299993,571.4036310000001,5380.044161999999,76501.49592500001,83612.07715499999,171042.414061,133293.88885,285226.503373,181457.43899199998,368141.201249,218194.60062200006
2026-10-07T21:47:12.272406+00:00,obs-20261007-01,LIGHT,ALGOUSDT,1.0,0.1176,0.1177,0.11765,8.503401360544505,5664456679,0.1176,0.1177,102,0,31072.493099999996,5775.5091,26801.523099999988,6376.292400000001,0.0,0.0,43179.4105,33021.502,101937.3608,75870.7745,146520.3226,104924.4393,166499.8787,126452.1742
2026-10-07T21:47:12.272406+00:00,obs-20261007-01,LIGHT,XRPUSDT,1.0,1.4134,1.4135,1.41345,0.7075137965184553,26677795194,1.4134,1.4135,402,132,799656.3900899999,643169.4882899999,700002.6281099997,670543.13299,26308.04731,39151.45307000002,1176574.1295200002,735801.45137,1922550.2506700002,1055527.5256899996,3796190.70574,1732913.7996899989,4337838.237569998,1867973.5688099987
2026-10-07T21:47:12.272406+00:00,obs-20261007-01,LIGHT,HBARUSDT,1.0,0.09236,0.09238,0.09237000000000001,2.165439584236317,8393146183,0.09236,0.09238,155,16,517497.76200999995,138826.86268999998,504402.11725,153324.40180000002,3917.5726499999996,1119.3050899999996,168122.57413999995,117679.14239,289899.65667999996,200530.74885999996,437917.10697,338346.24082999997,905088.8171400002,699356.64217
2026-10-07T21:48:12.279936+00:00,obs-20261007-01,LIGHT,PEPEUSDT,1.0,4.06e-06,4.07e-06,4.065e-06,24.630541871921707,8827971235,4.06e-06,4.07e-06,87,12,147657.69537926,310364.2344572499,81461.91923077,494241.17612704,0.0,19700.25431028,12094.864962740001,132216.91497872,191931.03406529,232617.21360103998,529860.12311944,457276.86930066,973102.02942411,1016493.29887599
2026-10-07T21:48:12.279936+00:00,obs-20261007-01,LIGHT,BNBUSDT,1.0,769.39,769.4,769.395,0.12997309556839198,20909995846,769.39,769.4,285,58,358849.92921999993,363982.02918,362421.34634,375721.8533999999,18223.878409999998,16836.94041,825088.91225,1004114.1956599995,1525656.9150699992,1619260.685579998,3307410.2106599966,4457960.648519996,6052197.229580002,5600647.545459986
2026-10-07T21:48:12.279936+00:00,obs-20261007-01,LIGHT,AAVEUSDT,1.0,172.99,173.0,172.995,0.5780680964218021,10439583277,172.99,173.0,242,31,588270.52743,236198.48849,608704.8108300001,222923.70388,4652.723639999998,154.58587,124687.95832999998,82455.08308000003,252627.48742999998,136217.66919999997,337799.4289099997,192829.94579999993,862686.3113399998,222016.53351999985
2026-10-07T21:48:12.279936+00:00,obs-20261007-01,LIGHT,AVAXUSDT,1.0,11.049,11.05,11.0495,0.9050592813841796,10520059222,11.049,11.05,331,110,936199.9268100002,733721.9098499999,864192.9110800005,780503.5797400003,12379.826140000005,60126.10516999999,321643.49448999995,75718.89420000001,628934.72646,136143.98042000004,799777.4188000001,158309.62148000003,890888.60895,167106.89365000025
2026-10-07T21:48:12.279936+00:00,obs-20261007-01,LIGHT,FILUSDT,1.0,1.0372,1.0373,1.03725,0.9641342074839798,9895437290,1.0372,1.0373,248,24,610118.083986,88051.28283099999,619395.5480809999,87758.66150999996,684.3391760000001,193.89892300000002,89175.57613600002,68571.394815,186540.732694,129613.55351699998,276445.309247,177636.21710899996,360309.119541,218016.04516300003
2026-10-07T21:48:12.279936+00:00,obs-20261007-01,LIGHT,ALGOUSDT,1.0,0.1177,0.1178,0.11775,8.49617672047609,5664456969,0.1177,0.1178,90,1,35383.577600000004,18991.850099999996,36533.0398,23484.913300000004,0.0,1855.1874,41446.298599999995,41011.5218,95376.62299999999,77314.4086,138448.7799,104060.44189999999,168179.94569999998,122207.53319999999
2026-10-07T21:48:12.279936+00:00,obs-20261007-01,LIGHT,XRPUSDT,1.0,1.4132,1.4133,1.4132500000000001,0.7076139258410663,26677797383,1.4132,1.4133,382,99,888838.9869600007,1331923.2602500021,948169.0373700005,1270664.1668700012,53974.69974000001,10375.458090000002,1245982.3532399996,846549.1971300001,2020551.8160799998,1110031.01268,3740811.4949200004,1792935.8305499994,4288634.816879998,1929382.093079999
2026-10-07T21:48:12.279936+00:00,obs-20261007-01,LIGHT,HBARUSDT,1.0,0.09237,0.09239,0.09237999999999999,2.16520515318841,8393146991,0.09237,0.09239,180,5,305142.94155999995,128640.88503000005,315137.2829500001,120691.29439,3440.96727,3363.2851000000005,158059.15094999998,129868.86597999999,277182.8269,210732.66895,427922.76558000006,346295.83147,895490.4972400004,707306.0688
2026-10-07T21:49:12.299546+00:00,obs-20261007-01,LIGHT,PEPEUSDT,1.0,4.05e-06,4.06e-06,4.055e-06,24.691358024691024,8827971644,4.05e-06,4.06e-06,142,18,112833.61237533002,263961.8232456,165719.32081210002,26777.2269231,12098.33476274,1653.79729814,107785.67331285,80748.8308151,282228.97998505004,202005.71435256,644666.34434193,494070.30477006,969654.81962129,754465.76361749
2026-10-07T21:49:12.299546+00:00,obs-20261007-01,LIGHT,BNBUSDT,1.0,769.5,769.51,769.505,0.1299545159194615,20909997207,769.5,769.51,269,48,480909.3748200001,241226.79215999992,486826.94941000023,260746.41485000015,2433.07522,1559.64021,877365.0036,989360.5372299997,1515566.7561999995,1600890.7394999983,3296003.4076499967,4447978.079669994,6044469.762530003,5585223.151939988
2026-10-07T21:49:12.299546+00:00,obs-20261007-01,LIGHT,AAVEUSDT,1.0,172.94,172.95,172.945,0.578235226089685,10439584011,172.94,172.95,157,12,260021.50717999996,129060.03244000002,266829.21686,128125.17063999998,7067.714950000001,13.84,126544.01495999999,80251.34647000002,249813.02939999997,130735.06660999998,332607.01964999974,193741.22039999993,848095.5936899998,222920.34011999986
2026-10-07T21:49:12.299546+00:00,obs-20261007-01,LIGHT,AVAXUSDT,1.0,11.035,11.036,11.035499999999999,0.9062075215227061,10520061669,11.035,11.036,274,173,471771.24917999987,361530.7063100001,653494.1231499998,360772.42231000005,35733.92244999999,15783.832209999993,234298.09499,78103.67087,496293.30186999997,141909.446,623734.8781000001,156360.05572000003,710914.4053499995,166558.7885800002
2026-10-07T21:49:12.299546+00:00,obs-20261007-01,LIGHT,FILUSDT,1.0,1.0363,1.0364,1.03635,0.9649715333392983,9895438686,1.0363,1.0364,247,60,158741.94147299998,89353.47811100002,171470.34648300006,73133.62103,11087.6731,1748.637938,118658.715794,70259.266181,196442.61282300003,133807.24777299998,267296.70656600007,189285.55694400007,358436.32743400015,234245.49135100012
2026-10-07T21:49:12.299546+00:00,obs-20261007-01,LIGHT,ALGOUSDT,1.0,0.1177,0.1178,0.11775,8.49617672047609,5664457111,0.1177,0.1178,85,1,6556.4106,12410.516700000002,5554.679,12145.9006,17.655,0.0,38241.3778,44923.866599999994,95436.5962,82229.6586,139450.5115,104325.05799999999,169082.5589,122472.12349999999
2026-10-07T21:49:12.299546+00:00,obs-20261007-01,LIGHT,XRPUSDT,1.0,1.4125,1.4126,1.41255,0.7079646017693619,26677799852,1.4125,1.4126,405,113,827889.1252699995,1376391.4384400002,1012881.9844100002,1345543.5417099998,37279.674280000014,33497.968,1290285.25315,759247.3846700002,1776672.0133999998,1016500.8289800002,3641230.00961,1822923.5213000004,4107058.582950001,1959543.8549799996
2026-10-07T21:49:12.299546+00:00,obs-20261007-01,LIGHT,HBARUSDT,1.0,0.09236,0.09237,0.092365,1.0827197921181586,8393147671,0.09236,0.09237,149,16,129342.35255,84912.52797999998,142083.43351999996,85941.43748,1228.95895,2622.37166,147607.45053,118459.37977999999,264785.03524999996,203698.18843,415181.68461000005,344618.92963,882755.8101200004,706126.7597800001
2026-10-07T21:50:12.365407+00:00,obs-20261007-01,LIGHT,PEPEUSDT,1.0,4.05e-06,4.06e-06,4.055e-06,24.691358024691024,8827971858,4.05e-06,4.06e-06,120,10,22779.33142779,88162.20611609999,20248.43993445,66268.56554592999,28.004818500000003,711.45407158,107620.06771935,99447.30978462,284386.96562131,224805.4647845,647197.23583527,515963.94534023,972190.4536402001,756769.7733841699
2026-10-07T21:50:12.365407+00:00,obs-20261007-01,LIGHT,BNBUSDT,1.0,769.5,769.51,769.505,0.1299545159194615,20909997577,769.5,769.51,139,20,485867.9104100001,59547.89048999999,481081.5301800002,74945.68823,1194.264,160.05808000000002,888230.49104,975103.9826899996,1526432.2232899994,1585492.9417599982,3300789.787879996,4432580.281929995,6049275.061210002,5569825.354199989
2026-10-07T21:50:12.365407+00:00,obs-20261007-01,LIGHT,AAVEUSDT,1.0,172.99,173.0,172.995,0.5780680964218021,10439584683,172.99,173.0,151,11,505204.9846100002,90662.04546999998,409954.8145499999,87205.72289999996,794.37008,69.35889,216196.11216999995,86845.56530999996,339324.72008999996,141087.58860999995,426241.8892899997,197221.1301699999,936815.5053899996,226407.71788999983
2026-10-07T21:50:12.365407+00:00,obs-20261007-01,LIGHT,AVAXUSDT,1.0,11.04,11.041,11.0405,0.9057971014514443,10520067280,11.04,11.041,355,405,1846420.2251700007,878025.00698,1808655.8214000019,885639.0541000003,90291.81591999964,25117.059440000005,217296.75454000002,83323.03187000002,494424.48647999996,139971.79083000004,657043.207,149949.01479000002,747636.0433199998,158267.8897100002
2026-10-07T21:50:12.365407+00:00,obs-20261007-01,LIGHT,FILUSDT,1.0,1.0366,1.0367,1.0366499999999998,0.9646922631678656,9895439286,1.0366,1.0367,144,18,102992.84034600003,29349.036018000003,98600.51821599997,31267.072311,105.415865,1082.1211320000002,109867.76577999999,73997.32345699999,199910.265045,132569.091264,270632.3555100001,187813.4705930001,350654.6574840001,232317.84938900018
2026-10-07T21:50:12.365407+00:00,obs-20261007-01,LIGHT,ALGOUSDT,1.0,0.1176,0.1177,0.11765,8.503401360544505,5664457626,0.1176,0.1177,99,4,20525.680299999993,28155.432899999993,24361.4718,25055.556899999996,6217.4616,269.7684,51618.6909,27972.6474,110435.111,76788.0768,143000.587,103815.84339999998,165975.06069999997,125303.57749999998
2026-10-07T21:50:12.365407+00:00,obs-20261007-01,LIGHT,XRPUSDT,1.0,1.4122,1.4123,1.41225,0.7081149978760415,26677803122,1.4122,1.4123,431,109,1754703.8782900001,1712134.27931,1797604.0296700015,1697488.2900700003,92122.00352,56065.6641,1193885.7359,940367.39761,1797723.8042699995,1037242.7846299995,3619554.2769899988,1837144.8977299994,4074124.13367,1973871.4270699988
2026-10-07T21:50:12.365407+00:00,obs-20261007-01,LIGHT,HBARUSDT,1.0,0.09232,0.09233,0.09232499999999999,1.0831889081441837,8393148194,0.09232,0.09233,133,6,119257.46819000003,90982.29581,111476.12359000006,77704.74218,866.61648,559.79679,166338.08276,120319.07078,280795.98714,208535.63791,423644.67038999987,357256.2533599999,894703.2293100001,717959.7719299998
2026-10-07T21:51:12.366191+00:00,obs-20261007-01,LIGHT,PEPEUSDT,1.0,4.05e-06,4.06e-06,4.055e-06,24.691358024691024,8827972089,4.05e-06,4.06e-06,136,9,40855.23858855,177486.67455684007,43017.04025874,176948.9896709601,3.8578477500000004,643.9999973399999,110856.55261500001,96975.96366822,282225.16395112005,222234.11867042002,645035.4341650801,516501.63022611,969079.1383562401,835881.7846758899
2026-10-07T21:51:12.366191+00:00,obs-20261007-01,LIGHT,BNBUSDT,1.0,769.5,769.51,769.505,0.1299545159194615,20909998684,769.5,769.51,295,41,377064.6970099998,273931.91673,401277.1176600001,266186.1932299999,10332.066870000002,6241.419789999998,877810.7915000002,982793.0326999995,1502230.5342599994,1593181.991769998,3276577.3672299962,4440326.005429995,6024863.320560003,5577575.1915999865
2026-10-07T21:51:12.366191+00:00,obs-20261007-01,LIGHT,AAVEUSDT,1.0,173.14,173.16,173.14999999999998,1.1551345731786178,10439586360,173.14,173.16,250,22,1177728.4096299994,132048.37835999997,1225442.608869999,142469.96636999998,85.50826,7086.558960000003,139739.69828,92473.31992999998,235359.42018999995,143241.47411,366825.5835399996,189882.55823999998,881219.5307599996,216283.2651699999
2026-10-07T21:51:12.366191+00:00,obs-20261007-01,LIGHT,AVAXUSDT,1.0,11.025,11.026,11.025500000000001,0.9070294784585542,10520071540,11.027,11.028,340,195,1293087.6695500002,707055.2182500005,1341254.6380599996,705665.4167499999,16018.618310000023,23529.819320000002,364052.13852000004,60809.30205999999,512561.41039000003,122988.62568999997,613235.7632599999,148777.0139299999,707075.2348199999,158936.01075000002
2026-10-07T21:51:12.366191+00:00,obs-20261007-01,LIGHT,FILUSDT,1.0,1.0366,1.0367,1.0366499999999998,0.9646922631678656,9895439921,1.0366,1.0367,180,4,136812.939678,26406.09936599999,140593.05648800003,23504.30893200001,0.0,1875.3426,106821.22544899999,76893.626869,195965.59182600002,135262.075636,266852.2387000001,190715.26102700006,344364.3454880001,235214.63849100014
2026-10-07T21:51:12.366191+00:00,obs-20261007-01,LIGHT,ALGOUSDT,1.0,0.1177,0.1178,0.11775,8.49617672047609,5664458026,0.1177,0.1178,109,2,22917.1019,16901.885299999994,18539.259799999996,22082.3934,0.0,1625.2005,41524.629,41950.965299999996,96475.8465,77488.2919,139992.56209999998,102264.51999999999,169377.5856,120351.58489999999
2026-10-07T21:51:12.366191+00:00,obs-20261007-01,LIGHT,XRPUSDT,1.0,1.4121,1.4122,1.41215,0.708165144112094,26677807995,1.4121,1.4122,469,111,1777964.3177100006,3026219.9849300003,1771733.9267200006,2924565.5208600014,17439.618660000004,65009.03175999998,1261095.4692899997,898702.6963300001,1758311.7217699992,1285816.1497899997,3625861.982909999,1939759.6922899995,4081015.2384399995,2075790.927059999
2026-10-07T21:51:12.366191+00:00,obs-20261007-01,LIGHT,HBARUSDT,1.0,0.09232,0.09233,0.09232499999999999,1.0831889081441837,8393148408,0.09232,0.09233,102,1,42526.05858,17737.284920000002,48584.421120000006,14765.702519999997,0.0,14.58814,157529.72895000002,125211.54783,274153.2493600001,211507.23150999998,417586.30785,360227.8357599999,888766.6558400001,721081.6203499999
2026-10-07T21:52:12.398354+00:00,obs-20261007-01,LIGHT,PEPEUSDT,1.0,4.05e-06,4.06e-06,4.055e-06,24.691358024691024,8827972263,4.05e-06,4.06e-06,88,10,63592.86123354,95136.49487489,46986.69375164,98361.75554172996,780.1626375000001,615.4213569000001,85381.41573225001,107207.08439672,280971.26743341004,221382.83455134,661641.60164698,513276.36955927,1054181.12504474,837463.0890712499
2026-10-07T21:52:12.398354+00:00,obs-20261007-01,LIGHT,BNBUSDT,1.0,769.49,769.5,769.495,0.12995620475964031,20909999422,769.49,769.5,190,19,250805.27435000005,169756.3822,274862.61672,163410.28025,18033.20144,123.12013,853753.2658900003,989126.7919299995,1478441.1285999997,1599412.0912199982,3252520.0248599965,4444135.358039996,6001194.344600003,5583915.0141899865
2026-10-07T21:52:12.398354+00:00,obs-20261007-01,LIGHT,AAVEUSDT,1.0,173.08,173.09,173.085,0.5777675063556309,10439587086,173.08,173.09,165,16,609399.7798800002,90061.35780999999,589336.05018,89854.22874999998,5847.94138,0.0,182558.67790999997,90012.81779999999,277485.0020299999,139629.04757999998,387581.5027099996,189249.50902999996,901452.7679299996,216231.73073999985
2026-10-07T21:52:12.398354+00:00,obs-20261007-01,LIGHT,AVAXUSDT,1.0,11.013,11.014,11.0135,0.9080177971476644,10520075869,11.013,11.014,362,262,1249741.8126299991,509354.88783999986,1295289.3687199997,505644.9309999999,18178.780260000076,25036.87211,347658.74773,66779.70929999999,495685.23183999996,125763.17093999995,578589.26988,152160.11264999988,707142.7275899999,161243.39107999994
2026-10-07T21:52:12.398354+00:00,obs-20261007-01,LIGHT,FILUSDT,1.0,1.0352,1.0353,1.03525,0.9659969088127163,9895441233,1.0352,1.0353,180,44,225945.27500499997,119826.74170200004,256386.7792369999,87173.42580300005,9354.884380000001,1453.146837,99832.408775,69740.09403400001,198286.49053900005,139067.312879,245769.876464,217707.08849600007,331124.08099000005,267462.70701300015
2026-10-07T21:52:12.398354+00:00,obs-20261007-01,LIGHT,ALGOUSDT,1.0,0.1177,0.1178,0.11775,8.49617672047609,5664458323,0.1177,0.1178,105,1,23147.030200000005,17087.944999999996,25747.8185,11958.105199999998,0.0,20.9684,39590.3898,44202.4296,93732.8824,84979.8095,137391.77380000002,107394.3598,167207.3132,125481.3989
2026-10-07T21:52:12.398354+00:00,obs-20261007-01,LIGHT,XRPUSDT,1.0,1.4118,1.4119,1.4118499999999998,0.7083156254417133,26677810026,1.4118,1.4119,372,65,519471.6953899998,1000561.0760199999,508922.64793999976,1063380.2252999991,16783.176610000002,23203.00617,1294571.5962099999,787804.6741099999,1783603.4696099996,1223125.2735199998,3653763.8033299986,1876844.6042099996,4105507.2482300005,2022494.745109999
2026-10-07T21:52:12.398354+00:00,obs-20261007-01,LIGHT,HBARUSDT,1.0,0.0923,0.09231,0.092305,1.0834236186352264,8393148720,0.0923,0.09231,91,2,37031.051660000005,51336.99599,38054.07771,41301.87012,13.01712,1499.99318,163841.13999,126710.15968000003,275360.03756,219670.86227000004,416799.7336,369199.01421,887748.7114300001,730198.69358
2026-10-07T21:53:12.399209+00:00,obs-20261007-01,LIGHT,PEPEUSDT,1.0,4.05e-06,4.06e-06,4.055e-06,24.691358024691024,8827972534,4.05e-06,4.06e-06,122,9,165580.17262696003,169418.00966011,109561.71783283,169019.79274720998,729.47203965,655.91525286,72076.31420355,130224.29680918,337223.08544439,235422.60908328998,717660.05644111,513674.58647216996,1121789.94860479,833054.32437998
2026-10-07T21:53:12.399209+00:00,obs-20261007-01,LIGHT,BNBUSDT,1.0,769.12,769.13,769.125,0.13001872269491344,20910001793,769.12,769.13,279,75,1737701.4668200007,1867782.9943599994,1765242.7768899994,1837027.6214,20030.06107,1552.1668900000002,784139.8090799999,855576.3034699996,1631016.5231699997,1534409.2214099981,3237721.4379299968,4282803.4993499955,6208321.173070001,5599398.569049987
2026-10-07T21:53:12.399209+00:00,obs-20261007-01,LIGHT,AAVEUSDT,1.0,173.1,173.11,173.10500000000002,0.5777007510121557,10439587940,173.1,173.11,145,11,1036855.8965799998,61991.90853000001,1036002.7645599997,57179.62174000001,623.1567,664.87138,180332.10017999998,94407.81301999997,278241.1971199999,146241.40163999997,388135.42333999963,194126.13240999993,909246.4628299995,221239.28182999985
2026-10-07T21:53:12.399209+00:00,obs-20261007-01,LIGHT,AVAXUSDT,1.0,10.975,10.976,10.9755,0.9111617312074216,10520088885,10.975,10.976,512,1597,2664696.209710002,980254.7949300004,2827119.729580003,980320.1326000002,231634.19746000008,113132.55647000003,191456.80921999997,52266.96617000001,335336.34307,97927.08257000004,479180.1375600002,150073.31868000003,574928.0992499995,157920.49282999997
2026-10-07T21:53:12.399209+00:00,obs-20261007-01,LIGHT,FILUSDT,1.0,1.0334,1.0335,1.0334500000000002,0.9676795045487907,9895442842,1.0334,1.0335,223,34,207364.70187700013,146094.626632,263916.768643,111184.26800000001,2498.816842,648.645133,87688.72429499998,66349.317416,156805.874144,140999.573868,196086.64032500004,236736.059487,279192.8149040001,299494.88801299996
2026-10-07T21:53:12.399209+00:00,obs-20261007-01,LIGHT,ALGOUSDT,1.0,0.1176,0.1177,0.11765,8.503401360544505,5664458970,0.1176,0.1177,99,3,40621.377100000005,36935.79479999998,43529.7215,32831.7719,0.0,285.31160000000006,33053.0628,35396.2472,97686.5162,81798.8943,141869.2964,107889.29209999999,165155.5304,129366.95549999997
2026-10-07T21:53:12.399209+00:00,obs-20261007-01,LIGHT,XRPUSDT,1.0,1.4118,1.4119,1.4118499999999998,0.7083156254417133,26677811372,1.4118,1.4119,328,40,432549.4324400001,626238.5067499998,458276.5643,536009.0743900001,17482.207060000004,16732.039929999995,1276577.13819,850894.6448600001,1762677.6769699997,1309289.9176699999,3628036.671469999,1967074.0365699995,4078028.0713400007,2113010.17747
2026-10-07T21:53:12.399209+00:00,obs-20261007-01,LIGHT,HBARUSDT,1.0,0.09222,0.09224,0.09223,2.1687269572767676,8393149415,0.09222,0.09224,143,9,204805.0041200001,292368.20533999987,226142.5662800001,284469.4324299999,1294.11835,0.0,136820.54002,124597.72006000002,262426.45636999997,179778.71494000003,407572.19909999985,373408.97686,866571.1561400001,737269.08086
2026-10-07T21:54:12.399375+00:00,obs-20261007-01,LIGHT,PEPEUSDT,1.0,4.05e-06,4.06e-06,4.055e-06,24.691358024691024,8827972896,4.05e-06,4.06e-06,156,9,56742.20639099002,34950.85779490001,40385.552135959995,39070.668898010015,0.0,38397.5038153,90399.0936006,118496.99523368,352924.12163996,232937.1857425,734016.71069614,509554.77536906,1136103.81941789,818348.78746146
2026-10-07T21:54:12.399375+00:00,obs-20261007-01,LIGHT,BNBUSDT,1.0,768.61,768.62,768.615,0.13010499473109505,20910005627,768.61,768.62,320,114,2943421.611649999,3392296.1552200024,3004221.0701400028,3432312.7865100023,34522.38462000002,807.21518,876667.6643600005,979481.88548,1609619.8657200008,1476130.7574599995,3394387.604169998,4215680.799710001,6155259.409070005,5527497.099229988
2026-10-07T21:54:12.399375+00:00,obs-20261007-01,LIGHT,AAVEUSDT,1.0,172.92,172.93,172.925,0.5783021050209669,10439588879,172.92,172.93,139,27,480284.06872000004,83353.48256999998,561608.94855,77169.10833999998,11362.42207,526.5076,111607.06686,80384.77375,236913.07306,132816.91035999995,319003.7180099997,182738.0177999999,829362.9570299997,227033.26795999982
2026-10-07T21:54:12.399375+00:00,obs-20261007-01,LIGHT,AVAXUSDT,1.0,10.957,10.958,10.9575,0.9126585744279048,10520101515,10.957,10.958,528,1504,2570961.06456,978080.445469999,2644747.2436299995,1002269.4840500003,87828.83399999973,160104.4072199999,152096.30603000004,55474.89083999999,284398.68064,92404.34384999998,418937.47147,112879.59470999998,540852.7846499999,126686.39512999998
2026-10-07T21:54:12.399375+00:00,obs-20261007-01,LIGHT,FILUSDT,1.0,1.0329,1.033,1.03295,0.9681479330048148,9895444547,1.0329,1.033,252,45,175022.84424000003,117248.675568,170671.24849799994,116952.37478000001,2190.428871,6856.036221999998,78006.252576,65777.96083699999,147424.75002799998,132053.64435,205832.42437099997,223880.57306400008,287301.70361699985,299842.6401839998
2026-10-07T21:54:12.399375+00:00,obs-20261007-01,LIGHT,ALGOUSDT,1.0,0.1174,0.1175,0.11745,8.517887563883608,5664459789,0.1174,0.1175,158,11,77725.75889999999,59191.87789999998,81054.41140000003,55143.11309999998,308.2969,0.0,38391.8738,26338.0742,101150.3739,65503.1618,141495.14840000003,103391.8661,164427.14849999998,115516.4869
2026-10-07T21:54:12.399375+00:00,obs-20261007-01,LIGHT,XRPUSDT,1.0,1.4113,1.4114,1.41135,0.7085665698292054,26677818388,1.4113,1.4114,447,143,4888936.587099998,4916395.289620003,4894853.638609998,5140209.619539999,153219.83065000005,101463.00442,1147058.88277,776744.2908399998,1703022.18399,1054071.1241,3629940.553689999,1750623.29345,4124545.3170100017,1876486.140199999
2026-10-07T21:54:12.399375+00:00,obs-20261007-01,LIGHT,HBARUSDT,1.0,0.09218,0.09219,0.09218499999999999,1.0848340203950535,8393151232,0.09218,0.09219,217,50,505204.5567699999,534272.3107900003,503990.06458999997,529957.1567200001,986.2871499999998,19696.938640000004,150373.66137,106084.10242000001,257342.15461,219090.82904,409034.93276000005,374791.33866,868019.8137100004,723911.5174199999
2026-10-07T21:55:12.411544+00:00,obs-20261007-01,LIGHT,PEPEUSDT,1.0,4.05e-06,4.06e-06,4.055e-06,24.691358024691024,8827973221,4.05e-06,4.06e-06,145,10,275467.81865443004,74182.89680952996,259115.89343134998,74461.13877778,0.0,819.3976651,120987.77468265001,100453.59024442,367161.20520489005,232054.85778425,750368.63591922,509276.53340081,1151596.98767395,822877.11055541
2026-10-07T21:55:12.411544+00:00,obs-20261007-01,LIGHT,BNBUSDT,1.0,768.79,768.8,768.795,0.1300745327070807,20910007986,768.79,768.8,320,59,750005.2910199997,544384.6380900001,637400.2697099999,562151.96223,1293.7852900000003,8568.011000000002,944184.3089,970684.4129700001,1721442.4912200004,1464621.5079999997,3487467.5154799973,4199335.81056,6264669.8035400035,5528179.328229988
2026-10-07T21:55:12.411544+00:00,obs-20261007-01,LIGHT,AAVEUSDT,1.0,173.18,173.19,173.185,0.5774338838193671,10439591229,173.18,173.19,298,44,1505646.3297499996,274800.5669700001,1411798.0252999994,286911.54662000015,2187.85999,3357.03226,172297.45396,85862.47758999997,258347.20116999993,138319.89004,394439.5971699996,189337.93636999992,923637.2951399996,218572.52264999982
2026-10-07T21:55:12.411544+00:00,obs-20261007-01,LIGHT,AVAXUSDT,1.0,10.963,10.964,10.9635,0.9121590805438728,10520104756,10.963,10.964,378,182,876275.01309,354833.16425,838036.8324100004,348261.08612999984,21975.738579999976,41288.529059999986,200425.88212,78110.34493,305556.7225100001,107149.17578000005,447606.29316,124274.92076000002,586934.1592699998,134915.50197000004
2026-10-07T21:55:12.411544+00:00,obs-20261007-01,LIGHT,FILUSDT,1.0,1.0337,1.0338,1.03375,0.9673986649905153,9895445622,1.0337,1.0338,209,16,162005.02292700007,87851.17638099997,132856.09620700002,91529.348319,2299.527344,1048.366254,108891.073076,73794.450176,188552.07531500002,151816.82688799998,232328.99597099997,237690.14278200007,315290.5540579998,296685.141282
2026-10-07T21:55:12.411544+00:00,obs-20261007-01,LIGHT,ALGOUSDT,1.0,0.1176,0.1177,0.11765,8.503401360544505,5664460616,0.1176,0.1177,194,6,84365.89399999999,68727.43200000003,75476.6733,75152.52229999998,0.0,556.0287000000001,28652.9769,27743.8653,96624.38279999999,71368.54609999999,145504.02659999998,102362.16989999998,171254.10460000002,116717.6592
2026-10-07T21:55:12.411544+00:00,obs-20261007-01,LIGHT,XRPUSDT,1.0,1.4111,1.4112,1.4111500000000001,0.7086669973777049,26677822484,1.4111,1.4112,440,111,2531080.25232,2303136.313960001,2561082.272839998,2145066.8757100003,40935.82861999998,140884.6933,1094175.6866600004,798812.64252,1579802.6422000001,960915.6861599999,3600309.8874899996,1908988.5799000005,4095735.024160003,2035217.8693499994
2026-10-07T21:55:12.411544+00:00,obs-20261007-01,LIGHT,HBARUSDT,1.0,0.0923,0.09231,0.092305,1.0834236186352264,8393152756,0.0923,0.09231,262,25,1291053.0713499999,243165.80000999983,1246860.5439100007,280255.59069,1016.45113,4208.09649,131233.97154,108877.93192999999,256019.55707,202321.73311,440372.00719,343817.2750999999,905953.0147800002,689190.3681199999
2026-10-07T21:56:12.411969+00:00,obs-20261007-01,LIGHT,PEPEUSDT,1.0,4.05e-06,4.06e-06,4.055e-06,24.691358024691024,8827973574,4.05e-06,4.06e-06,132,11,58549.44802303,374627.24473995005,144542.01490753,438211.03204772004,55.247313600000005,1027.33799896,129564.63913005001,10371.41233548,301139.23201141,156109.69118802002,664376.06903472,445692.74609304004,996704.1787227,794323.6181606699
2026-10-07T21:56:12.411969+00:00,obs-20261007-01,LIGHT,BNBUSDT,1.0,769.15,769.16,769.155,0.13001365143372468,20910010532,769.15,769.16,254,65,1905944.8572499992,1015728.6844900007,1876468.293680001,1021606.7747600005,2563.9267500000005,5902.569429999998,776526.3235200002,1000770.2295499999,1607347.768530001,1571616.37152,3318947.2177599985,4369451.455049998,6290732.291000003,5541257.491279992
2026-10-07T21:56:12.411969+00:00,obs-20261007-01,LIGHT,AAVEUSDT,1.0,173.21,173.22,173.215,0.5773338721781762,10439592903,173.21,173.22,238,28,1533752.3662000007,218205.50317,1513873.5016700008,221166.21758999996,10924.605350000002,3578.7546300000004,181888.50131,86514.83164999996,274184.79395,136602.54237999997,411248.4610199998,186423.7533299999,942442.4587599998,215819.6121999998
2026-10-07T21:56:12.411969+00:00,obs-20261007-01,LIGHT,AVAXUSDT,1.0,10.96,10.961,10.9605,0.9124087591239061,10520108079,10.96,10.961,338,245,973764.9332100002,529449.7867600002,1001001.8044199995,506230.17179000005,30495.617409999973,27638.90647,187116.63541000005,63969.010689999996,315941.0846300001,121976.18542000001,418536.2261600001,146674.3045900001,558498.4954900001,156687.53035000002
2026-10-07T21:56:12.411969+00:00,obs-20261007-01,LIGHT,FILUSDT,1.0,1.0342,1.0344,1.0343,1.9338619222586395,9895446650,1.0342,1.0344,166,25,135360.50173,76167.16294600004,129665.02804599998,93131.80967300003,461.88253199999997,1840.6679829999996,104176.68737099999,77154.45088199999,181981.812008,143490.66994099997,234513.69820699998,229701.89529100002,318158.6749559998,283888.570117
2026-10-07T21:56:12.411969+00:00,obs-20261007-01,LIGHT,ALGOUSDT,1.0,0.1176,0.1177,0.11765,8.503401360544505,5664460795,0.1176,0.1177,87,0,23479.3813,8872.265099999997,24405.834399999992,5563.6792,0.0,0.0,40107.5683,26682.374200000002,98933.114,74098.4098,144577.5735,105670.7558,169825.75710000002,120026.3386
2026-10-07T21:56:12.411969+00:00,obs-20261007-01,LIGHT,XRPUSDT,1.0,1.4117,1.4118,1.41175,0.7083658000994753,26677824465,1.4117,1.4118,339,108,1158454.1638300004,687839.12523,1091257.8206399998,844677.2463600002,85364.33171000013,29176.521279999997,1035545.7283900003,763719.5206999999,1634915.1770900006,1219322.17043,3666173.8129600002,1757951.3044500002,4120439.550730003,1991232.8393199996
2026-10-07T21:56:12.411969+00:00,obs-20261007-01,LIGHT,HBARUSDT,1.0,0.09228,0.09229,0.092285,1.0836584308626662,8393153800,0.09228,0.09229,192,15,405662.83140999987,93689.31901999998,421303.9995699996,77164.89312000001,2379.5186,1366.1368599999998,135970.32877999998,111475.51749000001,262393.59257,213019.79151,424938.24974999996,359446.04324,896182.4215800002,705346.12104
2026-10-07T21:57:12.426127+00:00,obs-20261007-01,LIGHT,PEPEUSDT,1.0,4.05e-06,4.06e-06,4.055e-06,24.691358024691024,8827974252,4.05e-06,4.06e-06,136,16,298267.14796523,191606.71075369004,246566.85812729,89806.39801756,11201.1588675,1777.72663027,123958.80803880001,117321.26743806001,300841.79110684,262265.08456573,664716.40356696,542676.49376447,998441.38329857,843892.7290523101
2026-10-07T21:57:12.426127+00:00,obs-20261007-01,LIGHT,BNBUSDT,1.0,769.14,769.15,769.145,0.13001534181045216,20910011753,769.14,769.15,261,30,530685.6551300002,697508.5752199999,524830.5889499998,631827.7536700002,18022.68047,1426.77363,760713.2326000005,1010443.4578000002,1590733.3399500013,1609631.7700499997,3324802.283939999,4435094.988279998,6287680.640030005,5606009.756469991
2026-10-07T21:57:12.426127+00:00,obs-20261007-01,LIGHT,AAVEUSDT,1.0,173.1,173.12,173.11,1.155401502022091,10439594269,173.11,173.12,210,41,509436.6543500001,197190.32886,610009.8411599997,187244.60064999998,17173.329049999993,396.32158,114840.07125000001,86847.13405999998,204265.05155000003,141675.23682999992,316832.17812999984,195593.84121999983,835985.9827799997,225541.88295999978
2026-10-07T21:57:12.426127+00:00,obs-20261007-01,LIGHT,AVAXUSDT,1.0,10.962,10.963,10.962499999999999,0.912242291553067,10520110271,10.962,10.963,294,124,506666.07035999995,387718.5367299999,475393.9181,388869.70759999973,9252.790049999985,8782.57237,210023.11985000005,62769.38004999999,335208.32153000013,127043.49441999999,449777.99351,145842.31161000006,580549.26498,156978.67338000002
2026-10-07T21:57:12.426127+00:00,obs-20261007-01,LIGHT,FILUSDT,1.0,1.0343,1.0344,1.0343499999999999,0.9668374746207853,9895447979,1.0343,1.0344,256,25,145918.23467300003,115216.91064600005,140802.06564000002,122963.31199199996,1068.865858,6808.0277110000025,95394.26655000001,68308.46010000003,175081.29482600003,143770.67425100002,239537.47171999997,221955.49394500005,322742.0513679999,276315.7584710002
2026-10-07T21:57:12.426127+00:00,obs-20261007-01,LIGHT,ALGOUSDT,1.0,0.1176,0.1177,0.11765,8.503401360544505,5664461174,0.1176,0.1177,134,2,13594.66,8681.0156,10940.423200000001,8052.2058,682.1976,14.8302,43286.8587,23829.3069,103876.47619999999,73487.05579999999,147231.8103,106299.56559999999,178854.4259,120655.14839999999
2026-10-07T21:57:12.426127+00:00,obs-20261007-01,LIGHT,XRPUSDT,1.0,1.4119,1.412,1.41195,0.7082654578938197,26677827567,1.4119,1.412,389,102,1625389.926560001,2209820.0736900005,1909518.9155200007,2199272.4602400004,98640.75828000002,178800.89629999996,989716.9986600002,731367.4872199999,1638101.5495800003,1076950.4353399999,3380902.4057799997,1770355.1198599997,3944175.4413800016,2011394.039589999
2026-10-07T21:57:12.426127+00:00,obs-20261007-01,LIGHT,HBARUSDT,1.0,0.09235,0.09236,0.09235499999999999,1.0828370330262516,8393155527,0.09235,0.09236,238,18,1040281.9541899998,714884.4219099999,1019601.2022399997,725936.3637499998,279.29124,2880.19189,131889.17763999998,123570.38975999999,258086.74732999995,168670.96546,444389.5896799998,361335.82096,906836.10588,695608.1873199999
2026-10-07T21:58:12.466077+00:00,obs-20261007-01,LIGHT,PEPEUSDT,1.0,4.06e-06,4.07e-06,4.065e-06,24.630541871921707,8827974990,4.06e-06,4.07e-06,121,33,342542.2224317601,317606.14463682,275745.8406779,404676.46448686,1497.3782402799998,4593.1714487200015,19846.98167592,148177.32103295,187474.41056667,264119.75498279,513512.18360076,570884.76852983,970215.2775188701,1185888.31144415
2026-10-07T21:58:12.466077+00:00,obs-20261007-01,LIGHT,BNBUSDT,1.0,769.33,769.34,769.335,0.12998323216217855,20910013792,769.33,769.34,280,63,1652012.8223200003,1505944.9889700003,1669384.1801000012,1571119.5684500013,201.56515000000002,5538.230970000001,861892.5148699994,964752.1396,1517607.1749399991,1569729.1009799996,3300399.0588799957,4404525.558559997,6264082.201070001,5547371.408489986
2026-10-07T21:58:12.466077+00:00,obs-20261007-01,LIGHT,AAVEUSDT,1.0,173.13,173.14,173.135,0.5776006469115913,10439594981,173.13,173.14,185,6,720791.8646299997,94146.20076999995,712437.36322,92902.76051999998,6440.728220000001,4539.05793,97647.90329999999,92014.44691999999,211456.85890999992,146746.83140999996,322238.4679599997,196866.65672999984,844263.1572599997,226785.3232099998
2026-10-07T21:58:12.466077+00:00,obs-20261007-01,LIGHT,AVAXUSDT,1.0,10.958,10.959,10.9585,0.9125752874616921,10520113795,10.958,10.959,339,284,764930.3300500002,468946.32591999974,792682.39841,500311.26876999997,23170.284469999984,46035.46175000002,174849.92891,49392.959729999995,300360.70732999995,101503.87496000002,431419.10055999993,112068.25058999998,553057.6686599999,123102.45972999999
2026-10-07T21:58:12.466077+00:00,obs-20261007-01,LIGHT,FILUSDT,1.0,1.0346,1.0347,1.03465,0.9665571235251136,9895448573,1.0346,1.0347,159,8,52567.548272,46323.41033299999,51305.956664000005,37230.009976,1050.1765050000001,14388.285756,86341.19285600002,93905.88654900002,163637.98069800006,153912.20605000004,240669.063096,235034.05861100004,323945.3389379999,287465.1655420001
2026-10-07T21:58:12.466077+00:00,obs-20261007-01,LIGHT,ALGOUSDT,1.0,0.1177,0.1178,0.11775,8.49617672047609,5664462138,0.1177,0.1178,233,3,51580.488199999985,40432.99480000001,45344.8246,48178.64890000001,0.0,511.9162,52758.568199999994,27448.953999999998,104505.4538,67795.764,146074.1509,102163.0021,183924.0156,117634.0721
2026-10-07T21:58:12.466077+00:00,obs-20261007-01,LIGHT,XRPUSDT,1.0,1.413,1.4131,1.4130500000000001,0.7077140835098916,26677829659,1.413,1.4131,369,34,1374872.6490799997,1266161.8446099993,1153478.2513500007,1273206.27473,38078.51730000001,26669.577600000004,1097309.0412100002,640069.4875899999,1666967.6727600005,1234158.2910199997,3508459.90757,1766594.808579999,4039421.0583800003,1898624.9519899986
2026-10-07T21:58:12.466077+00:00,obs-20261007-01,LIGHT,HBARUSDT,1.0,0.09244,0.09245,0.092445,1.081782778018514,8393156814,0.09244,0.09245,235,13,788586.9809000001,212251.06386000005,762439.89449,247576.27341000002,471.2539300000001,1225.6851000000001,153903.64718,116759.10616,278195.74500000005,191364.20177999994,460193.98232000007,328843.4372499999,937780.1074500001,670431.7051799998
2026-10-07T21:59:12.466143+00:00,obs-20261007-01,LIGHT,PEPEUSDT,1.0,4.06e-06,4.07e-06,4.065e-06,24.630541871921707,8827975220,4.06e-06,4.07e-06,119,12,117042.07253053001,6768.05911424,81882.63583899,9508.519298960002,74.31262006,726.10198859,57709.43564666,145834.67611471,222568.20067811,261379.43794807,548671.6202923,568144.3083451099,969313.80734558,1183147.8512601298
2026-10-07T21:59:12.466143+00:00,obs-20261007-01,LIGHT,BNBUSDT,1.0,769.45,769.46,769.455,0.129962960555563,20910015380,769.45,769.46,247,43,1229346.7087500002,723810.9297899997,1212754.8840599996,764812.3113100004,799.3886000000001,7218.477919999999,849886.6260999996,906517.7321800002,1520341.2846899994,1530788.4759400003,3311526.0590399974,4370738.945680001,6056500.398570003,5511317.94603999
2026-10-07T21:59:12.466143+00:00,obs-20261007-01,LIGHT,AAVEUSDT,1.0,173.26,173.27,173.265,0.5771672630738856,10439596862,173.26,173.27,238,37,868051.9397600002,257295.83992,861227.22427,250616.78304000004,460.05986000000007,6905.16067,116755.65551000003,94727.14201999997,197626.45012,148504.90568999996,315867.9669299999,207646.15437999988,849580.5287899998,234199.0255399998
2026-10-07T21:59:12.466143+00:00,obs-20261007-01,LIGHT,AVAXUSDT,1.0,10.971,10.973,10.972000000000001,1.8229878771314212,10520116557,10.971,10.973,314,137,752524.1461999996,293985.30757999985,703945.0728699996,292652.79663000006,9386.540839999987,17262.182290000004,213118.43332999997,57486.04884,342602.2501799999,91300.36133000001,467074.46035999985,114713.46911999998,573480.3837799995,122659.68468
2026-10-07T21:59:12.466143+00:00,obs-20261007-01,LIGHT,FILUSDT,1.0,1.0349,1.035,1.0349499999999998,0.9662769349705336,9895449978,1.0349,1.035,210,18,173774.73490599988,129849.77326699998,165282.04548699997,144284.18890999997,1068.050961,1535.2909999999997,103899.81367999998,77321.413705,188115.465942,148608.567852,249110.24782599998,220748.156358,330326.8054069999,273779.4430370002
2026-10-07T21:59:12.466143+00:00,obs-20261007-01,LIGHT,ALGOUSDT,1.0,0.1177,0.1178,0.11775,8.49617672047609,5664462308,0.1177,0.1178,83,1,28919.498499999998,1879.105,24017.171,1043.1126,6.3558,0.0,56889.900499999996,28251.406,108920.8509,68631.7564,150976.4784,102998.9945,188867.05049999998,118470.0645
2026-10-07T21:59:12.466143+00:00,obs-20261007-01,LIGHT,XRPUSDT,1.0,1.414,1.4141,1.41405,0.7072135785013423,26677833170,1.414,1.4141,421,72,2561846.4935399997,2093349.9575199997,2690837.7821500013,1990993.7174999998,27390.24311,30782.44276,1127800.70849,771947.6635500002,1567889.5439100002,1076072.61266,3326397.75997,1884654.0541599998,3912976.8362000007,2015902.6837799998
2026-10-07T21:59:12.466143+00:00,obs-20261007-01,LIGHT,HBARUSDT,1.0,0.09243,0.09244,0.09243499999999999,1.0818998160755378,8393159008,0.09243,0.09244,233,39,1187398.9854900006,520706.46909999993,1214964.0483999995,492464.09066000005,2863.3814800000005,9142.259019999998,128274.56231000001,120074.65825999998,275871.10490000003,217147.82113,432659.12101000006,357080.30744999996,911928.0330800002,699514.09433
2026-10-07T22:00:12.472440+00:00,obs-20261007-01,LIGHT,PEPEUSDT,1.0,4.05e-06,4.06e-06,4.055e-06,24.691358024691024,8827975759,4.05e-06,4.06e-06,121,10,174858.69975853,57863.062556619996,256865.86889653,54681.340500360006,193.39139288,616.29833633,143317.71670725002,6214.58921594,277737.06615121,141833.05263275,635209.6941857199,446162.31722117,974258.78557443,785669.5276363699
2026-10-07T22:00:12.472440+00:00,obs-20261007-01,LIGHT,BNBUSDT,1.0,769.31,769.32,769.315,0.1299866113813053,20910018335,769.31,769.32,292,118,2345838.34547,2289474.9776600003,2247614.3739400003,2484158.494209999,22494.666540000006,9157.879789999994,797656.0545099996,905103.0539300002,1517173.59592,1333221.6146900004,3415214.8550999975,4168812.6880000015,6190627.932850003,5311479.257489992
2026-10-07T22:00:12.472440+00:00,obs-20261007-01,LIGHT,AAVEUSDT,1.0,173.03,173.04,173.035,0.577934462231422,10439599483,173.03,173.04,239,55,1272996.0971700007,350322.12138999987,1221565.55343,363629.7238700001,2170.3420499999997,8749.88699,180906.94929000002,69707.07552,268483.86544,122715.41448999995,383062.01228999975,189343.63919999992,908444.4582699996,218296.91592999987
2026-10-07T22:00:12.472440+00:00,obs-20261007-01,LIGHT,AVAXUSDT,1.0,10.969,10.97,10.9695,0.9116601331027319,10520125109,10.969,10.97,399,481,1798858.5607099985,784944.3871699999,1882512.1780999997,772195.7139300001,22075.942200000063,24856.381,191425.15495000003,41239.74321,265445.68677,103621.56597999998,374144.4182,126881.32470999993,476530.9707,137023.22393000004
2026-10-07T22:00:12.472440+00:00,obs-20261007-01,LIGHT,FILUSDT,1.0,1.0363,1.0364,1.03635,0.9649715333392983,9895452163,1.0363,1.0364,275,36,260233.253407,202829.51842899996,276834.99635300005,231765.83827900002,1397.4159789999999,4372.122867,56867.550042999996,93480.915635,146453.532076,152030.69605499995,224200.52967200006,204403.66942299998,303015.9872350002,249192.356463
2026-10-07T22:00:12.472440+00:00,obs-20261007-01,LIGHT,ALGOUSDT,1.0,0.1176,0.1178,0.1177,17.00680272108901,5664462521,0.1176,0.1178,72,1,13427.180199999999,17694.498,22715.947399999997,16213.5393,5.7673,0.0,46992.5879,17707.846,97912.5303,65165.7348,141687.7112,99189.49769999999,180440.6855,119715.80459999997
2026-10-07T22:00:12.472440+00:00,obs-20261007-01,LIGHT,XRPUSDT,1.0,1.4134,1.4135,1.41345,0.7075137965184553,26677836011,1.4134,1.4135,379,57,1225390.6822199996,1172390.5774899996,1348502.6404499998,1088950.1438900004,26153.8657,21529.909269999993,1137821.1653600002,801855.8749899997,1622329.47573,1156251.0970199993,3216455.02668,1956274.775559999,3805614.458730001,2100049.4149699993
2026-10-07T22:00:12.472440+00:00,obs-20261007-01,LIGHT,HBARUSDT,1.0,0.09244,0.09245,0.092445,1.081782778018514,8393160442,0.09244,0.09245,222,20,560556.3991899998,433105.9983499999,589443.5364300001,435915.93304999993,2770.4467600000003,755.4947799999999,102114.04629000001,117505.34245999999,241690.53919999997,168805.16390999994,403741.78217,354275.88098999986,883026.5202300001,696704.1596299999
2026-10-07T22:01:12.503917+00:00,obs-20261007-01,LIGHT,PEPEUSDT,1.0,4.06e-06,4.07e-06,4.065e-06,24.630541871921707,8827976499,4.06e-06,4.07e-06,221,15,235832.84118899007,219389.5436309601,74355.39662447998,245598.4415002201,99.5673994,1883.99573661,120922.928553,96668.62279404,279250.85068635,236322.69615804002,605001.12982227,544854.13174681,1005465.6234718199,1212335.8848334602
2026-10-07T22:01:12.503917+00:00,obs-20261007-01,LIGHT,BNBUSDT,1.0,769.79,769.8,769.795,0.12990555865899367,20910023614,769.79,769.8,372,141,3263707.5981899975,3241142.103210002,3349335.466359997,3048962.470520001,26792.142409999997,20882.16414,809424.7513099998,832660.72888,1525636.339319999,1634024.9471700008,3295910.2356799976,4478121.4095399985,6061599.120380007,5583049.094579995
2026-10-07T22:01:12.503917+00:00,obs-20261007-01,LIGHT,AAVEUSDT,1.0,172.96,172.97,172.965,0.5781683626260303,10439601910,172.96,172.97,263,60,1057626.7322900004,316516.13080999994,1081388.0072399995,308653.34225999995,5249.517639999999,7116.41209,160220.02067000003,69303.44046999997,279752.26122,121890.06633999992,359417.72707999975,192062.7810299999,886906.1451099997,223704.17287999985
2026-10-07T22:01:12.503917+00:00,obs-20261007-01,LIGHT,AVAXUSDT,1.0,10.966,10.967,10.9665,0.9119095385745624,10520134504,10.966,10.967,508,760,2231047.71572,791143.1433599993,2132827.41373,793693.4262399995,25192.87107000005,75119.18909000001,190899.75969,59290.45125000003,292442.60942,109164.08750000001,472415.96523000003,124089.76287999997,601857.1790299995,134119.31299999997
2026-10-07T22:01:12.503917+00:00,obs-20261007-01,LIGHT,FILUSDT,1.0,1.0373,1.0374,1.03735,0.9640412609668303,9895453860,1.0373,1.0374,298,25,257118.62245999993,138437.354037,192934.47585199997,168336.92496400003,899.792961,2466.8624029999996,107171.82642000001,70155.64169499998,176070.38738400003,136021.57032199999,274879.27139300015,183157.746365,355737.68225900026,223958.3403070001
2026-10-07T22:01:12.503917+00:00,obs-20261007-01,LIGHT,ALGOUSDT,1.0,0.1177,0.1178,0.11775,8.49617672047609,5664463058,0.1177,0.1178,175,4,35692.14639999999,21177.328799999992,29801.212799999994,22231.9868,98.7503,186.12400000000002,53727.08899999999,23102.5882,103837.0716,71304.055,147578.64479999998,103425.2952,185915.47119999994,118879.84869999997
2026-10-07T22:01:12.503917+00:00,obs-20261007-01,LIGHT,XRPUSDT,1.0,1.4157,1.4158,1.41575,0.7063643427285271,26677841910,1.4157,1.4158,492,81,3283098.5088500003,3453316.14619,3142999.911449998,3610057.2229300034,18869.614689999995,26378.670659999996,823501.55926,744725.1201,1448014.1339200002,999206.87048,2400722.413049999,1821950.6846599998,3892249.5054599997,1961923.4986899998
2026-10-07T22:01:12.503917+00:00,obs-20261007-01,LIGHT,HBARUSDT,1.0,0.09253,0.09254,0.092535,1.0807305738680384,8393161954,0.09253,0.09254,225,20,503613.12275,506042.30253,451946.4015400001,515365.32386999996,1665.38404,4353.80717,155091.00369999997,108300.83971999999,290522.46864000004,205537.96190999995,451290.8898200001,347447.77700999996,935557.1501500001,688216.3567
